Season,Week,Event ID,Commence Time,Bookmaker,Last Update,Away,Home,Market,Team / Side,Line,American Odds,Raw Implied,Pair Key,No-Vig Implied,Source URL
2026,1,e55c6fe19fce094ce214c8b0e5b504e9,2026-09-13T17:03:55Z,DraftKings,2026-09-13T17:22:54Z,Cleveland Browns,Jacksonville Jaguars,h2h,Cleveland Browns,,870,0.10309278,draftkings|e55c6fe19fce094ce214c8b0e5b504e9|h2h|event,0.09922401,https://api.the-odds-api.com/v4/sports/americanfootball_nfl
2026,1,e55c6fe19fce094ce214c8b0e5b504e9,2026-09-13T17:03:55Z,DraftKings,2026-09-13T17:22:54Z,Cleveland Browns,Jacksonville Jaguars,h2h,Jacksonville Jaguars,,-1460,0.93589744,draftkings|e55c6fe19fce094ce214c8b0e5b504e9|h2h|event,0.90077599,https://api.the-odds-api.com/v4/sports/americanfootball_nfl
2026,1,e55c6fe19fce094ce214c8b0e5b504e9,2026-09-13T17:03:55Z,DraftKings,2026-09-13T17:22:54Z,Cleveland Browns,Jacksonville Jaguars,spreads,Cleveland Browns,17.5,-125,0.55555556,draftkings|e55c6fe19fce094ce214c8b0e5b504e9|spreads|event,0.52030457,https://api.the-odds-api.com/v4/sports/americanfootball_nfl
2026,1,e55c6fe19fce094ce214c8b0e5b504e9,2026-09-13T17:03:55Z,DraftKings,2026-09-13T17:22:54Z,Cleveland Browns,Jacksonville Jaguars,spreads,Jacksonville Jaguars,-17.5,-105,0.51219512,draftkings|e55c6fe19fce094ce214c8b0e5b504e9|spreads|event,0.47969543,https://api.the-odds-api.com/v4/sports/americanfootball_nfl
2026,1,e55c6fe19fce094ce214c8b0e5b504e9,2026-09-13T17:03:55Z,DraftKings,2026-09-13T17:22:54Z,Cleveland Browns,Jacksonville Jaguars,totals,Over,41.5,-107,0.51690821,draftkings|e55c6fe19fce094ce214c8b0e5b504e9|totals|41.5,0.48378005,https://api.the-odds-api.com/v4/sports/americanfootball_nfl
2026,1,e55c6fe19fce094ce214c8b0e5b504e9,2026-09-13T17:03:55Z,DraftKings,2026-09-13T17:22:54Z,Cleveland Browns,Jacksonville Jaguars,totals,Under,41.5,-123,0.55156951,draftkings|e55c6fe19fce094ce214c8b0e5b504e9|totals|41.5,0.51621995,https://api.the-odds-api.com/v4/sports/americanfootball_nfl
2026,1,e55c6fe19fce094ce214c8b0e5b504e9,2026-09-13T17:03:55Z,FanDuel,2026-09-13T17:23:23Z,Cleveland Browns,Jacksonville Jaguars,h2h,Cleveland Browns,,900,0.1,fanduel|e55c6fe19fce094ce214c8b0e5b504e9|h2h|event,0.0942029,https://api.the-odds-api.com/v4/sports/americanfootball_nfl
2026,1,e55c6fe19fce094ce214c8b0e5b504e9,2026-09-13T17:03:55Z,FanDuel,2026-09-13T17:23:23Z,Cleveland Browns,Jacksonville Jaguars,h2h,Jacksonville Jaguars,,-2500,0.96153846,fanduel|e55c6fe19fce094ce214c8b0e5b504e9|h2h|event,0.9057971,https://api.the-odds-api.com/v4/sports/americanfootball_nfl
2026,1,e55c6fe19fce094ce214c8b0e5b504e9,2026-09-13T17:03:55Z,FanDuel,2026-09-13T17:23:23Z,Cleveland Browns,Jacksonville Jaguars,spreads,Cleveland Browns,16.5,-112,0.52830189,fanduel|e55c6fe19fce094ce214c8b0e5b504e9|spreads|event,0.49393106,https://api.the-odds-api.com/v4/sports/americanfootball_nfl
2026,1,e55c6fe19fce094ce214c8b0e5b504e9,2026-09-13T17:03:55Z,FanDuel,2026-09-13T17:23:23Z,Cleveland Browns,Jacksonville Jaguars,spreads,Jacksonville Jaguars,-16.5,-118,0.5412844,fanduel|e55c6fe19fce094ce214c8b0e5b504e9|spreads|event,0.50606894,https://api.the-odds-api.com/v4/sports/americanfootball_nfl
2026,1,e55c6fe19fce094ce214c8b0e5b504e9,2026-09-13T17:03:55Z,FanDuel,2026-09-13T17:23:23Z,Cleveland Browns,Jacksonville Jaguars,totals,Over,43.5,-104,0.50980392,fanduel|e55c6fe19fce094ce214c8b0e5b504e9|totals|43.5,0.47591522,https://api.the-odds-api.com/v4/sports/americanfootball_nfl
2026,1,e55c6fe19fce094ce214c8b0e5b504e9,2026-09-13T17:03:55Z,FanDuel,2026-09-13T17:23:23Z,Cleveland Browns,Jacksonville Jaguars,totals,Under,43.5,-128,0.56140351,fanduel|e55c6fe19fce094ce214c8b0e5b504e9|totals|43.5,0.52408478,https://api.the-odds-api.com/v4/sports/americanfootball_nfl
2026,1,e55c6fe19fce094ce214c8b0e5b504e9,2026-09-13T17:03:55Z,BetRivers,2026-09-13T17:22:54Z,Cleveland Browns,Jacksonville Jaguars,h2h,Cleveland Browns,,900,0.1,betrivers|e55c6fe19fce094ce214c8b0e5b504e9|h2h|event,0.0942029,https://api.the-odds-api.com/v4/sports/americanfootball_nfl
2026,1,e55c6fe19fce094ce214c8b0e5b504e9,2026-09-13T17:03:55Z,BetRivers,2026-09-13T17:22:54Z,Cleveland Browns,Jacksonville Jaguars,h2h,Jacksonville Jaguars,,-2500,0.96153846,betrivers|e55c6fe19fce094ce214c8b0e5b504e9|h2h|event,0.9057971,https://api.the-odds-api.com/v4/sports/americanfootball_nfl
2026,1,e55c6fe19fce094ce214c8b0e5b504e9,2026-09-13T17:03:55Z,BetRivers,2026-09-13T17:22:54Z,Cleveland Browns,Jacksonville Jaguars,spreads,Cleveland Browns,17.0,-115,0.53488372,betrivers|e55c6fe19fce094ce214c8b0e5b504e9|spreads|event,0.50309533,https://api.the-odds-api.com/v4/sports/americanfootball_nfl
2026,1,e55c6fe19fce094ce214c8b0e5b504e9,2026-09-13T17:03:55Z,BetRivers,2026-09-13T17:22:54Z,Cleveland Browns,Jacksonville Jaguars,spreads,Jacksonville Jaguars,-17.0,-112,0.52830189,betrivers|e55c6fe19fce094ce214c8b0e5b504e9|spreads|event,0.49690467,https://api.the-odds-api.com/v4/sports/americanfootball_nfl
2026,1,e55c6fe19fce094ce214c8b0e5b504e9,2026-09-13T17:03:55Z,BetRivers,2026-09-13T17:22:54Z,Cleveland Browns,Jacksonville Jaguars,totals,Over,42.0,-114,0.53271028,betrivers|e55c6fe19fce094ce214c8b0e5b504e9|totals|42.0,0.5,https://api.the-odds-api.com/v4/sports/americanfootball_nfl
2026,1,e55c6fe19fce094ce214c8b0e5b504e9,2026-09-13T17:03:55Z,BetRivers,2026-09-13T17:22:54Z,Cleveland Browns,Jacksonville Jaguars,totals,Under,42.0,-114,0.53271028,betrivers|e55c6fe19fce094ce214c8b0e5b504e9|totals|42.0,0.5,https://api.the-odds-api.com/v4/sports/americanfootball_nfl
2026,1,e55c6fe19fce094ce214c8b0e5b504e9,2026-09-13T17:03:55Z,BetMGM,2026-09-13T17:23:22Z,Cleveland Browns,Jacksonville Jaguars,h2h,Cleveland Browns,,950,0.0952381,betmgm|e55c6fe19fce094ce214c8b0e5b504e9|h2h|event,0.0909091,https://api.the-odds-api.com/v4/sports/americanfootball_nfl
2026,1,e55c6fe19fce094ce214c8b0e5b504e9,2026-09-13T17:03:55Z,BetMGM,2026-09-13T17:23:22Z,Cleveland Browns,Jacksonville Jaguars,h2h,Jacksonville Jaguars,,-2000,0.95238095,betmgm|e55c6fe19fce094ce214c8b0e5b504e9|h2h|event,0.9090909,https://api.the-odds-api.com/v4/sports/americanfootball_nfl
2026,1,e55c6fe19fce094ce214c8b0e5b504e9,2026-09-13T17:03:55Z,BetMGM,2026-09-13T17:23:22Z,Cleveland Browns,Jacksonville Jaguars,spreads,Cleveland Browns,17.5,-120,0.54545455,betmgm|e55c6fe19fce094ce214c8b0e5b504e9|spreads|event,0.51231527,https://api.the-odds-api.com/v4/sports/americanfootball_nfl
2026,1,e55c6fe19fce094ce214c8b0e5b504e9,2026-09-13T17:03:55Z,BetMGM,2026-09-13T17:23:22Z,Cleveland Browns,Jacksonville Jaguars,spreads,Jacksonville Jaguars,-17.5,-108,0.51923077,betmgm|e55c6fe19fce094ce214c8b0e5b504e9|spreads|event,0.48768473,https://api.the-odds-api.com/v4/sports/americanfootball_nfl
2026,1,e55c6fe19fce094ce214c8b0e5b504e9,2026-09-13T17:03:55Z,BetMGM,2026-09-13T17:23:22Z,Cleveland Browns,Jacksonville Jaguars,totals,Over,41.5,100,0.5,betmgm|e55c6fe19fce094ce214c8b0e5b504e9|totals|41.5,0.47826087,https://api.the-odds-api.com/v4/sports/americanfootball_nfl
2026,1,e55c6fe19fce094ce214c8b0e5b504e9,2026-09-13T17:03:55Z,BetMGM,2026-09-13T17:23:22Z,Cleveland Browns,Jacksonville Jaguars,totals,Under,41.5,-120,0.54545455,betmgm|e55c6fe19fce094ce214c8b0e5b504e9|totals|41.5,0.52173913,https://api.the-odds-api.com/v4/sports/americanfootball_nfl
2026,1,e55c6fe19fce094ce214c8b0e5b504e9,2026-09-13T17:03:55Z,Bovada,2026-09-13T17:22:10Z,Cleveland Browns,Jacksonville Jaguars,h2h,Cleveland Browns,,900,0.1,bovada|e55c6fe19fce094ce214c8b0e5b504e9|h2h|event,0.09502262,https://api.the-odds-api.com/v4/sports/americanfootball_nfl
2026,1,e55c6fe19fce094ce214c8b0e5b504e9,2026-09-13T17:03:55Z,Bovada,2026-09-13T17:22:10Z,Cleveland Browns,Jacksonville Jaguars,h2h,Jacksonville Jaguars,,-2000,0.95238095,bovada|e55c6fe19fce094ce214c8b0e5b504e9|h2h|event,0.90497738,https://api.the-odds-api.com/v4/sports/americanfootball_nfl
2026,1,e55c6fe19fce094ce214c8b0e5b504e9,2026-09-13T17:03:55Z,Bovada,2026-09-13T17:22:10Z,Cleveland Browns,Jacksonville Jaguars,spreads,Cleveland Browns,16.5,100,0.5,bovada|e55c6fe19fce094ce214c8b0e5b504e9|spreads|event,0.46938776,https://api.the-odds-api.com/v4/sports/americanfootball_nfl
2026,1,e55c6fe19fce094ce214c8b0e5b504e9,2026-09-13T17:03:55Z,Bovada,2026-09-13T17:22:10Z,Cleveland Browns,Jacksonville Jaguars,spreads,Jacksonville Jaguars,-16.5,-130,0.56521739,bovada|e55c6fe19fce094ce214c8b0e5b504e9|spreads|event,0.53061224,https://api.the-odds-api.com/v4/sports/americanfootball_nfl
2026,1,e55c6fe19fce094ce214c8b0e5b504e9,2026-09-13T17:03:55Z,Bovada,2026-09-13T17:22:10Z,Cleveland Browns,Jacksonville Jaguars,totals,Over,43.5,-115,0.53488372,bovada|e55c6fe19fce094ce214c8b0e5b504e9|totals|43.5,0.5,https://api.the-odds-api.com/v4/sports/americanfootball_nfl
2026,1,e55c6fe19fce094ce214c8b0e5b504e9,2026-09-13T17:03:55Z,Bovada,2026-09-13T17:22:10Z,Cleveland Browns,Jacksonville Jaguars,totals,Under,43.5,-115,0.53488372,bovada|e55c6fe19fce094ce214c8b0e5b504e9|totals|43.5,0.5,https://api.the-odds-api.com/v4/sports/americanfootball_nfl
2026,1,e55c6fe19fce094ce214c8b0e5b504e9,2026-09-13T17:03:55Z,MyBookie.ag,2026-09-13T17:21:40Z,Cleveland Browns,Jacksonville Jaguars,h2h,Cleveland Browns,,725,0.12121212,mybookieag|e55c6fe19fce094ce214c8b0e5b504e9|h2h|event,0.11575563,https://api.the-odds-api.com/v4/sports/americanfootball_nfl
2026,1,e55c6fe19fce094ce214c8b0e5b504e9,2026-09-13T17:03:55Z,MyBookie.ag,2026-09-13T17:21:40Z,Cleveland Browns,Jacksonville Jaguars,h2h,Jacksonville Jaguars,,-1250,0.92592593,mybookieag|e55c6fe19fce094ce214c8b0e5b504e9|h2h|event,0.88424437,https://api.the-odds-api.com/v4/sports/americanfootball_nfl
2026,1,e55c6fe19fce094ce214c8b0e5b504e9,2026-09-13T17:03:55Z,MyBookie.ag,2026-09-13T17:21:40Z,Cleveland Browns,Jacksonville Jaguars,spreads,Cleveland Browns,14.5,-111,0.52606635,mybookieag|e55c6fe19fce094ce214c8b0e5b504e9|spreads|event,0.49287111,https://api.the-odds-api.com/v4/sports/americanfootball_nfl
2026,1,e55c6fe19fce094ce214c8b0e5b504e9,2026-09-13T17:03:55Z,MyBookie.ag,2026-09-13T17:21:40Z,Cleveland Browns,Jacksonville Jaguars,spreads,Jacksonville Jaguars,-14.5,-118,0.5412844,mybookieag|e55c6fe19fce094ce214c8b0e5b504e9|spreads|event,0.50712889,https://api.the-odds-api.com/v4/sports/americanfootball_nfl
2026,1,e55c6fe19fce094ce214c8b0e5b504e9,2026-09-13T17:03:55Z,MyBookie.ag,2026-09-13T17:21:40Z,Cleveland Browns,Jacksonville Jaguars,totals,Over,43.5,-105,0.51219512,mybookieag|e55c6fe19fce094ce214c8b0e5b504e9|totals|43.5,0.48619371,https://api.the-odds-api.com/v4/sports/americanfootball_nfl
2026,1,e55c6fe19fce094ce214c8b0e5b504e9,2026-09-13T17:03:55Z,MyBookie.ag,2026-09-13T17:21:40Z,Cleveland Browns,Jacksonville Jaguars,totals,Under,43.5,-118,0.5412844,mybookieag|e55c6fe19fce094ce214c8b0e5b504e9|totals|43.5,0.51380629,https://api.the-odds-api.com/v4/sports/americanfootball_nfl
2026,1,ed6d24ff979f9c71979fead577b0b3f7,2026-09-13T17:03:58Z,DraftKings,2026-09-13T17:22:54Z,Tampa Bay Buccaneers,Cincinnati Bengals,h2h,Cincinnati Bengals,,-144,0.59016393,draftkings|ed6d24ff979f9c71979fead577b0b3f7|h2h|event,0.55226071,https://api.the-odds-api.com/v4/sports/americanfootball_nfl
2026,1,ed6d24ff979f9c71979fead577b0b3f7,2026-09-13T17:03:58Z,DraftKings,2026-09-13T17:22:54Z,Tampa Bay Buccaneers,Cincinnati Bengals,h2h,Tampa Bay Buccaneers,,109,0.4784689,draftkings|ed6d24ff979f9c71979fead577b0b3f7|h2h|event,0.44773929,https://api.the-odds-api.com/v4/sports/americanfootball_nfl
2026,1,ed6d24ff979f9c71979fead577b0b3f7,2026-09-13T17:03:58Z,DraftKings,2026-09-13T17:22:54Z,Tampa Bay Buccaneers,Cincinnati Bengals,spreads,Cincinnati Bengals,-2.5,-109,0.5215311,draftkings|ed6d24ff979f9c71979fead577b0b3f7|spreads|event,0.48878924,https://api.the-odds-api.com/v4/sports/americanfootball_nfl
2026,1,ed6d24ff979f9c71979fead577b0b3f7,2026-09-13T17:03:58Z,DraftKings,2026-09-13T17:22:54Z,Tampa Bay Buccaneers,Cincinnati Bengals,spreads,Tampa Bay Buccaneers,2.5,-120,0.54545455,draftkings|ed6d24ff979f9c71979fead577b0b3f7|spreads|event,0.51121076,https://api.the-odds-api.com/v4/sports/americanfootball_nfl
2026,1,ed6d24ff979f9c71979fead577b0b3f7,2026-09-13T17:03:58Z,DraftKings,2026-09-13T17:22:54Z,Tampa Bay Buccaneers,Cincinnati Bengals,totals,Over,48.5,-115,0.53488372,draftkings|ed6d24ff979f9c71979fead577b0b3f7|totals|48.5,0.5,https://api.the-odds-api.com/v4/sports/americanfootball_nfl
2026,1,ed6d24ff979f9c71979fead577b0b3f7,2026-09-13T17:03:58Z,DraftKings,2026-09-13T17:22:54Z,Tampa Bay Buccaneers,Cincinnati Bengals,totals,Under,48.5,-115,0.53488372,draftkings|ed6d24ff979f9c71979fead577b0b3f7|totals|48.5,0.5,https://api.the-odds-api.com/v4/sports/americanfootball_nfl
2026,1,ed6d24ff979f9c71979fead577b0b3f7,2026-09-13T17:03:58Z,FanDuel,2026-09-13T17:23:24Z,Tampa Bay Buccaneers,Cincinnati Bengals,h2h,Cincinnati Bengals,,-122,0.54954955,fanduel|ed6d24ff979f9c71979fead577b0b3f7|h2h|event,0.51875938,https://api.the-odds-api.com/v4/sports/americanfootball_nfl
2026,1,ed6d24ff979f9c71979fead577b0b3f7,2026-09-13T17:03:58Z,FanDuel,2026-09-13T17:23:24Z,Tampa Bay Buccaneers,Cincinnati Bengals,h2h,Tampa Bay Buccaneers,,-104,0.50980392,fanduel|ed6d24ff979f9c71979fead577b0b3f7|h2h|event,0.48124062,https://api.the-odds-api.com/v4/sports/americanfootball_nfl
2026,1,ed6d24ff979f9c71979fead577b0b3f7,2026-09-13T17:03:58Z,FanDuel,2026-09-13T17:23:24Z,Tampa Bay Buccaneers,Cincinnati Bengals,spreads,Cincinnati Bengals,-1.5,-106,0.51456311,fanduel|ed6d24ff979f9c71979fead577b0b3f7|spreads|event,0.48084677,https://api.the-odds-api.com/v4/sports/americanfootball_nfl
2026,1,ed6d24ff979f9c71979fead577b0b3f7,2026-09-13T17:03:58Z,FanDuel,2026-09-13T17:23:24Z,Tampa Bay Buccaneers,Cincinnati Bengals,spreads,Tampa Bay Buccaneers,1.5,-125,0.55555556,fanduel|ed6d24ff979f9c71979fead577b0b3f7|spreads|event,0.51915323,https://api.the-odds-api.com/v4/sports/americanfootball_nfl
2026,1,ed6d24ff979f9c71979fead577b0b3f7,2026-09-13T17:03:58Z,FanDuel,2026-09-13T17:23:24Z,Tampa Bay Buccaneers,Cincinnati Bengals,totals,Over,47.5,-112,0.52830189,fanduel|ed6d24ff979f9c71979fead577b0b3f7|totals|47.5,0.49393106,https://api.the-odds-api.com/v4/sports/americanfootball_nfl
2026,1,ed6d24ff979f9c71979fead577b0b3f7,2026-09-13T17:03:58Z,FanDuel,2026-09-13T17:23:24Z,Tampa Bay Buccaneers,Cincinnati Bengals,totals,Under,47.5,-118,0.5412844,fanduel|ed6d24ff979f9c71979fead577b0b3f7|totals|47.5,0.50606894,https://api.the-odds-api.com/v4/sports/americanfootball_nfl
2026,1,ed6d24ff979f9c71979fead577b0b3f7,2026-09-13T17:03:58Z,BetRivers,2026-09-13T17:22:54Z,Tampa Bay Buccaneers,Cincinnati Bengals,h2h,Cincinnati Bengals,,-136,0.57627119,betrivers|ed6d24ff979f9c71979fead577b0b3f7|h2h|event,0.54397898,https://api.the-odds-api.com/v4/sports/americanfootball_nfl
2026,1,ed6d24ff979f9c71979fead577b0b3f7,2026-09-13T17:03:58Z,BetRivers,2026-09-13T17:22:54Z,Tampa Bay Buccaneers,Cincinnati Bengals,h2h,Tampa Bay Buccaneers,,107,0.48309179,betrivers|ed6d24ff979f9c71979fead577b0b3f7|h2h|event,0.45602102,https://api.the-odds-api.com/v4/sports/americanfootball_nfl
2026,1,ed6d24ff979f9c71979fead577b0b3f7,2026-09-13T17:03:58Z,BetRivers,2026-09-13T17:22:54Z,Tampa Bay Buccaneers,Cincinnati Bengals,spreads,Cincinnati Bengals,-1.5,-118,0.5412844,betrivers|ed6d24ff979f9c71979fead577b0b3f7|spreads|event,0.50820345,https://api.the-odds-api.com/v4/sports/americanfootball_nfl
2026,1,ed6d24ff979f9c71979fead577b0b3f7,2026-09-13T17:03:58Z,BetRivers,2026-09-13T17:22:54Z,Tampa Bay Buccaneers,Cincinnati Bengals,spreads,Tampa Bay Buccaneers,1.5,-110,0.52380952,betrivers|ed6d24ff979f9c71979fead577b0b3f7|spreads|event,0.49179655,https://api.the-odds-api.com/v4/sports/americanfootball_nfl
2026,1,ed6d24ff979f9c71979fead577b0b3f7,2026-09-13T17:03:58Z,BetRivers,2026-09-13T17:22:54Z,Tampa Bay Buccaneers,Cincinnati Bengals,totals,Over,48.0,-113,0.53051643,betrivers|ed6d24ff979f9c71979fead577b0b3f7|totals|48.0,0.4979504,https://api.the-odds-api.com/v4/sports/americanfootball_nfl
2026,1,ed6d24ff979f9c71979fead577b0b3f7,2026-09-13T17:03:58Z,BetRivers,2026-09-13T17:22:54Z,Tampa Bay Buccaneers,Cincinnati Bengals,totals,Under,48.0,-115,0.53488372,betrivers|ed6d24ff979f9c71979fead577b0b3f7|totals|48.0,0.5020496,https://api.the-odds-api.com/v4/sports/americanfootball_nfl
2026,1,ed6d24ff979f9c71979fead577b0b3f7,2026-09-13T17:03:58Z,BetMGM,2026-09-13T17:23:22Z,Tampa Bay Buccaneers,Cincinnati Bengals,h2h,Cincinnati Bengals,,-130,0.56521739,betmgm|ed6d24ff979f9c71979fead577b0b3f7|h2h|event,0.54274354,https://api.the-odds-api.com/v4/sports/americanfootball_nfl
2026,1,ed6d24ff979f9c71979fead577b0b3f7,2026-09-13T17:03:58Z,BetMGM,2026-09-13T17:23:22Z,Tampa Bay Buccaneers,Cincinnati Bengals,h2h,Tampa Bay Buccaneers,,110,0.47619048,betmgm|ed6d24ff979f9c71979fead577b0b3f7|h2h|event,0.45725646,https://api.the-odds-api.com/v4/sports/americanfootball_nfl
2026,1,ed6d24ff979f9c71979fead577b0b3f7,2026-09-13T17:03:58Z,BetMGM,2026-09-13T17:23:22Z,Tampa Bay Buccaneers,Cincinnati Bengals,spreads,Cincinnati Bengals,-1.5,-108,0.51923077,betmgm|ed6d24ff979f9c71979fead577b0b3f7|spreads|event,0.49780509,https://api.the-odds-api.com/v4/sports/americanfootball_nfl
2026,1,ed6d24ff979f9c71979fead577b0b3f7,2026-09-13T17:03:58Z,BetMGM,2026-09-13T17:23:22Z,Tampa Bay Buccaneers,Cincinnati Bengals,spreads,Tampa Bay Buccaneers,1.5,-110,0.52380952,betmgm|ed6d24ff979f9c71979fead577b0b3f7|spreads|event,0.50219491,https://api.the-odds-api.com/v4/sports/americanfootball_nfl
2026,1,ed6d24ff979f9c71979fead577b0b3f7,2026-09-13T17:03:58Z,BetMGM,2026-09-13T17:23:22Z,Tampa Bay Buccaneers,Cincinnati Bengals,totals,Over,48.5,-110,0.52380952,betmgm|ed6d24ff979f9c71979fead577b0b3f7|totals|48.5,0.48987854,https://api.the-odds-api.com/v4/sports/americanfootball_nfl
2026,1,ed6d24ff979f9c71979fead577b0b3f7,2026-09-13T17:03:58Z,BetMGM,2026-09-13T17:23:22Z,Tampa Bay Buccaneers,Cincinnati Bengals,totals,Under,48.5,-120,0.54545455,betmgm|ed6d24ff979f9c71979fead577b0b3f7|totals|48.5,0.51012146,https://api.the-odds-api.com/v4/sports/americanfootball_nfl
2026,1,ed6d24ff979f9c71979fead577b0b3f7,2026-09-13T17:03:58Z,Bovada,2026-09-13T17:22:10Z,Tampa Bay Buccaneers,Cincinnati Bengals,h2h,Cincinnati Bengals,,-130,0.56521739,bovada|ed6d24ff979f9c71979fead577b0b3f7|h2h|event,0.53061224,https://api.the-odds-api.com/v4/sports/americanfootball_nfl
2026,1,ed6d24ff979f9c71979fead577b0b3f7,2026-09-13T17:03:58Z,Bovada,2026-09-13T17:22:10Z,Tampa Bay Buccaneers,Cincinnati Bengals,h2h,Tampa Bay Buccaneers,,100,0.5,bovada|ed6d24ff979f9c71979fead577b0b3f7|h2h|event,0.46938776,https://api.the-odds-api.com/v4/sports/americanfootball_nfl
2026,1,ed6d24ff979f9c71979fead577b0b3f7,2026-09-13T17:03:58Z,Bovada,2026-09-13T17:22:10Z,Tampa Bay Buccaneers,Cincinnati Bengals,spreads,Cincinnati Bengals,-1.5,105,0.48780488,bovada|ed6d24ff979f9c71979fead577b0b3f7|spreads|event,0.4592086,https://api.the-odds-api.com/v4/sports/americanfootball_nfl
2026,1,ed6d24ff979f9c71979fead577b0b3f7,2026-09-13T17:03:58Z,Bovada,2026-09-13T17:22:10Z,Tampa Bay Buccaneers,Cincinnati Bengals,spreads,Tampa Bay Buccaneers,1.5,-135,0.57446809,bovada|ed6d24ff979f9c71979fead577b0b3f7|spreads|event,0.5407914,https://api.the-odds-api.com/v4/sports/americanfootball_nfl
2026,1,ed6d24ff979f9c71979fead577b0b3f7,2026-09-13T17:03:58Z,Bovada,2026-09-13T17:22:10Z,Tampa Bay Buccaneers,Cincinnati Bengals,totals,Over,47.5,-115,0.53488372,bovada|ed6d24ff979f9c71979fead577b0b3f7|totals|47.5,0.5,https://api.the-odds-api.com/v4/sports/americanfootball_nfl
2026,1,ed6d24ff979f9c71979fead577b0b3f7,2026-09-13T17:03:58Z,Bovada,2026-09-13T17:22:10Z,Tampa Bay Buccaneers,Cincinnati Bengals,totals,Under,47.5,-115,0.53488372,bovada|ed6d24ff979f9c71979fead577b0b3f7|totals|47.5,0.5,https://api.the-odds-api.com/v4/sports/americanfootball_nfl
2026,1,ed6d24ff979f9c71979fead577b0b3f7,2026-09-13T17:03:58Z,MyBookie.ag,2026-09-13T17:21:40Z,Tampa Bay Buccaneers,Cincinnati Bengals,h2h,Cincinnati Bengals,,-133,0.57081545,mybookieag|ed6d24ff979f9c71979fead577b0b3f7|h2h|event,0.53920696,https://api.the-odds-api.com/v4/sports/americanfootball_nfl
2026,1,ed6d24ff979f9c71979fead577b0b3f7,2026-09-13T17:03:58Z,MyBookie.ag,2026-09-13T17:21:40Z,Tampa Bay Buccaneers,Cincinnati Bengals,h2h,Tampa Bay Buccaneers,,105,0.48780488,mybookieag|ed6d24ff979f9c71979fead577b0b3f7|h2h|event,0.46079304,https://api.the-odds-api.com/v4/sports/americanfootball_nfl
2026,1,ed6d24ff979f9c71979fead577b0b3f7,2026-09-13T17:03:58Z,MyBookie.ag,2026-09-13T17:21:40Z,Tampa Bay Buccaneers,Cincinnati Bengals,spreads,Cincinnati Bengals,-1.5,-111,0.52606635,mybookieag|ed6d24ff979f9c71979fead577b0b3f7|spreads|event,0.5,https://api.the-odds-api.com/v4/sports/americanfootball_nfl
2026,1,ed6d24ff979f9c71979fead577b0b3f7,2026-09-13T17:03:58Z,MyBookie.ag,2026-09-13T17:21:40Z,Tampa Bay Buccaneers,Cincinnati Bengals,spreads,Tampa Bay Buccaneers,1.5,-111,0.52606635,mybookieag|ed6d24ff979f9c71979fead577b0b3f7|spreads|event,0.5,https://api.the-odds-api.com/v4/sports/americanfootball_nfl
2026,1,ed6d24ff979f9c71979fead577b0b3f7,2026-09-13T17:03:58Z,MyBookie.ag,2026-09-13T17:21:40Z,Tampa Bay Buccaneers,Cincinnati Bengals,totals,Over,48.5,-111,0.52606635,mybookieag|ed6d24ff979f9c71979fead577b0b3f7|totals|48.5,0.49287111,https://api.the-odds-api.com/v4/sports/americanfootball_nfl
2026,1,ed6d24ff979f9c71979fead577b0b3f7,2026-09-13T17:03:58Z,MyBookie.ag,2026-09-13T17:21:40Z,Tampa Bay Buccaneers,Cincinnati Bengals,totals,Under,48.5,-118,0.5412844,mybookieag|ed6d24ff979f9c71979fead577b0b3f7|totals|48.5,0.50712889,https://api.the-odds-api.com/v4/sports/americanfootball_nfl
2026,1,95c01d1bb797d6df14824b106c5a9130,2026-09-13T17:04:05Z,DraftKings,2026-09-13T17:22:54Z,Atlanta Falcons,Pittsburgh Steelers,h2h,Atlanta Falcons,,233,0.3003003,draftkings|95c01d1bb797d6df14824b106c5a9130|h2h|event,0.28332471,https://api.the-odds-api.com/v4/sports/americanfootball_nfl
2026,1,95c01d1bb797d6df14824b106c5a9130,2026-09-13T17:04:05Z,DraftKings,2026-09-13T17:22:54Z,Atlanta Falcons,Pittsburgh Steelers,h2h,Pittsburgh Steelers,,-316,0.75961538,draftkings|95c01d1bb797d6df14824b106c5a9130|h2h|event,0.71667529,https://api.the-odds-api.com/v4/sports/americanfootball_nfl
2026,1,95c01d1bb797d6df14824b106c5a9130,2026-09-13T17:04:05Z,DraftKings,2026-09-13T17:22:54Z,Atlanta Falcons,Pittsburgh Steelers,spreads,Atlanta Falcons,6.5,-115,0.53488372,draftkings|95c01d1bb797d6df14824b106c5a9130|spreads|event,0.5,https://api.the-odds-api.com/v4/sports/americanfootball_nfl
2026,1,95c01d1bb797d6df14824b106c5a9130,2026-09-13T17:04:05Z,DraftKings,2026-09-13T17:22:54Z,Atlanta Falcons,Pittsburgh Steelers,spreads,Pittsburgh Steelers,-6.5,-115,0.53488372,draftkings|95c01d1bb797d6df14824b106c5a9130|spreads|event,0.5,https://api.the-odds-api.com/v4/sports/americanfootball_nfl
2026,1,95c01d1bb797d6df14824b106c5a9130,2026-09-13T17:04:05Z,DraftKings,2026-09-13T17:22:54Z,Atlanta Falcons,Pittsburgh Steelers,totals,Over,39.5,-106,0.51456311,draftkings|95c01d1bb797d6df14824b106c5a9130|totals|39.5,0.48173998,https://api.the-odds-api.com/v4/sports/americanfootball_nfl
2026,1,95c01d1bb797d6df14824b106c5a9130,2026-09-13T17:04:05Z,DraftKings,2026-09-13T17:22:54Z,Atlanta Falcons,Pittsburgh Steelers,totals,Under,39.5,-124,0.55357143,draftkings|95c01d1bb797d6df14824b106c5a9130|totals|39.5,0.51826002,https://api.the-odds-api.com/v4/sports/americanfootball_nfl
2026,1,95c01d1bb797d6df14824b106c5a9130,2026-09-13T17:04:05Z,BetRivers,2026-09-13T17:22:54Z,Atlanta Falcons,Pittsburgh Steelers,h2h,Atlanta Falcons,,215,0.31746032,betrivers|95c01d1bb797d6df14824b106c5a9130|h2h|event,0.29994561,https://api.the-odds-api.com/v4/sports/americanfootball_nfl
2026,1,95c01d1bb797d6df14824b106c5a9130,2026-09-13T17:04:05Z,BetRivers,2026-09-13T17:22:54Z,Atlanta Falcons,Pittsburgh Steelers,h2h,Pittsburgh Steelers,,-286,0.74093264,betrivers|95c01d1bb797d6df14824b106c5a9130|h2h|event,0.70005439,https://api.the-odds-api.com/v4/sports/americanfootball_nfl
2026,1,95c01d1bb797d6df14824b106c5a9130,2026-09-13T17:04:05Z,BetRivers,2026-09-13T17:22:54Z,Atlanta Falcons,Pittsburgh Steelers,spreads,Atlanta Falcons,6.5,-113,0.53051643,betrivers|95c01d1bb797d6df14824b106c5a9130|spreads|event,0.4979504,https://api.the-odds-api.com/v4/sports/americanfootball_nfl
2026,1,95c01d1bb797d6df14824b106c5a9130,2026-09-13T17:04:05Z,BetRivers,2026-09-13T17:22:54Z,Atlanta Falcons,Pittsburgh Steelers,spreads,Pittsburgh Steelers,-6.5,-115,0.53488372,betrivers|95c01d1bb797d6df14824b106c5a9130|spreads|event,0.5020496,https://api.the-odds-api.com/v4/sports/americanfootball_nfl
2026,1,95c01d1bb797d6df14824b106c5a9130,2026-09-13T17:04:05Z,BetRivers,2026-09-13T17:22:54Z,Atlanta Falcons,Pittsburgh Steelers,totals,Over,39.5,-112,0.52830189,betrivers|95c01d1bb797d6df14824b106c5a9130|totals|39.5,0.49490918,https://api.the-odds-api.com/v4/sports/americanfootball_nfl
2026,1,95c01d1bb797d6df14824b106c5a9130,2026-09-13T17:04:05Z,BetRivers,2026-09-13T17:22:54Z,Atlanta Falcons,Pittsburgh Steelers,totals,Under,39.5,-117,0.53917051,betrivers|95c01d1bb797d6df14824b106c5a9130|totals|39.5,0.50509082,https://api.the-odds-api.com/v4/sports/americanfootball_nfl
2026,1,95c01d1bb797d6df14824b106c5a9130,2026-09-13T17:04:05Z,FanDuel,2026-09-13T17:23:23Z,Atlanta Falcons,Pittsburgh Steelers,h2h,Atlanta Falcons,,255,0.28169014,fanduel|95c01d1bb797d6df14824b106c5a9130|h2h|event,0.26587888,https://api.the-odds-api.com/v4/sports/americanfootball_nfl
2026,1,95c01d1bb797d6df14824b106c5a9130,2026-09-13T17:04:05Z,FanDuel,2026-09-13T17:23:23Z,Atlanta Falcons,Pittsburgh Steelers,h2h,Pittsburgh Steelers,,-350,0.77777778,fanduel|95c01d1bb797d6df14824b106c5a9130|h2h|event,0.73412112,https://api.the-odds-api.com/v4/sports/americanfootball_nfl
2026,1,95c01d1bb797d6df14824b106c5a9130,2026-09-13T17:04:05Z,FanDuel,2026-09-13T17:23:23Z,Atlanta Falcons,Pittsburgh Steelers,spreads,Atlanta Falcons,6.5,-112,0.52830189,fanduel|95c01d1bb797d6df14824b106c5a9130|spreads|event,0.49393106,https://api.the-odds-api.com/v4/sports/americanfootball_nfl
2026,1,95c01d1bb797d6df14824b106c5a9130,2026-09-13T17:04:05Z,FanDuel,2026-09-13T17:23:23Z,Atlanta Falcons,Pittsburgh Steelers,spreads,Pittsburgh Steelers,-6.5,-118,0.5412844,fanduel|95c01d1bb797d6df14824b106c5a9130|spreads|event,0.50606894,https://api.the-odds-api.com/v4/sports/americanfootball_nfl
2026,1,95c01d1bb797d6df14824b106c5a9130,2026-09-13T17:04:05Z,FanDuel,2026-09-13T17:23:23Z,Atlanta Falcons,Pittsburgh Steelers,totals,Over,38.5,-114,0.53271028,fanduel|95c01d1bb797d6df14824b106c5a9130|totals|38.5,0.5,https://api.the-odds-api.com/v4/sports/americanfootball_nfl
2026,1,95c01d1bb797d6df14824b106c5a9130,2026-09-13T17:04:05Z,FanDuel,2026-09-13T17:23:23Z,Atlanta Falcons,Pittsburgh Steelers,totals,Under,38.5,-114,0.53271028,fanduel|95c01d1bb797d6df14824b106c5a9130|totals|38.5,0.5,https://api.the-odds-api.com/v4/sports/americanfootball_nfl
2026,1,95c01d1bb797d6df14824b106c5a9130,2026-09-13T17:04:05Z,BetMGM,2026-09-13T17:23:22Z,Atlanta Falcons,Pittsburgh Steelers,h2h,Atlanta Falcons,,250,0.28571429,betmgm|95c01d1bb797d6df14824b106c5a9130|h2h|event,0.272,https://api.the-odds-api.com/v4/sports/americanfootball_nfl
2026,1,95c01d1bb797d6df14824b106c5a9130,2026-09-13T17:04:05Z,BetMGM,2026-09-13T17:23:22Z,Atlanta Falcons,Pittsburgh Steelers,h2h,Pittsburgh Steelers,,-325,0.76470588,betmgm|95c01d1bb797d6df14824b106c5a9130|h2h|event,0.728,https://api.the-odds-api.com/v4/sports/americanfootball_nfl
2026,1,95c01d1bb797d6df14824b106c5a9130,2026-09-13T17:04:05Z,BetMGM,2026-09-13T17:23:22Z,Atlanta Falcons,Pittsburgh Steelers,spreads,Atlanta Falcons,6.5,-115,0.53488372,betmgm|95c01d1bb797d6df14824b106c5a9130|spreads|event,0.50309533,https://api.the-odds-api.com/v4/sports/americanfootball_nfl
2026,1,95c01d1bb797d6df14824b106c5a9130,2026-09-13T17:04:05Z,BetMGM,2026-09-13T17:23:22Z,Atlanta Falcons,Pittsburgh Steelers,spreads,Pittsburgh Steelers,-6.5,-112,0.52830189,betmgm|95c01d1bb797d6df14824b106c5a9130|spreads|event,0.49690467,https://api.the-odds-api.com/v4/sports/americanfootball_nfl
2026,1,95c01d1bb797d6df14824b106c5a9130,2026-09-13T17:04:05Z,BetMGM,2026-09-13T17:23:22Z,Atlanta Falcons,Pittsburgh Steelers,totals,Over,38.5,-115,0.53488372,betmgm|95c01d1bb797d6df14824b106c5a9130|totals|38.5,0.50309533,https://api.the-odds-api.com/v4/sports/americanfootball_nfl
2026,1,95c01d1bb797d6df14824b106c5a9130,2026-09-13T17:04:05Z,BetMGM,2026-09-13T17:23:22Z,Atlanta Falcons,Pittsburgh Steelers,totals,Under,38.5,-112,0.52830189,betmgm|95c01d1bb797d6df14824b106c5a9130|totals|38.5,0.49690467,https://api.the-odds-api.com/v4/sports/americanfootball_nfl
2026,1,95c01d1bb797d6df14824b106c5a9130,2026-09-13T17:04:05Z,Bovada,2026-09-13T17:22:10Z,Atlanta Falcons,Pittsburgh Steelers,h2h,Atlanta Falcons,,250,0.28571429,bovada|95c01d1bb797d6df14824b106c5a9130|h2h|event,0.26865672,https://api.the-odds-api.com/v4/sports/americanfootball_nfl
2026,1,95c01d1bb797d6df14824b106c5a9130,2026-09-13T17:04:05Z,Bovada,2026-09-13T17:22:10Z,Atlanta Falcons,Pittsburgh Steelers,h2h,Pittsburgh Steelers,,-350,0.77777778,bovada|95c01d1bb797d6df14824b106c5a9130|h2h|event,0.73134328,https://api.the-odds-api.com/v4/sports/americanfootball_nfl
2026,1,95c01d1bb797d6df14824b106c5a9130,2026-09-13T17:04:05Z,Bovada,2026-09-13T17:22:10Z,Atlanta Falcons,Pittsburgh Steelers,spreads,Atlanta Falcons,6.5,100,0.5,bovada|95c01d1bb797d6df14824b106c5a9130|spreads|event,0.46938776,https://api.the-odds-api.com/v4/sports/americanfootball_nfl
2026,1,95c01d1bb797d6df14824b106c5a9130,2026-09-13T17:04:05Z,Bovada,2026-09-13T17:22:10Z,Atlanta Falcons,Pittsburgh Steelers,spreads,Pittsburgh Steelers,-6.5,-130,0.56521739,bovada|95c01d1bb797d6df14824b106c5a9130|spreads|event,0.53061224,https://api.the-odds-api.com/v4/sports/americanfootball_nfl
2026,1,95c01d1bb797d6df14824b106c5a9130,2026-09-13T17:04:05Z,Bovada,2026-09-13T17:22:10Z,Atlanta Falcons,Pittsburgh Steelers,totals,Over,38.5,-130,0.56521739,bovada|95c01d1bb797d6df14824b106c5a9130|totals|38.5,0.53061224,https://api.the-odds-api.com/v4/sports/americanfootball_nfl
2026,1,95c01d1bb797d6df14824b106c5a9130,2026-09-13T17:04:05Z,Bovada,2026-09-13T17:22:10Z,Atlanta Falcons,Pittsburgh Steelers,totals,Under,38.5,100,0.5,bovada|95c01d1bb797d6df14824b106c5a9130|totals|38.5,0.46938776,https://api.the-odds-api.com/v4/sports/americanfootball_nfl
2026,1,95c01d1bb797d6df14824b106c5a9130,2026-09-13T17:04:05Z,MyBookie.ag,2026-09-13T17:21:40Z,Atlanta Falcons,Pittsburgh Steelers,h2h,Atlanta Falcons,,255,0.28169014,mybookieag|95c01d1bb797d6df14824b106c5a9130|h2h|event,0.26808655,https://api.the-odds-api.com/v4/sports/americanfootball_nfl
2026,1,95c01d1bb797d6df14824b106c5a9130,2026-09-13T17:04:05Z,MyBookie.ag,2026-09-13T17:21:40Z,Atlanta Falcons,Pittsburgh Steelers,h2h,Pittsburgh Steelers,,-333,0.76905312,mybookieag|95c01d1bb797d6df14824b106c5a9130|h2h|event,0.73191345,https://api.the-odds-api.com/v4/sports/americanfootball_nfl
2026,1,95c01d1bb797d6df14824b106c5a9130,2026-09-13T17:04:05Z,MyBookie.ag,2026-09-13T17:21:40Z,Atlanta Falcons,Pittsburgh Steelers,spreads,Atlanta Falcons,6.5,-105,0.51219512,mybookieag|95c01d1bb797d6df14824b106c5a9130|spreads|event,0.47969543,https://api.the-odds-api.com/v4/sports/americanfootball_nfl
2026,1,95c01d1bb797d6df14824b106c5a9130,2026-09-13T17:04:05Z,MyBookie.ag,2026-09-13T17:21:40Z,Atlanta Falcons,Pittsburgh Steelers,spreads,Pittsburgh Steelers,-6.5,-125,0.55555556,mybookieag|95c01d1bb797d6df14824b106c5a9130|spreads|event,0.52030457,https://api.the-odds-api.com/v4/sports/americanfootball_nfl
2026,1,95c01d1bb797d6df14824b106c5a9130,2026-09-13T17:04:05Z,MyBookie.ag,2026-09-13T17:21:40Z,Atlanta Falcons,Pittsburgh Steelers,totals,Over,39.5,-111,0.52606635,mybookieag|95c01d1bb797d6df14824b106c5a9130|totals|39.5,0.5,https://api.the-odds-api.com/v4/sports/americanfootball_nfl
2026,1,95c01d1bb797d6df14824b106c5a9130,2026-09-13T17:04:05Z,MyBookie.ag,2026-09-13T17:21:40Z,Atlanta Falcons,Pittsburgh Steelers,totals,Under,39.5,-111,0.52606635,mybookieag|95c01d1bb797d6df14824b106c5a9130|totals|39.5,0.5,https://api.the-odds-api.com/v4/sports/americanfootball_nfl
2026,1,7dddb296a42e7a41a774b24bd1709ce1,2026-09-13T17:04:40Z,DraftKings,2026-09-13T17:22:54Z,New York Jets,Tennessee Titans,h2h,New York Jets,,-176,0.63768116,draftkings|7dddb296a42e7a41a774b24bd1709ce1|h2h|event,0.59771455,https://api.the-odds-api.com/v4/sports/americanfootball_nfl
2026,1,7dddb296a42e7a41a774b24bd1709ce1,2026-09-13T17:04:40Z,DraftKings,2026-09-13T17:22:54Z,New York Jets,Tennessee Titans,h2h,Tennessee Titans,,133,0.42918455,draftkings|7dddb296a42e7a41a774b24bd1709ce1|h2h|event,0.40228545,https://api.the-odds-api.com/v4/sports/americanfootball_nfl
2026,1,7dddb296a42e7a41a774b24bd1709ce1,2026-09-13T17:04:40Z,DraftKings,2026-09-13T17:22:54Z,New York Jets,Tennessee Titans,spreads,New York Jets,-3.5,-101,0.50248756,draftkings|7dddb296a42e7a41a774b24bd1709ce1|spreads|event,0.46979582,https://api.the-odds-api.com/v4/sports/americanfootball_nfl
2026,1,7dddb296a42e7a41a774b24bd1709ce1,2026-09-13T17:04:40Z,DraftKings,2026-09-13T17:22:54Z,New York Jets,Tennessee Titans,spreads,Tennessee Titans,3.5,-131,0.56709957,draftkings|7dddb296a42e7a41a774b24bd1709ce1|spreads|event,0.53020418,https://api.the-odds-api.com/v4/sports/americanfootball_nfl
2026,1,7dddb296a42e7a41a774b24bd1709ce1,2026-09-13T17:04:40Z,DraftKings,2026-09-13T17:22:54Z,New York Jets,Tennessee Titans,totals,Over,43.5,-120,0.54545455,draftkings|7dddb296a42e7a41a774b24bd1709ce1|totals|43.5,0.51121076,https://api.the-odds-api.com/v4/sports/americanfootball_nfl
2026,1,7dddb296a42e7a41a774b24bd1709ce1,2026-09-13T17:04:40Z,DraftKings,2026-09-13T17:22:54Z,New York Jets,Tennessee Titans,totals,Under,43.5,-109,0.5215311,draftkings|7dddb296a42e7a41a774b24bd1709ce1|totals|43.5,0.48878924,https://api.the-odds-api.com/v4/sports/americanfootball_nfl
2026,1,7dddb296a42e7a41a774b24bd1709ce1,2026-09-13T17:04:40Z,FanDuel,2026-09-13T17:23:23Z,New York Jets,Tennessee Titans,h2h,New York Jets,,-172,0.63235294,fanduel|7dddb296a42e7a41a774b24bd1709ce1|h2h|event,0.59672637,https://api.the-odds-api.com/v4/sports/americanfootball_nfl
2026,1,7dddb296a42e7a41a774b24bd1709ce1,2026-09-13T17:04:40Z,FanDuel,2026-09-13T17:23:23Z,New York Jets,Tennessee Titans,h2h,Tennessee Titans,,134,0.42735043,fanduel|7dddb296a42e7a41a774b24bd1709ce1|h2h|event,0.40327363,https://api.the-odds-api.com/v4/sports/americanfootball_nfl
2026,1,7dddb296a42e7a41a774b24bd1709ce1,2026-09-13T17:04:40Z,FanDuel,2026-09-13T17:23:23Z,New York Jets,Tennessee Titans,spreads,New York Jets,-3.5,100,0.5,fanduel|7dddb296a42e7a41a774b24bd1709ce1|spreads|event,0.46774193,https://api.the-odds-api.com/v4/sports/americanfootball_nfl
2026,1,7dddb296a42e7a41a774b24bd1709ce1,2026-09-13T17:04:40Z,FanDuel,2026-09-13T17:23:23Z,New York Jets,Tennessee Titans,spreads,Tennessee Titans,3.5,-132,0.56896552,fanduel|7dddb296a42e7a41a774b24bd1709ce1|spreads|event,0.53225807,https://api.the-odds-api.com/v4/sports/americanfootball_nfl
2026,1,7dddb296a42e7a41a774b24bd1709ce1,2026-09-13T17:04:40Z,FanDuel,2026-09-13T17:23:23Z,New York Jets,Tennessee Titans,totals,Over,44.5,-118,0.5412844,fanduel|7dddb296a42e7a41a774b24bd1709ce1|totals|44.5,0.50606894,https://api.the-odds-api.com/v4/sports/americanfootball_nfl
2026,1,7dddb296a42e7a41a774b24bd1709ce1,2026-09-13T17:04:40Z,FanDuel,2026-09-13T17:23:23Z,New York Jets,Tennessee Titans,totals,Under,44.5,-112,0.52830189,fanduel|7dddb296a42e7a41a774b24bd1709ce1|totals|44.5,0.49393106,https://api.the-odds-api.com/v4/sports/americanfootball_nfl
2026,1,7dddb296a42e7a41a774b24bd1709ce1,2026-09-13T17:04:40Z,BetRivers,2026-09-13T17:22:54Z,New York Jets,Tennessee Titans,h2h,New York Jets,,-157,0.61089494,betrivers|7dddb296a42e7a41a774b24bd1709ce1|h2h|event,0.57668297,https://api.the-odds-api.com/v4/sports/americanfootball_nfl
2026,1,7dddb296a42e7a41a774b24bd1709ce1,2026-09-13T17:04:40Z,BetRivers,2026-09-13T17:22:54Z,New York Jets,Tennessee Titans,h2h,Tennessee Titans,,123,0.44843049,betrivers|7dddb296a42e7a41a774b24bd1709ce1|h2h|event,0.42331703,https://api.the-odds-api.com/v4/sports/americanfootball_nfl
2026,1,7dddb296a42e7a41a774b24bd1709ce1,2026-09-13T17:04:40Z,BetRivers,2026-09-13T17:22:54Z,New York Jets,Tennessee Titans,spreads,New York Jets,-3.0,-115,0.53488372,betrivers|7dddb296a42e7a41a774b24bd1709ce1|spreads|event,0.5020496,https://api.the-odds-api.com/v4/sports/americanfootball_nfl
2026,1,7dddb296a42e7a41a774b24bd1709ce1,2026-09-13T17:04:40Z,BetRivers,2026-09-13T17:22:54Z,New York Jets,Tennessee Titans,spreads,Tennessee Titans,3.0,-113,0.53051643,betrivers|7dddb296a42e7a41a774b24bd1709ce1|spreads|event,0.4979504,https://api.the-odds-api.com/v4/sports/americanfootball_nfl
2026,1,7dddb296a42e7a41a774b24bd1709ce1,2026-09-13T17:04:40Z,BetRivers,2026-09-13T17:22:54Z,New York Jets,Tennessee Titans,totals,Over,43.5,-117,0.53917051,betrivers|7dddb296a42e7a41a774b24bd1709ce1|totals|43.5,0.50509082,https://api.the-odds-api.com/v4/sports/americanfootball_nfl
2026,1,7dddb296a42e7a41a774b24bd1709ce1,2026-09-13T17:04:40Z,BetRivers,2026-09-13T17:22:54Z,New York Jets,Tennessee Titans,totals,Under,43.5,-112,0.52830189,betrivers|7dddb296a42e7a41a774b24bd1709ce1|totals|43.5,0.49490918,https://api.the-odds-api.com/v4/sports/americanfootball_nfl
2026,1,7dddb296a42e7a41a774b24bd1709ce1,2026-09-13T17:04:40Z,BetMGM,2026-09-13T17:23:22Z,New York Jets,Tennessee Titans,h2h,New York Jets,,-175,0.63636364,betmgm|7dddb296a42e7a41a774b24bd1709ce1|h2h|event,0.59409594,https://api.the-odds-api.com/v4/sports/americanfootball_nfl
2026,1,7dddb296a42e7a41a774b24bd1709ce1,2026-09-13T17:04:40Z,BetMGM,2026-09-13T17:23:22Z,New York Jets,Tennessee Titans,h2h,Tennessee Titans,,130,0.43478261,betmgm|7dddb296a42e7a41a774b24bd1709ce1|h2h|event,0.40590406,https://api.the-odds-api.com/v4/sports/americanfootball_nfl
2026,1,7dddb296a42e7a41a774b24bd1709ce1,2026-09-13T17:04:40Z,BetMGM,2026-09-13T17:23:22Z,New York Jets,Tennessee Titans,spreads,New York Jets,-3.5,100,0.5,betmgm|7dddb296a42e7a41a774b24bd1709ce1|spreads|event,0.46534653,https://api.the-odds-api.com/v4/sports/americanfootball_nfl
2026,1,7dddb296a42e7a41a774b24bd1709ce1,2026-09-13T17:04:40Z,BetMGM,2026-09-13T17:23:22Z,New York Jets,Tennessee Titans,spreads,Tennessee Titans,3.5,-135,0.57446809,betmgm|7dddb296a42e7a41a774b24bd1709ce1|spreads|event,0.53465347,https://api.the-odds-api.com/v4/sports/americanfootball_nfl
2026,1,7dddb296a42e7a41a774b24bd1709ce1,2026-09-13T17:04:40Z,BetMGM,2026-09-13T17:23:22Z,New York Jets,Tennessee Titans,totals,Over,43.5,-112,0.52830189,betmgm|7dddb296a42e7a41a774b24bd1709ce1|totals|43.5,0.50773994,https://api.the-odds-api.com/v4/sports/americanfootball_nfl
2026,1,7dddb296a42e7a41a774b24bd1709ce1,2026-09-13T17:04:40Z,BetMGM,2026-09-13T17:23:22Z,New York Jets,Tennessee Titans,totals,Under,43.5,-105,0.51219512,betmgm|7dddb296a42e7a41a774b24bd1709ce1|totals|43.5,0.49226006,https://api.the-odds-api.com/v4/sports/americanfootball_nfl
2026,1,7dddb296a42e7a41a774b24bd1709ce1,2026-09-13T17:04:40Z,Bovada,2026-09-13T17:22:10Z,New York Jets,Tennessee Titans,h2h,New York Jets,,-165,0.62264151,bovada|7dddb296a42e7a41a774b24bd1709ce1|h2h|event,0.58349706,https://api.the-odds-api.com/v4/sports/americanfootball_nfl
2026,1,7dddb296a42e7a41a774b24bd1709ce1,2026-09-13T17:04:40Z,Bovada,2026-09-13T17:22:10Z,New York Jets,Tennessee Titans,h2h,Tennessee Titans,,125,0.44444444,bovada|7dddb296a42e7a41a774b24bd1709ce1|h2h|event,0.41650294,https://api.the-odds-api.com/v4/sports/americanfootball_nfl
2026,1,7dddb296a42e7a41a774b24bd1709ce1,2026-09-13T17:04:40Z,Bovada,2026-09-13T17:22:10Z,New York Jets,Tennessee Titans,spreads,New York Jets,-3.5,100,0.5,bovada|7dddb296a42e7a41a774b24bd1709ce1|spreads|event,0.46938776,https://api.the-odds-api.com/v4/sports/americanfootball_nfl
2026,1,7dddb296a42e7a41a774b24bd1709ce1,2026-09-13T17:04:40Z,Bovada,2026-09-13T17:22:10Z,New York Jets,Tennessee Titans,spreads,Tennessee Titans,3.5,-130,0.56521739,bovada|7dddb296a42e7a41a774b24bd1709ce1|spreads|event,0.53061224,https://api.the-odds-api.com/v4/sports/americanfootball_nfl
2026,1,7dddb296a42e7a41a774b24bd1709ce1,2026-09-13T17:04:40Z,MyBookie.ag,2026-09-13T17:21:40Z,New York Jets,Tennessee Titans,h2h,New York Jets,,-167,0.62546816,mybookieag|7dddb296a42e7a41a774b24bd1709ce1|h2h|event,0.58992474,https://api.the-odds-api.com/v4/sports/americanfootball_nfl
2026,1,7dddb296a42e7a41a774b24bd1709ce1,2026-09-13T17:04:40Z,MyBookie.ag,2026-09-13T17:21:40Z,New York Jets,Tennessee Titans,h2h,Tennessee Titans,,130,0.43478261,mybookieag|7dddb296a42e7a41a774b24bd1709ce1|h2h|event,0.41007526,https://api.the-odds-api.com/v4/sports/americanfootball_nfl
2026,1,7dddb296a42e7a41a774b24bd1709ce1,2026-09-13T17:04:40Z,MyBookie.ag,2026-09-13T17:21:40Z,New York Jets,Tennessee Titans,spreads,New York Jets,-3.5,100,0.5,mybookieag|7dddb296a42e7a41a774b24bd1709ce1|spreads|event,0.47368421,https://api.the-odds-api.com/v4/sports/americanfootball_nfl
2026,1,7dddb296a42e7a41a774b24bd1709ce1,2026-09-13T17:04:40Z,MyBookie.ag,2026-09-13T17:21:40Z,New York Jets,Tennessee Titans,spreads,Tennessee Titans,3.5,-125,0.55555556,mybookieag|7dddb296a42e7a41a774b24bd1709ce1|spreads|event,0.52631579,https://api.the-odds-api.com/v4/sports/americanfootball_nfl
2026,1,7dddb296a42e7a41a774b24bd1709ce1,2026-09-13T17:04:40Z,MyBookie.ag,2026-09-13T17:21:40Z,New York Jets,Tennessee Titans,totals,Over,43.5,-111,0.52606635,mybookieag|7dddb296a42e7a41a774b24bd1709ce1|totals|43.5,0.5,https://api.the-odds-api.com/v4/sports/americanfootball_nfl
2026,1,7dddb296a42e7a41a774b24bd1709ce1,2026-09-13T17:04:40Z,MyBookie.ag,2026-09-13T17:21:40Z,New York Jets,Tennessee Titans,totals,Under,43.5,-111,0.52606635,mybookieag|7dddb296a42e7a41a774b24bd1709ce1|totals|43.5,0.5,https://api.the-odds-api.com/v4/sports/americanfootball_nfl
2026,1,7e09efed7e12c659b82740b67ce2f9a1,2026-09-13T17:04:47Z,DraftKings,2026-09-13T17:22:54Z,Buffalo Bills,Houston Texans,h2h,Buffalo Bills,,-143,0.58847737,draftkings|7e09efed7e12c659b82740b67ce2f9a1|h2h|event,0.55036637,https://api.the-odds-api.com/v4/sports/americanfootball_nfl
2026,1,7e09efed7e12c659b82740b67ce2f9a1,2026-09-13T17:04:47Z,DraftKings,2026-09-13T17:22:54Z,Buffalo Bills,Houston Texans,h2h,Houston Texans,,108,0.48076923,draftkings|7e09efed7e12c659b82740b67ce2f9a1|h2h|event,0.44963363,https://api.the-odds-api.com/v4/sports/americanfootball_nfl
2026,1,7e09efed7e12c659b82740b67ce2f9a1,2026-09-13T17:04:47Z,DraftKings,2026-09-13T17:22:54Z,Buffalo Bills,Houston Texans,spreads,Buffalo Bills,-2.5,-113,0.53051643,draftkings|7e09efed7e12c659b82740b67ce2f9a1|spreads|event,0.496946,https://api.the-odds-api.com/v4/sports/americanfootball_nfl
2026,1,7e09efed7e12c659b82740b67ce2f9a1,2026-09-13T17:04:47Z,DraftKings,2026-09-13T17:22:54Z,Buffalo Bills,Houston Texans,spreads,Houston Texans,2.5,-116,0.53703704,draftkings|7e09efed7e12c659b82740b67ce2f9a1|spreads|event,0.503054,https://api.the-odds-api.com/v4/sports/americanfootball_nfl
2026,1,7e09efed7e12c659b82740b67ce2f9a1,2026-09-13T17:04:47Z,DraftKings,2026-09-13T17:22:54Z,Buffalo Bills,Houston Texans,totals,Over,42.5,-116,0.53703704,draftkings|7e09efed7e12c659b82740b67ce2f9a1|totals|42.5,0.503054,https://api.the-odds-api.com/v4/sports/americanfootball_nfl
2026,1,7e09efed7e12c659b82740b67ce2f9a1,2026-09-13T17:04:47Z,DraftKings,2026-09-13T17:22:54Z,Buffalo Bills,Houston Texans,totals,Under,42.5,-113,0.53051643,draftkings|7e09efed7e12c659b82740b67ce2f9a1|totals|42.5,0.496946,https://api.the-odds-api.com/v4/sports/americanfootball_nfl
2026,1,7e09efed7e12c659b82740b67ce2f9a1,2026-09-13T17:04:47Z,BetRivers,2026-09-13T17:22:54Z,Buffalo Bills,Houston Texans,h2h,Buffalo Bills,,-148,0.59677419,betrivers|7e09efed7e12c659b82740b67ce2f9a1|h2h|event,0.56313416,https://api.the-odds-api.com/v4/sports/americanfootball_nfl
2026,1,7e09efed7e12c659b82740b67ce2f9a1,2026-09-13T17:04:47Z,BetRivers,2026-09-13T17:22:54Z,Buffalo Bills,Houston Texans,h2h,Houston Texans,,116,0.46296296,betrivers|7e09efed7e12c659b82740b67ce2f9a1|h2h|event,0.43686584,https://api.the-odds-api.com/v4/sports/americanfootball_nfl
2026,1,7e09efed7e12c659b82740b67ce2f9a1,2026-09-13T17:04:47Z,BetRivers,2026-09-13T17:22:54Z,Buffalo Bills,Houston Texans,spreads,Buffalo Bills,-2.5,-117,0.53917051,betrivers|7e09efed7e12c659b82740b67ce2f9a1|spreads|event,0.50722544,https://api.the-odds-api.com/v4/sports/americanfootball_nfl
2026,1,7e09efed7e12c659b82740b67ce2f9a1,2026-09-13T17:04:47Z,BetRivers,2026-09-13T17:22:54Z,Buffalo Bills,Houston Texans,spreads,Houston Texans,2.5,-110,0.52380952,betrivers|7e09efed7e12c659b82740b67ce2f9a1|spreads|event,0.49277456,https://api.the-odds-api.com/v4/sports/americanfootball_nfl
2026,1,7e09efed7e12c659b82740b67ce2f9a1,2026-09-13T17:04:47Z,BetRivers,2026-09-13T17:22:54Z,Buffalo Bills,Houston Texans,totals,Over,43.0,-112,0.52830189,betrivers|7e09efed7e12c659b82740b67ce2f9a1|totals|43.0,0.49690467,https://api.the-odds-api.com/v4/sports/americanfootball_nfl
2026,1,7e09efed7e12c659b82740b67ce2f9a1,2026-09-13T17:04:47Z,BetRivers,2026-09-13T17:22:54Z,Buffalo Bills,Houston Texans,totals,Under,43.0,-115,0.53488372,betrivers|7e09efed7e12c659b82740b67ce2f9a1|totals|43.0,0.50309533,https://api.the-odds-api.com/v4/sports/americanfootball_nfl
2026,1,7e09efed7e12c659b82740b67ce2f9a1,2026-09-13T17:04:47Z,FanDuel,2026-09-13T17:23:23Z,Buffalo Bills,Houston Texans,h2h,Buffalo Bills,,-146,0.59349593,fanduel|7e09efed7e12c659b82740b67ce2f9a1|h2h|event,0.55948714,https://api.the-odds-api.com/v4/sports/americanfootball_nfl
2026,1,7e09efed7e12c659b82740b67ce2f9a1,2026-09-13T17:04:47Z,FanDuel,2026-09-13T17:23:23Z,Buffalo Bills,Houston Texans,h2h,Houston Texans,,114,0.46728972,fanduel|7e09efed7e12c659b82740b67ce2f9a1|h2h|event,0.44051286,https://api.the-odds-api.com/v4/sports/americanfootball_nfl
2026,1,7e09efed7e12c659b82740b67ce2f9a1,2026-09-13T17:04:47Z,FanDuel,2026-09-13T17:23:23Z,Buffalo Bills,Houston Texans,spreads,Buffalo Bills,-2.5,-114,0.53271028,fanduel|7e09efed7e12c659b82740b67ce2f9a1|spreads|event,0.5,https://api.the-odds-api.com/v4/sports/americanfootball_nfl
2026,1,7e09efed7e12c659b82740b67ce2f9a1,2026-09-13T17:04:47Z,FanDuel,2026-09-13T17:23:23Z,Buffalo Bills,Houston Texans,spreads,Houston Texans,2.5,-114,0.53271028,fanduel|7e09efed7e12c659b82740b67ce2f9a1|spreads|event,0.5,https://api.the-odds-api.com/v4/sports/americanfootball_nfl
2026,1,7e09efed7e12c659b82740b67ce2f9a1,2026-09-13T17:04:47Z,FanDuel,2026-09-13T17:23:23Z,Buffalo Bills,Houston Texans,totals,Over,42.5,-104,0.50980392,fanduel|7e09efed7e12c659b82740b67ce2f9a1|totals|42.5,0.47591522,https://api.the-odds-api.com/v4/sports/americanfootball_nfl
2026,1,7e09efed7e12c659b82740b67ce2f9a1,2026-09-13T17:04:47Z,FanDuel,2026-09-13T17:23:23Z,Buffalo Bills,Houston Texans,totals,Under,42.5,-128,0.56140351,fanduel|7e09efed7e12c659b82740b67ce2f9a1|totals|42.5,0.52408478,https://api.the-odds-api.com/v4/sports/americanfootball_nfl
2026,1,7e09efed7e12c659b82740b67ce2f9a1,2026-09-13T17:04:47Z,BetMGM,2026-09-13T17:23:22Z,Buffalo Bills,Houston Texans,h2h,Buffalo Bills,,-145,0.59183673,betmgm|7e09efed7e12c659b82740b67ce2f9a1|h2h|event,0.55994611,https://api.the-odds-api.com/v4/sports/americanfootball_nfl
2026,1,7e09efed7e12c659b82740b67ce2f9a1,2026-09-13T17:04:47Z,BetMGM,2026-09-13T17:23:22Z,Buffalo Bills,Houston Texans,h2h,Houston Texans,,115,0.46511628,betmgm|7e09efed7e12c659b82740b67ce2f9a1|h2h|event,0.44005389,https://api.the-odds-api.com/v4/sports/americanfootball_nfl
2026,1,7e09efed7e12c659b82740b67ce2f9a1,2026-09-13T17:04:47Z,BetMGM,2026-09-13T17:23:22Z,Buffalo Bills,Houston Texans,spreads,Buffalo Bills,-2.5,-108,0.51923077,betmgm|7e09efed7e12c659b82740b67ce2f9a1|spreads|event,0.49780509,https://api.the-odds-api.com/v4/sports/americanfootball_nfl
2026,1,7e09efed7e12c659b82740b67ce2f9a1,2026-09-13T17:04:47Z,BetMGM,2026-09-13T17:23:22Z,Buffalo Bills,Houston Texans,spreads,Houston Texans,2.5,-110,0.52380952,betmgm|7e09efed7e12c659b82740b67ce2f9a1|spreads|event,0.50219491,https://api.the-odds-api.com/v4/sports/americanfootball_nfl
2026,1,7e09efed7e12c659b82740b67ce2f9a1,2026-09-13T17:04:47Z,BetMGM,2026-09-13T17:23:22Z,Buffalo Bills,Houston Texans,totals,Over,42.5,-115,0.53488372,betmgm|7e09efed7e12c659b82740b67ce2f9a1|totals|42.5,0.5,https://api.the-odds-api.com/v4/sports/americanfootball_nfl
2026,1,7e09efed7e12c659b82740b67ce2f9a1,2026-09-13T17:04:47Z,BetMGM,2026-09-13T17:23:22Z,Buffalo Bills,Houston Texans,totals,Under,42.5,-115,0.53488372,betmgm|7e09efed7e12c659b82740b67ce2f9a1|totals|42.5,0.5,https://api.the-odds-api.com/v4/sports/americanfootball_nfl
2026,1,7e09efed7e12c659b82740b67ce2f9a1,2026-09-13T17:04:47Z,Bovada,2026-09-13T17:22:10Z,Buffalo Bills,Houston Texans,h2h,Buffalo Bills,,-145,0.59183673,bovada|7e09efed7e12c659b82740b67ce2f9a1|h2h|event,0.55414012,https://api.the-odds-api.com/v4/sports/americanfootball_nfl
2026,1,7e09efed7e12c659b82740b67ce2f9a1,2026-09-13T17:04:47Z,Bovada,2026-09-13T17:22:10Z,Buffalo Bills,Houston Texans,h2h,Houston Texans,,110,0.47619048,bovada|7e09efed7e12c659b82740b67ce2f9a1|h2h|event,0.44585988,https://api.the-odds-api.com/v4/sports/americanfootball_nfl
2026,1,7e09efed7e12c659b82740b67ce2f9a1,2026-09-13T17:04:47Z,Bovada,2026-09-13T17:22:10Z,Buffalo Bills,Houston Texans,spreads,Buffalo Bills,-2.5,-110,0.52380952,bovada|7e09efed7e12c659b82740b67ce2f9a1|spreads|event,0.48987854,https://api.the-odds-api.com/v4/sports/americanfootball_nfl
2026,1,7e09efed7e12c659b82740b67ce2f9a1,2026-09-13T17:04:47Z,Bovada,2026-09-13T17:22:10Z,Buffalo Bills,Houston Texans,spreads,Houston Texans,2.5,-120,0.54545455,bovada|7e09efed7e12c659b82740b67ce2f9a1|spreads|event,0.51012146,https://api.the-odds-api.com/v4/sports/americanfootball_nfl
2026,1,7e09efed7e12c659b82740b67ce2f9a1,2026-09-13T17:04:47Z,Bovada,2026-09-13T17:22:10Z,Buffalo Bills,Houston Texans,totals,Over,42.5,100,0.5,bovada|7e09efed7e12c659b82740b67ce2f9a1|totals|42.5,0.46938776,https://api.the-odds-api.com/v4/sports/americanfootball_nfl
2026,1,7e09efed7e12c659b82740b67ce2f9a1,2026-09-13T17:04:47Z,Bovada,2026-09-13T17:22:10Z,Buffalo Bills,Houston Texans,totals,Under,42.5,-130,0.56521739,bovada|7e09efed7e12c659b82740b67ce2f9a1|totals|42.5,0.53061224,https://api.the-odds-api.com/v4/sports/americanfootball_nfl
2026,1,7e09efed7e12c659b82740b67ce2f9a1,2026-09-13T17:04:47Z,MyBookie.ag,2026-09-13T17:21:40Z,Buffalo Bills,Houston Texans,h2h,Buffalo Bills,,-143,0.58847737,mybookieag|7e09efed7e12c659b82740b67ce2f9a1|h2h|event,0.56420373,https://api.the-odds-api.com/v4/sports/americanfootball_nfl
2026,1,7e09efed7e12c659b82740b67ce2f9a1,2026-09-13T17:04:47Z,MyBookie.ag,2026-09-13T17:21:40Z,Buffalo Bills,Houston Texans,h2h,Houston Texans,,120,0.45454545,mybookieag|7e09efed7e12c659b82740b67ce2f9a1|h2h|event,0.43579627,https://api.the-odds-api.com/v4/sports/americanfootball_nfl
2026,1,7e09efed7e12c659b82740b67ce2f9a1,2026-09-13T17:04:47Z,MyBookie.ag,2026-09-13T17:21:40Z,Buffalo Bills,Houston Texans,spreads,Buffalo Bills,-2.5,-118,0.5412844,mybookieag|7e09efed7e12c659b82740b67ce2f9a1|spreads|event,0.51380629,https://api.the-odds-api.com/v4/sports/americanfootball_nfl
2026,1,7e09efed7e12c659b82740b67ce2f9a1,2026-09-13T17:04:47Z,MyBookie.ag,2026-09-13T17:21:40Z,Buffalo Bills,Houston Texans,spreads,Houston Texans,2.5,-105,0.51219512,mybookieag|7e09efed7e12c659b82740b67ce2f9a1|spreads|event,0.48619371,https://api.the-odds-api.com/v4/sports/americanfootball_nfl
2026,1,7e09efed7e12c659b82740b67ce2f9a1,2026-09-13T17:04:47Z,MyBookie.ag,2026-09-13T17:21:40Z,Buffalo Bills,Houston Texans,totals,Over,42.5,-118,0.5412844,mybookieag|7e09efed7e12c659b82740b67ce2f9a1|totals|42.5,0.50712889,https://api.the-odds-api.com/v4/sports/americanfootball_nfl
2026,1,7e09efed7e12c659b82740b67ce2f9a1,2026-09-13T17:04:47Z,MyBookie.ag,2026-09-13T17:21:40Z,Buffalo Bills,Houston Texans,totals,Under,42.5,-111,0.52606635,mybookieag|7e09efed7e12c659b82740b67ce2f9a1|totals|42.5,0.49287111,https://api.the-odds-api.com/v4/sports/americanfootball_nfl
2026,1,fc362aff0d889ec52d358307a70c32ed,2026-09-13T17:04:51Z,DraftKings,2026-09-13T17:22:54Z,Chicago Bears,Carolina Panthers,h2h,Carolina Panthers,,-143,0.58847737,draftkings|fc362aff0d889ec52d358307a70c32ed|h2h|event,0.55036637,https://api.the-odds-api.com/v4/sports/americanfootball_nfl
2026,1,fc362aff0d889ec52d358307a70c32ed,2026-09-13T17:04:51Z,DraftKings,2026-09-13T17:22:54Z,Chicago Bears,Carolina Panthers,h2h,Chicago Bears,,108,0.48076923,draftkings|fc362aff0d889ec52d358307a70c32ed|h2h|event,0.44963363,https://api.the-odds-api.com/v4/sports/americanfootball_nfl
2026,1,fc362aff0d889ec52d358307a70c32ed,2026-09-13T17:04:51Z,DraftKings,2026-09-13T17:22:54Z,Chicago Bears,Carolina Panthers,spreads,Carolina Panthers,-2.5,-113,0.53051643,draftkings|fc362aff0d889ec52d358307a70c32ed|spreads|event,0.496946,https://api.the-odds-api.com/v4/sports/americanfootball_nfl
2026,1,fc362aff0d889ec52d358307a70c32ed,2026-09-13T17:04:51Z,DraftKings,2026-09-13T17:22:54Z,Chicago Bears,Carolina Panthers,spreads,Chicago Bears,2.5,-116,0.53703704,draftkings|fc362aff0d889ec52d358307a70c32ed|spreads|event,0.503054,https://api.the-odds-api.com/v4/sports/americanfootball_nfl
2026,1,fc362aff0d889ec52d358307a70c32ed,2026-09-13T17:04:51Z,DraftKings,2026-09-13T17:22:54Z,Chicago Bears,Carolina Panthers,totals,Over,51.5,-108,0.51923077,draftkings|fc362aff0d889ec52d358307a70c32ed|totals|51.5,0.48581618,https://api.the-odds-api.com/v4/sports/americanfootball_nfl
2026,1,fc362aff0d889ec52d358307a70c32ed,2026-09-13T17:04:51Z,DraftKings,2026-09-13T17:22:54Z,Chicago Bears,Carolina Panthers,totals,Under,51.5,-122,0.54954955,draftkings|fc362aff0d889ec52d358307a70c32ed|totals|51.5,0.51418382,https://api.the-odds-api.com/v4/sports/americanfootball_nfl
2026,1,fc362aff0d889ec52d358307a70c32ed,2026-09-13T17:04:51Z,FanDuel,2026-09-13T17:23:23Z,Chicago Bears,Carolina Panthers,h2h,Carolina Panthers,,-150,0.6,fanduel|fc362aff0d889ec52d358307a70c32ed|h2h|event,0.56672443,https://api.the-odds-api.com/v4/sports/americanfootball_nfl
2026,1,fc362aff0d889ec52d358307a70c32ed,2026-09-13T17:04:51Z,FanDuel,2026-09-13T17:23:23Z,Chicago Bears,Carolina Panthers,h2h,Chicago Bears,,118,0.4587156,fanduel|fc362aff0d889ec52d358307a70c32ed|h2h|event,0.43327557,https://api.the-odds-api.com/v4/sports/americanfootball_nfl
2026,1,fc362aff0d889ec52d358307a70c32ed,2026-09-13T17:04:51Z,FanDuel,2026-09-13T17:23:23Z,Chicago Bears,Carolina Panthers,spreads,Carolina Panthers,-2.5,-118,0.5412844,fanduel|fc362aff0d889ec52d358307a70c32ed|spreads|event,0.50606894,https://api.the-odds-api.com/v4/sports/americanfootball_nfl
2026,1,fc362aff0d889ec52d358307a70c32ed,2026-09-13T17:04:51Z,FanDuel,2026-09-13T17:23:23Z,Chicago Bears,Carolina Panthers,spreads,Chicago Bears,2.5,-112,0.52830189,fanduel|fc362aff0d889ec52d358307a70c32ed|spreads|event,0.49393106,https://api.the-odds-api.com/v4/sports/americanfootball_nfl
2026,1,fc362aff0d889ec52d358307a70c32ed,2026-09-13T17:04:51Z,FanDuel,2026-09-13T17:23:23Z,Chicago Bears,Carolina Panthers,totals,Over,50.5,-118,0.5412844,fanduel|fc362aff0d889ec52d358307a70c32ed|totals|50.5,0.50606894,https://api.the-odds-api.com/v4/sports/americanfootball_nfl
2026,1,fc362aff0d889ec52d358307a70c32ed,2026-09-13T17:04:51Z,FanDuel,2026-09-13T17:23:23Z,Chicago Bears,Carolina Panthers,totals,Under,50.5,-112,0.52830189,fanduel|fc362aff0d889ec52d358307a70c32ed|totals|50.5,0.49393106,https://api.the-odds-api.com/v4/sports/americanfootball_nfl
2026,1,fc362aff0d889ec52d358307a70c32ed,2026-09-13T17:04:51Z,BetRivers,2026-09-13T17:22:54Z,Chicago Bears,Carolina Panthers,h2h,Carolina Panthers,,-132,0.56896552,betrivers|fc362aff0d889ec52d358307a70c32ed|h2h|event,0.53718481,https://api.the-odds-api.com/v4/sports/americanfootball_nfl
2026,1,fc362aff0d889ec52d358307a70c32ed,2026-09-13T17:04:51Z,BetRivers,2026-09-13T17:22:54Z,Chicago Bears,Carolina Panthers,h2h,Chicago Bears,,104,0.49019608,betrivers|fc362aff0d889ec52d358307a70c32ed|h2h|event,0.46281519,https://api.the-odds-api.com/v4/sports/americanfootball_nfl
2026,1,fc362aff0d889ec52d358307a70c32ed,2026-09-13T17:04:51Z,BetRivers,2026-09-13T17:22:54Z,Chicago Bears,Carolina Panthers,spreads,Carolina Panthers,-2.0,-115,0.53488372,betrivers|fc362aff0d889ec52d358307a70c32ed|spreads|event,0.5020496,https://api.the-odds-api.com/v4/sports/americanfootball_nfl
2026,1,fc362aff0d889ec52d358307a70c32ed,2026-09-13T17:04:51Z,BetRivers,2026-09-13T17:22:54Z,Chicago Bears,Carolina Panthers,spreads,Chicago Bears,2.0,-113,0.53051643,betrivers|fc362aff0d889ec52d358307a70c32ed|spreads|event,0.4979504,https://api.the-odds-api.com/v4/sports/americanfootball_nfl
2026,1,fc362aff0d889ec52d358307a70c32ed,2026-09-13T17:04:51Z,BetRivers,2026-09-13T17:22:54Z,Chicago Bears,Carolina Panthers,totals,Over,51.5,-113,0.53051643,betrivers|fc362aff0d889ec52d358307a70c32ed|totals|51.5,0.4979504,https://api.the-odds-api.com/v4/sports/americanfootball_nfl
2026,1,fc362aff0d889ec52d358307a70c32ed,2026-09-13T17:04:51Z,BetRivers,2026-09-13T17:22:54Z,Chicago Bears,Carolina Panthers,totals,Under,51.5,-115,0.53488372,betrivers|fc362aff0d889ec52d358307a70c32ed|totals|51.5,0.5020496,https://api.the-odds-api.com/v4/sports/americanfootball_nfl
2026,1,fc362aff0d889ec52d358307a70c32ed,2026-09-13T17:04:51Z,BetMGM,2026-09-13T17:23:22Z,Chicago Bears,Carolina Panthers,h2h,Carolina Panthers,,-145,0.59183673,betmgm|fc362aff0d889ec52d358307a70c32ed|h2h|event,0.55994611,https://api.the-odds-api.com/v4/sports/americanfootball_nfl
2026,1,fc362aff0d889ec52d358307a70c32ed,2026-09-13T17:04:51Z,BetMGM,2026-09-13T17:23:22Z,Chicago Bears,Carolina Panthers,h2h,Chicago Bears,,115,0.46511628,betmgm|fc362aff0d889ec52d358307a70c32ed|h2h|event,0.44005389,https://api.the-odds-api.com/v4/sports/americanfootball_nfl
2026,1,fc362aff0d889ec52d358307a70c32ed,2026-09-13T17:04:51Z,BetMGM,2026-09-13T17:23:22Z,Chicago Bears,Carolina Panthers,spreads,Carolina Panthers,-2.5,-120,0.54545455,betmgm|fc362aff0d889ec52d358307a70c32ed|spreads|event,0.51012146,https://api.the-odds-api.com/v4/sports/americanfootball_nfl
2026,1,fc362aff0d889ec52d358307a70c32ed,2026-09-13T17:04:51Z,BetMGM,2026-09-13T17:23:22Z,Chicago Bears,Carolina Panthers,spreads,Chicago Bears,2.5,-110,0.52380952,betmgm|fc362aff0d889ec52d358307a70c32ed|spreads|event,0.48987854,https://api.the-odds-api.com/v4/sports/americanfootball_nfl
2026,1,fc362aff0d889ec52d358307a70c32ed,2026-09-13T17:04:51Z,BetMGM,2026-09-13T17:23:22Z,Chicago Bears,Carolina Panthers,totals,Over,50.5,-125,0.55555556,betmgm|fc362aff0d889ec52d358307a70c32ed|totals|50.5,0.52030457,https://api.the-odds-api.com/v4/sports/americanfootball_nfl
2026,1,fc362aff0d889ec52d358307a70c32ed,2026-09-13T17:04:51Z,BetMGM,2026-09-13T17:23:22Z,Chicago Bears,Carolina Panthers,totals,Under,50.5,-105,0.51219512,betmgm|fc362aff0d889ec52d358307a70c32ed|totals|50.5,0.47969543,https://api.the-odds-api.com/v4/sports/americanfootball_nfl
2026,1,fc362aff0d889ec52d358307a70c32ed,2026-09-13T17:04:51Z,Bovada,2026-09-13T17:22:10Z,Chicago Bears,Carolina Panthers,h2h,Carolina Panthers,,-155,0.60784314,bovada|fc362aff0d889ec52d358307a70c32ed|h2h|event,0.57214765,https://api.the-odds-api.com/v4/sports/americanfootball_nfl
2026,1,fc362aff0d889ec52d358307a70c32ed,2026-09-13T17:04:51Z,Bovada,2026-09-13T17:22:10Z,Chicago Bears,Carolina Panthers,h2h,Chicago Bears,,120,0.45454545,bovada|fc362aff0d889ec52d358307a70c32ed|h2h|event,0.42785235,https://api.the-odds-api.com/v4/sports/americanfootball_nfl
2026,1,fc362aff0d889ec52d358307a70c32ed,2026-09-13T17:04:51Z,Bovada,2026-09-13T17:22:10Z,Chicago Bears,Carolina Panthers,spreads,Carolina Panthers,-2.5,-135,0.57446809,bovada|fc362aff0d889ec52d358307a70c32ed|spreads|event,0.5407914,https://api.the-odds-api.com/v4/sports/americanfootball_nfl
2026,1,fc362aff0d889ec52d358307a70c32ed,2026-09-13T17:04:51Z,Bovada,2026-09-13T17:22:10Z,Chicago Bears,Carolina Panthers,spreads,Chicago Bears,2.5,105,0.48780488,bovada|fc362aff0d889ec52d358307a70c32ed|spreads|event,0.4592086,https://api.the-odds-api.com/v4/sports/americanfootball_nfl
2026,1,fc362aff0d889ec52d358307a70c32ed,2026-09-13T17:04:51Z,Bovada,2026-09-13T17:22:10Z,Chicago Bears,Carolina Panthers,totals,Over,50.5,-115,0.53488372,bovada|fc362aff0d889ec52d358307a70c32ed|totals|50.5,0.5,https://api.the-odds-api.com/v4/sports/americanfootball_nfl
2026,1,fc362aff0d889ec52d358307a70c32ed,2026-09-13T17:04:51Z,Bovada,2026-09-13T17:22:10Z,Chicago Bears,Carolina Panthers,totals,Under,50.5,-115,0.53488372,bovada|fc362aff0d889ec52d358307a70c32ed|totals|50.5,0.5,https://api.the-odds-api.com/v4/sports/americanfootball_nfl
2026,1,fc362aff0d889ec52d358307a70c32ed,2026-09-13T17:04:51Z,MyBookie.ag,2026-09-13T17:19:35Z,Chicago Bears,Carolina Panthers,h2h,Carolina Panthers,,-167,0.62546816,mybookieag|fc362aff0d889ec52d358307a70c32ed|h2h|event,0.59511714,https://api.the-odds-api.com/v4/sports/americanfootball_nfl
2026,1,fc362aff0d889ec52d358307a70c32ed,2026-09-13T17:04:51Z,MyBookie.ag,2026-09-13T17:19:35Z,Chicago Bears,Carolina Panthers,h2h,Chicago Bears,,135,0.42553191,mybookieag|fc362aff0d889ec52d358307a70c32ed|h2h|event,0.40488286,https://api.the-odds-api.com/v4/sports/americanfootball_nfl
2026,1,fc362aff0d889ec52d358307a70c32ed,2026-09-13T17:04:51Z,MyBookie.ag,2026-09-13T17:19:35Z,Chicago Bears,Carolina Panthers,spreads,Carolina Panthers,-3.5,-105,0.51219512,mybookieag|fc362aff0d889ec52d358307a70c32ed|spreads|event,0.48619371,https://api.the-odds-api.com/v4/sports/americanfootball_nfl
2026,1,fc362aff0d889ec52d358307a70c32ed,2026-09-13T17:04:51Z,MyBookie.ag,2026-09-13T17:19:35Z,Chicago Bears,Carolina Panthers,spreads,Chicago Bears,3.5,-118,0.5412844,mybookieag|fc362aff0d889ec52d358307a70c32ed|spreads|event,0.51380629,https://api.the-odds-api.com/v4/sports/americanfootball_nfl
2026,1,fc362aff0d889ec52d358307a70c32ed,2026-09-13T17:04:51Z,MyBookie.ag,2026-09-13T17:19:35Z,Chicago Bears,Carolina Panthers,totals,Over,51.5,-111,0.52606635,mybookieag|fc362aff0d889ec52d358307a70c32ed|totals|51.5,0.5,https://api.the-odds-api.com/v4/sports/americanfootball_nfl
2026,1,fc362aff0d889ec52d358307a70c32ed,2026-09-13T17:04:51Z,MyBookie.ag,2026-09-13T17:19:35Z,Chicago Bears,Carolina Panthers,totals,Under,51.5,-111,0.52606635,mybookieag|fc362aff0d889ec52d358307a70c32ed|totals|51.5,0.5,https://api.the-odds-api.com/v4/sports/americanfootball_nfl
2026,1,b6cfdcbafa61ce220ba87dc2d9b80c77,2026-09-13T17:05:06Z,DraftKings,2026-09-13T17:22:54Z,Baltimore Ravens,Indianapolis Colts,h2h,Baltimore Ravens,,-176,0.63768116,draftkings|b6cfdcbafa61ce220ba87dc2d9b80c77|h2h|event,0.59771455,https://api.the-odds-api.com/v4/sports/americanfootball_nfl
2026,1,b6cfdcbafa61ce220ba87dc2d9b80c77,2026-09-13T17:05:06Z,DraftKings,2026-09-13T17:22:54Z,Baltimore Ravens,Indianapolis Colts,h2h,Indianapolis Colts,,133,0.42918455,draftkings|b6cfdcbafa61ce220ba87dc2d9b80c77|h2h|event,0.40228545,https://api.the-odds-api.com/v4/sports/americanfootball_nfl
2026,1,b6cfdcbafa61ce220ba87dc2d9b80c77,2026-09-13T17:05:06Z,DraftKings,2026-09-13T17:22:54Z,Baltimore Ravens,Indianapolis Colts,spreads,Baltimore Ravens,-3.5,-104,0.50980392,draftkings|b6cfdcbafa61ce220ba87dc2d9b80c77|spreads|event,0.47677518,https://api.the-odds-api.com/v4/sports/americanfootball_nfl
2026,1,b6cfdcbafa61ce220ba87dc2d9b80c77,2026-09-13T17:05:06Z,DraftKings,2026-09-13T17:22:54Z,Baltimore Ravens,Indianapolis Colts,spreads,Indianapolis Colts,3.5,-127,0.55947137,draftkings|b6cfdcbafa61ce220ba87dc2d9b80c77|spreads|event,0.52322482,https://api.the-odds-api.com/v4/sports/americanfootball_nfl
2026,1,b6cfdcbafa61ce220ba87dc2d9b80c77,2026-09-13T17:05:06Z,DraftKings,2026-09-13T17:22:54Z,Baltimore Ravens,Indianapolis Colts,totals,Over,56.5,-123,0.55156951,draftkings|b6cfdcbafa61ce220ba87dc2d9b80c77|totals|56.5,0.51621995,https://api.the-odds-api.com/v4/sports/americanfootball_nfl
2026,1,b6cfdcbafa61ce220ba87dc2d9b80c77,2026-09-13T17:05:06Z,DraftKings,2026-09-13T17:22:54Z,Baltimore Ravens,Indianapolis Colts,totals,Under,56.5,-107,0.51690821,draftkings|b6cfdcbafa61ce220ba87dc2d9b80c77|totals|56.5,0.48378005,https://api.the-odds-api.com/v4/sports/americanfootball_nfl
2026,1,b6cfdcbafa61ce220ba87dc2d9b80c77,2026-09-13T17:05:06Z,BetRivers,2026-09-13T17:22:54Z,Baltimore Ravens,Indianapolis Colts,h2h,Baltimore Ravens,,-180,0.64285714,betrivers|b6cfdcbafa61ce220ba87dc2d9b80c77|h2h|event,0.60474308,https://api.the-odds-api.com/v4/sports/americanfootball_nfl
2026,1,b6cfdcbafa61ce220ba87dc2d9b80c77,2026-09-13T17:05:06Z,BetRivers,2026-09-13T17:22:54Z,Baltimore Ravens,Indianapolis Colts,h2h,Indianapolis Colts,,138,0.42016807,betrivers|b6cfdcbafa61ce220ba87dc2d9b80c77|h2h|event,0.39525692,https://api.the-odds-api.com/v4/sports/americanfootball_nfl
2026,1,b6cfdcbafa61ce220ba87dc2d9b80c77,2026-09-13T17:05:06Z,BetRivers,2026-09-13T17:22:54Z,Baltimore Ravens,Indianapolis Colts,spreads,Baltimore Ravens,-3.5,-108,0.51923077,betrivers|b6cfdcbafa61ce220ba87dc2d9b80c77|spreads|event,0.48768473,https://api.the-odds-api.com/v4/sports/americanfootball_nfl
2026,1,b6cfdcbafa61ce220ba87dc2d9b80c77,2026-09-13T17:05:06Z,BetRivers,2026-09-13T17:22:54Z,Baltimore Ravens,Indianapolis Colts,spreads,Indianapolis Colts,3.5,-120,0.54545455,betrivers|b6cfdcbafa61ce220ba87dc2d9b80c77|spreads|event,0.51231527,https://api.the-odds-api.com/v4/sports/americanfootball_nfl
2026,1,b6cfdcbafa61ce220ba87dc2d9b80c77,2026-09-13T17:05:06Z,BetRivers,2026-09-13T17:22:54Z,Baltimore Ravens,Indianapolis Colts,totals,Over,56.5,-117,0.53917051,betrivers|b6cfdcbafa61ce220ba87dc2d9b80c77|totals|56.5,0.50509082,https://api.the-odds-api.com/v4/sports/americanfootball_nfl
2026,1,b6cfdcbafa61ce220ba87dc2d9b80c77,2026-09-13T17:05:06Z,BetRivers,2026-09-13T17:22:54Z,Baltimore Ravens,Indianapolis Colts,totals,Under,56.5,-112,0.52830189,betrivers|b6cfdcbafa61ce220ba87dc2d9b80c77|totals|56.5,0.49490918,https://api.the-odds-api.com/v4/sports/americanfootball_nfl
2026,1,b6cfdcbafa61ce220ba87dc2d9b80c77,2026-09-13T17:05:06Z,FanDuel,2026-09-13T17:23:23Z,Baltimore Ravens,Indianapolis Colts,h2h,Baltimore Ravens,,-172,0.63235294,fanduel|b6cfdcbafa61ce220ba87dc2d9b80c77|h2h|event,0.59672637,https://api.the-odds-api.com/v4/sports/americanfootball_nfl
2026,1,b6cfdcbafa61ce220ba87dc2d9b80c77,2026-09-13T17:05:06Z,FanDuel,2026-09-13T17:23:23Z,Baltimore Ravens,Indianapolis Colts,h2h,Indianapolis Colts,,134,0.42735043,fanduel|b6cfdcbafa61ce220ba87dc2d9b80c77|h2h|event,0.40327363,https://api.the-odds-api.com/v4/sports/americanfootball_nfl
2026,1,b6cfdcbafa61ce220ba87dc2d9b80c77,2026-09-13T17:05:06Z,FanDuel,2026-09-13T17:23:23Z,Baltimore Ravens,Indianapolis Colts,spreads,Baltimore Ravens,-2.5,-132,0.56896552,fanduel|b6cfdcbafa61ce220ba87dc2d9b80c77|spreads|event,0.53225807,https://api.the-odds-api.com/v4/sports/americanfootball_nfl
2026,1,b6cfdcbafa61ce220ba87dc2d9b80c77,2026-09-13T17:05:06Z,FanDuel,2026-09-13T17:23:23Z,Baltimore Ravens,Indianapolis Colts,spreads,Indianapolis Colts,2.5,100,0.5,fanduel|b6cfdcbafa61ce220ba87dc2d9b80c77|spreads|event,0.46774193,https://api.the-odds-api.com/v4/sports/americanfootball_nfl
2026,1,b6cfdcbafa61ce220ba87dc2d9b80c77,2026-09-13T17:05:06Z,FanDuel,2026-09-13T17:23:23Z,Baltimore Ravens,Indianapolis Colts,totals,Over,56.5,-120,0.54545455,fanduel|b6cfdcbafa61ce220ba87dc2d9b80c77|totals|56.5,0.51012146,https://api.the-odds-api.com/v4/sports/americanfootball_nfl
2026,1,b6cfdcbafa61ce220ba87dc2d9b80c77,2026-09-13T17:05:06Z,FanDuel,2026-09-13T17:23:23Z,Baltimore Ravens,Indianapolis Colts,totals,Under,56.5,-110,0.52380952,fanduel|b6cfdcbafa61ce220ba87dc2d9b80c77|totals|56.5,0.48987854,https://api.the-odds-api.com/v4/sports/americanfootball_nfl
2026,1,b6cfdcbafa61ce220ba87dc2d9b80c77,2026-09-13T17:05:06Z,BetMGM,2026-09-13T17:23:22Z,Baltimore Ravens,Indianapolis Colts,h2h,Baltimore Ravens,,-185,0.64912281,betmgm|b6cfdcbafa61ce220ba87dc2d9b80c77|h2h|event,0.60705915,https://api.the-odds-api.com/v4/sports/americanfootball_nfl
2026,1,b6cfdcbafa61ce220ba87dc2d9b80c77,2026-09-13T17:05:06Z,BetMGM,2026-09-13T17:23:22Z,Baltimore Ravens,Indianapolis Colts,h2h,Indianapolis Colts,,138,0.42016807,betmgm|b6cfdcbafa61ce220ba87dc2d9b80c77|h2h|event,0.39294085,https://api.the-odds-api.com/v4/sports/americanfootball_nfl
2026,1,b6cfdcbafa61ce220ba87dc2d9b80c77,2026-09-13T17:05:06Z,BetMGM,2026-09-13T17:23:22Z,Baltimore Ravens,Indianapolis Colts,spreads,Baltimore Ravens,-3.5,105,0.48780488,betmgm|b6cfdcbafa61ce220ba87dc2d9b80c77|spreads|event,0.46753247,https://api.the-odds-api.com/v4/sports/americanfootball_nfl
2026,1,b6cfdcbafa61ce220ba87dc2d9b80c77,2026-09-13T17:05:06Z,BetMGM,2026-09-13T17:23:22Z,Baltimore Ravens,Indianapolis Colts,spreads,Indianapolis Colts,3.5,-125,0.55555556,betmgm|b6cfdcbafa61ce220ba87dc2d9b80c77|spreads|event,0.53246753,https://api.the-odds-api.com/v4/sports/americanfootball_nfl
2026,1,b6cfdcbafa61ce220ba87dc2d9b80c77,2026-09-13T17:05:06Z,BetMGM,2026-09-13T17:23:22Z,Baltimore Ravens,Indianapolis Colts,totals,Over,57.5,-110,0.52380952,betmgm|b6cfdcbafa61ce220ba87dc2d9b80c77|totals|57.5,0.48987854,https://api.the-odds-api.com/v4/sports/americanfootball_nfl
2026,1,b6cfdcbafa61ce220ba87dc2d9b80c77,2026-09-13T17:05:06Z,BetMGM,2026-09-13T17:23:22Z,Baltimore Ravens,Indianapolis Colts,totals,Under,57.5,-120,0.54545455,betmgm|b6cfdcbafa61ce220ba87dc2d9b80c77|totals|57.5,0.51012146,https://api.the-odds-api.com/v4/sports/americanfootball_nfl
2026,1,b6cfdcbafa61ce220ba87dc2d9b80c77,2026-09-13T17:05:06Z,Bovada,2026-09-13T17:22:10Z,Baltimore Ravens,Indianapolis Colts,h2h,Baltimore Ravens,,-165,0.62264151,bovada|b6cfdcbafa61ce220ba87dc2d9b80c77|h2h|event,0.58349706,https://api.the-odds-api.com/v4/sports/americanfootball_nfl
2026,1,b6cfdcbafa61ce220ba87dc2d9b80c77,2026-09-13T17:05:06Z,Bovada,2026-09-13T17:22:10Z,Baltimore Ravens,Indianapolis Colts,h2h,Indianapolis Colts,,125,0.44444444,bovada|b6cfdcbafa61ce220ba87dc2d9b80c77|h2h|event,0.41650294,https://api.the-odds-api.com/v4/sports/americanfootball_nfl
2026,1,b6cfdcbafa61ce220ba87dc2d9b80c77,2026-09-13T17:05:06Z,Bovada,2026-09-13T17:22:10Z,Baltimore Ravens,Indianapolis Colts,spreads,Baltimore Ravens,-2.5,-135,0.57446809,bovada|b6cfdcbafa61ce220ba87dc2d9b80c77|spreads|event,0.5407914,https://api.the-odds-api.com/v4/sports/americanfootball_nfl
2026,1,b6cfdcbafa61ce220ba87dc2d9b80c77,2026-09-13T17:05:06Z,Bovada,2026-09-13T17:22:10Z,Baltimore Ravens,Indianapolis Colts,spreads,Indianapolis Colts,2.5,105,0.48780488,bovada|b6cfdcbafa61ce220ba87dc2d9b80c77|spreads|event,0.4592086,https://api.the-odds-api.com/v4/sports/americanfootball_nfl
2026,1,b6cfdcbafa61ce220ba87dc2d9b80c77,2026-09-13T17:05:06Z,Bovada,2026-09-13T17:22:10Z,Baltimore Ravens,Indianapolis Colts,totals,Over,56.5,-115,0.53488372,bovada|b6cfdcbafa61ce220ba87dc2d9b80c77|totals|56.5,0.5,https://api.the-odds-api.com/v4/sports/americanfootball_nfl
2026,1,b6cfdcbafa61ce220ba87dc2d9b80c77,2026-09-13T17:05:06Z,Bovada,2026-09-13T17:22:10Z,Baltimore Ravens,Indianapolis Colts,totals,Under,56.5,-115,0.53488372,bovada|b6cfdcbafa61ce220ba87dc2d9b80c77|totals|56.5,0.5,https://api.the-odds-api.com/v4/sports/americanfootball_nfl
2026,1,b6cfdcbafa61ce220ba87dc2d9b80c77,2026-09-13T17:05:06Z,MyBookie.ag,2026-09-13T17:21:40Z,Baltimore Ravens,Indianapolis Colts,h2h,Baltimore Ravens,,-167,0.62546816,mybookieag|b6cfdcbafa61ce220ba87dc2d9b80c77|h2h|event,0.60017969,https://api.the-odds-api.com/v4/sports/americanfootball_nfl
2026,1,b6cfdcbafa61ce220ba87dc2d9b80c77,2026-09-13T17:05:06Z,MyBookie.ag,2026-09-13T17:21:40Z,Baltimore Ravens,Indianapolis Colts,h2h,Indianapolis Colts,,140,0.41666667,mybookieag|b6cfdcbafa61ce220ba87dc2d9b80c77|h2h|event,0.39982031,https://api.the-odds-api.com/v4/sports/americanfootball_nfl
2026,1,b6cfdcbafa61ce220ba87dc2d9b80c77,2026-09-13T17:05:06Z,MyBookie.ag,2026-09-13T17:21:40Z,Baltimore Ravens,Indianapolis Colts,spreads,Baltimore Ravens,-3.5,-105,0.51219512,mybookieag|b6cfdcbafa61ce220ba87dc2d9b80c77|spreads|event,0.48619371,https://api.the-odds-api.com/v4/sports/americanfootball_nfl
2026,1,b6cfdcbafa61ce220ba87dc2d9b80c77,2026-09-13T17:05:06Z,MyBookie.ag,2026-09-13T17:21:40Z,Baltimore Ravens,Indianapolis Colts,spreads,Indianapolis Colts,3.5,-118,0.5412844,mybookieag|b6cfdcbafa61ce220ba87dc2d9b80c77|spreads|event,0.51380629,https://api.the-odds-api.com/v4/sports/americanfootball_nfl
2026,1,b6cfdcbafa61ce220ba87dc2d9b80c77,2026-09-13T17:05:06Z,MyBookie.ag,2026-09-13T17:21:40Z,Baltimore Ravens,Indianapolis Colts,totals,Over,56.5,-111,0.52606635,mybookieag|b6cfdcbafa61ce220ba87dc2d9b80c77|totals|56.5,0.5,https://api.the-odds-api.com/v4/sports/americanfootball_nfl
2026,1,b6cfdcbafa61ce220ba87dc2d9b80c77,2026-09-13T17:05:06Z,MyBookie.ag,2026-09-13T17:21:40Z,Baltimore Ravens,Indianapolis Colts,totals,Under,56.5,-111,0.52606635,mybookieag|b6cfdcbafa61ce220ba87dc2d9b80c77|totals|56.5,0.5,https://api.the-odds-api.com/v4/sports/americanfootball_nfl
2026,1,c1d3fcec25aaeb06ebd2244d33d338e0,2026-09-13T17:05:30Z,DraftKings,2026-09-13T17:22:54Z,New Orleans Saints,Detroit Lions,h2h,Detroit Lions,,-389,0.79550102,draftkings|c1d3fcec25aaeb06ebd2244d33d338e0|h2h|event,0.75191392,https://api.the-odds-api.com/v4/sports/americanfootball_nfl
2026,1,c1d3fcec25aaeb06ebd2244d33d338e0,2026-09-13T17:05:30Z,DraftKings,2026-09-13T17:22:54Z,New Orleans Saints,Detroit Lions,h2h,New Orleans Saints,,281,0.26246719,draftkings|c1d3fcec25aaeb06ebd2244d33d338e0|h2h|event,0.24808608,https://api.the-odds-api.com/v4/sports/americanfootball_nfl
2026,1,c1d3fcec25aaeb06ebd2244d33d338e0,2026-09-13T17:05:30Z,DraftKings,2026-09-13T17:22:54Z,New Orleans Saints,Detroit Lions,spreads,Detroit Lions,-7.5,-111,0.52606635,draftkings|c1d3fcec25aaeb06ebd2244d33d338e0|spreads|event,0.49190578,https://api.the-odds-api.com/v4/sports/americanfootball_nfl
2026,1,c1d3fcec25aaeb06ebd2244d33d338e0,2026-09-13T17:05:30Z,DraftKings,2026-09-13T17:22:54Z,New Orleans Saints,Detroit Lions,spreads,New Orleans Saints,7.5,-119,0.543379,draftkings|c1d3fcec25aaeb06ebd2244d33d338e0|spreads|event,0.50809422,https://api.the-odds-api.com/v4/sports/americanfootball_nfl
2026,1,c1d3fcec25aaeb06ebd2244d33d338e0,2026-09-13T17:05:30Z,DraftKings,2026-09-13T17:22:54Z,New Orleans Saints,Detroit Lions,totals,Over,45.5,-116,0.53703704,draftkings|c1d3fcec25aaeb06ebd2244d33d338e0|totals|45.5,0.503054,https://api.the-odds-api.com/v4/sports/americanfootball_nfl
2026,1,c1d3fcec25aaeb06ebd2244d33d338e0,2026-09-13T17:05:30Z,DraftKings,2026-09-13T17:22:54Z,New Orleans Saints,Detroit Lions,totals,Under,45.5,-113,0.53051643,draftkings|c1d3fcec25aaeb06ebd2244d33d338e0|totals|45.5,0.496946,https://api.the-odds-api.com/v4/sports/americanfootball_nfl
2026,1,c1d3fcec25aaeb06ebd2244d33d338e0,2026-09-13T17:05:30Z,FanDuel,2026-09-13T17:23:23Z,New Orleans Saints,Detroit Lions,h2h,Detroit Lions,,-460,0.82142857,fanduel|c1d3fcec25aaeb06ebd2244d33d338e0|h2h|event,0.7752809,https://api.the-odds-api.com/v4/sports/americanfootball_nfl
2026,1,c1d3fcec25aaeb06ebd2244d33d338e0,2026-09-13T17:05:30Z,FanDuel,2026-09-13T17:23:23Z,New Orleans Saints,Detroit Lions,h2h,New Orleans Saints,,320,0.23809524,fanduel|c1d3fcec25aaeb06ebd2244d33d338e0|h2h|event,0.2247191,https://api.the-odds-api.com/v4/sports/americanfootball_nfl
2026,1,c1d3fcec25aaeb06ebd2244d33d338e0,2026-09-13T17:05:30Z,FanDuel,2026-09-13T17:23:23Z,New Orleans Saints,Detroit Lions,spreads,Detroit Lions,-7.5,-108,0.51923077,fanduel|c1d3fcec25aaeb06ebd2244d33d338e0|spreads|event,0.48581618,https://api.the-odds-api.com/v4/sports/americanfootball_nfl
2026,1,c1d3fcec25aaeb06ebd2244d33d338e0,2026-09-13T17:05:30Z,FanDuel,2026-09-13T17:23:23Z,New Orleans Saints,Detroit Lions,spreads,New Orleans Saints,7.5,-122,0.54954955,fanduel|c1d3fcec25aaeb06ebd2244d33d338e0|spreads|event,0.51418382,https://api.the-odds-api.com/v4/sports/americanfootball_nfl
2026,1,c1d3fcec25aaeb06ebd2244d33d338e0,2026-09-13T17:05:30Z,FanDuel,2026-09-13T17:23:23Z,New Orleans Saints,Detroit Lions,totals,Over,45.5,-136,0.57627119,fanduel|c1d3fcec25aaeb06ebd2244d33d338e0|totals|45.5,0.53790727,https://api.the-odds-api.com/v4/sports/americanfootball_nfl
2026,1,c1d3fcec25aaeb06ebd2244d33d338e0,2026-09-13T17:05:30Z,FanDuel,2026-09-13T17:23:23Z,New Orleans Saints,Detroit Lions,totals,Under,45.5,102,0.4950495,fanduel|c1d3fcec25aaeb06ebd2244d33d338e0|totals|45.5,0.46209273,https://api.the-odds-api.com/v4/sports/americanfootball_nfl
2026,1,c1d3fcec25aaeb06ebd2244d33d338e0,2026-09-13T17:05:30Z,BetRivers,2026-09-13T17:22:54Z,New Orleans Saints,Detroit Lions,h2h,Detroit Lions,,-435,0.81308411,betrivers|c1d3fcec25aaeb06ebd2244d33d338e0|h2h|event,0.76924736,https://api.the-odds-api.com/v4/sports/americanfootball_nfl
2026,1,c1d3fcec25aaeb06ebd2244d33d338e0,2026-09-13T17:05:30Z,BetRivers,2026-09-13T17:22:54Z,New Orleans Saints,Detroit Lions,h2h,New Orleans Saints,,310,0.24390244,betrivers|c1d3fcec25aaeb06ebd2244d33d338e0|h2h|event,0.23075264,https://api.the-odds-api.com/v4/sports/americanfootball_nfl
2026,1,c1d3fcec25aaeb06ebd2244d33d338e0,2026-09-13T17:05:30Z,BetRivers,2026-09-13T17:22:54Z,New Orleans Saints,Detroit Lions,spreads,Detroit Lions,-7.5,-109,0.5215311,betrivers|c1d3fcec25aaeb06ebd2244d33d338e0|spreads|event,0.48878924,https://api.the-odds-api.com/v4/sports/americanfootball_nfl
2026,1,c1d3fcec25aaeb06ebd2244d33d338e0,2026-09-13T17:05:30Z,BetRivers,2026-09-13T17:22:54Z,New Orleans Saints,Detroit Lions,spreads,New Orleans Saints,7.5,-120,0.54545455,betrivers|c1d3fcec25aaeb06ebd2244d33d338e0|spreads|event,0.51121076,https://api.the-odds-api.com/v4/sports/americanfootball_nfl
2026,1,c1d3fcec25aaeb06ebd2244d33d338e0,2026-09-13T17:05:30Z,BetRivers,2026-09-13T17:22:54Z,New Orleans Saints,Detroit Lions,totals,Over,46.0,-117,0.53917051,betrivers|c1d3fcec25aaeb06ebd2244d33d338e0|totals|46.0,0.50509082,https://api.the-odds-api.com/v4/sports/americanfootball_nfl
2026,1,c1d3fcec25aaeb06ebd2244d33d338e0,2026-09-13T17:05:30Z,BetRivers,2026-09-13T17:22:54Z,New Orleans Saints,Detroit Lions,totals,Under,46.0,-112,0.52830189,betrivers|c1d3fcec25aaeb06ebd2244d33d338e0|totals|46.0,0.49490918,https://api.the-odds-api.com/v4/sports/americanfootball_nfl
2026,1,c1d3fcec25aaeb06ebd2244d33d338e0,2026-09-13T17:05:30Z,BetMGM,2026-09-13T17:23:22Z,New Orleans Saints,Detroit Lions,h2h,Detroit Lions,,-425,0.80952381,betmgm|c1d3fcec25aaeb06ebd2244d33d338e0|h2h|event,0.76846747,https://api.the-odds-api.com/v4/sports/americanfootball_nfl
2026,1,c1d3fcec25aaeb06ebd2244d33d338e0,2026-09-13T17:05:30Z,BetMGM,2026-09-13T17:23:22Z,New Orleans Saints,Detroit Lions,h2h,New Orleans Saints,,310,0.24390244,betmgm|c1d3fcec25aaeb06ebd2244d33d338e0|h2h|event,0.23153253,https://api.the-odds-api.com/v4/sports/americanfootball_nfl
2026,1,c1d3fcec25aaeb06ebd2244d33d338e0,2026-09-13T17:05:30Z,BetMGM,2026-09-13T17:23:22Z,New Orleans Saints,Detroit Lions,spreads,Detroit Lions,-7.5,-102,0.5049505,betmgm|c1d3fcec25aaeb06ebd2244d33d338e0|spreads|event,0.48560673,https://api.the-odds-api.com/v4/sports/americanfootball_nfl
2026,1,c1d3fcec25aaeb06ebd2244d33d338e0,2026-09-13T17:05:30Z,BetMGM,2026-09-13T17:23:22Z,New Orleans Saints,Detroit Lions,spreads,New Orleans Saints,7.5,-115,0.53488372,betmgm|c1d3fcec25aaeb06ebd2244d33d338e0|spreads|event,0.51439327,https://api.the-odds-api.com/v4/sports/americanfootball_nfl
2026,1,c1d3fcec25aaeb06ebd2244d33d338e0,2026-09-13T17:05:30Z,BetMGM,2026-09-13T17:23:22Z,New Orleans Saints,Detroit Lions,totals,Over,46.5,-110,0.52380952,betmgm|c1d3fcec25aaeb06ebd2244d33d338e0|totals|46.5,0.48987854,https://api.the-odds-api.com/v4/sports/americanfootball_nfl
2026,1,c1d3fcec25aaeb06ebd2244d33d338e0,2026-09-13T17:05:30Z,BetMGM,2026-09-13T17:23:22Z,New Orleans Saints,Detroit Lions,totals,Under,46.5,-120,0.54545455,betmgm|c1d3fcec25aaeb06ebd2244d33d338e0|totals|46.5,0.51012146,https://api.the-odds-api.com/v4/sports/americanfootball_nfl
2026,1,c1d3fcec25aaeb06ebd2244d33d338e0,2026-09-13T17:05:30Z,Bovada,2026-09-13T17:22:10Z,New Orleans Saints,Detroit Lions,h2h,Detroit Lions,,-400,0.8,bovada|c1d3fcec25aaeb06ebd2244d33d338e0|h2h|event,0.75,https://api.the-odds-api.com/v4/sports/americanfootball_nfl
2026,1,c1d3fcec25aaeb06ebd2244d33d338e0,2026-09-13T17:05:30Z,Bovada,2026-09-13T17:22:10Z,New Orleans Saints,Detroit Lions,h2h,New Orleans Saints,,275,0.26666667,bovada|c1d3fcec25aaeb06ebd2244d33d338e0|h2h|event,0.25,https://api.the-odds-api.com/v4/sports/americanfootball_nfl
2026,1,c1d3fcec25aaeb06ebd2244d33d338e0,2026-09-13T17:05:30Z,Bovada,2026-09-13T17:22:10Z,New Orleans Saints,Detroit Lions,spreads,Detroit Lions,-7.5,-110,0.52380952,bovada|c1d3fcec25aaeb06ebd2244d33d338e0|spreads|event,0.48987854,https://api.the-odds-api.com/v4/sports/americanfootball_nfl
2026,1,c1d3fcec25aaeb06ebd2244d33d338e0,2026-09-13T17:05:30Z,Bovada,2026-09-13T17:22:10Z,New Orleans Saints,Detroit Lions,spreads,New Orleans Saints,7.5,-120,0.54545455,bovada|c1d3fcec25aaeb06ebd2244d33d338e0|spreads|event,0.51012146,https://api.the-odds-api.com/v4/sports/americanfootball_nfl
2026,1,c1d3fcec25aaeb06ebd2244d33d338e0,2026-09-13T17:05:30Z,Bovada,2026-09-13T17:22:10Z,New Orleans Saints,Detroit Lions,totals,Over,45.5,-130,0.56521739,bovada|c1d3fcec25aaeb06ebd2244d33d338e0|totals|45.5,0.53061224,https://api.the-odds-api.com/v4/sports/americanfootball_nfl
2026,1,c1d3fcec25aaeb06ebd2244d33d338e0,2026-09-13T17:05:30Z,Bovada,2026-09-13T17:22:10Z,New Orleans Saints,Detroit Lions,totals,Under,45.5,100,0.5,bovada|c1d3fcec25aaeb06ebd2244d33d338e0|totals|45.5,0.46938776,https://api.the-odds-api.com/v4/sports/americanfootball_nfl
2026,1,c1d3fcec25aaeb06ebd2244d33d338e0,2026-09-13T17:05:30Z,MyBookie.ag,2026-09-13T17:19:35Z,New Orleans Saints,Detroit Lions,h2h,Detroit Lions,,-250,0.71428571,mybookieag|c1d3fcec25aaeb06ebd2244d33d338e0|h2h|event,0.6744186,https://api.the-odds-api.com/v4/sports/americanfootball_nfl
2026,1,c1d3fcec25aaeb06ebd2244d33d338e0,2026-09-13T17:05:30Z,MyBookie.ag,2026-09-13T17:19:35Z,New Orleans Saints,Detroit Lions,h2h,New Orleans Saints,,190,0.34482759,mybookieag|c1d3fcec25aaeb06ebd2244d33d338e0|h2h|event,0.3255814,https://api.the-odds-api.com/v4/sports/americanfootball_nfl
2026,1,c1d3fcec25aaeb06ebd2244d33d338e0,2026-09-13T17:05:30Z,MyBookie.ag,2026-09-13T17:19:35Z,New Orleans Saints,Detroit Lions,spreads,Detroit Lions,-5.5,-118,0.5412844,mybookieag|c1d3fcec25aaeb06ebd2244d33d338e0|spreads|event,0.50712889,https://api.the-odds-api.com/v4/sports/americanfootball_nfl
2026,1,c1d3fcec25aaeb06ebd2244d33d338e0,2026-09-13T17:05:30Z,MyBookie.ag,2026-09-13T17:19:35Z,New Orleans Saints,Detroit Lions,spreads,New Orleans Saints,5.5,-111,0.52606635,mybookieag|c1d3fcec25aaeb06ebd2244d33d338e0|spreads|event,0.49287111,https://api.the-odds-api.com/v4/sports/americanfootball_nfl
2026,1,c1d3fcec25aaeb06ebd2244d33d338e0,2026-09-13T17:05:30Z,MyBookie.ag,2026-09-13T17:19:35Z,New Orleans Saints,Detroit Lions,totals,Over,45.5,-111,0.52606635,mybookieag|c1d3fcec25aaeb06ebd2244d33d338e0|totals|45.5,0.5,https://api.the-odds-api.com/v4/sports/americanfootball_nfl
2026,1,c1d3fcec25aaeb06ebd2244d33d338e0,2026-09-13T17:05:30Z,MyBookie.ag,2026-09-13T17:19:35Z,New Orleans Saints,Detroit Lions,totals,Under,45.5,-111,0.52606635,mybookieag|c1d3fcec25aaeb06ebd2244d33d338e0|totals|45.5,0.5,https://api.the-odds-api.com/v4/sports/americanfootball_nfl
2026,1,1edfa5ceaa1ad2cb57df1c1b908731f6,2026-09-13T20:25:00Z,DraftKings,2026-09-13T17:22:54Z,Arizona Cardinals,Los Angeles Chargers,h2h,Arizona Cardinals,,380,0.20833333,draftkings|1edfa5ceaa1ad2cb57df1c1b908731f6|h2h|event,0.2,https://api.the-odds-api.com/v4/sports/americanfootball_nfl
2026,1,1edfa5ceaa1ad2cb57df1c1b908731f6,2026-09-13T20:25:00Z,DraftKings,2026-09-13T17:22:54Z,Arizona Cardinals,Los Angeles Chargers,h2h,Los Angeles Chargers,,-500,0.83333333,draftkings|1edfa5ceaa1ad2cb57df1c1b908731f6|h2h|event,0.8,https://api.the-odds-api.com/v4/sports/americanfootball_nfl
2026,1,1edfa5ceaa1ad2cb57df1c1b908731f6,2026-09-13T20:25:00Z,DraftKings,2026-09-13T17:22:54Z,Arizona Cardinals,Los Angeles Chargers,spreads,Arizona Cardinals,9.5,-110,0.52380952,draftkings|1edfa5ceaa1ad2cb57df1c1b908731f6|spreads|event,0.5,https://api.the-odds-api.com/v4/sports/americanfootball_nfl
2026,1,1edfa5ceaa1ad2cb57df1c1b908731f6,2026-09-13T20:25:00Z,DraftKings,2026-09-13T17:22:54Z,Arizona Cardinals,Los Angeles Chargers,spreads,Los Angeles Chargers,-9.5,-110,0.52380952,draftkings|1edfa5ceaa1ad2cb57df1c1b908731f6|spreads|event,0.5,https://api.the-odds-api.com/v4/sports/americanfootball_nfl
2026,1,1edfa5ceaa1ad2cb57df1c1b908731f6,2026-09-13T20:25:00Z,DraftKings,2026-09-13T17:22:54Z,Arizona Cardinals,Los Angeles Chargers,totals,Over,47.5,-105,0.51219512,draftkings|1edfa5ceaa1ad2cb57df1c1b908731f6|totals|47.5,0.48916576,https://api.the-odds-api.com/v4/sports/americanfootball_nfl
2026,1,1edfa5ceaa1ad2cb57df1c1b908731f6,2026-09-13T20:25:00Z,DraftKings,2026-09-13T17:22:54Z,Arizona Cardinals,Los Angeles Chargers,totals,Under,47.5,-115,0.53488372,draftkings|1edfa5ceaa1ad2cb57df1c1b908731f6|totals|47.5,0.51083424,https://api.the-odds-api.com/v4/sports/americanfootball_nfl
2026,1,1edfa5ceaa1ad2cb57df1c1b908731f6,2026-09-13T20:25:00Z,LowVig.ag,2026-09-13T17:23:25Z,Arizona Cardinals,Los Angeles Chargers,h2h,Arizona Cardinals,,390,0.20408163,lowvig|1edfa5ceaa1ad2cb57df1c1b908731f6|h2h|event,0.19620457,https://api.the-odds-api.com/v4/sports/americanfootball_nfl
2026,1,1edfa5ceaa1ad2cb57df1c1b908731f6,2026-09-13T20:25:00Z,LowVig.ag,2026-09-13T17:23:25Z,Arizona Cardinals,Los Angeles Chargers,h2h,Los Angeles Chargers,,-510,0.83606557,lowvig|1edfa5ceaa1ad2cb57df1c1b908731f6|h2h|event,0.80379543,https://api.the-odds-api.com/v4/sports/americanfootball_nfl
2026,1,1edfa5ceaa1ad2cb57df1c1b908731f6,2026-09-13T20:25:00Z,LowVig.ag,2026-09-13T17:23:25Z,Arizona Cardinals,Los Angeles Chargers,spreads,Arizona Cardinals,9.5,-112,0.52830189,lowvig|1edfa5ceaa1ad2cb57df1c1b908731f6|spreads|event,0.51500732,https://api.the-odds-api.com/v4/sports/americanfootball_nfl
2026,1,1edfa5ceaa1ad2cb57df1c1b908731f6,2026-09-13T20:25:00Z,LowVig.ag,2026-09-13T17:23:25Z,Arizona Cardinals,Los Angeles Chargers,spreads,Los Angeles Chargers,-9.5,101,0.49751244,lowvig|1edfa5ceaa1ad2cb57df1c1b908731f6|spreads|event,0.48499268,https://api.the-odds-api.com/v4/sports/americanfootball_nfl
2026,1,1edfa5ceaa1ad2cb57df1c1b908731f6,2026-09-13T20:25:00Z,LowVig.ag,2026-09-13T17:23:25Z,Arizona Cardinals,Los Angeles Chargers,totals,Over,47.0,-109,0.5215311,lowvig|1edfa5ceaa1ad2cb57df1c1b908731f6|totals|47.0,0.50451569,https://api.the-odds-api.com/v4/sports/americanfootball_nfl
2026,1,1edfa5ceaa1ad2cb57df1c1b908731f6,2026-09-13T20:25:00Z,LowVig.ag,2026-09-13T17:23:25Z,Arizona Cardinals,Los Angeles Chargers,totals,Under,47.0,-105,0.51219512,lowvig|1edfa5ceaa1ad2cb57df1c1b908731f6|totals|47.0,0.49548431,https://api.the-odds-api.com/v4/sports/americanfootball_nfl
2026,1,1edfa5ceaa1ad2cb57df1c1b908731f6,2026-09-13T20:25:00Z,BetOnline.ag,2026-09-13T17:22:53Z,Arizona Cardinals,Los Angeles Chargers,h2h,Arizona Cardinals,,390,0.20408163,betonlineag|1edfa5ceaa1ad2cb57df1c1b908731f6|h2h|event,0.19620457,https://api.the-odds-api.com/v4/sports/americanfootball_nfl
2026,1,1edfa5ceaa1ad2cb57df1c1b908731f6,2026-09-13T20:25:00Z,BetOnline.ag,2026-09-13T17:22:53Z,Arizona Cardinals,Los Angeles Chargers,h2h,Los Angeles Chargers,,-510,0.83606557,betonlineag|1edfa5ceaa1ad2cb57df1c1b908731f6|h2h|event,0.80379543,https://api.the-odds-api.com/v4/sports/americanfootball_nfl
2026,1,1edfa5ceaa1ad2cb57df1c1b908731f6,2026-09-13T20:25:00Z,BetOnline.ag,2026-09-13T17:22:53Z,Arizona Cardinals,Los Angeles Chargers,spreads,Arizona Cardinals,9.5,-115,0.53488372,betonlineag|1edfa5ceaa1ad2cb57df1c1b908731f6|spreads|event,0.51083424,https://api.the-odds-api.com/v4/sports/americanfootball_nfl
2026,1,1edfa5ceaa1ad2cb57df1c1b908731f6,2026-09-13T20:25:00Z,BetOnline.ag,2026-09-13T17:22:53Z,Arizona Cardinals,Los Angeles Chargers,spreads,Los Angeles Chargers,-9.5,-105,0.51219512,betonlineag|1edfa5ceaa1ad2cb57df1c1b908731f6|spreads|event,0.48916576,https://api.the-odds-api.com/v4/sports/americanfootball_nfl
2026,1,1edfa5ceaa1ad2cb57df1c1b908731f6,2026-09-13T20:25:00Z,BetOnline.ag,2026-09-13T17:22:53Z,Arizona Cardinals,Los Angeles Chargers,totals,Over,47.0,-112,0.52830189,betonlineag|1edfa5ceaa1ad2cb57df1c1b908731f6|totals|47.0,0.50432976,https://api.the-odds-api.com/v4/sports/americanfootball_nfl
2026,1,1edfa5ceaa1ad2cb57df1c1b908731f6,2026-09-13T20:25:00Z,BetOnline.ag,2026-09-13T17:22:53Z,Arizona Cardinals,Los Angeles Chargers,totals,Under,47.0,-108,0.51923077,betonlineag|1edfa5ceaa1ad2cb57df1c1b908731f6|totals|47.0,0.49567024,https://api.the-odds-api.com/v4/sports/americanfootball_nfl
2026,1,1edfa5ceaa1ad2cb57df1c1b908731f6,2026-09-13T20:25:00Z,BetUS,2026-09-13T17:22:34Z,Arizona Cardinals,Los Angeles Chargers,h2h,Arizona Cardinals,,395,0.2020202,betus|1edfa5ceaa1ad2cb57df1c1b908731f6|h2h|event,0.19460839,https://api.the-odds-api.com/v4/sports/americanfootball_nfl
2026,1,1edfa5ceaa1ad2cb57df1c1b908731f6,2026-09-13T20:25:00Z,BetUS,2026-09-13T17:22:34Z,Arizona Cardinals,Los Angeles Chargers,h2h,Los Angeles Chargers,,-510,0.83606557,betus|1edfa5ceaa1ad2cb57df1c1b908731f6|h2h|event,0.80539161,https://api.the-odds-api.com/v4/sports/americanfootball_nfl
2026,1,1edfa5ceaa1ad2cb57df1c1b908731f6,2026-09-13T20:25:00Z,BetUS,2026-09-13T17:22:34Z,Arizona Cardinals,Los Angeles Chargers,spreads,Arizona Cardinals,9.5,-115,0.53488372,betus|1edfa5ceaa1ad2cb57df1c1b908731f6|spreads|event,0.51083424,https://api.the-odds-api.com/v4/sports/americanfootball_nfl
2026,1,1edfa5ceaa1ad2cb57df1c1b908731f6,2026-09-13T20:25:00Z,BetUS,2026-09-13T17:22:34Z,Arizona Cardinals,Los Angeles Chargers,spreads,Los Angeles Chargers,-9.5,-105,0.51219512,betus|1edfa5ceaa1ad2cb57df1c1b908731f6|spreads|event,0.48916576,https://api.the-odds-api.com/v4/sports/americanfootball_nfl
2026,1,1edfa5ceaa1ad2cb57df1c1b908731f6,2026-09-13T20:25:00Z,BetUS,2026-09-13T17:22:34Z,Arizona Cardinals,Los Angeles Chargers,totals,Over,47.0,-110,0.52380952,betus|1edfa5ceaa1ad2cb57df1c1b908731f6|totals|47.0,0.5,https://api.the-odds-api.com/v4/sports/americanfootball_nfl
2026,1,1edfa5ceaa1ad2cb57df1c1b908731f6,2026-09-13T20:25:00Z,BetUS,2026-09-13T17:22:34Z,Arizona Cardinals,Los Angeles Chargers,totals,Under,47.0,-110,0.52380952,betus|1edfa5ceaa1ad2cb57df1c1b908731f6|totals|47.0,0.5,https://api.the-odds-api.com/v4/sports/americanfootball_nfl
2026,1,1edfa5ceaa1ad2cb57df1c1b908731f6,2026-09-13T20:25:00Z,BetRivers,2026-09-13T17:22:54Z,Arizona Cardinals,Los Angeles Chargers,h2h,Arizona Cardinals,,360,0.2173913,betrivers|1edfa5ceaa1ad2cb57df1c1b908731f6|h2h|event,0.20689655,https://api.the-odds-api.com/v4/sports/americanfootball_nfl
2026,1,1edfa5ceaa1ad2cb57df1c1b908731f6,2026-09-13T20:25:00Z,BetRivers,2026-09-13T17:22:54Z,Arizona Cardinals,Los Angeles Chargers,h2h,Los Angeles Chargers,,-500,0.83333333,betrivers|1edfa5ceaa1ad2cb57df1c1b908731f6|h2h|event,0.79310345,https://api.the-odds-api.com/v4/sports/americanfootball_nfl
2026,1,1edfa5ceaa1ad2cb57df1c1b908731f6,2026-09-13T20:25:00Z,BetRivers,2026-09-13T17:22:54Z,Arizona Cardinals,Los Angeles Chargers,spreads,Arizona Cardinals,9.0,-109,0.5215311,betrivers|1edfa5ceaa1ad2cb57df1c1b908731f6|spreads|event,0.4967753,https://api.the-odds-api.com/v4/sports/americanfootball_nfl
2026,1,1edfa5ceaa1ad2cb57df1c1b908731f6,2026-09-13T20:25:00Z,BetRivers,2026-09-13T17:22:54Z,Arizona Cardinals,Los Angeles Chargers,spreads,Los Angeles Chargers,-9.0,-112,0.52830189,betrivers|1edfa5ceaa1ad2cb57df1c1b908731f6|spreads|event,0.5032247,https://api.the-odds-api.com/v4/sports/americanfootball_nfl
2026,1,1edfa5ceaa1ad2cb57df1c1b908731f6,2026-09-13T20:25:00Z,BetRivers,2026-09-13T17:22:54Z,Arizona Cardinals,Los Angeles Chargers,totals,Over,47.0,-113,0.53051643,betrivers|1edfa5ceaa1ad2cb57df1c1b908731f6|totals|47.0,0.50537542,https://api.the-odds-api.com/v4/sports/americanfootball_nfl
2026,1,1edfa5ceaa1ad2cb57df1c1b908731f6,2026-09-13T20:25:00Z,BetRivers,2026-09-13T17:22:54Z,Arizona Cardinals,Los Angeles Chargers,totals,Under,47.0,-108,0.51923077,betrivers|1edfa5ceaa1ad2cb57df1c1b908731f6|totals|47.0,0.49462458,https://api.the-odds-api.com/v4/sports/americanfootball_nfl
2026,1,1edfa5ceaa1ad2cb57df1c1b908731f6,2026-09-13T20:25:00Z,FanDuel,2026-09-13T17:23:23Z,Arizona Cardinals,Los Angeles Chargers,h2h,Arizona Cardinals,,385,0.20618557,fanduel|1edfa5ceaa1ad2cb57df1c1b908731f6|h2h|event,0.19834711,https://api.the-odds-api.com/v4/sports/americanfootball_nfl
2026,1,1edfa5ceaa1ad2cb57df1c1b908731f6,2026-09-13T20:25:00Z,FanDuel,2026-09-13T17:23:23Z,Arizona Cardinals,Los Angeles Chargers,h2h,Los Angeles Chargers,,-500,0.83333333,fanduel|1edfa5ceaa1ad2cb57df1c1b908731f6|h2h|event,0.80165289,https://api.the-odds-api.com/v4/sports/americanfootball_nfl
2026,1,1edfa5ceaa1ad2cb57df1c1b908731f6,2026-09-13T20:25:00Z,FanDuel,2026-09-13T17:23:23Z,Arizona Cardinals,Los Angeles Chargers,spreads,Arizona Cardinals,8.5,-105,0.51219512,fanduel|1edfa5ceaa1ad2cb57df1c1b908731f6|spreads|event,0.48916576,https://api.the-odds-api.com/v4/sports/americanfootball_nfl
2026,1,1edfa5ceaa1ad2cb57df1c1b908731f6,2026-09-13T20:25:00Z,FanDuel,2026-09-13T17:23:23Z,Arizona Cardinals,Los Angeles Chargers,spreads,Los Angeles Chargers,-8.5,-115,0.53488372,fanduel|1edfa5ceaa1ad2cb57df1c1b908731f6|spreads|event,0.51083424,https://api.the-odds-api.com/v4/sports/americanfootball_nfl
2026,1,1edfa5ceaa1ad2cb57df1c1b908731f6,2026-09-13T20:25:00Z,FanDuel,2026-09-13T17:23:23Z,Arizona Cardinals,Los Angeles Chargers,totals,Over,47.5,-104,0.50980392,fanduel|1edfa5ceaa1ad2cb57df1c1b908731f6|totals|47.5,0.48502482,https://api.the-odds-api.com/v4/sports/americanfootball_nfl
2026,1,1edfa5ceaa1ad2cb57df1c1b908731f6,2026-09-13T20:25:00Z,FanDuel,2026-09-13T17:23:23Z,Arizona Cardinals,Los Angeles Chargers,totals,Under,47.5,-118,0.5412844,fanduel|1edfa5ceaa1ad2cb57df1c1b908731f6|totals|47.5,0.51497518,https://api.the-odds-api.com/v4/sports/americanfootball_nfl
2026,1,1edfa5ceaa1ad2cb57df1c1b908731f6,2026-09-13T20:25:00Z,BetMGM,2026-09-13T17:23:22Z,Arizona Cardinals,Los Angeles Chargers,h2h,Arizona Cardinals,,380,0.20833333,betmgm|1edfa5ceaa1ad2cb57df1c1b908731f6|h2h|event,0.2,https://api.the-odds-api.com/v4/sports/americanfootball_nfl
2026,1,1edfa5ceaa1ad2cb57df1c1b908731f6,2026-09-13T20:25:00Z,BetMGM,2026-09-13T17:23:22Z,Arizona Cardinals,Los Angeles Chargers,h2h,Los Angeles Chargers,,-500,0.83333333,betmgm|1edfa5ceaa1ad2cb57df1c1b908731f6|h2h|event,0.8,https://api.the-odds-api.com/v4/sports/americanfootball_nfl
2026,1,1edfa5ceaa1ad2cb57df1c1b908731f6,2026-09-13T20:25:00Z,BetMGM,2026-09-13T17:23:22Z,Arizona Cardinals,Los Angeles Chargers,spreads,Arizona Cardinals,8.5,-110,0.52380952,betmgm|1edfa5ceaa1ad2cb57df1c1b908731f6|spreads|event,0.50219491,https://api.the-odds-api.com/v4/sports/americanfootball_nfl
2026,1,1edfa5ceaa1ad2cb57df1c1b908731f6,2026-09-13T20:25:00Z,BetMGM,2026-09-13T17:23:22Z,Arizona Cardinals,Los Angeles Chargers,spreads,Los Angeles Chargers,-8.5,-108,0.51923077,betmgm|1edfa5ceaa1ad2cb57df1c1b908731f6|spreads|event,0.49780509,https://api.the-odds-api.com/v4/sports/americanfootball_nfl
2026,1,1edfa5ceaa1ad2cb57df1c1b908731f6,2026-09-13T20:25:00Z,BetMGM,2026-09-13T17:23:22Z,Arizona Cardinals,Los Angeles Chargers,totals,Over,47.5,-108,0.51923077,betmgm|1edfa5ceaa1ad2cb57df1c1b908731f6|totals|47.5,0.49780509,https://api.the-odds-api.com/v4/sports/americanfootball_nfl
2026,1,1edfa5ceaa1ad2cb57df1c1b908731f6,2026-09-13T20:25:00Z,BetMGM,2026-09-13T17:23:22Z,Arizona Cardinals,Los Angeles Chargers,totals,Under,47.5,-110,0.52380952,betmgm|1edfa5ceaa1ad2cb57df1c1b908731f6|totals|47.5,0.50219491,https://api.the-odds-api.com/v4/sports/americanfootball_nfl
2026,1,1edfa5ceaa1ad2cb57df1c1b908731f6,2026-09-13T20:25:00Z,Bovada,2026-09-13T17:19:40Z,Arizona Cardinals,Los Angeles Chargers,h2h,Arizona Cardinals,,370,0.21276596,bovada|1edfa5ceaa1ad2cb57df1c1b908731f6|h2h|event,0.20286,https://api.the-odds-api.com/v4/sports/americanfootball_nfl
2026,1,1edfa5ceaa1ad2cb57df1c1b908731f6,2026-09-13T20:25:00Z,Bovada,2026-09-13T17:19:40Z,Arizona Cardinals,Los Angeles Chargers,h2h,Los Angeles Chargers,,-510,0.83606557,bovada|1edfa5ceaa1ad2cb57df1c1b908731f6|h2h|event,0.79714,https://api.the-odds-api.com/v4/sports/americanfootball_nfl
2026,1,1edfa5ceaa1ad2cb57df1c1b908731f6,2026-09-13T20:25:00Z,Bovada,2026-09-13T17:19:40Z,Arizona Cardinals,Los Angeles Chargers,spreads,Arizona Cardinals,9.5,-110,0.52380952,bovada|1edfa5ceaa1ad2cb57df1c1b908731f6|spreads|event,0.5,https://api.the-odds-api.com/v4/sports/americanfootball_nfl
2026,1,1edfa5ceaa1ad2cb57df1c1b908731f6,2026-09-13T20:25:00Z,Bovada,2026-09-13T17:19:40Z,Arizona Cardinals,Los Angeles Chargers,spreads,Los Angeles Chargers,-9.5,-110,0.52380952,bovada|1edfa5ceaa1ad2cb57df1c1b908731f6|spreads|event,0.5,https://api.the-odds-api.com/v4/sports/americanfootball_nfl
2026,1,1edfa5ceaa1ad2cb57df1c1b908731f6,2026-09-13T20:25:00Z,Bovada,2026-09-13T17:19:40Z,Arizona Cardinals,Los Angeles Chargers,totals,Over,47.0,-115,0.53488372,bovada|1edfa5ceaa1ad2cb57df1c1b908731f6|totals|47.0,0.51083424,https://api.the-odds-api.com/v4/sports/americanfootball_nfl
2026,1,1edfa5ceaa1ad2cb57df1c1b908731f6,2026-09-13T20:25:00Z,Bovada,2026-09-13T17:19:40Z,Arizona Cardinals,Los Angeles Chargers,totals,Under,47.0,-105,0.51219512,bovada|1edfa5ceaa1ad2cb57df1c1b908731f6|totals|47.0,0.48916576,https://api.the-odds-api.com/v4/sports/americanfootball_nfl
2026,1,1edfa5ceaa1ad2cb57df1c1b908731f6,2026-09-13T20:25:00Z,MyBookie.ag,2026-09-13T17:21:40Z,Arizona Cardinals,Los Angeles Chargers,h2h,Arizona Cardinals,,370,0.21276596,mybookieag|1edfa5ceaa1ad2cb57df1c1b908731f6|h2h|event,0.20205281,https://api.the-odds-api.com/v4/sports/americanfootball_nfl
2026,1,1edfa5ceaa1ad2cb57df1c1b908731f6,2026-09-13T20:25:00Z,MyBookie.ag,2026-09-13T17:21:40Z,Arizona Cardinals,Los Angeles Chargers,h2h,Los Angeles Chargers,,-526,0.84025559,mybookieag|1edfa5ceaa1ad2cb57df1c1b908731f6|h2h|event,0.79794719,https://api.the-odds-api.com/v4/sports/americanfootball_nfl
2026,1,1edfa5ceaa1ad2cb57df1c1b908731f6,2026-09-13T20:25:00Z,MyBookie.ag,2026-09-13T17:21:40Z,Arizona Cardinals,Los Angeles Chargers,spreads,Arizona Cardinals,9.5,-110,0.52380952,mybookieag|1edfa5ceaa1ad2cb57df1c1b908731f6|spreads|event,0.5,https://api.the-odds-api.com/v4/sports/americanfootball_nfl
2026,1,1edfa5ceaa1ad2cb57df1c1b908731f6,2026-09-13T20:25:00Z,MyBookie.ag,2026-09-13T17:21:40Z,Arizona Cardinals,Los Angeles Chargers,spreads,Los Angeles Chargers,-9.5,-110,0.52380952,mybookieag|1edfa5ceaa1ad2cb57df1c1b908731f6|spreads|event,0.5,https://api.the-odds-api.com/v4/sports/americanfootball_nfl
2026,1,1edfa5ceaa1ad2cb57df1c1b908731f6,2026-09-13T20:25:00Z,MyBookie.ag,2026-09-13T17:21:40Z,Arizona Cardinals,Los Angeles Chargers,totals,Over,47.0,-110,0.52380952,mybookieag|1edfa5ceaa1ad2cb57df1c1b908731f6|totals|47.0,0.5,https://api.the-odds-api.com/v4/sports/americanfootball_nfl
2026,1,1edfa5ceaa1ad2cb57df1c1b908731f6,2026-09-13T20:25:00Z,MyBookie.ag,2026-09-13T17:21:40Z,Arizona Cardinals,Los Angeles Chargers,totals,Under,47.0,-110,0.52380952,mybookieag|1edfa5ceaa1ad2cb57df1c1b908731f6|totals|47.0,0.5,https://api.the-odds-api.com/v4/sports/americanfootball_nfl
2026,1,cb77efed7e711d25a72c1a2a0a1af119,2026-09-13T20:25:00Z,DraftKings,2026-09-13T17:22:54Z,Green Bay Packers,Minnesota Vikings,h2h,Green Bay Packers,,110,0.47619048,draftkings|cb77efed7e711d25a72c1a2a0a1af119|h2h|event,0.45725646,https://api.the-odds-api.com/v4/sports/americanfootball_nfl
2026,1,cb77efed7e711d25a72c1a2a0a1af119,2026-09-13T20:25:00Z,DraftKings,2026-09-13T17:22:54Z,Green Bay Packers,Minnesota Vikings,h2h,Minnesota Vikings,,-130,0.56521739,draftkings|cb77efed7e711d25a72c1a2a0a1af119|h2h|event,0.54274354,https://api.the-odds-api.com/v4/sports/americanfootball_nfl
2026,1,cb77efed7e711d25a72c1a2a0a1af119,2026-09-13T20:25:00Z,DraftKings,2026-09-13T17:22:54Z,Green Bay Packers,Minnesota Vikings,spreads,Green Bay Packers,1.5,-102,0.5049505,draftkings|cb77efed7e711d25a72c1a2a0a1af119|spreads|event,0.48263588,https://api.the-odds-api.com/v4/sports/americanfootball_nfl
2026,1,cb77efed7e711d25a72c1a2a0a1af119,2026-09-13T20:25:00Z,DraftKings,2026-09-13T17:22:54Z,Green Bay Packers,Minnesota Vikings,spreads,Minnesota Vikings,-1.5,-118,0.5412844,draftkings|cb77efed7e711d25a72c1a2a0a1af119|spreads|event,0.51736412,https://api.the-odds-api.com/v4/sports/americanfootball_nfl
2026,1,cb77efed7e711d25a72c1a2a0a1af119,2026-09-13T20:25:00Z,DraftKings,2026-09-13T17:22:54Z,Green Bay Packers,Minnesota Vikings,totals,Over,46.5,-105,0.51219512,draftkings|cb77efed7e711d25a72c1a2a0a1af119|totals|46.5,0.48916576,https://api.the-odds-api.com/v4/sports/americanfootball_nfl
2026,1,cb77efed7e711d25a72c1a2a0a1af119,2026-09-13T20:25:00Z,DraftKings,2026-09-13T17:22:54Z,Green Bay Packers,Minnesota Vikings,totals,Under,46.5,-115,0.53488372,draftkings|cb77efed7e711d25a72c1a2a0a1af119|totals|46.5,0.51083424,https://api.the-odds-api.com/v4/sports/americanfootball_nfl
2026,1,cb77efed7e711d25a72c1a2a0a1af119,2026-09-13T20:25:00Z,LowVig.ag,2026-09-13T17:23:25Z,Green Bay Packers,Minnesota Vikings,h2h,Green Bay Packers,,113,0.46948357,lowvig|cb77efed7e711d25a72c1a2a0a1af119|h2h|event,0.45129675,https://api.the-odds-api.com/v4/sports/americanfootball_nfl
2026,1,cb77efed7e711d25a72c1a2a0a1af119,2026-09-13T20:25:00Z,LowVig.ag,2026-09-13T17:23:25Z,Green Bay Packers,Minnesota Vikings,h2h,Minnesota Vikings,,-133,0.57081545,lowvig|cb77efed7e711d25a72c1a2a0a1af119|h2h|event,0.54870325,https://api.the-odds-api.com/v4/sports/americanfootball_nfl
2026,1,cb77efed7e711d25a72c1a2a0a1af119,2026-09-13T20:25:00Z,LowVig.ag,2026-09-13T17:23:25Z,Green Bay Packers,Minnesota Vikings,spreads,Green Bay Packers,1.0,109,0.4784689,lowvig|cb77efed7e711d25a72c1a2a0a1af119|spreads|event,0.46728972,https://api.the-odds-api.com/v4/sports/americanfootball_nfl
2026,1,cb77efed7e711d25a72c1a2a0a1af119,2026-09-13T20:25:00Z,LowVig.ag,2026-09-13T17:23:25Z,Green Bay Packers,Minnesota Vikings,spreads,Minnesota Vikings,-1.0,-120,0.54545455,lowvig|cb77efed7e711d25a72c1a2a0a1af119|spreads|event,0.53271028,https://api.the-odds-api.com/v4/sports/americanfootball_nfl
2026,1,cb77efed7e711d25a72c1a2a0a1af119,2026-09-13T20:25:00Z,LowVig.ag,2026-09-13T17:23:25Z,Green Bay Packers,Minnesota Vikings,totals,Over,46.0,-102,0.5049505,lowvig|cb77efed7e711d25a72c1a2a0a1af119|totals|46.0,0.48765488,https://api.the-odds-api.com/v4/sports/americanfootball_nfl
2026,1,cb77efed7e711d25a72c1a2a0a1af119,2026-09-13T20:25:00Z,LowVig.ag,2026-09-13T17:23:25Z,Green Bay Packers,Minnesota Vikings,totals,Under,46.0,-113,0.53051643,lowvig|cb77efed7e711d25a72c1a2a0a1af119|totals|46.0,0.51234512,https://api.the-odds-api.com/v4/sports/americanfootball_nfl
2026,1,cb77efed7e711d25a72c1a2a0a1af119,2026-09-13T20:25:00Z,BetOnline.ag,2026-09-13T17:22:53Z,Green Bay Packers,Minnesota Vikings,h2h,Green Bay Packers,,113,0.46948357,betonlineag|cb77efed7e711d25a72c1a2a0a1af119|h2h|event,0.45129675,https://api.the-odds-api.com/v4/sports/americanfootball_nfl
2026,1,cb77efed7e711d25a72c1a2a0a1af119,2026-09-13T20:25:00Z,BetOnline.ag,2026-09-13T17:22:53Z,Green Bay Packers,Minnesota Vikings,h2h,Minnesota Vikings,,-133,0.57081545,betonlineag|cb77efed7e711d25a72c1a2a0a1af119|h2h|event,0.54870325,https://api.the-odds-api.com/v4/sports/americanfootball_nfl
2026,1,cb77efed7e711d25a72c1a2a0a1af119,2026-09-13T20:25:00Z,BetOnline.ag,2026-09-13T17:22:53Z,Green Bay Packers,Minnesota Vikings,spreads,Green Bay Packers,2.0,-112,0.52830189,betonlineag|cb77efed7e711d25a72c1a2a0a1af119|spreads|event,0.50432976,https://api.the-odds-api.com/v4/sports/americanfootball_nfl
2026,1,cb77efed7e711d25a72c1a2a0a1af119,2026-09-13T20:25:00Z,BetOnline.ag,2026-09-13T17:22:53Z,Green Bay Packers,Minnesota Vikings,spreads,Minnesota Vikings,-2.0,-108,0.51923077,betonlineag|cb77efed7e711d25a72c1a2a0a1af119|spreads|event,0.49567024,https://api.the-odds-api.com/v4/sports/americanfootball_nfl
2026,1,cb77efed7e711d25a72c1a2a0a1af119,2026-09-13T20:25:00Z,BetOnline.ag,2026-09-13T17:22:53Z,Green Bay Packers,Minnesota Vikings,totals,Over,46.0,-110,0.52380952,betonlineag|cb77efed7e711d25a72c1a2a0a1af119|totals|46.0,0.5,https://api.the-odds-api.com/v4/sports/americanfootball_nfl
2026,1,cb77efed7e711d25a72c1a2a0a1af119,2026-09-13T20:25:00Z,BetOnline.ag,2026-09-13T17:22:53Z,Green Bay Packers,Minnesota Vikings,totals,Under,46.0,-110,0.52380952,betonlineag|cb77efed7e711d25a72c1a2a0a1af119|totals|46.0,0.5,https://api.the-odds-api.com/v4/sports/americanfootball_nfl
2026,1,cb77efed7e711d25a72c1a2a0a1af119,2026-09-13T20:25:00Z,BetUS,2026-09-13T17:22:34Z,Green Bay Packers,Minnesota Vikings,h2h,Green Bay Packers,,112,0.47169811,betus|cb77efed7e711d25a72c1a2a0a1af119|h2h|event,0.45326664,https://api.the-odds-api.com/v4/sports/americanfootball_nfl
2026,1,cb77efed7e711d25a72c1a2a0a1af119,2026-09-13T20:25:00Z,BetUS,2026-09-13T17:22:34Z,Green Bay Packers,Minnesota Vikings,h2h,Minnesota Vikings,,-132,0.56896552,betus|cb77efed7e711d25a72c1a2a0a1af119|h2h|event,0.54673336,https://api.the-odds-api.com/v4/sports/americanfootball_nfl
2026,1,cb77efed7e711d25a72c1a2a0a1af119,2026-09-13T20:25:00Z,BetUS,2026-09-13T17:22:34Z,Green Bay Packers,Minnesota Vikings,spreads,Green Bay Packers,1.0,100,0.5,betus|cb77efed7e711d25a72c1a2a0a1af119|spreads|event,0.47826087,https://api.the-odds-api.com/v4/sports/americanfootball_nfl
2026,1,cb77efed7e711d25a72c1a2a0a1af119,2026-09-13T20:25:00Z,BetUS,2026-09-13T17:22:34Z,Green Bay Packers,Minnesota Vikings,spreads,Minnesota Vikings,-1.0,-120,0.54545455,betus|cb77efed7e711d25a72c1a2a0a1af119|spreads|event,0.52173913,https://api.the-odds-api.com/v4/sports/americanfootball_nfl
2026,1,cb77efed7e711d25a72c1a2a0a1af119,2026-09-13T20:25:00Z,BetUS,2026-09-13T17:22:34Z,Green Bay Packers,Minnesota Vikings,totals,Over,46.0,-105,0.51219512,betus|cb77efed7e711d25a72c1a2a0a1af119|totals|46.0,0.48916576,https://api.the-odds-api.com/v4/sports/americanfootball_nfl
2026,1,cb77efed7e711d25a72c1a2a0a1af119,2026-09-13T20:25:00Z,BetUS,2026-09-13T17:22:34Z,Green Bay Packers,Minnesota Vikings,totals,Under,46.0,-115,0.53488372,betus|cb77efed7e711d25a72c1a2a0a1af119|totals|46.0,0.51083424,https://api.the-odds-api.com/v4/sports/americanfootball_nfl
2026,1,cb77efed7e711d25a72c1a2a0a1af119,2026-09-13T20:25:00Z,BetRivers,2026-09-13T17:22:54Z,Green Bay Packers,Minnesota Vikings,h2h,Green Bay Packers,,105,0.48780488,betrivers|cb77efed7e711d25a72c1a2a0a1af119|h2h|event,0.46578434,https://api.the-odds-api.com/v4/sports/americanfootball_nfl
2026,1,cb77efed7e711d25a72c1a2a0a1af119,2026-09-13T20:25:00Z,BetRivers,2026-09-13T17:22:54Z,Green Bay Packers,Minnesota Vikings,h2h,Minnesota Vikings,,-127,0.55947137,betrivers|cb77efed7e711d25a72c1a2a0a1af119|h2h|event,0.53421566,https://api.the-odds-api.com/v4/sports/americanfootball_nfl
2026,1,cb77efed7e711d25a72c1a2a0a1af119,2026-09-13T20:25:00Z,BetRivers,2026-09-13T17:22:54Z,Green Bay Packers,Minnesota Vikings,spreads,Green Bay Packers,2.0,-113,0.53051643,betrivers|cb77efed7e711d25a72c1a2a0a1af119|spreads|event,0.50537542,https://api.the-odds-api.com/v4/sports/americanfootball_nfl
2026,1,cb77efed7e711d25a72c1a2a0a1af119,2026-09-13T20:25:00Z,BetRivers,2026-09-13T17:22:54Z,Green Bay Packers,Minnesota Vikings,spreads,Minnesota Vikings,-2.0,-108,0.51923077,betrivers|cb77efed7e711d25a72c1a2a0a1af119|spreads|event,0.49462458,https://api.the-odds-api.com/v4/sports/americanfootball_nfl
2026,1,cb77efed7e711d25a72c1a2a0a1af119,2026-09-13T20:25:00Z,BetRivers,2026-09-13T17:22:54Z,Green Bay Packers,Minnesota Vikings,totals,Over,46.0,-113,0.53051643,betrivers|cb77efed7e711d25a72c1a2a0a1af119|totals|46.0,0.50537542,https://api.the-odds-api.com/v4/sports/americanfootball_nfl
2026,1,cb77efed7e711d25a72c1a2a0a1af119,2026-09-13T20:25:00Z,BetRivers,2026-09-13T17:22:54Z,Green Bay Packers,Minnesota Vikings,totals,Under,46.0,-108,0.51923077,betrivers|cb77efed7e711d25a72c1a2a0a1af119|totals|46.0,0.49462458,https://api.the-odds-api.com/v4/sports/americanfootball_nfl
2026,1,cb77efed7e711d25a72c1a2a0a1af119,2026-09-13T20:25:00Z,FanDuel,2026-09-13T17:23:23Z,Green Bay Packers,Minnesota Vikings,h2h,Green Bay Packers,,114,0.46728972,fanduel|cb77efed7e711d25a72c1a2a0a1af119|h2h|event,0.44934327,https://api.the-odds-api.com/v4/sports/americanfootball_nfl
2026,1,cb77efed7e711d25a72c1a2a0a1af119,2026-09-13T20:25:00Z,FanDuel,2026-09-13T17:23:23Z,Green Bay Packers,Minnesota Vikings,h2h,Minnesota Vikings,,-134,0.57264957,fanduel|cb77efed7e711d25a72c1a2a0a1af119|h2h|event,0.55065673,https://api.the-odds-api.com/v4/sports/americanfootball_nfl
2026,1,cb77efed7e711d25a72c1a2a0a1af119,2026-09-13T20:25:00Z,FanDuel,2026-09-13T17:23:23Z,Green Bay Packers,Minnesota Vikings,spreads,Green Bay Packers,1.5,-104,0.50980392,fanduel|cb77efed7e711d25a72c1a2a0a1af119|spreads|event,0.48502482,https://api.the-odds-api.com/v4/sports/americanfootball_nfl
2026,1,cb77efed7e711d25a72c1a2a0a1af119,2026-09-13T20:25:00Z,FanDuel,2026-09-13T17:23:23Z,Green Bay Packers,Minnesota Vikings,spreads,Minnesota Vikings,-1.5,-118,0.5412844,fanduel|cb77efed7e711d25a72c1a2a0a1af119|spreads|event,0.51497518,https://api.the-odds-api.com/v4/sports/americanfootball_nfl
2026,1,cb77efed7e711d25a72c1a2a0a1af119,2026-09-13T20:25:00Z,FanDuel,2026-09-13T17:23:23Z,Green Bay Packers,Minnesota Vikings,totals,Over,46.5,-104,0.50980392,fanduel|cb77efed7e711d25a72c1a2a0a1af119|totals|46.5,0.48502482,https://api.the-odds-api.com/v4/sports/americanfootball_nfl
2026,1,cb77efed7e711d25a72c1a2a0a1af119,2026-09-13T20:25:00Z,FanDuel,2026-09-13T17:23:23Z,Green Bay Packers,Minnesota Vikings,totals,Under,46.5,-118,0.5412844,fanduel|cb77efed7e711d25a72c1a2a0a1af119|totals|46.5,0.51497518,https://api.the-odds-api.com/v4/sports/americanfootball_nfl
2026,1,cb77efed7e711d25a72c1a2a0a1af119,2026-09-13T20:25:00Z,BetMGM,2026-09-13T17:23:22Z,Green Bay Packers,Minnesota Vikings,h2h,Green Bay Packers,,110,0.47619048,betmgm|cb77efed7e711d25a72c1a2a0a1af119|h2h|event,0.45725646,https://api.the-odds-api.com/v4/sports/americanfootball_nfl
2026,1,cb77efed7e711d25a72c1a2a0a1af119,2026-09-13T20:25:00Z,BetMGM,2026-09-13T17:23:22Z,Green Bay Packers,Minnesota Vikings,h2h,Minnesota Vikings,,-130,0.56521739,betmgm|cb77efed7e711d25a72c1a2a0a1af119|h2h|event,0.54274354,https://api.the-odds-api.com/v4/sports/americanfootball_nfl
2026,1,cb77efed7e711d25a72c1a2a0a1af119,2026-09-13T20:25:00Z,BetMGM,2026-09-13T17:23:22Z,Green Bay Packers,Minnesota Vikings,spreads,Green Bay Packers,2.0,-110,0.52380952,betmgm|cb77efed7e711d25a72c1a2a0a1af119|spreads|event,0.50219491,https://api.the-odds-api.com/v4/sports/americanfootball_nfl
2026,1,cb77efed7e711d25a72c1a2a0a1af119,2026-09-13T20:25:00Z,BetMGM,2026-09-13T17:23:22Z,Green Bay Packers,Minnesota Vikings,spreads,Minnesota Vikings,-2.0,-108,0.51923077,betmgm|cb77efed7e711d25a72c1a2a0a1af119|spreads|event,0.49780509,https://api.the-odds-api.com/v4/sports/americanfootball_nfl
2026,1,cb77efed7e711d25a72c1a2a0a1af119,2026-09-13T20:25:00Z,BetMGM,2026-09-13T17:23:22Z,Green Bay Packers,Minnesota Vikings,totals,Over,46.0,-108,0.51923077,betmgm|cb77efed7e711d25a72c1a2a0a1af119|totals|46.0,0.49780509,https://api.the-odds-api.com/v4/sports/americanfootball_nfl
2026,1,cb77efed7e711d25a72c1a2a0a1af119,2026-09-13T20:25:00Z,BetMGM,2026-09-13T17:23:22Z,Green Bay Packers,Minnesota Vikings,totals,Under,46.0,-110,0.52380952,betmgm|cb77efed7e711d25a72c1a2a0a1af119|totals|46.0,0.50219491,https://api.the-odds-api.com/v4/sports/americanfootball_nfl
2026,1,cb77efed7e711d25a72c1a2a0a1af119,2026-09-13T20:25:00Z,Bovada,2026-09-13T17:19:40Z,Green Bay Packers,Minnesota Vikings,h2h,Green Bay Packers,,110,0.47619048,bovada|cb77efed7e711d25a72c1a2a0a1af119|h2h|event,0.45725646,https://api.the-odds-api.com/v4/sports/americanfootball_nfl
2026,1,cb77efed7e711d25a72c1a2a0a1af119,2026-09-13T20:25:00Z,Bovada,2026-09-13T17:19:40Z,Green Bay Packers,Minnesota Vikings,h2h,Minnesota Vikings,,-130,0.56521739,bovada|cb77efed7e711d25a72c1a2a0a1af119|h2h|event,0.54274354,https://api.the-odds-api.com/v4/sports/americanfootball_nfl
2026,1,cb77efed7e711d25a72c1a2a0a1af119,2026-09-13T20:25:00Z,Bovada,2026-09-13T17:19:40Z,Green Bay Packers,Minnesota Vikings,spreads,Green Bay Packers,2.0,-110,0.52380952,bovada|cb77efed7e711d25a72c1a2a0a1af119|spreads|event,0.5,https://api.the-odds-api.com/v4/sports/americanfootball_nfl
2026,1,cb77efed7e711d25a72c1a2a0a1af119,2026-09-13T20:25:00Z,Bovada,2026-09-13T17:19:40Z,Green Bay Packers,Minnesota Vikings,spreads,Minnesota Vikings,-2.0,-110,0.52380952,bovada|cb77efed7e711d25a72c1a2a0a1af119|spreads|event,0.5,https://api.the-odds-api.com/v4/sports/americanfootball_nfl
2026,1,cb77efed7e711d25a72c1a2a0a1af119,2026-09-13T20:25:00Z,Bovada,2026-09-13T17:19:40Z,Green Bay Packers,Minnesota Vikings,totals,Over,45.5,-110,0.52380952,bovada|cb77efed7e711d25a72c1a2a0a1af119|totals|45.5,0.5,https://api.the-odds-api.com/v4/sports/americanfootball_nfl
2026,1,cb77efed7e711d25a72c1a2a0a1af119,2026-09-13T20:25:00Z,Bovada,2026-09-13T17:19:40Z,Green Bay Packers,Minnesota Vikings,totals,Under,45.5,-110,0.52380952,bovada|cb77efed7e711d25a72c1a2a0a1af119|totals|45.5,0.5,https://api.the-odds-api.com/v4/sports/americanfootball_nfl
2026,1,cb77efed7e711d25a72c1a2a0a1af119,2026-09-13T20:25:00Z,MyBookie.ag,2026-09-13T17:21:40Z,Green Bay Packers,Minnesota Vikings,h2h,Green Bay Packers,,109,0.4784689,mybookieag|cb77efed7e711d25a72c1a2a0a1af119|h2h|event,0.45519978,https://api.the-odds-api.com/v4/sports/americanfootball_nfl
2026,1,cb77efed7e711d25a72c1a2a0a1af119,2026-09-13T20:25:00Z,MyBookie.ag,2026-09-13T17:21:40Z,Green Bay Packers,Minnesota Vikings,h2h,Minnesota Vikings,,-134,0.57264957,mybookieag|cb77efed7e711d25a72c1a2a0a1af119|h2h|event,0.54480022,https://api.the-odds-api.com/v4/sports/americanfootball_nfl
2026,1,cb77efed7e711d25a72c1a2a0a1af119,2026-09-13T20:25:00Z,MyBookie.ag,2026-09-13T17:21:40Z,Green Bay Packers,Minnesota Vikings,spreads,Green Bay Packers,1.5,-110,0.52380952,mybookieag|cb77efed7e711d25a72c1a2a0a1af119|spreads|event,0.5,https://api.the-odds-api.com/v4/sports/americanfootball_nfl
2026,1,cb77efed7e711d25a72c1a2a0a1af119,2026-09-13T20:25:00Z,MyBookie.ag,2026-09-13T17:21:40Z,Green Bay Packers,Minnesota Vikings,spreads,Minnesota Vikings,-1.5,-110,0.52380952,mybookieag|cb77efed7e711d25a72c1a2a0a1af119|spreads|event,0.5,https://api.the-odds-api.com/v4/sports/americanfootball_nfl
2026,1,cb77efed7e711d25a72c1a2a0a1af119,2026-09-13T20:25:00Z,MyBookie.ag,2026-09-13T17:21:40Z,Green Bay Packers,Minnesota Vikings,totals,Over,46.0,-110,0.52380952,mybookieag|cb77efed7e711d25a72c1a2a0a1af119|totals|46.0,0.5,https://api.the-odds-api.com/v4/sports/americanfootball_nfl
2026,1,cb77efed7e711d25a72c1a2a0a1af119,2026-09-13T20:25:00Z,MyBookie.ag,2026-09-13T17:21:40Z,Green Bay Packers,Minnesota Vikings,totals,Under,46.0,-110,0.52380952,mybookieag|cb77efed7e711d25a72c1a2a0a1af119|totals|46.0,0.5,https://api.the-odds-api.com/v4/sports/americanfootball_nfl
2026,1,c5d95f48a16849ab6bebc68fbbfcb74a,2026-09-13T20:25:00Z,DraftKings,2026-09-13T17:22:54Z,Miami Dolphins,Las Vegas Raiders,h2h,Las Vegas Raiders,,-170,0.62962963,draftkings|c5d95f48a16849ab6bebc68fbbfcb74a|h2h|event,0.60375697,https://api.the-odds-api.com/v4/sports/americanfootball_nfl
2026,1,c5d95f48a16849ab6bebc68fbbfcb74a,2026-09-13T20:25:00Z,DraftKings,2026-09-13T17:22:54Z,Miami Dolphins,Las Vegas Raiders,h2h,Miami Dolphins,,142,0.41322314,draftkings|c5d95f48a16849ab6bebc68fbbfcb74a|h2h|event,0.39624303,https://api.the-odds-api.com/v4/sports/americanfootball_nfl
2026,1,c5d95f48a16849ab6bebc68fbbfcb74a,2026-09-13T20:25:00Z,DraftKings,2026-09-13T17:22:54Z,Miami Dolphins,Las Vegas Raiders,spreads,Las Vegas Raiders,-3.0,-110,0.52380952,draftkings|c5d95f48a16849ab6bebc68fbbfcb74a|spreads|event,0.5,https://api.the-odds-api.com/v4/sports/americanfootball_nfl
2026,1,c5d95f48a16849ab6bebc68fbbfcb74a,2026-09-13T20:25:00Z,DraftKings,2026-09-13T17:22:54Z,Miami Dolphins,Las Vegas Raiders,spreads,Miami Dolphins,3.0,-110,0.52380952,draftkings|c5d95f48a16849ab6bebc68fbbfcb74a|spreads|event,0.5,https://api.the-odds-api.com/v4/sports/americanfootball_nfl
2026,1,c5d95f48a16849ab6bebc68fbbfcb74a,2026-09-13T20:25:00Z,DraftKings,2026-09-13T17:22:54Z,Miami Dolphins,Las Vegas Raiders,totals,Over,40.5,-110,0.52380952,draftkings|c5d95f48a16849ab6bebc68fbbfcb74a|totals|40.5,0.5,https://api.the-odds-api.com/v4/sports/americanfootball_nfl
2026,1,c5d95f48a16849ab6bebc68fbbfcb74a,2026-09-13T20:25:00Z,DraftKings,2026-09-13T17:22:54Z,Miami Dolphins,Las Vegas Raiders,totals,Under,40.5,-110,0.52380952,draftkings|c5d95f48a16849ab6bebc68fbbfcb74a|totals|40.5,0.5,https://api.the-odds-api.com/v4/sports/americanfootball_nfl
2026,1,c5d95f48a16849ab6bebc68fbbfcb74a,2026-09-13T20:25:00Z,BetUS,2026-09-13T17:22:34Z,Miami Dolphins,Las Vegas Raiders,h2h,Las Vegas Raiders,,-160,0.61538462,betus|c5d95f48a16849ab6bebc68fbbfcb74a|h2h|event,0.59425718,https://api.the-odds-api.com/v4/sports/americanfootball_nfl
2026,1,c5d95f48a16849ab6bebc68fbbfcb74a,2026-09-13T20:25:00Z,BetUS,2026-09-13T17:22:34Z,Miami Dolphins,Las Vegas Raiders,h2h,Miami Dolphins,,138,0.42016807,betus|c5d95f48a16849ab6bebc68fbbfcb74a|h2h|event,0.40574282,https://api.the-odds-api.com/v4/sports/americanfootball_nfl
2026,1,c5d95f48a16849ab6bebc68fbbfcb74a,2026-09-13T20:25:00Z,BetUS,2026-09-13T17:22:34Z,Miami Dolphins,Las Vegas Raiders,spreads,Las Vegas Raiders,-3.0,-115,0.53488372,betus|c5d95f48a16849ab6bebc68fbbfcb74a|spreads|event,0.51083424,https://api.the-odds-api.com/v4/sports/americanfootball_nfl
2026,1,c5d95f48a16849ab6bebc68fbbfcb74a,2026-09-13T20:25:00Z,BetUS,2026-09-13T17:22:34Z,Miami Dolphins,Las Vegas Raiders,spreads,Miami Dolphins,3.0,-105,0.51219512,betus|c5d95f48a16849ab6bebc68fbbfcb74a|spreads|event,0.48916576,https://api.the-odds-api.com/v4/sports/americanfootball_nfl
2026,1,c5d95f48a16849ab6bebc68fbbfcb74a,2026-09-13T20:25:00Z,BetUS,2026-09-13T17:22:34Z,Miami Dolphins,Las Vegas Raiders,totals,Over,40.0,-110,0.52380952,betus|c5d95f48a16849ab6bebc68fbbfcb74a|totals|40.0,0.5,https://api.the-odds-api.com/v4/sports/americanfootball_nfl
2026,1,c5d95f48a16849ab6bebc68fbbfcb74a,2026-09-13T20:25:00Z,BetUS,2026-09-13T17:22:34Z,Miami Dolphins,Las Vegas Raiders,totals,Under,40.0,-110,0.52380952,betus|c5d95f48a16849ab6bebc68fbbfcb74a|totals|40.0,0.5,https://api.the-odds-api.com/v4/sports/americanfootball_nfl
2026,1,c5d95f48a16849ab6bebc68fbbfcb74a,2026-09-13T20:25:00Z,BetRivers,2026-09-13T17:22:54Z,Miami Dolphins,Las Vegas Raiders,h2h,Las Vegas Raiders,,-159,0.61389961,betrivers|c5d95f48a16849ab6bebc68fbbfcb74a|h2h|event,0.58540099,https://api.the-odds-api.com/v4/sports/americanfootball_nfl
2026,1,c5d95f48a16849ab6bebc68fbbfcb74a,2026-09-13T20:25:00Z,BetRivers,2026-09-13T17:22:54Z,Miami Dolphins,Las Vegas Raiders,h2h,Miami Dolphins,,130,0.43478261,betrivers|c5d95f48a16849ab6bebc68fbbfcb74a|h2h|event,0.41459901,https://api.the-odds-api.com/v4/sports/americanfootball_nfl
2026,1,c5d95f48a16849ab6bebc68fbbfcb74a,2026-09-13T20:25:00Z,BetRivers,2026-09-13T17:22:54Z,Miami Dolphins,Las Vegas Raiders,spreads,Las Vegas Raiders,-3.0,-113,0.53051643,betrivers|c5d95f48a16849ab6bebc68fbbfcb74a|spreads|event,0.50537542,https://api.the-odds-api.com/v4/sports/americanfootball_nfl
2026,1,c5d95f48a16849ab6bebc68fbbfcb74a,2026-09-13T20:25:00Z,BetRivers,2026-09-13T17:22:54Z,Miami Dolphins,Las Vegas Raiders,spreads,Miami Dolphins,3.0,-108,0.51923077,betrivers|c5d95f48a16849ab6bebc68fbbfcb74a|spreads|event,0.49462458,https://api.the-odds-api.com/v4/sports/americanfootball_nfl
2026,1,c5d95f48a16849ab6bebc68fbbfcb74a,2026-09-13T20:25:00Z,BetRivers,2026-09-13T17:22:54Z,Miami Dolphins,Las Vegas Raiders,totals,Over,40.5,-107,0.51690821,betrivers|c5d95f48a16849ab6bebc68fbbfcb74a|totals|40.5,0.49247247,https://api.the-odds-api.com/v4/sports/americanfootball_nfl
2026,1,c5d95f48a16849ab6bebc68fbbfcb74a,2026-09-13T20:25:00Z,BetRivers,2026-09-13T17:22:54Z,Miami Dolphins,Las Vegas Raiders,totals,Under,40.5,-114,0.53271028,betrivers|c5d95f48a16849ab6bebc68fbbfcb74a|totals|40.5,0.50752753,https://api.the-odds-api.com/v4/sports/americanfootball_nfl
2026,1,c5d95f48a16849ab6bebc68fbbfcb74a,2026-09-13T20:25:00Z,FanDuel,2026-09-13T17:23:23Z,Miami Dolphins,Las Vegas Raiders,h2h,Las Vegas Raiders,,-164,0.62121212,fanduel|c5d95f48a16849ab6bebc68fbbfcb74a|h2h|event,0.59652769,https://api.the-odds-api.com/v4/sports/americanfootball_nfl
2026,1,c5d95f48a16849ab6bebc68fbbfcb74a,2026-09-13T20:25:00Z,FanDuel,2026-09-13T17:23:23Z,Miami Dolphins,Las Vegas Raiders,h2h,Miami Dolphins,,138,0.42016807,fanduel|c5d95f48a16849ab6bebc68fbbfcb74a|h2h|event,0.40347231,https://api.the-odds-api.com/v4/sports/americanfootball_nfl
2026,1,c5d95f48a16849ab6bebc68fbbfcb74a,2026-09-13T20:25:00Z,FanDuel,2026-09-13T17:23:23Z,Miami Dolphins,Las Vegas Raiders,spreads,Las Vegas Raiders,-3.0,-112,0.52830189,fanduel|c5d95f48a16849ab6bebc68fbbfcb74a|spreads|event,0.50432976,https://api.the-odds-api.com/v4/sports/americanfootball_nfl
2026,1,c5d95f48a16849ab6bebc68fbbfcb74a,2026-09-13T20:25:00Z,FanDuel,2026-09-13T17:23:23Z,Miami Dolphins,Las Vegas Raiders,spreads,Miami Dolphins,3.0,-108,0.51923077,fanduel|c5d95f48a16849ab6bebc68fbbfcb74a|spreads|event,0.49567024,https://api.the-odds-api.com/v4/sports/americanfootball_nfl
2026,1,c5d95f48a16849ab6bebc68fbbfcb74a,2026-09-13T20:25:00Z,FanDuel,2026-09-13T17:23:23Z,Miami Dolphins,Las Vegas Raiders,totals,Over,40.5,-105,0.51219512,fanduel|c5d95f48a16849ab6bebc68fbbfcb74a|totals|40.5,0.48916576,https://api.the-odds-api.com/v4/sports/americanfootball_nfl
2026,1,c5d95f48a16849ab6bebc68fbbfcb74a,2026-09-13T20:25:00Z,FanDuel,2026-09-13T17:23:23Z,Miami Dolphins,Las Vegas Raiders,totals,Under,40.5,-115,0.53488372,fanduel|c5d95f48a16849ab6bebc68fbbfcb74a|totals|40.5,0.51083424,https://api.the-odds-api.com/v4/sports/americanfootball_nfl
2026,1,c5d95f48a16849ab6bebc68fbbfcb74a,2026-09-13T20:25:00Z,BetOnline.ag,2026-09-13T17:22:53Z,Miami Dolphins,Las Vegas Raiders,h2h,Las Vegas Raiders,,-166,0.62406015,betonlineag|c5d95f48a16849ab6bebc68fbbfcb74a|h2h|event,0.60555193,https://api.the-odds-api.com/v4/sports/americanfootball_nfl
2026,1,c5d95f48a16849ab6bebc68fbbfcb74a,2026-09-13T20:25:00Z,BetOnline.ag,2026-09-13T17:22:53Z,Miami Dolphins,Las Vegas Raiders,h2h,Miami Dolphins,,146,0.40650407,betonlineag|c5d95f48a16849ab6bebc68fbbfcb74a|h2h|event,0.39444807,https://api.the-odds-api.com/v4/sports/americanfootball_nfl
2026,1,c5d95f48a16849ab6bebc68fbbfcb74a,2026-09-13T20:25:00Z,BetOnline.ag,2026-09-13T17:22:53Z,Miami Dolphins,Las Vegas Raiders,spreads,Las Vegas Raiders,-3.0,-110,0.52380952,betonlineag|c5d95f48a16849ab6bebc68fbbfcb74a|spreads|event,0.5,https://api.the-odds-api.com/v4/sports/americanfootball_nfl
2026,1,c5d95f48a16849ab6bebc68fbbfcb74a,2026-09-13T20:25:00Z,BetOnline.ag,2026-09-13T17:22:53Z,Miami Dolphins,Las Vegas Raiders,spreads,Miami Dolphins,3.0,-110,0.52380952,betonlineag|c5d95f48a16849ab6bebc68fbbfcb74a|spreads|event,0.5,https://api.the-odds-api.com/v4/sports/americanfootball_nfl
2026,1,c5d95f48a16849ab6bebc68fbbfcb74a,2026-09-13T20:25:00Z,BetOnline.ag,2026-09-13T17:22:53Z,Miami Dolphins,Las Vegas Raiders,totals,Over,40.5,-105,0.51219512,betonlineag|c5d95f48a16849ab6bebc68fbbfcb74a|totals|40.5,0.48916576,https://api.the-odds-api.com/v4/sports/americanfootball_nfl
2026,1,c5d95f48a16849ab6bebc68fbbfcb74a,2026-09-13T20:25:00Z,BetOnline.ag,2026-09-13T17:22:53Z,Miami Dolphins,Las Vegas Raiders,totals,Under,40.5,-115,0.53488372,betonlineag|c5d95f48a16849ab6bebc68fbbfcb74a|totals|40.5,0.51083424,https://api.the-odds-api.com/v4/sports/americanfootball_nfl
2026,1,c5d95f48a16849ab6bebc68fbbfcb74a,2026-09-13T20:25:00Z,LowVig.ag,2026-09-13T17:23:25Z,Miami Dolphins,Las Vegas Raiders,h2h,Las Vegas Raiders,,-166,0.62406015,lowvig|c5d95f48a16849ab6bebc68fbbfcb74a|h2h|event,0.60555193,https://api.the-odds-api.com/v4/sports/americanfootball_nfl
2026,1,c5d95f48a16849ab6bebc68fbbfcb74a,2026-09-13T20:25:00Z,LowVig.ag,2026-09-13T17:23:25Z,Miami Dolphins,Las Vegas Raiders,h2h,Miami Dolphins,,146,0.40650407,lowvig|c5d95f48a16849ab6bebc68fbbfcb74a|h2h|event,0.39444807,https://api.the-odds-api.com/v4/sports/americanfootball_nfl
2026,1,c5d95f48a16849ab6bebc68fbbfcb74a,2026-09-13T20:25:00Z,LowVig.ag,2026-09-13T17:23:25Z,Miami Dolphins,Las Vegas Raiders,spreads,Las Vegas Raiders,-3.0,-101,0.50248756,lowvig|c5d95f48a16849ab6bebc68fbbfcb74a|spreads|event,0.49070157,https://api.the-odds-api.com/v4/sports/americanfootball_nfl
2026,1,c5d95f48a16849ab6bebc68fbbfcb74a,2026-09-13T20:25:00Z,LowVig.ag,2026-09-13T17:23:25Z,Miami Dolphins,Las Vegas Raiders,spreads,Miami Dolphins,3.0,-109,0.5215311,lowvig|c5d95f48a16849ab6bebc68fbbfcb74a|spreads|event,0.50929843,https://api.the-odds-api.com/v4/sports/americanfootball_nfl
2026,1,c5d95f48a16849ab6bebc68fbbfcb74a,2026-09-13T20:25:00Z,LowVig.ag,2026-09-13T17:23:25Z,Miami Dolphins,Las Vegas Raiders,totals,Over,40.5,-102,0.5049505,lowvig|c5d95f48a16849ab6bebc68fbbfcb74a|totals|40.5,0.48765488,https://api.the-odds-api.com/v4/sports/americanfootball_nfl
2026,1,c5d95f48a16849ab6bebc68fbbfcb74a,2026-09-13T20:25:00Z,LowVig.ag,2026-09-13T17:23:25Z,Miami Dolphins,Las Vegas Raiders,totals,Under,40.5,-113,0.53051643,lowvig|c5d95f48a16849ab6bebc68fbbfcb74a|totals|40.5,0.51234512,https://api.the-odds-api.com/v4/sports/americanfootball_nfl
2026,1,c5d95f48a16849ab6bebc68fbbfcb74a,2026-09-13T20:25:00Z,BetMGM,2026-09-13T17:23:22Z,Miami Dolphins,Las Vegas Raiders,h2h,Las Vegas Raiders,,-165,0.62264151,betmgm|c5d95f48a16849ab6bebc68fbbfcb74a|h2h|event,0.59909228,https://api.the-odds-api.com/v4/sports/americanfootball_nfl
2026,1,c5d95f48a16849ab6bebc68fbbfcb74a,2026-09-13T20:25:00Z,BetMGM,2026-09-13T17:23:22Z,Miami Dolphins,Las Vegas Raiders,h2h,Miami Dolphins,,140,0.41666667,betmgm|c5d95f48a16849ab6bebc68fbbfcb74a|h2h|event,0.40090772,https://api.the-odds-api.com/v4/sports/americanfootball_nfl
2026,1,c5d95f48a16849ab6bebc68fbbfcb74a,2026-09-13T20:25:00Z,BetMGM,2026-09-13T17:23:22Z,Miami Dolphins,Las Vegas Raiders,spreads,Las Vegas Raiders,-3.0,-112,0.52830189,betmgm|c5d95f48a16849ab6bebc68fbbfcb74a|spreads|event,0.50432976,https://api.the-odds-api.com/v4/sports/americanfootball_nfl
2026,1,c5d95f48a16849ab6bebc68fbbfcb74a,2026-09-13T20:25:00Z,BetMGM,2026-09-13T17:23:22Z,Miami Dolphins,Las Vegas Raiders,spreads,Miami Dolphins,3.0,-108,0.51923077,betmgm|c5d95f48a16849ab6bebc68fbbfcb74a|spreads|event,0.49567024,https://api.the-odds-api.com/v4/sports/americanfootball_nfl
2026,1,c5d95f48a16849ab6bebc68fbbfcb74a,2026-09-13T20:25:00Z,BetMGM,2026-09-13T17:23:22Z,Miami Dolphins,Las Vegas Raiders,totals,Over,40.5,-105,0.51219512,betmgm|c5d95f48a16849ab6bebc68fbbfcb74a|totals|40.5,0.49226006,https://api.the-odds-api.com/v4/sports/americanfootball_nfl
2026,1,c5d95f48a16849ab6bebc68fbbfcb74a,2026-09-13T20:25:00Z,BetMGM,2026-09-13T17:23:22Z,Miami Dolphins,Las Vegas Raiders,totals,Under,40.5,-112,0.52830189,betmgm|c5d95f48a16849ab6bebc68fbbfcb74a|totals|40.5,0.50773994,https://api.the-odds-api.com/v4/sports/americanfootball_nfl
2026,1,c5d95f48a16849ab6bebc68fbbfcb74a,2026-09-13T20:25:00Z,Bovada,2026-09-13T17:19:40Z,Miami Dolphins,Las Vegas Raiders,h2h,Las Vegas Raiders,,-160,0.61538462,bovada|c5d95f48a16849ab6bebc68fbbfcb74a|h2h|event,0.59119497,https://api.the-odds-api.com/v4/sports/americanfootball_nfl
2026,1,c5d95f48a16849ab6bebc68fbbfcb74a,2026-09-13T20:25:00Z,Bovada,2026-09-13T17:19:40Z,Miami Dolphins,Las Vegas Raiders,h2h,Miami Dolphins,,135,0.42553191,bovada|c5d95f48a16849ab6bebc68fbbfcb74a|h2h|event,0.40880503,https://api.the-odds-api.com/v4/sports/americanfootball_nfl
2026,1,c5d95f48a16849ab6bebc68fbbfcb74a,2026-09-13T20:25:00Z,Bovada,2026-09-13T17:19:40Z,Miami Dolphins,Las Vegas Raiders,spreads,Las Vegas Raiders,-3.0,-105,0.51219512,bovada|c5d95f48a16849ab6bebc68fbbfcb74a|spreads|event,0.48916576,https://api.the-odds-api.com/v4/sports/americanfootball_nfl
2026,1,c5d95f48a16849ab6bebc68fbbfcb74a,2026-09-13T20:25:00Z,Bovada,2026-09-13T17:19:40Z,Miami Dolphins,Las Vegas Raiders,spreads,Miami Dolphins,3.0,-115,0.53488372,bovada|c5d95f48a16849ab6bebc68fbbfcb74a|spreads|event,0.51083424,https://api.the-odds-api.com/v4/sports/americanfootball_nfl
2026,1,c5d95f48a16849ab6bebc68fbbfcb74a,2026-09-13T20:25:00Z,Bovada,2026-09-13T17:19:40Z,Miami Dolphins,Las Vegas Raiders,totals,Over,40.5,100,0.5,bovada|c5d95f48a16849ab6bebc68fbbfcb74a|totals|40.5,0.47826087,https://api.the-odds-api.com/v4/sports/americanfootball_nfl
2026,1,c5d95f48a16849ab6bebc68fbbfcb74a,2026-09-13T20:25:00Z,Bovada,2026-09-13T17:19:40Z,Miami Dolphins,Las Vegas Raiders,totals,Under,40.5,-120,0.54545455,bovada|c5d95f48a16849ab6bebc68fbbfcb74a|totals|40.5,0.52173913,https://api.the-odds-api.com/v4/sports/americanfootball_nfl
2026,1,c5d95f48a16849ab6bebc68fbbfcb74a,2026-09-13T20:25:00Z,MyBookie.ag,2026-09-13T17:21:40Z,Miami Dolphins,Las Vegas Raiders,h2h,Las Vegas Raiders,,-166,0.62406015,mybookieag|c5d95f48a16849ab6bebc68fbbfcb74a|h2h|event,0.594574,https://api.the-odds-api.com/v4/sports/americanfootball_nfl
2026,1,c5d95f48a16849ab6bebc68fbbfcb74a,2026-09-13T20:25:00Z,MyBookie.ag,2026-09-13T17:21:40Z,Miami Dolphins,Las Vegas Raiders,h2h,Miami Dolphins,,135,0.42553191,mybookieag|c5d95f48a16849ab6bebc68fbbfcb74a|h2h|event,0.405426,https://api.the-odds-api.com/v4/sports/americanfootball_nfl
2026,1,c5d95f48a16849ab6bebc68fbbfcb74a,2026-09-13T20:25:00Z,MyBookie.ag,2026-09-13T17:21:40Z,Miami Dolphins,Las Vegas Raiders,spreads,Las Vegas Raiders,-3.0,-115,0.53488372,mybookieag|c5d95f48a16849ab6bebc68fbbfcb74a|spreads|event,0.51083424,https://api.the-odds-api.com/v4/sports/americanfootball_nfl
2026,1,c5d95f48a16849ab6bebc68fbbfcb74a,2026-09-13T20:25:00Z,MyBookie.ag,2026-09-13T17:21:40Z,Miami Dolphins,Las Vegas Raiders,spreads,Miami Dolphins,3.0,-105,0.51219512,mybookieag|c5d95f48a16849ab6bebc68fbbfcb74a|spreads|event,0.48916576,https://api.the-odds-api.com/v4/sports/americanfootball_nfl
2026,1,c5d95f48a16849ab6bebc68fbbfcb74a,2026-09-13T20:25:00Z,MyBookie.ag,2026-09-13T17:21:40Z,Miami Dolphins,Las Vegas Raiders,totals,Over,40.0,-110,0.52380952,mybookieag|c5d95f48a16849ab6bebc68fbbfcb74a|totals|40.0,0.5,https://api.the-odds-api.com/v4/sports/americanfootball_nfl
2026,1,c5d95f48a16849ab6bebc68fbbfcb74a,2026-09-13T20:25:00Z,MyBookie.ag,2026-09-13T17:21:40Z,Miami Dolphins,Las Vegas Raiders,totals,Under,40.0,-110,0.52380952,mybookieag|c5d95f48a16849ab6bebc68fbbfcb74a|totals|40.0,0.5,https://api.the-odds-api.com/v4/sports/americanfootball_nfl
2026,1,17885cb8dcade8f6c3bce14b2de805e8,2026-09-13T20:25:00Z,DraftKings,2026-09-13T17:22:54Z,Washington Commanders,Philadelphia Eagles,h2h,Philadelphia Eagles,,-265,0.7260274,draftkings|17885cb8dcade8f6c3bce14b2de805e8|h2h|event,0.69576995,https://api.the-odds-api.com/v4/sports/americanfootball_nfl
2026,1,17885cb8dcade8f6c3bce14b2de805e8,2026-09-13T20:25:00Z,DraftKings,2026-09-13T17:22:54Z,Washington Commanders,Philadelphia Eagles,h2h,Washington Commanders,,215,0.31746032,draftkings|17885cb8dcade8f6c3bce14b2de805e8|h2h|event,0.30423005,https://api.the-odds-api.com/v4/sports/americanfootball_nfl
2026,1,17885cb8dcade8f6c3bce14b2de805e8,2026-09-13T20:25:00Z,DraftKings,2026-09-13T17:22:54Z,Washington Commanders,Philadelphia Eagles,spreads,Philadelphia Eagles,-6.0,-112,0.52830189,draftkings|17885cb8dcade8f6c3bce14b2de805e8|spreads|event,0.50432976,https://api.the-odds-api.com/v4/sports/americanfootball_nfl
2026,1,17885cb8dcade8f6c3bce14b2de805e8,2026-09-13T20:25:00Z,DraftKings,2026-09-13T17:22:54Z,Washington Commanders,Philadelphia Eagles,spreads,Washington Commanders,6.0,-108,0.51923077,draftkings|17885cb8dcade8f6c3bce14b2de805e8|spreads|event,0.49567024,https://api.the-odds-api.com/v4/sports/americanfootball_nfl
2026,1,17885cb8dcade8f6c3bce14b2de805e8,2026-09-13T20:25:00Z,DraftKings,2026-09-13T17:22:54Z,Washington Commanders,Philadelphia Eagles,totals,Over,44.5,-105,0.51219512,draftkings|17885cb8dcade8f6c3bce14b2de805e8|totals|44.5,0.48916576,https://api.the-odds-api.com/v4/sports/americanfootball_nfl
2026,1,17885cb8dcade8f6c3bce14b2de805e8,2026-09-13T20:25:00Z,DraftKings,2026-09-13T17:22:54Z,Washington Commanders,Philadelphia Eagles,totals,Under,44.5,-115,0.53488372,draftkings|17885cb8dcade8f6c3bce14b2de805e8|totals|44.5,0.51083424,https://api.the-odds-api.com/v4/sports/americanfootball_nfl
2026,1,17885cb8dcade8f6c3bce14b2de805e8,2026-09-13T20:25:00Z,FanDuel,2026-09-13T17:23:23Z,Washington Commanders,Philadelphia Eagles,h2h,Philadelphia Eagles,,-270,0.72972973,fanduel|17885cb8dcade8f6c3bce14b2de805e8|h2h|event,0.70016207,https://api.the-odds-api.com/v4/sports/americanfootball_nfl
2026,1,17885cb8dcade8f6c3bce14b2de805e8,2026-09-13T20:25:00Z,FanDuel,2026-09-13T17:23:23Z,Washington Commanders,Philadelphia Eagles,h2h,Washington Commanders,,220,0.3125,fanduel|17885cb8dcade8f6c3bce14b2de805e8|h2h|event,0.29983793,https://api.the-odds-api.com/v4/sports/americanfootball_nfl
2026,1,17885cb8dcade8f6c3bce14b2de805e8,2026-09-13T20:25:00Z,FanDuel,2026-09-13T17:23:23Z,Washington Commanders,Philadelphia Eagles,spreads,Philadelphia Eagles,-5.5,-115,0.53488372,fanduel|17885cb8dcade8f6c3bce14b2de805e8|spreads|event,0.51083424,https://api.the-odds-api.com/v4/sports/americanfootball_nfl
2026,1,17885cb8dcade8f6c3bce14b2de805e8,2026-09-13T20:25:00Z,FanDuel,2026-09-13T17:23:23Z,Washington Commanders,Philadelphia Eagles,spreads,Washington Commanders,5.5,-105,0.51219512,fanduel|17885cb8dcade8f6c3bce14b2de805e8|spreads|event,0.48916576,https://api.the-odds-api.com/v4/sports/americanfootball_nfl
2026,1,17885cb8dcade8f6c3bce14b2de805e8,2026-09-13T20:25:00Z,FanDuel,2026-09-13T17:23:23Z,Washington Commanders,Philadelphia Eagles,totals,Over,44.5,-105,0.51219512,fanduel|17885cb8dcade8f6c3bce14b2de805e8|totals|44.5,0.48916576,https://api.the-odds-api.com/v4/sports/americanfootball_nfl
2026,1,17885cb8dcade8f6c3bce14b2de805e8,2026-09-13T20:25:00Z,FanDuel,2026-09-13T17:23:23Z,Washington Commanders,Philadelphia Eagles,totals,Under,44.5,-115,0.53488372,fanduel|17885cb8dcade8f6c3bce14b2de805e8|totals|44.5,0.51083424,https://api.the-odds-api.com/v4/sports/americanfootball_nfl
2026,1,17885cb8dcade8f6c3bce14b2de805e8,2026-09-13T20:25:00Z,BetUS,2026-09-13T17:22:34Z,Washington Commanders,Philadelphia Eagles,h2h,Philadelphia Eagles,,-265,0.7260274,betus|17885cb8dcade8f6c3bce14b2de805e8|h2h|event,0.70105246,https://api.the-odds-api.com/v4/sports/americanfootball_nfl
2026,1,17885cb8dcade8f6c3bce14b2de805e8,2026-09-13T20:25:00Z,BetUS,2026-09-13T17:22:34Z,Washington Commanders,Philadelphia Eagles,h2h,Washington Commanders,,223,0.30959752,betus|17885cb8dcade8f6c3bce14b2de805e8|h2h|event,0.29894754,https://api.the-odds-api.com/v4/sports/americanfootball_nfl
2026,1,17885cb8dcade8f6c3bce14b2de805e8,2026-09-13T20:25:00Z,BetUS,2026-09-13T17:22:34Z,Washington Commanders,Philadelphia Eagles,spreads,Philadelphia Eagles,-6.0,-110,0.52380952,betus|17885cb8dcade8f6c3bce14b2de805e8|spreads|event,0.5,https://api.the-odds-api.com/v4/sports/americanfootball_nfl
2026,1,17885cb8dcade8f6c3bce14b2de805e8,2026-09-13T20:25:00Z,BetUS,2026-09-13T17:22:34Z,Washington Commanders,Philadelphia Eagles,spreads,Washington Commanders,6.0,-110,0.52380952,betus|17885cb8dcade8f6c3bce14b2de805e8|spreads|event,0.5,https://api.the-odds-api.com/v4/sports/americanfootball_nfl
2026,1,17885cb8dcade8f6c3bce14b2de805e8,2026-09-13T20:25:00Z,BetUS,2026-09-13T17:22:34Z,Washington Commanders,Philadelphia Eagles,totals,Over,44.0,-110,0.52380952,betus|17885cb8dcade8f6c3bce14b2de805e8|totals|44.0,0.5,https://api.the-odds-api.com/v4/sports/americanfootball_nfl
2026,1,17885cb8dcade8f6c3bce14b2de805e8,2026-09-13T20:25:00Z,BetUS,2026-09-13T17:22:34Z,Washington Commanders,Philadelphia Eagles,totals,Under,44.0,-110,0.52380952,betus|17885cb8dcade8f6c3bce14b2de805e8|totals|44.0,0.5,https://api.the-odds-api.com/v4/sports/americanfootball_nfl
2026,1,17885cb8dcade8f6c3bce14b2de805e8,2026-09-13T20:25:00Z,BetRivers,2026-09-13T17:22:54Z,Washington Commanders,Philadelphia Eagles,h2h,Philadelphia Eagles,,-265,0.7260274,betrivers|17885cb8dcade8f6c3bce14b2de805e8|h2h|event,0.69237252,https://api.the-odds-api.com/v4/sports/americanfootball_nfl
2026,1,17885cb8dcade8f6c3bce14b2de805e8,2026-09-13T20:25:00Z,BetRivers,2026-09-13T17:22:54Z,Washington Commanders,Philadelphia Eagles,h2h,Washington Commanders,,210,0.32258065,betrivers|17885cb8dcade8f6c3bce14b2de805e8|h2h|event,0.30762748,https://api.the-odds-api.com/v4/sports/americanfootball_nfl
2026,1,17885cb8dcade8f6c3bce14b2de805e8,2026-09-13T20:25:00Z,BetRivers,2026-09-13T17:22:54Z,Washington Commanders,Philadelphia Eagles,spreads,Philadelphia Eagles,-6.0,-107,0.51690821,betrivers|17885cb8dcade8f6c3bce14b2de805e8|spreads|event,0.49247247,https://api.the-odds-api.com/v4/sports/americanfootball_nfl
2026,1,17885cb8dcade8f6c3bce14b2de805e8,2026-09-13T20:25:00Z,BetRivers,2026-09-13T17:22:54Z,Washington Commanders,Philadelphia Eagles,spreads,Washington Commanders,6.0,-114,0.53271028,betrivers|17885cb8dcade8f6c3bce14b2de805e8|spreads|event,0.50752753,https://api.the-odds-api.com/v4/sports/americanfootball_nfl
2026,1,17885cb8dcade8f6c3bce14b2de805e8,2026-09-13T20:25:00Z,BetRivers,2026-09-13T17:22:54Z,Washington Commanders,Philadelphia Eagles,totals,Over,44.0,-113,0.53051643,betrivers|17885cb8dcade8f6c3bce14b2de805e8|totals|44.0,0.50537542,https://api.the-odds-api.com/v4/sports/americanfootball_nfl
2026,1,17885cb8dcade8f6c3bce14b2de805e8,2026-09-13T20:25:00Z,BetRivers,2026-09-13T17:22:54Z,Washington Commanders,Philadelphia Eagles,totals,Under,44.0,-108,0.51923077,betrivers|17885cb8dcade8f6c3bce14b2de805e8|totals|44.0,0.49462458,https://api.the-odds-api.com/v4/sports/americanfootball_nfl
2026,1,17885cb8dcade8f6c3bce14b2de805e8,2026-09-13T20:25:00Z,BetOnline.ag,2026-09-13T17:22:53Z,Washington Commanders,Philadelphia Eagles,h2h,Philadelphia Eagles,,-270,0.72972973,betonlineag|17885cb8dcade8f6c3bce14b2de805e8|h2h|event,0.70146845,https://api.the-odds-api.com/v4/sports/americanfootball_nfl
2026,1,17885cb8dcade8f6c3bce14b2de805e8,2026-09-13T20:25:00Z,BetOnline.ag,2026-09-13T17:22:53Z,Washington Commanders,Philadelphia Eagles,h2h,Washington Commanders,,222,0.31055901,betonlineag|17885cb8dcade8f6c3bce14b2de805e8|h2h|event,0.29853155,https://api.the-odds-api.com/v4/sports/americanfootball_nfl
2026,1,17885cb8dcade8f6c3bce14b2de805e8,2026-09-13T20:25:00Z,BetOnline.ag,2026-09-13T17:22:53Z,Washington Commanders,Philadelphia Eagles,spreads,Philadelphia Eagles,-6.0,-112,0.52830189,betonlineag|17885cb8dcade8f6c3bce14b2de805e8|spreads|event,0.50432976,https://api.the-odds-api.com/v4/sports/americanfootball_nfl
2026,1,17885cb8dcade8f6c3bce14b2de805e8,2026-09-13T20:25:00Z,BetOnline.ag,2026-09-13T17:22:53Z,Washington Commanders,Philadelphia Eagles,spreads,Washington Commanders,6.0,-108,0.51923077,betonlineag|17885cb8dcade8f6c3bce14b2de805e8|spreads|event,0.49567024,https://api.the-odds-api.com/v4/sports/americanfootball_nfl
2026,1,17885cb8dcade8f6c3bce14b2de805e8,2026-09-13T20:25:00Z,BetOnline.ag,2026-09-13T17:22:53Z,Washington Commanders,Philadelphia Eagles,totals,Over,44.0,-110,0.52380952,betonlineag|17885cb8dcade8f6c3bce14b2de805e8|totals|44.0,0.5,https://api.the-odds-api.com/v4/sports/americanfootball_nfl
2026,1,17885cb8dcade8f6c3bce14b2de805e8,2026-09-13T20:25:00Z,BetOnline.ag,2026-09-13T17:22:53Z,Washington Commanders,Philadelphia Eagles,totals,Under,44.0,-110,0.52380952,betonlineag|17885cb8dcade8f6c3bce14b2de805e8|totals|44.0,0.5,https://api.the-odds-api.com/v4/sports/americanfootball_nfl
2026,1,17885cb8dcade8f6c3bce14b2de805e8,2026-09-13T20:25:00Z,LowVig.ag,2026-09-13T17:23:25Z,Washington Commanders,Philadelphia Eagles,h2h,Philadelphia Eagles,,-270,0.72972973,lowvig|17885cb8dcade8f6c3bce14b2de805e8|h2h|event,0.70146845,https://api.the-odds-api.com/v4/sports/americanfootball_nfl
2026,1,17885cb8dcade8f6c3bce14b2de805e8,2026-09-13T20:25:00Z,LowVig.ag,2026-09-13T17:23:25Z,Washington Commanders,Philadelphia Eagles,h2h,Washington Commanders,,222,0.31055901,lowvig|17885cb8dcade8f6c3bce14b2de805e8|h2h|event,0.29853155,https://api.the-odds-api.com/v4/sports/americanfootball_nfl
2026,1,17885cb8dcade8f6c3bce14b2de805e8,2026-09-13T20:25:00Z,LowVig.ag,2026-09-13T17:23:25Z,Washington Commanders,Philadelphia Eagles,spreads,Philadelphia Eagles,-6.0,-107,0.51690821,lowvig|17885cb8dcade8f6c3bce14b2de805e8|spreads|event,0.50464662,https://api.the-odds-api.com/v4/sports/americanfootball_nfl
2026,1,17885cb8dcade8f6c3bce14b2de805e8,2026-09-13T20:25:00Z,LowVig.ag,2026-09-13T17:23:25Z,Washington Commanders,Philadelphia Eagles,spreads,Washington Commanders,6.0,-103,0.50738916,lowvig|17885cb8dcade8f6c3bce14b2de805e8|spreads|event,0.49535338,https://api.the-odds-api.com/v4/sports/americanfootball_nfl
2026,1,17885cb8dcade8f6c3bce14b2de805e8,2026-09-13T20:25:00Z,LowVig.ag,2026-09-13T17:23:25Z,Washington Commanders,Philadelphia Eagles,totals,Over,44.0,-107,0.51690821,lowvig|17885cb8dcade8f6c3bce14b2de805e8|totals|44.0,0.5,https://api.the-odds-api.com/v4/sports/americanfootball_nfl
2026,1,17885cb8dcade8f6c3bce14b2de805e8,2026-09-13T20:25:00Z,LowVig.ag,2026-09-13T17:23:25Z,Washington Commanders,Philadelphia Eagles,totals,Under,44.0,-107,0.51690821,lowvig|17885cb8dcade8f6c3bce14b2de805e8|totals|44.0,0.5,https://api.the-odds-api.com/v4/sports/americanfootball_nfl
2026,1,17885cb8dcade8f6c3bce14b2de805e8,2026-09-13T20:25:00Z,BetMGM,2026-09-13T17:23:22Z,Washington Commanders,Philadelphia Eagles,h2h,Philadelphia Eagles,,-275,0.73333333,betmgm|17885cb8dcade8f6c3bce14b2de805e8|h2h|event,0.70119522,https://api.the-odds-api.com/v4/sports/americanfootball_nfl
2026,1,17885cb8dcade8f6c3bce14b2de805e8,2026-09-13T20:25:00Z,BetMGM,2026-09-13T17:23:22Z,Washington Commanders,Philadelphia Eagles,h2h,Washington Commanders,,220,0.3125,betmgm|17885cb8dcade8f6c3bce14b2de805e8|h2h|event,0.29880478,https://api.the-odds-api.com/v4/sports/americanfootball_nfl
2026,1,17885cb8dcade8f6c3bce14b2de805e8,2026-09-13T20:25:00Z,BetMGM,2026-09-13T17:23:22Z,Washington Commanders,Philadelphia Eagles,spreads,Philadelphia Eagles,-6.0,-105,0.51219512,betmgm|17885cb8dcade8f6c3bce14b2de805e8|spreads|event,0.5,https://api.the-odds-api.com/v4/sports/americanfootball_nfl
2026,1,17885cb8dcade8f6c3bce14b2de805e8,2026-09-13T20:25:00Z,BetMGM,2026-09-13T17:23:22Z,Washington Commanders,Philadelphia Eagles,spreads,Washington Commanders,6.0,-105,0.51219512,betmgm|17885cb8dcade8f6c3bce14b2de805e8|spreads|event,0.5,https://api.the-odds-api.com/v4/sports/americanfootball_nfl
2026,1,17885cb8dcade8f6c3bce14b2de805e8,2026-09-13T20:25:00Z,BetMGM,2026-09-13T17:23:22Z,Washington Commanders,Philadelphia Eagles,totals,Over,44.0,-110,0.52380952,betmgm|17885cb8dcade8f6c3bce14b2de805e8|totals|44.0,0.50219491,https://api.the-odds-api.com/v4/sports/americanfootball_nfl
2026,1,17885cb8dcade8f6c3bce14b2de805e8,2026-09-13T20:25:00Z,BetMGM,2026-09-13T17:23:22Z,Washington Commanders,Philadelphia Eagles,totals,Under,44.0,-108,0.51923077,betmgm|17885cb8dcade8f6c3bce14b2de805e8|totals|44.0,0.49780509,https://api.the-odds-api.com/v4/sports/americanfootball_nfl
2026,1,17885cb8dcade8f6c3bce14b2de805e8,2026-09-13T20:25:00Z,Bovada,2026-09-13T17:19:40Z,Washington Commanders,Philadelphia Eagles,h2h,Philadelphia Eagles,,-270,0.72972973,bovada|17885cb8dcade8f6c3bce14b2de805e8|h2h|event,0.70016207,https://api.the-odds-api.com/v4/sports/americanfootball_nfl
2026,1,17885cb8dcade8f6c3bce14b2de805e8,2026-09-13T20:25:00Z,Bovada,2026-09-13T17:19:40Z,Washington Commanders,Philadelphia Eagles,h2h,Washington Commanders,,220,0.3125,bovada|17885cb8dcade8f6c3bce14b2de805e8|h2h|event,0.29983793,https://api.the-odds-api.com/v4/sports/americanfootball_nfl
2026,1,17885cb8dcade8f6c3bce14b2de805e8,2026-09-13T20:25:00Z,Bovada,2026-09-13T17:19:40Z,Washington Commanders,Philadelphia Eagles,spreads,Philadelphia Eagles,-6.0,-110,0.52380952,bovada|17885cb8dcade8f6c3bce14b2de805e8|spreads|event,0.5,https://api.the-odds-api.com/v4/sports/americanfootball_nfl
2026,1,17885cb8dcade8f6c3bce14b2de805e8,2026-09-13T20:25:00Z,Bovada,2026-09-13T17:19:40Z,Washington Commanders,Philadelphia Eagles,spreads,Washington Commanders,6.0,-110,0.52380952,bovada|17885cb8dcade8f6c3bce14b2de805e8|spreads|event,0.5,https://api.the-odds-api.com/v4/sports/americanfootball_nfl
2026,1,17885cb8dcade8f6c3bce14b2de805e8,2026-09-13T20:25:00Z,Bovada,2026-09-13T17:19:40Z,Washington Commanders,Philadelphia Eagles,totals,Over,44.0,-110,0.52380952,bovada|17885cb8dcade8f6c3bce14b2de805e8|totals|44.0,0.5,https://api.the-odds-api.com/v4/sports/americanfootball_nfl
2026,1,17885cb8dcade8f6c3bce14b2de805e8,2026-09-13T20:25:00Z,Bovada,2026-09-13T17:19:40Z,Washington Commanders,Philadelphia Eagles,totals,Under,44.0,-110,0.52380952,bovada|17885cb8dcade8f6c3bce14b2de805e8|totals|44.0,0.5,https://api.the-odds-api.com/v4/sports/americanfootball_nfl
2026,1,17885cb8dcade8f6c3bce14b2de805e8,2026-09-13T20:25:00Z,MyBookie.ag,2026-09-13T17:21:40Z,Washington Commanders,Philadelphia Eagles,h2h,Philadelphia Eagles,,-260,0.72222222,mybookieag|17885cb8dcade8f6c3bce14b2de805e8|h2h|event,0.68847352,https://api.the-odds-api.com/v4/sports/americanfootball_nfl
2026,1,17885cb8dcade8f6c3bce14b2de805e8,2026-09-13T20:25:00Z,MyBookie.ag,2026-09-13T17:21:40Z,Washington Commanders,Philadelphia Eagles,h2h,Washington Commanders,,206,0.32679739,mybookieag|17885cb8dcade8f6c3bce14b2de805e8|h2h|event,0.31152648,https://api.the-odds-api.com/v4/sports/americanfootball_nfl
2026,1,17885cb8dcade8f6c3bce14b2de805e8,2026-09-13T20:25:00Z,MyBookie.ag,2026-09-13T17:21:40Z,Washington Commanders,Philadelphia Eagles,spreads,Philadelphia Eagles,-5.5,-110,0.52380952,mybookieag|17885cb8dcade8f6c3bce14b2de805e8|spreads|event,0.5,https://api.the-odds-api.com/v4/sports/americanfootball_nfl
2026,1,17885cb8dcade8f6c3bce14b2de805e8,2026-09-13T20:25:00Z,MyBookie.ag,2026-09-13T17:21:40Z,Washington Commanders,Philadelphia Eagles,spreads,Washington Commanders,5.5,-110,0.52380952,mybookieag|17885cb8dcade8f6c3bce14b2de805e8|spreads|event,0.5,https://api.the-odds-api.com/v4/sports/americanfootball_nfl
2026,1,17885cb8dcade8f6c3bce14b2de805e8,2026-09-13T20:25:00Z,MyBookie.ag,2026-09-13T17:21:40Z,Washington Commanders,Philadelphia Eagles,totals,Over,44.5,-110,0.52380952,mybookieag|17885cb8dcade8f6c3bce14b2de805e8|totals|44.5,0.5,https://api.the-odds-api.com/v4/sports/americanfootball_nfl
2026,1,17885cb8dcade8f6c3bce14b2de805e8,2026-09-13T20:25:00Z,MyBookie.ag,2026-09-13T17:21:40Z,Washington Commanders,Philadelphia Eagles,totals,Under,44.5,-110,0.52380952,mybookieag|17885cb8dcade8f6c3bce14b2de805e8|totals|44.5,0.5,https://api.the-odds-api.com/v4/sports/americanfootball_nfl
2026,1,3e646c7479c57f5d9752d8c7dfe7059b,2026-09-14T00:20:00Z,DraftKings,2026-09-13T17:22:54Z,Dallas Cowboys,New York Giants,h2h,Dallas Cowboys,,-166,0.62406015,draftkings|3e646c7479c57f5d9752d8c7dfe7059b|h2h|event,0.59963877,https://api.the-odds-api.com/v4/sports/americanfootball_nfl
2026,1,3e646c7479c57f5d9752d8c7dfe7059b,2026-09-14T00:20:00Z,DraftKings,2026-09-13T17:22:54Z,Dallas Cowboys,New York Giants,h2h,New York Giants,,140,0.41666667,draftkings|3e646c7479c57f5d9752d8c7dfe7059b|h2h|event,0.40036123,https://api.the-odds-api.com/v4/sports/americanfootball_nfl
2026,1,3e646c7479c57f5d9752d8c7dfe7059b,2026-09-14T00:20:00Z,DraftKings,2026-09-13T17:22:54Z,Dallas Cowboys,New York Giants,spreads,Dallas Cowboys,-3.0,-112,0.52830189,draftkings|3e646c7479c57f5d9752d8c7dfe7059b|spreads|event,0.50432976,https://api.the-odds-api.com/v4/sports/americanfootball_nfl
2026,1,3e646c7479c57f5d9752d8c7dfe7059b,2026-09-14T00:20:00Z,DraftKings,2026-09-13T17:22:54Z,Dallas Cowboys,New York Giants,spreads,New York Giants,3.0,-108,0.51923077,draftkings|3e646c7479c57f5d9752d8c7dfe7059b|spreads|event,0.49567024,https://api.the-odds-api.com/v4/sports/americanfootball_nfl
2026,1,3e646c7479c57f5d9752d8c7dfe7059b,2026-09-14T00:20:00Z,DraftKings,2026-09-13T17:22:54Z,Dallas Cowboys,New York Giants,totals,Over,47.5,-118,0.5412844,draftkings|3e646c7479c57f5d9752d8c7dfe7059b|totals|47.5,0.51736412,https://api.the-odds-api.com/v4/sports/americanfootball_nfl
2026,1,3e646c7479c57f5d9752d8c7dfe7059b,2026-09-14T00:20:00Z,DraftKings,2026-09-13T17:22:54Z,Dallas Cowboys,New York Giants,totals,Under,47.5,-102,0.5049505,draftkings|3e646c7479c57f5d9752d8c7dfe7059b|totals|47.5,0.48263588,https://api.the-odds-api.com/v4/sports/americanfootball_nfl
2026,1,3e646c7479c57f5d9752d8c7dfe7059b,2026-09-14T00:20:00Z,FanDuel,2026-09-13T17:23:23Z,Dallas Cowboys,New York Giants,h2h,Dallas Cowboys,,-164,0.62121212,fanduel|3e646c7479c57f5d9752d8c7dfe7059b|h2h|event,0.59652769,https://api.the-odds-api.com/v4/sports/americanfootball_nfl
2026,1,3e646c7479c57f5d9752d8c7dfe7059b,2026-09-14T00:20:00Z,FanDuel,2026-09-13T17:23:23Z,Dallas Cowboys,New York Giants,h2h,New York Giants,,138,0.42016807,fanduel|3e646c7479c57f5d9752d8c7dfe7059b|h2h|event,0.40347231,https://api.the-odds-api.com/v4/sports/americanfootball_nfl
2026,1,3e646c7479c57f5d9752d8c7dfe7059b,2026-09-14T00:20:00Z,FanDuel,2026-09-13T17:23:23Z,Dallas Cowboys,New York Giants,spreads,Dallas Cowboys,-3.0,-112,0.52830189,fanduel|3e646c7479c57f5d9752d8c7dfe7059b|spreads|event,0.50432976,https://api.the-odds-api.com/v4/sports/americanfootball_nfl
2026,1,3e646c7479c57f5d9752d8c7dfe7059b,2026-09-14T00:20:00Z,FanDuel,2026-09-13T17:23:23Z,Dallas Cowboys,New York Giants,spreads,New York Giants,3.0,-108,0.51923077,fanduel|3e646c7479c57f5d9752d8c7dfe7059b|spreads|event,0.49567024,https://api.the-odds-api.com/v4/sports/americanfootball_nfl
2026,1,3e646c7479c57f5d9752d8c7dfe7059b,2026-09-14T00:20:00Z,FanDuel,2026-09-13T17:23:23Z,Dallas Cowboys,New York Giants,totals,Over,47.5,-112,0.52830189,fanduel|3e646c7479c57f5d9752d8c7dfe7059b|totals|47.5,0.50432976,https://api.the-odds-api.com/v4/sports/americanfootball_nfl
2026,1,3e646c7479c57f5d9752d8c7dfe7059b,2026-09-14T00:20:00Z,FanDuel,2026-09-13T17:23:23Z,Dallas Cowboys,New York Giants,totals,Under,47.5,-108,0.51923077,fanduel|3e646c7479c57f5d9752d8c7dfe7059b|totals|47.5,0.49567024,https://api.the-odds-api.com/v4/sports/americanfootball_nfl
2026,1,3e646c7479c57f5d9752d8c7dfe7059b,2026-09-14T00:20:00Z,BetOnline.ag,2026-09-13T17:22:53Z,Dallas Cowboys,New York Giants,h2h,Dallas Cowboys,,-168,0.62686567,betonlineag|3e646c7479c57f5d9752d8c7dfe7059b|h2h|event,0.6085534,https://api.the-odds-api.com/v4/sports/americanfootball_nfl
2026,1,3e646c7479c57f5d9752d8c7dfe7059b,2026-09-14T00:20:00Z,BetOnline.ag,2026-09-13T17:22:53Z,Dallas Cowboys,New York Giants,h2h,New York Giants,,148,0.40322581,betonlineag|3e646c7479c57f5d9752d8c7dfe7059b|h2h|event,0.3914466,https://api.the-odds-api.com/v4/sports/americanfootball_nfl
2026,1,3e646c7479c57f5d9752d8c7dfe7059b,2026-09-14T00:20:00Z,BetOnline.ag,2026-09-13T17:22:53Z,Dallas Cowboys,New York Giants,spreads,Dallas Cowboys,-3.0,-112,0.52830189,betonlineag|3e646c7479c57f5d9752d8c7dfe7059b|spreads|event,0.50432976,https://api.the-odds-api.com/v4/sports/americanfootball_nfl
2026,1,3e646c7479c57f5d9752d8c7dfe7059b,2026-09-14T00:20:00Z,BetOnline.ag,2026-09-13T17:22:53Z,Dallas Cowboys,New York Giants,spreads,New York Giants,3.0,-108,0.51923077,betonlineag|3e646c7479c57f5d9752d8c7dfe7059b|spreads|event,0.49567024,https://api.the-odds-api.com/v4/sports/americanfootball_nfl
2026,1,3e646c7479c57f5d9752d8c7dfe7059b,2026-09-14T00:20:00Z,BetOnline.ag,2026-09-13T17:22:53Z,Dallas Cowboys,New York Giants,totals,Over,47.5,-108,0.51923077,betonlineag|3e646c7479c57f5d9752d8c7dfe7059b|totals|47.5,0.49567024,https://api.the-odds-api.com/v4/sports/americanfootball_nfl
2026,1,3e646c7479c57f5d9752d8c7dfe7059b,2026-09-14T00:20:00Z,BetOnline.ag,2026-09-13T17:22:53Z,Dallas Cowboys,New York Giants,totals,Under,47.5,-112,0.52830189,betonlineag|3e646c7479c57f5d9752d8c7dfe7059b|totals|47.5,0.50432976,https://api.the-odds-api.com/v4/sports/americanfootball_nfl
2026,1,3e646c7479c57f5d9752d8c7dfe7059b,2026-09-14T00:20:00Z,BetMGM,2026-09-13T17:23:22Z,Dallas Cowboys,New York Giants,h2h,Dallas Cowboys,,-165,0.62264151,betmgm|3e646c7479c57f5d9752d8c7dfe7059b|h2h|event,0.59909228,https://api.the-odds-api.com/v4/sports/americanfootball_nfl
2026,1,3e646c7479c57f5d9752d8c7dfe7059b,2026-09-14T00:20:00Z,BetMGM,2026-09-13T17:23:22Z,Dallas Cowboys,New York Giants,h2h,New York Giants,,140,0.41666667,betmgm|3e646c7479c57f5d9752d8c7dfe7059b|h2h|event,0.40090772,https://api.the-odds-api.com/v4/sports/americanfootball_nfl
2026,1,3e646c7479c57f5d9752d8c7dfe7059b,2026-09-14T00:20:00Z,BetMGM,2026-09-13T17:23:22Z,Dallas Cowboys,New York Giants,spreads,Dallas Cowboys,-3.0,-112,0.52830189,betmgm|3e646c7479c57f5d9752d8c7dfe7059b|spreads|event,0.50773994,https://api.the-odds-api.com/v4/sports/americanfootball_nfl
2026,1,3e646c7479c57f5d9752d8c7dfe7059b,2026-09-14T00:20:00Z,BetMGM,2026-09-13T17:23:22Z,Dallas Cowboys,New York Giants,spreads,New York Giants,3.0,-105,0.51219512,betmgm|3e646c7479c57f5d9752d8c7dfe7059b|spreads|event,0.49226006,https://api.the-odds-api.com/v4/sports/americanfootball_nfl
2026,1,3e646c7479c57f5d9752d8c7dfe7059b,2026-09-14T00:20:00Z,BetMGM,2026-09-13T17:23:22Z,Dallas Cowboys,New York Giants,totals,Over,47.5,-110,0.52380952,betmgm|3e646c7479c57f5d9752d8c7dfe7059b|totals|47.5,0.50219491,https://api.the-odds-api.com/v4/sports/americanfootball_nfl
2026,1,3e646c7479c57f5d9752d8c7dfe7059b,2026-09-14T00:20:00Z,BetMGM,2026-09-13T17:23:22Z,Dallas Cowboys,New York Giants,totals,Under,47.5,-108,0.51923077,betmgm|3e646c7479c57f5d9752d8c7dfe7059b|totals|47.5,0.49780509,https://api.the-odds-api.com/v4/sports/americanfootball_nfl
2026,1,3e646c7479c57f5d9752d8c7dfe7059b,2026-09-14T00:20:00Z,LowVig.ag,2026-09-13T17:23:25Z,Dallas Cowboys,New York Giants,h2h,Dallas Cowboys,,-168,0.62686567,lowvig|3e646c7479c57f5d9752d8c7dfe7059b|h2h|event,0.6085534,https://api.the-odds-api.com/v4/sports/americanfootball_nfl
2026,1,3e646c7479c57f5d9752d8c7dfe7059b,2026-09-14T00:20:00Z,LowVig.ag,2026-09-13T17:23:25Z,Dallas Cowboys,New York Giants,h2h,New York Giants,,148,0.40322581,lowvig|3e646c7479c57f5d9752d8c7dfe7059b|h2h|event,0.3914466,https://api.the-odds-api.com/v4/sports/americanfootball_nfl
2026,1,3e646c7479c57f5d9752d8c7dfe7059b,2026-09-14T00:20:00Z,LowVig.ag,2026-09-13T17:23:25Z,Dallas Cowboys,New York Giants,spreads,Dallas Cowboys,-3.0,-108,0.51923077,lowvig|3e646c7479c57f5d9752d8c7dfe7059b|spreads|event,0.50697155,https://api.the-odds-api.com/v4/sports/americanfootball_nfl
2026,1,3e646c7479c57f5d9752d8c7dfe7059b,2026-09-14T00:20:00Z,LowVig.ag,2026-09-13T17:23:25Z,Dallas Cowboys,New York Giants,spreads,New York Giants,3.0,-102,0.5049505,lowvig|3e646c7479c57f5d9752d8c7dfe7059b|spreads|event,0.49302845,https://api.the-odds-api.com/v4/sports/americanfootball_nfl
2026,1,3e646c7479c57f5d9752d8c7dfe7059b,2026-09-14T00:20:00Z,LowVig.ag,2026-09-13T17:23:25Z,Dallas Cowboys,New York Giants,totals,Over,47.5,-105,0.51219512,lowvig|3e646c7479c57f5d9752d8c7dfe7059b|totals|47.5,0.49548431,https://api.the-odds-api.com/v4/sports/americanfootball_nfl
2026,1,3e646c7479c57f5d9752d8c7dfe7059b,2026-09-14T00:20:00Z,LowVig.ag,2026-09-13T17:23:25Z,Dallas Cowboys,New York Giants,totals,Under,47.5,-109,0.5215311,lowvig|3e646c7479c57f5d9752d8c7dfe7059b|totals|47.5,0.50451569,https://api.the-odds-api.com/v4/sports/americanfootball_nfl
2026,1,3e646c7479c57f5d9752d8c7dfe7059b,2026-09-14T00:20:00Z,BetRivers,2026-09-13T17:22:54Z,Dallas Cowboys,New York Giants,h2h,Dallas Cowboys,,-167,0.62546816,betrivers|3e646c7479c57f5d9752d8c7dfe7059b|h2h|event,0.59816994,https://api.the-odds-api.com/v4/sports/americanfootball_nfl
2026,1,3e646c7479c57f5d9752d8c7dfe7059b,2026-09-14T00:20:00Z,BetRivers,2026-09-13T17:22:54Z,Dallas Cowboys,New York Giants,h2h,New York Giants,,138,0.42016807,betrivers|3e646c7479c57f5d9752d8c7dfe7059b|h2h|event,0.40183006,https://api.the-odds-api.com/v4/sports/americanfootball_nfl
2026,1,3e646c7479c57f5d9752d8c7dfe7059b,2026-09-14T00:20:00Z,BetRivers,2026-09-13T17:22:54Z,Dallas Cowboys,New York Giants,spreads,Dallas Cowboys,-3.0,-107,0.51690821,betrivers|3e646c7479c57f5d9752d8c7dfe7059b|spreads|event,0.49247247,https://api.the-odds-api.com/v4/sports/americanfootball_nfl
2026,1,3e646c7479c57f5d9752d8c7dfe7059b,2026-09-14T00:20:00Z,BetRivers,2026-09-13T17:22:54Z,Dallas Cowboys,New York Giants,spreads,New York Giants,3.0,-114,0.53271028,betrivers|3e646c7479c57f5d9752d8c7dfe7059b|spreads|event,0.50752753,https://api.the-odds-api.com/v4/sports/americanfootball_nfl
2026,1,3e646c7479c57f5d9752d8c7dfe7059b,2026-09-14T00:20:00Z,BetRivers,2026-09-13T17:22:54Z,Dallas Cowboys,New York Giants,totals,Over,48.0,-109,0.5215311,betrivers|3e646c7479c57f5d9752d8c7dfe7059b|totals|48.0,0.4967753,https://api.the-odds-api.com/v4/sports/americanfootball_nfl
2026,1,3e646c7479c57f5d9752d8c7dfe7059b,2026-09-14T00:20:00Z,BetRivers,2026-09-13T17:22:54Z,Dallas Cowboys,New York Giants,totals,Under,48.0,-112,0.52830189,betrivers|3e646c7479c57f5d9752d8c7dfe7059b|totals|48.0,0.5032247,https://api.the-odds-api.com/v4/sports/americanfootball_nfl
2026,1,3e646c7479c57f5d9752d8c7dfe7059b,2026-09-14T00:20:00Z,Bovada,2026-09-13T17:19:40Z,Dallas Cowboys,New York Giants,h2h,Dallas Cowboys,,-175,0.63636364,bovada|3e646c7479c57f5d9752d8c7dfe7059b|h2h|event,0.61403509,https://api.the-odds-api.com/v4/sports/americanfootball_nfl
2026,1,3e646c7479c57f5d9752d8c7dfe7059b,2026-09-14T00:20:00Z,Bovada,2026-09-13T17:19:40Z,Dallas Cowboys,New York Giants,h2h,New York Giants,,150,0.4,bovada|3e646c7479c57f5d9752d8c7dfe7059b|h2h|event,0.38596491,https://api.the-odds-api.com/v4/sports/americanfootball_nfl
2026,1,3e646c7479c57f5d9752d8c7dfe7059b,2026-09-14T00:20:00Z,Bovada,2026-09-13T17:19:40Z,Dallas Cowboys,New York Giants,spreads,Dallas Cowboys,-3.0,-120,0.54545455,bovada|3e646c7479c57f5d9752d8c7dfe7059b|spreads|event,0.52173913,https://api.the-odds-api.com/v4/sports/americanfootball_nfl
2026,1,3e646c7479c57f5d9752d8c7dfe7059b,2026-09-14T00:20:00Z,Bovada,2026-09-13T17:19:40Z,Dallas Cowboys,New York Giants,spreads,New York Giants,3.0,100,0.5,bovada|3e646c7479c57f5d9752d8c7dfe7059b|spreads|event,0.47826087,https://api.the-odds-api.com/v4/sports/americanfootball_nfl
2026,1,3e646c7479c57f5d9752d8c7dfe7059b,2026-09-14T00:20:00Z,Bovada,2026-09-13T17:19:40Z,Dallas Cowboys,New York Giants,totals,Over,47.0,-115,0.53488372,bovada|3e646c7479c57f5d9752d8c7dfe7059b|totals|47.0,0.51083424,https://api.the-odds-api.com/v4/sports/americanfootball_nfl
2026,1,3e646c7479c57f5d9752d8c7dfe7059b,2026-09-14T00:20:00Z,Bovada,2026-09-13T17:19:40Z,Dallas Cowboys,New York Giants,totals,Under,47.0,-105,0.51219512,bovada|3e646c7479c57f5d9752d8c7dfe7059b|totals|47.0,0.48916576,https://api.the-odds-api.com/v4/sports/americanfootball_nfl
2026,1,3e646c7479c57f5d9752d8c7dfe7059b,2026-09-14T00:20:00Z,BetUS,2026-09-13T17:22:34Z,Dallas Cowboys,New York Giants,h2h,Dallas Cowboys,,-170,0.62962963,betus|3e646c7479c57f5d9752d8c7dfe7059b|h2h|event,0.60767219,https://api.the-odds-api.com/v4/sports/americanfootball_nfl
2026,1,3e646c7479c57f5d9752d8c7dfe7059b,2026-09-14T00:20:00Z,BetUS,2026-09-13T17:22:34Z,Dallas Cowboys,New York Giants,h2h,New York Giants,,146,0.40650407,betus|3e646c7479c57f5d9752d8c7dfe7059b|h2h|event,0.39232781,https://api.the-odds-api.com/v4/sports/americanfootball_nfl
2026,1,3e646c7479c57f5d9752d8c7dfe7059b,2026-09-14T00:20:00Z,BetUS,2026-09-13T17:22:34Z,Dallas Cowboys,New York Giants,spreads,Dallas Cowboys,-3.0,-115,0.53488372,betus|3e646c7479c57f5d9752d8c7dfe7059b|spreads|event,0.51083424,https://api.the-odds-api.com/v4/sports/americanfootball_nfl
2026,1,3e646c7479c57f5d9752d8c7dfe7059b,2026-09-14T00:20:00Z,BetUS,2026-09-13T17:22:34Z,Dallas Cowboys,New York Giants,spreads,New York Giants,3.0,-105,0.51219512,betus|3e646c7479c57f5d9752d8c7dfe7059b|spreads|event,0.48916576,https://api.the-odds-api.com/v4/sports/americanfootball_nfl
2026,1,3e646c7479c57f5d9752d8c7dfe7059b,2026-09-14T00:20:00Z,BetUS,2026-09-13T17:22:34Z,Dallas Cowboys,New York Giants,totals,Over,47.5,-110,0.52380952,betus|3e646c7479c57f5d9752d8c7dfe7059b|totals|47.5,0.5,https://api.the-odds-api.com/v4/sports/americanfootball_nfl
2026,1,3e646c7479c57f5d9752d8c7dfe7059b,2026-09-14T00:20:00Z,BetUS,2026-09-13T17:22:34Z,Dallas Cowboys,New York Giants,totals,Under,47.5,-110,0.52380952,betus|3e646c7479c57f5d9752d8c7dfe7059b|totals|47.5,0.5,https://api.the-odds-api.com/v4/sports/americanfootball_nfl
2026,1,3e646c7479c57f5d9752d8c7dfe7059b,2026-09-14T00:20:00Z,MyBookie.ag,2026-09-13T17:21:40Z,Dallas Cowboys,New York Giants,h2h,Dallas Cowboys,,-172,0.63235294,mybookieag|3e646c7479c57f5d9752d8c7dfe7059b|h2h|event,0.6018036,https://api.the-odds-api.com/v4/sports/americanfootball_nfl
2026,1,3e646c7479c57f5d9752d8c7dfe7059b,2026-09-14T00:20:00Z,MyBookie.ag,2026-09-13T17:21:40Z,Dallas Cowboys,New York Giants,h2h,New York Giants,,139,0.41841004,mybookieag|3e646c7479c57f5d9752d8c7dfe7059b|h2h|event,0.3981964,https://api.the-odds-api.com/v4/sports/americanfootball_nfl
2026,1,3e646c7479c57f5d9752d8c7dfe7059b,2026-09-14T00:20:00Z,MyBookie.ag,2026-09-13T17:21:40Z,Dallas Cowboys,New York Giants,spreads,Dallas Cowboys,-3.0,-105,0.51219512,mybookieag|3e646c7479c57f5d9752d8c7dfe7059b|spreads|event,0.48916576,https://api.the-odds-api.com/v4/sports/americanfootball_nfl
2026,1,3e646c7479c57f5d9752d8c7dfe7059b,2026-09-14T00:20:00Z,MyBookie.ag,2026-09-13T17:21:40Z,Dallas Cowboys,New York Giants,spreads,New York Giants,3.0,-115,0.53488372,mybookieag|3e646c7479c57f5d9752d8c7dfe7059b|spreads|event,0.51083424,https://api.the-odds-api.com/v4/sports/americanfootball_nfl
2026,1,3e646c7479c57f5d9752d8c7dfe7059b,2026-09-14T00:20:00Z,MyBookie.ag,2026-09-13T17:21:40Z,Dallas Cowboys,New York Giants,totals,Over,47.5,-110,0.52380952,mybookieag|3e646c7479c57f5d9752d8c7dfe7059b|totals|47.5,0.5,https://api.the-odds-api.com/v4/sports/americanfootball_nfl
2026,1,3e646c7479c57f5d9752d8c7dfe7059b,2026-09-14T00:20:00Z,MyBookie.ag,2026-09-13T17:21:40Z,Dallas Cowboys,New York Giants,totals,Under,47.5,-110,0.52380952,mybookieag|3e646c7479c57f5d9752d8c7dfe7059b|totals|47.5,0.5,https://api.the-odds-api.com/v4/sports/americanfootball_nfl
2026,1,5ad8135dc2b5f27de0b777acd317855a,2026-09-15T00:15:00Z,DraftKings,2026-09-13T17:22:54Z,Denver Broncos,Kansas City Chiefs,h2h,Denver Broncos,,114,0.46728972,draftkings|5ad8135dc2b5f27de0b777acd317855a|h2h|event,0.44855888,https://api.the-odds-api.com/v4/sports/americanfootball_nfl
2026,1,5ad8135dc2b5f27de0b777acd317855a,2026-09-15T00:15:00Z,DraftKings,2026-09-13T17:22:54Z,Denver Broncos,Kansas City Chiefs,h2h,Kansas City Chiefs,,-135,0.57446809,draftkings|5ad8135dc2b5f27de0b777acd317855a|h2h|event,0.55144112,https://api.the-odds-api.com/v4/sports/americanfootball_nfl
2026,1,5ad8135dc2b5f27de0b777acd317855a,2026-09-15T00:15:00Z,DraftKings,2026-09-13T17:22:54Z,Denver Broncos,Kansas City Chiefs,spreads,Denver Broncos,2.5,-110,0.52380952,draftkings|5ad8135dc2b5f27de0b777acd317855a|spreads|event,0.5,https://api.the-odds-api.com/v4/sports/americanfootball_nfl
2026,1,5ad8135dc2b5f27de0b777acd317855a,2026-09-15T00:15:00Z,DraftKings,2026-09-13T17:22:54Z,Denver Broncos,Kansas City Chiefs,spreads,Kansas City Chiefs,-2.5,-110,0.52380952,draftkings|5ad8135dc2b5f27de0b777acd317855a|spreads|event,0.5,https://api.the-odds-api.com/v4/sports/americanfootball_nfl
2026,1,5ad8135dc2b5f27de0b777acd317855a,2026-09-15T00:15:00Z,DraftKings,2026-09-13T17:22:54Z,Denver Broncos,Kansas City Chiefs,totals,Over,43.5,-108,0.51923077,draftkings|5ad8135dc2b5f27de0b777acd317855a|totals|43.5,0.49567024,https://api.the-odds-api.com/v4/sports/americanfootball_nfl
2026,1,5ad8135dc2b5f27de0b777acd317855a,2026-09-15T00:15:00Z,DraftKings,2026-09-13T17:22:54Z,Denver Broncos,Kansas City Chiefs,totals,Under,43.5,-112,0.52830189,draftkings|5ad8135dc2b5f27de0b777acd317855a|totals|43.5,0.50432976,https://api.the-odds-api.com/v4/sports/americanfootball_nfl
2026,1,5ad8135dc2b5f27de0b777acd317855a,2026-09-15T00:15:00Z,FanDuel,2026-09-13T17:23:23Z,Denver Broncos,Kansas City Chiefs,h2h,Denver Broncos,,112,0.47169811,fanduel|5ad8135dc2b5f27de0b777acd317855a|h2h|event,0.45326664,https://api.the-odds-api.com/v4/sports/americanfootball_nfl
2026,1,5ad8135dc2b5f27de0b777acd317855a,2026-09-15T00:15:00Z,FanDuel,2026-09-13T17:23:23Z,Denver Broncos,Kansas City Chiefs,h2h,Kansas City Chiefs,,-132,0.56896552,fanduel|5ad8135dc2b5f27de0b777acd317855a|h2h|event,0.54673336,https://api.the-odds-api.com/v4/sports/americanfootball_nfl
2026,1,5ad8135dc2b5f27de0b777acd317855a,2026-09-15T00:15:00Z,FanDuel,2026-09-13T17:23:23Z,Denver Broncos,Kansas City Chiefs,spreads,Denver Broncos,2.5,-115,0.53488372,fanduel|5ad8135dc2b5f27de0b777acd317855a|spreads|event,0.51083424,https://api.the-odds-api.com/v4/sports/americanfootball_nfl
2026,1,5ad8135dc2b5f27de0b777acd317855a,2026-09-15T00:15:00Z,FanDuel,2026-09-13T17:23:23Z,Denver Broncos,Kansas City Chiefs,spreads,Kansas City Chiefs,-2.5,-105,0.51219512,fanduel|5ad8135dc2b5f27de0b777acd317855a|spreads|event,0.48916576,https://api.the-odds-api.com/v4/sports/americanfootball_nfl
2026,1,5ad8135dc2b5f27de0b777acd317855a,2026-09-15T00:15:00Z,FanDuel,2026-09-13T17:23:23Z,Denver Broncos,Kansas City Chiefs,totals,Over,43.5,-112,0.52830189,fanduel|5ad8135dc2b5f27de0b777acd317855a|totals|43.5,0.50432976,https://api.the-odds-api.com/v4/sports/americanfootball_nfl
2026,1,5ad8135dc2b5f27de0b777acd317855a,2026-09-15T00:15:00Z,FanDuel,2026-09-13T17:23:23Z,Denver Broncos,Kansas City Chiefs,totals,Under,43.5,-108,0.51923077,fanduel|5ad8135dc2b5f27de0b777acd317855a|totals|43.5,0.49567024,https://api.the-odds-api.com/v4/sports/americanfootball_nfl
2026,1,5ad8135dc2b5f27de0b777acd317855a,2026-09-15T00:15:00Z,LowVig.ag,2026-09-13T17:23:25Z,Denver Broncos,Kansas City Chiefs,h2h,Denver Broncos,,115,0.46511628,lowvig|5ad8135dc2b5f27de0b777acd317855a|h2h|event,0.447406,https://api.the-odds-api.com/v4/sports/americanfootball_nfl
2026,1,5ad8135dc2b5f27de0b777acd317855a,2026-09-15T00:15:00Z,LowVig.ag,2026-09-13T17:23:25Z,Denver Broncos,Kansas City Chiefs,h2h,Kansas City Chiefs,,-135,0.57446809,lowvig|5ad8135dc2b5f27de0b777acd317855a|h2h|event,0.552594,https://api.the-odds-api.com/v4/sports/americanfootball_nfl
2026,1,5ad8135dc2b5f27de0b777acd317855a,2026-09-15T00:15:00Z,LowVig.ag,2026-09-13T17:23:25Z,Denver Broncos,Kansas City Chiefs,spreads,Denver Broncos,2.5,-106,0.51456311,lowvig|5ad8135dc2b5f27de0b777acd317855a|spreads|event,0.50232299,https://api.the-odds-api.com/v4/sports/americanfootball_nfl
2026,1,5ad8135dc2b5f27de0b777acd317855a,2026-09-15T00:15:00Z,LowVig.ag,2026-09-13T17:23:25Z,Denver Broncos,Kansas City Chiefs,spreads,Kansas City Chiefs,-2.5,-104,0.50980392,lowvig|5ad8135dc2b5f27de0b777acd317855a|spreads|event,0.49767701,https://api.the-odds-api.com/v4/sports/americanfootball_nfl
2026,1,5ad8135dc2b5f27de0b777acd317855a,2026-09-15T00:15:00Z,LowVig.ag,2026-09-13T17:23:25Z,Denver Broncos,Kansas City Chiefs,totals,Over,43.5,-107,0.51690821,lowvig|5ad8135dc2b5f27de0b777acd317855a|totals|43.5,0.5,https://api.the-odds-api.com/v4/sports/americanfootball_nfl
2026,1,5ad8135dc2b5f27de0b777acd317855a,2026-09-15T00:15:00Z,LowVig.ag,2026-09-13T17:23:25Z,Denver Broncos,Kansas City Chiefs,totals,Under,43.5,-107,0.51690821,lowvig|5ad8135dc2b5f27de0b777acd317855a|totals|43.5,0.5,https://api.the-odds-api.com/v4/sports/americanfootball_nfl
2026,1,5ad8135dc2b5f27de0b777acd317855a,2026-09-15T00:15:00Z,BetOnline.ag,2026-09-13T17:22:53Z,Denver Broncos,Kansas City Chiefs,h2h,Denver Broncos,,115,0.46511628,betonlineag|5ad8135dc2b5f27de0b777acd317855a|h2h|event,0.447406,https://api.the-odds-api.com/v4/sports/americanfootball_nfl
2026,1,5ad8135dc2b5f27de0b777acd317855a,2026-09-15T00:15:00Z,BetOnline.ag,2026-09-13T17:22:53Z,Denver Broncos,Kansas City Chiefs,h2h,Kansas City Chiefs,,-135,0.57446809,betonlineag|5ad8135dc2b5f27de0b777acd317855a|h2h|event,0.552594,https://api.the-odds-api.com/v4/sports/americanfootball_nfl
2026,1,5ad8135dc2b5f27de0b777acd317855a,2026-09-15T00:15:00Z,BetOnline.ag,2026-09-13T17:22:53Z,Denver Broncos,Kansas City Chiefs,spreads,Denver Broncos,1.0,107,0.48309179,betonlineag|5ad8135dc2b5f27de0b777acd317855a|spreads|event,0.46336933,https://api.the-odds-api.com/v4/sports/americanfootball_nfl
2026,1,5ad8135dc2b5f27de0b777acd317855a,2026-09-15T00:15:00Z,BetOnline.ag,2026-09-13T17:22:53Z,Denver Broncos,Kansas City Chiefs,spreads,Kansas City Chiefs,-1.0,-127,0.55947137,betonlineag|5ad8135dc2b5f27de0b777acd317855a|spreads|event,0.53663067,https://api.the-odds-api.com/v4/sports/americanfootball_nfl
2026,1,5ad8135dc2b5f27de0b777acd317855a,2026-09-15T00:15:00Z,BetOnline.ag,2026-09-13T17:22:53Z,Denver Broncos,Kansas City Chiefs,totals,Over,43.5,-110,0.52380952,betonlineag|5ad8135dc2b5f27de0b777acd317855a|totals|43.5,0.5,https://api.the-odds-api.com/v4/sports/americanfootball_nfl
2026,1,5ad8135dc2b5f27de0b777acd317855a,2026-09-15T00:15:00Z,BetOnline.ag,2026-09-13T17:22:53Z,Denver Broncos,Kansas City Chiefs,totals,Under,43.5,-110,0.52380952,betonlineag|5ad8135dc2b5f27de0b777acd317855a|totals|43.5,0.5,https://api.the-odds-api.com/v4/sports/americanfootball_nfl
2026,1,5ad8135dc2b5f27de0b777acd317855a,2026-09-15T00:15:00Z,BetMGM,2026-09-13T17:23:22Z,Denver Broncos,Kansas City Chiefs,h2h,Denver Broncos,,110,0.47619048,betmgm|5ad8135dc2b5f27de0b777acd317855a|h2h|event,0.45725646,https://api.the-odds-api.com/v4/sports/americanfootball_nfl
2026,1,5ad8135dc2b5f27de0b777acd317855a,2026-09-15T00:15:00Z,BetMGM,2026-09-13T17:23:22Z,Denver Broncos,Kansas City Chiefs,h2h,Kansas City Chiefs,,-130,0.56521739,betmgm|5ad8135dc2b5f27de0b777acd317855a|h2h|event,0.54274354,https://api.the-odds-api.com/v4/sports/americanfootball_nfl
2026,1,5ad8135dc2b5f27de0b777acd317855a,2026-09-15T00:15:00Z,BetMGM,2026-09-13T17:23:22Z,Denver Broncos,Kansas City Chiefs,spreads,Denver Broncos,2.5,-110,0.52380952,betmgm|5ad8135dc2b5f27de0b777acd317855a|spreads|event,0.50219491,https://api.the-odds-api.com/v4/sports/americanfootball_nfl
2026,1,5ad8135dc2b5f27de0b777acd317855a,2026-09-15T00:15:00Z,BetMGM,2026-09-13T17:23:22Z,Denver Broncos,Kansas City Chiefs,spreads,Kansas City Chiefs,-2.5,-108,0.51923077,betmgm|5ad8135dc2b5f27de0b777acd317855a|spreads|event,0.49780509,https://api.the-odds-api.com/v4/sports/americanfootball_nfl
2026,1,5ad8135dc2b5f27de0b777acd317855a,2026-09-15T00:15:00Z,BetMGM,2026-09-13T17:23:22Z,Denver Broncos,Kansas City Chiefs,totals,Over,43.5,-108,0.51923077,betmgm|5ad8135dc2b5f27de0b777acd317855a|totals|43.5,0.49780509,https://api.the-odds-api.com/v4/sports/americanfootball_nfl
2026,1,5ad8135dc2b5f27de0b777acd317855a,2026-09-15T00:15:00Z,BetMGM,2026-09-13T17:23:22Z,Denver Broncos,Kansas City Chiefs,totals,Under,43.5,-110,0.52380952,betmgm|5ad8135dc2b5f27de0b777acd317855a|totals|43.5,0.50219491,https://api.the-odds-api.com/v4/sports/americanfootball_nfl
2026,1,5ad8135dc2b5f27de0b777acd317855a,2026-09-15T00:15:00Z,Bovada,2026-09-13T17:19:40Z,Denver Broncos,Kansas City Chiefs,h2h,Denver Broncos,,120,0.45454545,bovada|5ad8135dc2b5f27de0b777acd317855a|h2h|event,0.4379562,https://api.the-odds-api.com/v4/sports/americanfootball_nfl
2026,1,5ad8135dc2b5f27de0b777acd317855a,2026-09-15T00:15:00Z,Bovada,2026-09-13T17:19:40Z,Denver Broncos,Kansas City Chiefs,h2h,Kansas City Chiefs,,-140,0.58333333,bovada|5ad8135dc2b5f27de0b777acd317855a|h2h|event,0.5620438,https://api.the-odds-api.com/v4/sports/americanfootball_nfl
2026,1,5ad8135dc2b5f27de0b777acd317855a,2026-09-15T00:15:00Z,Bovada,2026-09-13T17:19:40Z,Denver Broncos,Kansas City Chiefs,spreads,Denver Broncos,2.5,-110,0.52380952,bovada|5ad8135dc2b5f27de0b777acd317855a|spreads|event,0.5,https://api.the-odds-api.com/v4/sports/americanfootball_nfl
2026,1,5ad8135dc2b5f27de0b777acd317855a,2026-09-15T00:15:00Z,Bovada,2026-09-13T17:19:40Z,Denver Broncos,Kansas City Chiefs,spreads,Kansas City Chiefs,-2.5,-110,0.52380952,bovada|5ad8135dc2b5f27de0b777acd317855a|spreads|event,0.5,https://api.the-odds-api.com/v4/sports/americanfootball_nfl
2026,1,5ad8135dc2b5f27de0b777acd317855a,2026-09-15T00:15:00Z,Bovada,2026-09-13T17:19:40Z,Denver Broncos,Kansas City Chiefs,totals,Over,43.5,-105,0.51219512,bovada|5ad8135dc2b5f27de0b777acd317855a|totals|43.5,0.48916576,https://api.the-odds-api.com/v4/sports/americanfootball_nfl
2026,1,5ad8135dc2b5f27de0b777acd317855a,2026-09-15T00:15:00Z,Bovada,2026-09-13T17:19:40Z,Denver Broncos,Kansas City Chiefs,totals,Under,43.5,-115,0.53488372,bovada|5ad8135dc2b5f27de0b777acd317855a|totals|43.5,0.51083424,https://api.the-odds-api.com/v4/sports/americanfootball_nfl
2026,1,5ad8135dc2b5f27de0b777acd317855a,2026-09-15T00:15:00Z,BetUS,2026-09-13T17:22:34Z,Denver Broncos,Kansas City Chiefs,h2h,Denver Broncos,,110,0.47619048,betus|5ad8135dc2b5f27de0b777acd317855a|h2h|event,0.45725646,https://api.the-odds-api.com/v4/sports/americanfootball_nfl
2026,1,5ad8135dc2b5f27de0b777acd317855a,2026-09-15T00:15:00Z,BetUS,2026-09-13T17:22:34Z,Denver Broncos,Kansas City Chiefs,h2h,Kansas City Chiefs,,-130,0.56521739,betus|5ad8135dc2b5f27de0b777acd317855a|h2h|event,0.54274354,https://api.the-odds-api.com/v4/sports/americanfootball_nfl
2026,1,5ad8135dc2b5f27de0b777acd317855a,2026-09-15T00:15:00Z,BetUS,2026-09-13T17:22:34Z,Denver Broncos,Kansas City Chiefs,spreads,Denver Broncos,1.0,100,0.5,betus|5ad8135dc2b5f27de0b777acd317855a|spreads|event,0.47826087,https://api.the-odds-api.com/v4/sports/americanfootball_nfl
2026,1,5ad8135dc2b5f27de0b777acd317855a,2026-09-15T00:15:00Z,BetUS,2026-09-13T17:22:34Z,Denver Broncos,Kansas City Chiefs,spreads,Kansas City Chiefs,-1.0,-120,0.54545455,betus|5ad8135dc2b5f27de0b777acd317855a|spreads|event,0.52173913,https://api.the-odds-api.com/v4/sports/americanfootball_nfl
2026,1,5ad8135dc2b5f27de0b777acd317855a,2026-09-15T00:15:00Z,BetUS,2026-09-13T17:22:34Z,Denver Broncos,Kansas City Chiefs,totals,Over,43.5,-110,0.52380952,betus|5ad8135dc2b5f27de0b777acd317855a|totals|43.5,0.5,https://api.the-odds-api.com/v4/sports/americanfootball_nfl
2026,1,5ad8135dc2b5f27de0b777acd317855a,2026-09-15T00:15:00Z,BetUS,2026-09-13T17:22:34Z,Denver Broncos,Kansas City Chiefs,totals,Under,43.5,-110,0.52380952,betus|5ad8135dc2b5f27de0b777acd317855a|totals|43.5,0.5,https://api.the-odds-api.com/v4/sports/americanfootball_nfl
2026,1,5ad8135dc2b5f27de0b777acd317855a,2026-09-15T00:15:00Z,BetRivers,2026-09-13T17:22:54Z,Denver Broncos,Kansas City Chiefs,h2h,Denver Broncos,,120,0.45454545,betrivers|5ad8135dc2b5f27de0b777acd317855a|h2h|event,0.43235704,https://api.the-odds-api.com/v4/sports/americanfootball_nfl
2026,1,5ad8135dc2b5f27de0b777acd317855a,2026-09-15T00:15:00Z,BetRivers,2026-09-13T17:22:54Z,Denver Broncos,Kansas City Chiefs,h2h,Kansas City Chiefs,,-148,0.59677419,betrivers|5ad8135dc2b5f27de0b777acd317855a|h2h|event,0.56764296,https://api.the-odds-api.com/v4/sports/americanfootball_nfl
2026,1,5ad8135dc2b5f27de0b777acd317855a,2026-09-15T00:15:00Z,BetRivers,2026-09-13T17:22:54Z,Denver Broncos,Kansas City Chiefs,spreads,Denver Broncos,2.5,-103,0.50738916,betrivers|5ad8135dc2b5f27de0b777acd317855a|spreads|event,0.48383899,https://api.the-odds-api.com/v4/sports/americanfootball_nfl
2026,1,5ad8135dc2b5f27de0b777acd317855a,2026-09-15T00:15:00Z,BetRivers,2026-09-13T17:22:54Z,Denver Broncos,Kansas City Chiefs,spreads,Kansas City Chiefs,-2.5,-118,0.5412844,betrivers|5ad8135dc2b5f27de0b777acd317855a|spreads|event,0.51616101,https://api.the-odds-api.com/v4/sports/americanfootball_nfl
2026,1,5ad8135dc2b5f27de0b777acd317855a,2026-09-15T00:15:00Z,BetRivers,2026-09-13T17:22:54Z,Denver Broncos,Kansas City Chiefs,totals,Over,43.5,-108,0.51923077,betrivers|5ad8135dc2b5f27de0b777acd317855a|totals|43.5,0.49462458,https://api.the-odds-api.com/v4/sports/americanfootball_nfl
2026,1,5ad8135dc2b5f27de0b777acd317855a,2026-09-15T00:15:00Z,BetRivers,2026-09-13T17:22:54Z,Denver Broncos,Kansas City Chiefs,totals,Under,43.5,-113,0.53051643,betrivers|5ad8135dc2b5f27de0b777acd317855a|totals|43.5,0.50537542,https://api.the-odds-api.com/v4/sports/americanfootball_nfl
2026,1,5ad8135dc2b5f27de0b777acd317855a,2026-09-15T00:15:00Z,MyBookie.ag,2026-09-13T17:21:40Z,Denver Broncos,Kansas City Chiefs,h2h,Denver Broncos,,112,0.47169811,mybookieag|5ad8135dc2b5f27de0b777acd317855a|h2h|event,0.44934021,https://api.the-odds-api.com/v4/sports/americanfootball_nfl
2026,1,5ad8135dc2b5f27de0b777acd317855a,2026-09-15T00:15:00Z,MyBookie.ag,2026-09-13T17:21:40Z,Denver Broncos,Kansas City Chiefs,h2h,Kansas City Chiefs,,-137,0.57805907,mybookieag|5ad8135dc2b5f27de0b777acd317855a|h2h|event,0.55065979,https://api.the-odds-api.com/v4/sports/americanfootball_nfl
2026,1,5ad8135dc2b5f27de0b777acd317855a,2026-09-15T00:15:00Z,MyBookie.ag,2026-09-13T17:21:40Z,Denver Broncos,Kansas City Chiefs,spreads,Denver Broncos,2.5,-110,0.52380952,mybookieag|5ad8135dc2b5f27de0b777acd317855a|spreads|event,0.5,https://api.the-odds-api.com/v4/sports/americanfootball_nfl
2026,1,5ad8135dc2b5f27de0b777acd317855a,2026-09-15T00:15:00Z,MyBookie.ag,2026-09-13T17:21:40Z,Denver Broncos,Kansas City Chiefs,spreads,Kansas City Chiefs,-2.5,-110,0.52380952,mybookieag|5ad8135dc2b5f27de0b777acd317855a|spreads|event,0.5,https://api.the-odds-api.com/v4/sports/americanfootball_nfl
2026,1,5ad8135dc2b5f27de0b777acd317855a,2026-09-15T00:15:00Z,MyBookie.ag,2026-09-13T17:21:40Z,Denver Broncos,Kansas City Chiefs,totals,Over,43.5,-110,0.52380952,mybookieag|5ad8135dc2b5f27de0b777acd317855a|totals|43.5,0.5,https://api.the-odds-api.com/v4/sports/americanfootball_nfl
2026,1,5ad8135dc2b5f27de0b777acd317855a,2026-09-15T00:15:00Z,MyBookie.ag,2026-09-13T17:21:40Z,Denver Broncos,Kansas City Chiefs,totals,Under,43.5,-110,0.52380952,mybookieag|5ad8135dc2b5f27de0b777acd317855a|totals|43.5,0.5,https://api.the-odds-api.com/v4/sports/americanfootball_nfl
