Season,Week,Event ID,Commence Time,Bookmaker,Last Update,Away,Home,Market,Team / Side,Line,American Odds,Raw Implied,Pair Key,No-Vig Implied,Source URL
2026,1,5ad8135dc2b5f27de0b777acd317855a,2026-09-15T00:15:00Z,DraftKings,2026-09-14T23:09:31Z,Denver Broncos,Kansas City Chiefs,h2h,Denver Broncos,,110,0.47619048,draftkings|5ad8135dc2b5f27de0b777acd317855a|h2h|event,0.45725646,https://api.the-odds-api.com/v4/sports/americanfootball_nfl
2026,1,5ad8135dc2b5f27de0b777acd317855a,2026-09-15T00:15:00Z,DraftKings,2026-09-14T23:09:31Z,Denver Broncos,Kansas City Chiefs,h2h,Kansas City Chiefs,,-130,0.56521739,draftkings|5ad8135dc2b5f27de0b777acd317855a|h2h|event,0.54274354,https://api.the-odds-api.com/v4/sports/americanfootball_nfl
2026,1,5ad8135dc2b5f27de0b777acd317855a,2026-09-15T00:15:00Z,DraftKings,2026-09-14T23:09:31Z,Denver Broncos,Kansas City Chiefs,spreads,Denver Broncos,2.5,-112,0.52830189,draftkings|5ad8135dc2b5f27de0b777acd317855a|spreads|event,0.50432976,https://api.the-odds-api.com/v4/sports/americanfootball_nfl
2026,1,5ad8135dc2b5f27de0b777acd317855a,2026-09-15T00:15:00Z,DraftKings,2026-09-14T23:09:31Z,Denver Broncos,Kansas City Chiefs,spreads,Kansas City Chiefs,-2.5,-108,0.51923077,draftkings|5ad8135dc2b5f27de0b777acd317855a|spreads|event,0.49567024,https://api.the-odds-api.com/v4/sports/americanfootball_nfl
2026,1,5ad8135dc2b5f27de0b777acd317855a,2026-09-15T00:15:00Z,DraftKings,2026-09-14T23:09:31Z,Denver Broncos,Kansas City Chiefs,totals,Over,42.5,-110,0.52380952,draftkings|5ad8135dc2b5f27de0b777acd317855a|totals|42.5,0.5,https://api.the-odds-api.com/v4/sports/americanfootball_nfl
2026,1,5ad8135dc2b5f27de0b777acd317855a,2026-09-15T00:15:00Z,DraftKings,2026-09-14T23:09:31Z,Denver Broncos,Kansas City Chiefs,totals,Under,42.5,-110,0.52380952,draftkings|5ad8135dc2b5f27de0b777acd317855a|totals|42.5,0.5,https://api.the-odds-api.com/v4/sports/americanfootball_nfl
2026,1,5ad8135dc2b5f27de0b777acd317855a,2026-09-15T00:15:00Z,FanDuel,2026-09-14T23:09:33Z,Denver Broncos,Kansas City Chiefs,h2h,Denver Broncos,,116,0.46296296,fanduel|5ad8135dc2b5f27de0b777acd317855a|h2h|event,0.44548474,https://api.the-odds-api.com/v4/sports/americanfootball_nfl
2026,1,5ad8135dc2b5f27de0b777acd317855a,2026-09-15T00:15:00Z,FanDuel,2026-09-14T23:09:33Z,Denver Broncos,Kansas City Chiefs,h2h,Kansas City Chiefs,,-136,0.57627119,fanduel|5ad8135dc2b5f27de0b777acd317855a|h2h|event,0.55451526,https://api.the-odds-api.com/v4/sports/americanfootball_nfl
2026,1,5ad8135dc2b5f27de0b777acd317855a,2026-09-15T00:15:00Z,FanDuel,2026-09-14T23:09:33Z,Denver Broncos,Kansas City Chiefs,spreads,Denver Broncos,2.5,-115,0.53488372,fanduel|5ad8135dc2b5f27de0b777acd317855a|spreads|event,0.51083424,https://api.the-odds-api.com/v4/sports/americanfootball_nfl
2026,1,5ad8135dc2b5f27de0b777acd317855a,2026-09-15T00:15:00Z,FanDuel,2026-09-14T23:09:33Z,Denver Broncos,Kansas City Chiefs,spreads,Kansas City Chiefs,-2.5,-105,0.51219512,fanduel|5ad8135dc2b5f27de0b777acd317855a|spreads|event,0.48916576,https://api.the-odds-api.com/v4/sports/americanfootball_nfl
2026,1,5ad8135dc2b5f27de0b777acd317855a,2026-09-15T00:15:00Z,FanDuel,2026-09-14T23:09:33Z,Denver Broncos,Kansas City Chiefs,totals,Over,43.5,-102,0.5049505,fanduel|5ad8135dc2b5f27de0b777acd317855a|totals|43.5,0.48071979,https://api.the-odds-api.com/v4/sports/americanfootball_nfl
2026,1,5ad8135dc2b5f27de0b777acd317855a,2026-09-15T00:15:00Z,FanDuel,2026-09-14T23:09:33Z,Denver Broncos,Kansas City Chiefs,totals,Under,43.5,-120,0.54545455,fanduel|5ad8135dc2b5f27de0b777acd317855a|totals|43.5,0.51928021,https://api.the-odds-api.com/v4/sports/americanfootball_nfl
2026,1,5ad8135dc2b5f27de0b777acd317855a,2026-09-15T00:15:00Z,LowVig.ag,2026-09-14T23:10:00Z,Denver Broncos,Kansas City Chiefs,h2h,Denver Broncos,,110,0.47619048,lowvig|5ad8135dc2b5f27de0b777acd317855a|h2h|event,0.45725646,https://api.the-odds-api.com/v4/sports/americanfootball_nfl
2026,1,5ad8135dc2b5f27de0b777acd317855a,2026-09-15T00:15:00Z,LowVig.ag,2026-09-14T23:10:00Z,Denver Broncos,Kansas City Chiefs,h2h,Kansas City Chiefs,,-130,0.56521739,lowvig|5ad8135dc2b5f27de0b777acd317855a|h2h|event,0.54274354,https://api.the-odds-api.com/v4/sports/americanfootball_nfl
2026,1,5ad8135dc2b5f27de0b777acd317855a,2026-09-15T00:15:00Z,LowVig.ag,2026-09-14T23:10:00Z,Denver Broncos,Kansas City Chiefs,spreads,Denver Broncos,1.5,-102,0.5049505,lowvig|5ad8135dc2b5f27de0b777acd317855a|spreads|event,0.49302845,https://api.the-odds-api.com/v4/sports/americanfootball_nfl
2026,1,5ad8135dc2b5f27de0b777acd317855a,2026-09-15T00:15:00Z,LowVig.ag,2026-09-14T23:10:00Z,Denver Broncos,Kansas City Chiefs,spreads,Kansas City Chiefs,-1.5,-108,0.51923077,lowvig|5ad8135dc2b5f27de0b777acd317855a|spreads|event,0.50697155,https://api.the-odds-api.com/v4/sports/americanfootball_nfl
2026,1,5ad8135dc2b5f27de0b777acd317855a,2026-09-15T00:15:00Z,LowVig.ag,2026-09-14T23:10:00Z,Denver Broncos,Kansas City Chiefs,totals,Over,43.0,-107,0.51690821,lowvig|5ad8135dc2b5f27de0b777acd317855a|totals|43.0,0.5,https://api.the-odds-api.com/v4/sports/americanfootball_nfl
2026,1,5ad8135dc2b5f27de0b777acd317855a,2026-09-15T00:15:00Z,LowVig.ag,2026-09-14T23:10:00Z,Denver Broncos,Kansas City Chiefs,totals,Under,43.0,-107,0.51690821,lowvig|5ad8135dc2b5f27de0b777acd317855a|totals|43.0,0.5,https://api.the-odds-api.com/v4/sports/americanfootball_nfl
2026,1,5ad8135dc2b5f27de0b777acd317855a,2026-09-15T00:15:00Z,BetOnline.ag,2026-09-14T23:09:59Z,Denver Broncos,Kansas City Chiefs,h2h,Denver Broncos,,110,0.47619048,betonlineag|5ad8135dc2b5f27de0b777acd317855a|h2h|event,0.45725646,https://api.the-odds-api.com/v4/sports/americanfootball_nfl
2026,1,5ad8135dc2b5f27de0b777acd317855a,2026-09-15T00:15:00Z,BetOnline.ag,2026-09-14T23:09:59Z,Denver Broncos,Kansas City Chiefs,h2h,Kansas City Chiefs,,-130,0.56521739,betonlineag|5ad8135dc2b5f27de0b777acd317855a|h2h|event,0.54274354,https://api.the-odds-api.com/v4/sports/americanfootball_nfl
2026,1,5ad8135dc2b5f27de0b777acd317855a,2026-09-15T00:15:00Z,BetOnline.ag,2026-09-14T23:09:59Z,Denver Broncos,Kansas City Chiefs,spreads,Denver Broncos,1.5,-107,0.51690821,betonlineag|5ad8135dc2b5f27de0b777acd317855a|spreads|event,0.49350396,https://api.the-odds-api.com/v4/sports/americanfootball_nfl
2026,1,5ad8135dc2b5f27de0b777acd317855a,2026-09-15T00:15:00Z,BetOnline.ag,2026-09-14T23:09:59Z,Denver Broncos,Kansas City Chiefs,spreads,Kansas City Chiefs,-1.5,-113,0.53051643,betonlineag|5ad8135dc2b5f27de0b777acd317855a|spreads|event,0.50649604,https://api.the-odds-api.com/v4/sports/americanfootball_nfl
2026,1,5ad8135dc2b5f27de0b777acd317855a,2026-09-15T00:15:00Z,BetOnline.ag,2026-09-14T23:09:59Z,Denver Broncos,Kansas City Chiefs,totals,Over,43.0,-110,0.52380952,betonlineag|5ad8135dc2b5f27de0b777acd317855a|totals|43.0,0.5,https://api.the-odds-api.com/v4/sports/americanfootball_nfl
2026,1,5ad8135dc2b5f27de0b777acd317855a,2026-09-15T00:15:00Z,BetOnline.ag,2026-09-14T23:09:59Z,Denver Broncos,Kansas City Chiefs,totals,Under,43.0,-110,0.52380952,betonlineag|5ad8135dc2b5f27de0b777acd317855a|totals|43.0,0.5,https://api.the-odds-api.com/v4/sports/americanfootball_nfl
2026,1,5ad8135dc2b5f27de0b777acd317855a,2026-09-15T00:15:00Z,BetMGM,2026-09-14T23:09:58Z,Denver Broncos,Kansas City Chiefs,h2h,Denver Broncos,,110,0.47619048,betmgm|5ad8135dc2b5f27de0b777acd317855a|h2h|event,0.45725646,https://api.the-odds-api.com/v4/sports/americanfootball_nfl
2026,1,5ad8135dc2b5f27de0b777acd317855a,2026-09-15T00:15:00Z,BetMGM,2026-09-14T23:09:58Z,Denver Broncos,Kansas City Chiefs,h2h,Kansas City Chiefs,,-130,0.56521739,betmgm|5ad8135dc2b5f27de0b777acd317855a|h2h|event,0.54274354,https://api.the-odds-api.com/v4/sports/americanfootball_nfl
2026,1,5ad8135dc2b5f27de0b777acd317855a,2026-09-15T00:15:00Z,BetMGM,2026-09-14T23:09:58Z,Denver Broncos,Kansas City Chiefs,spreads,Denver Broncos,2.5,-118,0.5412844,betmgm|5ad8135dc2b5f27de0b777acd317855a|spreads|event,0.50820345,https://api.the-odds-api.com/v4/sports/americanfootball_nfl
2026,1,5ad8135dc2b5f27de0b777acd317855a,2026-09-15T00:15:00Z,BetMGM,2026-09-14T23:09:58Z,Denver Broncos,Kansas City Chiefs,spreads,Kansas City Chiefs,-2.5,-110,0.52380952,betmgm|5ad8135dc2b5f27de0b777acd317855a|spreads|event,0.49179655,https://api.the-odds-api.com/v4/sports/americanfootball_nfl
2026,1,5ad8135dc2b5f27de0b777acd317855a,2026-09-15T00:15:00Z,BetMGM,2026-09-14T23:09:58Z,Denver Broncos,Kansas City Chiefs,totals,Over,42.5,-112,0.52830189,betmgm|5ad8135dc2b5f27de0b777acd317855a|totals|42.5,0.50773994,https://api.the-odds-api.com/v4/sports/americanfootball_nfl
2026,1,5ad8135dc2b5f27de0b777acd317855a,2026-09-15T00:15:00Z,BetMGM,2026-09-14T23:09:58Z,Denver Broncos,Kansas City Chiefs,totals,Under,42.5,-105,0.51219512,betmgm|5ad8135dc2b5f27de0b777acd317855a|totals|42.5,0.49226006,https://api.the-odds-api.com/v4/sports/americanfootball_nfl
2026,1,5ad8135dc2b5f27de0b777acd317855a,2026-09-15T00:15:00Z,Bovada,2026-09-14T23:08:13Z,Denver Broncos,Kansas City Chiefs,h2h,Denver Broncos,,105,0.48780488,bovada|5ad8135dc2b5f27de0b777acd317855a|h2h|event,0.46753247,https://api.the-odds-api.com/v4/sports/americanfootball_nfl
2026,1,5ad8135dc2b5f27de0b777acd317855a,2026-09-15T00:15:00Z,Bovada,2026-09-14T23:08:13Z,Denver Broncos,Kansas City Chiefs,h2h,Kansas City Chiefs,,-125,0.55555556,bovada|5ad8135dc2b5f27de0b777acd317855a|h2h|event,0.53246753,https://api.the-odds-api.com/v4/sports/americanfootball_nfl
2026,1,5ad8135dc2b5f27de0b777acd317855a,2026-09-15T00:15:00Z,Bovada,2026-09-14T23:08:13Z,Denver Broncos,Kansas City Chiefs,spreads,Denver Broncos,1.5,-110,0.52380952,bovada|5ad8135dc2b5f27de0b777acd317855a|spreads|event,0.5,https://api.the-odds-api.com/v4/sports/americanfootball_nfl
2026,1,5ad8135dc2b5f27de0b777acd317855a,2026-09-15T00:15:00Z,Bovada,2026-09-14T23:08:13Z,Denver Broncos,Kansas City Chiefs,spreads,Kansas City Chiefs,-1.5,-110,0.52380952,bovada|5ad8135dc2b5f27de0b777acd317855a|spreads|event,0.5,https://api.the-odds-api.com/v4/sports/americanfootball_nfl
2026,1,5ad8135dc2b5f27de0b777acd317855a,2026-09-15T00:15:00Z,Bovada,2026-09-14T23:08:13Z,Denver Broncos,Kansas City Chiefs,totals,Over,42.5,-110,0.52380952,bovada|5ad8135dc2b5f27de0b777acd317855a|totals|42.5,0.5,https://api.the-odds-api.com/v4/sports/americanfootball_nfl
2026,1,5ad8135dc2b5f27de0b777acd317855a,2026-09-15T00:15:00Z,Bovada,2026-09-14T23:08:13Z,Denver Broncos,Kansas City Chiefs,totals,Under,42.5,-110,0.52380952,bovada|5ad8135dc2b5f27de0b777acd317855a|totals|42.5,0.5,https://api.the-odds-api.com/v4/sports/americanfootball_nfl
2026,1,5ad8135dc2b5f27de0b777acd317855a,2026-09-15T00:15:00Z,BetUS,2026-09-14T23:09:33Z,Denver Broncos,Kansas City Chiefs,h2h,Denver Broncos,,110,0.47619048,betus|5ad8135dc2b5f27de0b777acd317855a|h2h|event,0.45725646,https://api.the-odds-api.com/v4/sports/americanfootball_nfl
2026,1,5ad8135dc2b5f27de0b777acd317855a,2026-09-15T00:15:00Z,BetUS,2026-09-14T23:09:33Z,Denver Broncos,Kansas City Chiefs,h2h,Kansas City Chiefs,,-130,0.56521739,betus|5ad8135dc2b5f27de0b777acd317855a|h2h|event,0.54274354,https://api.the-odds-api.com/v4/sports/americanfootball_nfl
2026,1,5ad8135dc2b5f27de0b777acd317855a,2026-09-15T00:15:00Z,BetUS,2026-09-14T23:09:33Z,Denver Broncos,Kansas City Chiefs,spreads,Denver Broncos,1.0,100,0.5,betus|5ad8135dc2b5f27de0b777acd317855a|spreads|event,0.47826087,https://api.the-odds-api.com/v4/sports/americanfootball_nfl
2026,1,5ad8135dc2b5f27de0b777acd317855a,2026-09-15T00:15:00Z,BetUS,2026-09-14T23:09:33Z,Denver Broncos,Kansas City Chiefs,spreads,Kansas City Chiefs,-1.0,-120,0.54545455,betus|5ad8135dc2b5f27de0b777acd317855a|spreads|event,0.52173913,https://api.the-odds-api.com/v4/sports/americanfootball_nfl
2026,1,5ad8135dc2b5f27de0b777acd317855a,2026-09-15T00:15:00Z,BetUS,2026-09-14T23:09:33Z,Denver Broncos,Kansas City Chiefs,totals,Over,42.5,-110,0.52380952,betus|5ad8135dc2b5f27de0b777acd317855a|totals|42.5,0.5,https://api.the-odds-api.com/v4/sports/americanfootball_nfl
2026,1,5ad8135dc2b5f27de0b777acd317855a,2026-09-15T00:15:00Z,BetUS,2026-09-14T23:09:33Z,Denver Broncos,Kansas City Chiefs,totals,Under,42.5,-110,0.52380952,betus|5ad8135dc2b5f27de0b777acd317855a|totals|42.5,0.5,https://api.the-odds-api.com/v4/sports/americanfootball_nfl
2026,1,5ad8135dc2b5f27de0b777acd317855a,2026-09-15T00:15:00Z,BetRivers,2026-09-14T23:10:00Z,Denver Broncos,Kansas City Chiefs,h2h,Denver Broncos,,107,0.48309179,betrivers|5ad8135dc2b5f27de0b777acd317855a|h2h|event,0.46082949,https://api.the-odds-api.com/v4/sports/americanfootball_nfl
2026,1,5ad8135dc2b5f27de0b777acd317855a,2026-09-15T00:15:00Z,BetRivers,2026-09-14T23:10:00Z,Denver Broncos,Kansas City Chiefs,h2h,Kansas City Chiefs,,-130,0.56521739,betrivers|5ad8135dc2b5f27de0b777acd317855a|h2h|event,0.53917051,https://api.the-odds-api.com/v4/sports/americanfootball_nfl
2026,1,5ad8135dc2b5f27de0b777acd317855a,2026-09-15T00:15:00Z,BetRivers,2026-09-14T23:10:00Z,Denver Broncos,Kansas City Chiefs,spreads,Denver Broncos,2.0,-109,0.5215311,betrivers|5ad8135dc2b5f27de0b777acd317855a|spreads|event,0.4967753,https://api.the-odds-api.com/v4/sports/americanfootball_nfl
2026,1,5ad8135dc2b5f27de0b777acd317855a,2026-09-15T00:15:00Z,BetRivers,2026-09-14T23:10:00Z,Denver Broncos,Kansas City Chiefs,spreads,Kansas City Chiefs,-2.0,-112,0.52830189,betrivers|5ad8135dc2b5f27de0b777acd317855a|spreads|event,0.5032247,https://api.the-odds-api.com/v4/sports/americanfootball_nfl
2026,1,5ad8135dc2b5f27de0b777acd317855a,2026-09-15T00:15:00Z,BetRivers,2026-09-14T23:10:00Z,Denver Broncos,Kansas City Chiefs,totals,Over,42.5,-114,0.53271028,betrivers|5ad8135dc2b5f27de0b777acd317855a|totals|42.5,0.50752753,https://api.the-odds-api.com/v4/sports/americanfootball_nfl
2026,1,5ad8135dc2b5f27de0b777acd317855a,2026-09-15T00:15:00Z,BetRivers,2026-09-14T23:10:00Z,Denver Broncos,Kansas City Chiefs,totals,Under,42.5,-107,0.51690821,betrivers|5ad8135dc2b5f27de0b777acd317855a|totals|42.5,0.49247247,https://api.the-odds-api.com/v4/sports/americanfootball_nfl
2026,1,5ad8135dc2b5f27de0b777acd317855a,2026-09-15T00:15:00Z,MyBookie.ag,2026-09-14T23:08:34Z,Denver Broncos,Kansas City Chiefs,h2h,Denver Broncos,,105,0.48780488,mybookieag|5ad8135dc2b5f27de0b777acd317855a|h2h|event,0.46492659,https://api.the-odds-api.com/v4/sports/americanfootball_nfl
2026,1,5ad8135dc2b5f27de0b777acd317855a,2026-09-15T00:15:00Z,MyBookie.ag,2026-09-14T23:08:34Z,Denver Broncos,Kansas City Chiefs,h2h,Kansas City Chiefs,,-128,0.56140351,mybookieag|5ad8135dc2b5f27de0b777acd317855a|h2h|event,0.53507341,https://api.the-odds-api.com/v4/sports/americanfootball_nfl
2026,1,5ad8135dc2b5f27de0b777acd317855a,2026-09-15T00:15:00Z,MyBookie.ag,2026-09-14T23:08:34Z,Denver Broncos,Kansas City Chiefs,spreads,Denver Broncos,2.0,-110,0.52380952,mybookieag|5ad8135dc2b5f27de0b777acd317855a|spreads|event,0.5,https://api.the-odds-api.com/v4/sports/americanfootball_nfl
2026,1,5ad8135dc2b5f27de0b777acd317855a,2026-09-15T00:15:00Z,MyBookie.ag,2026-09-14T23:08:34Z,Denver Broncos,Kansas City Chiefs,spreads,Kansas City Chiefs,-2.0,-110,0.52380952,mybookieag|5ad8135dc2b5f27de0b777acd317855a|spreads|event,0.5,https://api.the-odds-api.com/v4/sports/americanfootball_nfl
2026,1,5ad8135dc2b5f27de0b777acd317855a,2026-09-15T00:15:00Z,MyBookie.ag,2026-09-14T23:08:34Z,Denver Broncos,Kansas City Chiefs,totals,Over,42.5,-110,0.52380952,mybookieag|5ad8135dc2b5f27de0b777acd317855a|totals|42.5,0.5,https://api.the-odds-api.com/v4/sports/americanfootball_nfl
2026,1,5ad8135dc2b5f27de0b777acd317855a,2026-09-15T00:15:00Z,MyBookie.ag,2026-09-14T23:08:34Z,Denver Broncos,Kansas City Chiefs,totals,Under,42.5,-110,0.52380952,mybookieag|5ad8135dc2b5f27de0b777acd317855a|totals|42.5,0.5,https://api.the-odds-api.com/v4/sports/americanfootball_nfl
2026,1,56e8897681915f7ec92baeee952bb1ae,2026-09-18T00:15:00Z,DraftKings,2026-09-14T23:09:31Z,Detroit Lions,Buffalo Bills,h2h,Buffalo Bills,,-205,0.67213115,draftkings|56e8897681915f7ec92baeee952bb1ae|h2h|event,0.64472918,https://api.the-odds-api.com/v4/sports/americanfootball_nfl
2026,1,56e8897681915f7ec92baeee952bb1ae,2026-09-18T00:15:00Z,DraftKings,2026-09-14T23:09:31Z,Detroit Lions,Buffalo Bills,h2h,Detroit Lions,,170,0.37037037,draftkings|56e8897681915f7ec92baeee952bb1ae|h2h|event,0.35527082,https://api.the-odds-api.com/v4/sports/americanfootball_nfl
2026,1,56e8897681915f7ec92baeee952bb1ae,2026-09-18T00:15:00Z,DraftKings,2026-09-14T23:09:31Z,Detroit Lions,Buffalo Bills,spreads,Buffalo Bills,-4.5,-108,0.51923077,draftkings|56e8897681915f7ec92baeee952bb1ae|spreads|event,0.49567024,https://api.the-odds-api.com/v4/sports/americanfootball_nfl
2026,1,56e8897681915f7ec92baeee952bb1ae,2026-09-18T00:15:00Z,DraftKings,2026-09-14T23:09:31Z,Detroit Lions,Buffalo Bills,spreads,Detroit Lions,4.5,-112,0.52830189,draftkings|56e8897681915f7ec92baeee952bb1ae|spreads|event,0.50432976,https://api.the-odds-api.com/v4/sports/americanfootball_nfl
2026,1,56e8897681915f7ec92baeee952bb1ae,2026-09-18T00:15:00Z,DraftKings,2026-09-14T23:09:31Z,Detroit Lions,Buffalo Bills,totals,Over,53.5,-115,0.53488372,draftkings|56e8897681915f7ec92baeee952bb1ae|totals|53.5,0.51083424,https://api.the-odds-api.com/v4/sports/americanfootball_nfl
2026,1,56e8897681915f7ec92baeee952bb1ae,2026-09-18T00:15:00Z,DraftKings,2026-09-14T23:09:31Z,Detroit Lions,Buffalo Bills,totals,Under,53.5,-105,0.51219512,draftkings|56e8897681915f7ec92baeee952bb1ae|totals|53.5,0.48916576,https://api.the-odds-api.com/v4/sports/americanfootball_nfl
2026,1,56e8897681915f7ec92baeee952bb1ae,2026-09-18T00:15:00Z,FanDuel,2026-09-14T23:09:33Z,Detroit Lions,Buffalo Bills,h2h,Buffalo Bills,,-215,0.68253968,fanduel|56e8897681915f7ec92baeee952bb1ae|h2h|event,0.65648855,https://api.the-odds-api.com/v4/sports/americanfootball_nfl
2026,1,56e8897681915f7ec92baeee952bb1ae,2026-09-18T00:15:00Z,FanDuel,2026-09-14T23:09:33Z,Detroit Lions,Buffalo Bills,h2h,Detroit Lions,,180,0.35714286,fanduel|56e8897681915f7ec92baeee952bb1ae|h2h|event,0.34351145,https://api.the-odds-api.com/v4/sports/americanfootball_nfl
2026,1,56e8897681915f7ec92baeee952bb1ae,2026-09-18T00:15:00Z,FanDuel,2026-09-14T23:09:33Z,Detroit Lions,Buffalo Bills,spreads,Buffalo Bills,-4.5,-105,0.51219512,fanduel|56e8897681915f7ec92baeee952bb1ae|spreads|event,0.48916576,https://api.the-odds-api.com/v4/sports/americanfootball_nfl
2026,1,56e8897681915f7ec92baeee952bb1ae,2026-09-18T00:15:00Z,FanDuel,2026-09-14T23:09:33Z,Detroit Lions,Buffalo Bills,spreads,Detroit Lions,4.5,-115,0.53488372,fanduel|56e8897681915f7ec92baeee952bb1ae|spreads|event,0.51083424,https://api.the-odds-api.com/v4/sports/americanfootball_nfl
2026,1,56e8897681915f7ec92baeee952bb1ae,2026-09-18T00:15:00Z,FanDuel,2026-09-14T23:09:33Z,Detroit Lions,Buffalo Bills,totals,Over,53.5,-115,0.53488372,fanduel|56e8897681915f7ec92baeee952bb1ae|totals|53.5,0.51083424,https://api.the-odds-api.com/v4/sports/americanfootball_nfl
2026,1,56e8897681915f7ec92baeee952bb1ae,2026-09-18T00:15:00Z,FanDuel,2026-09-14T23:09:33Z,Detroit Lions,Buffalo Bills,totals,Under,53.5,-105,0.51219512,fanduel|56e8897681915f7ec92baeee952bb1ae|totals|53.5,0.48916576,https://api.the-odds-api.com/v4/sports/americanfootball_nfl
2026,1,56e8897681915f7ec92baeee952bb1ae,2026-09-18T00:15:00Z,BetOnline.ag,2026-09-14T23:09:59Z,Detroit Lions,Buffalo Bills,h2h,Buffalo Bills,,-225,0.69230769,betonlineag|56e8897681915f7ec92baeee952bb1ae|h2h|event,0.66675211,https://api.the-odds-api.com/v4/sports/americanfootball_nfl
2026,1,56e8897681915f7ec92baeee952bb1ae,2026-09-18T00:15:00Z,BetOnline.ag,2026-09-14T23:09:59Z,Detroit Lions,Buffalo Bills,h2h,Detroit Lions,,189,0.34602076,betonlineag|56e8897681915f7ec92baeee952bb1ae|h2h|event,0.33324789,https://api.the-odds-api.com/v4/sports/americanfootball_nfl
2026,1,56e8897681915f7ec92baeee952bb1ae,2026-09-18T00:15:00Z,BetOnline.ag,2026-09-14T23:09:59Z,Detroit Lions,Buffalo Bills,spreads,Buffalo Bills,-4.5,-108,0.51923077,betonlineag|56e8897681915f7ec92baeee952bb1ae|spreads|event,0.49567024,https://api.the-odds-api.com/v4/sports/americanfootball_nfl
2026,1,56e8897681915f7ec92baeee952bb1ae,2026-09-18T00:15:00Z,BetOnline.ag,2026-09-14T23:09:59Z,Detroit Lions,Buffalo Bills,spreads,Detroit Lions,4.5,-112,0.52830189,betonlineag|56e8897681915f7ec92baeee952bb1ae|spreads|event,0.50432976,https://api.the-odds-api.com/v4/sports/americanfootball_nfl
2026,1,56e8897681915f7ec92baeee952bb1ae,2026-09-18T00:15:00Z,BetOnline.ag,2026-09-14T23:09:59Z,Detroit Lions,Buffalo Bills,totals,Over,53.5,-110,0.52380952,betonlineag|56e8897681915f7ec92baeee952bb1ae|totals|53.5,0.5,https://api.the-odds-api.com/v4/sports/americanfootball_nfl
2026,1,56e8897681915f7ec92baeee952bb1ae,2026-09-18T00:15:00Z,BetOnline.ag,2026-09-14T23:09:59Z,Detroit Lions,Buffalo Bills,totals,Under,53.5,-110,0.52380952,betonlineag|56e8897681915f7ec92baeee952bb1ae|totals|53.5,0.5,https://api.the-odds-api.com/v4/sports/americanfootball_nfl
2026,1,56e8897681915f7ec92baeee952bb1ae,2026-09-18T00:15:00Z,BetMGM,2026-09-14T23:09:58Z,Detroit Lions,Buffalo Bills,h2h,Buffalo Bills,,-210,0.67741935,betmgm|56e8897681915f7ec92baeee952bb1ae|h2h|event,0.65070423,https://api.the-odds-api.com/v4/sports/americanfootball_nfl
2026,1,56e8897681915f7ec92baeee952bb1ae,2026-09-18T00:15:00Z,BetMGM,2026-09-14T23:09:58Z,Detroit Lions,Buffalo Bills,h2h,Detroit Lions,,175,0.36363636,betmgm|56e8897681915f7ec92baeee952bb1ae|h2h|event,0.34929577,https://api.the-odds-api.com/v4/sports/americanfootball_nfl
2026,1,56e8897681915f7ec92baeee952bb1ae,2026-09-18T00:15:00Z,BetMGM,2026-09-14T23:09:58Z,Detroit Lions,Buffalo Bills,spreads,Buffalo Bills,-4.5,-108,0.51923077,betmgm|56e8897681915f7ec92baeee952bb1ae|spreads|event,0.49780509,https://api.the-odds-api.com/v4/sports/americanfootball_nfl
2026,1,56e8897681915f7ec92baeee952bb1ae,2026-09-18T00:15:00Z,BetMGM,2026-09-14T23:09:58Z,Detroit Lions,Buffalo Bills,spreads,Detroit Lions,4.5,-110,0.52380952,betmgm|56e8897681915f7ec92baeee952bb1ae|spreads|event,0.50219491,https://api.the-odds-api.com/v4/sports/americanfootball_nfl
2026,1,56e8897681915f7ec92baeee952bb1ae,2026-09-18T00:15:00Z,BetMGM,2026-09-14T23:09:58Z,Detroit Lions,Buffalo Bills,totals,Over,53.5,-110,0.52380952,betmgm|56e8897681915f7ec92baeee952bb1ae|totals|53.5,0.50219491,https://api.the-odds-api.com/v4/sports/americanfootball_nfl
2026,1,56e8897681915f7ec92baeee952bb1ae,2026-09-18T00:15:00Z,BetMGM,2026-09-14T23:09:58Z,Detroit Lions,Buffalo Bills,totals,Under,53.5,-108,0.51923077,betmgm|56e8897681915f7ec92baeee952bb1ae|totals|53.5,0.49780509,https://api.the-odds-api.com/v4/sports/americanfootball_nfl
2026,1,56e8897681915f7ec92baeee952bb1ae,2026-09-18T00:15:00Z,LowVig.ag,2026-09-14T23:10:00Z,Detroit Lions,Buffalo Bills,h2h,Buffalo Bills,,-225,0.69230769,lowvig|56e8897681915f7ec92baeee952bb1ae|h2h|event,0.66675211,https://api.the-odds-api.com/v4/sports/americanfootball_nfl
2026,1,56e8897681915f7ec92baeee952bb1ae,2026-09-18T00:15:00Z,LowVig.ag,2026-09-14T23:10:00Z,Detroit Lions,Buffalo Bills,h2h,Detroit Lions,,189,0.34602076,lowvig|56e8897681915f7ec92baeee952bb1ae|h2h|event,0.33324789,https://api.the-odds-api.com/v4/sports/americanfootball_nfl
2026,1,56e8897681915f7ec92baeee952bb1ae,2026-09-18T00:15:00Z,LowVig.ag,2026-09-14T23:10:00Z,Detroit Lions,Buffalo Bills,spreads,Buffalo Bills,-4.5,-103,0.50738916,lowvig|56e8897681915f7ec92baeee952bb1ae|spreads|event,0.49535338,https://api.the-odds-api.com/v4/sports/americanfootball_nfl
2026,1,56e8897681915f7ec92baeee952bb1ae,2026-09-18T00:15:00Z,LowVig.ag,2026-09-14T23:10:00Z,Detroit Lions,Buffalo Bills,spreads,Detroit Lions,4.5,-107,0.51690821,lowvig|56e8897681915f7ec92baeee952bb1ae|spreads|event,0.50464662,https://api.the-odds-api.com/v4/sports/americanfootball_nfl
2026,1,56e8897681915f7ec92baeee952bb1ae,2026-09-18T00:15:00Z,LowVig.ag,2026-09-14T23:10:00Z,Detroit Lions,Buffalo Bills,totals,Over,53.5,-107,0.51690821,lowvig|56e8897681915f7ec92baeee952bb1ae|totals|53.5,0.5,https://api.the-odds-api.com/v4/sports/americanfootball_nfl
2026,1,56e8897681915f7ec92baeee952bb1ae,2026-09-18T00:15:00Z,LowVig.ag,2026-09-14T23:10:00Z,Detroit Lions,Buffalo Bills,totals,Under,53.5,-107,0.51690821,lowvig|56e8897681915f7ec92baeee952bb1ae|totals|53.5,0.5,https://api.the-odds-api.com/v4/sports/americanfootball_nfl
2026,1,56e8897681915f7ec92baeee952bb1ae,2026-09-18T00:15:00Z,Bovada,2026-09-14T23:08:13Z,Detroit Lions,Buffalo Bills,h2h,Buffalo Bills,,-210,0.67741935,bovada|56e8897681915f7ec92baeee952bb1ae|h2h|event,0.65070423,https://api.the-odds-api.com/v4/sports/americanfootball_nfl
2026,1,56e8897681915f7ec92baeee952bb1ae,2026-09-18T00:15:00Z,Bovada,2026-09-14T23:08:13Z,Detroit Lions,Buffalo Bills,h2h,Detroit Lions,,175,0.36363636,bovada|56e8897681915f7ec92baeee952bb1ae|h2h|event,0.34929577,https://api.the-odds-api.com/v4/sports/americanfootball_nfl
2026,1,56e8897681915f7ec92baeee952bb1ae,2026-09-18T00:15:00Z,Bovada,2026-09-14T23:08:13Z,Detroit Lions,Buffalo Bills,spreads,Buffalo Bills,-4.5,-110,0.52380952,bovada|56e8897681915f7ec92baeee952bb1ae|spreads|event,0.5,https://api.the-odds-api.com/v4/sports/americanfootball_nfl
2026,1,56e8897681915f7ec92baeee952bb1ae,2026-09-18T00:15:00Z,Bovada,2026-09-14T23:08:13Z,Detroit Lions,Buffalo Bills,spreads,Detroit Lions,4.5,-110,0.52380952,bovada|56e8897681915f7ec92baeee952bb1ae|spreads|event,0.5,https://api.the-odds-api.com/v4/sports/americanfootball_nfl
2026,1,56e8897681915f7ec92baeee952bb1ae,2026-09-18T00:15:00Z,Bovada,2026-09-14T23:08:13Z,Detroit Lions,Buffalo Bills,totals,Over,53.5,-110,0.52380952,bovada|56e8897681915f7ec92baeee952bb1ae|totals|53.5,0.5,https://api.the-odds-api.com/v4/sports/americanfootball_nfl
2026,1,56e8897681915f7ec92baeee952bb1ae,2026-09-18T00:15:00Z,Bovada,2026-09-14T23:08:13Z,Detroit Lions,Buffalo Bills,totals,Under,53.5,-110,0.52380952,bovada|56e8897681915f7ec92baeee952bb1ae|totals|53.5,0.5,https://api.the-odds-api.com/v4/sports/americanfootball_nfl
2026,1,56e8897681915f7ec92baeee952bb1ae,2026-09-18T00:15:00Z,BetRivers,2026-09-14T23:10:00Z,Detroit Lions,Buffalo Bills,h2h,Buffalo Bills,,-215,0.68253968,betrivers|56e8897681915f7ec92baeee952bb1ae|h2h|event,0.64824121,https://api.the-odds-api.com/v4/sports/americanfootball_nfl
2026,1,56e8897681915f7ec92baeee952bb1ae,2026-09-18T00:15:00Z,BetRivers,2026-09-14T23:10:00Z,Detroit Lions,Buffalo Bills,h2h,Detroit Lions,,170,0.37037037,betrivers|56e8897681915f7ec92baeee952bb1ae|h2h|event,0.35175879,https://api.the-odds-api.com/v4/sports/americanfootball_nfl
2026,1,56e8897681915f7ec92baeee952bb1ae,2026-09-18T00:15:00Z,BetRivers,2026-09-14T23:10:00Z,Detroit Lions,Buffalo Bills,spreads,Buffalo Bills,-4.5,-108,0.51923077,betrivers|56e8897681915f7ec92baeee952bb1ae|spreads|event,0.49462458,https://api.the-odds-api.com/v4/sports/americanfootball_nfl
2026,1,56e8897681915f7ec92baeee952bb1ae,2026-09-18T00:15:00Z,BetRivers,2026-09-14T23:10:00Z,Detroit Lions,Buffalo Bills,spreads,Detroit Lions,4.5,-113,0.53051643,betrivers|56e8897681915f7ec92baeee952bb1ae|spreads|event,0.50537542,https://api.the-odds-api.com/v4/sports/americanfootball_nfl
2026,1,56e8897681915f7ec92baeee952bb1ae,2026-09-18T00:15:00Z,BetRivers,2026-09-14T23:10:00Z,Detroit Lions,Buffalo Bills,totals,Over,53.0,-113,0.53051643,betrivers|56e8897681915f7ec92baeee952bb1ae|totals|53.0,0.50537542,https://api.the-odds-api.com/v4/sports/americanfootball_nfl
2026,1,56e8897681915f7ec92baeee952bb1ae,2026-09-18T00:15:00Z,BetRivers,2026-09-14T23:10:00Z,Detroit Lions,Buffalo Bills,totals,Under,53.0,-108,0.51923077,betrivers|56e8897681915f7ec92baeee952bb1ae|totals|53.0,0.49462458,https://api.the-odds-api.com/v4/sports/americanfootball_nfl
2026,1,56e8897681915f7ec92baeee952bb1ae,2026-09-18T00:15:00Z,MyBookie.ag,2026-09-14T23:08:34Z,Detroit Lions,Buffalo Bills,h2h,Buffalo Bills,,-222,0.68944099,mybookieag|56e8897681915f7ec92baeee952bb1ae|h2h|event,0.6505318,https://api.the-odds-api.com/v4/sports/americanfootball_nfl
2026,1,56e8897681915f7ec92baeee952bb1ae,2026-09-18T00:15:00Z,MyBookie.ag,2026-09-14T23:08:34Z,Detroit Lions,Buffalo Bills,h2h,Detroit Lions,,170,0.37037037,mybookieag|56e8897681915f7ec92baeee952bb1ae|h2h|event,0.3494682,https://api.the-odds-api.com/v4/sports/americanfootball_nfl
2026,1,56e8897681915f7ec92baeee952bb1ae,2026-09-18T00:15:00Z,MyBookie.ag,2026-09-14T23:08:34Z,Detroit Lions,Buffalo Bills,spreads,Buffalo Bills,-4.5,-110,0.52380952,mybookieag|56e8897681915f7ec92baeee952bb1ae|spreads|event,0.5,https://api.the-odds-api.com/v4/sports/americanfootball_nfl
2026,1,56e8897681915f7ec92baeee952bb1ae,2026-09-18T00:15:00Z,MyBookie.ag,2026-09-14T23:08:34Z,Detroit Lions,Buffalo Bills,spreads,Detroit Lions,4.5,-110,0.52380952,mybookieag|56e8897681915f7ec92baeee952bb1ae|spreads|event,0.5,https://api.the-odds-api.com/v4/sports/americanfootball_nfl
2026,1,56e8897681915f7ec92baeee952bb1ae,2026-09-18T00:15:00Z,MyBookie.ag,2026-09-14T23:08:34Z,Detroit Lions,Buffalo Bills,totals,Over,53.5,-110,0.52380952,mybookieag|56e8897681915f7ec92baeee952bb1ae|totals|53.5,0.5,https://api.the-odds-api.com/v4/sports/americanfootball_nfl
2026,1,56e8897681915f7ec92baeee952bb1ae,2026-09-18T00:15:00Z,MyBookie.ag,2026-09-14T23:08:34Z,Detroit Lions,Buffalo Bills,totals,Under,53.5,-110,0.52380952,mybookieag|56e8897681915f7ec92baeee952bb1ae|totals|53.5,0.5,https://api.the-odds-api.com/v4/sports/americanfootball_nfl
2026,1,56e8897681915f7ec92baeee952bb1ae,2026-09-18T00:15:00Z,BetUS,2026-09-14T23:09:33Z,Detroit Lions,Buffalo Bills,h2h,Buffalo Bills,,-225,0.69230769,betus|56e8897681915f7ec92baeee952bb1ae|h2h|event,0.66751918,https://api.the-odds-api.com/v4/sports/americanfootball_nfl
2026,1,56e8897681915f7ec92baeee952bb1ae,2026-09-18T00:15:00Z,BetUS,2026-09-14T23:09:33Z,Detroit Lions,Buffalo Bills,h2h,Detroit Lions,,190,0.34482759,betus|56e8897681915f7ec92baeee952bb1ae|h2h|event,0.33248082,https://api.the-odds-api.com/v4/sports/americanfootball_nfl
2026,1,56e8897681915f7ec92baeee952bb1ae,2026-09-18T00:15:00Z,BetUS,2026-09-14T23:09:33Z,Detroit Lions,Buffalo Bills,spreads,Buffalo Bills,-4.5,-110,0.52380952,betus|56e8897681915f7ec92baeee952bb1ae|spreads|event,0.5,https://api.the-odds-api.com/v4/sports/americanfootball_nfl
2026,1,56e8897681915f7ec92baeee952bb1ae,2026-09-18T00:15:00Z,BetUS,2026-09-14T23:09:33Z,Detroit Lions,Buffalo Bills,spreads,Detroit Lions,4.5,-110,0.52380952,betus|56e8897681915f7ec92baeee952bb1ae|spreads|event,0.5,https://api.the-odds-api.com/v4/sports/americanfootball_nfl
2026,1,56e8897681915f7ec92baeee952bb1ae,2026-09-18T00:15:00Z,BetUS,2026-09-14T23:09:33Z,Detroit Lions,Buffalo Bills,totals,Over,53.5,-110,0.52380952,betus|56e8897681915f7ec92baeee952bb1ae|totals|53.5,0.5,https://api.the-odds-api.com/v4/sports/americanfootball_nfl
2026,1,56e8897681915f7ec92baeee952bb1ae,2026-09-18T00:15:00Z,BetUS,2026-09-14T23:09:33Z,Detroit Lions,Buffalo Bills,totals,Under,53.5,-110,0.52380952,betus|56e8897681915f7ec92baeee952bb1ae|totals|53.5,0.5,https://api.the-odds-api.com/v4/sports/americanfootball_nfl
2026,1,aee7eae1849ebb103b9bf233e9741392,2026-09-20T17:00:00Z,DraftKings,2026-09-14T23:09:31Z,Carolina Panthers,Atlanta Falcons,h2h,Atlanta Falcons,,105,0.48780488,draftkings|aee7eae1849ebb103b9bf233e9741392|h2h|event,0.46753247,https://api.the-odds-api.com/v4/sports/americanfootball_nfl
2026,1,aee7eae1849ebb103b9bf233e9741392,2026-09-20T17:00:00Z,DraftKings,2026-09-14T23:09:31Z,Carolina Panthers,Atlanta Falcons,h2h,Carolina Panthers,,-125,0.55555556,draftkings|aee7eae1849ebb103b9bf233e9741392|h2h|event,0.53246753,https://api.the-odds-api.com/v4/sports/americanfootball_nfl
2026,1,aee7eae1849ebb103b9bf233e9741392,2026-09-20T17:00:00Z,DraftKings,2026-09-14T23:09:31Z,Carolina Panthers,Atlanta Falcons,spreads,Atlanta Falcons,1.5,-112,0.52830189,draftkings|aee7eae1849ebb103b9bf233e9741392|spreads|event,0.50432976,https://api.the-odds-api.com/v4/sports/americanfootball_nfl
2026,1,aee7eae1849ebb103b9bf233e9741392,2026-09-20T17:00:00Z,DraftKings,2026-09-14T23:09:31Z,Carolina Panthers,Atlanta Falcons,spreads,Carolina Panthers,-1.5,-108,0.51923077,draftkings|aee7eae1849ebb103b9bf233e9741392|spreads|event,0.49567024,https://api.the-odds-api.com/v4/sports/americanfootball_nfl
2026,1,aee7eae1849ebb103b9bf233e9741392,2026-09-20T17:00:00Z,DraftKings,2026-09-14T23:09:31Z,Carolina Panthers,Atlanta Falcons,totals,Over,44.5,-105,0.51219512,draftkings|aee7eae1849ebb103b9bf233e9741392|totals|44.5,0.48916576,https://api.the-odds-api.com/v4/sports/americanfootball_nfl
2026,1,aee7eae1849ebb103b9bf233e9741392,2026-09-20T17:00:00Z,DraftKings,2026-09-14T23:09:31Z,Carolina Panthers,Atlanta Falcons,totals,Under,44.5,-115,0.53488372,draftkings|aee7eae1849ebb103b9bf233e9741392|totals|44.5,0.51083424,https://api.the-odds-api.com/v4/sports/americanfootball_nfl
2026,1,aee7eae1849ebb103b9bf233e9741392,2026-09-20T17:00:00Z,BetUS,2026-09-14T23:09:33Z,Carolina Panthers,Atlanta Falcons,spreads,Atlanta Falcons,0.0,100,0.5,betus|aee7eae1849ebb103b9bf233e9741392|spreads|event,0.47826087,https://api.the-odds-api.com/v4/sports/americanfootball_nfl
2026,1,aee7eae1849ebb103b9bf233e9741392,2026-09-20T17:00:00Z,BetUS,2026-09-14T23:09:33Z,Carolina Panthers,Atlanta Falcons,spreads,Carolina Panthers,0.0,-120,0.54545455,betus|aee7eae1849ebb103b9bf233e9741392|spreads|event,0.52173913,https://api.the-odds-api.com/v4/sports/americanfootball_nfl
2026,1,aee7eae1849ebb103b9bf233e9741392,2026-09-20T17:00:00Z,BetUS,2026-09-14T23:09:33Z,Carolina Panthers,Atlanta Falcons,totals,Over,44.0,-110,0.52380952,betus|aee7eae1849ebb103b9bf233e9741392|totals|44.0,0.5,https://api.the-odds-api.com/v4/sports/americanfootball_nfl
2026,1,aee7eae1849ebb103b9bf233e9741392,2026-09-20T17:00:00Z,BetUS,2026-09-14T23:09:33Z,Carolina Panthers,Atlanta Falcons,totals,Under,44.0,-110,0.52380952,betus|aee7eae1849ebb103b9bf233e9741392|totals|44.0,0.5,https://api.the-odds-api.com/v4/sports/americanfootball_nfl
2026,1,aee7eae1849ebb103b9bf233e9741392,2026-09-20T17:00:00Z,MyBookie.ag,2026-09-14T23:08:34Z,Carolina Panthers,Atlanta Falcons,h2h,Atlanta Falcons,,-108,0.51923077,mybookieag|aee7eae1849ebb103b9bf233e9741392|h2h|event,0.4896024,https://api.the-odds-api.com/v4/sports/americanfootball_nfl
2026,1,aee7eae1849ebb103b9bf233e9741392,2026-09-20T17:00:00Z,MyBookie.ag,2026-09-14T23:08:34Z,Carolina Panthers,Atlanta Falcons,h2h,Carolina Panthers,,-118,0.5412844,mybookieag|aee7eae1849ebb103b9bf233e9741392|h2h|event,0.5103976,https://api.the-odds-api.com/v4/sports/americanfootball_nfl
2026,1,aee7eae1849ebb103b9bf233e9741392,2026-09-20T17:00:00Z,MyBookie.ag,2026-09-14T23:08:34Z,Carolina Panthers,Atlanta Falcons,spreads,Atlanta Falcons,1.0,-110,0.52380952,mybookieag|aee7eae1849ebb103b9bf233e9741392|spreads|event,0.5,https://api.the-odds-api.com/v4/sports/americanfootball_nfl
2026,1,aee7eae1849ebb103b9bf233e9741392,2026-09-20T17:00:00Z,MyBookie.ag,2026-09-14T23:08:34Z,Carolina Panthers,Atlanta Falcons,spreads,Carolina Panthers,-1.0,-110,0.52380952,mybookieag|aee7eae1849ebb103b9bf233e9741392|spreads|event,0.5,https://api.the-odds-api.com/v4/sports/americanfootball_nfl
2026,1,aee7eae1849ebb103b9bf233e9741392,2026-09-20T17:00:00Z,MyBookie.ag,2026-09-14T23:08:34Z,Carolina Panthers,Atlanta Falcons,totals,Over,44.0,-110,0.52380952,mybookieag|aee7eae1849ebb103b9bf233e9741392|totals|44.0,0.5,https://api.the-odds-api.com/v4/sports/americanfootball_nfl
2026,1,aee7eae1849ebb103b9bf233e9741392,2026-09-20T17:00:00Z,MyBookie.ag,2026-09-14T23:08:34Z,Carolina Panthers,Atlanta Falcons,totals,Under,44.0,-110,0.52380952,mybookieag|aee7eae1849ebb103b9bf233e9741392|totals|44.0,0.5,https://api.the-odds-api.com/v4/sports/americanfootball_nfl
2026,1,aee7eae1849ebb103b9bf233e9741392,2026-09-20T17:00:00Z,LowVig.ag,2026-09-14T23:10:00Z,Carolina Panthers,Atlanta Falcons,h2h,Atlanta Falcons,,102,0.4950495,lowvig|aee7eae1849ebb103b9bf233e9741392|h2h|event,0.47391341,https://api.the-odds-api.com/v4/sports/americanfootball_nfl
2026,1,aee7eae1849ebb103b9bf233e9741392,2026-09-20T17:00:00Z,LowVig.ag,2026-09-14T23:10:00Z,Carolina Panthers,Atlanta Falcons,h2h,Carolina Panthers,,-122,0.54954955,lowvig|aee7eae1849ebb103b9bf233e9741392|h2h|event,0.52608659,https://api.the-odds-api.com/v4/sports/americanfootball_nfl
2026,1,aee7eae1849ebb103b9bf233e9741392,2026-09-20T17:00:00Z,LowVig.ag,2026-09-14T23:10:00Z,Carolina Panthers,Atlanta Falcons,spreads,Atlanta Falcons,1.0,101,0.49751244,lowvig|aee7eae1849ebb103b9bf233e9741392|spreads|event,0.48499268,https://api.the-odds-api.com/v4/sports/americanfootball_nfl
2026,1,aee7eae1849ebb103b9bf233e9741392,2026-09-20T17:00:00Z,LowVig.ag,2026-09-14T23:10:00Z,Carolina Panthers,Atlanta Falcons,spreads,Carolina Panthers,-1.0,-112,0.52830189,lowvig|aee7eae1849ebb103b9bf233e9741392|spreads|event,0.51500732,https://api.the-odds-api.com/v4/sports/americanfootball_nfl
2026,1,aee7eae1849ebb103b9bf233e9741392,2026-09-20T17:00:00Z,LowVig.ag,2026-09-14T23:10:00Z,Carolina Panthers,Atlanta Falcons,totals,Over,44.0,-107,0.51690821,lowvig|aee7eae1849ebb103b9bf233e9741392|totals|44.0,0.5,https://api.the-odds-api.com/v4/sports/americanfootball_nfl
2026,1,aee7eae1849ebb103b9bf233e9741392,2026-09-20T17:00:00Z,LowVig.ag,2026-09-14T23:10:00Z,Carolina Panthers,Atlanta Falcons,totals,Under,44.0,-107,0.51690821,lowvig|aee7eae1849ebb103b9bf233e9741392|totals|44.0,0.5,https://api.the-odds-api.com/v4/sports/americanfootball_nfl
2026,1,aee7eae1849ebb103b9bf233e9741392,2026-09-20T17:00:00Z,BetOnline.ag,2026-09-14T23:09:59Z,Carolina Panthers,Atlanta Falcons,h2h,Atlanta Falcons,,102,0.4950495,betonlineag|aee7eae1849ebb103b9bf233e9741392|h2h|event,0.47391341,https://api.the-odds-api.com/v4/sports/americanfootball_nfl
2026,1,aee7eae1849ebb103b9bf233e9741392,2026-09-20T17:00:00Z,BetOnline.ag,2026-09-14T23:09:59Z,Carolina Panthers,Atlanta Falcons,h2h,Carolina Panthers,,-122,0.54954955,betonlineag|aee7eae1849ebb103b9bf233e9741392|h2h|event,0.52608659,https://api.the-odds-api.com/v4/sports/americanfootball_nfl
2026,1,aee7eae1849ebb103b9bf233e9741392,2026-09-20T17:00:00Z,BetOnline.ag,2026-09-14T23:09:59Z,Carolina Panthers,Atlanta Falcons,spreads,Atlanta Falcons,1.0,-104,0.50980392,betonlineag|aee7eae1849ebb103b9bf233e9741392|spreads|event,0.48699271,https://api.the-odds-api.com/v4/sports/americanfootball_nfl
2026,1,aee7eae1849ebb103b9bf233e9741392,2026-09-20T17:00:00Z,BetOnline.ag,2026-09-14T23:09:59Z,Carolina Panthers,Atlanta Falcons,spreads,Carolina Panthers,-1.0,-116,0.53703704,betonlineag|aee7eae1849ebb103b9bf233e9741392|spreads|event,0.51300729,https://api.the-odds-api.com/v4/sports/americanfootball_nfl
2026,1,aee7eae1849ebb103b9bf233e9741392,2026-09-20T17:00:00Z,BetOnline.ag,2026-09-14T23:09:59Z,Carolina Panthers,Atlanta Falcons,totals,Over,44.0,-110,0.52380952,betonlineag|aee7eae1849ebb103b9bf233e9741392|totals|44.0,0.5,https://api.the-odds-api.com/v4/sports/americanfootball_nfl
2026,1,aee7eae1849ebb103b9bf233e9741392,2026-09-20T17:00:00Z,BetOnline.ag,2026-09-14T23:09:59Z,Carolina Panthers,Atlanta Falcons,totals,Under,44.0,-110,0.52380952,betonlineag|aee7eae1849ebb103b9bf233e9741392|totals|44.0,0.5,https://api.the-odds-api.com/v4/sports/americanfootball_nfl
2026,1,aee7eae1849ebb103b9bf233e9741392,2026-09-20T17:00:00Z,FanDuel,2026-09-14T23:09:33Z,Carolina Panthers,Atlanta Falcons,h2h,Atlanta Falcons,,102,0.4950495,fanduel|aee7eae1849ebb103b9bf233e9741392|h2h|event,0.47577854,https://api.the-odds-api.com/v4/sports/americanfootball_nfl
2026,1,aee7eae1849ebb103b9bf233e9741392,2026-09-20T17:00:00Z,FanDuel,2026-09-14T23:09:33Z,Carolina Panthers,Atlanta Falcons,h2h,Carolina Panthers,,-120,0.54545455,fanduel|aee7eae1849ebb103b9bf233e9741392|h2h|event,0.52422146,https://api.the-odds-api.com/v4/sports/americanfootball_nfl
2026,1,aee7eae1849ebb103b9bf233e9741392,2026-09-20T17:00:00Z,FanDuel,2026-09-14T23:09:33Z,Carolina Panthers,Atlanta Falcons,spreads,Atlanta Falcons,1.5,-112,0.52830189,fanduel|aee7eae1849ebb103b9bf233e9741392|spreads|event,0.50432976,https://api.the-odds-api.com/v4/sports/americanfootball_nfl
2026,1,aee7eae1849ebb103b9bf233e9741392,2026-09-20T17:00:00Z,FanDuel,2026-09-14T23:09:33Z,Carolina Panthers,Atlanta Falcons,spreads,Carolina Panthers,-1.5,-108,0.51923077,fanduel|aee7eae1849ebb103b9bf233e9741392|spreads|event,0.49567024,https://api.the-odds-api.com/v4/sports/americanfootball_nfl
2026,1,aee7eae1849ebb103b9bf233e9741392,2026-09-20T17:00:00Z,FanDuel,2026-09-14T23:09:33Z,Carolina Panthers,Atlanta Falcons,totals,Over,44.5,-105,0.51219512,fanduel|aee7eae1849ebb103b9bf233e9741392|totals|44.5,0.48916576,https://api.the-odds-api.com/v4/sports/americanfootball_nfl
2026,1,aee7eae1849ebb103b9bf233e9741392,2026-09-20T17:00:00Z,FanDuel,2026-09-14T23:09:33Z,Carolina Panthers,Atlanta Falcons,totals,Under,44.5,-115,0.53488372,fanduel|aee7eae1849ebb103b9bf233e9741392|totals|44.5,0.51083424,https://api.the-odds-api.com/v4/sports/americanfootball_nfl
2026,1,aee7eae1849ebb103b9bf233e9741392,2026-09-20T17:00:00Z,BetRivers,2026-09-14T23:10:00Z,Carolina Panthers,Atlanta Falcons,h2h,Atlanta Falcons,,100,0.5,betrivers|aee7eae1849ebb103b9bf233e9741392|h2h|event,0.47826087,https://api.the-odds-api.com/v4/sports/americanfootball_nfl
2026,1,aee7eae1849ebb103b9bf233e9741392,2026-09-20T17:00:00Z,BetRivers,2026-09-14T23:10:00Z,Carolina Panthers,Atlanta Falcons,h2h,Carolina Panthers,,-120,0.54545455,betrivers|aee7eae1849ebb103b9bf233e9741392|h2h|event,0.52173913,https://api.the-odds-api.com/v4/sports/americanfootball_nfl
2026,1,aee7eae1849ebb103b9bf233e9741392,2026-09-20T17:00:00Z,BetRivers,2026-09-14T23:10:00Z,Carolina Panthers,Atlanta Falcons,spreads,Atlanta Falcons,1.0,-108,0.51923077,betrivers|aee7eae1849ebb103b9bf233e9741392|spreads|event,0.49462458,https://api.the-odds-api.com/v4/sports/americanfootball_nfl
2026,1,aee7eae1849ebb103b9bf233e9741392,2026-09-20T17:00:00Z,BetRivers,2026-09-14T23:10:00Z,Carolina Panthers,Atlanta Falcons,spreads,Carolina Panthers,-1.0,-113,0.53051643,betrivers|aee7eae1849ebb103b9bf233e9741392|spreads|event,0.50537542,https://api.the-odds-api.com/v4/sports/americanfootball_nfl
2026,1,aee7eae1849ebb103b9bf233e9741392,2026-09-20T17:00:00Z,BetRivers,2026-09-14T23:10:00Z,Carolina Panthers,Atlanta Falcons,totals,Over,44.0,-112,0.52830189,betrivers|aee7eae1849ebb103b9bf233e9741392|totals|44.0,0.5032247,https://api.the-odds-api.com/v4/sports/americanfootball_nfl
2026,1,aee7eae1849ebb103b9bf233e9741392,2026-09-20T17:00:00Z,BetRivers,2026-09-14T23:10:00Z,Carolina Panthers,Atlanta Falcons,totals,Under,44.0,-109,0.5215311,betrivers|aee7eae1849ebb103b9bf233e9741392|totals|44.0,0.4967753,https://api.the-odds-api.com/v4/sports/americanfootball_nfl
2026,1,aee7eae1849ebb103b9bf233e9741392,2026-09-20T17:00:00Z,BetMGM,2026-09-14T23:09:58Z,Carolina Panthers,Atlanta Falcons,h2h,Atlanta Falcons,,100,0.5,betmgm|aee7eae1849ebb103b9bf233e9741392|h2h|event,0.47826087,https://api.the-odds-api.com/v4/sports/americanfootball_nfl
2026,1,aee7eae1849ebb103b9bf233e9741392,2026-09-20T17:00:00Z,BetMGM,2026-09-14T23:09:58Z,Carolina Panthers,Atlanta Falcons,h2h,Carolina Panthers,,-120,0.54545455,betmgm|aee7eae1849ebb103b9bf233e9741392|h2h|event,0.52173913,https://api.the-odds-api.com/v4/sports/americanfootball_nfl
2026,1,aee7eae1849ebb103b9bf233e9741392,2026-09-20T17:00:00Z,BetMGM,2026-09-14T23:09:58Z,Carolina Panthers,Atlanta Falcons,spreads,Atlanta Falcons,1.5,-110,0.52380952,betmgm|aee7eae1849ebb103b9bf233e9741392|spreads|event,0.50219491,https://api.the-odds-api.com/v4/sports/americanfootball_nfl
2026,1,aee7eae1849ebb103b9bf233e9741392,2026-09-20T17:00:00Z,BetMGM,2026-09-14T23:09:58Z,Carolina Panthers,Atlanta Falcons,spreads,Carolina Panthers,-1.5,-108,0.51923077,betmgm|aee7eae1849ebb103b9bf233e9741392|spreads|event,0.49780509,https://api.the-odds-api.com/v4/sports/americanfootball_nfl
2026,1,aee7eae1849ebb103b9bf233e9741392,2026-09-20T17:00:00Z,BetMGM,2026-09-14T23:09:58Z,Carolina Panthers,Atlanta Falcons,totals,Over,44.5,-105,0.51219512,betmgm|aee7eae1849ebb103b9bf233e9741392|totals|44.5,0.49226006,https://api.the-odds-api.com/v4/sports/americanfootball_nfl
2026,1,aee7eae1849ebb103b9bf233e9741392,2026-09-20T17:00:00Z,BetMGM,2026-09-14T23:09:58Z,Carolina Panthers,Atlanta Falcons,totals,Under,44.5,-112,0.52830189,betmgm|aee7eae1849ebb103b9bf233e9741392|totals|44.5,0.50773994,https://api.the-odds-api.com/v4/sports/americanfootball_nfl
2026,1,aee7eae1849ebb103b9bf233e9741392,2026-09-20T17:00:00Z,Bovada,2026-09-14T23:08:13Z,Carolina Panthers,Atlanta Falcons,h2h,Atlanta Falcons,,100,0.5,bovada|aee7eae1849ebb103b9bf233e9741392|h2h|event,0.47826087,https://api.the-odds-api.com/v4/sports/americanfootball_nfl
2026,1,aee7eae1849ebb103b9bf233e9741392,2026-09-20T17:00:00Z,Bovada,2026-09-14T23:08:13Z,Carolina Panthers,Atlanta Falcons,h2h,Carolina Panthers,,-120,0.54545455,bovada|aee7eae1849ebb103b9bf233e9741392|h2h|event,0.52173913,https://api.the-odds-api.com/v4/sports/americanfootball_nfl
2026,1,aee7eae1849ebb103b9bf233e9741392,2026-09-20T17:00:00Z,Bovada,2026-09-14T23:08:13Z,Carolina Panthers,Atlanta Falcons,spreads,Atlanta Falcons,1.5,-115,0.53488372,bovada|aee7eae1849ebb103b9bf233e9741392|spreads|event,0.51083424,https://api.the-odds-api.com/v4/sports/americanfootball_nfl
2026,1,aee7eae1849ebb103b9bf233e9741392,2026-09-20T17:00:00Z,Bovada,2026-09-14T23:08:13Z,Carolina Panthers,Atlanta Falcons,spreads,Carolina Panthers,-1.5,-105,0.51219512,bovada|aee7eae1849ebb103b9bf233e9741392|spreads|event,0.48916576,https://api.the-odds-api.com/v4/sports/americanfootball_nfl
2026,1,aee7eae1849ebb103b9bf233e9741392,2026-09-20T17:00:00Z,Bovada,2026-09-14T23:08:13Z,Carolina Panthers,Atlanta Falcons,totals,Over,44.0,-115,0.53488372,bovada|aee7eae1849ebb103b9bf233e9741392|totals|44.0,0.51083424,https://api.the-odds-api.com/v4/sports/americanfootball_nfl
2026,1,aee7eae1849ebb103b9bf233e9741392,2026-09-20T17:00:00Z,Bovada,2026-09-14T23:08:13Z,Carolina Panthers,Atlanta Falcons,totals,Under,44.0,-105,0.51219512,bovada|aee7eae1849ebb103b9bf233e9741392|totals|44.0,0.48916576,https://api.the-odds-api.com/v4/sports/americanfootball_nfl
2026,1,2143ade9684fd876b68a4e8cbf451f05,2026-09-20T17:00:00Z,DraftKings,2026-09-14T23:09:31Z,New Orleans Saints,Baltimore Ravens,h2h,Baltimore Ravens,,-360,0.7826087,draftkings|2143ade9684fd876b68a4e8cbf451f05|h2h|event,0.75081257,https://api.the-odds-api.com/v4/sports/americanfootball_nfl
2026,1,2143ade9684fd876b68a4e8cbf451f05,2026-09-20T17:00:00Z,DraftKings,2026-09-14T23:09:31Z,New Orleans Saints,Baltimore Ravens,h2h,New Orleans Saints,,285,0.25974026,draftkings|2143ade9684fd876b68a4e8cbf451f05|h2h|event,0.24918743,https://api.the-odds-api.com/v4/sports/americanfootball_nfl
2026,1,2143ade9684fd876b68a4e8cbf451f05,2026-09-20T17:00:00Z,DraftKings,2026-09-14T23:09:31Z,New Orleans Saints,Baltimore Ravens,spreads,Baltimore Ravens,-8.5,-110,0.52380952,draftkings|2143ade9684fd876b68a4e8cbf451f05|spreads|event,0.5,https://api.the-odds-api.com/v4/sports/americanfootball_nfl
2026,1,2143ade9684fd876b68a4e8cbf451f05,2026-09-20T17:00:00Z,DraftKings,2026-09-14T23:09:31Z,New Orleans Saints,Baltimore Ravens,spreads,New Orleans Saints,8.5,-110,0.52380952,draftkings|2143ade9684fd876b68a4e8cbf451f05|spreads|event,0.5,https://api.the-odds-api.com/v4/sports/americanfootball_nfl
2026,1,2143ade9684fd876b68a4e8cbf451f05,2026-09-20T17:00:00Z,DraftKings,2026-09-14T23:09:31Z,New Orleans Saints,Baltimore Ravens,totals,Over,47.5,-102,0.5049505,draftkings|2143ade9684fd876b68a4e8cbf451f05|totals|47.5,0.48263588,https://api.the-odds-api.com/v4/sports/americanfootball_nfl
2026,1,2143ade9684fd876b68a4e8cbf451f05,2026-09-20T17:00:00Z,DraftKings,2026-09-14T23:09:31Z,New Orleans Saints,Baltimore Ravens,totals,Under,47.5,-118,0.5412844,draftkings|2143ade9684fd876b68a4e8cbf451f05|totals|47.5,0.51736412,https://api.the-odds-api.com/v4/sports/americanfootball_nfl
2026,1,2143ade9684fd876b68a4e8cbf451f05,2026-09-20T17:00:00Z,BetUS,2026-09-14T23:09:33Z,New Orleans Saints,Baltimore Ravens,h2h,Baltimore Ravens,,-425,0.80952381,betus|2143ade9684fd876b68a4e8cbf451f05|h2h|event,0.77803615,https://api.the-odds-api.com/v4/sports/americanfootball_nfl
2026,1,2143ade9684fd876b68a4e8cbf451f05,2026-09-20T17:00:00Z,BetUS,2026-09-14T23:09:33Z,New Orleans Saints,Baltimore Ravens,h2h,New Orleans Saints,,333,0.23094688,betus|2143ade9684fd876b68a4e8cbf451f05|h2h|event,0.22196385,https://api.the-odds-api.com/v4/sports/americanfootball_nfl
2026,1,2143ade9684fd876b68a4e8cbf451f05,2026-09-20T17:00:00Z,BetUS,2026-09-14T23:09:33Z,New Orleans Saints,Baltimore Ravens,spreads,Baltimore Ravens,-9.0,100,0.5,betus|2143ade9684fd876b68a4e8cbf451f05|spreads|event,0.47826087,https://api.the-odds-api.com/v4/sports/americanfootball_nfl
2026,1,2143ade9684fd876b68a4e8cbf451f05,2026-09-20T17:00:00Z,BetUS,2026-09-14T23:09:33Z,New Orleans Saints,Baltimore Ravens,spreads,New Orleans Saints,9.0,-120,0.54545455,betus|2143ade9684fd876b68a4e8cbf451f05|spreads|event,0.52173913,https://api.the-odds-api.com/v4/sports/americanfootball_nfl
2026,1,2143ade9684fd876b68a4e8cbf451f05,2026-09-20T17:00:00Z,BetUS,2026-09-14T23:09:33Z,New Orleans Saints,Baltimore Ravens,totals,Over,47.0,-110,0.52380952,betus|2143ade9684fd876b68a4e8cbf451f05|totals|47.0,0.5,https://api.the-odds-api.com/v4/sports/americanfootball_nfl
2026,1,2143ade9684fd876b68a4e8cbf451f05,2026-09-20T17:00:00Z,BetUS,2026-09-14T23:09:33Z,New Orleans Saints,Baltimore Ravens,totals,Under,47.0,-110,0.52380952,betus|2143ade9684fd876b68a4e8cbf451f05|totals|47.0,0.5,https://api.the-odds-api.com/v4/sports/americanfootball_nfl
2026,1,2143ade9684fd876b68a4e8cbf451f05,2026-09-20T17:00:00Z,MyBookie.ag,2026-09-14T23:08:34Z,New Orleans Saints,Baltimore Ravens,h2h,Baltimore Ravens,,-450,0.81818182,mybookieag|2143ade9684fd876b68a4e8cbf451f05|h2h|event,0.77035491,https://api.the-odds-api.com/v4/sports/americanfootball_nfl
2026,1,2143ade9684fd876b68a4e8cbf451f05,2026-09-20T17:00:00Z,MyBookie.ag,2026-09-14T23:08:34Z,New Orleans Saints,Baltimore Ravens,h2h,New Orleans Saints,,310,0.24390244,mybookieag|2143ade9684fd876b68a4e8cbf451f05|h2h|event,0.22964509,https://api.the-odds-api.com/v4/sports/americanfootball_nfl
2026,1,2143ade9684fd876b68a4e8cbf451f05,2026-09-20T17:00:00Z,MyBookie.ag,2026-09-14T23:08:34Z,New Orleans Saints,Baltimore Ravens,spreads,Baltimore Ravens,-9.0,-110,0.52380952,mybookieag|2143ade9684fd876b68a4e8cbf451f05|spreads|event,0.5,https://api.the-odds-api.com/v4/sports/americanfootball_nfl
2026,1,2143ade9684fd876b68a4e8cbf451f05,2026-09-20T17:00:00Z,MyBookie.ag,2026-09-14T23:08:34Z,New Orleans Saints,Baltimore Ravens,spreads,New Orleans Saints,9.0,-110,0.52380952,mybookieag|2143ade9684fd876b68a4e8cbf451f05|spreads|event,0.5,https://api.the-odds-api.com/v4/sports/americanfootball_nfl
2026,1,2143ade9684fd876b68a4e8cbf451f05,2026-09-20T17:00:00Z,MyBookie.ag,2026-09-14T23:08:34Z,New Orleans Saints,Baltimore Ravens,totals,Over,47.0,-110,0.52380952,mybookieag|2143ade9684fd876b68a4e8cbf451f05|totals|47.0,0.5,https://api.the-odds-api.com/v4/sports/americanfootball_nfl
2026,1,2143ade9684fd876b68a4e8cbf451f05,2026-09-20T17:00:00Z,MyBookie.ag,2026-09-14T23:08:34Z,New Orleans Saints,Baltimore Ravens,totals,Under,47.0,-110,0.52380952,mybookieag|2143ade9684fd876b68a4e8cbf451f05|totals|47.0,0.5,https://api.the-odds-api.com/v4/sports/americanfootball_nfl
2026,1,2143ade9684fd876b68a4e8cbf451f05,2026-09-20T17:00:00Z,LowVig.ag,2026-09-14T23:10:00Z,New Orleans Saints,Baltimore Ravens,h2h,Baltimore Ravens,,-425,0.80952381,lowvig|2143ade9684fd876b68a4e8cbf451f05|h2h|event,0.77843427,https://api.the-odds-api.com/v4/sports/americanfootball_nfl
2026,1,2143ade9684fd876b68a4e8cbf451f05,2026-09-20T17:00:00Z,LowVig.ag,2026-09-14T23:10:00Z,New Orleans Saints,Baltimore Ravens,h2h,New Orleans Saints,,334,0.23041475,lowvig|2143ade9684fd876b68a4e8cbf451f05|h2h|event,0.22156573,https://api.the-odds-api.com/v4/sports/americanfootball_nfl
2026,1,2143ade9684fd876b68a4e8cbf451f05,2026-09-20T17:00:00Z,LowVig.ag,2026-09-14T23:10:00Z,New Orleans Saints,Baltimore Ravens,spreads,Baltimore Ravens,-9.0,100,0.5,lowvig|2143ade9684fd876b68a4e8cbf451f05|spreads|event,0.48837209,https://api.the-odds-api.com/v4/sports/americanfootball_nfl
2026,1,2143ade9684fd876b68a4e8cbf451f05,2026-09-20T17:00:00Z,LowVig.ag,2026-09-14T23:10:00Z,New Orleans Saints,Baltimore Ravens,spreads,New Orleans Saints,9.0,-110,0.52380952,lowvig|2143ade9684fd876b68a4e8cbf451f05|spreads|event,0.51162791,https://api.the-odds-api.com/v4/sports/americanfootball_nfl
2026,1,2143ade9684fd876b68a4e8cbf451f05,2026-09-20T17:00:00Z,LowVig.ag,2026-09-14T23:10:00Z,New Orleans Saints,Baltimore Ravens,totals,Over,47.0,-107,0.51690821,lowvig|2143ade9684fd876b68a4e8cbf451f05|totals|47.0,0.5,https://api.the-odds-api.com/v4/sports/americanfootball_nfl
2026,1,2143ade9684fd876b68a4e8cbf451f05,2026-09-20T17:00:00Z,LowVig.ag,2026-09-14T23:10:00Z,New Orleans Saints,Baltimore Ravens,totals,Under,47.0,-107,0.51690821,lowvig|2143ade9684fd876b68a4e8cbf451f05|totals|47.0,0.5,https://api.the-odds-api.com/v4/sports/americanfootball_nfl
2026,1,2143ade9684fd876b68a4e8cbf451f05,2026-09-20T17:00:00Z,BetOnline.ag,2026-09-14T23:09:59Z,New Orleans Saints,Baltimore Ravens,h2h,Baltimore Ravens,,-425,0.80952381,betonlineag|2143ade9684fd876b68a4e8cbf451f05|h2h|event,0.77843427,https://api.the-odds-api.com/v4/sports/americanfootball_nfl
2026,1,2143ade9684fd876b68a4e8cbf451f05,2026-09-20T17:00:00Z,BetOnline.ag,2026-09-14T23:09:59Z,New Orleans Saints,Baltimore Ravens,h2h,New Orleans Saints,,334,0.23041475,betonlineag|2143ade9684fd876b68a4e8cbf451f05|h2h|event,0.22156573,https://api.the-odds-api.com/v4/sports/americanfootball_nfl
2026,1,2143ade9684fd876b68a4e8cbf451f05,2026-09-20T17:00:00Z,BetOnline.ag,2026-09-14T23:09:59Z,New Orleans Saints,Baltimore Ravens,spreads,Baltimore Ravens,-9.0,-105,0.51219512,betonlineag|2143ade9684fd876b68a4e8cbf451f05|spreads|event,0.48916576,https://api.the-odds-api.com/v4/sports/americanfootball_nfl
2026,1,2143ade9684fd876b68a4e8cbf451f05,2026-09-20T17:00:00Z,BetOnline.ag,2026-09-14T23:09:59Z,New Orleans Saints,Baltimore Ravens,spreads,New Orleans Saints,9.0,-115,0.53488372,betonlineag|2143ade9684fd876b68a4e8cbf451f05|spreads|event,0.51083424,https://api.the-odds-api.com/v4/sports/americanfootball_nfl
2026,1,2143ade9684fd876b68a4e8cbf451f05,2026-09-20T17:00:00Z,BetOnline.ag,2026-09-14T23:09:59Z,New Orleans Saints,Baltimore Ravens,totals,Over,47.0,-110,0.52380952,betonlineag|2143ade9684fd876b68a4e8cbf451f05|totals|47.0,0.5,https://api.the-odds-api.com/v4/sports/americanfootball_nfl
2026,1,2143ade9684fd876b68a4e8cbf451f05,2026-09-20T17:00:00Z,BetOnline.ag,2026-09-14T23:09:59Z,New Orleans Saints,Baltimore Ravens,totals,Under,47.0,-110,0.52380952,betonlineag|2143ade9684fd876b68a4e8cbf451f05|totals|47.0,0.5,https://api.the-odds-api.com/v4/sports/americanfootball_nfl
2026,1,2143ade9684fd876b68a4e8cbf451f05,2026-09-20T17:00:00Z,FanDuel,2026-09-14T23:09:33Z,New Orleans Saints,Baltimore Ravens,h2h,Baltimore Ravens,,-450,0.81818182,fanduel|2143ade9684fd876b68a4e8cbf451f05|h2h|event,0.78640777,https://api.the-odds-api.com/v4/sports/americanfootball_nfl
2026,1,2143ade9684fd876b68a4e8cbf451f05,2026-09-20T17:00:00Z,FanDuel,2026-09-14T23:09:33Z,New Orleans Saints,Baltimore Ravens,h2h,New Orleans Saints,,350,0.22222222,fanduel|2143ade9684fd876b68a4e8cbf451f05|h2h|event,0.21359223,https://api.the-odds-api.com/v4/sports/americanfootball_nfl
2026,1,2143ade9684fd876b68a4e8cbf451f05,2026-09-20T17:00:00Z,FanDuel,2026-09-14T23:09:33Z,New Orleans Saints,Baltimore Ravens,spreads,Baltimore Ravens,-8.5,-105,0.51219512,fanduel|2143ade9684fd876b68a4e8cbf451f05|spreads|event,0.48916576,https://api.the-odds-api.com/v4/sports/americanfootball_nfl
2026,1,2143ade9684fd876b68a4e8cbf451f05,2026-09-20T17:00:00Z,FanDuel,2026-09-14T23:09:33Z,New Orleans Saints,Baltimore Ravens,spreads,New Orleans Saints,8.5,-115,0.53488372,fanduel|2143ade9684fd876b68a4e8cbf451f05|spreads|event,0.51083424,https://api.the-odds-api.com/v4/sports/americanfootball_nfl
2026,1,2143ade9684fd876b68a4e8cbf451f05,2026-09-20T17:00:00Z,FanDuel,2026-09-14T23:09:33Z,New Orleans Saints,Baltimore Ravens,totals,Over,47.5,-105,0.51219512,fanduel|2143ade9684fd876b68a4e8cbf451f05|totals|47.5,0.48916576,https://api.the-odds-api.com/v4/sports/americanfootball_nfl
2026,1,2143ade9684fd876b68a4e8cbf451f05,2026-09-20T17:00:00Z,FanDuel,2026-09-14T23:09:33Z,New Orleans Saints,Baltimore Ravens,totals,Under,47.5,-115,0.53488372,fanduel|2143ade9684fd876b68a4e8cbf451f05|totals|47.5,0.51083424,https://api.the-odds-api.com/v4/sports/americanfootball_nfl
2026,1,2143ade9684fd876b68a4e8cbf451f05,2026-09-20T17:00:00Z,BetRivers,2026-09-14T23:10:00Z,New Orleans Saints,Baltimore Ravens,h2h,Baltimore Ravens,,-455,0.81981982,betrivers|2143ade9684fd876b68a4e8cbf451f05|h2h|event,0.78294877,https://api.the-odds-api.com/v4/sports/americanfootball_nfl
2026,1,2143ade9684fd876b68a4e8cbf451f05,2026-09-20T17:00:00Z,BetRivers,2026-09-14T23:10:00Z,New Orleans Saints,Baltimore Ravens,h2h,New Orleans Saints,,340,0.22727273,betrivers|2143ade9684fd876b68a4e8cbf451f05|h2h|event,0.21705123,https://api.the-odds-api.com/v4/sports/americanfootball_nfl
2026,1,2143ade9684fd876b68a4e8cbf451f05,2026-09-20T17:00:00Z,BetRivers,2026-09-14T23:10:00Z,New Orleans Saints,Baltimore Ravens,spreads,Baltimore Ravens,-8.0,-113,0.53051643,betrivers|2143ade9684fd876b68a4e8cbf451f05|spreads|event,0.50537542,https://api.the-odds-api.com/v4/sports/americanfootball_nfl
2026,1,2143ade9684fd876b68a4e8cbf451f05,2026-09-20T17:00:00Z,BetRivers,2026-09-14T23:10:00Z,New Orleans Saints,Baltimore Ravens,spreads,New Orleans Saints,8.0,-108,0.51923077,betrivers|2143ade9684fd876b68a4e8cbf451f05|spreads|event,0.49462458,https://api.the-odds-api.com/v4/sports/americanfootball_nfl
2026,1,2143ade9684fd876b68a4e8cbf451f05,2026-09-20T17:00:00Z,BetRivers,2026-09-14T23:10:00Z,New Orleans Saints,Baltimore Ravens,totals,Over,47.5,-109,0.5215311,betrivers|2143ade9684fd876b68a4e8cbf451f05|totals|47.5,0.4967753,https://api.the-odds-api.com/v4/sports/americanfootball_nfl
2026,1,2143ade9684fd876b68a4e8cbf451f05,2026-09-20T17:00:00Z,BetRivers,2026-09-14T23:10:00Z,New Orleans Saints,Baltimore Ravens,totals,Under,47.5,-112,0.52830189,betrivers|2143ade9684fd876b68a4e8cbf451f05|totals|47.5,0.5032247,https://api.the-odds-api.com/v4/sports/americanfootball_nfl
2026,1,2143ade9684fd876b68a4e8cbf451f05,2026-09-20T17:00:00Z,BetMGM,2026-09-14T23:09:58Z,New Orleans Saints,Baltimore Ravens,h2h,Baltimore Ravens,,-400,0.8,betmgm|2143ade9684fd876b68a4e8cbf451f05|h2h|event,0.7706422,https://api.the-odds-api.com/v4/sports/americanfootball_nfl
2026,1,2143ade9684fd876b68a4e8cbf451f05,2026-09-20T17:00:00Z,BetMGM,2026-09-14T23:09:58Z,New Orleans Saints,Baltimore Ravens,h2h,New Orleans Saints,,320,0.23809524,betmgm|2143ade9684fd876b68a4e8cbf451f05|h2h|event,0.2293578,https://api.the-odds-api.com/v4/sports/americanfootball_nfl
2026,1,2143ade9684fd876b68a4e8cbf451f05,2026-09-20T17:00:00Z,BetMGM,2026-09-14T23:09:58Z,New Orleans Saints,Baltimore Ravens,spreads,Baltimore Ravens,-8.5,-108,0.51923077,betmgm|2143ade9684fd876b68a4e8cbf451f05|spreads|event,0.49780509,https://api.the-odds-api.com/v4/sports/americanfootball_nfl
2026,1,2143ade9684fd876b68a4e8cbf451f05,2026-09-20T17:00:00Z,BetMGM,2026-09-14T23:09:58Z,New Orleans Saints,Baltimore Ravens,spreads,New Orleans Saints,8.5,-110,0.52380952,betmgm|2143ade9684fd876b68a4e8cbf451f05|spreads|event,0.50219491,https://api.the-odds-api.com/v4/sports/americanfootball_nfl
2026,1,2143ade9684fd876b68a4e8cbf451f05,2026-09-20T17:00:00Z,BetMGM,2026-09-14T23:09:58Z,New Orleans Saints,Baltimore Ravens,totals,Over,47.0,-110,0.52380952,betmgm|2143ade9684fd876b68a4e8cbf451f05|totals|47.0,0.50219491,https://api.the-odds-api.com/v4/sports/americanfootball_nfl
2026,1,2143ade9684fd876b68a4e8cbf451f05,2026-09-20T17:00:00Z,BetMGM,2026-09-14T23:09:58Z,New Orleans Saints,Baltimore Ravens,totals,Under,47.0,-108,0.51923077,betmgm|2143ade9684fd876b68a4e8cbf451f05|totals|47.0,0.49780509,https://api.the-odds-api.com/v4/sports/americanfootball_nfl
2026,1,2143ade9684fd876b68a4e8cbf451f05,2026-09-20T17:00:00Z,Bovada,2026-09-14T23:08:13Z,New Orleans Saints,Baltimore Ravens,h2h,Baltimore Ravens,,-430,0.81132075,bovada|2143ade9684fd876b68a4e8cbf451f05|h2h|event,0.77311644,https://api.the-odds-api.com/v4/sports/americanfootball_nfl
2026,1,2143ade9684fd876b68a4e8cbf451f05,2026-09-20T17:00:00Z,Bovada,2026-09-14T23:08:13Z,New Orleans Saints,Baltimore Ravens,h2h,New Orleans Saints,,320,0.23809524,bovada|2143ade9684fd876b68a4e8cbf451f05|h2h|event,0.22688356,https://api.the-odds-api.com/v4/sports/americanfootball_nfl
2026,1,2143ade9684fd876b68a4e8cbf451f05,2026-09-20T17:00:00Z,Bovada,2026-09-14T23:08:13Z,New Orleans Saints,Baltimore Ravens,spreads,Baltimore Ravens,-8.0,-110,0.52380952,bovada|2143ade9684fd876b68a4e8cbf451f05|spreads|event,0.5,https://api.the-odds-api.com/v4/sports/americanfootball_nfl
2026,1,2143ade9684fd876b68a4e8cbf451f05,2026-09-20T17:00:00Z,Bovada,2026-09-14T23:08:13Z,New Orleans Saints,Baltimore Ravens,spreads,New Orleans Saints,8.0,-110,0.52380952,bovada|2143ade9684fd876b68a4e8cbf451f05|spreads|event,0.5,https://api.the-odds-api.com/v4/sports/americanfootball_nfl
2026,1,2143ade9684fd876b68a4e8cbf451f05,2026-09-20T17:00:00Z,Bovada,2026-09-14T23:08:13Z,New Orleans Saints,Baltimore Ravens,totals,Over,47.0,-110,0.52380952,bovada|2143ade9684fd876b68a4e8cbf451f05|totals|47.0,0.5,https://api.the-odds-api.com/v4/sports/americanfootball_nfl
2026,1,2143ade9684fd876b68a4e8cbf451f05,2026-09-20T17:00:00Z,Bovada,2026-09-14T23:08:13Z,New Orleans Saints,Baltimore Ravens,totals,Under,47.0,-110,0.52380952,bovada|2143ade9684fd876b68a4e8cbf451f05|totals|47.0,0.5,https://api.the-odds-api.com/v4/sports/americanfootball_nfl
2026,1,0283a29e1b38ef78b29b904fd56a16dd,2026-09-20T17:00:00Z,DraftKings,2026-09-14T23:09:31Z,Minnesota Vikings,Chicago Bears,h2h,Chicago Bears,,-218,0.68553459,draftkings|0283a29e1b38ef78b29b904fd56a16dd|h2h|event,0.65747522,https://api.the-odds-api.com/v4/sports/americanfootball_nfl
2026,1,0283a29e1b38ef78b29b904fd56a16dd,2026-09-20T17:00:00Z,DraftKings,2026-09-14T23:09:31Z,Minnesota Vikings,Chicago Bears,h2h,Minnesota Vikings,,180,0.35714286,draftkings|0283a29e1b38ef78b29b904fd56a16dd|h2h|event,0.34252478,https://api.the-odds-api.com/v4/sports/americanfootball_nfl
2026,1,0283a29e1b38ef78b29b904fd56a16dd,2026-09-20T17:00:00Z,DraftKings,2026-09-14T23:09:31Z,Minnesota Vikings,Chicago Bears,spreads,Chicago Bears,-5.5,-110,0.52380952,draftkings|0283a29e1b38ef78b29b904fd56a16dd|spreads|event,0.5,https://api.the-odds-api.com/v4/sports/americanfootball_nfl
2026,1,0283a29e1b38ef78b29b904fd56a16dd,2026-09-20T17:00:00Z,DraftKings,2026-09-14T23:09:31Z,Minnesota Vikings,Chicago Bears,spreads,Minnesota Vikings,5.5,-110,0.52380952,draftkings|0283a29e1b38ef78b29b904fd56a16dd|spreads|event,0.5,https://api.the-odds-api.com/v4/sports/americanfootball_nfl
2026,1,0283a29e1b38ef78b29b904fd56a16dd,2026-09-20T17:00:00Z,DraftKings,2026-09-14T23:09:31Z,Minnesota Vikings,Chicago Bears,totals,Over,49.5,-108,0.51923077,draftkings|0283a29e1b38ef78b29b904fd56a16dd|totals|49.5,0.49567024,https://api.the-odds-api.com/v4/sports/americanfootball_nfl
2026,1,0283a29e1b38ef78b29b904fd56a16dd,2026-09-20T17:00:00Z,DraftKings,2026-09-14T23:09:31Z,Minnesota Vikings,Chicago Bears,totals,Under,49.5,-112,0.52830189,draftkings|0283a29e1b38ef78b29b904fd56a16dd|totals|49.5,0.50432976,https://api.the-odds-api.com/v4/sports/americanfootball_nfl
2026,1,0283a29e1b38ef78b29b904fd56a16dd,2026-09-20T17:00:00Z,MyBookie.ag,2026-09-14T23:08:34Z,Minnesota Vikings,Chicago Bears,h2h,Chicago Bears,,-242,0.70760234,mybookieag|0283a29e1b38ef78b29b904fd56a16dd|h2h|event,0.6677289,https://api.the-odds-api.com/v4/sports/americanfootball_nfl
2026,1,0283a29e1b38ef78b29b904fd56a16dd,2026-09-20T17:00:00Z,MyBookie.ag,2026-09-14T23:08:34Z,Minnesota Vikings,Chicago Bears,h2h,Minnesota Vikings,,184,0.35211268,mybookieag|0283a29e1b38ef78b29b904fd56a16dd|h2h|event,0.3322711,https://api.the-odds-api.com/v4/sports/americanfootball_nfl
2026,1,0283a29e1b38ef78b29b904fd56a16dd,2026-09-20T17:00:00Z,MyBookie.ag,2026-09-14T23:08:34Z,Minnesota Vikings,Chicago Bears,spreads,Chicago Bears,-5.5,-110,0.52380952,mybookieag|0283a29e1b38ef78b29b904fd56a16dd|spreads|event,0.5,https://api.the-odds-api.com/v4/sports/americanfootball_nfl
2026,1,0283a29e1b38ef78b29b904fd56a16dd,2026-09-20T17:00:00Z,MyBookie.ag,2026-09-14T23:08:34Z,Minnesota Vikings,Chicago Bears,spreads,Minnesota Vikings,5.5,-110,0.52380952,mybookieag|0283a29e1b38ef78b29b904fd56a16dd|spreads|event,0.5,https://api.the-odds-api.com/v4/sports/americanfootball_nfl
2026,1,0283a29e1b38ef78b29b904fd56a16dd,2026-09-20T17:00:00Z,MyBookie.ag,2026-09-14T23:08:34Z,Minnesota Vikings,Chicago Bears,totals,Over,49.5,-110,0.52380952,mybookieag|0283a29e1b38ef78b29b904fd56a16dd|totals|49.5,0.5,https://api.the-odds-api.com/v4/sports/americanfootball_nfl
2026,1,0283a29e1b38ef78b29b904fd56a16dd,2026-09-20T17:00:00Z,MyBookie.ag,2026-09-14T23:08:34Z,Minnesota Vikings,Chicago Bears,totals,Under,49.5,-110,0.52380952,mybookieag|0283a29e1b38ef78b29b904fd56a16dd|totals|49.5,0.5,https://api.the-odds-api.com/v4/sports/americanfootball_nfl
2026,1,0283a29e1b38ef78b29b904fd56a16dd,2026-09-20T17:00:00Z,LowVig.ag,2026-09-14T23:10:00Z,Minnesota Vikings,Chicago Bears,h2h,Chicago Bears,,-245,0.71014493,lowvig|0283a29e1b38ef78b29b904fd56a16dd|h2h|event,0.68271486,https://api.the-odds-api.com/v4/sports/americanfootball_nfl
2026,1,0283a29e1b38ef78b29b904fd56a16dd,2026-09-20T17:00:00Z,LowVig.ag,2026-09-14T23:10:00Z,Minnesota Vikings,Chicago Bears,h2h,Minnesota Vikings,,203,0.330033,lowvig|0283a29e1b38ef78b29b904fd56a16dd|h2h|event,0.31728514,https://api.the-odds-api.com/v4/sports/americanfootball_nfl
2026,1,0283a29e1b38ef78b29b904fd56a16dd,2026-09-20T17:00:00Z,LowVig.ag,2026-09-14T23:10:00Z,Minnesota Vikings,Chicago Bears,spreads,Chicago Bears,-5.5,-105,0.51219512,lowvig|0283a29e1b38ef78b29b904fd56a16dd|spreads|event,0.5,https://api.the-odds-api.com/v4/sports/americanfootball_nfl
2026,1,0283a29e1b38ef78b29b904fd56a16dd,2026-09-20T17:00:00Z,LowVig.ag,2026-09-14T23:10:00Z,Minnesota Vikings,Chicago Bears,spreads,Minnesota Vikings,5.5,-105,0.51219512,lowvig|0283a29e1b38ef78b29b904fd56a16dd|spreads|event,0.5,https://api.the-odds-api.com/v4/sports/americanfootball_nfl
2026,1,0283a29e1b38ef78b29b904fd56a16dd,2026-09-20T17:00:00Z,LowVig.ag,2026-09-14T23:10:00Z,Minnesota Vikings,Chicago Bears,totals,Over,49.5,-102,0.5049505,lowvig|0283a29e1b38ef78b29b904fd56a16dd|totals|49.5,0.48765488,https://api.the-odds-api.com/v4/sports/americanfootball_nfl
2026,1,0283a29e1b38ef78b29b904fd56a16dd,2026-09-20T17:00:00Z,LowVig.ag,2026-09-14T23:10:00Z,Minnesota Vikings,Chicago Bears,totals,Under,49.5,-113,0.53051643,lowvig|0283a29e1b38ef78b29b904fd56a16dd|totals|49.5,0.51234512,https://api.the-odds-api.com/v4/sports/americanfootball_nfl
2026,1,0283a29e1b38ef78b29b904fd56a16dd,2026-09-20T17:00:00Z,BetOnline.ag,2026-09-14T23:09:59Z,Minnesota Vikings,Chicago Bears,h2h,Chicago Bears,,-245,0.71014493,betonlineag|0283a29e1b38ef78b29b904fd56a16dd|h2h|event,0.68271486,https://api.the-odds-api.com/v4/sports/americanfootball_nfl
2026,1,0283a29e1b38ef78b29b904fd56a16dd,2026-09-20T17:00:00Z,BetOnline.ag,2026-09-14T23:09:59Z,Minnesota Vikings,Chicago Bears,h2h,Minnesota Vikings,,203,0.330033,betonlineag|0283a29e1b38ef78b29b904fd56a16dd|h2h|event,0.31728514,https://api.the-odds-api.com/v4/sports/americanfootball_nfl
2026,1,0283a29e1b38ef78b29b904fd56a16dd,2026-09-20T17:00:00Z,BetOnline.ag,2026-09-14T23:09:59Z,Minnesota Vikings,Chicago Bears,spreads,Chicago Bears,-5.5,-110,0.52380952,betonlineag|0283a29e1b38ef78b29b904fd56a16dd|spreads|event,0.5,https://api.the-odds-api.com/v4/sports/americanfootball_nfl
2026,1,0283a29e1b38ef78b29b904fd56a16dd,2026-09-20T17:00:00Z,BetOnline.ag,2026-09-14T23:09:59Z,Minnesota Vikings,Chicago Bears,spreads,Minnesota Vikings,5.5,-110,0.52380952,betonlineag|0283a29e1b38ef78b29b904fd56a16dd|spreads|event,0.5,https://api.the-odds-api.com/v4/sports/americanfootball_nfl
2026,1,0283a29e1b38ef78b29b904fd56a16dd,2026-09-20T17:00:00Z,BetOnline.ag,2026-09-14T23:09:59Z,Minnesota Vikings,Chicago Bears,totals,Over,49.5,-105,0.51219512,betonlineag|0283a29e1b38ef78b29b904fd56a16dd|totals|49.5,0.48916576,https://api.the-odds-api.com/v4/sports/americanfootball_nfl
2026,1,0283a29e1b38ef78b29b904fd56a16dd,2026-09-20T17:00:00Z,BetOnline.ag,2026-09-14T23:09:59Z,Minnesota Vikings,Chicago Bears,totals,Under,49.5,-115,0.53488372,betonlineag|0283a29e1b38ef78b29b904fd56a16dd|totals|49.5,0.51083424,https://api.the-odds-api.com/v4/sports/americanfootball_nfl
2026,1,0283a29e1b38ef78b29b904fd56a16dd,2026-09-20T17:00:00Z,BetUS,2026-09-14T23:09:33Z,Minnesota Vikings,Chicago Bears,h2h,Chicago Bears,,-245,0.71014493,betus|0283a29e1b38ef78b29b904fd56a16dd|h2h|event,0.68413825,https://api.the-odds-api.com/v4/sports/americanfootball_nfl
2026,1,0283a29e1b38ef78b29b904fd56a16dd,2026-09-20T17:00:00Z,BetUS,2026-09-14T23:09:33Z,Minnesota Vikings,Chicago Bears,h2h,Minnesota Vikings,,205,0.32786885,betus|0283a29e1b38ef78b29b904fd56a16dd|h2h|event,0.31586175,https://api.the-odds-api.com/v4/sports/americanfootball_nfl
2026,1,0283a29e1b38ef78b29b904fd56a16dd,2026-09-20T17:00:00Z,BetUS,2026-09-14T23:09:33Z,Minnesota Vikings,Chicago Bears,spreads,Chicago Bears,-6.0,100,0.5,betus|0283a29e1b38ef78b29b904fd56a16dd|spreads|event,0.47826087,https://api.the-odds-api.com/v4/sports/americanfootball_nfl
2026,1,0283a29e1b38ef78b29b904fd56a16dd,2026-09-20T17:00:00Z,BetUS,2026-09-14T23:09:33Z,Minnesota Vikings,Chicago Bears,spreads,Minnesota Vikings,6.0,-120,0.54545455,betus|0283a29e1b38ef78b29b904fd56a16dd|spreads|event,0.52173913,https://api.the-odds-api.com/v4/sports/americanfootball_nfl
2026,1,0283a29e1b38ef78b29b904fd56a16dd,2026-09-20T17:00:00Z,BetUS,2026-09-14T23:09:33Z,Minnesota Vikings,Chicago Bears,totals,Over,49.5,-110,0.52380952,betus|0283a29e1b38ef78b29b904fd56a16dd|totals|49.5,0.5,https://api.the-odds-api.com/v4/sports/americanfootball_nfl
2026,1,0283a29e1b38ef78b29b904fd56a16dd,2026-09-20T17:00:00Z,BetUS,2026-09-14T23:09:33Z,Minnesota Vikings,Chicago Bears,totals,Under,49.5,-110,0.52380952,betus|0283a29e1b38ef78b29b904fd56a16dd|totals|49.5,0.5,https://api.the-odds-api.com/v4/sports/americanfootball_nfl
2026,1,0283a29e1b38ef78b29b904fd56a16dd,2026-09-20T17:00:00Z,FanDuel,2026-09-14T23:09:33Z,Minnesota Vikings,Chicago Bears,h2h,Chicago Bears,,-250,0.71428571,fanduel|0283a29e1b38ef78b29b904fd56a16dd|h2h|event,0.68539326,https://api.the-odds-api.com/v4/sports/americanfootball_nfl
2026,1,0283a29e1b38ef78b29b904fd56a16dd,2026-09-20T17:00:00Z,FanDuel,2026-09-14T23:09:33Z,Minnesota Vikings,Chicago Bears,h2h,Minnesota Vikings,,205,0.32786885,fanduel|0283a29e1b38ef78b29b904fd56a16dd|h2h|event,0.31460674,https://api.the-odds-api.com/v4/sports/americanfootball_nfl
2026,1,0283a29e1b38ef78b29b904fd56a16dd,2026-09-20T17:00:00Z,FanDuel,2026-09-14T23:09:33Z,Minnesota Vikings,Chicago Bears,spreads,Chicago Bears,-5.5,-108,0.51923077,fanduel|0283a29e1b38ef78b29b904fd56a16dd|spreads|event,0.49567024,https://api.the-odds-api.com/v4/sports/americanfootball_nfl
2026,1,0283a29e1b38ef78b29b904fd56a16dd,2026-09-20T17:00:00Z,FanDuel,2026-09-14T23:09:33Z,Minnesota Vikings,Chicago Bears,spreads,Minnesota Vikings,5.5,-112,0.52830189,fanduel|0283a29e1b38ef78b29b904fd56a16dd|spreads|event,0.50432976,https://api.the-odds-api.com/v4/sports/americanfootball_nfl
2026,1,0283a29e1b38ef78b29b904fd56a16dd,2026-09-20T17:00:00Z,FanDuel,2026-09-14T23:09:33Z,Minnesota Vikings,Chicago Bears,totals,Over,49.5,-106,0.51456311,fanduel|0283a29e1b38ef78b29b904fd56a16dd|totals|49.5,0.49133599,https://api.the-odds-api.com/v4/sports/americanfootball_nfl
2026,1,0283a29e1b38ef78b29b904fd56a16dd,2026-09-20T17:00:00Z,FanDuel,2026-09-14T23:09:33Z,Minnesota Vikings,Chicago Bears,totals,Under,49.5,-114,0.53271028,fanduel|0283a29e1b38ef78b29b904fd56a16dd|totals|49.5,0.50866401,https://api.the-odds-api.com/v4/sports/americanfootball_nfl
2026,1,0283a29e1b38ef78b29b904fd56a16dd,2026-09-20T17:00:00Z,BetRivers,2026-09-14T23:10:00Z,Minnesota Vikings,Chicago Bears,h2h,Chicago Bears,,-275,0.73333333,betrivers|0283a29e1b38ef78b29b904fd56a16dd|h2h|event,0.69450101,https://api.the-odds-api.com/v4/sports/americanfootball_nfl
2026,1,0283a29e1b38ef78b29b904fd56a16dd,2026-09-20T17:00:00Z,BetRivers,2026-09-14T23:10:00Z,Minnesota Vikings,Chicago Bears,h2h,Minnesota Vikings,,210,0.32258065,betrivers|0283a29e1b38ef78b29b904fd56a16dd|h2h|event,0.30549899,https://api.the-odds-api.com/v4/sports/americanfootball_nfl
2026,1,0283a29e1b38ef78b29b904fd56a16dd,2026-09-20T17:00:00Z,BetRivers,2026-09-14T23:10:00Z,Minnesota Vikings,Chicago Bears,spreads,Chicago Bears,-5.5,-109,0.5215311,betrivers|0283a29e1b38ef78b29b904fd56a16dd|spreads|event,0.4967753,https://api.the-odds-api.com/v4/sports/americanfootball_nfl
2026,1,0283a29e1b38ef78b29b904fd56a16dd,2026-09-20T17:00:00Z,BetRivers,2026-09-14T23:10:00Z,Minnesota Vikings,Chicago Bears,spreads,Minnesota Vikings,5.5,-112,0.52830189,betrivers|0283a29e1b38ef78b29b904fd56a16dd|spreads|event,0.5032247,https://api.the-odds-api.com/v4/sports/americanfootball_nfl
2026,1,0283a29e1b38ef78b29b904fd56a16dd,2026-09-20T17:00:00Z,BetRivers,2026-09-14T23:10:00Z,Minnesota Vikings,Chicago Bears,totals,Over,49.5,-109,0.5215311,betrivers|0283a29e1b38ef78b29b904fd56a16dd|totals|49.5,0.4967753,https://api.the-odds-api.com/v4/sports/americanfootball_nfl
2026,1,0283a29e1b38ef78b29b904fd56a16dd,2026-09-20T17:00:00Z,BetRivers,2026-09-14T23:10:00Z,Minnesota Vikings,Chicago Bears,totals,Under,49.5,-112,0.52830189,betrivers|0283a29e1b38ef78b29b904fd56a16dd|totals|49.5,0.5032247,https://api.the-odds-api.com/v4/sports/americanfootball_nfl
2026,1,0283a29e1b38ef78b29b904fd56a16dd,2026-09-20T17:00:00Z,BetMGM,2026-09-14T23:09:58Z,Minnesota Vikings,Chicago Bears,h2h,Chicago Bears,,-235,0.70149254,betmgm|0283a29e1b38ef78b29b904fd56a16dd|h2h|event,0.67420375,https://api.the-odds-api.com/v4/sports/americanfootball_nfl
2026,1,0283a29e1b38ef78b29b904fd56a16dd,2026-09-20T17:00:00Z,BetMGM,2026-09-14T23:09:58Z,Minnesota Vikings,Chicago Bears,h2h,Minnesota Vikings,,195,0.33898305,betmgm|0283a29e1b38ef78b29b904fd56a16dd|h2h|event,0.32579625,https://api.the-odds-api.com/v4/sports/americanfootball_nfl
2026,1,0283a29e1b38ef78b29b904fd56a16dd,2026-09-20T17:00:00Z,BetMGM,2026-09-14T23:09:58Z,Minnesota Vikings,Chicago Bears,spreads,Chicago Bears,-5.5,-110,0.52380952,betmgm|0283a29e1b38ef78b29b904fd56a16dd|spreads|event,0.50219491,https://api.the-odds-api.com/v4/sports/americanfootball_nfl
2026,1,0283a29e1b38ef78b29b904fd56a16dd,2026-09-20T17:00:00Z,BetMGM,2026-09-14T23:09:58Z,Minnesota Vikings,Chicago Bears,spreads,Minnesota Vikings,5.5,-108,0.51923077,betmgm|0283a29e1b38ef78b29b904fd56a16dd|spreads|event,0.49780509,https://api.the-odds-api.com/v4/sports/americanfootball_nfl
2026,1,0283a29e1b38ef78b29b904fd56a16dd,2026-09-20T17:00:00Z,BetMGM,2026-09-14T23:09:58Z,Minnesota Vikings,Chicago Bears,totals,Over,49.0,-110,0.52380952,betmgm|0283a29e1b38ef78b29b904fd56a16dd|totals|49.0,0.50219491,https://api.the-odds-api.com/v4/sports/americanfootball_nfl
2026,1,0283a29e1b38ef78b29b904fd56a16dd,2026-09-20T17:00:00Z,BetMGM,2026-09-14T23:09:58Z,Minnesota Vikings,Chicago Bears,totals,Under,49.0,-108,0.51923077,betmgm|0283a29e1b38ef78b29b904fd56a16dd|totals|49.0,0.49780509,https://api.the-odds-api.com/v4/sports/americanfootball_nfl
2026,1,0283a29e1b38ef78b29b904fd56a16dd,2026-09-20T17:00:00Z,Bovada,2026-09-14T23:08:13Z,Minnesota Vikings,Chicago Bears,h2h,Chicago Bears,,-245,0.71014493,bovada|0283a29e1b38ef78b29b904fd56a16dd|h2h|event,0.68413825,https://api.the-odds-api.com/v4/sports/americanfootball_nfl
2026,1,0283a29e1b38ef78b29b904fd56a16dd,2026-09-20T17:00:00Z,Bovada,2026-09-14T23:08:13Z,Minnesota Vikings,Chicago Bears,h2h,Minnesota Vikings,,205,0.32786885,bovada|0283a29e1b38ef78b29b904fd56a16dd|h2h|event,0.31586175,https://api.the-odds-api.com/v4/sports/americanfootball_nfl
2026,1,0283a29e1b38ef78b29b904fd56a16dd,2026-09-20T17:00:00Z,Bovada,2026-09-14T23:08:13Z,Minnesota Vikings,Chicago Bears,spreads,Chicago Bears,-5.5,-110,0.52380952,bovada|0283a29e1b38ef78b29b904fd56a16dd|spreads|event,0.5,https://api.the-odds-api.com/v4/sports/americanfootball_nfl
2026,1,0283a29e1b38ef78b29b904fd56a16dd,2026-09-20T17:00:00Z,Bovada,2026-09-14T23:08:13Z,Minnesota Vikings,Chicago Bears,spreads,Minnesota Vikings,5.5,-110,0.52380952,bovada|0283a29e1b38ef78b29b904fd56a16dd|spreads|event,0.5,https://api.the-odds-api.com/v4/sports/americanfootball_nfl
2026,1,0283a29e1b38ef78b29b904fd56a16dd,2026-09-20T17:00:00Z,Bovada,2026-09-14T23:08:13Z,Minnesota Vikings,Chicago Bears,totals,Over,49.5,-105,0.51219512,bovada|0283a29e1b38ef78b29b904fd56a16dd|totals|49.5,0.48916576,https://api.the-odds-api.com/v4/sports/americanfootball_nfl
2026,1,0283a29e1b38ef78b29b904fd56a16dd,2026-09-20T17:00:00Z,Bovada,2026-09-14T23:08:13Z,Minnesota Vikings,Chicago Bears,totals,Under,49.5,-115,0.53488372,bovada|0283a29e1b38ef78b29b904fd56a16dd|totals|49.5,0.51083424,https://api.the-odds-api.com/v4/sports/americanfootball_nfl
2026,1,36ad2fa722f4915ef23d2c81351261de,2026-09-20T17:00:00Z,DraftKings,2026-09-14T23:09:31Z,Cincinnati Bengals,Houston Texans,h2h,Cincinnati Bengals,,130,0.43478261,draftkings|36ad2fa722f4915ef23d2c81351261de|h2h|event,0.41700736,https://api.the-odds-api.com/v4/sports/americanfootball_nfl
2026,1,36ad2fa722f4915ef23d2c81351261de,2026-09-20T17:00:00Z,DraftKings,2026-09-14T23:09:31Z,Cincinnati Bengals,Houston Texans,h2h,Houston Texans,,-155,0.60784314,draftkings|36ad2fa722f4915ef23d2c81351261de|h2h|event,0.58299264,https://api.the-odds-api.com/v4/sports/americanfootball_nfl
2026,1,36ad2fa722f4915ef23d2c81351261de,2026-09-20T17:00:00Z,DraftKings,2026-09-14T23:09:31Z,Cincinnati Bengals,Houston Texans,spreads,Cincinnati Bengals,3.0,-112,0.52830189,draftkings|36ad2fa722f4915ef23d2c81351261de|spreads|event,0.50432976,https://api.the-odds-api.com/v4/sports/americanfootball_nfl
2026,1,36ad2fa722f4915ef23d2c81351261de,2026-09-20T17:00:00Z,DraftKings,2026-09-14T23:09:31Z,Cincinnati Bengals,Houston Texans,spreads,Houston Texans,-3.0,-108,0.51923077,draftkings|36ad2fa722f4915ef23d2c81351261de|spreads|event,0.49567024,https://api.the-odds-api.com/v4/sports/americanfootball_nfl
2026,1,36ad2fa722f4915ef23d2c81351261de,2026-09-20T17:00:00Z,DraftKings,2026-09-14T23:09:31Z,Cincinnati Bengals,Houston Texans,totals,Over,46.5,-108,0.51923077,draftkings|36ad2fa722f4915ef23d2c81351261de|totals|46.5,0.49567024,https://api.the-odds-api.com/v4/sports/americanfootball_nfl
2026,1,36ad2fa722f4915ef23d2c81351261de,2026-09-20T17:00:00Z,DraftKings,2026-09-14T23:09:31Z,Cincinnati Bengals,Houston Texans,totals,Under,46.5,-112,0.52830189,draftkings|36ad2fa722f4915ef23d2c81351261de|totals|46.5,0.50432976,https://api.the-odds-api.com/v4/sports/americanfootball_nfl
2026,1,36ad2fa722f4915ef23d2c81351261de,2026-09-20T17:00:00Z,BetUS,2026-09-14T23:09:33Z,Cincinnati Bengals,Houston Texans,h2h,Cincinnati Bengals,,134,0.42735043,betus|36ad2fa722f4915ef23d2c81351261de|h2h|event,0.41282176,https://api.the-odds-api.com/v4/sports/americanfootball_nfl
2026,1,36ad2fa722f4915ef23d2c81351261de,2026-09-20T17:00:00Z,BetUS,2026-09-14T23:09:33Z,Cincinnati Bengals,Houston Texans,h2h,Houston Texans,,-155,0.60784314,betus|36ad2fa722f4915ef23d2c81351261de|h2h|event,0.58717824,https://api.the-odds-api.com/v4/sports/americanfootball_nfl
2026,1,36ad2fa722f4915ef23d2c81351261de,2026-09-20T17:00:00Z,BetUS,2026-09-14T23:09:33Z,Cincinnati Bengals,Houston Texans,spreads,Cincinnati Bengals,3.0,-115,0.53488372,betus|36ad2fa722f4915ef23d2c81351261de|spreads|event,0.51083424,https://api.the-odds-api.com/v4/sports/americanfootball_nfl
2026,1,36ad2fa722f4915ef23d2c81351261de,2026-09-20T17:00:00Z,BetUS,2026-09-14T23:09:33Z,Cincinnati Bengals,Houston Texans,spreads,Houston Texans,-3.0,-105,0.51219512,betus|36ad2fa722f4915ef23d2c81351261de|spreads|event,0.48916576,https://api.the-odds-api.com/v4/sports/americanfootball_nfl
2026,1,36ad2fa722f4915ef23d2c81351261de,2026-09-20T17:00:00Z,BetUS,2026-09-14T23:09:33Z,Cincinnati Bengals,Houston Texans,totals,Over,46.5,-110,0.52380952,betus|36ad2fa722f4915ef23d2c81351261de|totals|46.5,0.5,https://api.the-odds-api.com/v4/sports/americanfootball_nfl
2026,1,36ad2fa722f4915ef23d2c81351261de,2026-09-20T17:00:00Z,BetUS,2026-09-14T23:09:33Z,Cincinnati Bengals,Houston Texans,totals,Under,46.5,-110,0.52380952,betus|36ad2fa722f4915ef23d2c81351261de|totals|46.5,0.5,https://api.the-odds-api.com/v4/sports/americanfootball_nfl
2026,1,36ad2fa722f4915ef23d2c81351261de,2026-09-20T17:00:00Z,MyBookie.ag,2026-09-14T23:08:34Z,Cincinnati Bengals,Houston Texans,h2h,Cincinnati Bengals,,127,0.44052863,mybookieag|36ad2fa722f4915ef23d2c81351261de|h2h|event,0.41547527,https://api.the-odds-api.com/v4/sports/americanfootball_nfl
2026,1,36ad2fa722f4915ef23d2c81351261de,2026-09-20T17:00:00Z,MyBookie.ag,2026-09-14T23:08:34Z,Cincinnati Bengals,Houston Texans,h2h,Houston Texans,,-163,0.61977186,mybookieag|36ad2fa722f4915ef23d2c81351261de|h2h|event,0.58452473,https://api.the-odds-api.com/v4/sports/americanfootball_nfl
2026,1,36ad2fa722f4915ef23d2c81351261de,2026-09-20T17:00:00Z,MyBookie.ag,2026-09-14T23:08:34Z,Cincinnati Bengals,Houston Texans,spreads,Cincinnati Bengals,3.0,-110,0.52380952,mybookieag|36ad2fa722f4915ef23d2c81351261de|spreads|event,0.5,https://api.the-odds-api.com/v4/sports/americanfootball_nfl
2026,1,36ad2fa722f4915ef23d2c81351261de,2026-09-20T17:00:00Z,MyBookie.ag,2026-09-14T23:08:34Z,Cincinnati Bengals,Houston Texans,spreads,Houston Texans,-3.0,-110,0.52380952,mybookieag|36ad2fa722f4915ef23d2c81351261de|spreads|event,0.5,https://api.the-odds-api.com/v4/sports/americanfootball_nfl
2026,1,36ad2fa722f4915ef23d2c81351261de,2026-09-20T17:00:00Z,MyBookie.ag,2026-09-14T23:08:34Z,Cincinnati Bengals,Houston Texans,totals,Over,46.5,-110,0.52380952,mybookieag|36ad2fa722f4915ef23d2c81351261de|totals|46.5,0.5,https://api.the-odds-api.com/v4/sports/americanfootball_nfl
2026,1,36ad2fa722f4915ef23d2c81351261de,2026-09-20T17:00:00Z,MyBookie.ag,2026-09-14T23:08:34Z,Cincinnati Bengals,Houston Texans,totals,Under,46.5,-110,0.52380952,mybookieag|36ad2fa722f4915ef23d2c81351261de|totals|46.5,0.5,https://api.the-odds-api.com/v4/sports/americanfootball_nfl
2026,1,36ad2fa722f4915ef23d2c81351261de,2026-09-20T17:00:00Z,LowVig.ag,2026-09-14T23:10:00Z,Cincinnati Bengals,Houston Texans,h2h,Cincinnati Bengals,,135,0.42553191,lowvig|36ad2fa722f4915ef23d2c81351261de|h2h|event,0.41178845,https://api.the-odds-api.com/v4/sports/americanfootball_nfl
2026,1,36ad2fa722f4915ef23d2c81351261de,2026-09-20T17:00:00Z,LowVig.ag,2026-09-14T23:10:00Z,Cincinnati Bengals,Houston Texans,h2h,Houston Texans,,-155,0.60784314,lowvig|36ad2fa722f4915ef23d2c81351261de|h2h|event,0.58821155,https://api.the-odds-api.com/v4/sports/americanfootball_nfl
2026,1,36ad2fa722f4915ef23d2c81351261de,2026-09-20T17:00:00Z,LowVig.ag,2026-09-14T23:10:00Z,Cincinnati Bengals,Houston Texans,spreads,Cincinnati Bengals,3.0,-110,0.52380952,lowvig|36ad2fa722f4915ef23d2c81351261de|spreads|event,0.51162791,https://api.the-odds-api.com/v4/sports/americanfootball_nfl
2026,1,36ad2fa722f4915ef23d2c81351261de,2026-09-20T17:00:00Z,LowVig.ag,2026-09-14T23:10:00Z,Cincinnati Bengals,Houston Texans,spreads,Houston Texans,-3.0,100,0.5,lowvig|36ad2fa722f4915ef23d2c81351261de|spreads|event,0.48837209,https://api.the-odds-api.com/v4/sports/americanfootball_nfl
2026,1,36ad2fa722f4915ef23d2c81351261de,2026-09-20T17:00:00Z,LowVig.ag,2026-09-14T23:10:00Z,Cincinnati Bengals,Houston Texans,totals,Over,46.5,-107,0.51690821,lowvig|36ad2fa722f4915ef23d2c81351261de|totals|46.5,0.5,https://api.the-odds-api.com/v4/sports/americanfootball_nfl
2026,1,36ad2fa722f4915ef23d2c81351261de,2026-09-20T17:00:00Z,LowVig.ag,2026-09-14T23:10:00Z,Cincinnati Bengals,Houston Texans,totals,Under,46.5,-107,0.51690821,lowvig|36ad2fa722f4915ef23d2c81351261de|totals|46.5,0.5,https://api.the-odds-api.com/v4/sports/americanfootball_nfl
2026,1,36ad2fa722f4915ef23d2c81351261de,2026-09-20T17:00:00Z,BetOnline.ag,2026-09-14T23:09:59Z,Cincinnati Bengals,Houston Texans,h2h,Cincinnati Bengals,,135,0.42553191,betonlineag|36ad2fa722f4915ef23d2c81351261de|h2h|event,0.41178845,https://api.the-odds-api.com/v4/sports/americanfootball_nfl
2026,1,36ad2fa722f4915ef23d2c81351261de,2026-09-20T17:00:00Z,BetOnline.ag,2026-09-14T23:09:59Z,Cincinnati Bengals,Houston Texans,h2h,Houston Texans,,-155,0.60784314,betonlineag|36ad2fa722f4915ef23d2c81351261de|h2h|event,0.58821155,https://api.the-odds-api.com/v4/sports/americanfootball_nfl
2026,1,36ad2fa722f4915ef23d2c81351261de,2026-09-20T17:00:00Z,BetOnline.ag,2026-09-14T23:09:59Z,Cincinnati Bengals,Houston Texans,spreads,Cincinnati Bengals,3.0,-115,0.53488372,betonlineag|36ad2fa722f4915ef23d2c81351261de|spreads|event,0.51083424,https://api.the-odds-api.com/v4/sports/americanfootball_nfl
2026,1,36ad2fa722f4915ef23d2c81351261de,2026-09-20T17:00:00Z,BetOnline.ag,2026-09-14T23:09:59Z,Cincinnati Bengals,Houston Texans,spreads,Houston Texans,-3.0,-105,0.51219512,betonlineag|36ad2fa722f4915ef23d2c81351261de|spreads|event,0.48916576,https://api.the-odds-api.com/v4/sports/americanfootball_nfl
2026,1,36ad2fa722f4915ef23d2c81351261de,2026-09-20T17:00:00Z,BetOnline.ag,2026-09-14T23:09:59Z,Cincinnati Bengals,Houston Texans,totals,Over,46.5,-110,0.52380952,betonlineag|36ad2fa722f4915ef23d2c81351261de|totals|46.5,0.5,https://api.the-odds-api.com/v4/sports/americanfootball_nfl
2026,1,36ad2fa722f4915ef23d2c81351261de,2026-09-20T17:00:00Z,BetOnline.ag,2026-09-14T23:09:59Z,Cincinnati Bengals,Houston Texans,totals,Under,46.5,-110,0.52380952,betonlineag|36ad2fa722f4915ef23d2c81351261de|totals|46.5,0.5,https://api.the-odds-api.com/v4/sports/americanfootball_nfl
2026,1,36ad2fa722f4915ef23d2c81351261de,2026-09-20T17:00:00Z,FanDuel,2026-09-14T23:09:33Z,Cincinnati Bengals,Houston Texans,h2h,Cincinnati Bengals,,130,0.43478261,fanduel|36ad2fa722f4915ef23d2c81351261de|h2h|event,0.41762578,https://api.the-odds-api.com/v4/sports/americanfootball_nfl
2026,1,36ad2fa722f4915ef23d2c81351261de,2026-09-20T17:00:00Z,FanDuel,2026-09-14T23:09:33Z,Cincinnati Bengals,Houston Texans,h2h,Houston Texans,,-154,0.60629921,fanduel|36ad2fa722f4915ef23d2c81351261de|h2h|event,0.58237422,https://api.the-odds-api.com/v4/sports/americanfootball_nfl
2026,1,36ad2fa722f4915ef23d2c81351261de,2026-09-20T17:00:00Z,FanDuel,2026-09-14T23:09:33Z,Cincinnati Bengals,Houston Texans,spreads,Cincinnati Bengals,3.0,-120,0.54545455,fanduel|36ad2fa722f4915ef23d2c81351261de|spreads|event,0.51928021,https://api.the-odds-api.com/v4/sports/americanfootball_nfl
2026,1,36ad2fa722f4915ef23d2c81351261de,2026-09-20T17:00:00Z,FanDuel,2026-09-14T23:09:33Z,Cincinnati Bengals,Houston Texans,spreads,Houston Texans,-3.0,-102,0.5049505,fanduel|36ad2fa722f4915ef23d2c81351261de|spreads|event,0.48071979,https://api.the-odds-api.com/v4/sports/americanfootball_nfl
2026,1,36ad2fa722f4915ef23d2c81351261de,2026-09-20T17:00:00Z,FanDuel,2026-09-14T23:09:33Z,Cincinnati Bengals,Houston Texans,totals,Over,46.5,-115,0.53488372,fanduel|36ad2fa722f4915ef23d2c81351261de|totals|46.5,0.51083424,https://api.the-odds-api.com/v4/sports/americanfootball_nfl
2026,1,36ad2fa722f4915ef23d2c81351261de,2026-09-20T17:00:00Z,FanDuel,2026-09-14T23:09:33Z,Cincinnati Bengals,Houston Texans,totals,Under,46.5,-105,0.51219512,fanduel|36ad2fa722f4915ef23d2c81351261de|totals|46.5,0.48916576,https://api.the-odds-api.com/v4/sports/americanfootball_nfl
2026,1,36ad2fa722f4915ef23d2c81351261de,2026-09-20T17:00:00Z,BetRivers,2026-09-14T23:10:00Z,Cincinnati Bengals,Houston Texans,h2h,Cincinnati Bengals,,128,0.43859649,betrivers|36ad2fa722f4915ef23d2c81351261de|h2h|event,0.41913215,https://api.the-odds-api.com/v4/sports/americanfootball_nfl
2026,1,36ad2fa722f4915ef23d2c81351261de,2026-09-20T17:00:00Z,BetRivers,2026-09-14T23:10:00Z,Cincinnati Bengals,Houston Texans,h2h,Houston Texans,,-155,0.60784314,betrivers|36ad2fa722f4915ef23d2c81351261de|h2h|event,0.58086785,https://api.the-odds-api.com/v4/sports/americanfootball_nfl
2026,1,36ad2fa722f4915ef23d2c81351261de,2026-09-20T17:00:00Z,BetRivers,2026-09-14T23:10:00Z,Cincinnati Bengals,Houston Texans,spreads,Cincinnati Bengals,3.0,-115,0.53488372,betrivers|36ad2fa722f4915ef23d2c81351261de|spreads|event,0.50968158,https://api.the-odds-api.com/v4/sports/americanfootball_nfl
2026,1,36ad2fa722f4915ef23d2c81351261de,2026-09-20T17:00:00Z,BetRivers,2026-09-14T23:10:00Z,Cincinnati Bengals,Houston Texans,spreads,Houston Texans,-3.0,-106,0.51456311,betrivers|36ad2fa722f4915ef23d2c81351261de|spreads|event,0.49031842,https://api.the-odds-api.com/v4/sports/americanfootball_nfl
2026,1,36ad2fa722f4915ef23d2c81351261de,2026-09-20T17:00:00Z,BetRivers,2026-09-14T23:10:00Z,Cincinnati Bengals,Houston Texans,totals,Over,47.0,-109,0.5215311,betrivers|36ad2fa722f4915ef23d2c81351261de|totals|47.0,0.4967753,https://api.the-odds-api.com/v4/sports/americanfootball_nfl
2026,1,36ad2fa722f4915ef23d2c81351261de,2026-09-20T17:00:00Z,BetRivers,2026-09-14T23:10:00Z,Cincinnati Bengals,Houston Texans,totals,Under,47.0,-112,0.52830189,betrivers|36ad2fa722f4915ef23d2c81351261de|totals|47.0,0.5032247,https://api.the-odds-api.com/v4/sports/americanfootball_nfl
2026,1,36ad2fa722f4915ef23d2c81351261de,2026-09-20T17:00:00Z,BetMGM,2026-09-14T23:09:58Z,Cincinnati Bengals,Houston Texans,h2h,Cincinnati Bengals,,130,0.43478261,betmgm|36ad2fa722f4915ef23d2c81351261de|h2h|event,0.41401274,https://api.the-odds-api.com/v4/sports/americanfootball_nfl
2026,1,36ad2fa722f4915ef23d2c81351261de,2026-09-20T17:00:00Z,BetMGM,2026-09-14T23:09:58Z,Cincinnati Bengals,Houston Texans,h2h,Houston Texans,,-160,0.61538462,betmgm|36ad2fa722f4915ef23d2c81351261de|h2h|event,0.58598726,https://api.the-odds-api.com/v4/sports/americanfootball_nfl
2026,1,36ad2fa722f4915ef23d2c81351261de,2026-09-20T17:00:00Z,BetMGM,2026-09-14T23:09:58Z,Cincinnati Bengals,Houston Texans,spreads,Cincinnati Bengals,3.0,-112,0.52830189,betmgm|36ad2fa722f4915ef23d2c81351261de|spreads|event,0.50773994,https://api.the-odds-api.com/v4/sports/americanfootball_nfl
2026,1,36ad2fa722f4915ef23d2c81351261de,2026-09-20T17:00:00Z,BetMGM,2026-09-14T23:09:58Z,Cincinnati Bengals,Houston Texans,spreads,Houston Texans,-3.0,-105,0.51219512,betmgm|36ad2fa722f4915ef23d2c81351261de|spreads|event,0.49226006,https://api.the-odds-api.com/v4/sports/americanfootball_nfl
2026,1,36ad2fa722f4915ef23d2c81351261de,2026-09-20T17:00:00Z,BetMGM,2026-09-14T23:09:58Z,Cincinnati Bengals,Houston Texans,totals,Over,46.5,-110,0.52380952,betmgm|36ad2fa722f4915ef23d2c81351261de|totals|46.5,0.50219491,https://api.the-odds-api.com/v4/sports/americanfootball_nfl
2026,1,36ad2fa722f4915ef23d2c81351261de,2026-09-20T17:00:00Z,BetMGM,2026-09-14T23:09:58Z,Cincinnati Bengals,Houston Texans,totals,Under,46.5,-108,0.51923077,betmgm|36ad2fa722f4915ef23d2c81351261de|totals|46.5,0.49780509,https://api.the-odds-api.com/v4/sports/americanfootball_nfl
2026,1,36ad2fa722f4915ef23d2c81351261de,2026-09-20T17:00:00Z,Bovada,2026-09-14T23:08:13Z,Cincinnati Bengals,Houston Texans,h2h,Cincinnati Bengals,,145,0.40816327,bovada|36ad2fa722f4915ef23d2c81351261de|h2h|event,0.39329935,https://api.the-odds-api.com/v4/sports/americanfootball_nfl
2026,1,36ad2fa722f4915ef23d2c81351261de,2026-09-20T17:00:00Z,Bovada,2026-09-14T23:08:13Z,Cincinnati Bengals,Houston Texans,h2h,Houston Texans,,-170,0.62962963,bovada|36ad2fa722f4915ef23d2c81351261de|h2h|event,0.60670065,https://api.the-odds-api.com/v4/sports/americanfootball_nfl
2026,1,36ad2fa722f4915ef23d2c81351261de,2026-09-20T17:00:00Z,Bovada,2026-09-14T23:08:13Z,Cincinnati Bengals,Houston Texans,spreads,Cincinnati Bengals,3.0,-115,0.53488372,bovada|36ad2fa722f4915ef23d2c81351261de|spreads|event,0.51083424,https://api.the-odds-api.com/v4/sports/americanfootball_nfl
2026,1,36ad2fa722f4915ef23d2c81351261de,2026-09-20T17:00:00Z,Bovada,2026-09-14T23:08:13Z,Cincinnati Bengals,Houston Texans,spreads,Houston Texans,-3.0,-105,0.51219512,bovada|36ad2fa722f4915ef23d2c81351261de|spreads|event,0.48916576,https://api.the-odds-api.com/v4/sports/americanfootball_nfl
2026,1,36ad2fa722f4915ef23d2c81351261de,2026-09-20T17:00:00Z,Bovada,2026-09-14T23:08:13Z,Cincinnati Bengals,Houston Texans,totals,Over,46.5,-110,0.52380952,bovada|36ad2fa722f4915ef23d2c81351261de|totals|46.5,0.5,https://api.the-odds-api.com/v4/sports/americanfootball_nfl
2026,1,36ad2fa722f4915ef23d2c81351261de,2026-09-20T17:00:00Z,Bovada,2026-09-14T23:08:13Z,Cincinnati Bengals,Houston Texans,totals,Under,46.5,-110,0.52380952,bovada|36ad2fa722f4915ef23d2c81351261de|totals|46.5,0.5,https://api.the-odds-api.com/v4/sports/americanfootball_nfl
2026,1,0636ebff776d43f8c829a36713c80b22,2026-09-20T17:00:00Z,DraftKings,2026-09-14T23:09:31Z,Cleveland Browns,Tampa Bay Buccaneers,h2h,Cleveland Browns,,295,0.25316456,draftkings|0636ebff776d43f8c829a36713c80b22|h2h|event,0.2428115,https://api.the-odds-api.com/v4/sports/americanfootball_nfl
2026,1,0636ebff776d43f8c829a36713c80b22,2026-09-20T17:00:00Z,DraftKings,2026-09-14T23:09:31Z,Cleveland Browns,Tampa Bay Buccaneers,h2h,Tampa Bay Buccaneers,,-375,0.78947368,draftkings|0636ebff776d43f8c829a36713c80b22|h2h|event,0.7571885,https://api.the-odds-api.com/v4/sports/americanfootball_nfl
2026,1,0636ebff776d43f8c829a36713c80b22,2026-09-20T17:00:00Z,DraftKings,2026-09-14T23:09:31Z,Cleveland Browns,Tampa Bay Buccaneers,spreads,Cleveland Browns,8.5,-110,0.52380952,draftkings|0636ebff776d43f8c829a36713c80b22|spreads|event,0.5,https://api.the-odds-api.com/v4/sports/americanfootball_nfl
2026,1,0636ebff776d43f8c829a36713c80b22,2026-09-20T17:00:00Z,DraftKings,2026-09-14T23:09:31Z,Cleveland Browns,Tampa Bay Buccaneers,spreads,Tampa Bay Buccaneers,-8.5,-110,0.52380952,draftkings|0636ebff776d43f8c829a36713c80b22|spreads|event,0.5,https://api.the-odds-api.com/v4/sports/americanfootball_nfl
2026,1,0636ebff776d43f8c829a36713c80b22,2026-09-20T17:00:00Z,DraftKings,2026-09-14T23:09:31Z,Cleveland Browns,Tampa Bay Buccaneers,totals,Over,40.5,-115,0.53488372,draftkings|0636ebff776d43f8c829a36713c80b22|totals|40.5,0.51083424,https://api.the-odds-api.com/v4/sports/americanfootball_nfl
2026,1,0636ebff776d43f8c829a36713c80b22,2026-09-20T17:00:00Z,DraftKings,2026-09-14T23:09:31Z,Cleveland Browns,Tampa Bay Buccaneers,totals,Under,40.5,-105,0.51219512,draftkings|0636ebff776d43f8c829a36713c80b22|totals|40.5,0.48916576,https://api.the-odds-api.com/v4/sports/americanfootball_nfl
2026,1,0636ebff776d43f8c829a36713c80b22,2026-09-20T17:00:00Z,BetUS,2026-09-14T23:09:33Z,Cleveland Browns,Tampa Bay Buccaneers,h2h,Cleveland Browns,,330,0.23255814,betus|0636ebff776d43f8c829a36713c80b22|h2h|event,0.22355976,https://api.the-odds-api.com/v4/sports/americanfootball_nfl
2026,1,0636ebff776d43f8c829a36713c80b22,2026-09-20T17:00:00Z,BetUS,2026-09-14T23:09:33Z,Cleveland Browns,Tampa Bay Buccaneers,h2h,Tampa Bay Buccaneers,,-420,0.80769231,betus|0636ebff776d43f8c829a36713c80b22|h2h|event,0.77644024,https://api.the-odds-api.com/v4/sports/americanfootball_nfl
2026,1,0636ebff776d43f8c829a36713c80b22,2026-09-20T17:00:00Z,BetUS,2026-09-14T23:09:33Z,Cleveland Browns,Tampa Bay Buccaneers,spreads,Cleveland Browns,9.0,-120,0.54545455,betus|0636ebff776d43f8c829a36713c80b22|spreads|event,0.52173913,https://api.the-odds-api.com/v4/sports/americanfootball_nfl
2026,1,0636ebff776d43f8c829a36713c80b22,2026-09-20T17:00:00Z,BetUS,2026-09-14T23:09:33Z,Cleveland Browns,Tampa Bay Buccaneers,spreads,Tampa Bay Buccaneers,-9.0,100,0.5,betus|0636ebff776d43f8c829a36713c80b22|spreads|event,0.47826087,https://api.the-odds-api.com/v4/sports/americanfootball_nfl
2026,1,0636ebff776d43f8c829a36713c80b22,2026-09-20T17:00:00Z,BetUS,2026-09-14T23:09:33Z,Cleveland Browns,Tampa Bay Buccaneers,totals,Over,41.0,-110,0.52380952,betus|0636ebff776d43f8c829a36713c80b22|totals|41.0,0.5,https://api.the-odds-api.com/v4/sports/americanfootball_nfl
2026,1,0636ebff776d43f8c829a36713c80b22,2026-09-20T17:00:00Z,BetUS,2026-09-14T23:09:33Z,Cleveland Browns,Tampa Bay Buccaneers,totals,Under,41.0,-110,0.52380952,betus|0636ebff776d43f8c829a36713c80b22|totals|41.0,0.5,https://api.the-odds-api.com/v4/sports/americanfootball_nfl
2026,1,0636ebff776d43f8c829a36713c80b22,2026-09-20T17:00:00Z,MyBookie.ag,2026-09-14T23:08:34Z,Cleveland Browns,Tampa Bay Buccaneers,h2h,Cleveland Browns,,320,0.23809524,mybookieag|0636ebff776d43f8c829a36713c80b22|h2h|event,0.22465161,https://api.the-odds-api.com/v4/sports/americanfootball_nfl
2026,1,0636ebff776d43f8c829a36713c80b22,2026-09-20T17:00:00Z,MyBookie.ag,2026-09-14T23:08:34Z,Cleveland Browns,Tampa Bay Buccaneers,h2h,Tampa Bay Buccaneers,,-461,0.82174688,mybookieag|0636ebff776d43f8c829a36713c80b22|h2h|event,0.77534839,https://api.the-odds-api.com/v4/sports/americanfootball_nfl
2026,1,0636ebff776d43f8c829a36713c80b22,2026-09-20T17:00:00Z,MyBookie.ag,2026-09-14T23:08:34Z,Cleveland Browns,Tampa Bay Buccaneers,spreads,Cleveland Browns,9.0,-110,0.52380952,mybookieag|0636ebff776d43f8c829a36713c80b22|spreads|event,0.5,https://api.the-odds-api.com/v4/sports/americanfootball_nfl
2026,1,0636ebff776d43f8c829a36713c80b22,2026-09-20T17:00:00Z,MyBookie.ag,2026-09-14T23:08:34Z,Cleveland Browns,Tampa Bay Buccaneers,spreads,Tampa Bay Buccaneers,-9.0,-110,0.52380952,mybookieag|0636ebff776d43f8c829a36713c80b22|spreads|event,0.5,https://api.the-odds-api.com/v4/sports/americanfootball_nfl
2026,1,0636ebff776d43f8c829a36713c80b22,2026-09-20T17:00:00Z,MyBookie.ag,2026-09-14T23:08:34Z,Cleveland Browns,Tampa Bay Buccaneers,totals,Over,41.0,-110,0.52380952,mybookieag|0636ebff776d43f8c829a36713c80b22|totals|41.0,0.5,https://api.the-odds-api.com/v4/sports/americanfootball_nfl
2026,1,0636ebff776d43f8c829a36713c80b22,2026-09-20T17:00:00Z,MyBookie.ag,2026-09-14T23:08:34Z,Cleveland Browns,Tampa Bay Buccaneers,totals,Under,41.0,-110,0.52380952,mybookieag|0636ebff776d43f8c829a36713c80b22|totals|41.0,0.5,https://api.the-odds-api.com/v4/sports/americanfootball_nfl
2026,1,0636ebff776d43f8c829a36713c80b22,2026-09-20T17:00:00Z,LowVig.ag,2026-09-14T23:10:00Z,Cleveland Browns,Tampa Bay Buccaneers,h2h,Cleveland Browns,,330,0.23255814,lowvig|0636ebff776d43f8c829a36713c80b22|h2h|event,0.22355976,https://api.the-odds-api.com/v4/sports/americanfootball_nfl
2026,1,0636ebff776d43f8c829a36713c80b22,2026-09-20T17:00:00Z,LowVig.ag,2026-09-14T23:10:00Z,Cleveland Browns,Tampa Bay Buccaneers,h2h,Tampa Bay Buccaneers,,-420,0.80769231,lowvig|0636ebff776d43f8c829a36713c80b22|h2h|event,0.77644024,https://api.the-odds-api.com/v4/sports/americanfootball_nfl
2026,1,0636ebff776d43f8c829a36713c80b22,2026-09-20T17:00:00Z,LowVig.ag,2026-09-14T23:10:00Z,Cleveland Browns,Tampa Bay Buccaneers,spreads,Cleveland Browns,9.0,-112,0.52830189,lowvig|0636ebff776d43f8c829a36713c80b22|spreads|event,0.51500732,https://api.the-odds-api.com/v4/sports/americanfootball_nfl
2026,1,0636ebff776d43f8c829a36713c80b22,2026-09-20T17:00:00Z,LowVig.ag,2026-09-14T23:10:00Z,Cleveland Browns,Tampa Bay Buccaneers,spreads,Tampa Bay Buccaneers,-9.0,101,0.49751244,lowvig|0636ebff776d43f8c829a36713c80b22|spreads|event,0.48499268,https://api.the-odds-api.com/v4/sports/americanfootball_nfl
2026,1,0636ebff776d43f8c829a36713c80b22,2026-09-20T17:00:00Z,LowVig.ag,2026-09-14T23:10:00Z,Cleveland Browns,Tampa Bay Buccaneers,totals,Over,41.0,-113,0.53051643,lowvig|0636ebff776d43f8c829a36713c80b22|totals|41.0,0.51234512,https://api.the-odds-api.com/v4/sports/americanfootball_nfl
2026,1,0636ebff776d43f8c829a36713c80b22,2026-09-20T17:00:00Z,LowVig.ag,2026-09-14T23:10:00Z,Cleveland Browns,Tampa Bay Buccaneers,totals,Under,41.0,-102,0.5049505,lowvig|0636ebff776d43f8c829a36713c80b22|totals|41.0,0.48765488,https://api.the-odds-api.com/v4/sports/americanfootball_nfl
2026,1,0636ebff776d43f8c829a36713c80b22,2026-09-20T17:00:00Z,BetOnline.ag,2026-09-14T23:09:59Z,Cleveland Browns,Tampa Bay Buccaneers,h2h,Cleveland Browns,,330,0.23255814,betonlineag|0636ebff776d43f8c829a36713c80b22|h2h|event,0.22355976,https://api.the-odds-api.com/v4/sports/americanfootball_nfl
2026,1,0636ebff776d43f8c829a36713c80b22,2026-09-20T17:00:00Z,BetOnline.ag,2026-09-14T23:09:59Z,Cleveland Browns,Tampa Bay Buccaneers,h2h,Tampa Bay Buccaneers,,-420,0.80769231,betonlineag|0636ebff776d43f8c829a36713c80b22|h2h|event,0.77644024,https://api.the-odds-api.com/v4/sports/americanfootball_nfl
2026,1,0636ebff776d43f8c829a36713c80b22,2026-09-20T17:00:00Z,BetOnline.ag,2026-09-14T23:09:59Z,Cleveland Browns,Tampa Bay Buccaneers,spreads,Cleveland Browns,9.0,-115,0.53488372,betonlineag|0636ebff776d43f8c829a36713c80b22|spreads|event,0.51083424,https://api.the-odds-api.com/v4/sports/americanfootball_nfl
2026,1,0636ebff776d43f8c829a36713c80b22,2026-09-20T17:00:00Z,BetOnline.ag,2026-09-14T23:09:59Z,Cleveland Browns,Tampa Bay Buccaneers,spreads,Tampa Bay Buccaneers,-9.0,-105,0.51219512,betonlineag|0636ebff776d43f8c829a36713c80b22|spreads|event,0.48916576,https://api.the-odds-api.com/v4/sports/americanfootball_nfl
2026,1,0636ebff776d43f8c829a36713c80b22,2026-09-20T17:00:00Z,BetOnline.ag,2026-09-14T23:09:59Z,Cleveland Browns,Tampa Bay Buccaneers,totals,Over,41.0,-115,0.53488372,betonlineag|0636ebff776d43f8c829a36713c80b22|totals|41.0,0.51083424,https://api.the-odds-api.com/v4/sports/americanfootball_nfl
2026,1,0636ebff776d43f8c829a36713c80b22,2026-09-20T17:00:00Z,BetOnline.ag,2026-09-14T23:09:59Z,Cleveland Browns,Tampa Bay Buccaneers,totals,Under,41.0,-105,0.51219512,betonlineag|0636ebff776d43f8c829a36713c80b22|totals|41.0,0.48916576,https://api.the-odds-api.com/v4/sports/americanfootball_nfl
2026,1,0636ebff776d43f8c829a36713c80b22,2026-09-20T17:00:00Z,FanDuel,2026-09-14T23:09:33Z,Cleveland Browns,Tampa Bay Buccaneers,h2h,Cleveland Browns,,350,0.22222222,fanduel|0636ebff776d43f8c829a36713c80b22|h2h|event,0.21359223,https://api.the-odds-api.com/v4/sports/americanfootball_nfl
2026,1,0636ebff776d43f8c829a36713c80b22,2026-09-20T17:00:00Z,FanDuel,2026-09-14T23:09:33Z,Cleveland Browns,Tampa Bay Buccaneers,h2h,Tampa Bay Buccaneers,,-450,0.81818182,fanduel|0636ebff776d43f8c829a36713c80b22|h2h|event,0.78640777,https://api.the-odds-api.com/v4/sports/americanfootball_nfl
2026,1,0636ebff776d43f8c829a36713c80b22,2026-09-20T17:00:00Z,FanDuel,2026-09-14T23:09:33Z,Cleveland Browns,Tampa Bay Buccaneers,spreads,Cleveland Browns,8.5,-118,0.5412844,fanduel|0636ebff776d43f8c829a36713c80b22|spreads|event,0.51497518,https://api.the-odds-api.com/v4/sports/americanfootball_nfl
2026,1,0636ebff776d43f8c829a36713c80b22,2026-09-20T17:00:00Z,FanDuel,2026-09-14T23:09:33Z,Cleveland Browns,Tampa Bay Buccaneers,spreads,Tampa Bay Buccaneers,-8.5,-104,0.50980392,fanduel|0636ebff776d43f8c829a36713c80b22|spreads|event,0.48502482,https://api.the-odds-api.com/v4/sports/americanfootball_nfl
2026,1,0636ebff776d43f8c829a36713c80b22,2026-09-20T17:00:00Z,FanDuel,2026-09-14T23:09:33Z,Cleveland Browns,Tampa Bay Buccaneers,totals,Over,40.5,-110,0.52380952,fanduel|0636ebff776d43f8c829a36713c80b22|totals|40.5,0.5,https://api.the-odds-api.com/v4/sports/americanfootball_nfl
2026,1,0636ebff776d43f8c829a36713c80b22,2026-09-20T17:00:00Z,FanDuel,2026-09-14T23:09:33Z,Cleveland Browns,Tampa Bay Buccaneers,totals,Under,40.5,-110,0.52380952,fanduel|0636ebff776d43f8c829a36713c80b22|totals|40.5,0.5,https://api.the-odds-api.com/v4/sports/americanfootball_nfl
2026,1,0636ebff776d43f8c829a36713c80b22,2026-09-20T17:00:00Z,BetRivers,2026-09-14T23:10:00Z,Cleveland Browns,Tampa Bay Buccaneers,h2h,Cleveland Browns,,340,0.22727273,betrivers|0636ebff776d43f8c829a36713c80b22|h2h|event,0.21705123,https://api.the-odds-api.com/v4/sports/americanfootball_nfl
2026,1,0636ebff776d43f8c829a36713c80b22,2026-09-20T17:00:00Z,BetRivers,2026-09-14T23:10:00Z,Cleveland Browns,Tampa Bay Buccaneers,h2h,Tampa Bay Buccaneers,,-455,0.81981982,betrivers|0636ebff776d43f8c829a36713c80b22|h2h|event,0.78294877,https://api.the-odds-api.com/v4/sports/americanfootball_nfl
2026,1,0636ebff776d43f8c829a36713c80b22,2026-09-20T17:00:00Z,BetRivers,2026-09-14T23:10:00Z,Cleveland Browns,Tampa Bay Buccaneers,spreads,Cleveland Browns,8.0,-109,0.5215311,betrivers|0636ebff776d43f8c829a36713c80b22|spreads|event,0.4967753,https://api.the-odds-api.com/v4/sports/americanfootball_nfl
2026,1,0636ebff776d43f8c829a36713c80b22,2026-09-20T17:00:00Z,BetRivers,2026-09-14T23:10:00Z,Cleveland Browns,Tampa Bay Buccaneers,spreads,Tampa Bay Buccaneers,-8.0,-112,0.52830189,betrivers|0636ebff776d43f8c829a36713c80b22|spreads|event,0.5032247,https://api.the-odds-api.com/v4/sports/americanfootball_nfl
2026,1,0636ebff776d43f8c829a36713c80b22,2026-09-20T17:00:00Z,BetRivers,2026-09-14T23:10:00Z,Cleveland Browns,Tampa Bay Buccaneers,totals,Over,41.0,-110,0.52380952,betrivers|0636ebff776d43f8c829a36713c80b22|totals|41.0,0.5,https://api.the-odds-api.com/v4/sports/americanfootball_nfl
2026,1,0636ebff776d43f8c829a36713c80b22,2026-09-20T17:00:00Z,BetRivers,2026-09-14T23:10:00Z,Cleveland Browns,Tampa Bay Buccaneers,totals,Under,41.0,-110,0.52380952,betrivers|0636ebff776d43f8c829a36713c80b22|totals|41.0,0.5,https://api.the-odds-api.com/v4/sports/americanfootball_nfl
2026,1,0636ebff776d43f8c829a36713c80b22,2026-09-20T17:00:00Z,BetMGM,2026-09-14T23:09:58Z,Cleveland Browns,Tampa Bay Buccaneers,h2h,Cleveland Browns,,340,0.22727273,betmgm|0636ebff776d43f8c829a36713c80b22|h2h|event,0.21739131,https://api.the-odds-api.com/v4/sports/americanfootball_nfl
2026,1,0636ebff776d43f8c829a36713c80b22,2026-09-20T17:00:00Z,BetMGM,2026-09-14T23:09:58Z,Cleveland Browns,Tampa Bay Buccaneers,h2h,Tampa Bay Buccaneers,,-450,0.81818182,betmgm|0636ebff776d43f8c829a36713c80b22|h2h|event,0.78260869,https://api.the-odds-api.com/v4/sports/americanfootball_nfl
2026,1,0636ebff776d43f8c829a36713c80b22,2026-09-20T17:00:00Z,BetMGM,2026-09-14T23:09:58Z,Cleveland Browns,Tampa Bay Buccaneers,spreads,Cleveland Browns,8.5,-110,0.52380952,betmgm|0636ebff776d43f8c829a36713c80b22|spreads|event,0.50219491,https://api.the-odds-api.com/v4/sports/americanfootball_nfl
2026,1,0636ebff776d43f8c829a36713c80b22,2026-09-20T17:00:00Z,BetMGM,2026-09-14T23:09:58Z,Cleveland Browns,Tampa Bay Buccaneers,spreads,Tampa Bay Buccaneers,-8.5,-108,0.51923077,betmgm|0636ebff776d43f8c829a36713c80b22|spreads|event,0.49780509,https://api.the-odds-api.com/v4/sports/americanfootball_nfl
2026,1,0636ebff776d43f8c829a36713c80b22,2026-09-20T17:00:00Z,BetMGM,2026-09-14T23:09:58Z,Cleveland Browns,Tampa Bay Buccaneers,totals,Over,41.0,-108,0.51923077,betmgm|0636ebff776d43f8c829a36713c80b22|totals|41.0,0.49780509,https://api.the-odds-api.com/v4/sports/americanfootball_nfl
2026,1,0636ebff776d43f8c829a36713c80b22,2026-09-20T17:00:00Z,BetMGM,2026-09-14T23:09:58Z,Cleveland Browns,Tampa Bay Buccaneers,totals,Under,41.0,-110,0.52380952,betmgm|0636ebff776d43f8c829a36713c80b22|totals|41.0,0.50219491,https://api.the-odds-api.com/v4/sports/americanfootball_nfl
2026,1,0636ebff776d43f8c829a36713c80b22,2026-09-20T17:00:00Z,Bovada,2026-09-14T23:08:13Z,Cleveland Browns,Tampa Bay Buccaneers,h2h,Cleveland Browns,,320,0.23809524,bovada|0636ebff776d43f8c829a36713c80b22|h2h|event,0.22688356,https://api.the-odds-api.com/v4/sports/americanfootball_nfl
2026,1,0636ebff776d43f8c829a36713c80b22,2026-09-20T17:00:00Z,Bovada,2026-09-14T23:08:13Z,Cleveland Browns,Tampa Bay Buccaneers,h2h,Tampa Bay Buccaneers,,-430,0.81132075,bovada|0636ebff776d43f8c829a36713c80b22|h2h|event,0.77311644,https://api.the-odds-api.com/v4/sports/americanfootball_nfl
2026,1,0636ebff776d43f8c829a36713c80b22,2026-09-20T17:00:00Z,Bovada,2026-09-14T23:08:13Z,Cleveland Browns,Tampa Bay Buccaneers,spreads,Cleveland Browns,8.0,-110,0.52380952,bovada|0636ebff776d43f8c829a36713c80b22|spreads|event,0.5,https://api.the-odds-api.com/v4/sports/americanfootball_nfl
2026,1,0636ebff776d43f8c829a36713c80b22,2026-09-20T17:00:00Z,Bovada,2026-09-14T23:08:13Z,Cleveland Browns,Tampa Bay Buccaneers,spreads,Tampa Bay Buccaneers,-8.0,-110,0.52380952,bovada|0636ebff776d43f8c829a36713c80b22|spreads|event,0.5,https://api.the-odds-api.com/v4/sports/americanfootball_nfl
2026,1,0636ebff776d43f8c829a36713c80b22,2026-09-20T17:00:00Z,Bovada,2026-09-14T23:08:13Z,Cleveland Browns,Tampa Bay Buccaneers,totals,Over,41.5,-110,0.52380952,bovada|0636ebff776d43f8c829a36713c80b22|totals|41.5,0.5,https://api.the-odds-api.com/v4/sports/americanfootball_nfl
2026,1,0636ebff776d43f8c829a36713c80b22,2026-09-20T17:00:00Z,Bovada,2026-09-14T23:08:13Z,Cleveland Browns,Tampa Bay Buccaneers,totals,Under,41.5,-110,0.52380952,bovada|0636ebff776d43f8c829a36713c80b22|totals|41.5,0.5,https://api.the-odds-api.com/v4/sports/americanfootball_nfl
2026,1,4aeee070bb6ec60bdfae4dede61b9014,2026-09-20T17:00:00Z,DraftKings,2026-09-14T23:09:31Z,Green Bay Packers,New York Jets,h2h,Green Bay Packers,,-218,0.68553459,draftkings|4aeee070bb6ec60bdfae4dede61b9014|h2h|event,0.65747522,https://api.the-odds-api.com/v4/sports/americanfootball_nfl
2026,1,4aeee070bb6ec60bdfae4dede61b9014,2026-09-20T17:00:00Z,DraftKings,2026-09-14T23:09:31Z,Green Bay Packers,New York Jets,h2h,New York Jets,,180,0.35714286,draftkings|4aeee070bb6ec60bdfae4dede61b9014|h2h|event,0.34252478,https://api.the-odds-api.com/v4/sports/americanfootball_nfl
2026,1,4aeee070bb6ec60bdfae4dede61b9014,2026-09-20T17:00:00Z,DraftKings,2026-09-14T23:09:31Z,Green Bay Packers,New York Jets,spreads,Green Bay Packers,-4.5,-108,0.51923077,draftkings|4aeee070bb6ec60bdfae4dede61b9014|spreads|event,0.49567024,https://api.the-odds-api.com/v4/sports/americanfootball_nfl
2026,1,4aeee070bb6ec60bdfae4dede61b9014,2026-09-20T17:00:00Z,DraftKings,2026-09-14T23:09:31Z,Green Bay Packers,New York Jets,spreads,New York Jets,4.5,-112,0.52830189,draftkings|4aeee070bb6ec60bdfae4dede61b9014|spreads|event,0.50432976,https://api.the-odds-api.com/v4/sports/americanfootball_nfl
2026,1,4aeee070bb6ec60bdfae4dede61b9014,2026-09-20T17:00:00Z,DraftKings,2026-09-14T23:09:31Z,Green Bay Packers,New York Jets,totals,Over,44.5,-112,0.52830189,draftkings|4aeee070bb6ec60bdfae4dede61b9014|totals|44.5,0.50432976,https://api.the-odds-api.com/v4/sports/americanfootball_nfl
2026,1,4aeee070bb6ec60bdfae4dede61b9014,2026-09-20T17:00:00Z,DraftKings,2026-09-14T23:09:31Z,Green Bay Packers,New York Jets,totals,Under,44.5,-108,0.51923077,draftkings|4aeee070bb6ec60bdfae4dede61b9014|totals|44.5,0.49567024,https://api.the-odds-api.com/v4/sports/americanfootball_nfl
2026,1,4aeee070bb6ec60bdfae4dede61b9014,2026-09-20T17:00:00Z,MyBookie.ag,2026-09-14T23:08:34Z,Green Bay Packers,New York Jets,h2h,Green Bay Packers,,-212,0.67948718,mybookieag|4aeee070bb6ec60bdfae4dede61b9014|h2h|event,0.64119785,https://api.the-odds-api.com/v4/sports/americanfootball_nfl
2026,1,4aeee070bb6ec60bdfae4dede61b9014,2026-09-20T17:00:00Z,MyBookie.ag,2026-09-14T23:08:34Z,Green Bay Packers,New York Jets,h2h,New York Jets,,163,0.38022814,mybookieag|4aeee070bb6ec60bdfae4dede61b9014|h2h|event,0.35880215,https://api.the-odds-api.com/v4/sports/americanfootball_nfl
2026,1,4aeee070bb6ec60bdfae4dede61b9014,2026-09-20T17:00:00Z,MyBookie.ag,2026-09-14T23:08:34Z,Green Bay Packers,New York Jets,spreads,Green Bay Packers,-3.5,-110,0.52380952,mybookieag|4aeee070bb6ec60bdfae4dede61b9014|spreads|event,0.5,https://api.the-odds-api.com/v4/sports/americanfootball_nfl
2026,1,4aeee070bb6ec60bdfae4dede61b9014,2026-09-20T17:00:00Z,MyBookie.ag,2026-09-14T23:08:34Z,Green Bay Packers,New York Jets,spreads,New York Jets,3.5,-110,0.52380952,mybookieag|4aeee070bb6ec60bdfae4dede61b9014|spreads|event,0.5,https://api.the-odds-api.com/v4/sports/americanfootball_nfl
2026,1,4aeee070bb6ec60bdfae4dede61b9014,2026-09-20T17:00:00Z,MyBookie.ag,2026-09-14T23:08:34Z,Green Bay Packers,New York Jets,totals,Over,45.0,-110,0.52380952,mybookieag|4aeee070bb6ec60bdfae4dede61b9014|totals|45.0,0.5,https://api.the-odds-api.com/v4/sports/americanfootball_nfl
2026,1,4aeee070bb6ec60bdfae4dede61b9014,2026-09-20T17:00:00Z,MyBookie.ag,2026-09-14T23:08:34Z,Green Bay Packers,New York Jets,totals,Under,45.0,-110,0.52380952,mybookieag|4aeee070bb6ec60bdfae4dede61b9014|totals|45.0,0.5,https://api.the-odds-api.com/v4/sports/americanfootball_nfl
2026,1,4aeee070bb6ec60bdfae4dede61b9014,2026-09-20T17:00:00Z,LowVig.ag,2026-09-14T23:10:00Z,Green Bay Packers,New York Jets,h2h,Green Bay Packers,,-192,0.65753425,lowvig|4aeee070bb6ec60bdfae4dede61b9014|h2h|event,0.63710479,https://api.the-odds-api.com/v4/sports/americanfootball_nfl
2026,1,4aeee070bb6ec60bdfae4dede61b9014,2026-09-20T17:00:00Z,LowVig.ag,2026-09-14T23:10:00Z,Green Bay Packers,New York Jets,h2h,New York Jets,,167,0.37453184,lowvig|4aeee070bb6ec60bdfae4dede61b9014|h2h|event,0.36289521,https://api.the-odds-api.com/v4/sports/americanfootball_nfl
2026,1,4aeee070bb6ec60bdfae4dede61b9014,2026-09-20T17:00:00Z,LowVig.ag,2026-09-14T23:10:00Z,Green Bay Packers,New York Jets,spreads,Green Bay Packers,-3.5,-105,0.51219512,lowvig|4aeee070bb6ec60bdfae4dede61b9014|spreads|event,0.5,https://api.the-odds-api.com/v4/sports/americanfootball_nfl
2026,1,4aeee070bb6ec60bdfae4dede61b9014,2026-09-20T17:00:00Z,LowVig.ag,2026-09-14T23:10:00Z,Green Bay Packers,New York Jets,spreads,New York Jets,3.5,-105,0.51219512,lowvig|4aeee070bb6ec60bdfae4dede61b9014|spreads|event,0.5,https://api.the-odds-api.com/v4/sports/americanfootball_nfl
2026,1,4aeee070bb6ec60bdfae4dede61b9014,2026-09-20T17:00:00Z,LowVig.ag,2026-09-14T23:10:00Z,Green Bay Packers,New York Jets,totals,Over,45.0,-104,0.50980392,lowvig|4aeee070bb6ec60bdfae4dede61b9014|totals|45.0,0.49322493,https://api.the-odds-api.com/v4/sports/americanfootball_nfl
2026,1,4aeee070bb6ec60bdfae4dede61b9014,2026-09-20T17:00:00Z,LowVig.ag,2026-09-14T23:10:00Z,Green Bay Packers,New York Jets,totals,Under,45.0,-110,0.52380952,lowvig|4aeee070bb6ec60bdfae4dede61b9014|totals|45.0,0.50677507,https://api.the-odds-api.com/v4/sports/americanfootball_nfl
2026,1,4aeee070bb6ec60bdfae4dede61b9014,2026-09-20T17:00:00Z,BetOnline.ag,2026-09-14T23:09:59Z,Green Bay Packers,New York Jets,h2h,Green Bay Packers,,-192,0.65753425,betonlineag|4aeee070bb6ec60bdfae4dede61b9014|h2h|event,0.63710479,https://api.the-odds-api.com/v4/sports/americanfootball_nfl
2026,1,4aeee070bb6ec60bdfae4dede61b9014,2026-09-20T17:00:00Z,BetOnline.ag,2026-09-14T23:09:59Z,Green Bay Packers,New York Jets,h2h,New York Jets,,167,0.37453184,betonlineag|4aeee070bb6ec60bdfae4dede61b9014|h2h|event,0.36289521,https://api.the-odds-api.com/v4/sports/americanfootball_nfl
2026,1,4aeee070bb6ec60bdfae4dede61b9014,2026-09-20T17:00:00Z,BetOnline.ag,2026-09-14T23:09:59Z,Green Bay Packers,New York Jets,spreads,Green Bay Packers,-3.5,-110,0.52380952,betonlineag|4aeee070bb6ec60bdfae4dede61b9014|spreads|event,0.5,https://api.the-odds-api.com/v4/sports/americanfootball_nfl
2026,1,4aeee070bb6ec60bdfae4dede61b9014,2026-09-20T17:00:00Z,BetOnline.ag,2026-09-14T23:09:59Z,Green Bay Packers,New York Jets,spreads,New York Jets,3.5,-110,0.52380952,betonlineag|4aeee070bb6ec60bdfae4dede61b9014|spreads|event,0.5,https://api.the-odds-api.com/v4/sports/americanfootball_nfl
2026,1,4aeee070bb6ec60bdfae4dede61b9014,2026-09-20T17:00:00Z,BetOnline.ag,2026-09-14T23:09:59Z,Green Bay Packers,New York Jets,totals,Over,45.0,-107,0.51690821,betonlineag|4aeee070bb6ec60bdfae4dede61b9014|totals|45.0,0.49350396,https://api.the-odds-api.com/v4/sports/americanfootball_nfl
2026,1,4aeee070bb6ec60bdfae4dede61b9014,2026-09-20T17:00:00Z,BetOnline.ag,2026-09-14T23:09:59Z,Green Bay Packers,New York Jets,totals,Under,45.0,-113,0.53051643,betonlineag|4aeee070bb6ec60bdfae4dede61b9014|totals|45.0,0.50649604,https://api.the-odds-api.com/v4/sports/americanfootball_nfl
2026,1,4aeee070bb6ec60bdfae4dede61b9014,2026-09-20T17:00:00Z,BetUS,2026-09-14T23:09:33Z,Green Bay Packers,New York Jets,h2h,Green Bay Packers,,-190,0.65517241,betus|4aeee070bb6ec60bdfae4dede61b9014|h2h|event,0.63277194,https://api.the-odds-api.com/v4/sports/americanfootball_nfl
2026,1,4aeee070bb6ec60bdfae4dede61b9014,2026-09-20T17:00:00Z,BetUS,2026-09-14T23:09:33Z,Green Bay Packers,New York Jets,h2h,New York Jets,,163,0.38022814,betus|4aeee070bb6ec60bdfae4dede61b9014|h2h|event,0.36722806,https://api.the-odds-api.com/v4/sports/americanfootball_nfl
2026,1,4aeee070bb6ec60bdfae4dede61b9014,2026-09-20T17:00:00Z,BetUS,2026-09-14T23:09:33Z,Green Bay Packers,New York Jets,spreads,Green Bay Packers,-3.5,-110,0.52380952,betus|4aeee070bb6ec60bdfae4dede61b9014|spreads|event,0.5,https://api.the-odds-api.com/v4/sports/americanfootball_nfl
2026,1,4aeee070bb6ec60bdfae4dede61b9014,2026-09-20T17:00:00Z,BetUS,2026-09-14T23:09:33Z,Green Bay Packers,New York Jets,spreads,New York Jets,3.5,-110,0.52380952,betus|4aeee070bb6ec60bdfae4dede61b9014|spreads|event,0.5,https://api.the-odds-api.com/v4/sports/americanfootball_nfl
2026,1,4aeee070bb6ec60bdfae4dede61b9014,2026-09-20T17:00:00Z,BetUS,2026-09-14T23:09:33Z,Green Bay Packers,New York Jets,totals,Over,44.5,-110,0.52380952,betus|4aeee070bb6ec60bdfae4dede61b9014|totals|44.5,0.5,https://api.the-odds-api.com/v4/sports/americanfootball_nfl
2026,1,4aeee070bb6ec60bdfae4dede61b9014,2026-09-20T17:00:00Z,BetUS,2026-09-14T23:09:33Z,Green Bay Packers,New York Jets,totals,Under,44.5,-110,0.52380952,betus|4aeee070bb6ec60bdfae4dede61b9014|totals|44.5,0.5,https://api.the-odds-api.com/v4/sports/americanfootball_nfl
2026,1,4aeee070bb6ec60bdfae4dede61b9014,2026-09-20T17:00:00Z,FanDuel,2026-09-14T23:09:33Z,Green Bay Packers,New York Jets,h2h,Green Bay Packers,,-205,0.67213115,fanduel|4aeee070bb6ec60bdfae4dede61b9014|h2h|event,0.64641781,https://api.the-odds-api.com/v4/sports/americanfootball_nfl
2026,1,4aeee070bb6ec60bdfae4dede61b9014,2026-09-20T17:00:00Z,FanDuel,2026-09-14T23:09:33Z,Green Bay Packers,New York Jets,h2h,New York Jets,,172,0.36764706,fanduel|4aeee070bb6ec60bdfae4dede61b9014|h2h|event,0.35358219,https://api.the-odds-api.com/v4/sports/americanfootball_nfl
2026,1,4aeee070bb6ec60bdfae4dede61b9014,2026-09-20T17:00:00Z,FanDuel,2026-09-14T23:09:33Z,Green Bay Packers,New York Jets,spreads,Green Bay Packers,-3.5,-115,0.53488372,fanduel|4aeee070bb6ec60bdfae4dede61b9014|spreads|event,0.51083424,https://api.the-odds-api.com/v4/sports/americanfootball_nfl
2026,1,4aeee070bb6ec60bdfae4dede61b9014,2026-09-20T17:00:00Z,FanDuel,2026-09-14T23:09:33Z,Green Bay Packers,New York Jets,spreads,New York Jets,3.5,-105,0.51219512,fanduel|4aeee070bb6ec60bdfae4dede61b9014|spreads|event,0.48916576,https://api.the-odds-api.com/v4/sports/americanfootball_nfl
2026,1,4aeee070bb6ec60bdfae4dede61b9014,2026-09-20T17:00:00Z,FanDuel,2026-09-14T23:09:33Z,Green Bay Packers,New York Jets,totals,Over,44.5,-110,0.52380952,fanduel|4aeee070bb6ec60bdfae4dede61b9014|totals|44.5,0.5,https://api.the-odds-api.com/v4/sports/americanfootball_nfl
2026,1,4aeee070bb6ec60bdfae4dede61b9014,2026-09-20T17:00:00Z,FanDuel,2026-09-14T23:09:33Z,Green Bay Packers,New York Jets,totals,Under,44.5,-110,0.52380952,fanduel|4aeee070bb6ec60bdfae4dede61b9014|totals|44.5,0.5,https://api.the-odds-api.com/v4/sports/americanfootball_nfl
2026,1,4aeee070bb6ec60bdfae4dede61b9014,2026-09-20T17:00:00Z,BetRivers,2026-09-14T23:10:00Z,Green Bay Packers,New York Jets,h2h,Green Bay Packers,,-215,0.68253968,betrivers|4aeee070bb6ec60bdfae4dede61b9014|h2h|event,0.65241379,https://api.the-odds-api.com/v4/sports/americanfootball_nfl
2026,1,4aeee070bb6ec60bdfae4dede61b9014,2026-09-20T17:00:00Z,BetRivers,2026-09-14T23:10:00Z,Green Bay Packers,New York Jets,h2h,New York Jets,,175,0.36363636,betrivers|4aeee070bb6ec60bdfae4dede61b9014|h2h|event,0.34758621,https://api.the-odds-api.com/v4/sports/americanfootball_nfl
2026,1,4aeee070bb6ec60bdfae4dede61b9014,2026-09-20T17:00:00Z,BetRivers,2026-09-14T23:10:00Z,Green Bay Packers,New York Jets,spreads,Green Bay Packers,-4.0,-109,0.5215311,betrivers|4aeee070bb6ec60bdfae4dede61b9014|spreads|event,0.4967753,https://api.the-odds-api.com/v4/sports/americanfootball_nfl
2026,1,4aeee070bb6ec60bdfae4dede61b9014,2026-09-20T17:00:00Z,BetRivers,2026-09-14T23:10:00Z,Green Bay Packers,New York Jets,spreads,New York Jets,4.0,-112,0.52830189,betrivers|4aeee070bb6ec60bdfae4dede61b9014|spreads|event,0.5032247,https://api.the-odds-api.com/v4/sports/americanfootball_nfl
2026,1,4aeee070bb6ec60bdfae4dede61b9014,2026-09-20T17:00:00Z,BetRivers,2026-09-14T23:10:00Z,Green Bay Packers,New York Jets,totals,Over,44.5,-109,0.5215311,betrivers|4aeee070bb6ec60bdfae4dede61b9014|totals|44.5,0.4967753,https://api.the-odds-api.com/v4/sports/americanfootball_nfl
2026,1,4aeee070bb6ec60bdfae4dede61b9014,2026-09-20T17:00:00Z,BetRivers,2026-09-14T23:10:00Z,Green Bay Packers,New York Jets,totals,Under,44.5,-112,0.52830189,betrivers|4aeee070bb6ec60bdfae4dede61b9014|totals|44.5,0.5032247,https://api.the-odds-api.com/v4/sports/americanfootball_nfl
2026,1,4aeee070bb6ec60bdfae4dede61b9014,2026-09-20T17:00:00Z,BetMGM,2026-09-14T23:09:58Z,Green Bay Packers,New York Jets,h2h,Green Bay Packers,,-200,0.66666667,betmgm|4aeee070bb6ec60bdfae4dede61b9014|h2h|event,0.63855422,https://api.the-odds-api.com/v4/sports/americanfootball_nfl
2026,1,4aeee070bb6ec60bdfae4dede61b9014,2026-09-20T17:00:00Z,BetMGM,2026-09-14T23:09:58Z,Green Bay Packers,New York Jets,h2h,New York Jets,,165,0.37735849,betmgm|4aeee070bb6ec60bdfae4dede61b9014|h2h|event,0.36144578,https://api.the-odds-api.com/v4/sports/americanfootball_nfl
2026,1,4aeee070bb6ec60bdfae4dede61b9014,2026-09-20T17:00:00Z,BetMGM,2026-09-14T23:09:58Z,Green Bay Packers,New York Jets,spreads,Green Bay Packers,-3.5,-110,0.52380952,betmgm|4aeee070bb6ec60bdfae4dede61b9014|spreads|event,0.50219491,https://api.the-odds-api.com/v4/sports/americanfootball_nfl
2026,1,4aeee070bb6ec60bdfae4dede61b9014,2026-09-20T17:00:00Z,BetMGM,2026-09-14T23:09:58Z,Green Bay Packers,New York Jets,spreads,New York Jets,3.5,-108,0.51923077,betmgm|4aeee070bb6ec60bdfae4dede61b9014|spreads|event,0.49780509,https://api.the-odds-api.com/v4/sports/americanfootball_nfl
2026,1,4aeee070bb6ec60bdfae4dede61b9014,2026-09-20T17:00:00Z,BetMGM,2026-09-14T23:09:58Z,Green Bay Packers,New York Jets,totals,Over,44.5,-110,0.52380952,betmgm|4aeee070bb6ec60bdfae4dede61b9014|totals|44.5,0.50219491,https://api.the-odds-api.com/v4/sports/americanfootball_nfl
2026,1,4aeee070bb6ec60bdfae4dede61b9014,2026-09-20T17:00:00Z,BetMGM,2026-09-14T23:09:58Z,Green Bay Packers,New York Jets,totals,Under,44.5,-108,0.51923077,betmgm|4aeee070bb6ec60bdfae4dede61b9014|totals|44.5,0.49780509,https://api.the-odds-api.com/v4/sports/americanfootball_nfl
2026,1,4aeee070bb6ec60bdfae4dede61b9014,2026-09-20T17:00:00Z,Bovada,2026-09-14T23:08:13Z,Green Bay Packers,New York Jets,h2h,Green Bay Packers,,-195,0.66101695,bovada|4aeee070bb6ec60bdfae4dede61b9014|h2h|event,0.63658762,https://api.the-odds-api.com/v4/sports/americanfootball_nfl
2026,1,4aeee070bb6ec60bdfae4dede61b9014,2026-09-20T17:00:00Z,Bovada,2026-09-14T23:08:13Z,Green Bay Packers,New York Jets,h2h,New York Jets,,165,0.37735849,bovada|4aeee070bb6ec60bdfae4dede61b9014|h2h|event,0.36341238,https://api.the-odds-api.com/v4/sports/americanfootball_nfl
2026,1,4aeee070bb6ec60bdfae4dede61b9014,2026-09-20T17:00:00Z,Bovada,2026-09-14T23:08:13Z,Green Bay Packers,New York Jets,spreads,Green Bay Packers,-3.5,-110,0.52380952,bovada|4aeee070bb6ec60bdfae4dede61b9014|spreads|event,0.5,https://api.the-odds-api.com/v4/sports/americanfootball_nfl
2026,1,4aeee070bb6ec60bdfae4dede61b9014,2026-09-20T17:00:00Z,Bovada,2026-09-14T23:08:13Z,Green Bay Packers,New York Jets,spreads,New York Jets,3.5,-110,0.52380952,bovada|4aeee070bb6ec60bdfae4dede61b9014|spreads|event,0.5,https://api.the-odds-api.com/v4/sports/americanfootball_nfl
2026,1,4aeee070bb6ec60bdfae4dede61b9014,2026-09-20T17:00:00Z,Bovada,2026-09-14T23:08:13Z,Green Bay Packers,New York Jets,totals,Over,45.0,-110,0.52380952,bovada|4aeee070bb6ec60bdfae4dede61b9014|totals|45.0,0.5,https://api.the-odds-api.com/v4/sports/americanfootball_nfl
2026,1,4aeee070bb6ec60bdfae4dede61b9014,2026-09-20T17:00:00Z,Bovada,2026-09-14T23:08:13Z,Green Bay Packers,New York Jets,totals,Under,45.0,-110,0.52380952,bovada|4aeee070bb6ec60bdfae4dede61b9014|totals|45.0,0.5,https://api.the-odds-api.com/v4/sports/americanfootball_nfl
2026,1,9d14f87600f6edc74dbcb5c74edf6246,2026-09-20T17:00:00Z,DraftKings,2026-09-14T23:09:31Z,Pittsburgh Steelers,New England Patriots,h2h,New England Patriots,,-238,0.70414201,draftkings|9d14f87600f6edc74dbcb5c74edf6246|h2h|event,0.67503125,https://api.the-odds-api.com/v4/sports/americanfootball_nfl
2026,1,9d14f87600f6edc74dbcb5c74edf6246,2026-09-20T17:00:00Z,DraftKings,2026-09-14T23:09:31Z,Pittsburgh Steelers,New England Patriots,h2h,Pittsburgh Steelers,,195,0.33898305,draftkings|9d14f87600f6edc74dbcb5c74edf6246|h2h|event,0.32496875,https://api.the-odds-api.com/v4/sports/americanfootball_nfl
2026,1,9d14f87600f6edc74dbcb5c74edf6246,2026-09-20T17:00:00Z,DraftKings,2026-09-14T23:09:31Z,Pittsburgh Steelers,New England Patriots,spreads,New England Patriots,-5.5,-110,0.52380952,draftkings|9d14f87600f6edc74dbcb5c74edf6246|spreads|event,0.5,https://api.the-odds-api.com/v4/sports/americanfootball_nfl
2026,1,9d14f87600f6edc74dbcb5c74edf6246,2026-09-20T17:00:00Z,DraftKings,2026-09-14T23:09:31Z,Pittsburgh Steelers,New England Patriots,spreads,Pittsburgh Steelers,5.5,-110,0.52380952,draftkings|9d14f87600f6edc74dbcb5c74edf6246|spreads|event,0.5,https://api.the-odds-api.com/v4/sports/americanfootball_nfl
2026,1,9d14f87600f6edc74dbcb5c74edf6246,2026-09-20T17:00:00Z,DraftKings,2026-09-14T23:09:31Z,Pittsburgh Steelers,New England Patriots,totals,Over,41.5,-115,0.53488372,draftkings|9d14f87600f6edc74dbcb5c74edf6246|totals|41.5,0.51083424,https://api.the-odds-api.com/v4/sports/americanfootball_nfl
2026,1,9d14f87600f6edc74dbcb5c74edf6246,2026-09-20T17:00:00Z,DraftKings,2026-09-14T23:09:31Z,Pittsburgh Steelers,New England Patriots,totals,Under,41.5,-105,0.51219512,draftkings|9d14f87600f6edc74dbcb5c74edf6246|totals|41.5,0.48916576,https://api.the-odds-api.com/v4/sports/americanfootball_nfl
2026,1,9d14f87600f6edc74dbcb5c74edf6246,2026-09-20T17:00:00Z,BetUS,2026-09-14T23:09:33Z,Pittsburgh Steelers,New England Patriots,h2h,New England Patriots,,-240,0.70588235,betus|9d14f87600f6edc74dbcb5c74edf6246|h2h|event,0.6814093,https://api.the-odds-api.com/v4/sports/americanfootball_nfl
2026,1,9d14f87600f6edc74dbcb5c74edf6246,2026-09-20T17:00:00Z,BetUS,2026-09-14T23:09:33Z,Pittsburgh Steelers,New England Patriots,h2h,Pittsburgh Steelers,,203,0.330033,betus|9d14f87600f6edc74dbcb5c74edf6246|h2h|event,0.3185907,https://api.the-odds-api.com/v4/sports/americanfootball_nfl
2026,1,9d14f87600f6edc74dbcb5c74edf6246,2026-09-20T17:00:00Z,BetUS,2026-09-14T23:09:33Z,Pittsburgh Steelers,New England Patriots,spreads,New England Patriots,-5.0,-110,0.52380952,betus|9d14f87600f6edc74dbcb5c74edf6246|spreads|event,0.5,https://api.the-odds-api.com/v4/sports/americanfootball_nfl
2026,1,9d14f87600f6edc74dbcb5c74edf6246,2026-09-20T17:00:00Z,BetUS,2026-09-14T23:09:33Z,Pittsburgh Steelers,New England Patriots,spreads,Pittsburgh Steelers,5.0,-110,0.52380952,betus|9d14f87600f6edc74dbcb5c74edf6246|spreads|event,0.5,https://api.the-odds-api.com/v4/sports/americanfootball_nfl
2026,1,9d14f87600f6edc74dbcb5c74edf6246,2026-09-20T17:00:00Z,BetUS,2026-09-14T23:09:33Z,Pittsburgh Steelers,New England Patriots,totals,Over,41.5,-110,0.52380952,betus|9d14f87600f6edc74dbcb5c74edf6246|totals|41.5,0.5,https://api.the-odds-api.com/v4/sports/americanfootball_nfl
2026,1,9d14f87600f6edc74dbcb5c74edf6246,2026-09-20T17:00:00Z,BetUS,2026-09-14T23:09:33Z,Pittsburgh Steelers,New England Patriots,totals,Under,41.5,-110,0.52380952,betus|9d14f87600f6edc74dbcb5c74edf6246|totals|41.5,0.5,https://api.the-odds-api.com/v4/sports/americanfootball_nfl
2026,1,9d14f87600f6edc74dbcb5c74edf6246,2026-09-20T17:00:00Z,MyBookie.ag,2026-09-14T23:08:34Z,Pittsburgh Steelers,New England Patriots,h2h,New England Patriots,,-246,0.71098266,mybookieag|9d14f87600f6edc74dbcb5c74edf6246|h2h|event,0.67033805,https://api.the-odds-api.com/v4/sports/americanfootball_nfl
2026,1,9d14f87600f6edc74dbcb5c74edf6246,2026-09-20T17:00:00Z,MyBookie.ag,2026-09-14T23:08:34Z,Pittsburgh Steelers,New England Patriots,h2h,Pittsburgh Steelers,,186,0.34965035,mybookieag|9d14f87600f6edc74dbcb5c74edf6246|h2h|event,0.32966195,https://api.the-odds-api.com/v4/sports/americanfootball_nfl
2026,1,9d14f87600f6edc74dbcb5c74edf6246,2026-09-20T17:00:00Z,MyBookie.ag,2026-09-14T23:08:34Z,Pittsburgh Steelers,New England Patriots,spreads,New England Patriots,-5.0,-110,0.52380952,mybookieag|9d14f87600f6edc74dbcb5c74edf6246|spreads|event,0.5,https://api.the-odds-api.com/v4/sports/americanfootball_nfl
2026,1,9d14f87600f6edc74dbcb5c74edf6246,2026-09-20T17:00:00Z,MyBookie.ag,2026-09-14T23:08:34Z,Pittsburgh Steelers,New England Patriots,spreads,Pittsburgh Steelers,5.0,-110,0.52380952,mybookieag|9d14f87600f6edc74dbcb5c74edf6246|spreads|event,0.5,https://api.the-odds-api.com/v4/sports/americanfootball_nfl
2026,1,9d14f87600f6edc74dbcb5c74edf6246,2026-09-20T17:00:00Z,MyBookie.ag,2026-09-14T23:08:34Z,Pittsburgh Steelers,New England Patriots,totals,Over,42.0,-110,0.52380952,mybookieag|9d14f87600f6edc74dbcb5c74edf6246|totals|42.0,0.5,https://api.the-odds-api.com/v4/sports/americanfootball_nfl
2026,1,9d14f87600f6edc74dbcb5c74edf6246,2026-09-20T17:00:00Z,MyBookie.ag,2026-09-14T23:08:34Z,Pittsburgh Steelers,New England Patriots,totals,Under,42.0,-110,0.52380952,mybookieag|9d14f87600f6edc74dbcb5c74edf6246|totals|42.0,0.5,https://api.the-odds-api.com/v4/sports/americanfootball_nfl
2026,1,9d14f87600f6edc74dbcb5c74edf6246,2026-09-20T17:00:00Z,LowVig.ag,2026-09-14T23:10:00Z,Pittsburgh Steelers,New England Patriots,h2h,New England Patriots,,-240,0.70588235,lowvig|9d14f87600f6edc74dbcb5c74edf6246|h2h|event,0.67924528,https://api.the-odds-api.com/v4/sports/americanfootball_nfl
2026,1,9d14f87600f6edc74dbcb5c74edf6246,2026-09-20T17:00:00Z,LowVig.ag,2026-09-14T23:10:00Z,Pittsburgh Steelers,New England Patriots,h2h,Pittsburgh Steelers,,200,0.33333333,lowvig|9d14f87600f6edc74dbcb5c74edf6246|h2h|event,0.32075472,https://api.the-odds-api.com/v4/sports/americanfootball_nfl
2026,1,9d14f87600f6edc74dbcb5c74edf6246,2026-09-20T17:00:00Z,LowVig.ag,2026-09-14T23:10:00Z,Pittsburgh Steelers,New England Patriots,spreads,New England Patriots,-5.5,-102,0.5049505,lowvig|9d14f87600f6edc74dbcb5c74edf6246|spreads|event,0.49302845,https://api.the-odds-api.com/v4/sports/americanfootball_nfl
2026,1,9d14f87600f6edc74dbcb5c74edf6246,2026-09-20T17:00:00Z,LowVig.ag,2026-09-14T23:10:00Z,Pittsburgh Steelers,New England Patriots,spreads,Pittsburgh Steelers,5.5,-108,0.51923077,lowvig|9d14f87600f6edc74dbcb5c74edf6246|spreads|event,0.50697155,https://api.the-odds-api.com/v4/sports/americanfootball_nfl
2026,1,9d14f87600f6edc74dbcb5c74edf6246,2026-09-20T17:00:00Z,LowVig.ag,2026-09-14T23:10:00Z,Pittsburgh Steelers,New England Patriots,totals,Over,41.5,-102,0.5049505,lowvig|9d14f87600f6edc74dbcb5c74edf6246|totals|41.5,0.48765488,https://api.the-odds-api.com/v4/sports/americanfootball_nfl
2026,1,9d14f87600f6edc74dbcb5c74edf6246,2026-09-20T17:00:00Z,LowVig.ag,2026-09-14T23:10:00Z,Pittsburgh Steelers,New England Patriots,totals,Under,41.5,-113,0.53051643,lowvig|9d14f87600f6edc74dbcb5c74edf6246|totals|41.5,0.51234512,https://api.the-odds-api.com/v4/sports/americanfootball_nfl
2026,1,9d14f87600f6edc74dbcb5c74edf6246,2026-09-20T17:00:00Z,BetOnline.ag,2026-09-14T23:09:59Z,Pittsburgh Steelers,New England Patriots,h2h,New England Patriots,,-240,0.70588235,betonlineag|9d14f87600f6edc74dbcb5c74edf6246|h2h|event,0.67924528,https://api.the-odds-api.com/v4/sports/americanfootball_nfl
2026,1,9d14f87600f6edc74dbcb5c74edf6246,2026-09-20T17:00:00Z,BetOnline.ag,2026-09-14T23:09:59Z,Pittsburgh Steelers,New England Patriots,h2h,Pittsburgh Steelers,,200,0.33333333,betonlineag|9d14f87600f6edc74dbcb5c74edf6246|h2h|event,0.32075472,https://api.the-odds-api.com/v4/sports/americanfootball_nfl
2026,1,9d14f87600f6edc74dbcb5c74edf6246,2026-09-20T17:00:00Z,BetOnline.ag,2026-09-14T23:09:59Z,Pittsburgh Steelers,New England Patriots,spreads,New England Patriots,-5.5,-107,0.51690821,betonlineag|9d14f87600f6edc74dbcb5c74edf6246|spreads|event,0.49350396,https://api.the-odds-api.com/v4/sports/americanfootball_nfl
2026,1,9d14f87600f6edc74dbcb5c74edf6246,2026-09-20T17:00:00Z,BetOnline.ag,2026-09-14T23:09:59Z,Pittsburgh Steelers,New England Patriots,spreads,Pittsburgh Steelers,5.5,-113,0.53051643,betonlineag|9d14f87600f6edc74dbcb5c74edf6246|spreads|event,0.50649604,https://api.the-odds-api.com/v4/sports/americanfootball_nfl
2026,1,9d14f87600f6edc74dbcb5c74edf6246,2026-09-20T17:00:00Z,BetOnline.ag,2026-09-14T23:09:59Z,Pittsburgh Steelers,New England Patriots,totals,Over,41.5,-105,0.51219512,betonlineag|9d14f87600f6edc74dbcb5c74edf6246|totals|41.5,0.48916576,https://api.the-odds-api.com/v4/sports/americanfootball_nfl
2026,1,9d14f87600f6edc74dbcb5c74edf6246,2026-09-20T17:00:00Z,BetOnline.ag,2026-09-14T23:09:59Z,Pittsburgh Steelers,New England Patriots,totals,Under,41.5,-115,0.53488372,betonlineag|9d14f87600f6edc74dbcb5c74edf6246|totals|41.5,0.51083424,https://api.the-odds-api.com/v4/sports/americanfootball_nfl
2026,1,9d14f87600f6edc74dbcb5c74edf6246,2026-09-20T17:00:00Z,FanDuel,2026-09-14T23:09:33Z,Pittsburgh Steelers,New England Patriots,h2h,New England Patriots,,-240,0.70588235,fanduel|9d14f87600f6edc74dbcb5c74edf6246|h2h|event,0.6777862,https://api.the-odds-api.com/v4/sports/americanfootball_nfl
2026,1,9d14f87600f6edc74dbcb5c74edf6246,2026-09-20T17:00:00Z,FanDuel,2026-09-14T23:09:33Z,Pittsburgh Steelers,New England Patriots,h2h,Pittsburgh Steelers,,198,0.33557047,fanduel|9d14f87600f6edc74dbcb5c74edf6246|h2h|event,0.3222138,https://api.the-odds-api.com/v4/sports/americanfootball_nfl
2026,1,9d14f87600f6edc74dbcb5c74edf6246,2026-09-20T17:00:00Z,FanDuel,2026-09-14T23:09:33Z,Pittsburgh Steelers,New England Patriots,spreads,New England Patriots,-4.5,-118,0.5412844,fanduel|9d14f87600f6edc74dbcb5c74edf6246|spreads|event,0.51497518,https://api.the-odds-api.com/v4/sports/americanfootball_nfl
2026,1,9d14f87600f6edc74dbcb5c74edf6246,2026-09-20T17:00:00Z,FanDuel,2026-09-14T23:09:33Z,Pittsburgh Steelers,New England Patriots,spreads,Pittsburgh Steelers,4.5,-104,0.50980392,fanduel|9d14f87600f6edc74dbcb5c74edf6246|spreads|event,0.48502482,https://api.the-odds-api.com/v4/sports/americanfootball_nfl
2026,1,9d14f87600f6edc74dbcb5c74edf6246,2026-09-20T17:00:00Z,FanDuel,2026-09-14T23:09:33Z,Pittsburgh Steelers,New England Patriots,totals,Over,42.5,-105,0.51219512,fanduel|9d14f87600f6edc74dbcb5c74edf6246|totals|42.5,0.48916576,https://api.the-odds-api.com/v4/sports/americanfootball_nfl
2026,1,9d14f87600f6edc74dbcb5c74edf6246,2026-09-20T17:00:00Z,FanDuel,2026-09-14T23:09:33Z,Pittsburgh Steelers,New England Patriots,totals,Under,42.5,-115,0.53488372,fanduel|9d14f87600f6edc74dbcb5c74edf6246|totals|42.5,0.51083424,https://api.the-odds-api.com/v4/sports/americanfootball_nfl
2026,1,9d14f87600f6edc74dbcb5c74edf6246,2026-09-20T17:00:00Z,BetRivers,2026-09-14T23:10:00Z,Pittsburgh Steelers,New England Patriots,h2h,New England Patriots,,-230,0.6969697,betrivers|9d14f87600f6edc74dbcb5c74edf6246|h2h|event,0.6651446,https://api.the-odds-api.com/v4/sports/americanfootball_nfl
2026,1,9d14f87600f6edc74dbcb5c74edf6246,2026-09-20T17:00:00Z,BetRivers,2026-09-14T23:10:00Z,Pittsburgh Steelers,New England Patriots,h2h,Pittsburgh Steelers,,185,0.35087719,betrivers|9d14f87600f6edc74dbcb5c74edf6246|h2h|event,0.3348554,https://api.the-odds-api.com/v4/sports/americanfootball_nfl
2026,1,9d14f87600f6edc74dbcb5c74edf6246,2026-09-20T17:00:00Z,BetRivers,2026-09-14T23:10:00Z,Pittsburgh Steelers,New England Patriots,spreads,New England Patriots,-5.5,-113,0.53051643,betrivers|9d14f87600f6edc74dbcb5c74edf6246|spreads|event,0.50537542,https://api.the-odds-api.com/v4/sports/americanfootball_nfl
2026,1,9d14f87600f6edc74dbcb5c74edf6246,2026-09-20T17:00:00Z,BetRivers,2026-09-14T23:10:00Z,Pittsburgh Steelers,New England Patriots,spreads,Pittsburgh Steelers,5.5,-108,0.51923077,betrivers|9d14f87600f6edc74dbcb5c74edf6246|spreads|event,0.49462458,https://api.the-odds-api.com/v4/sports/americanfootball_nfl
2026,1,9d14f87600f6edc74dbcb5c74edf6246,2026-09-20T17:00:00Z,BetRivers,2026-09-14T23:10:00Z,Pittsburgh Steelers,New England Patriots,totals,Over,42.0,-108,0.51923077,betrivers|9d14f87600f6edc74dbcb5c74edf6246|totals|42.0,0.49462458,https://api.the-odds-api.com/v4/sports/americanfootball_nfl
2026,1,9d14f87600f6edc74dbcb5c74edf6246,2026-09-20T17:00:00Z,BetRivers,2026-09-14T23:10:00Z,Pittsburgh Steelers,New England Patriots,totals,Under,42.0,-113,0.53051643,betrivers|9d14f87600f6edc74dbcb5c74edf6246|totals|42.0,0.50537542,https://api.the-odds-api.com/v4/sports/americanfootball_nfl
2026,1,9d14f87600f6edc74dbcb5c74edf6246,2026-09-20T17:00:00Z,BetMGM,2026-09-14T23:09:58Z,Pittsburgh Steelers,New England Patriots,h2h,New England Patriots,,-235,0.70149254,betmgm|9d14f87600f6edc74dbcb5c74edf6246|h2h|event,0.67788462,https://api.the-odds-api.com/v4/sports/americanfootball_nfl
2026,1,9d14f87600f6edc74dbcb5c74edf6246,2026-09-20T17:00:00Z,BetMGM,2026-09-14T23:09:58Z,Pittsburgh Steelers,New England Patriots,h2h,Pittsburgh Steelers,,200,0.33333333,betmgm|9d14f87600f6edc74dbcb5c74edf6246|h2h|event,0.32211538,https://api.the-odds-api.com/v4/sports/americanfootball_nfl
2026,1,9d14f87600f6edc74dbcb5c74edf6246,2026-09-20T17:00:00Z,BetMGM,2026-09-14T23:09:58Z,Pittsburgh Steelers,New England Patriots,spreads,New England Patriots,-5.0,-110,0.52380952,betmgm|9d14f87600f6edc74dbcb5c74edf6246|spreads|event,0.50219491,https://api.the-odds-api.com/v4/sports/americanfootball_nfl
2026,1,9d14f87600f6edc74dbcb5c74edf6246,2026-09-20T17:00:00Z,BetMGM,2026-09-14T23:09:58Z,Pittsburgh Steelers,New England Patriots,spreads,Pittsburgh Steelers,5.0,-108,0.51923077,betmgm|9d14f87600f6edc74dbcb5c74edf6246|spreads|event,0.49780509,https://api.the-odds-api.com/v4/sports/americanfootball_nfl
2026,1,9d14f87600f6edc74dbcb5c74edf6246,2026-09-20T17:00:00Z,BetMGM,2026-09-14T23:09:58Z,Pittsburgh Steelers,New England Patriots,totals,Over,41.5,-110,0.52380952,betmgm|9d14f87600f6edc74dbcb5c74edf6246|totals|41.5,0.50219491,https://api.the-odds-api.com/v4/sports/americanfootball_nfl
2026,1,9d14f87600f6edc74dbcb5c74edf6246,2026-09-20T17:00:00Z,BetMGM,2026-09-14T23:09:58Z,Pittsburgh Steelers,New England Patriots,totals,Under,41.5,-108,0.51923077,betmgm|9d14f87600f6edc74dbcb5c74edf6246|totals|41.5,0.49780509,https://api.the-odds-api.com/v4/sports/americanfootball_nfl
2026,1,9d14f87600f6edc74dbcb5c74edf6246,2026-09-20T17:00:00Z,Bovada,2026-09-14T23:08:13Z,Pittsburgh Steelers,New England Patriots,h2h,New England Patriots,,-240,0.70588235,bovada|9d14f87600f6edc74dbcb5c74edf6246|h2h|event,0.67924528,https://api.the-odds-api.com/v4/sports/americanfootball_nfl
2026,1,9d14f87600f6edc74dbcb5c74edf6246,2026-09-20T17:00:00Z,Bovada,2026-09-14T23:08:13Z,Pittsburgh Steelers,New England Patriots,h2h,Pittsburgh Steelers,,200,0.33333333,bovada|9d14f87600f6edc74dbcb5c74edf6246|h2h|event,0.32075472,https://api.the-odds-api.com/v4/sports/americanfootball_nfl
2026,1,9d14f87600f6edc74dbcb5c74edf6246,2026-09-20T17:00:00Z,Bovada,2026-09-14T23:08:13Z,Pittsburgh Steelers,New England Patriots,spreads,New England Patriots,-5.0,-110,0.52380952,bovada|9d14f87600f6edc74dbcb5c74edf6246|spreads|event,0.5,https://api.the-odds-api.com/v4/sports/americanfootball_nfl
2026,1,9d14f87600f6edc74dbcb5c74edf6246,2026-09-20T17:00:00Z,Bovada,2026-09-14T23:08:13Z,Pittsburgh Steelers,New England Patriots,spreads,Pittsburgh Steelers,5.0,-110,0.52380952,bovada|9d14f87600f6edc74dbcb5c74edf6246|spreads|event,0.5,https://api.the-odds-api.com/v4/sports/americanfootball_nfl
2026,1,9d14f87600f6edc74dbcb5c74edf6246,2026-09-20T17:00:00Z,Bovada,2026-09-14T23:08:13Z,Pittsburgh Steelers,New England Patriots,totals,Over,42.0,-110,0.52380952,bovada|9d14f87600f6edc74dbcb5c74edf6246|totals|42.0,0.5,https://api.the-odds-api.com/v4/sports/americanfootball_nfl
2026,1,9d14f87600f6edc74dbcb5c74edf6246,2026-09-20T17:00:00Z,Bovada,2026-09-14T23:08:13Z,Pittsburgh Steelers,New England Patriots,totals,Under,42.0,-110,0.52380952,bovada|9d14f87600f6edc74dbcb5c74edf6246|totals|42.0,0.5,https://api.the-odds-api.com/v4/sports/americanfootball_nfl
2026,1,fafc649c455e32a0f2ba1bd06e2039bc,2026-09-20T17:00:00Z,DraftKings,2026-09-14T23:09:31Z,Philadelphia Eagles,Tennessee Titans,h2h,Philadelphia Eagles,,-310,0.75609756,draftkings|fafc649c455e32a0f2ba1bd06e2039bc|h2h|event,0.72575251,https://api.the-odds-api.com/v4/sports/americanfootball_nfl
2026,1,fafc649c455e32a0f2ba1bd06e2039bc,2026-09-20T17:00:00Z,DraftKings,2026-09-14T23:09:31Z,Philadelphia Eagles,Tennessee Titans,h2h,Tennessee Titans,,250,0.28571429,draftkings|fafc649c455e32a0f2ba1bd06e2039bc|h2h|event,0.27424749,https://api.the-odds-api.com/v4/sports/americanfootball_nfl
2026,1,fafc649c455e32a0f2ba1bd06e2039bc,2026-09-20T17:00:00Z,DraftKings,2026-09-14T23:09:31Z,Philadelphia Eagles,Tennessee Titans,spreads,Philadelphia Eagles,-7.0,-110,0.52380952,draftkings|fafc649c455e32a0f2ba1bd06e2039bc|spreads|event,0.5,https://api.the-odds-api.com/v4/sports/americanfootball_nfl
2026,1,fafc649c455e32a0f2ba1bd06e2039bc,2026-09-20T17:00:00Z,DraftKings,2026-09-14T23:09:31Z,Philadelphia Eagles,Tennessee Titans,spreads,Tennessee Titans,7.0,-110,0.52380952,draftkings|fafc649c455e32a0f2ba1bd06e2039bc|spreads|event,0.5,https://api.the-odds-api.com/v4/sports/americanfootball_nfl
2026,1,fafc649c455e32a0f2ba1bd06e2039bc,2026-09-20T17:00:00Z,DraftKings,2026-09-14T23:09:31Z,Philadelphia Eagles,Tennessee Titans,totals,Over,39.5,-110,0.52380952,draftkings|fafc649c455e32a0f2ba1bd06e2039bc|totals|39.5,0.5,https://api.the-odds-api.com/v4/sports/americanfootball_nfl
2026,1,fafc649c455e32a0f2ba1bd06e2039bc,2026-09-20T17:00:00Z,DraftKings,2026-09-14T23:09:31Z,Philadelphia Eagles,Tennessee Titans,totals,Under,39.5,-110,0.52380952,draftkings|fafc649c455e32a0f2ba1bd06e2039bc|totals|39.5,0.5,https://api.the-odds-api.com/v4/sports/americanfootball_nfl
2026,1,fafc649c455e32a0f2ba1bd06e2039bc,2026-09-20T17:00:00Z,BetUS,2026-09-14T23:09:33Z,Philadelphia Eagles,Tennessee Titans,h2h,Philadelphia Eagles,,-340,0.77272727,betus|fafc649c455e32a0f2ba1bd06e2039bc|h2h|event,0.74344023,https://api.the-odds-api.com/v4/sports/americanfootball_nfl
2026,1,fafc649c455e32a0f2ba1bd06e2039bc,2026-09-20T17:00:00Z,BetUS,2026-09-14T23:09:33Z,Philadelphia Eagles,Tennessee Titans,h2h,Tennessee Titans,,275,0.26666667,betus|fafc649c455e32a0f2ba1bd06e2039bc|h2h|event,0.25655977,https://api.the-odds-api.com/v4/sports/americanfootball_nfl
2026,1,fafc649c455e32a0f2ba1bd06e2039bc,2026-09-20T17:00:00Z,BetUS,2026-09-14T23:09:33Z,Philadelphia Eagles,Tennessee Titans,spreads,Philadelphia Eagles,-7.0,-110,0.52380952,betus|fafc649c455e32a0f2ba1bd06e2039bc|spreads|event,0.5,https://api.the-odds-api.com/v4/sports/americanfootball_nfl
2026,1,fafc649c455e32a0f2ba1bd06e2039bc,2026-09-20T17:00:00Z,BetUS,2026-09-14T23:09:33Z,Philadelphia Eagles,Tennessee Titans,spreads,Tennessee Titans,7.0,-110,0.52380952,betus|fafc649c455e32a0f2ba1bd06e2039bc|spreads|event,0.5,https://api.the-odds-api.com/v4/sports/americanfootball_nfl
2026,1,fafc649c455e32a0f2ba1bd06e2039bc,2026-09-20T17:00:00Z,BetUS,2026-09-14T23:09:33Z,Philadelphia Eagles,Tennessee Titans,totals,Over,39.0,-110,0.52380952,betus|fafc649c455e32a0f2ba1bd06e2039bc|totals|39.0,0.5,https://api.the-odds-api.com/v4/sports/americanfootball_nfl
2026,1,fafc649c455e32a0f2ba1bd06e2039bc,2026-09-20T17:00:00Z,BetUS,2026-09-14T23:09:33Z,Philadelphia Eagles,Tennessee Titans,totals,Under,39.0,-110,0.52380952,betus|fafc649c455e32a0f2ba1bd06e2039bc|totals|39.0,0.5,https://api.the-odds-api.com/v4/sports/americanfootball_nfl
2026,1,fafc649c455e32a0f2ba1bd06e2039bc,2026-09-20T17:00:00Z,MyBookie.ag,2026-09-14T23:08:34Z,Philadelphia Eagles,Tennessee Titans,h2h,Philadelphia Eagles,,-370,0.78723404,mybookieag|fafc649c455e32a0f2ba1bd06e2039bc|h2h|event,0.74442632,https://api.the-odds-api.com/v4/sports/americanfootball_nfl
2026,1,fafc649c455e32a0f2ba1bd06e2039bc,2026-09-20T17:00:00Z,MyBookie.ag,2026-09-14T23:08:34Z,Philadelphia Eagles,Tennessee Titans,h2h,Tennessee Titans,,270,0.27027027,mybookieag|fafc649c455e32a0f2ba1bd06e2039bc|h2h|event,0.25557368,https://api.the-odds-api.com/v4/sports/americanfootball_nfl
2026,1,fafc649c455e32a0f2ba1bd06e2039bc,2026-09-20T17:00:00Z,MyBookie.ag,2026-09-14T23:08:34Z,Philadelphia Eagles,Tennessee Titans,spreads,Philadelphia Eagles,-7.0,-110,0.52380952,mybookieag|fafc649c455e32a0f2ba1bd06e2039bc|spreads|event,0.5,https://api.the-odds-api.com/v4/sports/americanfootball_nfl
2026,1,fafc649c455e32a0f2ba1bd06e2039bc,2026-09-20T17:00:00Z,MyBookie.ag,2026-09-14T23:08:34Z,Philadelphia Eagles,Tennessee Titans,spreads,Tennessee Titans,7.0,-110,0.52380952,mybookieag|fafc649c455e32a0f2ba1bd06e2039bc|spreads|event,0.5,https://api.the-odds-api.com/v4/sports/americanfootball_nfl
2026,1,fafc649c455e32a0f2ba1bd06e2039bc,2026-09-20T17:00:00Z,MyBookie.ag,2026-09-14T23:08:34Z,Philadelphia Eagles,Tennessee Titans,totals,Over,39.5,-110,0.52380952,mybookieag|fafc649c455e32a0f2ba1bd06e2039bc|totals|39.5,0.5,https://api.the-odds-api.com/v4/sports/americanfootball_nfl
2026,1,fafc649c455e32a0f2ba1bd06e2039bc,2026-09-20T17:00:00Z,MyBookie.ag,2026-09-14T23:08:34Z,Philadelphia Eagles,Tennessee Titans,totals,Under,39.5,-110,0.52380952,mybookieag|fafc649c455e32a0f2ba1bd06e2039bc|totals|39.5,0.5,https://api.the-odds-api.com/v4/sports/americanfootball_nfl
2026,1,fafc649c455e32a0f2ba1bd06e2039bc,2026-09-20T17:00:00Z,LowVig.ag,2026-09-14T23:10:00Z,Philadelphia Eagles,Tennessee Titans,h2h,Philadelphia Eagles,,-340,0.77272727,lowvig|fafc649c455e32a0f2ba1bd06e2039bc|h2h|event,0.74293059,https://api.the-odds-api.com/v4/sports/americanfootball_nfl
2026,1,fafc649c455e32a0f2ba1bd06e2039bc,2026-09-20T17:00:00Z,LowVig.ag,2026-09-14T23:10:00Z,Philadelphia Eagles,Tennessee Titans,h2h,Tennessee Titans,,274,0.26737968,lowvig|fafc649c455e32a0f2ba1bd06e2039bc|h2h|event,0.25706941,https://api.the-odds-api.com/v4/sports/americanfootball_nfl
2026,1,fafc649c455e32a0f2ba1bd06e2039bc,2026-09-20T17:00:00Z,LowVig.ag,2026-09-14T23:10:00Z,Philadelphia Eagles,Tennessee Titans,spreads,Philadelphia Eagles,-7.0,-107,0.51690821,lowvig|fafc649c455e32a0f2ba1bd06e2039bc|spreads|event,0.50464662,https://api.the-odds-api.com/v4/sports/americanfootball_nfl
2026,1,fafc649c455e32a0f2ba1bd06e2039bc,2026-09-20T17:00:00Z,LowVig.ag,2026-09-14T23:10:00Z,Philadelphia Eagles,Tennessee Titans,spreads,Tennessee Titans,7.0,-103,0.50738916,lowvig|fafc649c455e32a0f2ba1bd06e2039bc|spreads|event,0.49535338,https://api.the-odds-api.com/v4/sports/americanfootball_nfl
2026,1,fafc649c455e32a0f2ba1bd06e2039bc,2026-09-20T17:00:00Z,LowVig.ag,2026-09-14T23:10:00Z,Philadelphia Eagles,Tennessee Titans,totals,Over,39.0,-110,0.52380952,lowvig|fafc649c455e32a0f2ba1bd06e2039bc|totals|39.0,0.50677507,https://api.the-odds-api.com/v4/sports/americanfootball_nfl
2026,1,fafc649c455e32a0f2ba1bd06e2039bc,2026-09-20T17:00:00Z,LowVig.ag,2026-09-14T23:10:00Z,Philadelphia Eagles,Tennessee Titans,totals,Under,39.0,-104,0.50980392,lowvig|fafc649c455e32a0f2ba1bd06e2039bc|totals|39.0,0.49322493,https://api.the-odds-api.com/v4/sports/americanfootball_nfl
2026,1,fafc649c455e32a0f2ba1bd06e2039bc,2026-09-20T17:00:00Z,BetOnline.ag,2026-09-14T23:09:59Z,Philadelphia Eagles,Tennessee Titans,h2h,Philadelphia Eagles,,-340,0.77272727,betonlineag|fafc649c455e32a0f2ba1bd06e2039bc|h2h|event,0.74293059,https://api.the-odds-api.com/v4/sports/americanfootball_nfl
2026,1,fafc649c455e32a0f2ba1bd06e2039bc,2026-09-20T17:00:00Z,BetOnline.ag,2026-09-14T23:09:59Z,Philadelphia Eagles,Tennessee Titans,h2h,Tennessee Titans,,274,0.26737968,betonlineag|fafc649c455e32a0f2ba1bd06e2039bc|h2h|event,0.25706941,https://api.the-odds-api.com/v4/sports/americanfootball_nfl
2026,1,fafc649c455e32a0f2ba1bd06e2039bc,2026-09-20T17:00:00Z,BetOnline.ag,2026-09-14T23:09:59Z,Philadelphia Eagles,Tennessee Titans,spreads,Philadelphia Eagles,-7.0,-112,0.52830189,betonlineag|fafc649c455e32a0f2ba1bd06e2039bc|spreads|event,0.50432976,https://api.the-odds-api.com/v4/sports/americanfootball_nfl
2026,1,fafc649c455e32a0f2ba1bd06e2039bc,2026-09-20T17:00:00Z,BetOnline.ag,2026-09-14T23:09:59Z,Philadelphia Eagles,Tennessee Titans,spreads,Tennessee Titans,7.0,-108,0.51923077,betonlineag|fafc649c455e32a0f2ba1bd06e2039bc|spreads|event,0.49567024,https://api.the-odds-api.com/v4/sports/americanfootball_nfl
2026,1,fafc649c455e32a0f2ba1bd06e2039bc,2026-09-20T17:00:00Z,BetOnline.ag,2026-09-14T23:09:59Z,Philadelphia Eagles,Tennessee Titans,totals,Over,39.0,-113,0.53051643,betonlineag|fafc649c455e32a0f2ba1bd06e2039bc|totals|39.0,0.50649604,https://api.the-odds-api.com/v4/sports/americanfootball_nfl
2026,1,fafc649c455e32a0f2ba1bd06e2039bc,2026-09-20T17:00:00Z,BetOnline.ag,2026-09-14T23:09:59Z,Philadelphia Eagles,Tennessee Titans,totals,Under,39.0,-107,0.51690821,betonlineag|fafc649c455e32a0f2ba1bd06e2039bc|totals|39.0,0.49350396,https://api.the-odds-api.com/v4/sports/americanfootball_nfl
2026,1,fafc649c455e32a0f2ba1bd06e2039bc,2026-09-20T17:00:00Z,FanDuel,2026-09-14T23:09:33Z,Philadelphia Eagles,Tennessee Titans,h2h,Philadelphia Eagles,,-350,0.77777778,fanduel|fafc649c455e32a0f2ba1bd06e2039bc|h2h|event,0.74719102,https://api.the-odds-api.com/v4/sports/americanfootball_nfl
2026,1,fafc649c455e32a0f2ba1bd06e2039bc,2026-09-20T17:00:00Z,FanDuel,2026-09-14T23:09:33Z,Philadelphia Eagles,Tennessee Titans,h2h,Tennessee Titans,,280,0.26315789,fanduel|fafc649c455e32a0f2ba1bd06e2039bc|h2h|event,0.25280898,https://api.the-odds-api.com/v4/sports/americanfootball_nfl
2026,1,fafc649c455e32a0f2ba1bd06e2039bc,2026-09-20T17:00:00Z,FanDuel,2026-09-14T23:09:33Z,Philadelphia Eagles,Tennessee Titans,spreads,Philadelphia Eagles,-7.0,-110,0.52380952,fanduel|fafc649c455e32a0f2ba1bd06e2039bc|spreads|event,0.5,https://api.the-odds-api.com/v4/sports/americanfootball_nfl
2026,1,fafc649c455e32a0f2ba1bd06e2039bc,2026-09-20T17:00:00Z,FanDuel,2026-09-14T23:09:33Z,Philadelphia Eagles,Tennessee Titans,spreads,Tennessee Titans,7.0,-110,0.52380952,fanduel|fafc649c455e32a0f2ba1bd06e2039bc|spreads|event,0.5,https://api.the-odds-api.com/v4/sports/americanfootball_nfl
2026,1,fafc649c455e32a0f2ba1bd06e2039bc,2026-09-20T17:00:00Z,FanDuel,2026-09-14T23:09:33Z,Philadelphia Eagles,Tennessee Titans,totals,Over,39.5,-112,0.52830189,fanduel|fafc649c455e32a0f2ba1bd06e2039bc|totals|39.5,0.50432976,https://api.the-odds-api.com/v4/sports/americanfootball_nfl
2026,1,fafc649c455e32a0f2ba1bd06e2039bc,2026-09-20T17:00:00Z,FanDuel,2026-09-14T23:09:33Z,Philadelphia Eagles,Tennessee Titans,totals,Under,39.5,-108,0.51923077,fanduel|fafc649c455e32a0f2ba1bd06e2039bc|totals|39.5,0.49567024,https://api.the-odds-api.com/v4/sports/americanfootball_nfl
2026,1,fafc649c455e32a0f2ba1bd06e2039bc,2026-09-20T17:00:00Z,BetRivers,2026-09-14T23:10:00Z,Philadelphia Eagles,Tennessee Titans,h2h,Philadelphia Eagles,,-375,0.78947368,betrivers|fafc649c455e32a0f2ba1bd06e2039bc|h2h|event,0.75,https://api.the-odds-api.com/v4/sports/americanfootball_nfl
2026,1,fafc649c455e32a0f2ba1bd06e2039bc,2026-09-20T17:00:00Z,BetRivers,2026-09-14T23:10:00Z,Philadelphia Eagles,Tennessee Titans,h2h,Tennessee Titans,,280,0.26315789,betrivers|fafc649c455e32a0f2ba1bd06e2039bc|h2h|event,0.25,https://api.the-odds-api.com/v4/sports/americanfootball_nfl
2026,1,fafc649c455e32a0f2ba1bd06e2039bc,2026-09-20T17:00:00Z,BetRivers,2026-09-14T23:10:00Z,Philadelphia Eagles,Tennessee Titans,spreads,Philadelphia Eagles,-7.0,-115,0.53488372,betrivers|fafc649c455e32a0f2ba1bd06e2039bc|spreads|event,0.50968158,https://api.the-odds-api.com/v4/sports/americanfootball_nfl
2026,1,fafc649c455e32a0f2ba1bd06e2039bc,2026-09-20T17:00:00Z,BetRivers,2026-09-14T23:10:00Z,Philadelphia Eagles,Tennessee Titans,spreads,Tennessee Titans,7.0,-106,0.51456311,betrivers|fafc649c455e32a0f2ba1bd06e2039bc|spreads|event,0.49031842,https://api.the-odds-api.com/v4/sports/americanfootball_nfl
2026,1,fafc649c455e32a0f2ba1bd06e2039bc,2026-09-20T17:00:00Z,BetRivers,2026-09-14T23:10:00Z,Philadelphia Eagles,Tennessee Titans,totals,Over,39.5,-110,0.52380952,betrivers|fafc649c455e32a0f2ba1bd06e2039bc|totals|39.5,0.5,https://api.the-odds-api.com/v4/sports/americanfootball_nfl
2026,1,fafc649c455e32a0f2ba1bd06e2039bc,2026-09-20T17:00:00Z,BetRivers,2026-09-14T23:10:00Z,Philadelphia Eagles,Tennessee Titans,totals,Under,39.5,-110,0.52380952,betrivers|fafc649c455e32a0f2ba1bd06e2039bc|totals|39.5,0.5,https://api.the-odds-api.com/v4/sports/americanfootball_nfl
2026,1,fafc649c455e32a0f2ba1bd06e2039bc,2026-09-20T17:00:00Z,BetMGM,2026-09-14T23:09:58Z,Philadelphia Eagles,Tennessee Titans,h2h,Philadelphia Eagles,,-325,0.76470588,betmgm|fafc649c455e32a0f2ba1bd06e2039bc|h2h|event,0.73886329,https://api.the-odds-api.com/v4/sports/americanfootball_nfl
2026,1,fafc649c455e32a0f2ba1bd06e2039bc,2026-09-20T17:00:00Z,BetMGM,2026-09-14T23:09:58Z,Philadelphia Eagles,Tennessee Titans,h2h,Tennessee Titans,,270,0.27027027,betmgm|fafc649c455e32a0f2ba1bd06e2039bc|h2h|event,0.26113671,https://api.the-odds-api.com/v4/sports/americanfootball_nfl
2026,1,fafc649c455e32a0f2ba1bd06e2039bc,2026-09-20T17:00:00Z,BetMGM,2026-09-14T23:09:58Z,Philadelphia Eagles,Tennessee Titans,spreads,Philadelphia Eagles,-7.0,-110,0.52380952,betmgm|fafc649c455e32a0f2ba1bd06e2039bc|spreads|event,0.50219491,https://api.the-odds-api.com/v4/sports/americanfootball_nfl
2026,1,fafc649c455e32a0f2ba1bd06e2039bc,2026-09-20T17:00:00Z,BetMGM,2026-09-14T23:09:58Z,Philadelphia Eagles,Tennessee Titans,spreads,Tennessee Titans,7.0,-108,0.51923077,betmgm|fafc649c455e32a0f2ba1bd06e2039bc|spreads|event,0.49780509,https://api.the-odds-api.com/v4/sports/americanfootball_nfl
2026,1,fafc649c455e32a0f2ba1bd06e2039bc,2026-09-20T17:00:00Z,BetMGM,2026-09-14T23:09:58Z,Philadelphia Eagles,Tennessee Titans,totals,Over,39.5,-110,0.52380952,betmgm|fafc649c455e32a0f2ba1bd06e2039bc|totals|39.5,0.5,https://api.the-odds-api.com/v4/sports/americanfootball_nfl
2026,1,fafc649c455e32a0f2ba1bd06e2039bc,2026-09-20T17:00:00Z,BetMGM,2026-09-14T23:09:58Z,Philadelphia Eagles,Tennessee Titans,totals,Under,39.5,-110,0.52380952,betmgm|fafc649c455e32a0f2ba1bd06e2039bc|totals|39.5,0.5,https://api.the-odds-api.com/v4/sports/americanfootball_nfl
2026,1,fafc649c455e32a0f2ba1bd06e2039bc,2026-09-20T17:00:00Z,Bovada,2026-09-14T23:08:13Z,Philadelphia Eagles,Tennessee Titans,h2h,Philadelphia Eagles,,-340,0.77272727,bovada|fafc649c455e32a0f2ba1bd06e2039bc|h2h|event,0.74087161,https://api.the-odds-api.com/v4/sports/americanfootball_nfl
2026,1,fafc649c455e32a0f2ba1bd06e2039bc,2026-09-20T17:00:00Z,Bovada,2026-09-14T23:08:13Z,Philadelphia Eagles,Tennessee Titans,h2h,Tennessee Titans,,270,0.27027027,bovada|fafc649c455e32a0f2ba1bd06e2039bc|h2h|event,0.25912839,https://api.the-odds-api.com/v4/sports/americanfootball_nfl
2026,1,fafc649c455e32a0f2ba1bd06e2039bc,2026-09-20T17:00:00Z,Bovada,2026-09-14T23:08:13Z,Philadelphia Eagles,Tennessee Titans,spreads,Philadelphia Eagles,-7.0,-115,0.53488372,bovada|fafc649c455e32a0f2ba1bd06e2039bc|spreads|event,0.51083424,https://api.the-odds-api.com/v4/sports/americanfootball_nfl
2026,1,fafc649c455e32a0f2ba1bd06e2039bc,2026-09-20T17:00:00Z,Bovada,2026-09-14T23:08:13Z,Philadelphia Eagles,Tennessee Titans,spreads,Tennessee Titans,7.0,-105,0.51219512,bovada|fafc649c455e32a0f2ba1bd06e2039bc|spreads|event,0.48916576,https://api.the-odds-api.com/v4/sports/americanfootball_nfl
2026,1,fafc649c455e32a0f2ba1bd06e2039bc,2026-09-20T17:00:00Z,Bovada,2026-09-14T23:08:13Z,Philadelphia Eagles,Tennessee Titans,totals,Over,39.5,-115,0.53488372,bovada|fafc649c455e32a0f2ba1bd06e2039bc|totals|39.5,0.51083424,https://api.the-odds-api.com/v4/sports/americanfootball_nfl
2026,1,fafc649c455e32a0f2ba1bd06e2039bc,2026-09-20T17:00:00Z,Bovada,2026-09-14T23:08:13Z,Philadelphia Eagles,Tennessee Titans,totals,Under,39.5,-105,0.51219512,bovada|fafc649c455e32a0f2ba1bd06e2039bc|totals|39.5,0.48916576,https://api.the-odds-api.com/v4/sports/americanfootball_nfl
2026,1,1fd6628c781f556a7a19638e97d7107f,2026-09-20T20:05:00Z,DraftKings,2026-09-14T23:09:31Z,Jacksonville Jaguars,Denver Broncos,h2h,Denver Broncos,,-148,0.59677419,draftkings|1fd6628c781f556a7a19638e97d7107f|h2h|event,0.57205963,https://api.the-odds-api.com/v4/sports/americanfootball_nfl
2026,1,1fd6628c781f556a7a19638e97d7107f,2026-09-20T20:05:00Z,DraftKings,2026-09-14T23:09:31Z,Jacksonville Jaguars,Denver Broncos,h2h,Jacksonville Jaguars,,124,0.44642857,draftkings|1fd6628c781f556a7a19638e97d7107f|h2h|event,0.42794037,https://api.the-odds-api.com/v4/sports/americanfootball_nfl
2026,1,1fd6628c781f556a7a19638e97d7107f,2026-09-20T20:05:00Z,DraftKings,2026-09-14T23:09:31Z,Jacksonville Jaguars,Denver Broncos,spreads,Denver Broncos,-2.5,-118,0.5412844,draftkings|1fd6628c781f556a7a19638e97d7107f|spreads|event,0.51736412,https://api.the-odds-api.com/v4/sports/americanfootball_nfl
2026,1,1fd6628c781f556a7a19638e97d7107f,2026-09-20T20:05:00Z,DraftKings,2026-09-14T23:09:31Z,Jacksonville Jaguars,Denver Broncos,spreads,Jacksonville Jaguars,2.5,-102,0.5049505,draftkings|1fd6628c781f556a7a19638e97d7107f|spreads|event,0.48263588,https://api.the-odds-api.com/v4/sports/americanfootball_nfl
2026,1,1fd6628c781f556a7a19638e97d7107f,2026-09-20T20:05:00Z,DraftKings,2026-09-14T23:09:31Z,Jacksonville Jaguars,Denver Broncos,totals,Over,44.5,-115,0.53488372,draftkings|1fd6628c781f556a7a19638e97d7107f|totals|44.5,0.51083424,https://api.the-odds-api.com/v4/sports/americanfootball_nfl
2026,1,1fd6628c781f556a7a19638e97d7107f,2026-09-20T20:05:00Z,DraftKings,2026-09-14T23:09:31Z,Jacksonville Jaguars,Denver Broncos,totals,Under,44.5,-105,0.51219512,draftkings|1fd6628c781f556a7a19638e97d7107f|totals|44.5,0.48916576,https://api.the-odds-api.com/v4/sports/americanfootball_nfl
2026,1,1fd6628c781f556a7a19638e97d7107f,2026-09-20T20:05:00Z,BetUS,2026-09-14T23:09:33Z,Jacksonville Jaguars,Denver Broncos,h2h,Denver Broncos,,-140,0.58333333,betus|1fd6628c781f556a7a19638e97d7107f|h2h|event,0.5620438,https://api.the-odds-api.com/v4/sports/americanfootball_nfl
2026,1,1fd6628c781f556a7a19638e97d7107f,2026-09-20T20:05:00Z,BetUS,2026-09-14T23:09:33Z,Jacksonville Jaguars,Denver Broncos,h2h,Jacksonville Jaguars,,120,0.45454545,betus|1fd6628c781f556a7a19638e97d7107f|h2h|event,0.4379562,https://api.the-odds-api.com/v4/sports/americanfootball_nfl
2026,1,1fd6628c781f556a7a19638e97d7107f,2026-09-20T20:05:00Z,BetUS,2026-09-14T23:09:33Z,Jacksonville Jaguars,Denver Broncos,spreads,Denver Broncos,-3.0,-110,0.52380952,betus|1fd6628c781f556a7a19638e97d7107f|spreads|event,0.5,https://api.the-odds-api.com/v4/sports/americanfootball_nfl
2026,1,1fd6628c781f556a7a19638e97d7107f,2026-09-20T20:05:00Z,BetUS,2026-09-14T23:09:33Z,Jacksonville Jaguars,Denver Broncos,spreads,Jacksonville Jaguars,3.0,-110,0.52380952,betus|1fd6628c781f556a7a19638e97d7107f|spreads|event,0.5,https://api.the-odds-api.com/v4/sports/americanfootball_nfl
2026,1,1fd6628c781f556a7a19638e97d7107f,2026-09-20T20:05:00Z,BetUS,2026-09-14T23:09:33Z,Jacksonville Jaguars,Denver Broncos,totals,Over,44.5,-110,0.52380952,betus|1fd6628c781f556a7a19638e97d7107f|totals|44.5,0.5,https://api.the-odds-api.com/v4/sports/americanfootball_nfl
2026,1,1fd6628c781f556a7a19638e97d7107f,2026-09-20T20:05:00Z,BetUS,2026-09-14T23:09:33Z,Jacksonville Jaguars,Denver Broncos,totals,Under,44.5,-110,0.52380952,betus|1fd6628c781f556a7a19638e97d7107f|totals|44.5,0.5,https://api.the-odds-api.com/v4/sports/americanfootball_nfl
2026,1,1fd6628c781f556a7a19638e97d7107f,2026-09-20T20:05:00Z,MyBookie.ag,2026-09-14T23:08:34Z,Jacksonville Jaguars,Denver Broncos,h2h,Denver Broncos,,-152,0.6031746,mybookieag|1fd6628c781f556a7a19638e97d7107f|h2h|event,0.56914239,https://api.the-odds-api.com/v4/sports/americanfootball_nfl
2026,1,1fd6628c781f556a7a19638e97d7107f,2026-09-20T20:05:00Z,MyBookie.ag,2026-09-14T23:08:34Z,Jacksonville Jaguars,Denver Broncos,h2h,Jacksonville Jaguars,,119,0.456621,mybookieag|1fd6628c781f556a7a19638e97d7107f|h2h|event,0.43085761,https://api.the-odds-api.com/v4/sports/americanfootball_nfl
2026,1,1fd6628c781f556a7a19638e97d7107f,2026-09-20T20:05:00Z,MyBookie.ag,2026-09-14T23:08:34Z,Jacksonville Jaguars,Denver Broncos,spreads,Denver Broncos,-3.0,-110,0.52380952,mybookieag|1fd6628c781f556a7a19638e97d7107f|spreads|event,0.5,https://api.the-odds-api.com/v4/sports/americanfootball_nfl
2026,1,1fd6628c781f556a7a19638e97d7107f,2026-09-20T20:05:00Z,MyBookie.ag,2026-09-14T23:08:34Z,Jacksonville Jaguars,Denver Broncos,spreads,Jacksonville Jaguars,3.0,-110,0.52380952,mybookieag|1fd6628c781f556a7a19638e97d7107f|spreads|event,0.5,https://api.the-odds-api.com/v4/sports/americanfootball_nfl
2026,1,1fd6628c781f556a7a19638e97d7107f,2026-09-20T20:05:00Z,MyBookie.ag,2026-09-14T23:08:34Z,Jacksonville Jaguars,Denver Broncos,totals,Over,44.5,-110,0.52380952,mybookieag|1fd6628c781f556a7a19638e97d7107f|totals|44.5,0.5,https://api.the-odds-api.com/v4/sports/americanfootball_nfl
2026,1,1fd6628c781f556a7a19638e97d7107f,2026-09-20T20:05:00Z,MyBookie.ag,2026-09-14T23:08:34Z,Jacksonville Jaguars,Denver Broncos,totals,Under,44.5,-110,0.52380952,mybookieag|1fd6628c781f556a7a19638e97d7107f|totals|44.5,0.5,https://api.the-odds-api.com/v4/sports/americanfootball_nfl
2026,1,1fd6628c781f556a7a19638e97d7107f,2026-09-20T20:05:00Z,LowVig.ag,2026-09-14T23:10:00Z,Jacksonville Jaguars,Denver Broncos,h2h,Denver Broncos,,-140,0.58333333,lowvig|1fd6628c781f556a7a19638e97d7107f|h2h|event,0.5620438,https://api.the-odds-api.com/v4/sports/americanfootball_nfl
2026,1,1fd6628c781f556a7a19638e97d7107f,2026-09-20T20:05:00Z,LowVig.ag,2026-09-14T23:10:00Z,Jacksonville Jaguars,Denver Broncos,h2h,Jacksonville Jaguars,,120,0.45454545,lowvig|1fd6628c781f556a7a19638e97d7107f|h2h|event,0.4379562,https://api.the-odds-api.com/v4/sports/americanfootball_nfl
2026,1,1fd6628c781f556a7a19638e97d7107f,2026-09-20T20:05:00Z,LowVig.ag,2026-09-14T23:10:00Z,Jacksonville Jaguars,Denver Broncos,spreads,Denver Broncos,-3.0,102,0.4950495,lowvig|1fd6628c781f556a7a19638e97d7107f|spreads|event,0.48270861,https://api.the-odds-api.com/v4/sports/americanfootball_nfl
2026,1,1fd6628c781f556a7a19638e97d7107f,2026-09-20T20:05:00Z,LowVig.ag,2026-09-14T23:10:00Z,Jacksonville Jaguars,Denver Broncos,spreads,Jacksonville Jaguars,3.0,-113,0.53051643,lowvig|1fd6628c781f556a7a19638e97d7107f|spreads|event,0.51729139,https://api.the-odds-api.com/v4/sports/americanfootball_nfl
2026,1,1fd6628c781f556a7a19638e97d7107f,2026-09-20T20:05:00Z,LowVig.ag,2026-09-14T23:10:00Z,Jacksonville Jaguars,Denver Broncos,totals,Over,44.5,-110,0.52380952,lowvig|1fd6628c781f556a7a19638e97d7107f|totals|44.5,0.50677507,https://api.the-odds-api.com/v4/sports/americanfootball_nfl
2026,1,1fd6628c781f556a7a19638e97d7107f,2026-09-20T20:05:00Z,LowVig.ag,2026-09-14T23:10:00Z,Jacksonville Jaguars,Denver Broncos,totals,Under,44.5,-104,0.50980392,lowvig|1fd6628c781f556a7a19638e97d7107f|totals|44.5,0.49322493,https://api.the-odds-api.com/v4/sports/americanfootball_nfl
2026,1,1fd6628c781f556a7a19638e97d7107f,2026-09-20T20:05:00Z,BetOnline.ag,2026-09-14T23:09:59Z,Jacksonville Jaguars,Denver Broncos,h2h,Denver Broncos,,-140,0.58333333,betonlineag|1fd6628c781f556a7a19638e97d7107f|h2h|event,0.5620438,https://api.the-odds-api.com/v4/sports/americanfootball_nfl
2026,1,1fd6628c781f556a7a19638e97d7107f,2026-09-20T20:05:00Z,BetOnline.ag,2026-09-14T23:09:59Z,Jacksonville Jaguars,Denver Broncos,h2h,Jacksonville Jaguars,,120,0.45454545,betonlineag|1fd6628c781f556a7a19638e97d7107f|h2h|event,0.4379562,https://api.the-odds-api.com/v4/sports/americanfootball_nfl
2026,1,1fd6628c781f556a7a19638e97d7107f,2026-09-20T20:05:00Z,BetOnline.ag,2026-09-14T23:09:59Z,Jacksonville Jaguars,Denver Broncos,spreads,Denver Broncos,-3.0,-103,0.50738916,betonlineag|1fd6628c781f556a7a19638e97d7107f|spreads|event,0.48481627,https://api.the-odds-api.com/v4/sports/americanfootball_nfl
2026,1,1fd6628c781f556a7a19638e97d7107f,2026-09-20T20:05:00Z,BetOnline.ag,2026-09-14T23:09:59Z,Jacksonville Jaguars,Denver Broncos,spreads,Jacksonville Jaguars,3.0,-117,0.53917051,betonlineag|1fd6628c781f556a7a19638e97d7107f|spreads|event,0.51518373,https://api.the-odds-api.com/v4/sports/americanfootball_nfl
2026,1,1fd6628c781f556a7a19638e97d7107f,2026-09-20T20:05:00Z,BetOnline.ag,2026-09-14T23:09:59Z,Jacksonville Jaguars,Denver Broncos,totals,Over,44.5,-113,0.53051643,betonlineag|1fd6628c781f556a7a19638e97d7107f|totals|44.5,0.50649604,https://api.the-odds-api.com/v4/sports/americanfootball_nfl
2026,1,1fd6628c781f556a7a19638e97d7107f,2026-09-20T20:05:00Z,BetOnline.ag,2026-09-14T23:09:59Z,Jacksonville Jaguars,Denver Broncos,totals,Under,44.5,-107,0.51690821,betonlineag|1fd6628c781f556a7a19638e97d7107f|totals|44.5,0.49350396,https://api.the-odds-api.com/v4/sports/americanfootball_nfl
2026,1,1fd6628c781f556a7a19638e97d7107f,2026-09-20T20:05:00Z,FanDuel,2026-09-14T23:09:33Z,Jacksonville Jaguars,Denver Broncos,h2h,Denver Broncos,,-144,0.59016393,fanduel|1fd6628c781f556a7a19638e97d7107f|h2h|event,0.56713029,https://api.the-odds-api.com/v4/sports/americanfootball_nfl
2026,1,1fd6628c781f556a7a19638e97d7107f,2026-09-20T20:05:00Z,FanDuel,2026-09-14T23:09:33Z,Jacksonville Jaguars,Denver Broncos,h2h,Jacksonville Jaguars,,122,0.45045045,fanduel|1fd6628c781f556a7a19638e97d7107f|h2h|event,0.43286971,https://api.the-odds-api.com/v4/sports/americanfootball_nfl
2026,1,1fd6628c781f556a7a19638e97d7107f,2026-09-20T20:05:00Z,FanDuel,2026-09-14T23:09:33Z,Jacksonville Jaguars,Denver Broncos,spreads,Denver Broncos,-2.5,-115,0.53488372,fanduel|1fd6628c781f556a7a19638e97d7107f|spreads|event,0.51083424,https://api.the-odds-api.com/v4/sports/americanfootball_nfl
2026,1,1fd6628c781f556a7a19638e97d7107f,2026-09-20T20:05:00Z,FanDuel,2026-09-14T23:09:33Z,Jacksonville Jaguars,Denver Broncos,spreads,Jacksonville Jaguars,2.5,-105,0.51219512,fanduel|1fd6628c781f556a7a19638e97d7107f|spreads|event,0.48916576,https://api.the-odds-api.com/v4/sports/americanfootball_nfl
2026,1,1fd6628c781f556a7a19638e97d7107f,2026-09-20T20:05:00Z,FanDuel,2026-09-14T23:09:33Z,Jacksonville Jaguars,Denver Broncos,totals,Over,44.5,-110,0.52380952,fanduel|1fd6628c781f556a7a19638e97d7107f|totals|44.5,0.5,https://api.the-odds-api.com/v4/sports/americanfootball_nfl
2026,1,1fd6628c781f556a7a19638e97d7107f,2026-09-20T20:05:00Z,FanDuel,2026-09-14T23:09:33Z,Jacksonville Jaguars,Denver Broncos,totals,Under,44.5,-110,0.52380952,fanduel|1fd6628c781f556a7a19638e97d7107f|totals|44.5,0.5,https://api.the-odds-api.com/v4/sports/americanfootball_nfl
2026,1,1fd6628c781f556a7a19638e97d7107f,2026-09-20T20:05:00Z,BetRivers,2026-09-14T23:10:00Z,Jacksonville Jaguars,Denver Broncos,h2h,Denver Broncos,,-148,0.59677419,betrivers|1fd6628c781f556a7a19638e97d7107f|h2h|event,0.57096395,https://api.the-odds-api.com/v4/sports/americanfootball_nfl
2026,1,1fd6628c781f556a7a19638e97d7107f,2026-09-20T20:05:00Z,BetRivers,2026-09-14T23:10:00Z,Jacksonville Jaguars,Denver Broncos,h2h,Jacksonville Jaguars,,123,0.44843049,betrivers|1fd6628c781f556a7a19638e97d7107f|h2h|event,0.42903605,https://api.the-odds-api.com/v4/sports/americanfootball_nfl
2026,1,1fd6628c781f556a7a19638e97d7107f,2026-09-20T20:05:00Z,BetRivers,2026-09-14T23:10:00Z,Jacksonville Jaguars,Denver Broncos,spreads,Denver Broncos,-2.5,-117,0.53917051,betrivers|1fd6628c781f556a7a19638e97d7107f|spreads|event,0.51282874,https://api.the-odds-api.com/v4/sports/americanfootball_nfl
2026,1,1fd6628c781f556a7a19638e97d7107f,2026-09-20T20:05:00Z,BetRivers,2026-09-14T23:10:00Z,Jacksonville Jaguars,Denver Broncos,spreads,Jacksonville Jaguars,2.5,-105,0.51219512,betrivers|1fd6628c781f556a7a19638e97d7107f|spreads|event,0.48717126,https://api.the-odds-api.com/v4/sports/americanfootball_nfl
2026,1,1fd6628c781f556a7a19638e97d7107f,2026-09-20T20:05:00Z,BetRivers,2026-09-14T23:10:00Z,Jacksonville Jaguars,Denver Broncos,totals,Over,44.5,-109,0.5215311,betrivers|1fd6628c781f556a7a19638e97d7107f|totals|44.5,0.4967753,https://api.the-odds-api.com/v4/sports/americanfootball_nfl
2026,1,1fd6628c781f556a7a19638e97d7107f,2026-09-20T20:05:00Z,BetRivers,2026-09-14T23:10:00Z,Jacksonville Jaguars,Denver Broncos,totals,Under,44.5,-112,0.52830189,betrivers|1fd6628c781f556a7a19638e97d7107f|totals|44.5,0.5032247,https://api.the-odds-api.com/v4/sports/americanfootball_nfl
2026,1,1fd6628c781f556a7a19638e97d7107f,2026-09-20T20:05:00Z,BetMGM,2026-09-14T23:09:59Z,Jacksonville Jaguars,Denver Broncos,h2h,Denver Broncos,,-145,0.59183673,betmgm|1fd6628c781f556a7a19638e97d7107f|h2h|event,0.56560284,https://api.the-odds-api.com/v4/sports/americanfootball_nfl
2026,1,1fd6628c781f556a7a19638e97d7107f,2026-09-20T20:05:00Z,BetMGM,2026-09-14T23:09:59Z,Jacksonville Jaguars,Denver Broncos,h2h,Jacksonville Jaguars,,120,0.45454545,betmgm|1fd6628c781f556a7a19638e97d7107f|h2h|event,0.43439716,https://api.the-odds-api.com/v4/sports/americanfootball_nfl
2026,1,1fd6628c781f556a7a19638e97d7107f,2026-09-20T20:05:00Z,BetMGM,2026-09-14T23:09:59Z,Jacksonville Jaguars,Denver Broncos,spreads,Denver Broncos,-2.5,-118,0.5412844,betmgm|1fd6628c781f556a7a19638e97d7107f|spreads|event,0.51736412,https://api.the-odds-api.com/v4/sports/americanfootball_nfl
2026,1,1fd6628c781f556a7a19638e97d7107f,2026-09-20T20:05:00Z,BetMGM,2026-09-14T23:09:59Z,Jacksonville Jaguars,Denver Broncos,spreads,Jacksonville Jaguars,2.5,-102,0.5049505,betmgm|1fd6628c781f556a7a19638e97d7107f|spreads|event,0.48263588,https://api.the-odds-api.com/v4/sports/americanfootball_nfl
2026,1,1fd6628c781f556a7a19638e97d7107f,2026-09-20T20:05:00Z,BetMGM,2026-09-14T23:09:59Z,Jacksonville Jaguars,Denver Broncos,totals,Over,44.5,-110,0.52380952,betmgm|1fd6628c781f556a7a19638e97d7107f|totals|44.5,0.50219491,https://api.the-odds-api.com/v4/sports/americanfootball_nfl
2026,1,1fd6628c781f556a7a19638e97d7107f,2026-09-20T20:05:00Z,BetMGM,2026-09-14T23:09:59Z,Jacksonville Jaguars,Denver Broncos,totals,Under,44.5,-108,0.51923077,betmgm|1fd6628c781f556a7a19638e97d7107f|totals|44.5,0.49780509,https://api.the-odds-api.com/v4/sports/americanfootball_nfl
2026,1,71b3b83747589efdc5baef2c5cf811bf,2026-09-20T20:05:00Z,DraftKings,2026-09-14T23:09:31Z,Las Vegas Raiders,Los Angeles Chargers,h2h,Las Vegas Raiders,,240,0.29411765,draftkings|71b3b83747589efdc5baef2c5cf811bf|h2h|event,0.28202948,https://api.the-odds-api.com/v4/sports/americanfootball_nfl
2026,1,71b3b83747589efdc5baef2c5cf811bf,2026-09-20T20:05:00Z,DraftKings,2026-09-14T23:09:31Z,Las Vegas Raiders,Los Angeles Chargers,h2h,Los Angeles Chargers,,-298,0.74874372,draftkings|71b3b83747589efdc5baef2c5cf811bf|h2h|event,0.71797052,https://api.the-odds-api.com/v4/sports/americanfootball_nfl
2026,1,71b3b83747589efdc5baef2c5cf811bf,2026-09-20T20:05:00Z,DraftKings,2026-09-14T23:09:31Z,Las Vegas Raiders,Los Angeles Chargers,spreads,Las Vegas Raiders,7.0,-115,0.53488372,draftkings|71b3b83747589efdc5baef2c5cf811bf|spreads|event,0.51083424,https://api.the-odds-api.com/v4/sports/americanfootball_nfl
2026,1,71b3b83747589efdc5baef2c5cf811bf,2026-09-20T20:05:00Z,DraftKings,2026-09-14T23:09:31Z,Las Vegas Raiders,Los Angeles Chargers,spreads,Los Angeles Chargers,-7.0,-105,0.51219512,draftkings|71b3b83747589efdc5baef2c5cf811bf|spreads|event,0.48916576,https://api.the-odds-api.com/v4/sports/americanfootball_nfl
2026,1,71b3b83747589efdc5baef2c5cf811bf,2026-09-20T20:05:00Z,DraftKings,2026-09-14T23:09:31Z,Las Vegas Raiders,Los Angeles Chargers,totals,Over,43.5,-110,0.52380952,draftkings|71b3b83747589efdc5baef2c5cf811bf|totals|43.5,0.5,https://api.the-odds-api.com/v4/sports/americanfootball_nfl
2026,1,71b3b83747589efdc5baef2c5cf811bf,2026-09-20T20:05:00Z,DraftKings,2026-09-14T23:09:31Z,Las Vegas Raiders,Los Angeles Chargers,totals,Under,43.5,-110,0.52380952,draftkings|71b3b83747589efdc5baef2c5cf811bf|totals|43.5,0.5,https://api.the-odds-api.com/v4/sports/americanfootball_nfl
2026,1,71b3b83747589efdc5baef2c5cf811bf,2026-09-20T20:05:00Z,BetUS,2026-09-14T23:09:33Z,Las Vegas Raiders,Los Angeles Chargers,h2h,Las Vegas Raiders,,265,0.2739726,betus|71b3b83747589efdc5baef2c5cf811bf|h2h|event,0.26377036,https://api.the-odds-api.com/v4/sports/americanfootball_nfl
2026,1,71b3b83747589efdc5baef2c5cf811bf,2026-09-20T20:05:00Z,BetUS,2026-09-14T23:09:33Z,Las Vegas Raiders,Los Angeles Chargers,h2h,Los Angeles Chargers,,-325,0.76470588,betus|71b3b83747589efdc5baef2c5cf811bf|h2h|event,0.73622964,https://api.the-odds-api.com/v4/sports/americanfootball_nfl
2026,1,71b3b83747589efdc5baef2c5cf811bf,2026-09-20T20:05:00Z,BetUS,2026-09-14T23:09:33Z,Las Vegas Raiders,Los Angeles Chargers,spreads,Las Vegas Raiders,7.0,-115,0.53488372,betus|71b3b83747589efdc5baef2c5cf811bf|spreads|event,0.51083424,https://api.the-odds-api.com/v4/sports/americanfootball_nfl
2026,1,71b3b83747589efdc5baef2c5cf811bf,2026-09-20T20:05:00Z,BetUS,2026-09-14T23:09:33Z,Las Vegas Raiders,Los Angeles Chargers,spreads,Los Angeles Chargers,-7.0,-105,0.51219512,betus|71b3b83747589efdc5baef2c5cf811bf|spreads|event,0.48916576,https://api.the-odds-api.com/v4/sports/americanfootball_nfl
2026,1,71b3b83747589efdc5baef2c5cf811bf,2026-09-20T20:05:00Z,BetUS,2026-09-14T23:09:33Z,Las Vegas Raiders,Los Angeles Chargers,totals,Over,43.5,-110,0.52380952,betus|71b3b83747589efdc5baef2c5cf811bf|totals|43.5,0.5,https://api.the-odds-api.com/v4/sports/americanfootball_nfl
2026,1,71b3b83747589efdc5baef2c5cf811bf,2026-09-20T20:05:00Z,BetUS,2026-09-14T23:09:33Z,Las Vegas Raiders,Los Angeles Chargers,totals,Under,43.5,-110,0.52380952,betus|71b3b83747589efdc5baef2c5cf811bf|totals|43.5,0.5,https://api.the-odds-api.com/v4/sports/americanfootball_nfl
2026,1,71b3b83747589efdc5baef2c5cf811bf,2026-09-20T20:05:00Z,MyBookie.ag,2026-09-14T23:08:34Z,Las Vegas Raiders,Los Angeles Chargers,h2h,Las Vegas Raiders,,244,0.29069767,mybookieag|71b3b83747589efdc5baef2c5cf811bf|h2h|event,0.27472527,https://api.the-odds-api.com/v4/sports/americanfootball_nfl
2026,1,71b3b83747589efdc5baef2c5cf811bf,2026-09-20T20:05:00Z,MyBookie.ag,2026-09-14T23:08:34Z,Las Vegas Raiders,Los Angeles Chargers,h2h,Los Angeles Chargers,,-330,0.76744186,mybookieag|71b3b83747589efdc5baef2c5cf811bf|h2h|event,0.72527473,https://api.the-odds-api.com/v4/sports/americanfootball_nfl
2026,1,71b3b83747589efdc5baef2c5cf811bf,2026-09-20T20:05:00Z,MyBookie.ag,2026-09-14T23:08:34Z,Las Vegas Raiders,Los Angeles Chargers,spreads,Las Vegas Raiders,7.0,-110,0.52380952,mybookieag|71b3b83747589efdc5baef2c5cf811bf|spreads|event,0.5,https://api.the-odds-api.com/v4/sports/americanfootball_nfl
2026,1,71b3b83747589efdc5baef2c5cf811bf,2026-09-20T20:05:00Z,MyBookie.ag,2026-09-14T23:08:34Z,Las Vegas Raiders,Los Angeles Chargers,spreads,Los Angeles Chargers,-7.0,-110,0.52380952,mybookieag|71b3b83747589efdc5baef2c5cf811bf|spreads|event,0.5,https://api.the-odds-api.com/v4/sports/americanfootball_nfl
2026,1,71b3b83747589efdc5baef2c5cf811bf,2026-09-20T20:05:00Z,MyBookie.ag,2026-09-14T23:08:34Z,Las Vegas Raiders,Los Angeles Chargers,totals,Over,43.5,-110,0.52380952,mybookieag|71b3b83747589efdc5baef2c5cf811bf|totals|43.5,0.5,https://api.the-odds-api.com/v4/sports/americanfootball_nfl
2026,1,71b3b83747589efdc5baef2c5cf811bf,2026-09-20T20:05:00Z,MyBookie.ag,2026-09-14T23:08:34Z,Las Vegas Raiders,Los Angeles Chargers,totals,Under,43.5,-110,0.52380952,mybookieag|71b3b83747589efdc5baef2c5cf811bf|totals|43.5,0.5,https://api.the-odds-api.com/v4/sports/americanfootball_nfl
2026,1,71b3b83747589efdc5baef2c5cf811bf,2026-09-20T20:05:00Z,LowVig.ag,2026-09-14T23:10:00Z,Las Vegas Raiders,Los Angeles Chargers,h2h,Las Vegas Raiders,,263,0.27548209,lowvig|71b3b83747589efdc5baef2c5cf811bf|h2h|event,0.26483876,https://api.the-odds-api.com/v4/sports/americanfootball_nfl
2026,1,71b3b83747589efdc5baef2c5cf811bf,2026-09-20T20:05:00Z,LowVig.ag,2026-09-14T23:10:00Z,Las Vegas Raiders,Los Angeles Chargers,h2h,Los Angeles Chargers,,-325,0.76470588,lowvig|71b3b83747589efdc5baef2c5cf811bf|h2h|event,0.73516124,https://api.the-odds-api.com/v4/sports/americanfootball_nfl
2026,1,71b3b83747589efdc5baef2c5cf811bf,2026-09-20T20:05:00Z,LowVig.ag,2026-09-14T23:10:00Z,Las Vegas Raiders,Los Angeles Chargers,spreads,Las Vegas Raiders,7.0,-109,0.5215311,lowvig|71b3b83747589efdc5baef2c5cf811bf|spreads|event,0.50929843,https://api.the-odds-api.com/v4/sports/americanfootball_nfl
2026,1,71b3b83747589efdc5baef2c5cf811bf,2026-09-20T20:05:00Z,LowVig.ag,2026-09-14T23:10:00Z,Las Vegas Raiders,Los Angeles Chargers,spreads,Los Angeles Chargers,-7.0,-101,0.50248756,lowvig|71b3b83747589efdc5baef2c5cf811bf|spreads|event,0.49070157,https://api.the-odds-api.com/v4/sports/americanfootball_nfl
2026,1,71b3b83747589efdc5baef2c5cf811bf,2026-09-20T20:05:00Z,LowVig.ag,2026-09-14T23:10:00Z,Las Vegas Raiders,Los Angeles Chargers,totals,Over,43.5,-107,0.51690821,lowvig|71b3b83747589efdc5baef2c5cf811bf|totals|43.5,0.5,https://api.the-odds-api.com/v4/sports/americanfootball_nfl
2026,1,71b3b83747589efdc5baef2c5cf811bf,2026-09-20T20:05:00Z,LowVig.ag,2026-09-14T23:10:00Z,Las Vegas Raiders,Los Angeles Chargers,totals,Under,43.5,-107,0.51690821,lowvig|71b3b83747589efdc5baef2c5cf811bf|totals|43.5,0.5,https://api.the-odds-api.com/v4/sports/americanfootball_nfl
2026,1,71b3b83747589efdc5baef2c5cf811bf,2026-09-20T20:05:00Z,BetOnline.ag,2026-09-14T23:09:59Z,Las Vegas Raiders,Los Angeles Chargers,h2h,Las Vegas Raiders,,263,0.27548209,betonlineag|71b3b83747589efdc5baef2c5cf811bf|h2h|event,0.26483876,https://api.the-odds-api.com/v4/sports/americanfootball_nfl
2026,1,71b3b83747589efdc5baef2c5cf811bf,2026-09-20T20:05:00Z,BetOnline.ag,2026-09-14T23:09:59Z,Las Vegas Raiders,Los Angeles Chargers,h2h,Los Angeles Chargers,,-325,0.76470588,betonlineag|71b3b83747589efdc5baef2c5cf811bf|h2h|event,0.73516124,https://api.the-odds-api.com/v4/sports/americanfootball_nfl
2026,1,71b3b83747589efdc5baef2c5cf811bf,2026-09-20T20:05:00Z,BetOnline.ag,2026-09-14T23:09:59Z,Las Vegas Raiders,Los Angeles Chargers,spreads,Las Vegas Raiders,7.0,-114,0.53271028,betonlineag|71b3b83747589efdc5baef2c5cf811bf|spreads|event,0.50866401,https://api.the-odds-api.com/v4/sports/americanfootball_nfl
2026,1,71b3b83747589efdc5baef2c5cf811bf,2026-09-20T20:05:00Z,BetOnline.ag,2026-09-14T23:09:59Z,Las Vegas Raiders,Los Angeles Chargers,spreads,Los Angeles Chargers,-7.0,-106,0.51456311,betonlineag|71b3b83747589efdc5baef2c5cf811bf|spreads|event,0.49133599,https://api.the-odds-api.com/v4/sports/americanfootball_nfl
2026,1,71b3b83747589efdc5baef2c5cf811bf,2026-09-20T20:05:00Z,BetOnline.ag,2026-09-14T23:09:59Z,Las Vegas Raiders,Los Angeles Chargers,totals,Over,43.5,-110,0.52380952,betonlineag|71b3b83747589efdc5baef2c5cf811bf|totals|43.5,0.5,https://api.the-odds-api.com/v4/sports/americanfootball_nfl
2026,1,71b3b83747589efdc5baef2c5cf811bf,2026-09-20T20:05:00Z,BetOnline.ag,2026-09-14T23:09:59Z,Las Vegas Raiders,Los Angeles Chargers,totals,Under,43.5,-110,0.52380952,betonlineag|71b3b83747589efdc5baef2c5cf811bf|totals|43.5,0.5,https://api.the-odds-api.com/v4/sports/americanfootball_nfl
2026,1,71b3b83747589efdc5baef2c5cf811bf,2026-09-20T20:05:00Z,FanDuel,2026-09-14T23:09:33Z,Las Vegas Raiders,Los Angeles Chargers,h2h,Las Vegas Raiders,,275,0.26666667,fanduel|71b3b83747589efdc5baef2c5cf811bf|h2h|event,0.25655977,https://api.the-odds-api.com/v4/sports/americanfootball_nfl
2026,1,71b3b83747589efdc5baef2c5cf811bf,2026-09-20T20:05:00Z,FanDuel,2026-09-14T23:09:33Z,Las Vegas Raiders,Los Angeles Chargers,h2h,Los Angeles Chargers,,-340,0.77272727,fanduel|71b3b83747589efdc5baef2c5cf811bf|h2h|event,0.74344023,https://api.the-odds-api.com/v4/sports/americanfootball_nfl
2026,1,71b3b83747589efdc5baef2c5cf811bf,2026-09-20T20:05:00Z,FanDuel,2026-09-14T23:09:33Z,Las Vegas Raiders,Los Angeles Chargers,spreads,Las Vegas Raiders,7.0,-108,0.51923077,fanduel|71b3b83747589efdc5baef2c5cf811bf|spreads|event,0.49567024,https://api.the-odds-api.com/v4/sports/americanfootball_nfl
2026,1,71b3b83747589efdc5baef2c5cf811bf,2026-09-20T20:05:00Z,FanDuel,2026-09-14T23:09:33Z,Las Vegas Raiders,Los Angeles Chargers,spreads,Los Angeles Chargers,-7.0,-112,0.52830189,fanduel|71b3b83747589efdc5baef2c5cf811bf|spreads|event,0.50432976,https://api.the-odds-api.com/v4/sports/americanfootball_nfl
2026,1,71b3b83747589efdc5baef2c5cf811bf,2026-09-20T20:05:00Z,FanDuel,2026-09-14T23:09:33Z,Las Vegas Raiders,Los Angeles Chargers,totals,Over,43.5,-110,0.52380952,fanduel|71b3b83747589efdc5baef2c5cf811bf|totals|43.5,0.5,https://api.the-odds-api.com/v4/sports/americanfootball_nfl
2026,1,71b3b83747589efdc5baef2c5cf811bf,2026-09-20T20:05:00Z,FanDuel,2026-09-14T23:09:33Z,Las Vegas Raiders,Los Angeles Chargers,totals,Under,43.5,-110,0.52380952,fanduel|71b3b83747589efdc5baef2c5cf811bf|totals|43.5,0.5,https://api.the-odds-api.com/v4/sports/americanfootball_nfl
2026,1,71b3b83747589efdc5baef2c5cf811bf,2026-09-20T20:05:00Z,BetRivers,2026-09-14T23:10:00Z,Las Vegas Raiders,Los Angeles Chargers,h2h,Las Vegas Raiders,,280,0.26315789,betrivers|71b3b83747589efdc5baef2c5cf811bf|h2h|event,0.25164113,https://api.the-odds-api.com/v4/sports/americanfootball_nfl
2026,1,71b3b83747589efdc5baef2c5cf811bf,2026-09-20T20:05:00Z,BetRivers,2026-09-14T23:10:00Z,Las Vegas Raiders,Los Angeles Chargers,h2h,Los Angeles Chargers,,-360,0.7826087,betrivers|71b3b83747589efdc5baef2c5cf811bf|h2h|event,0.74835887,https://api.the-odds-api.com/v4/sports/americanfootball_nfl
2026,1,71b3b83747589efdc5baef2c5cf811bf,2026-09-20T20:05:00Z,BetRivers,2026-09-14T23:10:00Z,Las Vegas Raiders,Los Angeles Chargers,spreads,Las Vegas Raiders,7.0,-107,0.51690821,betrivers|71b3b83747589efdc5baef2c5cf811bf|spreads|event,0.49247247,https://api.the-odds-api.com/v4/sports/americanfootball_nfl
2026,1,71b3b83747589efdc5baef2c5cf811bf,2026-09-20T20:05:00Z,BetRivers,2026-09-14T23:10:00Z,Las Vegas Raiders,Los Angeles Chargers,spreads,Los Angeles Chargers,-7.0,-114,0.53271028,betrivers|71b3b83747589efdc5baef2c5cf811bf|spreads|event,0.50752753,https://api.the-odds-api.com/v4/sports/americanfootball_nfl
2026,1,71b3b83747589efdc5baef2c5cf811bf,2026-09-20T20:05:00Z,BetRivers,2026-09-14T23:10:00Z,Las Vegas Raiders,Los Angeles Chargers,totals,Over,43.5,-109,0.5215311,betrivers|71b3b83747589efdc5baef2c5cf811bf|totals|43.5,0.4967753,https://api.the-odds-api.com/v4/sports/americanfootball_nfl
2026,1,71b3b83747589efdc5baef2c5cf811bf,2026-09-20T20:05:00Z,BetRivers,2026-09-14T23:10:00Z,Las Vegas Raiders,Los Angeles Chargers,totals,Under,43.5,-112,0.52830189,betrivers|71b3b83747589efdc5baef2c5cf811bf|totals|43.5,0.5032247,https://api.the-odds-api.com/v4/sports/americanfootball_nfl
2026,1,71b3b83747589efdc5baef2c5cf811bf,2026-09-20T20:05:00Z,BetMGM,2026-09-14T23:09:59Z,Las Vegas Raiders,Los Angeles Chargers,h2h,Las Vegas Raiders,,260,0.27777778,betmgm|71b3b83747589efdc5baef2c5cf811bf|h2h|event,0.26645768,https://api.the-odds-api.com/v4/sports/americanfootball_nfl
2026,1,71b3b83747589efdc5baef2c5cf811bf,2026-09-20T20:05:00Z,BetMGM,2026-09-14T23:09:59Z,Las Vegas Raiders,Los Angeles Chargers,h2h,Los Angeles Chargers,,-325,0.76470588,betmgm|71b3b83747589efdc5baef2c5cf811bf|h2h|event,0.73354232,https://api.the-odds-api.com/v4/sports/americanfootball_nfl
2026,1,71b3b83747589efdc5baef2c5cf811bf,2026-09-20T20:05:00Z,BetMGM,2026-09-14T23:09:59Z,Las Vegas Raiders,Los Angeles Chargers,spreads,Las Vegas Raiders,7.0,-115,0.53488372,betmgm|71b3b83747589efdc5baef2c5cf811bf|spreads|event,0.51083424,https://api.the-odds-api.com/v4/sports/americanfootball_nfl
2026,1,71b3b83747589efdc5baef2c5cf811bf,2026-09-20T20:05:00Z,BetMGM,2026-09-14T23:09:59Z,Las Vegas Raiders,Los Angeles Chargers,spreads,Los Angeles Chargers,-7.0,-105,0.51219512,betmgm|71b3b83747589efdc5baef2c5cf811bf|spreads|event,0.48916576,https://api.the-odds-api.com/v4/sports/americanfootball_nfl
2026,1,71b3b83747589efdc5baef2c5cf811bf,2026-09-20T20:05:00Z,BetMGM,2026-09-14T23:09:59Z,Las Vegas Raiders,Los Angeles Chargers,totals,Over,43.5,-110,0.52380952,betmgm|71b3b83747589efdc5baef2c5cf811bf|totals|43.5,0.50219491,https://api.the-odds-api.com/v4/sports/americanfootball_nfl
2026,1,71b3b83747589efdc5baef2c5cf811bf,2026-09-20T20:05:00Z,BetMGM,2026-09-14T23:09:59Z,Las Vegas Raiders,Los Angeles Chargers,totals,Under,43.5,-108,0.51923077,betmgm|71b3b83747589efdc5baef2c5cf811bf|totals|43.5,0.49780509,https://api.the-odds-api.com/v4/sports/americanfootball_nfl
2026,1,71b3b83747589efdc5baef2c5cf811bf,2026-09-20T20:05:00Z,Bovada,2026-09-14T23:08:13Z,Las Vegas Raiders,Los Angeles Chargers,h2h,Las Vegas Raiders,,255,0.28169014,bovada|71b3b83747589efdc5baef2c5cf811bf|h2h|event,0.2714333,https://api.the-odds-api.com/v4/sports/americanfootball_nfl
2026,1,71b3b83747589efdc5baef2c5cf811bf,2026-09-20T20:05:00Z,Bovada,2026-09-14T23:08:13Z,Las Vegas Raiders,Los Angeles Chargers,h2h,Los Angeles Chargers,,-310,0.75609756,bovada|71b3b83747589efdc5baef2c5cf811bf|h2h|event,0.7285667,https://api.the-odds-api.com/v4/sports/americanfootball_nfl
2026,1,71b3b83747589efdc5baef2c5cf811bf,2026-09-20T20:05:00Z,Bovada,2026-09-14T23:08:13Z,Las Vegas Raiders,Los Angeles Chargers,spreads,Las Vegas Raiders,6.5,100,0.5,bovada|71b3b83747589efdc5baef2c5cf811bf|spreads|event,0.47826087,https://api.the-odds-api.com/v4/sports/americanfootball_nfl
2026,1,71b3b83747589efdc5baef2c5cf811bf,2026-09-20T20:05:00Z,Bovada,2026-09-14T23:08:13Z,Las Vegas Raiders,Los Angeles Chargers,spreads,Los Angeles Chargers,-6.5,-120,0.54545455,bovada|71b3b83747589efdc5baef2c5cf811bf|spreads|event,0.52173913,https://api.the-odds-api.com/v4/sports/americanfootball_nfl
2026,1,71b3b83747589efdc5baef2c5cf811bf,2026-09-20T20:05:00Z,Bovada,2026-09-14T23:08:13Z,Las Vegas Raiders,Los Angeles Chargers,totals,Over,43.5,-110,0.52380952,bovada|71b3b83747589efdc5baef2c5cf811bf|totals|43.5,0.5,https://api.the-odds-api.com/v4/sports/americanfootball_nfl
2026,1,71b3b83747589efdc5baef2c5cf811bf,2026-09-20T20:05:00Z,Bovada,2026-09-14T23:08:13Z,Las Vegas Raiders,Los Angeles Chargers,totals,Under,43.5,-110,0.52380952,bovada|71b3b83747589efdc5baef2c5cf811bf|totals|43.5,0.5,https://api.the-odds-api.com/v4/sports/americanfootball_nfl
2026,1,4dd8020192a544385db42374e5555303,2026-09-20T20:25:00Z,DraftKings,2026-09-14T23:09:31Z,Seattle Seahawks,Arizona Cardinals,h2h,Arizona Cardinals,,185,0.35087719,draftkings|4dd8020192a544385db42374e5555303|h2h|event,0.33635187,https://api.the-odds-api.com/v4/sports/americanfootball_nfl
2026,1,4dd8020192a544385db42374e5555303,2026-09-20T20:25:00Z,DraftKings,2026-09-14T23:09:31Z,Seattle Seahawks,Arizona Cardinals,h2h,Seattle Seahawks,,-225,0.69230769,draftkings|4dd8020192a544385db42374e5555303|h2h|event,0.66364813,https://api.the-odds-api.com/v4/sports/americanfootball_nfl
2026,1,4dd8020192a544385db42374e5555303,2026-09-20T20:25:00Z,DraftKings,2026-09-14T23:09:31Z,Seattle Seahawks,Arizona Cardinals,spreads,Arizona Cardinals,4.5,-115,0.53488372,draftkings|4dd8020192a544385db42374e5555303|spreads|event,0.51083424,https://api.the-odds-api.com/v4/sports/americanfootball_nfl
2026,1,4dd8020192a544385db42374e5555303,2026-09-20T20:25:00Z,DraftKings,2026-09-14T23:09:31Z,Seattle Seahawks,Arizona Cardinals,spreads,Seattle Seahawks,-4.5,-105,0.51219512,draftkings|4dd8020192a544385db42374e5555303|spreads|event,0.48916576,https://api.the-odds-api.com/v4/sports/americanfootball_nfl
2026,1,4dd8020192a544385db42374e5555303,2026-09-20T20:25:00Z,DraftKings,2026-09-14T23:09:31Z,Seattle Seahawks,Arizona Cardinals,totals,Over,41.5,-110,0.52380952,draftkings|4dd8020192a544385db42374e5555303|totals|41.5,0.5,https://api.the-odds-api.com/v4/sports/americanfootball_nfl
2026,1,4dd8020192a544385db42374e5555303,2026-09-20T20:25:00Z,DraftKings,2026-09-14T23:09:31Z,Seattle Seahawks,Arizona Cardinals,totals,Under,41.5,-110,0.52380952,draftkings|4dd8020192a544385db42374e5555303|totals|41.5,0.5,https://api.the-odds-api.com/v4/sports/americanfootball_nfl
2026,1,4dd8020192a544385db42374e5555303,2026-09-20T20:25:00Z,BetUS,2026-09-14T23:09:33Z,Seattle Seahawks,Arizona Cardinals,h2h,Arizona Cardinals,,180,0.35714286,betus|4dd8020192a544385db42374e5555303|h2h|event,0.34521158,https://api.the-odds-api.com/v4/sports/americanfootball_nfl
2026,1,4dd8020192a544385db42374e5555303,2026-09-20T20:25:00Z,BetUS,2026-09-14T23:09:33Z,Seattle Seahawks,Arizona Cardinals,h2h,Seattle Seahawks,,-210,0.67741935,betus|4dd8020192a544385db42374e5555303|h2h|event,0.65478842,https://api.the-odds-api.com/v4/sports/americanfootball_nfl
2026,1,4dd8020192a544385db42374e5555303,2026-09-20T20:25:00Z,BetUS,2026-09-14T23:09:33Z,Seattle Seahawks,Arizona Cardinals,spreads,Arizona Cardinals,4.0,-110,0.52380952,betus|4dd8020192a544385db42374e5555303|spreads|event,0.5,https://api.the-odds-api.com/v4/sports/americanfootball_nfl
2026,1,4dd8020192a544385db42374e5555303,2026-09-20T20:25:00Z,BetUS,2026-09-14T23:09:33Z,Seattle Seahawks,Arizona Cardinals,spreads,Seattle Seahawks,-4.0,-110,0.52380952,betus|4dd8020192a544385db42374e5555303|spreads|event,0.5,https://api.the-odds-api.com/v4/sports/americanfootball_nfl
2026,1,4dd8020192a544385db42374e5555303,2026-09-20T20:25:00Z,BetUS,2026-09-14T23:09:33Z,Seattle Seahawks,Arizona Cardinals,totals,Over,41.0,-115,0.53488372,betus|4dd8020192a544385db42374e5555303|totals|41.0,0.51083424,https://api.the-odds-api.com/v4/sports/americanfootball_nfl
2026,1,4dd8020192a544385db42374e5555303,2026-09-20T20:25:00Z,BetUS,2026-09-14T23:09:33Z,Seattle Seahawks,Arizona Cardinals,totals,Under,41.0,-105,0.51219512,betus|4dd8020192a544385db42374e5555303|totals|41.0,0.48916576,https://api.the-odds-api.com/v4/sports/americanfootball_nfl
2026,1,4dd8020192a544385db42374e5555303,2026-09-20T20:25:00Z,MyBookie.ag,2026-09-14T23:08:34Z,Seattle Seahawks,Arizona Cardinals,h2h,Arizona Cardinals,,177,0.36101083,mybookieag|4dd8020192a544385db42374e5555303|h2h|event,0.34063859,https://api.the-odds-api.com/v4/sports/americanfootball_nfl
2026,1,4dd8020192a544385db42374e5555303,2026-09-20T20:25:00Z,MyBookie.ag,2026-09-14T23:08:34Z,Seattle Seahawks,Arizona Cardinals,h2h,Seattle Seahawks,,-232,0.69879518,mybookieag|4dd8020192a544385db42374e5555303|h2h|event,0.65936141,https://api.the-odds-api.com/v4/sports/americanfootball_nfl
2026,1,4dd8020192a544385db42374e5555303,2026-09-20T20:25:00Z,MyBookie.ag,2026-09-14T23:08:34Z,Seattle Seahawks,Arizona Cardinals,spreads,Arizona Cardinals,4.5,-110,0.52380952,mybookieag|4dd8020192a544385db42374e5555303|spreads|event,0.5,https://api.the-odds-api.com/v4/sports/americanfootball_nfl
2026,1,4dd8020192a544385db42374e5555303,2026-09-20T20:25:00Z,MyBookie.ag,2026-09-14T23:08:34Z,Seattle Seahawks,Arizona Cardinals,spreads,Seattle Seahawks,-4.5,-110,0.52380952,mybookieag|4dd8020192a544385db42374e5555303|spreads|event,0.5,https://api.the-odds-api.com/v4/sports/americanfootball_nfl
2026,1,4dd8020192a544385db42374e5555303,2026-09-20T20:25:00Z,MyBookie.ag,2026-09-14T23:08:34Z,Seattle Seahawks,Arizona Cardinals,totals,Over,41.5,-110,0.52380952,mybookieag|4dd8020192a544385db42374e5555303|totals|41.5,0.5,https://api.the-odds-api.com/v4/sports/americanfootball_nfl
2026,1,4dd8020192a544385db42374e5555303,2026-09-20T20:25:00Z,MyBookie.ag,2026-09-14T23:08:34Z,Seattle Seahawks,Arizona Cardinals,totals,Under,41.5,-110,0.52380952,mybookieag|4dd8020192a544385db42374e5555303|totals|41.5,0.5,https://api.the-odds-api.com/v4/sports/americanfootball_nfl
2026,1,4dd8020192a544385db42374e5555303,2026-09-20T20:25:00Z,LowVig.ag,2026-09-14T23:10:00Z,Seattle Seahawks,Arizona Cardinals,h2h,Arizona Cardinals,,180,0.35714286,lowvig|4dd8020192a544385db42374e5555303|h2h|event,0.34521158,https://api.the-odds-api.com/v4/sports/americanfootball_nfl
2026,1,4dd8020192a544385db42374e5555303,2026-09-20T20:25:00Z,LowVig.ag,2026-09-14T23:10:00Z,Seattle Seahawks,Arizona Cardinals,h2h,Seattle Seahawks,,-210,0.67741935,lowvig|4dd8020192a544385db42374e5555303|h2h|event,0.65478842,https://api.the-odds-api.com/v4/sports/americanfootball_nfl
2026,1,4dd8020192a544385db42374e5555303,2026-09-20T20:25:00Z,LowVig.ag,2026-09-14T23:10:00Z,Seattle Seahawks,Arizona Cardinals,spreads,Arizona Cardinals,4.0,-104,0.50980392,lowvig|4dd8020192a544385db42374e5555303|spreads|event,0.49767701,https://api.the-odds-api.com/v4/sports/americanfootball_nfl
2026,1,4dd8020192a544385db42374e5555303,2026-09-20T20:25:00Z,LowVig.ag,2026-09-14T23:10:00Z,Seattle Seahawks,Arizona Cardinals,spreads,Seattle Seahawks,-4.0,-106,0.51456311,lowvig|4dd8020192a544385db42374e5555303|spreads|event,0.50232299,https://api.the-odds-api.com/v4/sports/americanfootball_nfl
2026,1,4dd8020192a544385db42374e5555303,2026-09-20T20:25:00Z,LowVig.ag,2026-09-14T23:10:00Z,Seattle Seahawks,Arizona Cardinals,totals,Over,41.0,-113,0.53051643,lowvig|4dd8020192a544385db42374e5555303|totals|41.0,0.51234512,https://api.the-odds-api.com/v4/sports/americanfootball_nfl
2026,1,4dd8020192a544385db42374e5555303,2026-09-20T20:25:00Z,LowVig.ag,2026-09-14T23:10:00Z,Seattle Seahawks,Arizona Cardinals,totals,Under,41.0,-102,0.5049505,lowvig|4dd8020192a544385db42374e5555303|totals|41.0,0.48765488,https://api.the-odds-api.com/v4/sports/americanfootball_nfl
2026,1,4dd8020192a544385db42374e5555303,2026-09-20T20:25:00Z,BetOnline.ag,2026-09-14T23:09:59Z,Seattle Seahawks,Arizona Cardinals,h2h,Arizona Cardinals,,180,0.35714286,betonlineag|4dd8020192a544385db42374e5555303|h2h|event,0.34521158,https://api.the-odds-api.com/v4/sports/americanfootball_nfl
2026,1,4dd8020192a544385db42374e5555303,2026-09-20T20:25:00Z,BetOnline.ag,2026-09-14T23:09:59Z,Seattle Seahawks,Arizona Cardinals,h2h,Seattle Seahawks,,-210,0.67741935,betonlineag|4dd8020192a544385db42374e5555303|h2h|event,0.65478842,https://api.the-odds-api.com/v4/sports/americanfootball_nfl
2026,1,4dd8020192a544385db42374e5555303,2026-09-20T20:25:00Z,BetOnline.ag,2026-09-14T23:09:59Z,Seattle Seahawks,Arizona Cardinals,spreads,Arizona Cardinals,4.0,-109,0.5215311,betonlineag|4dd8020192a544385db42374e5555303|spreads|event,0.4978354,https://api.the-odds-api.com/v4/sports/americanfootball_nfl
2026,1,4dd8020192a544385db42374e5555303,2026-09-20T20:25:00Z,BetOnline.ag,2026-09-14T23:09:59Z,Seattle Seahawks,Arizona Cardinals,spreads,Seattle Seahawks,-4.0,-111,0.52606635,betonlineag|4dd8020192a544385db42374e5555303|spreads|event,0.5021646,https://api.the-odds-api.com/v4/sports/americanfootball_nfl
2026,1,4dd8020192a544385db42374e5555303,2026-09-20T20:25:00Z,BetOnline.ag,2026-09-14T23:09:59Z,Seattle Seahawks,Arizona Cardinals,totals,Over,41.0,-115,0.53488372,betonlineag|4dd8020192a544385db42374e5555303|totals|41.0,0.51083424,https://api.the-odds-api.com/v4/sports/americanfootball_nfl
2026,1,4dd8020192a544385db42374e5555303,2026-09-20T20:25:00Z,BetOnline.ag,2026-09-14T23:09:59Z,Seattle Seahawks,Arizona Cardinals,totals,Under,41.0,-105,0.51219512,betonlineag|4dd8020192a544385db42374e5555303|totals|41.0,0.48916576,https://api.the-odds-api.com/v4/sports/americanfootball_nfl
2026,1,4dd8020192a544385db42374e5555303,2026-09-20T20:25:00Z,FanDuel,2026-09-14T23:09:33Z,Seattle Seahawks,Arizona Cardinals,h2h,Arizona Cardinals,,198,0.33557047,fanduel|4dd8020192a544385db42374e5555303|h2h|event,0.3222138,https://api.the-odds-api.com/v4/sports/americanfootball_nfl
2026,1,4dd8020192a544385db42374e5555303,2026-09-20T20:25:00Z,FanDuel,2026-09-14T23:09:33Z,Seattle Seahawks,Arizona Cardinals,h2h,Seattle Seahawks,,-240,0.70588235,fanduel|4dd8020192a544385db42374e5555303|h2h|event,0.6777862,https://api.the-odds-api.com/v4/sports/americanfootball_nfl
2026,1,4dd8020192a544385db42374e5555303,2026-09-20T20:25:00Z,FanDuel,2026-09-14T23:09:33Z,Seattle Seahawks,Arizona Cardinals,spreads,Arizona Cardinals,4.5,-105,0.51219512,fanduel|4dd8020192a544385db42374e5555303|spreads|event,0.48916576,https://api.the-odds-api.com/v4/sports/americanfootball_nfl
2026,1,4dd8020192a544385db42374e5555303,2026-09-20T20:25:00Z,FanDuel,2026-09-14T23:09:33Z,Seattle Seahawks,Arizona Cardinals,spreads,Seattle Seahawks,-4.5,-115,0.53488372,fanduel|4dd8020192a544385db42374e5555303|spreads|event,0.51083424,https://api.the-odds-api.com/v4/sports/americanfootball_nfl
2026,1,4dd8020192a544385db42374e5555303,2026-09-20T20:25:00Z,FanDuel,2026-09-14T23:09:33Z,Seattle Seahawks,Arizona Cardinals,totals,Over,41.5,-105,0.51219512,fanduel|4dd8020192a544385db42374e5555303|totals|41.5,0.48916576,https://api.the-odds-api.com/v4/sports/americanfootball_nfl
2026,1,4dd8020192a544385db42374e5555303,2026-09-20T20:25:00Z,FanDuel,2026-09-14T23:09:33Z,Seattle Seahawks,Arizona Cardinals,totals,Under,41.5,-115,0.53488372,fanduel|4dd8020192a544385db42374e5555303|totals|41.5,0.51083424,https://api.the-odds-api.com/v4/sports/americanfootball_nfl
2026,1,4dd8020192a544385db42374e5555303,2026-09-20T20:25:00Z,BetRivers,2026-09-14T23:10:00Z,Seattle Seahawks,Arizona Cardinals,h2h,Arizona Cardinals,,185,0.35087719,betrivers|4dd8020192a544385db42374e5555303|h2h|event,0.33341627,https://api.the-odds-api.com/v4/sports/americanfootball_nfl
2026,1,4dd8020192a544385db42374e5555303,2026-09-20T20:25:00Z,BetRivers,2026-09-14T23:10:00Z,Seattle Seahawks,Arizona Cardinals,h2h,Seattle Seahawks,,-235,0.70149254,betrivers|4dd8020192a544385db42374e5555303|h2h|event,0.66658373,https://api.the-odds-api.com/v4/sports/americanfootball_nfl
2026,1,4dd8020192a544385db42374e5555303,2026-09-20T20:25:00Z,BetRivers,2026-09-14T23:10:00Z,Seattle Seahawks,Arizona Cardinals,spreads,Arizona Cardinals,4.5,-109,0.5215311,betrivers|4dd8020192a544385db42374e5555303|spreads|event,0.4967753,https://api.the-odds-api.com/v4/sports/americanfootball_nfl
2026,1,4dd8020192a544385db42374e5555303,2026-09-20T20:25:00Z,BetRivers,2026-09-14T23:10:00Z,Seattle Seahawks,Arizona Cardinals,spreads,Seattle Seahawks,-4.5,-112,0.52830189,betrivers|4dd8020192a544385db42374e5555303|spreads|event,0.5032247,https://api.the-odds-api.com/v4/sports/americanfootball_nfl
2026,1,4dd8020192a544385db42374e5555303,2026-09-20T20:25:00Z,BetRivers,2026-09-14T23:10:00Z,Seattle Seahawks,Arizona Cardinals,totals,Over,41.0,-113,0.53051643,betrivers|4dd8020192a544385db42374e5555303|totals|41.0,0.50537542,https://api.the-odds-api.com/v4/sports/americanfootball_nfl
2026,1,4dd8020192a544385db42374e5555303,2026-09-20T20:25:00Z,BetRivers,2026-09-14T23:10:00Z,Seattle Seahawks,Arizona Cardinals,totals,Under,41.0,-108,0.51923077,betrivers|4dd8020192a544385db42374e5555303|totals|41.0,0.49462458,https://api.the-odds-api.com/v4/sports/americanfootball_nfl
2026,1,4dd8020192a544385db42374e5555303,2026-09-20T20:25:00Z,BetMGM,2026-09-14T23:09:59Z,Seattle Seahawks,Arizona Cardinals,h2h,Arizona Cardinals,,185,0.35087719,betmgm|4dd8020192a544385db42374e5555303|h2h|event,0.33635187,https://api.the-odds-api.com/v4/sports/americanfootball_nfl
2026,1,4dd8020192a544385db42374e5555303,2026-09-20T20:25:00Z,BetMGM,2026-09-14T23:09:59Z,Seattle Seahawks,Arizona Cardinals,h2h,Seattle Seahawks,,-225,0.69230769,betmgm|4dd8020192a544385db42374e5555303|h2h|event,0.66364813,https://api.the-odds-api.com/v4/sports/americanfootball_nfl
2026,1,4dd8020192a544385db42374e5555303,2026-09-20T20:25:00Z,BetMGM,2026-09-14T23:09:59Z,Seattle Seahawks,Arizona Cardinals,spreads,Arizona Cardinals,4.5,-110,0.52380952,betmgm|4dd8020192a544385db42374e5555303|spreads|event,0.50219491,https://api.the-odds-api.com/v4/sports/americanfootball_nfl
2026,1,4dd8020192a544385db42374e5555303,2026-09-20T20:25:00Z,BetMGM,2026-09-14T23:09:59Z,Seattle Seahawks,Arizona Cardinals,spreads,Seattle Seahawks,-4.5,-108,0.51923077,betmgm|4dd8020192a544385db42374e5555303|spreads|event,0.49780509,https://api.the-odds-api.com/v4/sports/americanfootball_nfl
2026,1,4dd8020192a544385db42374e5555303,2026-09-20T20:25:00Z,BetMGM,2026-09-14T23:09:59Z,Seattle Seahawks,Arizona Cardinals,totals,Over,41.5,-108,0.51923077,betmgm|4dd8020192a544385db42374e5555303|totals|41.5,0.49567024,https://api.the-odds-api.com/v4/sports/americanfootball_nfl
2026,1,4dd8020192a544385db42374e5555303,2026-09-20T20:25:00Z,BetMGM,2026-09-14T23:09:59Z,Seattle Seahawks,Arizona Cardinals,totals,Under,41.5,-112,0.52830189,betmgm|4dd8020192a544385db42374e5555303|totals|41.5,0.50432976,https://api.the-odds-api.com/v4/sports/americanfootball_nfl
2026,1,4dd8020192a544385db42374e5555303,2026-09-20T20:25:00Z,Bovada,2026-09-14T23:08:13Z,Seattle Seahawks,Arizona Cardinals,h2h,Arizona Cardinals,,175,0.36363636,bovada|4dd8020192a544385db42374e5555303|h2h|event,0.34929577,https://api.the-odds-api.com/v4/sports/americanfootball_nfl
2026,1,4dd8020192a544385db42374e5555303,2026-09-20T20:25:00Z,Bovada,2026-09-14T23:08:13Z,Seattle Seahawks,Arizona Cardinals,h2h,Seattle Seahawks,,-210,0.67741935,bovada|4dd8020192a544385db42374e5555303|h2h|event,0.65070423,https://api.the-odds-api.com/v4/sports/americanfootball_nfl
2026,1,4dd8020192a544385db42374e5555303,2026-09-20T20:25:00Z,Bovada,2026-09-14T23:08:13Z,Seattle Seahawks,Arizona Cardinals,spreads,Arizona Cardinals,4.0,-105,0.51219512,bovada|4dd8020192a544385db42374e5555303|spreads|event,0.48916576,https://api.the-odds-api.com/v4/sports/americanfootball_nfl
2026,1,4dd8020192a544385db42374e5555303,2026-09-20T20:25:00Z,Bovada,2026-09-14T23:08:13Z,Seattle Seahawks,Arizona Cardinals,spreads,Seattle Seahawks,-4.0,-115,0.53488372,bovada|4dd8020192a544385db42374e5555303|spreads|event,0.51083424,https://api.the-odds-api.com/v4/sports/americanfootball_nfl
2026,1,4dd8020192a544385db42374e5555303,2026-09-20T20:25:00Z,Bovada,2026-09-14T23:08:13Z,Seattle Seahawks,Arizona Cardinals,totals,Over,41.5,-110,0.52380952,bovada|4dd8020192a544385db42374e5555303|totals|41.5,0.5,https://api.the-odds-api.com/v4/sports/americanfootball_nfl
2026,1,4dd8020192a544385db42374e5555303,2026-09-20T20:25:00Z,Bovada,2026-09-14T23:08:13Z,Seattle Seahawks,Arizona Cardinals,totals,Under,41.5,-110,0.52380952,bovada|4dd8020192a544385db42374e5555303|totals|41.5,0.5,https://api.the-odds-api.com/v4/sports/americanfootball_nfl
2026,1,85ef85098ddd22fe4ecf45e7e3c0a9c0,2026-09-20T20:25:00Z,DraftKings,2026-09-14T23:09:31Z,Washington Commanders,Dallas Cowboys,h2h,Dallas Cowboys,,-205,0.67213115,draftkings|85ef85098ddd22fe4ecf45e7e3c0a9c0|h2h|event,0.64472918,https://api.the-odds-api.com/v4/sports/americanfootball_nfl
2026,1,85ef85098ddd22fe4ecf45e7e3c0a9c0,2026-09-20T20:25:00Z,DraftKings,2026-09-14T23:09:31Z,Washington Commanders,Dallas Cowboys,h2h,Washington Commanders,,170,0.37037037,draftkings|85ef85098ddd22fe4ecf45e7e3c0a9c0|h2h|event,0.35527082,https://api.the-odds-api.com/v4/sports/americanfootball_nfl
2026,1,85ef85098ddd22fe4ecf45e7e3c0a9c0,2026-09-20T20:25:00Z,DraftKings,2026-09-14T23:09:31Z,Washington Commanders,Dallas Cowboys,spreads,Dallas Cowboys,-3.5,-112,0.52830189,draftkings|85ef85098ddd22fe4ecf45e7e3c0a9c0|spreads|event,0.50432976,https://api.the-odds-api.com/v4/sports/americanfootball_nfl
2026,1,85ef85098ddd22fe4ecf45e7e3c0a9c0,2026-09-20T20:25:00Z,DraftKings,2026-09-14T23:09:31Z,Washington Commanders,Dallas Cowboys,spreads,Washington Commanders,3.5,-108,0.51923077,draftkings|85ef85098ddd22fe4ecf45e7e3c0a9c0|spreads|event,0.49567024,https://api.the-odds-api.com/v4/sports/americanfootball_nfl
2026,1,85ef85098ddd22fe4ecf45e7e3c0a9c0,2026-09-20T20:25:00Z,DraftKings,2026-09-14T23:09:31Z,Washington Commanders,Dallas Cowboys,totals,Over,50.5,-108,0.51923077,draftkings|85ef85098ddd22fe4ecf45e7e3c0a9c0|totals|50.5,0.49567024,https://api.the-odds-api.com/v4/sports/americanfootball_nfl
2026,1,85ef85098ddd22fe4ecf45e7e3c0a9c0,2026-09-20T20:25:00Z,DraftKings,2026-09-14T23:09:31Z,Washington Commanders,Dallas Cowboys,totals,Under,50.5,-112,0.52830189,draftkings|85ef85098ddd22fe4ecf45e7e3c0a9c0|totals|50.5,0.50432976,https://api.the-odds-api.com/v4/sports/americanfootball_nfl
2026,1,85ef85098ddd22fe4ecf45e7e3c0a9c0,2026-09-20T20:25:00Z,BetUS,2026-09-14T23:09:33Z,Washington Commanders,Dallas Cowboys,h2h,Dallas Cowboys,,-195,0.66101695,betus|85ef85098ddd22fe4ecf45e7e3c0a9c0|h2h|event,0.63832526,https://api.the-odds-api.com/v4/sports/americanfootball_nfl
2026,1,85ef85098ddd22fe4ecf45e7e3c0a9c0,2026-09-20T20:25:00Z,BetUS,2026-09-14T23:09:33Z,Washington Commanders,Dallas Cowboys,h2h,Washington Commanders,,167,0.37453184,betus|85ef85098ddd22fe4ecf45e7e3c0a9c0|h2h|event,0.36167474,https://api.the-odds-api.com/v4/sports/americanfootball_nfl
2026,1,85ef85098ddd22fe4ecf45e7e3c0a9c0,2026-09-20T20:25:00Z,BetUS,2026-09-14T23:09:33Z,Washington Commanders,Dallas Cowboys,spreads,Dallas Cowboys,-3.5,-110,0.52380952,betus|85ef85098ddd22fe4ecf45e7e3c0a9c0|spreads|event,0.5,https://api.the-odds-api.com/v4/sports/americanfootball_nfl
2026,1,85ef85098ddd22fe4ecf45e7e3c0a9c0,2026-09-20T20:25:00Z,BetUS,2026-09-14T23:09:33Z,Washington Commanders,Dallas Cowboys,spreads,Washington Commanders,3.5,-110,0.52380952,betus|85ef85098ddd22fe4ecf45e7e3c0a9c0|spreads|event,0.5,https://api.the-odds-api.com/v4/sports/americanfootball_nfl
2026,1,85ef85098ddd22fe4ecf45e7e3c0a9c0,2026-09-20T20:25:00Z,BetUS,2026-09-14T23:09:33Z,Washington Commanders,Dallas Cowboys,totals,Over,50.5,-110,0.52380952,betus|85ef85098ddd22fe4ecf45e7e3c0a9c0|totals|50.5,0.5,https://api.the-odds-api.com/v4/sports/americanfootball_nfl
2026,1,85ef85098ddd22fe4ecf45e7e3c0a9c0,2026-09-20T20:25:00Z,BetUS,2026-09-14T23:09:33Z,Washington Commanders,Dallas Cowboys,totals,Under,50.5,-110,0.52380952,betus|85ef85098ddd22fe4ecf45e7e3c0a9c0|totals|50.5,0.5,https://api.the-odds-api.com/v4/sports/americanfootball_nfl
2026,1,85ef85098ddd22fe4ecf45e7e3c0a9c0,2026-09-20T20:25:00Z,MyBookie.ag,2026-09-14T23:08:34Z,Washington Commanders,Dallas Cowboys,h2h,Dallas Cowboys,,-210,0.67741935,mybookieag|85ef85098ddd22fe4ecf45e7e3c0a9c0|h2h|event,0.63961869,https://api.the-odds-api.com/v4/sports/americanfootball_nfl
2026,1,85ef85098ddd22fe4ecf45e7e3c0a9c0,2026-09-20T20:25:00Z,MyBookie.ag,2026-09-14T23:08:34Z,Washington Commanders,Dallas Cowboys,h2h,Washington Commanders,,162,0.38167939,mybookieag|85ef85098ddd22fe4ecf45e7e3c0a9c0|h2h|event,0.36038131,https://api.the-odds-api.com/v4/sports/americanfootball_nfl
2026,1,85ef85098ddd22fe4ecf45e7e3c0a9c0,2026-09-20T20:25:00Z,MyBookie.ag,2026-09-14T23:08:34Z,Washington Commanders,Dallas Cowboys,spreads,Dallas Cowboys,-4.0,-110,0.52380952,mybookieag|85ef85098ddd22fe4ecf45e7e3c0a9c0|spreads|event,0.5,https://api.the-odds-api.com/v4/sports/americanfootball_nfl
2026,1,85ef85098ddd22fe4ecf45e7e3c0a9c0,2026-09-20T20:25:00Z,MyBookie.ag,2026-09-14T23:08:34Z,Washington Commanders,Dallas Cowboys,spreads,Washington Commanders,4.0,-110,0.52380952,mybookieag|85ef85098ddd22fe4ecf45e7e3c0a9c0|spreads|event,0.5,https://api.the-odds-api.com/v4/sports/americanfootball_nfl
2026,1,85ef85098ddd22fe4ecf45e7e3c0a9c0,2026-09-20T20:25:00Z,MyBookie.ag,2026-09-14T23:08:34Z,Washington Commanders,Dallas Cowboys,totals,Over,50.5,-110,0.52380952,mybookieag|85ef85098ddd22fe4ecf45e7e3c0a9c0|totals|50.5,0.5,https://api.the-odds-api.com/v4/sports/americanfootball_nfl
2026,1,85ef85098ddd22fe4ecf45e7e3c0a9c0,2026-09-20T20:25:00Z,MyBookie.ag,2026-09-14T23:08:34Z,Washington Commanders,Dallas Cowboys,totals,Under,50.5,-110,0.52380952,mybookieag|85ef85098ddd22fe4ecf45e7e3c0a9c0|totals|50.5,0.5,https://api.the-odds-api.com/v4/sports/americanfootball_nfl
2026,1,85ef85098ddd22fe4ecf45e7e3c0a9c0,2026-09-20T20:25:00Z,LowVig.ag,2026-09-14T23:10:00Z,Washington Commanders,Dallas Cowboys,h2h,Dallas Cowboys,,-195,0.66101695,lowvig|85ef85098ddd22fe4ecf45e7e3c0a9c0|h2h|event,0.64090079,https://api.the-odds-api.com/v4/sports/americanfootball_nfl
2026,1,85ef85098ddd22fe4ecf45e7e3c0a9c0,2026-09-20T20:25:00Z,LowVig.ag,2026-09-14T23:10:00Z,Washington Commanders,Dallas Cowboys,h2h,Washington Commanders,,170,0.37037037,lowvig|85ef85098ddd22fe4ecf45e7e3c0a9c0|h2h|event,0.35909921,https://api.the-odds-api.com/v4/sports/americanfootball_nfl
2026,1,85ef85098ddd22fe4ecf45e7e3c0a9c0,2026-09-20T20:25:00Z,LowVig.ag,2026-09-14T23:10:00Z,Washington Commanders,Dallas Cowboys,spreads,Dallas Cowboys,-3.5,-105,0.51219512,lowvig|85ef85098ddd22fe4ecf45e7e3c0a9c0|spreads|event,0.5,https://api.the-odds-api.com/v4/sports/americanfootball_nfl
2026,1,85ef85098ddd22fe4ecf45e7e3c0a9c0,2026-09-20T20:25:00Z,LowVig.ag,2026-09-14T23:10:00Z,Washington Commanders,Dallas Cowboys,spreads,Washington Commanders,3.5,-105,0.51219512,lowvig|85ef85098ddd22fe4ecf45e7e3c0a9c0|spreads|event,0.5,https://api.the-odds-api.com/v4/sports/americanfootball_nfl
2026,1,85ef85098ddd22fe4ecf45e7e3c0a9c0,2026-09-20T20:25:00Z,LowVig.ag,2026-09-14T23:10:00Z,Washington Commanders,Dallas Cowboys,totals,Over,50.5,-107,0.51690821,lowvig|85ef85098ddd22fe4ecf45e7e3c0a9c0|totals|50.5,0.5,https://api.the-odds-api.com/v4/sports/americanfootball_nfl
2026,1,85ef85098ddd22fe4ecf45e7e3c0a9c0,2026-09-20T20:25:00Z,LowVig.ag,2026-09-14T23:10:00Z,Washington Commanders,Dallas Cowboys,totals,Under,50.5,-107,0.51690821,lowvig|85ef85098ddd22fe4ecf45e7e3c0a9c0|totals|50.5,0.5,https://api.the-odds-api.com/v4/sports/americanfootball_nfl
2026,1,85ef85098ddd22fe4ecf45e7e3c0a9c0,2026-09-20T20:25:00Z,BetOnline.ag,2026-09-14T23:09:59Z,Washington Commanders,Dallas Cowboys,h2h,Dallas Cowboys,,-195,0.66101695,betonlineag|85ef85098ddd22fe4ecf45e7e3c0a9c0|h2h|event,0.64090079,https://api.the-odds-api.com/v4/sports/americanfootball_nfl
2026,1,85ef85098ddd22fe4ecf45e7e3c0a9c0,2026-09-20T20:25:00Z,BetOnline.ag,2026-09-14T23:09:59Z,Washington Commanders,Dallas Cowboys,h2h,Washington Commanders,,170,0.37037037,betonlineag|85ef85098ddd22fe4ecf45e7e3c0a9c0|h2h|event,0.35909921,https://api.the-odds-api.com/v4/sports/americanfootball_nfl
2026,1,85ef85098ddd22fe4ecf45e7e3c0a9c0,2026-09-20T20:25:00Z,BetOnline.ag,2026-09-14T23:09:59Z,Washington Commanders,Dallas Cowboys,spreads,Dallas Cowboys,-3.5,-110,0.52380952,betonlineag|85ef85098ddd22fe4ecf45e7e3c0a9c0|spreads|event,0.5,https://api.the-odds-api.com/v4/sports/americanfootball_nfl
2026,1,85ef85098ddd22fe4ecf45e7e3c0a9c0,2026-09-20T20:25:00Z,BetOnline.ag,2026-09-14T23:09:59Z,Washington Commanders,Dallas Cowboys,spreads,Washington Commanders,3.5,-110,0.52380952,betonlineag|85ef85098ddd22fe4ecf45e7e3c0a9c0|spreads|event,0.5,https://api.the-odds-api.com/v4/sports/americanfootball_nfl
2026,1,85ef85098ddd22fe4ecf45e7e3c0a9c0,2026-09-20T20:25:00Z,BetOnline.ag,2026-09-14T23:09:59Z,Washington Commanders,Dallas Cowboys,totals,Over,50.5,-110,0.52380952,betonlineag|85ef85098ddd22fe4ecf45e7e3c0a9c0|totals|50.5,0.5,https://api.the-odds-api.com/v4/sports/americanfootball_nfl
2026,1,85ef85098ddd22fe4ecf45e7e3c0a9c0,2026-09-20T20:25:00Z,BetOnline.ag,2026-09-14T23:09:59Z,Washington Commanders,Dallas Cowboys,totals,Under,50.5,-110,0.52380952,betonlineag|85ef85098ddd22fe4ecf45e7e3c0a9c0|totals|50.5,0.5,https://api.the-odds-api.com/v4/sports/americanfootball_nfl
2026,1,85ef85098ddd22fe4ecf45e7e3c0a9c0,2026-09-20T20:25:00Z,FanDuel,2026-09-14T23:09:33Z,Washington Commanders,Dallas Cowboys,h2h,Dallas Cowboys,,-215,0.68253968,fanduel|85ef85098ddd22fe4ecf45e7e3c0a9c0|h2h|event,0.65648855,https://api.the-odds-api.com/v4/sports/americanfootball_nfl
2026,1,85ef85098ddd22fe4ecf45e7e3c0a9c0,2026-09-20T20:25:00Z,FanDuel,2026-09-14T23:09:33Z,Washington Commanders,Dallas Cowboys,h2h,Washington Commanders,,180,0.35714286,fanduel|85ef85098ddd22fe4ecf45e7e3c0a9c0|h2h|event,0.34351145,https://api.the-odds-api.com/v4/sports/americanfootball_nfl
2026,1,85ef85098ddd22fe4ecf45e7e3c0a9c0,2026-09-20T20:25:00Z,FanDuel,2026-09-14T23:09:33Z,Washington Commanders,Dallas Cowboys,spreads,Dallas Cowboys,-3.5,-115,0.53488372,fanduel|85ef85098ddd22fe4ecf45e7e3c0a9c0|spreads|event,0.51083424,https://api.the-odds-api.com/v4/sports/americanfootball_nfl
2026,1,85ef85098ddd22fe4ecf45e7e3c0a9c0,2026-09-20T20:25:00Z,FanDuel,2026-09-14T23:09:33Z,Washington Commanders,Dallas Cowboys,spreads,Washington Commanders,3.5,-105,0.51219512,fanduel|85ef85098ddd22fe4ecf45e7e3c0a9c0|spreads|event,0.48916576,https://api.the-odds-api.com/v4/sports/americanfootball_nfl
2026,1,85ef85098ddd22fe4ecf45e7e3c0a9c0,2026-09-20T20:25:00Z,FanDuel,2026-09-14T23:09:33Z,Washington Commanders,Dallas Cowboys,totals,Over,50.5,-115,0.53488372,fanduel|85ef85098ddd22fe4ecf45e7e3c0a9c0|totals|50.5,0.51083424,https://api.the-odds-api.com/v4/sports/americanfootball_nfl
2026,1,85ef85098ddd22fe4ecf45e7e3c0a9c0,2026-09-20T20:25:00Z,FanDuel,2026-09-14T23:09:33Z,Washington Commanders,Dallas Cowboys,totals,Under,50.5,-105,0.51219512,fanduel|85ef85098ddd22fe4ecf45e7e3c0a9c0|totals|50.5,0.48916576,https://api.the-odds-api.com/v4/sports/americanfootball_nfl
2026,1,85ef85098ddd22fe4ecf45e7e3c0a9c0,2026-09-20T20:25:00Z,BetRivers,2026-09-14T23:10:00Z,Washington Commanders,Dallas Cowboys,h2h,Dallas Cowboys,,-195,0.66101695,betrivers|85ef85098ddd22fe4ecf45e7e3c0a9c0|h2h|event,0.62111482,https://api.the-odds-api.com/v4/sports/americanfootball_nfl
2026,1,85ef85098ddd22fe4ecf45e7e3c0a9c0,2026-09-20T20:25:00Z,BetRivers,2026-09-14T23:10:00Z,Washington Commanders,Dallas Cowboys,h2h,Washington Commanders,,148,0.40322581,betrivers|85ef85098ddd22fe4ecf45e7e3c0a9c0|h2h|event,0.37888518,https://api.the-odds-api.com/v4/sports/americanfootball_nfl
2026,1,85ef85098ddd22fe4ecf45e7e3c0a9c0,2026-09-20T20:25:00Z,BetRivers,2026-09-14T23:10:00Z,Washington Commanders,Dallas Cowboys,spreads,Dallas Cowboys,-3.5,-112,0.52830189,betrivers|85ef85098ddd22fe4ecf45e7e3c0a9c0|spreads|event,0.5032247,https://api.the-odds-api.com/v4/sports/americanfootball_nfl
2026,1,85ef85098ddd22fe4ecf45e7e3c0a9c0,2026-09-20T20:25:00Z,BetRivers,2026-09-14T23:10:00Z,Washington Commanders,Dallas Cowboys,spreads,Washington Commanders,3.5,-109,0.5215311,betrivers|85ef85098ddd22fe4ecf45e7e3c0a9c0|spreads|event,0.4967753,https://api.the-odds-api.com/v4/sports/americanfootball_nfl
2026,1,85ef85098ddd22fe4ecf45e7e3c0a9c0,2026-09-20T20:25:00Z,BetRivers,2026-09-14T23:10:00Z,Washington Commanders,Dallas Cowboys,totals,Over,50.0,-112,0.52830189,betrivers|85ef85098ddd22fe4ecf45e7e3c0a9c0|totals|50.0,0.5032247,https://api.the-odds-api.com/v4/sports/americanfootball_nfl
2026,1,85ef85098ddd22fe4ecf45e7e3c0a9c0,2026-09-20T20:25:00Z,BetRivers,2026-09-14T23:10:00Z,Washington Commanders,Dallas Cowboys,totals,Under,50.0,-109,0.5215311,betrivers|85ef85098ddd22fe4ecf45e7e3c0a9c0|totals|50.0,0.4967753,https://api.the-odds-api.com/v4/sports/americanfootball_nfl
2026,1,85ef85098ddd22fe4ecf45e7e3c0a9c0,2026-09-20T20:25:00Z,BetMGM,2026-09-14T23:09:59Z,Washington Commanders,Dallas Cowboys,h2h,Dallas Cowboys,,-210,0.67741935,betmgm|85ef85098ddd22fe4ecf45e7e3c0a9c0|h2h|event,0.64652223,https://api.the-odds-api.com/v4/sports/americanfootball_nfl
2026,1,85ef85098ddd22fe4ecf45e7e3c0a9c0,2026-09-20T20:25:00Z,BetMGM,2026-09-14T23:09:59Z,Washington Commanders,Dallas Cowboys,h2h,Washington Commanders,,170,0.37037037,betmgm|85ef85098ddd22fe4ecf45e7e3c0a9c0|h2h|event,0.35347777,https://api.the-odds-api.com/v4/sports/americanfootball_nfl
2026,1,85ef85098ddd22fe4ecf45e7e3c0a9c0,2026-09-20T20:25:00Z,BetMGM,2026-09-14T23:09:59Z,Washington Commanders,Dallas Cowboys,spreads,Dallas Cowboys,-4.0,-105,0.51219512,betmgm|85ef85098ddd22fe4ecf45e7e3c0a9c0|spreads|event,0.49226006,https://api.the-odds-api.com/v4/sports/americanfootball_nfl
2026,1,85ef85098ddd22fe4ecf45e7e3c0a9c0,2026-09-20T20:25:00Z,BetMGM,2026-09-14T23:09:59Z,Washington Commanders,Dallas Cowboys,spreads,Washington Commanders,4.0,-112,0.52830189,betmgm|85ef85098ddd22fe4ecf45e7e3c0a9c0|spreads|event,0.50773994,https://api.the-odds-api.com/v4/sports/americanfootball_nfl
2026,1,85ef85098ddd22fe4ecf45e7e3c0a9c0,2026-09-20T20:25:00Z,BetMGM,2026-09-14T23:09:59Z,Washington Commanders,Dallas Cowboys,totals,Over,50.5,-108,0.51923077,betmgm|85ef85098ddd22fe4ecf45e7e3c0a9c0|totals|50.5,0.49780509,https://api.the-odds-api.com/v4/sports/americanfootball_nfl
2026,1,85ef85098ddd22fe4ecf45e7e3c0a9c0,2026-09-20T20:25:00Z,BetMGM,2026-09-14T23:09:59Z,Washington Commanders,Dallas Cowboys,totals,Under,50.5,-110,0.52380952,betmgm|85ef85098ddd22fe4ecf45e7e3c0a9c0|totals|50.5,0.50219491,https://api.the-odds-api.com/v4/sports/americanfootball_nfl
2026,1,85ef85098ddd22fe4ecf45e7e3c0a9c0,2026-09-20T20:25:00Z,Bovada,2026-09-14T23:08:13Z,Washington Commanders,Dallas Cowboys,h2h,Dallas Cowboys,,-200,0.66666667,bovada|85ef85098ddd22fe4ecf45e7e3c0a9c0|h2h|event,0.64285714,https://api.the-odds-api.com/v4/sports/americanfootball_nfl
2026,1,85ef85098ddd22fe4ecf45e7e3c0a9c0,2026-09-20T20:25:00Z,Bovada,2026-09-14T23:08:13Z,Washington Commanders,Dallas Cowboys,h2h,Washington Commanders,,170,0.37037037,bovada|85ef85098ddd22fe4ecf45e7e3c0a9c0|h2h|event,0.35714286,https://api.the-odds-api.com/v4/sports/americanfootball_nfl
2026,1,85ef85098ddd22fe4ecf45e7e3c0a9c0,2026-09-20T20:25:00Z,Bovada,2026-09-14T23:08:13Z,Washington Commanders,Dallas Cowboys,spreads,Dallas Cowboys,-4.0,-110,0.52380952,bovada|85ef85098ddd22fe4ecf45e7e3c0a9c0|spreads|event,0.5,https://api.the-odds-api.com/v4/sports/americanfootball_nfl
2026,1,85ef85098ddd22fe4ecf45e7e3c0a9c0,2026-09-20T20:25:00Z,Bovada,2026-09-14T23:08:13Z,Washington Commanders,Dallas Cowboys,spreads,Washington Commanders,4.0,-110,0.52380952,bovada|85ef85098ddd22fe4ecf45e7e3c0a9c0|spreads|event,0.5,https://api.the-odds-api.com/v4/sports/americanfootball_nfl
2026,1,85ef85098ddd22fe4ecf45e7e3c0a9c0,2026-09-20T20:25:00Z,Bovada,2026-09-14T23:08:13Z,Washington Commanders,Dallas Cowboys,totals,Over,50.0,-110,0.52380952,bovada|85ef85098ddd22fe4ecf45e7e3c0a9c0|totals|50.0,0.5,https://api.the-odds-api.com/v4/sports/americanfootball_nfl
2026,1,85ef85098ddd22fe4ecf45e7e3c0a9c0,2026-09-20T20:25:00Z,Bovada,2026-09-14T23:08:13Z,Washington Commanders,Dallas Cowboys,totals,Under,50.0,-110,0.52380952,bovada|85ef85098ddd22fe4ecf45e7e3c0a9c0|totals|50.0,0.5,https://api.the-odds-api.com/v4/sports/americanfootball_nfl
2026,1,68bc55903f50af4af4766adcc89fcc61,2026-09-20T20:25:00Z,DraftKings,2026-09-14T23:09:31Z,Miami Dolphins,San Francisco 49ers,h2h,Miami Dolphins,,650,0.13333333,draftkings|68bc55903f50af4af4766adcc89fcc61|h2h|event,0.12790697,https://api.the-odds-api.com/v4/sports/americanfootball_nfl
2026,1,68bc55903f50af4af4766adcc89fcc61,2026-09-20T20:25:00Z,DraftKings,2026-09-14T23:09:31Z,Miami Dolphins,San Francisco 49ers,h2h,San Francisco 49ers,,-1000,0.90909091,draftkings|68bc55903f50af4af4766adcc89fcc61|h2h|event,0.87209303,https://api.the-odds-api.com/v4/sports/americanfootball_nfl
2026,1,68bc55903f50af4af4766adcc89fcc61,2026-09-20T20:25:00Z,DraftKings,2026-09-14T23:09:31Z,Miami Dolphins,San Francisco 49ers,spreads,Miami Dolphins,13.5,-115,0.53488372,draftkings|68bc55903f50af4af4766adcc89fcc61|spreads|event,0.51083424,https://api.the-odds-api.com/v4/sports/americanfootball_nfl
2026,1,68bc55903f50af4af4766adcc89fcc61,2026-09-20T20:25:00Z,DraftKings,2026-09-14T23:09:31Z,Miami Dolphins,San Francisco 49ers,spreads,San Francisco 49ers,-13.5,-105,0.51219512,draftkings|68bc55903f50af4af4766adcc89fcc61|spreads|event,0.48916576,https://api.the-odds-api.com/v4/sports/americanfootball_nfl
2026,1,68bc55903f50af4af4766adcc89fcc61,2026-09-20T20:25:00Z,DraftKings,2026-09-14T23:09:31Z,Miami Dolphins,San Francisco 49ers,totals,Over,45.5,-108,0.51923077,draftkings|68bc55903f50af4af4766adcc89fcc61|totals|45.5,0.49567024,https://api.the-odds-api.com/v4/sports/americanfootball_nfl
2026,1,68bc55903f50af4af4766adcc89fcc61,2026-09-20T20:25:00Z,DraftKings,2026-09-14T23:09:31Z,Miami Dolphins,San Francisco 49ers,totals,Under,45.5,-112,0.52830189,draftkings|68bc55903f50af4af4766adcc89fcc61|totals|45.5,0.50432976,https://api.the-odds-api.com/v4/sports/americanfootball_nfl
2026,1,68bc55903f50af4af4766adcc89fcc61,2026-09-20T20:25:00Z,BetUS,2026-09-14T23:09:33Z,Miami Dolphins,San Francisco 49ers,h2h,Miami Dolphins,,630,0.1369863,betus|68bc55903f50af4af4766adcc89fcc61|h2h|event,0.13149656,https://api.the-odds-api.com/v4/sports/americanfootball_nfl
2026,1,68bc55903f50af4af4766adcc89fcc61,2026-09-20T20:25:00Z,BetUS,2026-09-14T23:09:33Z,Miami Dolphins,San Francisco 49ers,h2h,San Francisco 49ers,,-950,0.9047619,betus|68bc55903f50af4af4766adcc89fcc61|h2h|event,0.86850344,https://api.the-odds-api.com/v4/sports/americanfootball_nfl
2026,1,68bc55903f50af4af4766adcc89fcc61,2026-09-20T20:25:00Z,BetUS,2026-09-14T23:09:33Z,Miami Dolphins,San Francisco 49ers,spreads,Miami Dolphins,13.5,-115,0.53488372,betus|68bc55903f50af4af4766adcc89fcc61|spreads|event,0.51083424,https://api.the-odds-api.com/v4/sports/americanfootball_nfl
2026,1,68bc55903f50af4af4766adcc89fcc61,2026-09-20T20:25:00Z,BetUS,2026-09-14T23:09:33Z,Miami Dolphins,San Francisco 49ers,spreads,San Francisco 49ers,-13.5,-105,0.51219512,betus|68bc55903f50af4af4766adcc89fcc61|spreads|event,0.48916576,https://api.the-odds-api.com/v4/sports/americanfootball_nfl
2026,1,68bc55903f50af4af4766adcc89fcc61,2026-09-20T20:25:00Z,BetUS,2026-09-14T23:09:33Z,Miami Dolphins,San Francisco 49ers,totals,Over,45.5,-110,0.52380952,betus|68bc55903f50af4af4766adcc89fcc61|totals|45.5,0.5,https://api.the-odds-api.com/v4/sports/americanfootball_nfl
2026,1,68bc55903f50af4af4766adcc89fcc61,2026-09-20T20:25:00Z,BetUS,2026-09-14T23:09:33Z,Miami Dolphins,San Francisco 49ers,totals,Under,45.5,-110,0.52380952,betus|68bc55903f50af4af4766adcc89fcc61|totals|45.5,0.5,https://api.the-odds-api.com/v4/sports/americanfootball_nfl
2026,1,68bc55903f50af4af4766adcc89fcc61,2026-09-20T20:25:00Z,MyBookie.ag,2026-09-14T23:08:34Z,Miami Dolphins,San Francisco 49ers,h2h,Miami Dolphins,,570,0.14925373,mybookieag|68bc55903f50af4af4766adcc89fcc61|h2h|event,0.14102564,https://api.the-odds-api.com/v4/sports/americanfootball_nfl
2026,1,68bc55903f50af4af4766adcc89fcc61,2026-09-20T20:25:00Z,MyBookie.ag,2026-09-14T23:08:34Z,Miami Dolphins,San Francisco 49ers,h2h,San Francisco 49ers,,-1000,0.90909091,mybookieag|68bc55903f50af4af4766adcc89fcc61|h2h|event,0.85897436,https://api.the-odds-api.com/v4/sports/americanfootball_nfl
2026,1,68bc55903f50af4af4766adcc89fcc61,2026-09-20T20:25:00Z,MyBookie.ag,2026-09-14T23:08:34Z,Miami Dolphins,San Francisco 49ers,spreads,Miami Dolphins,13.0,-110,0.52380952,mybookieag|68bc55903f50af4af4766adcc89fcc61|spreads|event,0.5,https://api.the-odds-api.com/v4/sports/americanfootball_nfl
2026,1,68bc55903f50af4af4766adcc89fcc61,2026-09-20T20:25:00Z,MyBookie.ag,2026-09-14T23:08:34Z,Miami Dolphins,San Francisco 49ers,spreads,San Francisco 49ers,-13.0,-110,0.52380952,mybookieag|68bc55903f50af4af4766adcc89fcc61|spreads|event,0.5,https://api.the-odds-api.com/v4/sports/americanfootball_nfl
2026,1,68bc55903f50af4af4766adcc89fcc61,2026-09-20T20:25:00Z,MyBookie.ag,2026-09-14T23:08:34Z,Miami Dolphins,San Francisco 49ers,totals,Over,45.5,-110,0.52380952,mybookieag|68bc55903f50af4af4766adcc89fcc61|totals|45.5,0.5,https://api.the-odds-api.com/v4/sports/americanfootball_nfl
2026,1,68bc55903f50af4af4766adcc89fcc61,2026-09-20T20:25:00Z,MyBookie.ag,2026-09-14T23:08:34Z,Miami Dolphins,San Francisco 49ers,totals,Under,45.5,-110,0.52380952,mybookieag|68bc55903f50af4af4766adcc89fcc61|totals|45.5,0.5,https://api.the-odds-api.com/v4/sports/americanfootball_nfl
2026,1,68bc55903f50af4af4766adcc89fcc61,2026-09-20T20:25:00Z,LowVig.ag,2026-09-14T23:10:00Z,Miami Dolphins,San Francisco 49ers,h2h,Miami Dolphins,,637,0.13568521,lowvig|68bc55903f50af4af4766adcc89fcc61|h2h|event,0.13041048,https://api.the-odds-api.com/v4/sports/americanfootball_nfl
2026,1,68bc55903f50af4af4766adcc89fcc61,2026-09-20T20:25:00Z,LowVig.ag,2026-09-14T23:10:00Z,Miami Dolphins,San Francisco 49ers,h2h,San Francisco 49ers,,-950,0.9047619,lowvig|68bc55903f50af4af4766adcc89fcc61|h2h|event,0.86958952,https://api.the-odds-api.com/v4/sports/americanfootball_nfl
2026,1,68bc55903f50af4af4766adcc89fcc61,2026-09-20T20:25:00Z,LowVig.ag,2026-09-14T23:10:00Z,Miami Dolphins,San Francisco 49ers,spreads,Miami Dolphins,13.5,-110,0.52380952,lowvig|68bc55903f50af4af4766adcc89fcc61|spreads|event,0.51162791,https://api.the-odds-api.com/v4/sports/americanfootball_nfl
2026,1,68bc55903f50af4af4766adcc89fcc61,2026-09-20T20:25:00Z,LowVig.ag,2026-09-14T23:10:00Z,Miami Dolphins,San Francisco 49ers,spreads,San Francisco 49ers,-13.5,100,0.5,lowvig|68bc55903f50af4af4766adcc89fcc61|spreads|event,0.48837209,https://api.the-odds-api.com/v4/sports/americanfootball_nfl
2026,1,68bc55903f50af4af4766adcc89fcc61,2026-09-20T20:25:00Z,LowVig.ag,2026-09-14T23:10:00Z,Miami Dolphins,San Francisco 49ers,totals,Over,45.0,-107,0.51690821,lowvig|68bc55903f50af4af4766adcc89fcc61|totals|45.0,0.5,https://api.the-odds-api.com/v4/sports/americanfootball_nfl
2026,1,68bc55903f50af4af4766adcc89fcc61,2026-09-20T20:25:00Z,LowVig.ag,2026-09-14T23:10:00Z,Miami Dolphins,San Francisco 49ers,totals,Under,45.0,-107,0.51690821,lowvig|68bc55903f50af4af4766adcc89fcc61|totals|45.0,0.5,https://api.the-odds-api.com/v4/sports/americanfootball_nfl
2026,1,68bc55903f50af4af4766adcc89fcc61,2026-09-20T20:25:00Z,BetOnline.ag,2026-09-14T23:09:59Z,Miami Dolphins,San Francisco 49ers,h2h,Miami Dolphins,,637,0.13568521,betonlineag|68bc55903f50af4af4766adcc89fcc61|h2h|event,0.13041048,https://api.the-odds-api.com/v4/sports/americanfootball_nfl
2026,1,68bc55903f50af4af4766adcc89fcc61,2026-09-20T20:25:00Z,BetOnline.ag,2026-09-14T23:09:59Z,Miami Dolphins,San Francisco 49ers,h2h,San Francisco 49ers,,-950,0.9047619,betonlineag|68bc55903f50af4af4766adcc89fcc61|h2h|event,0.86958952,https://api.the-odds-api.com/v4/sports/americanfootball_nfl
2026,1,68bc55903f50af4af4766adcc89fcc61,2026-09-20T20:25:00Z,BetOnline.ag,2026-09-14T23:09:59Z,Miami Dolphins,San Francisco 49ers,spreads,Miami Dolphins,13.5,-115,0.53488372,betonlineag|68bc55903f50af4af4766adcc89fcc61|spreads|event,0.51083424,https://api.the-odds-api.com/v4/sports/americanfootball_nfl
2026,1,68bc55903f50af4af4766adcc89fcc61,2026-09-20T20:25:00Z,BetOnline.ag,2026-09-14T23:09:59Z,Miami Dolphins,San Francisco 49ers,spreads,San Francisco 49ers,-13.5,-105,0.51219512,betonlineag|68bc55903f50af4af4766adcc89fcc61|spreads|event,0.48916576,https://api.the-odds-api.com/v4/sports/americanfootball_nfl
2026,1,68bc55903f50af4af4766adcc89fcc61,2026-09-20T20:25:00Z,BetOnline.ag,2026-09-14T23:09:59Z,Miami Dolphins,San Francisco 49ers,totals,Over,45.0,-110,0.52380952,betonlineag|68bc55903f50af4af4766adcc89fcc61|totals|45.0,0.5,https://api.the-odds-api.com/v4/sports/americanfootball_nfl
2026,1,68bc55903f50af4af4766adcc89fcc61,2026-09-20T20:25:00Z,BetOnline.ag,2026-09-14T23:09:59Z,Miami Dolphins,San Francisco 49ers,totals,Under,45.0,-110,0.52380952,betonlineag|68bc55903f50af4af4766adcc89fcc61|totals|45.0,0.5,https://api.the-odds-api.com/v4/sports/americanfootball_nfl
2026,1,68bc55903f50af4af4766adcc89fcc61,2026-09-20T20:25:00Z,FanDuel,2026-09-14T23:09:33Z,Miami Dolphins,San Francisco 49ers,h2h,Miami Dolphins,,640,0.13513514,fanduel|68bc55903f50af4af4766adcc89fcc61|h2h|event,0.1299505,https://api.the-odds-api.com/v4/sports/americanfootball_nfl
2026,1,68bc55903f50af4af4766adcc89fcc61,2026-09-20T20:25:00Z,FanDuel,2026-09-14T23:09:33Z,Miami Dolphins,San Francisco 49ers,h2h,San Francisco 49ers,,-950,0.9047619,fanduel|68bc55903f50af4af4766adcc89fcc61|h2h|event,0.8700495,https://api.the-odds-api.com/v4/sports/americanfootball_nfl
2026,1,68bc55903f50af4af4766adcc89fcc61,2026-09-20T20:25:00Z,FanDuel,2026-09-14T23:09:33Z,Miami Dolphins,San Francisco 49ers,spreads,Miami Dolphins,13.5,-118,0.5412844,fanduel|68bc55903f50af4af4766adcc89fcc61|spreads|event,0.51497518,https://api.the-odds-api.com/v4/sports/americanfootball_nfl
2026,1,68bc55903f50af4af4766adcc89fcc61,2026-09-20T20:25:00Z,FanDuel,2026-09-14T23:09:33Z,Miami Dolphins,San Francisco 49ers,spreads,San Francisco 49ers,-13.5,-104,0.50980392,fanduel|68bc55903f50af4af4766adcc89fcc61|spreads|event,0.48502482,https://api.the-odds-api.com/v4/sports/americanfootball_nfl
2026,1,68bc55903f50af4af4766adcc89fcc61,2026-09-20T20:25:00Z,FanDuel,2026-09-14T23:09:33Z,Miami Dolphins,San Francisco 49ers,totals,Over,45.5,-115,0.53488372,fanduel|68bc55903f50af4af4766adcc89fcc61|totals|45.5,0.51083424,https://api.the-odds-api.com/v4/sports/americanfootball_nfl
2026,1,68bc55903f50af4af4766adcc89fcc61,2026-09-20T20:25:00Z,FanDuel,2026-09-14T23:09:33Z,Miami Dolphins,San Francisco 49ers,totals,Under,45.5,-105,0.51219512,fanduel|68bc55903f50af4af4766adcc89fcc61|totals|45.5,0.48916576,https://api.the-odds-api.com/v4/sports/americanfootball_nfl
2026,1,68bc55903f50af4af4766adcc89fcc61,2026-09-20T20:25:00Z,BetRivers,2026-09-14T23:10:00Z,Miami Dolphins,San Francisco 49ers,h2h,Miami Dolphins,,650,0.13333333,betrivers|68bc55903f50af4af4766adcc89fcc61|h2h|event,0.12685983,https://api.the-odds-api.com/v4/sports/americanfootball_nfl
2026,1,68bc55903f50af4af4766adcc89fcc61,2026-09-20T20:25:00Z,BetRivers,2026-09-14T23:10:00Z,Miami Dolphins,San Francisco 49ers,h2h,San Francisco 49ers,,-1115,0.91769547,betrivers|68bc55903f50af4af4766adcc89fcc61|h2h|event,0.87314017,https://api.the-odds-api.com/v4/sports/americanfootball_nfl
2026,1,68bc55903f50af4af4766adcc89fcc61,2026-09-20T20:25:00Z,BetRivers,2026-09-14T23:10:00Z,Miami Dolphins,San Francisco 49ers,spreads,Miami Dolphins,13.5,-110,0.52380952,betrivers|68bc55903f50af4af4766adcc89fcc61|spreads|event,0.5,https://api.the-odds-api.com/v4/sports/americanfootball_nfl
2026,1,68bc55903f50af4af4766adcc89fcc61,2026-09-20T20:25:00Z,BetRivers,2026-09-14T23:10:00Z,Miami Dolphins,San Francisco 49ers,spreads,San Francisco 49ers,-13.5,-110,0.52380952,betrivers|68bc55903f50af4af4766adcc89fcc61|spreads|event,0.5,https://api.the-odds-api.com/v4/sports/americanfootball_nfl
2026,1,68bc55903f50af4af4766adcc89fcc61,2026-09-20T20:25:00Z,BetRivers,2026-09-14T23:10:00Z,Miami Dolphins,San Francisco 49ers,totals,Over,45.5,-109,0.5215311,betrivers|68bc55903f50af4af4766adcc89fcc61|totals|45.5,0.4967753,https://api.the-odds-api.com/v4/sports/americanfootball_nfl
2026,1,68bc55903f50af4af4766adcc89fcc61,2026-09-20T20:25:00Z,BetRivers,2026-09-14T23:10:00Z,Miami Dolphins,San Francisco 49ers,totals,Under,45.5,-112,0.52830189,betrivers|68bc55903f50af4af4766adcc89fcc61|totals|45.5,0.5032247,https://api.the-odds-api.com/v4/sports/americanfootball_nfl
2026,1,68bc55903f50af4af4766adcc89fcc61,2026-09-20T20:25:00Z,BetMGM,2026-09-14T23:09:59Z,Miami Dolphins,San Francisco 49ers,h2h,Miami Dolphins,,650,0.13333333,betmgm|68bc55903f50af4af4766adcc89fcc61|h2h|event,0.12903226,https://api.the-odds-api.com/v4/sports/americanfootball_nfl
2026,1,68bc55903f50af4af4766adcc89fcc61,2026-09-20T20:25:00Z,BetMGM,2026-09-14T23:09:59Z,Miami Dolphins,San Francisco 49ers,h2h,San Francisco 49ers,,-900,0.9,betmgm|68bc55903f50af4af4766adcc89fcc61|h2h|event,0.87096774,https://api.the-odds-api.com/v4/sports/americanfootball_nfl
2026,1,68bc55903f50af4af4766adcc89fcc61,2026-09-20T20:25:00Z,BetMGM,2026-09-14T23:09:59Z,Miami Dolphins,San Francisco 49ers,spreads,Miami Dolphins,13.5,-112,0.52830189,betmgm|68bc55903f50af4af4766adcc89fcc61|spreads|event,0.50773994,https://api.the-odds-api.com/v4/sports/americanfootball_nfl
2026,1,68bc55903f50af4af4766adcc89fcc61,2026-09-20T20:25:00Z,BetMGM,2026-09-14T23:09:59Z,Miami Dolphins,San Francisco 49ers,spreads,San Francisco 49ers,-13.5,-105,0.51219512,betmgm|68bc55903f50af4af4766adcc89fcc61|spreads|event,0.49226006,https://api.the-odds-api.com/v4/sports/americanfootball_nfl
2026,1,68bc55903f50af4af4766adcc89fcc61,2026-09-20T20:25:00Z,BetMGM,2026-09-14T23:09:59Z,Miami Dolphins,San Francisco 49ers,totals,Over,45.5,-108,0.51923077,betmgm|68bc55903f50af4af4766adcc89fcc61|totals|45.5,0.49780509,https://api.the-odds-api.com/v4/sports/americanfootball_nfl
2026,1,68bc55903f50af4af4766adcc89fcc61,2026-09-20T20:25:00Z,BetMGM,2026-09-14T23:09:59Z,Miami Dolphins,San Francisco 49ers,totals,Under,45.5,-110,0.52380952,betmgm|68bc55903f50af4af4766adcc89fcc61|totals|45.5,0.50219491,https://api.the-odds-api.com/v4/sports/americanfootball_nfl
2026,1,68bc55903f50af4af4766adcc89fcc61,2026-09-20T20:25:00Z,Bovada,2026-09-14T23:08:13Z,Miami Dolphins,San Francisco 49ers,h2h,Miami Dolphins,,650,0.13333333,bovada|68bc55903f50af4af4766adcc89fcc61|h2h|event,0.12698412,https://api.the-odds-api.com/v4/sports/americanfootball_nfl
2026,1,68bc55903f50af4af4766adcc89fcc61,2026-09-20T20:25:00Z,Bovada,2026-09-14T23:08:13Z,Miami Dolphins,San Francisco 49ers,h2h,San Francisco 49ers,,-1100,0.91666667,bovada|68bc55903f50af4af4766adcc89fcc61|h2h|event,0.87301588,https://api.the-odds-api.com/v4/sports/americanfootball_nfl
2026,1,68bc55903f50af4af4766adcc89fcc61,2026-09-20T20:25:00Z,Bovada,2026-09-14T23:08:13Z,Miami Dolphins,San Francisco 49ers,spreads,Miami Dolphins,13.0,-110,0.52380952,bovada|68bc55903f50af4af4766adcc89fcc61|spreads|event,0.5,https://api.the-odds-api.com/v4/sports/americanfootball_nfl
2026,1,68bc55903f50af4af4766adcc89fcc61,2026-09-20T20:25:00Z,Bovada,2026-09-14T23:08:13Z,Miami Dolphins,San Francisco 49ers,spreads,San Francisco 49ers,-13.0,-110,0.52380952,bovada|68bc55903f50af4af4766adcc89fcc61|spreads|event,0.5,https://api.the-odds-api.com/v4/sports/americanfootball_nfl
2026,1,68bc55903f50af4af4766adcc89fcc61,2026-09-20T20:25:00Z,Bovada,2026-09-14T23:08:13Z,Miami Dolphins,San Francisco 49ers,totals,Over,45.5,-110,0.52380952,bovada|68bc55903f50af4af4766adcc89fcc61|totals|45.5,0.5,https://api.the-odds-api.com/v4/sports/americanfootball_nfl
2026,1,68bc55903f50af4af4766adcc89fcc61,2026-09-20T20:25:00Z,Bovada,2026-09-14T23:08:13Z,Miami Dolphins,San Francisco 49ers,totals,Under,45.5,-110,0.52380952,bovada|68bc55903f50af4af4766adcc89fcc61|totals|45.5,0.5,https://api.the-odds-api.com/v4/sports/americanfootball_nfl
2026,1,50bc247030707d823b9c3581d7eb5760,2026-09-21T00:20:00Z,DraftKings,2026-09-14T23:09:31Z,Indianapolis Colts,Kansas City Chiefs,h2h,Indianapolis Colts,,235,0.29850746,draftkings|50bc247030707d823b9c3581d7eb5760|h2h|event,0.28644877,https://api.the-odds-api.com/v4/sports/americanfootball_nfl
2026,1,50bc247030707d823b9c3581d7eb5760,2026-09-21T00:20:00Z,DraftKings,2026-09-14T23:09:31Z,Indianapolis Colts,Kansas City Chiefs,h2h,Kansas City Chiefs,,-290,0.74358974,draftkings|50bc247030707d823b9c3581d7eb5760|h2h|event,0.71355123,https://api.the-odds-api.com/v4/sports/americanfootball_nfl
2026,1,50bc247030707d823b9c3581d7eb5760,2026-09-21T00:20:00Z,DraftKings,2026-09-14T23:09:31Z,Indianapolis Colts,Kansas City Chiefs,spreads,Indianapolis Colts,6.5,-110,0.52380952,draftkings|50bc247030707d823b9c3581d7eb5760|spreads|event,0.5,https://api.the-odds-api.com/v4/sports/americanfootball_nfl
2026,1,50bc247030707d823b9c3581d7eb5760,2026-09-21T00:20:00Z,DraftKings,2026-09-14T23:09:31Z,Indianapolis Colts,Kansas City Chiefs,spreads,Kansas City Chiefs,-6.5,-110,0.52380952,draftkings|50bc247030707d823b9c3581d7eb5760|spreads|event,0.5,https://api.the-odds-api.com/v4/sports/americanfootball_nfl
2026,1,50bc247030707d823b9c3581d7eb5760,2026-09-21T00:20:00Z,DraftKings,2026-09-14T23:09:31Z,Indianapolis Colts,Kansas City Chiefs,totals,Over,48.5,-110,0.52380952,draftkings|50bc247030707d823b9c3581d7eb5760|totals|48.5,0.5,https://api.the-odds-api.com/v4/sports/americanfootball_nfl
2026,1,50bc247030707d823b9c3581d7eb5760,2026-09-21T00:20:00Z,DraftKings,2026-09-14T23:09:31Z,Indianapolis Colts,Kansas City Chiefs,totals,Under,48.5,-110,0.52380952,draftkings|50bc247030707d823b9c3581d7eb5760|totals|48.5,0.5,https://api.the-odds-api.com/v4/sports/americanfootball_nfl
2026,1,50bc247030707d823b9c3581d7eb5760,2026-09-21T00:20:00Z,BetUS,2026-09-14T23:09:33Z,Indianapolis Colts,Kansas City Chiefs,h2h,Indianapolis Colts,,250,0.28571429,betus|50bc247030707d823b9c3581d7eb5760|h2h|event,0.27586207,https://api.the-odds-api.com/v4/sports/americanfootball_nfl
2026,1,50bc247030707d823b9c3581d7eb5760,2026-09-21T00:20:00Z,BetUS,2026-09-14T23:09:33Z,Indianapolis Colts,Kansas City Chiefs,h2h,Kansas City Chiefs,,-300,0.75,betus|50bc247030707d823b9c3581d7eb5760|h2h|event,0.72413793,https://api.the-odds-api.com/v4/sports/americanfootball_nfl
2026,1,50bc247030707d823b9c3581d7eb5760,2026-09-21T00:20:00Z,BetUS,2026-09-14T23:09:33Z,Indianapolis Colts,Kansas City Chiefs,spreads,Indianapolis Colts,6.5,-110,0.52380952,betus|50bc247030707d823b9c3581d7eb5760|spreads|event,0.5,https://api.the-odds-api.com/v4/sports/americanfootball_nfl
2026,1,50bc247030707d823b9c3581d7eb5760,2026-09-21T00:20:00Z,BetUS,2026-09-14T23:09:33Z,Indianapolis Colts,Kansas City Chiefs,spreads,Kansas City Chiefs,-6.5,-110,0.52380952,betus|50bc247030707d823b9c3581d7eb5760|spreads|event,0.5,https://api.the-odds-api.com/v4/sports/americanfootball_nfl
2026,1,50bc247030707d823b9c3581d7eb5760,2026-09-21T00:20:00Z,BetUS,2026-09-14T23:09:33Z,Indianapolis Colts,Kansas City Chiefs,totals,Over,47.5,-110,0.52380952,betus|50bc247030707d823b9c3581d7eb5760|totals|47.5,0.5,https://api.the-odds-api.com/v4/sports/americanfootball_nfl
2026,1,50bc247030707d823b9c3581d7eb5760,2026-09-21T00:20:00Z,BetUS,2026-09-14T23:09:33Z,Indianapolis Colts,Kansas City Chiefs,totals,Under,47.5,-110,0.52380952,betus|50bc247030707d823b9c3581d7eb5760|totals|47.5,0.5,https://api.the-odds-api.com/v4/sports/americanfootball_nfl
2026,1,50bc247030707d823b9c3581d7eb5760,2026-09-21T00:20:00Z,BetOnline.ag,2026-09-14T23:09:59Z,Indianapolis Colts,Kansas City Chiefs,h2h,Indianapolis Colts,,245,0.28985507,betonlineag|50bc247030707d823b9c3581d7eb5760|h2h|event,0.27874564,https://api.the-odds-api.com/v4/sports/americanfootball_nfl
2026,1,50bc247030707d823b9c3581d7eb5760,2026-09-21T00:20:00Z,BetOnline.ag,2026-09-14T23:09:59Z,Indianapolis Colts,Kansas City Chiefs,h2h,Kansas City Chiefs,,-300,0.75,betonlineag|50bc247030707d823b9c3581d7eb5760|h2h|event,0.72125436,https://api.the-odds-api.com/v4/sports/americanfootball_nfl
2026,1,50bc247030707d823b9c3581d7eb5760,2026-09-21T00:20:00Z,BetOnline.ag,2026-09-14T23:09:59Z,Indianapolis Colts,Kansas City Chiefs,spreads,Indianapolis Colts,6.5,-110,0.52380952,betonlineag|50bc247030707d823b9c3581d7eb5760|spreads|event,0.5,https://api.the-odds-api.com/v4/sports/americanfootball_nfl
2026,1,50bc247030707d823b9c3581d7eb5760,2026-09-21T00:20:00Z,BetOnline.ag,2026-09-14T23:09:59Z,Indianapolis Colts,Kansas City Chiefs,spreads,Kansas City Chiefs,-6.5,-110,0.52380952,betonlineag|50bc247030707d823b9c3581d7eb5760|spreads|event,0.5,https://api.the-odds-api.com/v4/sports/americanfootball_nfl
2026,1,50bc247030707d823b9c3581d7eb5760,2026-09-21T00:20:00Z,BetOnline.ag,2026-09-14T23:09:59Z,Indianapolis Colts,Kansas City Chiefs,totals,Over,47.5,-110,0.52380952,betonlineag|50bc247030707d823b9c3581d7eb5760|totals|47.5,0.5,https://api.the-odds-api.com/v4/sports/americanfootball_nfl
2026,1,50bc247030707d823b9c3581d7eb5760,2026-09-21T00:20:00Z,BetOnline.ag,2026-09-14T23:09:59Z,Indianapolis Colts,Kansas City Chiefs,totals,Under,47.5,-110,0.52380952,betonlineag|50bc247030707d823b9c3581d7eb5760|totals|47.5,0.5,https://api.the-odds-api.com/v4/sports/americanfootball_nfl
2026,1,50bc247030707d823b9c3581d7eb5760,2026-09-21T00:20:00Z,LowVig.ag,2026-09-14T23:10:00Z,Indianapolis Colts,Kansas City Chiefs,h2h,Indianapolis Colts,,245,0.28985507,lowvig|50bc247030707d823b9c3581d7eb5760|h2h|event,0.27874564,https://api.the-odds-api.com/v4/sports/americanfootball_nfl
2026,1,50bc247030707d823b9c3581d7eb5760,2026-09-21T00:20:00Z,LowVig.ag,2026-09-14T23:10:00Z,Indianapolis Colts,Kansas City Chiefs,h2h,Kansas City Chiefs,,-300,0.75,lowvig|50bc247030707d823b9c3581d7eb5760|h2h|event,0.72125436,https://api.the-odds-api.com/v4/sports/americanfootball_nfl
2026,1,50bc247030707d823b9c3581d7eb5760,2026-09-21T00:20:00Z,LowVig.ag,2026-09-14T23:10:00Z,Indianapolis Colts,Kansas City Chiefs,spreads,Indianapolis Colts,6.5,-105,0.51219512,lowvig|50bc247030707d823b9c3581d7eb5760|spreads|event,0.5,https://api.the-odds-api.com/v4/sports/americanfootball_nfl
2026,1,50bc247030707d823b9c3581d7eb5760,2026-09-21T00:20:00Z,LowVig.ag,2026-09-14T23:10:00Z,Indianapolis Colts,Kansas City Chiefs,spreads,Kansas City Chiefs,-6.5,-105,0.51219512,lowvig|50bc247030707d823b9c3581d7eb5760|spreads|event,0.5,https://api.the-odds-api.com/v4/sports/americanfootball_nfl
2026,1,50bc247030707d823b9c3581d7eb5760,2026-09-21T00:20:00Z,LowVig.ag,2026-09-14T23:10:00Z,Indianapolis Colts,Kansas City Chiefs,totals,Over,47.5,-107,0.51690821,lowvig|50bc247030707d823b9c3581d7eb5760|totals|47.5,0.5,https://api.the-odds-api.com/v4/sports/americanfootball_nfl
2026,1,50bc247030707d823b9c3581d7eb5760,2026-09-21T00:20:00Z,LowVig.ag,2026-09-14T23:10:00Z,Indianapolis Colts,Kansas City Chiefs,totals,Under,47.5,-107,0.51690821,lowvig|50bc247030707d823b9c3581d7eb5760|totals|47.5,0.5,https://api.the-odds-api.com/v4/sports/americanfootball_nfl
2026,1,50bc247030707d823b9c3581d7eb5760,2026-09-21T00:20:00Z,FanDuel,2026-09-14T23:09:33Z,Indianapolis Colts,Kansas City Chiefs,h2h,Indianapolis Colts,,240,0.29411765,fanduel|50bc247030707d823b9c3581d7eb5760|h2h|event,0.2825465,https://api.the-odds-api.com/v4/sports/americanfootball_nfl
2026,1,50bc247030707d823b9c3581d7eb5760,2026-09-21T00:20:00Z,FanDuel,2026-09-14T23:09:33Z,Indianapolis Colts,Kansas City Chiefs,h2h,Kansas City Chiefs,,-295,0.74683544,fanduel|50bc247030707d823b9c3581d7eb5760|h2h|event,0.7174535,https://api.the-odds-api.com/v4/sports/americanfootball_nfl
2026,1,50bc247030707d823b9c3581d7eb5760,2026-09-21T00:20:00Z,FanDuel,2026-09-14T23:09:33Z,Indianapolis Colts,Kansas City Chiefs,spreads,Indianapolis Colts,6.5,-118,0.5412844,fanduel|50bc247030707d823b9c3581d7eb5760|spreads|event,0.51497518,https://api.the-odds-api.com/v4/sports/americanfootball_nfl
2026,1,50bc247030707d823b9c3581d7eb5760,2026-09-21T00:20:00Z,FanDuel,2026-09-14T23:09:33Z,Indianapolis Colts,Kansas City Chiefs,spreads,Kansas City Chiefs,-6.5,-104,0.50980392,fanduel|50bc247030707d823b9c3581d7eb5760|spreads|event,0.48502482,https://api.the-odds-api.com/v4/sports/americanfootball_nfl
2026,1,50bc247030707d823b9c3581d7eb5760,2026-09-21T00:20:00Z,FanDuel,2026-09-14T23:09:33Z,Indianapolis Colts,Kansas City Chiefs,totals,Over,47.5,-118,0.5412844,fanduel|50bc247030707d823b9c3581d7eb5760|totals|47.5,0.51497518,https://api.the-odds-api.com/v4/sports/americanfootball_nfl
2026,1,50bc247030707d823b9c3581d7eb5760,2026-09-21T00:20:00Z,FanDuel,2026-09-14T23:09:33Z,Indianapolis Colts,Kansas City Chiefs,totals,Under,47.5,-104,0.50980392,fanduel|50bc247030707d823b9c3581d7eb5760|totals|47.5,0.48502482,https://api.the-odds-api.com/v4/sports/americanfootball_nfl
2026,1,50bc247030707d823b9c3581d7eb5760,2026-09-21T00:20:00Z,BetRivers,2026-09-14T23:10:00Z,Indianapolis Colts,Kansas City Chiefs,h2h,Indianapolis Colts,,230,0.3030303,betrivers|50bc247030707d823b9c3581d7eb5760|h2h|event,0.28863719,https://api.the-odds-api.com/v4/sports/americanfootball_nfl
2026,1,50bc247030707d823b9c3581d7eb5760,2026-09-21T00:20:00Z,BetRivers,2026-09-14T23:10:00Z,Indianapolis Colts,Kansas City Chiefs,h2h,Kansas City Chiefs,,-295,0.74683544,betrivers|50bc247030707d823b9c3581d7eb5760|h2h|event,0.71136281,https://api.the-odds-api.com/v4/sports/americanfootball_nfl
2026,1,50bc247030707d823b9c3581d7eb5760,2026-09-21T00:20:00Z,BetRivers,2026-09-14T23:10:00Z,Indianapolis Colts,Kansas City Chiefs,spreads,Indianapolis Colts,6.5,-112,0.52830189,betrivers|50bc247030707d823b9c3581d7eb5760|spreads|event,0.5032247,https://api.the-odds-api.com/v4/sports/americanfootball_nfl
2026,1,50bc247030707d823b9c3581d7eb5760,2026-09-21T00:20:00Z,BetRivers,2026-09-14T23:10:00Z,Indianapolis Colts,Kansas City Chiefs,spreads,Kansas City Chiefs,-6.5,-109,0.5215311,betrivers|50bc247030707d823b9c3581d7eb5760|spreads|event,0.4967753,https://api.the-odds-api.com/v4/sports/americanfootball_nfl
2026,1,50bc247030707d823b9c3581d7eb5760,2026-09-21T00:20:00Z,BetRivers,2026-09-14T23:10:00Z,Indianapolis Colts,Kansas City Chiefs,totals,Over,47.5,-109,0.5215311,betrivers|50bc247030707d823b9c3581d7eb5760|totals|47.5,0.4967753,https://api.the-odds-api.com/v4/sports/americanfootball_nfl
2026,1,50bc247030707d823b9c3581d7eb5760,2026-09-21T00:20:00Z,BetRivers,2026-09-14T23:10:00Z,Indianapolis Colts,Kansas City Chiefs,totals,Under,47.5,-112,0.52830189,betrivers|50bc247030707d823b9c3581d7eb5760|totals|47.5,0.5032247,https://api.the-odds-api.com/v4/sports/americanfootball_nfl
2026,1,50bc247030707d823b9c3581d7eb5760,2026-09-21T00:20:00Z,MyBookie.ag,2026-09-14T23:08:34Z,Indianapolis Colts,Kansas City Chiefs,h2h,Indianapolis Colts,,214,0.31847134,mybookieag|50bc247030707d823b9c3581d7eb5760|h2h|event,0.2998616,https://api.the-odds-api.com/v4/sports/americanfootball_nfl
2026,1,50bc247030707d823b9c3581d7eb5760,2026-09-21T00:20:00Z,MyBookie.ag,2026-09-14T23:08:34Z,Indianapolis Colts,Kansas City Chiefs,h2h,Kansas City Chiefs,,-290,0.74358974,mybookieag|50bc247030707d823b9c3581d7eb5760|h2h|event,0.7001384,https://api.the-odds-api.com/v4/sports/americanfootball_nfl
2026,1,50bc247030707d823b9c3581d7eb5760,2026-09-21T00:20:00Z,MyBookie.ag,2026-09-14T23:08:34Z,Indianapolis Colts,Kansas City Chiefs,spreads,Indianapolis Colts,6.5,-110,0.52380952,mybookieag|50bc247030707d823b9c3581d7eb5760|spreads|event,0.5,https://api.the-odds-api.com/v4/sports/americanfootball_nfl
2026,1,50bc247030707d823b9c3581d7eb5760,2026-09-21T00:20:00Z,MyBookie.ag,2026-09-14T23:08:34Z,Indianapolis Colts,Kansas City Chiefs,spreads,Kansas City Chiefs,-6.5,-110,0.52380952,mybookieag|50bc247030707d823b9c3581d7eb5760|spreads|event,0.5,https://api.the-odds-api.com/v4/sports/americanfootball_nfl
2026,1,50bc247030707d823b9c3581d7eb5760,2026-09-21T00:20:00Z,MyBookie.ag,2026-09-14T23:08:34Z,Indianapolis Colts,Kansas City Chiefs,totals,Over,47.5,-110,0.52380952,mybookieag|50bc247030707d823b9c3581d7eb5760|totals|47.5,0.5,https://api.the-odds-api.com/v4/sports/americanfootball_nfl
2026,1,50bc247030707d823b9c3581d7eb5760,2026-09-21T00:20:00Z,MyBookie.ag,2026-09-14T23:08:34Z,Indianapolis Colts,Kansas City Chiefs,totals,Under,47.5,-110,0.52380952,mybookieag|50bc247030707d823b9c3581d7eb5760|totals|47.5,0.5,https://api.the-odds-api.com/v4/sports/americanfootball_nfl
2026,1,50bc247030707d823b9c3581d7eb5760,2026-09-21T00:20:00Z,BetMGM,2026-09-14T23:09:59Z,Indianapolis Colts,Kansas City Chiefs,h2h,Indianapolis Colts,,240,0.29411765,betmgm|50bc247030707d823b9c3581d7eb5760|h2h|event,0.2825465,https://api.the-odds-api.com/v4/sports/americanfootball_nfl
2026,1,50bc247030707d823b9c3581d7eb5760,2026-09-21T00:20:00Z,BetMGM,2026-09-14T23:09:59Z,Indianapolis Colts,Kansas City Chiefs,h2h,Kansas City Chiefs,,-295,0.74683544,betmgm|50bc247030707d823b9c3581d7eb5760|h2h|event,0.7174535,https://api.the-odds-api.com/v4/sports/americanfootball_nfl
2026,1,50bc247030707d823b9c3581d7eb5760,2026-09-21T00:20:00Z,BetMGM,2026-09-14T23:09:59Z,Indianapolis Colts,Kansas City Chiefs,totals,Over,48.0,-108,0.51923077,betmgm|50bc247030707d823b9c3581d7eb5760|totals|48.0,0.49780509,https://api.the-odds-api.com/v4/sports/americanfootball_nfl
2026,1,50bc247030707d823b9c3581d7eb5760,2026-09-21T00:20:00Z,BetMGM,2026-09-14T23:09:59Z,Indianapolis Colts,Kansas City Chiefs,totals,Under,48.0,-110,0.52380952,betmgm|50bc247030707d823b9c3581d7eb5760|totals|48.0,0.50219491,https://api.the-odds-api.com/v4/sports/americanfootball_nfl
2026,1,32367f882fac1a0c20a6335619922025,2026-09-22T00:15:00Z,DraftKings,2026-09-14T23:09:31Z,New York Giants,Los Angeles Rams,h2h,Los Angeles Rams,,-355,0.78021978,draftkings|32367f882fac1a0c20a6335619922025|h2h|event,0.74778271,https://api.the-odds-api.com/v4/sports/americanfootball_nfl
2026,1,32367f882fac1a0c20a6335619922025,2026-09-22T00:15:00Z,DraftKings,2026-09-14T23:09:31Z,New York Giants,Los Angeles Rams,h2h,New York Giants,,280,0.26315789,draftkings|32367f882fac1a0c20a6335619922025|h2h|event,0.25221729,https://api.the-odds-api.com/v4/sports/americanfootball_nfl
2026,1,32367f882fac1a0c20a6335619922025,2026-09-22T00:15:00Z,DraftKings,2026-09-14T23:09:31Z,New York Giants,Los Angeles Rams,spreads,Los Angeles Rams,-7.0,-115,0.53488372,draftkings|32367f882fac1a0c20a6335619922025|spreads|event,0.51083424,https://api.the-odds-api.com/v4/sports/americanfootball_nfl
2026,1,32367f882fac1a0c20a6335619922025,2026-09-22T00:15:00Z,DraftKings,2026-09-14T23:09:31Z,New York Giants,Los Angeles Rams,spreads,New York Giants,7.0,-105,0.51219512,draftkings|32367f882fac1a0c20a6335619922025|spreads|event,0.48916576,https://api.the-odds-api.com/v4/sports/americanfootball_nfl
2026,1,32367f882fac1a0c20a6335619922025,2026-09-22T00:15:00Z,DraftKings,2026-09-14T23:09:31Z,New York Giants,Los Angeles Rams,totals,Over,48.5,-108,0.51923077,draftkings|32367f882fac1a0c20a6335619922025|totals|48.5,0.49567024,https://api.the-odds-api.com/v4/sports/americanfootball_nfl
2026,1,32367f882fac1a0c20a6335619922025,2026-09-22T00:15:00Z,DraftKings,2026-09-14T23:09:31Z,New York Giants,Los Angeles Rams,totals,Under,48.5,-112,0.52830189,draftkings|32367f882fac1a0c20a6335619922025|totals|48.5,0.50432976,https://api.the-odds-api.com/v4/sports/americanfootball_nfl
2026,1,32367f882fac1a0c20a6335619922025,2026-09-22T00:15:00Z,BetUS,2026-09-14T23:09:33Z,New York Giants,Los Angeles Rams,h2h,Los Angeles Rams,,-335,0.77011494,betus|32367f882fac1a0c20a6335619922025|h2h|event,0.74125625,https://api.the-odds-api.com/v4/sports/americanfootball_nfl
2026,1,32367f882fac1a0c20a6335619922025,2026-09-22T00:15:00Z,BetUS,2026-09-14T23:09:33Z,New York Giants,Los Angeles Rams,h2h,New York Giants,,272,0.2688172,betus|32367f882fac1a0c20a6335619922025|h2h|event,0.25874375,https://api.the-odds-api.com/v4/sports/americanfootball_nfl
2026,1,32367f882fac1a0c20a6335619922025,2026-09-22T00:15:00Z,BetUS,2026-09-14T23:09:33Z,New York Giants,Los Angeles Rams,spreads,Los Angeles Rams,-7.0,-115,0.53488372,betus|32367f882fac1a0c20a6335619922025|spreads|event,0.51083424,https://api.the-odds-api.com/v4/sports/americanfootball_nfl
2026,1,32367f882fac1a0c20a6335619922025,2026-09-22T00:15:00Z,BetUS,2026-09-14T23:09:33Z,New York Giants,Los Angeles Rams,spreads,New York Giants,7.0,-105,0.51219512,betus|32367f882fac1a0c20a6335619922025|spreads|event,0.48916576,https://api.the-odds-api.com/v4/sports/americanfootball_nfl
2026,1,32367f882fac1a0c20a6335619922025,2026-09-22T00:15:00Z,BetUS,2026-09-14T23:09:33Z,New York Giants,Los Angeles Rams,totals,Over,48.5,-110,0.52380952,betus|32367f882fac1a0c20a6335619922025|totals|48.5,0.5,https://api.the-odds-api.com/v4/sports/americanfootball_nfl
2026,1,32367f882fac1a0c20a6335619922025,2026-09-22T00:15:00Z,BetUS,2026-09-14T23:09:33Z,New York Giants,Los Angeles Rams,totals,Under,48.5,-110,0.52380952,betus|32367f882fac1a0c20a6335619922025|totals|48.5,0.5,https://api.the-odds-api.com/v4/sports/americanfootball_nfl
2026,1,32367f882fac1a0c20a6335619922025,2026-09-22T00:15:00Z,BetOnline.ag,2026-09-14T23:09:59Z,New York Giants,Los Angeles Rams,h2h,Los Angeles Rams,,-335,0.77011494,betonlineag|32367f882fac1a0c20a6335619922025|h2h|event,0.74022096,https://api.the-odds-api.com/v4/sports/americanfootball_nfl
2026,1,32367f882fac1a0c20a6335619922025,2026-09-22T00:15:00Z,BetOnline.ag,2026-09-14T23:09:59Z,New York Giants,Los Angeles Rams,h2h,New York Giants,,270,0.27027027,betonlineag|32367f882fac1a0c20a6335619922025|h2h|event,0.25977904,https://api.the-odds-api.com/v4/sports/americanfootball_nfl
2026,1,32367f882fac1a0c20a6335619922025,2026-09-22T00:15:00Z,BetOnline.ag,2026-09-14T23:09:59Z,New York Giants,Los Angeles Rams,spreads,Los Angeles Rams,-7.0,-114,0.53271028,betonlineag|32367f882fac1a0c20a6335619922025|spreads|event,0.50866401,https://api.the-odds-api.com/v4/sports/americanfootball_nfl
2026,1,32367f882fac1a0c20a6335619922025,2026-09-22T00:15:00Z,BetOnline.ag,2026-09-14T23:09:59Z,New York Giants,Los Angeles Rams,spreads,New York Giants,7.0,-106,0.51456311,betonlineag|32367f882fac1a0c20a6335619922025|spreads|event,0.49133599,https://api.the-odds-api.com/v4/sports/americanfootball_nfl
2026,1,32367f882fac1a0c20a6335619922025,2026-09-22T00:15:00Z,BetOnline.ag,2026-09-14T23:09:59Z,New York Giants,Los Angeles Rams,totals,Over,49.0,-108,0.51923077,betonlineag|32367f882fac1a0c20a6335619922025|totals|49.0,0.49567024,https://api.the-odds-api.com/v4/sports/americanfootball_nfl
2026,1,32367f882fac1a0c20a6335619922025,2026-09-22T00:15:00Z,BetOnline.ag,2026-09-14T23:09:59Z,New York Giants,Los Angeles Rams,totals,Under,49.0,-112,0.52830189,betonlineag|32367f882fac1a0c20a6335619922025|totals|49.0,0.50432976,https://api.the-odds-api.com/v4/sports/americanfootball_nfl
2026,1,32367f882fac1a0c20a6335619922025,2026-09-22T00:15:00Z,LowVig.ag,2026-09-14T23:10:00Z,New York Giants,Los Angeles Rams,h2h,Los Angeles Rams,,-335,0.77011494,lowvig|32367f882fac1a0c20a6335619922025|h2h|event,0.74022096,https://api.the-odds-api.com/v4/sports/americanfootball_nfl
2026,1,32367f882fac1a0c20a6335619922025,2026-09-22T00:15:00Z,LowVig.ag,2026-09-14T23:10:00Z,New York Giants,Los Angeles Rams,h2h,New York Giants,,270,0.27027027,lowvig|32367f882fac1a0c20a6335619922025|h2h|event,0.25977904,https://api.the-odds-api.com/v4/sports/americanfootball_nfl
2026,1,32367f882fac1a0c20a6335619922025,2026-09-22T00:15:00Z,LowVig.ag,2026-09-14T23:10:00Z,New York Giants,Los Angeles Rams,spreads,Los Angeles Rams,-7.0,-105,0.51219512,lowvig|32367f882fac1a0c20a6335619922025|spreads|event,0.5,https://api.the-odds-api.com/v4/sports/americanfootball_nfl
2026,1,32367f882fac1a0c20a6335619922025,2026-09-22T00:15:00Z,LowVig.ag,2026-09-14T23:10:00Z,New York Giants,Los Angeles Rams,spreads,New York Giants,7.0,-105,0.51219512,lowvig|32367f882fac1a0c20a6335619922025|spreads|event,0.5,https://api.the-odds-api.com/v4/sports/americanfootball_nfl
2026,1,32367f882fac1a0c20a6335619922025,2026-09-22T00:15:00Z,LowVig.ag,2026-09-14T23:10:00Z,New York Giants,Los Angeles Rams,totals,Over,49.0,-105,0.51219512,lowvig|32367f882fac1a0c20a6335619922025|totals|49.0,0.49548431,https://api.the-odds-api.com/v4/sports/americanfootball_nfl
2026,1,32367f882fac1a0c20a6335619922025,2026-09-22T00:15:00Z,LowVig.ag,2026-09-14T23:10:00Z,New York Giants,Los Angeles Rams,totals,Under,49.0,-109,0.5215311,lowvig|32367f882fac1a0c20a6335619922025|totals|49.0,0.50451569,https://api.the-odds-api.com/v4/sports/americanfootball_nfl
2026,1,32367f882fac1a0c20a6335619922025,2026-09-22T00:15:00Z,FanDuel,2026-09-14T23:09:33Z,New York Giants,Los Angeles Rams,h2h,Los Angeles Rams,,-390,0.79591837,fanduel|32367f882fac1a0c20a6335619922025|h2h|event,0.76543801,https://api.the-odds-api.com/v4/sports/americanfootball_nfl
2026,1,32367f882fac1a0c20a6335619922025,2026-09-22T00:15:00Z,FanDuel,2026-09-14T23:09:33Z,New York Giants,Los Angeles Rams,h2h,New York Giants,,310,0.24390244,fanduel|32367f882fac1a0c20a6335619922025|h2h|event,0.23456199,https://api.the-odds-api.com/v4/sports/americanfootball_nfl
2026,1,32367f882fac1a0c20a6335619922025,2026-09-22T00:15:00Z,FanDuel,2026-09-14T23:09:33Z,New York Giants,Los Angeles Rams,spreads,Los Angeles Rams,-7.5,-102,0.5049505,fanduel|32367f882fac1a0c20a6335619922025|spreads|event,0.48071979,https://api.the-odds-api.com/v4/sports/americanfootball_nfl
2026,1,32367f882fac1a0c20a6335619922025,2026-09-22T00:15:00Z,FanDuel,2026-09-14T23:09:33Z,New York Giants,Los Angeles Rams,spreads,New York Giants,7.5,-120,0.54545455,fanduel|32367f882fac1a0c20a6335619922025|spreads|event,0.51928021,https://api.the-odds-api.com/v4/sports/americanfootball_nfl
2026,1,32367f882fac1a0c20a6335619922025,2026-09-22T00:15:00Z,FanDuel,2026-09-14T23:09:33Z,New York Giants,Los Angeles Rams,totals,Over,48.5,-106,0.51456311,fanduel|32367f882fac1a0c20a6335619922025|totals|48.5,0.49133599,https://api.the-odds-api.com/v4/sports/americanfootball_nfl
2026,1,32367f882fac1a0c20a6335619922025,2026-09-22T00:15:00Z,FanDuel,2026-09-14T23:09:33Z,New York Giants,Los Angeles Rams,totals,Under,48.5,-114,0.53271028,fanduel|32367f882fac1a0c20a6335619922025|totals|48.5,0.50866401,https://api.the-odds-api.com/v4/sports/americanfootball_nfl
2026,1,32367f882fac1a0c20a6335619922025,2026-09-22T00:15:00Z,BetRivers,2026-09-14T23:10:00Z,New York Giants,Los Angeles Rams,h2h,Los Angeles Rams,,-400,0.8,betrivers|32367f882fac1a0c20a6335619922025|h2h|event,0.76190476,https://api.the-odds-api.com/v4/sports/americanfootball_nfl
2026,1,32367f882fac1a0c20a6335619922025,2026-09-22T00:15:00Z,BetRivers,2026-09-14T23:10:00Z,New York Giants,Los Angeles Rams,h2h,New York Giants,,300,0.25,betrivers|32367f882fac1a0c20a6335619922025|h2h|event,0.23809524,https://api.the-odds-api.com/v4/sports/americanfootball_nfl
2026,1,32367f882fac1a0c20a6335619922025,2026-09-22T00:15:00Z,BetRivers,2026-09-14T23:10:00Z,New York Giants,Los Angeles Rams,spreads,Los Angeles Rams,-7.0,-115,0.53488372,betrivers|32367f882fac1a0c20a6335619922025|spreads|event,0.50968158,https://api.the-odds-api.com/v4/sports/americanfootball_nfl
2026,1,32367f882fac1a0c20a6335619922025,2026-09-22T00:15:00Z,BetRivers,2026-09-14T23:10:00Z,New York Giants,Los Angeles Rams,spreads,New York Giants,7.0,-106,0.51456311,betrivers|32367f882fac1a0c20a6335619922025|spreads|event,0.49031842,https://api.the-odds-api.com/v4/sports/americanfootball_nfl
2026,1,32367f882fac1a0c20a6335619922025,2026-09-22T00:15:00Z,BetRivers,2026-09-14T23:10:00Z,New York Giants,Los Angeles Rams,totals,Over,48.5,-109,0.5215311,betrivers|32367f882fac1a0c20a6335619922025|totals|48.5,0.4967753,https://api.the-odds-api.com/v4/sports/americanfootball_nfl
2026,1,32367f882fac1a0c20a6335619922025,2026-09-22T00:15:00Z,BetRivers,2026-09-14T23:10:00Z,New York Giants,Los Angeles Rams,totals,Under,48.5,-112,0.52830189,betrivers|32367f882fac1a0c20a6335619922025|totals|48.5,0.5032247,https://api.the-odds-api.com/v4/sports/americanfootball_nfl
2026,1,32367f882fac1a0c20a6335619922025,2026-09-22T00:15:00Z,BetMGM,2026-09-14T23:09:59Z,New York Giants,Los Angeles Rams,h2h,Los Angeles Rams,,-350,0.77777778,betmgm|32367f882fac1a0c20a6335619922025|h2h|event,0.74468085,https://api.the-odds-api.com/v4/sports/americanfootball_nfl
2026,1,32367f882fac1a0c20a6335619922025,2026-09-22T00:15:00Z,BetMGM,2026-09-14T23:09:59Z,New York Giants,Los Angeles Rams,h2h,New York Giants,,275,0.26666667,betmgm|32367f882fac1a0c20a6335619922025|h2h|event,0.25531915,https://api.the-odds-api.com/v4/sports/americanfootball_nfl
2026,1,32367f882fac1a0c20a6335619922025,2026-09-22T00:15:00Z,BetMGM,2026-09-14T23:09:59Z,New York Giants,Los Angeles Rams,spreads,Los Angeles Rams,-7.0,-112,0.52830189,betmgm|32367f882fac1a0c20a6335619922025|spreads|event,0.50773994,https://api.the-odds-api.com/v4/sports/americanfootball_nfl
2026,1,32367f882fac1a0c20a6335619922025,2026-09-22T00:15:00Z,BetMGM,2026-09-14T23:09:59Z,New York Giants,Los Angeles Rams,spreads,New York Giants,7.0,-105,0.51219512,betmgm|32367f882fac1a0c20a6335619922025|spreads|event,0.49226006,https://api.the-odds-api.com/v4/sports/americanfootball_nfl
2026,1,32367f882fac1a0c20a6335619922025,2026-09-22T00:15:00Z,BetMGM,2026-09-14T23:09:59Z,New York Giants,Los Angeles Rams,totals,Over,48.5,-108,0.51923077,betmgm|32367f882fac1a0c20a6335619922025|totals|48.5,0.49780509,https://api.the-odds-api.com/v4/sports/americanfootball_nfl
2026,1,32367f882fac1a0c20a6335619922025,2026-09-22T00:15:00Z,BetMGM,2026-09-14T23:09:59Z,New York Giants,Los Angeles Rams,totals,Under,48.5,-110,0.52380952,betmgm|32367f882fac1a0c20a6335619922025|totals|48.5,0.50219491,https://api.the-odds-api.com/v4/sports/americanfootball_nfl
2026,1,32367f882fac1a0c20a6335619922025,2026-09-22T00:15:00Z,MyBookie.ag,2026-09-14T23:08:34Z,New York Giants,Los Angeles Rams,h2h,Los Angeles Rams,,-350,0.77777778,mybookieag|32367f882fac1a0c20a6335619922025|h2h|event,0.73412112,https://api.the-odds-api.com/v4/sports/americanfootball_nfl
2026,1,32367f882fac1a0c20a6335619922025,2026-09-22T00:15:00Z,MyBookie.ag,2026-09-14T23:08:34Z,New York Giants,Los Angeles Rams,h2h,New York Giants,,255,0.28169014,mybookieag|32367f882fac1a0c20a6335619922025|h2h|event,0.26587888,https://api.the-odds-api.com/v4/sports/americanfootball_nfl
2026,1,32367f882fac1a0c20a6335619922025,2026-09-22T00:15:00Z,MyBookie.ag,2026-09-14T23:08:34Z,New York Giants,Los Angeles Rams,spreads,Los Angeles Rams,-7.0,-110,0.52380952,mybookieag|32367f882fac1a0c20a6335619922025|spreads|event,0.5,https://api.the-odds-api.com/v4/sports/americanfootball_nfl
2026,1,32367f882fac1a0c20a6335619922025,2026-09-22T00:15:00Z,MyBookie.ag,2026-09-14T23:08:34Z,New York Giants,Los Angeles Rams,spreads,New York Giants,7.0,-110,0.52380952,mybookieag|32367f882fac1a0c20a6335619922025|spreads|event,0.5,https://api.the-odds-api.com/v4/sports/americanfootball_nfl
2026,1,32367f882fac1a0c20a6335619922025,2026-09-22T00:15:00Z,MyBookie.ag,2026-09-14T23:08:34Z,New York Giants,Los Angeles Rams,totals,Over,48.0,-110,0.52380952,mybookieag|32367f882fac1a0c20a6335619922025|totals|48.0,0.5,https://api.the-odds-api.com/v4/sports/americanfootball_nfl
2026,1,32367f882fac1a0c20a6335619922025,2026-09-22T00:15:00Z,MyBookie.ag,2026-09-14T23:08:34Z,New York Giants,Los Angeles Rams,totals,Under,48.0,-110,0.52380952,mybookieag|32367f882fac1a0c20a6335619922025|totals|48.0,0.5,https://api.the-odds-api.com/v4/sports/americanfootball_nfl
2026,1,32367f882fac1a0c20a6335619922025,2026-09-22T00:15:00Z,Bovada,2026-09-14T23:08:13Z,New York Giants,Los Angeles Rams,h2h,Los Angeles Rams,,-330,0.76744186,bovada|32367f882fac1a0c20a6335619922025|h2h|event,0.73692261,https://api.the-odds-api.com/v4/sports/americanfootball_nfl
2026,1,32367f882fac1a0c20a6335619922025,2026-09-22T00:15:00Z,Bovada,2026-09-14T23:08:13Z,New York Giants,Los Angeles Rams,h2h,New York Giants,,265,0.2739726,bovada|32367f882fac1a0c20a6335619922025|h2h|event,0.26307739,https://api.the-odds-api.com/v4/sports/americanfootball_nfl
2026,1,32367f882fac1a0c20a6335619922025,2026-09-22T00:15:00Z,Bovada,2026-09-14T23:08:13Z,New York Giants,Los Angeles Rams,spreads,Los Angeles Rams,-7.0,-110,0.52380952,bovada|32367f882fac1a0c20a6335619922025|spreads|event,0.5,https://api.the-odds-api.com/v4/sports/americanfootball_nfl
2026,1,32367f882fac1a0c20a6335619922025,2026-09-22T00:15:00Z,Bovada,2026-09-14T23:08:13Z,New York Giants,Los Angeles Rams,spreads,New York Giants,7.0,-110,0.52380952,bovada|32367f882fac1a0c20a6335619922025|spreads|event,0.5,https://api.the-odds-api.com/v4/sports/americanfootball_nfl
2026,1,32367f882fac1a0c20a6335619922025,2026-09-22T00:15:00Z,Bovada,2026-09-14T23:08:13Z,New York Giants,Los Angeles Rams,totals,Over,48.0,-110,0.52380952,bovada|32367f882fac1a0c20a6335619922025|totals|48.0,0.5,https://api.the-odds-api.com/v4/sports/americanfootball_nfl
2026,1,32367f882fac1a0c20a6335619922025,2026-09-22T00:15:00Z,Bovada,2026-09-14T23:08:13Z,New York Giants,Los Angeles Rams,totals,Under,48.0,-110,0.52380952,bovada|32367f882fac1a0c20a6335619922025|totals|48.0,0.5,https://api.the-odds-api.com/v4/sports/americanfootball_nfl
