Season,Week,Event ID,Commence Time,Bookmaker,Last Update,Away,Home,Market,Team / Side,Line,American Odds,Raw Implied,Pair Key,No-Vig Implied,Source URL
2026,1,acc580d74344ea3b31bbcdd057fe6a9c,2026-09-11T00:35:00Z,DraftKings,2026-09-10T19:06:23Z,San Francisco 49ers,Los Angeles Rams,h2h,Los Angeles Rams,,-198,0.66442953,draftkings|acc580d74344ea3b31bbcdd057fe6a9c|h2h|event,0.63690418,https://api.the-odds-api.com/v4/sports/americanfootball_nfl
2026,1,acc580d74344ea3b31bbcdd057fe6a9c,2026-09-11T00:35:00Z,DraftKings,2026-09-10T19:06:23Z,San Francisco 49ers,Los Angeles Rams,h2h,San Francisco 49ers,,164,0.37878788,draftkings|acc580d74344ea3b31bbcdd057fe6a9c|h2h|event,0.36309582,https://api.the-odds-api.com/v4/sports/americanfootball_nfl
2026,1,acc580d74344ea3b31bbcdd057fe6a9c,2026-09-11T00:35:00Z,DraftKings,2026-09-10T19:06:23Z,San Francisco 49ers,Los Angeles Rams,spreads,Los Angeles Rams,-3.5,-112,0.52830189,draftkings|acc580d74344ea3b31bbcdd057fe6a9c|spreads|event,0.50432976,https://api.the-odds-api.com/v4/sports/americanfootball_nfl
2026,1,acc580d74344ea3b31bbcdd057fe6a9c,2026-09-11T00:35:00Z,DraftKings,2026-09-10T19:06:23Z,San Francisco 49ers,Los Angeles Rams,spreads,San Francisco 49ers,3.5,-108,0.51923077,draftkings|acc580d74344ea3b31bbcdd057fe6a9c|spreads|event,0.49567024,https://api.the-odds-api.com/v4/sports/americanfootball_nfl
2026,1,acc580d74344ea3b31bbcdd057fe6a9c,2026-09-11T00:35:00Z,DraftKings,2026-09-10T19:06:23Z,San Francisco 49ers,Los Angeles Rams,totals,Over,48.5,-105,0.51219512,draftkings|acc580d74344ea3b31bbcdd057fe6a9c|totals|48.5,0.48916576,https://api.the-odds-api.com/v4/sports/americanfootball_nfl
2026,1,acc580d74344ea3b31bbcdd057fe6a9c,2026-09-11T00:35:00Z,DraftKings,2026-09-10T19:06:23Z,San Francisco 49ers,Los Angeles Rams,totals,Under,48.5,-115,0.53488372,draftkings|acc580d74344ea3b31bbcdd057fe6a9c|totals|48.5,0.51083424,https://api.the-odds-api.com/v4/sports/americanfootball_nfl
2026,1,acc580d74344ea3b31bbcdd057fe6a9c,2026-09-11T00:35:00Z,BetMGM,2026-09-10T19:06:54Z,San Francisco 49ers,Los Angeles Rams,h2h,Los Angeles Rams,,-200,0.66666667,betmgm|acc580d74344ea3b31bbcdd057fe6a9c|h2h|event,0.63855422,https://api.the-odds-api.com/v4/sports/americanfootball_nfl
2026,1,acc580d74344ea3b31bbcdd057fe6a9c,2026-09-11T00:35:00Z,BetMGM,2026-09-10T19:06:54Z,San Francisco 49ers,Los Angeles Rams,h2h,San Francisco 49ers,,165,0.37735849,betmgm|acc580d74344ea3b31bbcdd057fe6a9c|h2h|event,0.36144578,https://api.the-odds-api.com/v4/sports/americanfootball_nfl
2026,1,acc580d74344ea3b31bbcdd057fe6a9c,2026-09-11T00:35:00Z,BetMGM,2026-09-10T19:06:54Z,San Francisco 49ers,Los Angeles Rams,spreads,Los Angeles Rams,-3.5,-105,0.51219512,betmgm|acc580d74344ea3b31bbcdd057fe6a9c|spreads|event,0.5,https://api.the-odds-api.com/v4/sports/americanfootball_nfl
2026,1,acc580d74344ea3b31bbcdd057fe6a9c,2026-09-11T00:35:00Z,BetMGM,2026-09-10T19:06:54Z,San Francisco 49ers,Los Angeles Rams,spreads,San Francisco 49ers,3.5,-105,0.51219512,betmgm|acc580d74344ea3b31bbcdd057fe6a9c|spreads|event,0.5,https://api.the-odds-api.com/v4/sports/americanfootball_nfl
2026,1,acc580d74344ea3b31bbcdd057fe6a9c,2026-09-11T00:35:00Z,BetMGM,2026-09-10T19:06:54Z,San Francisco 49ers,Los Angeles Rams,totals,Over,48.5,-105,0.51219512,betmgm|acc580d74344ea3b31bbcdd057fe6a9c|totals|48.5,0.48916576,https://api.the-odds-api.com/v4/sports/americanfootball_nfl
2026,1,acc580d74344ea3b31bbcdd057fe6a9c,2026-09-11T00:35:00Z,BetMGM,2026-09-10T19:06:54Z,San Francisco 49ers,Los Angeles Rams,totals,Under,48.5,-115,0.53488372,betmgm|acc580d74344ea3b31bbcdd057fe6a9c|totals|48.5,0.51083424,https://api.the-odds-api.com/v4/sports/americanfootball_nfl
2026,1,acc580d74344ea3b31bbcdd057fe6a9c,2026-09-11T00:35:00Z,FanDuel,2026-09-10T19:07:17Z,San Francisco 49ers,Los Angeles Rams,h2h,Los Angeles Rams,,-198,0.66442953,fanduel|acc580d74344ea3b31bbcdd057fe6a9c|h2h|event,0.63864772,https://api.the-odds-api.com/v4/sports/americanfootball_nfl
2026,1,acc580d74344ea3b31bbcdd057fe6a9c,2026-09-11T00:35:00Z,FanDuel,2026-09-10T19:07:17Z,San Francisco 49ers,Los Angeles Rams,h2h,San Francisco 49ers,,166,0.37593985,fanduel|acc580d74344ea3b31bbcdd057fe6a9c|h2h|event,0.36135228,https://api.the-odds-api.com/v4/sports/americanfootball_nfl
2026,1,acc580d74344ea3b31bbcdd057fe6a9c,2026-09-11T00:35:00Z,FanDuel,2026-09-10T19:07:17Z,San Francisco 49ers,Los Angeles Rams,spreads,Los Angeles Rams,-3.5,-112,0.52830189,fanduel|acc580d74344ea3b31bbcdd057fe6a9c|spreads|event,0.50432976,https://api.the-odds-api.com/v4/sports/americanfootball_nfl
2026,1,acc580d74344ea3b31bbcdd057fe6a9c,2026-09-11T00:35:00Z,FanDuel,2026-09-10T19:07:17Z,San Francisco 49ers,Los Angeles Rams,spreads,San Francisco 49ers,3.5,-108,0.51923077,fanduel|acc580d74344ea3b31bbcdd057fe6a9c|spreads|event,0.49567024,https://api.the-odds-api.com/v4/sports/americanfootball_nfl
2026,1,acc580d74344ea3b31bbcdd057fe6a9c,2026-09-11T00:35:00Z,FanDuel,2026-09-10T19:07:17Z,San Francisco 49ers,Los Angeles Rams,totals,Over,48.5,-105,0.51219512,fanduel|acc580d74344ea3b31bbcdd057fe6a9c|totals|48.5,0.48916576,https://api.the-odds-api.com/v4/sports/americanfootball_nfl
2026,1,acc580d74344ea3b31bbcdd057fe6a9c,2026-09-11T00:35:00Z,FanDuel,2026-09-10T19:07:17Z,San Francisco 49ers,Los Angeles Rams,totals,Under,48.5,-115,0.53488372,fanduel|acc580d74344ea3b31bbcdd057fe6a9c|totals|48.5,0.51083424,https://api.the-odds-api.com/v4/sports/americanfootball_nfl
2026,1,acc580d74344ea3b31bbcdd057fe6a9c,2026-09-11T00:35:00Z,BetOnline.ag,2026-09-10T19:06:22Z,San Francisco 49ers,Los Angeles Rams,h2h,Los Angeles Rams,,-198,0.66442953,betonlineag|acc580d74344ea3b31bbcdd057fe6a9c|h2h|event,0.64462041,https://api.the-odds-api.com/v4/sports/americanfootball_nfl
2026,1,acc580d74344ea3b31bbcdd057fe6a9c,2026-09-11T00:35:00Z,BetOnline.ag,2026-09-10T19:06:22Z,San Francisco 49ers,Los Angeles Rams,h2h,San Francisco 49ers,,173,0.36630037,betonlineag|acc580d74344ea3b31bbcdd057fe6a9c|h2h|event,0.35537959,https://api.the-odds-api.com/v4/sports/americanfootball_nfl
2026,1,acc580d74344ea3b31bbcdd057fe6a9c,2026-09-11T00:35:00Z,BetOnline.ag,2026-09-10T19:06:22Z,San Francisco 49ers,Los Angeles Rams,spreads,Los Angeles Rams,-3.5,-112,0.52830189,betonlineag|acc580d74344ea3b31bbcdd057fe6a9c|spreads|event,0.50432976,https://api.the-odds-api.com/v4/sports/americanfootball_nfl
2026,1,acc580d74344ea3b31bbcdd057fe6a9c,2026-09-11T00:35:00Z,BetOnline.ag,2026-09-10T19:06:22Z,San Francisco 49ers,Los Angeles Rams,spreads,San Francisco 49ers,3.5,-108,0.51923077,betonlineag|acc580d74344ea3b31bbcdd057fe6a9c|spreads|event,0.49567024,https://api.the-odds-api.com/v4/sports/americanfootball_nfl
2026,1,acc580d74344ea3b31bbcdd057fe6a9c,2026-09-11T00:35:00Z,BetOnline.ag,2026-09-10T19:06:22Z,San Francisco 49ers,Los Angeles Rams,totals,Over,48.0,-115,0.53488372,betonlineag|acc580d74344ea3b31bbcdd057fe6a9c|totals|48.0,0.51083424,https://api.the-odds-api.com/v4/sports/americanfootball_nfl
2026,1,acc580d74344ea3b31bbcdd057fe6a9c,2026-09-11T00:35:00Z,BetOnline.ag,2026-09-10T19:06:22Z,San Francisco 49ers,Los Angeles Rams,totals,Under,48.0,-105,0.51219512,betonlineag|acc580d74344ea3b31bbcdd057fe6a9c|totals|48.0,0.48916576,https://api.the-odds-api.com/v4/sports/americanfootball_nfl
2026,1,acc580d74344ea3b31bbcdd057fe6a9c,2026-09-11T00:35:00Z,LowVig.ag,2026-09-10T19:06:24Z,San Francisco 49ers,Los Angeles Rams,h2h,Los Angeles Rams,,-198,0.66442953,lowvig|acc580d74344ea3b31bbcdd057fe6a9c|h2h|event,0.64462041,https://api.the-odds-api.com/v4/sports/americanfootball_nfl
2026,1,acc580d74344ea3b31bbcdd057fe6a9c,2026-09-11T00:35:00Z,LowVig.ag,2026-09-10T19:06:24Z,San Francisco 49ers,Los Angeles Rams,h2h,San Francisco 49ers,,173,0.36630037,lowvig|acc580d74344ea3b31bbcdd057fe6a9c|h2h|event,0.35537959,https://api.the-odds-api.com/v4/sports/americanfootball_nfl
2026,1,acc580d74344ea3b31bbcdd057fe6a9c,2026-09-11T00:35:00Z,LowVig.ag,2026-09-10T19:06:24Z,San Francisco 49ers,Los Angeles Rams,spreads,Los Angeles Rams,-3.5,-107,0.51690821,lowvig|acc580d74344ea3b31bbcdd057fe6a9c|spreads|event,0.50464662,https://api.the-odds-api.com/v4/sports/americanfootball_nfl
2026,1,acc580d74344ea3b31bbcdd057fe6a9c,2026-09-11T00:35:00Z,LowVig.ag,2026-09-10T19:06:24Z,San Francisco 49ers,Los Angeles Rams,spreads,San Francisco 49ers,3.5,-103,0.50738916,lowvig|acc580d74344ea3b31bbcdd057fe6a9c|spreads|event,0.49535338,https://api.the-odds-api.com/v4/sports/americanfootball_nfl
2026,1,acc580d74344ea3b31bbcdd057fe6a9c,2026-09-11T00:35:00Z,LowVig.ag,2026-09-10T19:06:24Z,San Francisco 49ers,Los Angeles Rams,totals,Over,48.0,-110,0.52380952,lowvig|acc580d74344ea3b31bbcdd057fe6a9c|totals|48.0,0.50677507,https://api.the-odds-api.com/v4/sports/americanfootball_nfl
2026,1,acc580d74344ea3b31bbcdd057fe6a9c,2026-09-11T00:35:00Z,LowVig.ag,2026-09-10T19:06:24Z,San Francisco 49ers,Los Angeles Rams,totals,Under,48.0,-104,0.50980392,lowvig|acc580d74344ea3b31bbcdd057fe6a9c|totals|48.0,0.49322493,https://api.the-odds-api.com/v4/sports/americanfootball_nfl
2026,1,acc580d74344ea3b31bbcdd057fe6a9c,2026-09-11T00:35:00Z,BetRivers,2026-09-10T19:06:57Z,San Francisco 49ers,Los Angeles Rams,h2h,Los Angeles Rams,,-210,0.67741935,betrivers|acc580d74344ea3b31bbcdd057fe6a9c|h2h|event,0.64652223,https://api.the-odds-api.com/v4/sports/americanfootball_nfl
2026,1,acc580d74344ea3b31bbcdd057fe6a9c,2026-09-11T00:35:00Z,BetRivers,2026-09-10T19:06:57Z,San Francisco 49ers,Los Angeles Rams,h2h,San Francisco 49ers,,170,0.37037037,betrivers|acc580d74344ea3b31bbcdd057fe6a9c|h2h|event,0.35347777,https://api.the-odds-api.com/v4/sports/americanfootball_nfl
2026,1,acc580d74344ea3b31bbcdd057fe6a9c,2026-09-11T00:35:00Z,BetRivers,2026-09-10T19:06:57Z,San Francisco 49ers,Los Angeles Rams,spreads,Los Angeles Rams,-4.0,-108,0.51923077,betrivers|acc580d74344ea3b31bbcdd057fe6a9c|spreads|event,0.49462458,https://api.the-odds-api.com/v4/sports/americanfootball_nfl
2026,1,acc580d74344ea3b31bbcdd057fe6a9c,2026-09-11T00:35:00Z,BetRivers,2026-09-10T19:06:57Z,San Francisco 49ers,Los Angeles Rams,spreads,San Francisco 49ers,4.0,-113,0.53051643,betrivers|acc580d74344ea3b31bbcdd057fe6a9c|spreads|event,0.50537542,https://api.the-odds-api.com/v4/sports/americanfootball_nfl
2026,1,acc580d74344ea3b31bbcdd057fe6a9c,2026-09-11T00:35:00Z,BetRivers,2026-09-10T19:06:57Z,San Francisco 49ers,Los Angeles Rams,totals,Over,48.0,-112,0.52830189,betrivers|acc580d74344ea3b31bbcdd057fe6a9c|totals|48.0,0.5032247,https://api.the-odds-api.com/v4/sports/americanfootball_nfl
2026,1,acc580d74344ea3b31bbcdd057fe6a9c,2026-09-11T00:35:00Z,BetRivers,2026-09-10T19:06:57Z,San Francisco 49ers,Los Angeles Rams,totals,Under,48.0,-109,0.5215311,betrivers|acc580d74344ea3b31bbcdd057fe6a9c|totals|48.0,0.4967753,https://api.the-odds-api.com/v4/sports/americanfootball_nfl
2026,1,acc580d74344ea3b31bbcdd057fe6a9c,2026-09-11T00:35:00Z,Bovada,2026-09-10T19:06:00Z,San Francisco 49ers,Los Angeles Rams,h2h,Los Angeles Rams,,-200,0.66666667,bovada|acc580d74344ea3b31bbcdd057fe6a9c|h2h|event,0.64285714,https://api.the-odds-api.com/v4/sports/americanfootball_nfl
2026,1,acc580d74344ea3b31bbcdd057fe6a9c,2026-09-11T00:35:00Z,Bovada,2026-09-10T19:06:00Z,San Francisco 49ers,Los Angeles Rams,h2h,San Francisco 49ers,,170,0.37037037,bovada|acc580d74344ea3b31bbcdd057fe6a9c|h2h|event,0.35714286,https://api.the-odds-api.com/v4/sports/americanfootball_nfl
2026,1,acc580d74344ea3b31bbcdd057fe6a9c,2026-09-11T00:35:00Z,Bovada,2026-09-10T19:06:00Z,San Francisco 49ers,Los Angeles Rams,spreads,Los Angeles Rams,-3.5,-115,0.53488372,bovada|acc580d74344ea3b31bbcdd057fe6a9c|spreads|event,0.51083424,https://api.the-odds-api.com/v4/sports/americanfootball_nfl
2026,1,acc580d74344ea3b31bbcdd057fe6a9c,2026-09-11T00:35:00Z,Bovada,2026-09-10T19:06:00Z,San Francisco 49ers,Los Angeles Rams,spreads,San Francisco 49ers,3.5,-105,0.51219512,bovada|acc580d74344ea3b31bbcdd057fe6a9c|spreads|event,0.48916576,https://api.the-odds-api.com/v4/sports/americanfootball_nfl
2026,1,acc580d74344ea3b31bbcdd057fe6a9c,2026-09-11T00:35:00Z,Bovada,2026-09-10T19:06:00Z,San Francisco 49ers,Los Angeles Rams,totals,Over,48.0,-110,0.52380952,bovada|acc580d74344ea3b31bbcdd057fe6a9c|totals|48.0,0.5,https://api.the-odds-api.com/v4/sports/americanfootball_nfl
2026,1,acc580d74344ea3b31bbcdd057fe6a9c,2026-09-11T00:35:00Z,Bovada,2026-09-10T19:06:00Z,San Francisco 49ers,Los Angeles Rams,totals,Under,48.0,-110,0.52380952,bovada|acc580d74344ea3b31bbcdd057fe6a9c|totals|48.0,0.5,https://api.the-odds-api.com/v4/sports/americanfootball_nfl
2026,1,acc580d74344ea3b31bbcdd057fe6a9c,2026-09-11T00:35:00Z,BetUS,2026-09-10T19:06:57Z,San Francisco 49ers,Los Angeles Rams,h2h,Los Angeles Rams,,-198,0.66442953,betus|acc580d74344ea3b31bbcdd057fe6a9c|h2h|event,0.64208503,https://api.the-odds-api.com/v4/sports/americanfootball_nfl
2026,1,acc580d74344ea3b31bbcdd057fe6a9c,2026-09-11T00:35:00Z,BetUS,2026-09-10T19:06:57Z,San Francisco 49ers,Los Angeles Rams,h2h,San Francisco 49ers,,170,0.37037037,betus|acc580d74344ea3b31bbcdd057fe6a9c|h2h|event,0.35791497,https://api.the-odds-api.com/v4/sports/americanfootball_nfl
2026,1,acc580d74344ea3b31bbcdd057fe6a9c,2026-09-11T00:35:00Z,BetUS,2026-09-10T19:06:57Z,San Francisco 49ers,Los Angeles Rams,spreads,Los Angeles Rams,-3.5,-110,0.52380952,betus|acc580d74344ea3b31bbcdd057fe6a9c|spreads|event,0.5,https://api.the-odds-api.com/v4/sports/americanfootball_nfl
2026,1,acc580d74344ea3b31bbcdd057fe6a9c,2026-09-11T00:35:00Z,BetUS,2026-09-10T19:06:57Z,San Francisco 49ers,Los Angeles Rams,spreads,San Francisco 49ers,3.5,-110,0.52380952,betus|acc580d74344ea3b31bbcdd057fe6a9c|spreads|event,0.5,https://api.the-odds-api.com/v4/sports/americanfootball_nfl
2026,1,acc580d74344ea3b31bbcdd057fe6a9c,2026-09-11T00:35:00Z,BetUS,2026-09-10T19:06:57Z,San Francisco 49ers,Los Angeles Rams,totals,Over,48.0,-110,0.52380952,betus|acc580d74344ea3b31bbcdd057fe6a9c|totals|48.0,0.5,https://api.the-odds-api.com/v4/sports/americanfootball_nfl
2026,1,acc580d74344ea3b31bbcdd057fe6a9c,2026-09-11T00:35:00Z,BetUS,2026-09-10T19:06:57Z,San Francisco 49ers,Los Angeles Rams,totals,Under,48.0,-110,0.52380952,betus|acc580d74344ea3b31bbcdd057fe6a9c|totals|48.0,0.5,https://api.the-odds-api.com/v4/sports/americanfootball_nfl
2026,1,acc580d74344ea3b31bbcdd057fe6a9c,2026-09-11T00:35:00Z,MyBookie.ag,2026-09-10T19:05:34Z,San Francisco 49ers,Los Angeles Rams,h2h,Los Angeles Rams,,-204,0.67105263,mybookieag|acc580d74344ea3b31bbcdd057fe6a9c|h2h|event,0.63831913,https://api.the-odds-api.com/v4/sports/americanfootball_nfl
2026,1,acc580d74344ea3b31bbcdd057fe6a9c,2026-09-11T00:35:00Z,MyBookie.ag,2026-09-10T19:05:34Z,San Francisco 49ers,Los Angeles Rams,h2h,San Francisco 49ers,,163,0.38022814,mybookieag|acc580d74344ea3b31bbcdd057fe6a9c|h2h|event,0.36168087,https://api.the-odds-api.com/v4/sports/americanfootball_nfl
2026,1,acc580d74344ea3b31bbcdd057fe6a9c,2026-09-11T00:35:00Z,MyBookie.ag,2026-09-10T19:05:34Z,San Francisco 49ers,Los Angeles Rams,spreads,Los Angeles Rams,-3.5,-110,0.52380952,mybookieag|acc580d74344ea3b31bbcdd057fe6a9c|spreads|event,0.5,https://api.the-odds-api.com/v4/sports/americanfootball_nfl
2026,1,acc580d74344ea3b31bbcdd057fe6a9c,2026-09-11T00:35:00Z,MyBookie.ag,2026-09-10T19:05:34Z,San Francisco 49ers,Los Angeles Rams,spreads,San Francisco 49ers,3.5,-110,0.52380952,mybookieag|acc580d74344ea3b31bbcdd057fe6a9c|spreads|event,0.5,https://api.the-odds-api.com/v4/sports/americanfootball_nfl
2026,1,acc580d74344ea3b31bbcdd057fe6a9c,2026-09-11T00:35:00Z,MyBookie.ag,2026-09-10T19:05:34Z,San Francisco 49ers,Los Angeles Rams,totals,Over,48.0,-110,0.52380952,mybookieag|acc580d74344ea3b31bbcdd057fe6a9c|totals|48.0,0.5,https://api.the-odds-api.com/v4/sports/americanfootball_nfl
2026,1,acc580d74344ea3b31bbcdd057fe6a9c,2026-09-11T00:35:00Z,MyBookie.ag,2026-09-10T19:05:34Z,San Francisco 49ers,Los Angeles Rams,totals,Under,48.0,-110,0.52380952,mybookieag|acc580d74344ea3b31bbcdd057fe6a9c|totals|48.0,0.5,https://api.the-odds-api.com/v4/sports/americanfootball_nfl
2026,1,95c01d1bb797d6df14824b106c5a9130,2026-09-13T17:00:00Z,DraftKings,2026-09-10T19:06:23Z,Atlanta Falcons,Pittsburgh Steelers,h2h,Atlanta Falcons,,170,0.37037037,draftkings|95c01d1bb797d6df14824b106c5a9130|h2h|event,0.35527082,https://api.the-odds-api.com/v4/sports/americanfootball_nfl
2026,1,95c01d1bb797d6df14824b106c5a9130,2026-09-13T17:00:00Z,DraftKings,2026-09-10T19:06:23Z,Atlanta Falcons,Pittsburgh Steelers,h2h,Pittsburgh Steelers,,-205,0.67213115,draftkings|95c01d1bb797d6df14824b106c5a9130|h2h|event,0.64472918,https://api.the-odds-api.com/v4/sports/americanfootball_nfl
2026,1,95c01d1bb797d6df14824b106c5a9130,2026-09-13T17:00:00Z,DraftKings,2026-09-10T19:06:23Z,Atlanta Falcons,Pittsburgh Steelers,spreads,Atlanta Falcons,4.5,-110,0.52380952,draftkings|95c01d1bb797d6df14824b106c5a9130|spreads|event,0.5,https://api.the-odds-api.com/v4/sports/americanfootball_nfl
2026,1,95c01d1bb797d6df14824b106c5a9130,2026-09-13T17:00:00Z,DraftKings,2026-09-10T19:06:23Z,Atlanta Falcons,Pittsburgh Steelers,spreads,Pittsburgh Steelers,-4.5,-110,0.52380952,draftkings|95c01d1bb797d6df14824b106c5a9130|spreads|event,0.5,https://api.the-odds-api.com/v4/sports/americanfootball_nfl
2026,1,95c01d1bb797d6df14824b106c5a9130,2026-09-13T17:00:00Z,DraftKings,2026-09-10T19:06:23Z,Atlanta Falcons,Pittsburgh Steelers,totals,Over,42.5,-105,0.51219512,draftkings|95c01d1bb797d6df14824b106c5a9130|totals|42.5,0.48916576,https://api.the-odds-api.com/v4/sports/americanfootball_nfl
2026,1,95c01d1bb797d6df14824b106c5a9130,2026-09-13T17:00:00Z,DraftKings,2026-09-10T19:06:23Z,Atlanta Falcons,Pittsburgh Steelers,totals,Under,42.5,-115,0.53488372,draftkings|95c01d1bb797d6df14824b106c5a9130|totals|42.5,0.51083424,https://api.the-odds-api.com/v4/sports/americanfootball_nfl
2026,1,95c01d1bb797d6df14824b106c5a9130,2026-09-13T17:00:00Z,BetRivers,2026-09-10T19:06:57Z,Atlanta Falcons,Pittsburgh Steelers,h2h,Atlanta Falcons,,160,0.38461538,betrivers|95c01d1bb797d6df14824b106c5a9130|h2h|event,0.36783042,https://api.the-odds-api.com/v4/sports/americanfootball_nfl
2026,1,95c01d1bb797d6df14824b106c5a9130,2026-09-13T17:00:00Z,BetRivers,2026-09-10T19:06:57Z,Atlanta Falcons,Pittsburgh Steelers,h2h,Pittsburgh Steelers,,-195,0.66101695,betrivers|95c01d1bb797d6df14824b106c5a9130|h2h|event,0.63216958,https://api.the-odds-api.com/v4/sports/americanfootball_nfl
2026,1,95c01d1bb797d6df14824b106c5a9130,2026-09-13T17:00:00Z,BetRivers,2026-09-10T19:06:57Z,Atlanta Falcons,Pittsburgh Steelers,spreads,Atlanta Falcons,3.5,-108,0.51923077,betrivers|95c01d1bb797d6df14824b106c5a9130|spreads|event,0.49462458,https://api.the-odds-api.com/v4/sports/americanfootball_nfl
2026,1,95c01d1bb797d6df14824b106c5a9130,2026-09-13T17:00:00Z,BetRivers,2026-09-10T19:06:57Z,Atlanta Falcons,Pittsburgh Steelers,spreads,Pittsburgh Steelers,-3.5,-113,0.53051643,betrivers|95c01d1bb797d6df14824b106c5a9130|spreads|event,0.50537542,https://api.the-odds-api.com/v4/sports/americanfootball_nfl
2026,1,95c01d1bb797d6df14824b106c5a9130,2026-09-13T17:00:00Z,BetRivers,2026-09-10T19:06:57Z,Atlanta Falcons,Pittsburgh Steelers,totals,Over,41.5,-110,0.52380952,betrivers|95c01d1bb797d6df14824b106c5a9130|totals|41.5,0.5,https://api.the-odds-api.com/v4/sports/americanfootball_nfl
2026,1,95c01d1bb797d6df14824b106c5a9130,2026-09-13T17:00:00Z,BetRivers,2026-09-10T19:06:57Z,Atlanta Falcons,Pittsburgh Steelers,totals,Under,41.5,-110,0.52380952,betrivers|95c01d1bb797d6df14824b106c5a9130|totals|41.5,0.5,https://api.the-odds-api.com/v4/sports/americanfootball_nfl
2026,1,95c01d1bb797d6df14824b106c5a9130,2026-09-13T17:00:00Z,BetOnline.ag,2026-09-10T19:06:22Z,Atlanta Falcons,Pittsburgh Steelers,h2h,Atlanta Falcons,,180,0.35714286,betonlineag|95c01d1bb797d6df14824b106c5a9130|h2h|event,0.34521158,https://api.the-odds-api.com/v4/sports/americanfootball_nfl
2026,1,95c01d1bb797d6df14824b106c5a9130,2026-09-13T17:00:00Z,BetOnline.ag,2026-09-10T19:06:22Z,Atlanta Falcons,Pittsburgh Steelers,h2h,Pittsburgh Steelers,,-210,0.67741935,betonlineag|95c01d1bb797d6df14824b106c5a9130|h2h|event,0.65478842,https://api.the-odds-api.com/v4/sports/americanfootball_nfl
2026,1,95c01d1bb797d6df14824b106c5a9130,2026-09-13T17:00:00Z,BetOnline.ag,2026-09-10T19:06:22Z,Atlanta Falcons,Pittsburgh Steelers,spreads,Atlanta Falcons,4.0,-110,0.52380952,betonlineag|95c01d1bb797d6df14824b106c5a9130|spreads|event,0.5,https://api.the-odds-api.com/v4/sports/americanfootball_nfl
2026,1,95c01d1bb797d6df14824b106c5a9130,2026-09-13T17:00:00Z,BetOnline.ag,2026-09-10T19:06:22Z,Atlanta Falcons,Pittsburgh Steelers,spreads,Pittsburgh Steelers,-4.0,-110,0.52380952,betonlineag|95c01d1bb797d6df14824b106c5a9130|spreads|event,0.5,https://api.the-odds-api.com/v4/sports/americanfootball_nfl
2026,1,95c01d1bb797d6df14824b106c5a9130,2026-09-13T17:00:00Z,BetOnline.ag,2026-09-10T19:06:22Z,Atlanta Falcons,Pittsburgh Steelers,totals,Over,42.0,-110,0.52380952,betonlineag|95c01d1bb797d6df14824b106c5a9130|totals|42.0,0.5,https://api.the-odds-api.com/v4/sports/americanfootball_nfl
2026,1,95c01d1bb797d6df14824b106c5a9130,2026-09-13T17:00:00Z,BetOnline.ag,2026-09-10T19:06:22Z,Atlanta Falcons,Pittsburgh Steelers,totals,Under,42.0,-110,0.52380952,betonlineag|95c01d1bb797d6df14824b106c5a9130|totals|42.0,0.5,https://api.the-odds-api.com/v4/sports/americanfootball_nfl
2026,1,95c01d1bb797d6df14824b106c5a9130,2026-09-13T17:00:00Z,FanDuel,2026-09-10T19:07:17Z,Atlanta Falcons,Pittsburgh Steelers,h2h,Atlanta Falcons,,180,0.35714286,fanduel|95c01d1bb797d6df14824b106c5a9130|h2h|event,0.34351145,https://api.the-odds-api.com/v4/sports/americanfootball_nfl
2026,1,95c01d1bb797d6df14824b106c5a9130,2026-09-13T17:00:00Z,FanDuel,2026-09-10T19:07:17Z,Atlanta Falcons,Pittsburgh Steelers,h2h,Pittsburgh Steelers,,-215,0.68253968,fanduel|95c01d1bb797d6df14824b106c5a9130|h2h|event,0.65648855,https://api.the-odds-api.com/v4/sports/americanfootball_nfl
2026,1,95c01d1bb797d6df14824b106c5a9130,2026-09-13T17:00:00Z,FanDuel,2026-09-10T19:07:17Z,Atlanta Falcons,Pittsburgh Steelers,spreads,Atlanta Falcons,4.5,-115,0.53488372,fanduel|95c01d1bb797d6df14824b106c5a9130|spreads|event,0.51083424,https://api.the-odds-api.com/v4/sports/americanfootball_nfl
2026,1,95c01d1bb797d6df14824b106c5a9130,2026-09-13T17:00:00Z,FanDuel,2026-09-10T19:07:17Z,Atlanta Falcons,Pittsburgh Steelers,spreads,Pittsburgh Steelers,-4.5,-105,0.51219512,fanduel|95c01d1bb797d6df14824b106c5a9130|spreads|event,0.48916576,https://api.the-odds-api.com/v4/sports/americanfootball_nfl
2026,1,95c01d1bb797d6df14824b106c5a9130,2026-09-13T17:00:00Z,FanDuel,2026-09-10T19:07:17Z,Atlanta Falcons,Pittsburgh Steelers,totals,Over,41.5,-105,0.51219512,fanduel|95c01d1bb797d6df14824b106c5a9130|totals|41.5,0.48916576,https://api.the-odds-api.com/v4/sports/americanfootball_nfl
2026,1,95c01d1bb797d6df14824b106c5a9130,2026-09-13T17:00:00Z,FanDuel,2026-09-10T19:07:17Z,Atlanta Falcons,Pittsburgh Steelers,totals,Under,41.5,-115,0.53488372,fanduel|95c01d1bb797d6df14824b106c5a9130|totals|41.5,0.51083424,https://api.the-odds-api.com/v4/sports/americanfootball_nfl
2026,1,95c01d1bb797d6df14824b106c5a9130,2026-09-13T17:00:00Z,LowVig.ag,2026-09-10T19:06:24Z,Atlanta Falcons,Pittsburgh Steelers,h2h,Atlanta Falcons,,180,0.35714286,lowvig|95c01d1bb797d6df14824b106c5a9130|h2h|event,0.34521158,https://api.the-odds-api.com/v4/sports/americanfootball_nfl
2026,1,95c01d1bb797d6df14824b106c5a9130,2026-09-13T17:00:00Z,LowVig.ag,2026-09-10T19:06:24Z,Atlanta Falcons,Pittsburgh Steelers,h2h,Pittsburgh Steelers,,-210,0.67741935,lowvig|95c01d1bb797d6df14824b106c5a9130|h2h|event,0.65478842,https://api.the-odds-api.com/v4/sports/americanfootball_nfl
2026,1,95c01d1bb797d6df14824b106c5a9130,2026-09-13T17:00:00Z,LowVig.ag,2026-09-10T19:06:24Z,Atlanta Falcons,Pittsburgh Steelers,spreads,Atlanta Falcons,4.0,-105,0.51219512,lowvig|95c01d1bb797d6df14824b106c5a9130|spreads|event,0.5,https://api.the-odds-api.com/v4/sports/americanfootball_nfl
2026,1,95c01d1bb797d6df14824b106c5a9130,2026-09-13T17:00:00Z,LowVig.ag,2026-09-10T19:06:24Z,Atlanta Falcons,Pittsburgh Steelers,spreads,Pittsburgh Steelers,-4.0,-105,0.51219512,lowvig|95c01d1bb797d6df14824b106c5a9130|spreads|event,0.5,https://api.the-odds-api.com/v4/sports/americanfootball_nfl
2026,1,95c01d1bb797d6df14824b106c5a9130,2026-09-13T17:00:00Z,LowVig.ag,2026-09-10T19:06:24Z,Atlanta Falcons,Pittsburgh Steelers,totals,Over,42.0,-107,0.51690821,lowvig|95c01d1bb797d6df14824b106c5a9130|totals|42.0,0.5,https://api.the-odds-api.com/v4/sports/americanfootball_nfl
2026,1,95c01d1bb797d6df14824b106c5a9130,2026-09-13T17:00:00Z,LowVig.ag,2026-09-10T19:06:24Z,Atlanta Falcons,Pittsburgh Steelers,totals,Under,42.0,-107,0.51690821,lowvig|95c01d1bb797d6df14824b106c5a9130|totals|42.0,0.5,https://api.the-odds-api.com/v4/sports/americanfootball_nfl
2026,1,95c01d1bb797d6df14824b106c5a9130,2026-09-13T17:00:00Z,BetUS,2026-09-10T19:06:57Z,Atlanta Falcons,Pittsburgh Steelers,h2h,Atlanta Falcons,,180,0.35714286,betus|95c01d1bb797d6df14824b106c5a9130|h2h|event,0.34521158,https://api.the-odds-api.com/v4/sports/americanfootball_nfl
2026,1,95c01d1bb797d6df14824b106c5a9130,2026-09-13T17:00:00Z,BetUS,2026-09-10T19:06:57Z,Atlanta Falcons,Pittsburgh Steelers,h2h,Pittsburgh Steelers,,-210,0.67741935,betus|95c01d1bb797d6df14824b106c5a9130|h2h|event,0.65478842,https://api.the-odds-api.com/v4/sports/americanfootball_nfl
2026,1,95c01d1bb797d6df14824b106c5a9130,2026-09-13T17:00:00Z,BetUS,2026-09-10T19:06:57Z,Atlanta Falcons,Pittsburgh Steelers,spreads,Atlanta Falcons,4.0,-110,0.52380952,betus|95c01d1bb797d6df14824b106c5a9130|spreads|event,0.5,https://api.the-odds-api.com/v4/sports/americanfootball_nfl
2026,1,95c01d1bb797d6df14824b106c5a9130,2026-09-13T17:00:00Z,BetUS,2026-09-10T19:06:57Z,Atlanta Falcons,Pittsburgh Steelers,spreads,Pittsburgh Steelers,-4.0,-110,0.52380952,betus|95c01d1bb797d6df14824b106c5a9130|spreads|event,0.5,https://api.the-odds-api.com/v4/sports/americanfootball_nfl
2026,1,95c01d1bb797d6df14824b106c5a9130,2026-09-13T17:00:00Z,BetUS,2026-09-10T19:06:57Z,Atlanta Falcons,Pittsburgh Steelers,totals,Over,42.0,-110,0.52380952,betus|95c01d1bb797d6df14824b106c5a9130|totals|42.0,0.5,https://api.the-odds-api.com/v4/sports/americanfootball_nfl
2026,1,95c01d1bb797d6df14824b106c5a9130,2026-09-13T17:00:00Z,BetUS,2026-09-10T19:06:57Z,Atlanta Falcons,Pittsburgh Steelers,totals,Under,42.0,-110,0.52380952,betus|95c01d1bb797d6df14824b106c5a9130|totals|42.0,0.5,https://api.the-odds-api.com/v4/sports/americanfootball_nfl
2026,1,95c01d1bb797d6df14824b106c5a9130,2026-09-13T17:00:00Z,BetMGM,2026-09-10T19:06:54Z,Atlanta Falcons,Pittsburgh Steelers,h2h,Atlanta Falcons,,175,0.36363636,betmgm|95c01d1bb797d6df14824b106c5a9130|h2h|event,0.34929577,https://api.the-odds-api.com/v4/sports/americanfootball_nfl
2026,1,95c01d1bb797d6df14824b106c5a9130,2026-09-13T17:00:00Z,BetMGM,2026-09-10T19:06:54Z,Atlanta Falcons,Pittsburgh Steelers,h2h,Pittsburgh Steelers,,-210,0.67741935,betmgm|95c01d1bb797d6df14824b106c5a9130|h2h|event,0.65070423,https://api.the-odds-api.com/v4/sports/americanfootball_nfl
2026,1,95c01d1bb797d6df14824b106c5a9130,2026-09-13T17:00:00Z,BetMGM,2026-09-10T19:06:54Z,Atlanta Falcons,Pittsburgh Steelers,spreads,Atlanta Falcons,4.0,-108,0.51923077,betmgm|95c01d1bb797d6df14824b106c5a9130|spreads|event,0.49780509,https://api.the-odds-api.com/v4/sports/americanfootball_nfl
2026,1,95c01d1bb797d6df14824b106c5a9130,2026-09-13T17:00:00Z,BetMGM,2026-09-10T19:06:54Z,Atlanta Falcons,Pittsburgh Steelers,spreads,Pittsburgh Steelers,-4.0,-110,0.52380952,betmgm|95c01d1bb797d6df14824b106c5a9130|spreads|event,0.50219491,https://api.the-odds-api.com/v4/sports/americanfootball_nfl
2026,1,95c01d1bb797d6df14824b106c5a9130,2026-09-13T17:00:00Z,BetMGM,2026-09-10T19:06:54Z,Atlanta Falcons,Pittsburgh Steelers,totals,Over,41.5,-110,0.52380952,betmgm|95c01d1bb797d6df14824b106c5a9130|totals|41.5,0.50219491,https://api.the-odds-api.com/v4/sports/americanfootball_nfl
2026,1,95c01d1bb797d6df14824b106c5a9130,2026-09-13T17:00:00Z,BetMGM,2026-09-10T19:06:54Z,Atlanta Falcons,Pittsburgh Steelers,totals,Under,41.5,-108,0.51923077,betmgm|95c01d1bb797d6df14824b106c5a9130|totals|41.5,0.49780509,https://api.the-odds-api.com/v4/sports/americanfootball_nfl
2026,1,95c01d1bb797d6df14824b106c5a9130,2026-09-13T17:00:00Z,Bovada,2026-09-10T19:06:00Z,Atlanta Falcons,Pittsburgh Steelers,h2h,Atlanta Falcons,,175,0.36363636,bovada|95c01d1bb797d6df14824b106c5a9130|h2h|event,0.34929577,https://api.the-odds-api.com/v4/sports/americanfootball_nfl
2026,1,95c01d1bb797d6df14824b106c5a9130,2026-09-13T17:00:00Z,Bovada,2026-09-10T19:06:00Z,Atlanta Falcons,Pittsburgh Steelers,h2h,Pittsburgh Steelers,,-210,0.67741935,bovada|95c01d1bb797d6df14824b106c5a9130|h2h|event,0.65070423,https://api.the-odds-api.com/v4/sports/americanfootball_nfl
2026,1,95c01d1bb797d6df14824b106c5a9130,2026-09-13T17:00:00Z,Bovada,2026-09-10T19:06:00Z,Atlanta Falcons,Pittsburgh Steelers,spreads,Atlanta Falcons,4.0,-110,0.52380952,bovada|95c01d1bb797d6df14824b106c5a9130|spreads|event,0.5,https://api.the-odds-api.com/v4/sports/americanfootball_nfl
2026,1,95c01d1bb797d6df14824b106c5a9130,2026-09-13T17:00:00Z,Bovada,2026-09-10T19:06:00Z,Atlanta Falcons,Pittsburgh Steelers,spreads,Pittsburgh Steelers,-4.0,-110,0.52380952,bovada|95c01d1bb797d6df14824b106c5a9130|spreads|event,0.5,https://api.the-odds-api.com/v4/sports/americanfootball_nfl
2026,1,95c01d1bb797d6df14824b106c5a9130,2026-09-13T17:00:00Z,Bovada,2026-09-10T19:06:00Z,Atlanta Falcons,Pittsburgh Steelers,totals,Over,42.0,-110,0.52380952,bovada|95c01d1bb797d6df14824b106c5a9130|totals|42.0,0.5,https://api.the-odds-api.com/v4/sports/americanfootball_nfl
2026,1,95c01d1bb797d6df14824b106c5a9130,2026-09-13T17:00:00Z,Bovada,2026-09-10T19:06:00Z,Atlanta Falcons,Pittsburgh Steelers,totals,Under,42.0,-110,0.52380952,bovada|95c01d1bb797d6df14824b106c5a9130|totals|42.0,0.5,https://api.the-odds-api.com/v4/sports/americanfootball_nfl
2026,1,95c01d1bb797d6df14824b106c5a9130,2026-09-13T17:00:00Z,MyBookie.ag,2026-09-10T19:05:34Z,Atlanta Falcons,Pittsburgh Steelers,h2h,Atlanta Falcons,,170,0.37037037,mybookieag|95c01d1bb797d6df14824b106c5a9130|h2h|event,0.35278155,https://api.the-odds-api.com/v4/sports/americanfootball_nfl
2026,1,95c01d1bb797d6df14824b106c5a9130,2026-09-13T17:00:00Z,MyBookie.ag,2026-09-10T19:05:34Z,Atlanta Falcons,Pittsburgh Steelers,h2h,Pittsburgh Steelers,,-212,0.67948718,mybookieag|95c01d1bb797d6df14824b106c5a9130|h2h|event,0.64721845,https://api.the-odds-api.com/v4/sports/americanfootball_nfl
2026,1,95c01d1bb797d6df14824b106c5a9130,2026-09-13T17:00:00Z,MyBookie.ag,2026-09-10T19:05:34Z,Atlanta Falcons,Pittsburgh Steelers,spreads,Atlanta Falcons,4.0,-110,0.52380952,mybookieag|95c01d1bb797d6df14824b106c5a9130|spreads|event,0.5,https://api.the-odds-api.com/v4/sports/americanfootball_nfl
2026,1,95c01d1bb797d6df14824b106c5a9130,2026-09-13T17:00:00Z,MyBookie.ag,2026-09-10T19:05:34Z,Atlanta Falcons,Pittsburgh Steelers,spreads,Pittsburgh Steelers,-4.0,-110,0.52380952,mybookieag|95c01d1bb797d6df14824b106c5a9130|spreads|event,0.5,https://api.the-odds-api.com/v4/sports/americanfootball_nfl
2026,1,95c01d1bb797d6df14824b106c5a9130,2026-09-13T17:00:00Z,MyBookie.ag,2026-09-10T19:05:34Z,Atlanta Falcons,Pittsburgh Steelers,totals,Over,41.5,-110,0.52380952,mybookieag|95c01d1bb797d6df14824b106c5a9130|totals|41.5,0.5,https://api.the-odds-api.com/v4/sports/americanfootball_nfl
2026,1,95c01d1bb797d6df14824b106c5a9130,2026-09-13T17:00:00Z,MyBookie.ag,2026-09-10T19:05:34Z,Atlanta Falcons,Pittsburgh Steelers,totals,Under,41.5,-110,0.52380952,mybookieag|95c01d1bb797d6df14824b106c5a9130|totals|41.5,0.5,https://api.the-odds-api.com/v4/sports/americanfootball_nfl
2026,1,b6cfdcbafa61ce220ba87dc2d9b80c77,2026-09-13T17:00:00Z,DraftKings,2026-09-10T19:06:23Z,Baltimore Ravens,Indianapolis Colts,h2h,Baltimore Ravens,,-175,0.63636364,draftkings|b6cfdcbafa61ce220ba87dc2d9b80c77|h2h|event,0.60923623,https://api.the-odds-api.com/v4/sports/americanfootball_nfl
2026,1,b6cfdcbafa61ce220ba87dc2d9b80c77,2026-09-13T17:00:00Z,DraftKings,2026-09-10T19:06:23Z,Baltimore Ravens,Indianapolis Colts,h2h,Indianapolis Colts,,145,0.40816327,draftkings|b6cfdcbafa61ce220ba87dc2d9b80c77|h2h|event,0.39076377,https://api.the-odds-api.com/v4/sports/americanfootball_nfl
2026,1,b6cfdcbafa61ce220ba87dc2d9b80c77,2026-09-13T17:00:00Z,DraftKings,2026-09-10T19:06:23Z,Baltimore Ravens,Indianapolis Colts,spreads,Baltimore Ravens,-3.5,-105,0.51219512,draftkings|b6cfdcbafa61ce220ba87dc2d9b80c77|spreads|event,0.48916576,https://api.the-odds-api.com/v4/sports/americanfootball_nfl
2026,1,b6cfdcbafa61ce220ba87dc2d9b80c77,2026-09-13T17:00:00Z,DraftKings,2026-09-10T19:06:23Z,Baltimore Ravens,Indianapolis Colts,spreads,Indianapolis Colts,3.5,-115,0.53488372,draftkings|b6cfdcbafa61ce220ba87dc2d9b80c77|spreads|event,0.51083424,https://api.the-odds-api.com/v4/sports/americanfootball_nfl
2026,1,b6cfdcbafa61ce220ba87dc2d9b80c77,2026-09-13T17:00:00Z,DraftKings,2026-09-10T19:06:23Z,Baltimore Ravens,Indianapolis Colts,totals,Over,47.5,-115,0.53488372,draftkings|b6cfdcbafa61ce220ba87dc2d9b80c77|totals|47.5,0.51083424,https://api.the-odds-api.com/v4/sports/americanfootball_nfl
2026,1,b6cfdcbafa61ce220ba87dc2d9b80c77,2026-09-13T17:00:00Z,DraftKings,2026-09-10T19:06:23Z,Baltimore Ravens,Indianapolis Colts,totals,Under,47.5,-105,0.51219512,draftkings|b6cfdcbafa61ce220ba87dc2d9b80c77|totals|47.5,0.48916576,https://api.the-odds-api.com/v4/sports/americanfootball_nfl
2026,1,b6cfdcbafa61ce220ba87dc2d9b80c77,2026-09-13T17:00:00Z,BetUS,2026-09-10T19:06:57Z,Baltimore Ravens,Indianapolis Colts,h2h,Baltimore Ravens,,-175,0.63636364,betus|b6cfdcbafa61ce220ba87dc2d9b80c77|h2h|event,0.61403509,https://api.the-odds-api.com/v4/sports/americanfootball_nfl
2026,1,b6cfdcbafa61ce220ba87dc2d9b80c77,2026-09-13T17:00:00Z,BetUS,2026-09-10T19:06:57Z,Baltimore Ravens,Indianapolis Colts,h2h,Indianapolis Colts,,150,0.4,betus|b6cfdcbafa61ce220ba87dc2d9b80c77|h2h|event,0.38596491,https://api.the-odds-api.com/v4/sports/americanfootball_nfl
2026,1,b6cfdcbafa61ce220ba87dc2d9b80c77,2026-09-13T17:00:00Z,BetUS,2026-09-10T19:06:57Z,Baltimore Ravens,Indianapolis Colts,spreads,Baltimore Ravens,-3.5,100,0.5,betus|b6cfdcbafa61ce220ba87dc2d9b80c77|spreads|event,0.47826087,https://api.the-odds-api.com/v4/sports/americanfootball_nfl
2026,1,b6cfdcbafa61ce220ba87dc2d9b80c77,2026-09-13T17:00:00Z,BetUS,2026-09-10T19:06:57Z,Baltimore Ravens,Indianapolis Colts,spreads,Indianapolis Colts,3.5,-120,0.54545455,betus|b6cfdcbafa61ce220ba87dc2d9b80c77|spreads|event,0.52173913,https://api.the-odds-api.com/v4/sports/americanfootball_nfl
2026,1,b6cfdcbafa61ce220ba87dc2d9b80c77,2026-09-13T17:00:00Z,BetUS,2026-09-10T19:06:57Z,Baltimore Ravens,Indianapolis Colts,totals,Over,48.0,-110,0.52380952,betus|b6cfdcbafa61ce220ba87dc2d9b80c77|totals|48.0,0.5,https://api.the-odds-api.com/v4/sports/americanfootball_nfl
2026,1,b6cfdcbafa61ce220ba87dc2d9b80c77,2026-09-13T17:00:00Z,BetUS,2026-09-10T19:06:57Z,Baltimore Ravens,Indianapolis Colts,totals,Under,48.0,-110,0.52380952,betus|b6cfdcbafa61ce220ba87dc2d9b80c77|totals|48.0,0.5,https://api.the-odds-api.com/v4/sports/americanfootball_nfl
2026,1,b6cfdcbafa61ce220ba87dc2d9b80c77,2026-09-13T17:00:00Z,LowVig.ag,2026-09-10T19:06:24Z,Baltimore Ravens,Indianapolis Colts,h2h,Baltimore Ravens,,-175,0.63636364,lowvig|b6cfdcbafa61ce220ba87dc2d9b80c77|h2h|event,0.61685824,https://api.the-odds-api.com/v4/sports/americanfootball_nfl
2026,1,b6cfdcbafa61ce220ba87dc2d9b80c77,2026-09-13T17:00:00Z,LowVig.ag,2026-09-10T19:06:24Z,Baltimore Ravens,Indianapolis Colts,h2h,Indianapolis Colts,,153,0.39525692,lowvig|b6cfdcbafa61ce220ba87dc2d9b80c77|h2h|event,0.38314176,https://api.the-odds-api.com/v4/sports/americanfootball_nfl
2026,1,b6cfdcbafa61ce220ba87dc2d9b80c77,2026-09-13T17:00:00Z,LowVig.ag,2026-09-10T19:06:24Z,Baltimore Ravens,Indianapolis Colts,spreads,Baltimore Ravens,-3.5,111,0.47393365,lowvig|b6cfdcbafa61ce220ba87dc2d9b80c77|spreads|event,0.46305953,https://api.the-odds-api.com/v4/sports/americanfootball_nfl
2026,1,b6cfdcbafa61ce220ba87dc2d9b80c77,2026-09-13T17:00:00Z,LowVig.ag,2026-09-10T19:06:24Z,Baltimore Ravens,Indianapolis Colts,spreads,Indianapolis Colts,3.5,-122,0.54954955,lowvig|b6cfdcbafa61ce220ba87dc2d9b80c77|spreads|event,0.53694047,https://api.the-odds-api.com/v4/sports/americanfootball_nfl
2026,1,b6cfdcbafa61ce220ba87dc2d9b80c77,2026-09-13T17:00:00Z,LowVig.ag,2026-09-10T19:06:24Z,Baltimore Ravens,Indianapolis Colts,totals,Over,48.0,-102,0.5049505,lowvig|b6cfdcbafa61ce220ba87dc2d9b80c77|totals|48.0,0.48765488,https://api.the-odds-api.com/v4/sports/americanfootball_nfl
2026,1,b6cfdcbafa61ce220ba87dc2d9b80c77,2026-09-13T17:00:00Z,LowVig.ag,2026-09-10T19:06:24Z,Baltimore Ravens,Indianapolis Colts,totals,Under,48.0,-113,0.53051643,lowvig|b6cfdcbafa61ce220ba87dc2d9b80c77|totals|48.0,0.51234512,https://api.the-odds-api.com/v4/sports/americanfootball_nfl
2026,1,b6cfdcbafa61ce220ba87dc2d9b80c77,2026-09-13T17:00:00Z,BetRivers,2026-09-10T19:06:57Z,Baltimore Ravens,Indianapolis Colts,h2h,Baltimore Ravens,,-175,0.63636364,betrivers|b6cfdcbafa61ce220ba87dc2d9b80c77|h2h|event,0.60431655,https://api.the-odds-api.com/v4/sports/americanfootball_nfl
2026,1,b6cfdcbafa61ce220ba87dc2d9b80c77,2026-09-13T17:00:00Z,BetRivers,2026-09-10T19:06:57Z,Baltimore Ravens,Indianapolis Colts,h2h,Indianapolis Colts,,140,0.41666667,betrivers|b6cfdcbafa61ce220ba87dc2d9b80c77|h2h|event,0.39568345,https://api.the-odds-api.com/v4/sports/americanfootball_nfl
2026,1,b6cfdcbafa61ce220ba87dc2d9b80c77,2026-09-13T17:00:00Z,BetRivers,2026-09-10T19:06:57Z,Baltimore Ravens,Indianapolis Colts,spreads,Baltimore Ravens,-3.5,-106,0.51456311,betrivers|b6cfdcbafa61ce220ba87dc2d9b80c77|spreads|event,0.49031842,https://api.the-odds-api.com/v4/sports/americanfootball_nfl
2026,1,b6cfdcbafa61ce220ba87dc2d9b80c77,2026-09-13T17:00:00Z,BetRivers,2026-09-10T19:06:57Z,Baltimore Ravens,Indianapolis Colts,spreads,Indianapolis Colts,3.5,-115,0.53488372,betrivers|b6cfdcbafa61ce220ba87dc2d9b80c77|spreads|event,0.50968158,https://api.the-odds-api.com/v4/sports/americanfootball_nfl
2026,1,b6cfdcbafa61ce220ba87dc2d9b80c77,2026-09-13T17:00:00Z,BetRivers,2026-09-10T19:06:57Z,Baltimore Ravens,Indianapolis Colts,totals,Over,47.5,-112,0.52830189,betrivers|b6cfdcbafa61ce220ba87dc2d9b80c77|totals|47.5,0.5032247,https://api.the-odds-api.com/v4/sports/americanfootball_nfl
2026,1,b6cfdcbafa61ce220ba87dc2d9b80c77,2026-09-13T17:00:00Z,BetRivers,2026-09-10T19:06:57Z,Baltimore Ravens,Indianapolis Colts,totals,Under,47.5,-109,0.5215311,betrivers|b6cfdcbafa61ce220ba87dc2d9b80c77|totals|47.5,0.4967753,https://api.the-odds-api.com/v4/sports/americanfootball_nfl
2026,1,b6cfdcbafa61ce220ba87dc2d9b80c77,2026-09-13T17:00:00Z,BetOnline.ag,2026-09-10T19:06:22Z,Baltimore Ravens,Indianapolis Colts,h2h,Baltimore Ravens,,-175,0.63636364,betonlineag|b6cfdcbafa61ce220ba87dc2d9b80c77|h2h|event,0.61685824,https://api.the-odds-api.com/v4/sports/americanfootball_nfl
2026,1,b6cfdcbafa61ce220ba87dc2d9b80c77,2026-09-13T17:00:00Z,BetOnline.ag,2026-09-10T19:06:22Z,Baltimore Ravens,Indianapolis Colts,h2h,Indianapolis Colts,,153,0.39525692,betonlineag|b6cfdcbafa61ce220ba87dc2d9b80c77|h2h|event,0.38314176,https://api.the-odds-api.com/v4/sports/americanfootball_nfl
2026,1,b6cfdcbafa61ce220ba87dc2d9b80c77,2026-09-13T17:00:00Z,BetOnline.ag,2026-09-10T19:06:22Z,Baltimore Ravens,Indianapolis Colts,spreads,Baltimore Ravens,-3.5,106,0.48543689,betonlineag|b6cfdcbafa61ce220ba87dc2d9b80c77|spreads|event,0.46544196,https://api.the-odds-api.com/v4/sports/americanfootball_nfl
2026,1,b6cfdcbafa61ce220ba87dc2d9b80c77,2026-09-13T17:00:00Z,BetOnline.ag,2026-09-10T19:06:22Z,Baltimore Ravens,Indianapolis Colts,spreads,Indianapolis Colts,3.5,-126,0.55752212,betonlineag|b6cfdcbafa61ce220ba87dc2d9b80c77|spreads|event,0.53455804,https://api.the-odds-api.com/v4/sports/americanfootball_nfl
2026,1,b6cfdcbafa61ce220ba87dc2d9b80c77,2026-09-13T17:00:00Z,BetOnline.ag,2026-09-10T19:06:22Z,Baltimore Ravens,Indianapolis Colts,totals,Over,48.0,-105,0.51219512,betonlineag|b6cfdcbafa61ce220ba87dc2d9b80c77|totals|48.0,0.48916576,https://api.the-odds-api.com/v4/sports/americanfootball_nfl
2026,1,b6cfdcbafa61ce220ba87dc2d9b80c77,2026-09-13T17:00:00Z,BetOnline.ag,2026-09-10T19:06:22Z,Baltimore Ravens,Indianapolis Colts,totals,Under,48.0,-115,0.53488372,betonlineag|b6cfdcbafa61ce220ba87dc2d9b80c77|totals|48.0,0.51083424,https://api.the-odds-api.com/v4/sports/americanfootball_nfl
2026,1,b6cfdcbafa61ce220ba87dc2d9b80c77,2026-09-13T17:00:00Z,FanDuel,2026-09-10T19:07:17Z,Baltimore Ravens,Indianapolis Colts,h2h,Baltimore Ravens,,-184,0.64788732,fanduel|b6cfdcbafa61ce220ba87dc2d9b80c77|h2h|event,0.62201874,https://api.the-odds-api.com/v4/sports/americanfootball_nfl
2026,1,b6cfdcbafa61ce220ba87dc2d9b80c77,2026-09-13T17:00:00Z,FanDuel,2026-09-10T19:07:17Z,Baltimore Ravens,Indianapolis Colts,h2h,Indianapolis Colts,,154,0.39370079,fanduel|b6cfdcbafa61ce220ba87dc2d9b80c77|h2h|event,0.37798126,https://api.the-odds-api.com/v4/sports/americanfootball_nfl
2026,1,b6cfdcbafa61ce220ba87dc2d9b80c77,2026-09-13T17:00:00Z,FanDuel,2026-09-10T19:07:17Z,Baltimore Ravens,Indianapolis Colts,spreads,Baltimore Ravens,-3.5,-104,0.50980392,fanduel|b6cfdcbafa61ce220ba87dc2d9b80c77|spreads|event,0.48502482,https://api.the-odds-api.com/v4/sports/americanfootball_nfl
2026,1,b6cfdcbafa61ce220ba87dc2d9b80c77,2026-09-13T17:00:00Z,FanDuel,2026-09-10T19:07:17Z,Baltimore Ravens,Indianapolis Colts,spreads,Indianapolis Colts,3.5,-118,0.5412844,fanduel|b6cfdcbafa61ce220ba87dc2d9b80c77|spreads|event,0.51497518,https://api.the-odds-api.com/v4/sports/americanfootball_nfl
2026,1,b6cfdcbafa61ce220ba87dc2d9b80c77,2026-09-13T17:00:00Z,FanDuel,2026-09-10T19:07:17Z,Baltimore Ravens,Indianapolis Colts,totals,Over,47.5,-115,0.53488372,fanduel|b6cfdcbafa61ce220ba87dc2d9b80c77|totals|47.5,0.51083424,https://api.the-odds-api.com/v4/sports/americanfootball_nfl
2026,1,b6cfdcbafa61ce220ba87dc2d9b80c77,2026-09-13T17:00:00Z,FanDuel,2026-09-10T19:07:17Z,Baltimore Ravens,Indianapolis Colts,totals,Under,47.5,-105,0.51219512,fanduel|b6cfdcbafa61ce220ba87dc2d9b80c77|totals|47.5,0.48916576,https://api.the-odds-api.com/v4/sports/americanfootball_nfl
2026,1,b6cfdcbafa61ce220ba87dc2d9b80c77,2026-09-13T17:00:00Z,BetMGM,2026-09-10T19:06:54Z,Baltimore Ravens,Indianapolis Colts,h2h,Baltimore Ravens,,-190,0.65517241,betmgm|b6cfdcbafa61ce220ba87dc2d9b80c77|h2h|event,0.62556488,https://api.the-odds-api.com/v4/sports/americanfootball_nfl
2026,1,b6cfdcbafa61ce220ba87dc2d9b80c77,2026-09-13T17:00:00Z,BetMGM,2026-09-10T19:06:54Z,Baltimore Ravens,Indianapolis Colts,h2h,Indianapolis Colts,,155,0.39215686,betmgm|b6cfdcbafa61ce220ba87dc2d9b80c77|h2h|event,0.37443512,https://api.the-odds-api.com/v4/sports/americanfootball_nfl
2026,1,b6cfdcbafa61ce220ba87dc2d9b80c77,2026-09-13T17:00:00Z,BetMGM,2026-09-10T19:06:54Z,Baltimore Ravens,Indianapolis Colts,spreads,Baltimore Ravens,-3.5,-102,0.5049505,betmgm|b6cfdcbafa61ce220ba87dc2d9b80c77|spreads|event,0.48263588,https://api.the-odds-api.com/v4/sports/americanfootball_nfl
2026,1,b6cfdcbafa61ce220ba87dc2d9b80c77,2026-09-13T17:00:00Z,BetMGM,2026-09-10T19:06:54Z,Baltimore Ravens,Indianapolis Colts,spreads,Indianapolis Colts,3.5,-118,0.5412844,betmgm|b6cfdcbafa61ce220ba87dc2d9b80c77|spreads|event,0.51736412,https://api.the-odds-api.com/v4/sports/americanfootball_nfl
2026,1,b6cfdcbafa61ce220ba87dc2d9b80c77,2026-09-13T17:00:00Z,BetMGM,2026-09-10T19:06:54Z,Baltimore Ravens,Indianapolis Colts,totals,Over,48.0,-108,0.51923077,betmgm|b6cfdcbafa61ce220ba87dc2d9b80c77|totals|48.0,0.49567024,https://api.the-odds-api.com/v4/sports/americanfootball_nfl
2026,1,b6cfdcbafa61ce220ba87dc2d9b80c77,2026-09-13T17:00:00Z,BetMGM,2026-09-10T19:06:54Z,Baltimore Ravens,Indianapolis Colts,totals,Under,48.0,-112,0.52830189,betmgm|b6cfdcbafa61ce220ba87dc2d9b80c77|totals|48.0,0.50432976,https://api.the-odds-api.com/v4/sports/americanfootball_nfl
2026,1,b6cfdcbafa61ce220ba87dc2d9b80c77,2026-09-13T17:00:00Z,Bovada,2026-09-10T19:06:00Z,Baltimore Ravens,Indianapolis Colts,h2h,Baltimore Ravens,,-175,0.63636364,bovada|b6cfdcbafa61ce220ba87dc2d9b80c77|h2h|event,0.61403509,https://api.the-odds-api.com/v4/sports/americanfootball_nfl
2026,1,b6cfdcbafa61ce220ba87dc2d9b80c77,2026-09-13T17:00:00Z,Bovada,2026-09-10T19:06:00Z,Baltimore Ravens,Indianapolis Colts,h2h,Indianapolis Colts,,150,0.4,bovada|b6cfdcbafa61ce220ba87dc2d9b80c77|h2h|event,0.38596491,https://api.the-odds-api.com/v4/sports/americanfootball_nfl
2026,1,b6cfdcbafa61ce220ba87dc2d9b80c77,2026-09-13T17:00:00Z,Bovada,2026-09-10T19:06:00Z,Baltimore Ravens,Indianapolis Colts,spreads,Baltimore Ravens,-3.0,-120,0.54545455,bovada|b6cfdcbafa61ce220ba87dc2d9b80c77|spreads|event,0.52173913,https://api.the-odds-api.com/v4/sports/americanfootball_nfl
2026,1,b6cfdcbafa61ce220ba87dc2d9b80c77,2026-09-13T17:00:00Z,Bovada,2026-09-10T19:06:00Z,Baltimore Ravens,Indianapolis Colts,spreads,Indianapolis Colts,3.0,100,0.5,bovada|b6cfdcbafa61ce220ba87dc2d9b80c77|spreads|event,0.47826087,https://api.the-odds-api.com/v4/sports/americanfootball_nfl
2026,1,b6cfdcbafa61ce220ba87dc2d9b80c77,2026-09-13T17:00:00Z,Bovada,2026-09-10T19:06:00Z,Baltimore Ravens,Indianapolis Colts,totals,Over,48.0,-105,0.51219512,bovada|b6cfdcbafa61ce220ba87dc2d9b80c77|totals|48.0,0.48916576,https://api.the-odds-api.com/v4/sports/americanfootball_nfl
2026,1,b6cfdcbafa61ce220ba87dc2d9b80c77,2026-09-13T17:00:00Z,Bovada,2026-09-10T19:06:00Z,Baltimore Ravens,Indianapolis Colts,totals,Under,48.0,-115,0.53488372,bovada|b6cfdcbafa61ce220ba87dc2d9b80c77|totals|48.0,0.51083424,https://api.the-odds-api.com/v4/sports/americanfootball_nfl
2026,1,b6cfdcbafa61ce220ba87dc2d9b80c77,2026-09-13T17:00:00Z,MyBookie.ag,2026-09-10T19:05:34Z,Baltimore Ravens,Indianapolis Colts,h2h,Baltimore Ravens,,-175,0.63636364,mybookieag|b6cfdcbafa61ce220ba87dc2d9b80c77|h2h|event,0.60629921,https://api.the-odds-api.com/v4/sports/americanfootball_nfl
2026,1,b6cfdcbafa61ce220ba87dc2d9b80c77,2026-09-13T17:00:00Z,MyBookie.ag,2026-09-10T19:05:34Z,Baltimore Ravens,Indianapolis Colts,h2h,Indianapolis Colts,,142,0.41322314,mybookieag|b6cfdcbafa61ce220ba87dc2d9b80c77|h2h|event,0.39370079,https://api.the-odds-api.com/v4/sports/americanfootball_nfl
2026,1,b6cfdcbafa61ce220ba87dc2d9b80c77,2026-09-13T17:00:00Z,MyBookie.ag,2026-09-10T19:05:34Z,Baltimore Ravens,Indianapolis Colts,spreads,Baltimore Ravens,-3.5,100,0.5,mybookieag|b6cfdcbafa61ce220ba87dc2d9b80c77|spreads|event,0.47826087,https://api.the-odds-api.com/v4/sports/americanfootball_nfl
2026,1,b6cfdcbafa61ce220ba87dc2d9b80c77,2026-09-13T17:00:00Z,MyBookie.ag,2026-09-10T19:05:34Z,Baltimore Ravens,Indianapolis Colts,spreads,Indianapolis Colts,3.5,-120,0.54545455,mybookieag|b6cfdcbafa61ce220ba87dc2d9b80c77|spreads|event,0.52173913,https://api.the-odds-api.com/v4/sports/americanfootball_nfl
2026,1,b6cfdcbafa61ce220ba87dc2d9b80c77,2026-09-13T17:00:00Z,MyBookie.ag,2026-09-10T19:05:34Z,Baltimore Ravens,Indianapolis Colts,totals,Over,48.0,-110,0.52380952,mybookieag|b6cfdcbafa61ce220ba87dc2d9b80c77|totals|48.0,0.5,https://api.the-odds-api.com/v4/sports/americanfootball_nfl
2026,1,b6cfdcbafa61ce220ba87dc2d9b80c77,2026-09-13T17:00:00Z,MyBookie.ag,2026-09-10T19:05:34Z,Baltimore Ravens,Indianapolis Colts,totals,Under,48.0,-110,0.52380952,mybookieag|b6cfdcbafa61ce220ba87dc2d9b80c77|totals|48.0,0.5,https://api.the-odds-api.com/v4/sports/americanfootball_nfl
2026,1,7e09efed7e12c659b82740b67ce2f9a1,2026-09-13T17:00:00Z,DraftKings,2026-09-10T19:06:23Z,Buffalo Bills,Houston Texans,h2h,Buffalo Bills,,-120,0.54545455,draftkings|7e09efed7e12c659b82740b67ce2f9a1|h2h|event,0.52173913,https://api.the-odds-api.com/v4/sports/americanfootball_nfl
2026,1,7e09efed7e12c659b82740b67ce2f9a1,2026-09-13T17:00:00Z,DraftKings,2026-09-10T19:06:23Z,Buffalo Bills,Houston Texans,h2h,Houston Texans,,100,0.5,draftkings|7e09efed7e12c659b82740b67ce2f9a1|h2h|event,0.47826087,https://api.the-odds-api.com/v4/sports/americanfootball_nfl
2026,1,7e09efed7e12c659b82740b67ce2f9a1,2026-09-13T17:00:00Z,DraftKings,2026-09-10T19:06:23Z,Buffalo Bills,Houston Texans,spreads,Buffalo Bills,-1.5,-108,0.51923077,draftkings|7e09efed7e12c659b82740b67ce2f9a1|spreads|event,0.49567024,https://api.the-odds-api.com/v4/sports/americanfootball_nfl
2026,1,7e09efed7e12c659b82740b67ce2f9a1,2026-09-13T17:00:00Z,DraftKings,2026-09-10T19:06:23Z,Buffalo Bills,Houston Texans,spreads,Houston Texans,1.5,-112,0.52830189,draftkings|7e09efed7e12c659b82740b67ce2f9a1|spreads|event,0.50432976,https://api.the-odds-api.com/v4/sports/americanfootball_nfl
2026,1,7e09efed7e12c659b82740b67ce2f9a1,2026-09-13T17:00:00Z,DraftKings,2026-09-10T19:06:23Z,Buffalo Bills,Houston Texans,totals,Over,44.5,-115,0.53488372,draftkings|7e09efed7e12c659b82740b67ce2f9a1|totals|44.5,0.51083424,https://api.the-odds-api.com/v4/sports/americanfootball_nfl
2026,1,7e09efed7e12c659b82740b67ce2f9a1,2026-09-13T17:00:00Z,DraftKings,2026-09-10T19:06:23Z,Buffalo Bills,Houston Texans,totals,Under,44.5,-105,0.51219512,draftkings|7e09efed7e12c659b82740b67ce2f9a1|totals|44.5,0.48916576,https://api.the-odds-api.com/v4/sports/americanfootball_nfl
2026,1,7e09efed7e12c659b82740b67ce2f9a1,2026-09-13T17:00:00Z,BetUS,2026-09-10T19:06:57Z,Buffalo Bills,Houston Texans,spreads,Buffalo Bills,0.0,-120,0.54545455,betus|7e09efed7e12c659b82740b67ce2f9a1|spreads|event,0.52173913,https://api.the-odds-api.com/v4/sports/americanfootball_nfl
2026,1,7e09efed7e12c659b82740b67ce2f9a1,2026-09-13T17:00:00Z,BetUS,2026-09-10T19:06:57Z,Buffalo Bills,Houston Texans,spreads,Houston Texans,0.0,100,0.5,betus|7e09efed7e12c659b82740b67ce2f9a1|spreads|event,0.47826087,https://api.the-odds-api.com/v4/sports/americanfootball_nfl
2026,1,7e09efed7e12c659b82740b67ce2f9a1,2026-09-13T17:00:00Z,BetUS,2026-09-10T19:06:57Z,Buffalo Bills,Houston Texans,totals,Over,45.0,-110,0.52380952,betus|7e09efed7e12c659b82740b67ce2f9a1|totals|45.0,0.5,https://api.the-odds-api.com/v4/sports/americanfootball_nfl
2026,1,7e09efed7e12c659b82740b67ce2f9a1,2026-09-13T17:00:00Z,BetUS,2026-09-10T19:06:57Z,Buffalo Bills,Houston Texans,totals,Under,45.0,-110,0.52380952,betus|7e09efed7e12c659b82740b67ce2f9a1|totals|45.0,0.5,https://api.the-odds-api.com/v4/sports/americanfootball_nfl
2026,1,7e09efed7e12c659b82740b67ce2f9a1,2026-09-13T17:00:00Z,LowVig.ag,2026-09-10T19:06:24Z,Buffalo Bills,Houston Texans,h2h,Buffalo Bills,,-121,0.54751131,lowvig|7e09efed7e12c659b82740b67ce2f9a1|h2h|event,0.52392236,https://api.the-odds-api.com/v4/sports/americanfootball_nfl
2026,1,7e09efed7e12c659b82740b67ce2f9a1,2026-09-13T17:00:00Z,LowVig.ag,2026-09-10T19:06:24Z,Buffalo Bills,Houston Texans,h2h,Houston Texans,,101,0.49751244,lowvig|7e09efed7e12c659b82740b67ce2f9a1|h2h|event,0.47607764,https://api.the-odds-api.com/v4/sports/americanfootball_nfl
2026,1,7e09efed7e12c659b82740b67ce2f9a1,2026-09-13T17:00:00Z,LowVig.ag,2026-09-10T19:06:24Z,Buffalo Bills,Houston Texans,spreads,Buffalo Bills,-1.0,-110,0.52380952,lowvig|7e09efed7e12c659b82740b67ce2f9a1|spreads|event,0.51162791,https://api.the-odds-api.com/v4/sports/americanfootball_nfl
2026,1,7e09efed7e12c659b82740b67ce2f9a1,2026-09-13T17:00:00Z,LowVig.ag,2026-09-10T19:06:24Z,Buffalo Bills,Houston Texans,spreads,Houston Texans,1.0,100,0.5,lowvig|7e09efed7e12c659b82740b67ce2f9a1|spreads|event,0.48837209,https://api.the-odds-api.com/v4/sports/americanfootball_nfl
2026,1,7e09efed7e12c659b82740b67ce2f9a1,2026-09-13T17:00:00Z,LowVig.ag,2026-09-10T19:06:24Z,Buffalo Bills,Houston Texans,totals,Over,45.0,-107,0.51690821,lowvig|7e09efed7e12c659b82740b67ce2f9a1|totals|45.0,0.5,https://api.the-odds-api.com/v4/sports/americanfootball_nfl
2026,1,7e09efed7e12c659b82740b67ce2f9a1,2026-09-13T17:00:00Z,LowVig.ag,2026-09-10T19:06:24Z,Buffalo Bills,Houston Texans,totals,Under,45.0,-107,0.51690821,lowvig|7e09efed7e12c659b82740b67ce2f9a1|totals|45.0,0.5,https://api.the-odds-api.com/v4/sports/americanfootball_nfl
2026,1,7e09efed7e12c659b82740b67ce2f9a1,2026-09-13T17:00:00Z,BetRivers,2026-09-10T19:06:57Z,Buffalo Bills,Houston Texans,h2h,Buffalo Bills,,-118,0.5412844,betrivers|7e09efed7e12c659b82740b67ce2f9a1|h2h|event,0.51497518,https://api.the-odds-api.com/v4/sports/americanfootball_nfl
2026,1,7e09efed7e12c659b82740b67ce2f9a1,2026-09-13T17:00:00Z,BetRivers,2026-09-10T19:06:57Z,Buffalo Bills,Houston Texans,h2h,Houston Texans,,-104,0.50980392,betrivers|7e09efed7e12c659b82740b67ce2f9a1|h2h|event,0.48502482,https://api.the-odds-api.com/v4/sports/americanfootball_nfl
2026,1,7e09efed7e12c659b82740b67ce2f9a1,2026-09-13T17:00:00Z,BetRivers,2026-09-10T19:06:57Z,Buffalo Bills,Houston Texans,spreads,Buffalo Bills,-1.0,-110,0.52380952,betrivers|7e09efed7e12c659b82740b67ce2f9a1|spreads|event,0.5,https://api.the-odds-api.com/v4/sports/americanfootball_nfl
2026,1,7e09efed7e12c659b82740b67ce2f9a1,2026-09-13T17:00:00Z,BetRivers,2026-09-10T19:06:57Z,Buffalo Bills,Houston Texans,spreads,Houston Texans,1.0,-110,0.52380952,betrivers|7e09efed7e12c659b82740b67ce2f9a1|spreads|event,0.5,https://api.the-odds-api.com/v4/sports/americanfootball_nfl
2026,1,7e09efed7e12c659b82740b67ce2f9a1,2026-09-13T17:00:00Z,BetRivers,2026-09-10T19:06:57Z,Buffalo Bills,Houston Texans,totals,Over,44.5,-110,0.52380952,betrivers|7e09efed7e12c659b82740b67ce2f9a1|totals|44.5,0.5,https://api.the-odds-api.com/v4/sports/americanfootball_nfl
2026,1,7e09efed7e12c659b82740b67ce2f9a1,2026-09-13T17:00:00Z,BetRivers,2026-09-10T19:06:57Z,Buffalo Bills,Houston Texans,totals,Under,44.5,-110,0.52380952,betrivers|7e09efed7e12c659b82740b67ce2f9a1|totals|44.5,0.5,https://api.the-odds-api.com/v4/sports/americanfootball_nfl
2026,1,7e09efed7e12c659b82740b67ce2f9a1,2026-09-13T17:00:00Z,BetOnline.ag,2026-09-10T19:06:22Z,Buffalo Bills,Houston Texans,h2h,Buffalo Bills,,-121,0.54751131,betonlineag|7e09efed7e12c659b82740b67ce2f9a1|h2h|event,0.52392236,https://api.the-odds-api.com/v4/sports/americanfootball_nfl
2026,1,7e09efed7e12c659b82740b67ce2f9a1,2026-09-13T17:00:00Z,BetOnline.ag,2026-09-10T19:06:22Z,Buffalo Bills,Houston Texans,h2h,Houston Texans,,101,0.49751244,betonlineag|7e09efed7e12c659b82740b67ce2f9a1|h2h|event,0.47607764,https://api.the-odds-api.com/v4/sports/americanfootball_nfl
2026,1,7e09efed7e12c659b82740b67ce2f9a1,2026-09-13T17:00:00Z,BetOnline.ag,2026-09-10T19:06:22Z,Buffalo Bills,Houston Texans,spreads,Buffalo Bills,-1.0,-115,0.53488372,betonlineag|7e09efed7e12c659b82740b67ce2f9a1|spreads|event,0.51083424,https://api.the-odds-api.com/v4/sports/americanfootball_nfl
2026,1,7e09efed7e12c659b82740b67ce2f9a1,2026-09-13T17:00:00Z,BetOnline.ag,2026-09-10T19:06:22Z,Buffalo Bills,Houston Texans,spreads,Houston Texans,1.0,-105,0.51219512,betonlineag|7e09efed7e12c659b82740b67ce2f9a1|spreads|event,0.48916576,https://api.the-odds-api.com/v4/sports/americanfootball_nfl
2026,1,7e09efed7e12c659b82740b67ce2f9a1,2026-09-13T17:00:00Z,BetOnline.ag,2026-09-10T19:06:22Z,Buffalo Bills,Houston Texans,totals,Over,45.0,-110,0.52380952,betonlineag|7e09efed7e12c659b82740b67ce2f9a1|totals|45.0,0.5,https://api.the-odds-api.com/v4/sports/americanfootball_nfl
2026,1,7e09efed7e12c659b82740b67ce2f9a1,2026-09-13T17:00:00Z,BetOnline.ag,2026-09-10T19:06:22Z,Buffalo Bills,Houston Texans,totals,Under,45.0,-110,0.52380952,betonlineag|7e09efed7e12c659b82740b67ce2f9a1|totals|45.0,0.5,https://api.the-odds-api.com/v4/sports/americanfootball_nfl
2026,1,7e09efed7e12c659b82740b67ce2f9a1,2026-09-13T17:00:00Z,FanDuel,2026-09-10T19:07:17Z,Buffalo Bills,Houston Texans,h2h,Buffalo Bills,,-118,0.5412844,fanduel|7e09efed7e12c659b82740b67ce2f9a1|h2h|event,0.51982379,https://api.the-odds-api.com/v4/sports/americanfootball_nfl
2026,1,7e09efed7e12c659b82740b67ce2f9a1,2026-09-13T17:00:00Z,FanDuel,2026-09-10T19:07:17Z,Buffalo Bills,Houston Texans,h2h,Houston Texans,,100,0.5,fanduel|7e09efed7e12c659b82740b67ce2f9a1|h2h|event,0.48017621,https://api.the-odds-api.com/v4/sports/americanfootball_nfl
2026,1,7e09efed7e12c659b82740b67ce2f9a1,2026-09-13T17:00:00Z,FanDuel,2026-09-10T19:07:17Z,Buffalo Bills,Houston Texans,spreads,Buffalo Bills,-1.5,-106,0.51456311,fanduel|7e09efed7e12c659b82740b67ce2f9a1|spreads|event,0.49133599,https://api.the-odds-api.com/v4/sports/americanfootball_nfl
2026,1,7e09efed7e12c659b82740b67ce2f9a1,2026-09-13T17:00:00Z,FanDuel,2026-09-10T19:07:17Z,Buffalo Bills,Houston Texans,spreads,Houston Texans,1.5,-114,0.53271028,fanduel|7e09efed7e12c659b82740b67ce2f9a1|spreads|event,0.50866401,https://api.the-odds-api.com/v4/sports/americanfootball_nfl
2026,1,7e09efed7e12c659b82740b67ce2f9a1,2026-09-13T17:00:00Z,FanDuel,2026-09-10T19:07:17Z,Buffalo Bills,Houston Texans,totals,Over,44.5,-118,0.5412844,fanduel|7e09efed7e12c659b82740b67ce2f9a1|totals|44.5,0.51497518,https://api.the-odds-api.com/v4/sports/americanfootball_nfl
2026,1,7e09efed7e12c659b82740b67ce2f9a1,2026-09-13T17:00:00Z,FanDuel,2026-09-10T19:07:17Z,Buffalo Bills,Houston Texans,totals,Under,44.5,-104,0.50980392,fanduel|7e09efed7e12c659b82740b67ce2f9a1|totals|44.5,0.48502482,https://api.the-odds-api.com/v4/sports/americanfootball_nfl
2026,1,7e09efed7e12c659b82740b67ce2f9a1,2026-09-13T17:00:00Z,BetMGM,2026-09-10T19:06:54Z,Buffalo Bills,Houston Texans,h2h,Buffalo Bills,,-120,0.54545455,betmgm|7e09efed7e12c659b82740b67ce2f9a1|h2h|event,0.52173913,https://api.the-odds-api.com/v4/sports/americanfootball_nfl
2026,1,7e09efed7e12c659b82740b67ce2f9a1,2026-09-13T17:00:00Z,BetMGM,2026-09-10T19:06:54Z,Buffalo Bills,Houston Texans,h2h,Houston Texans,,100,0.5,betmgm|7e09efed7e12c659b82740b67ce2f9a1|h2h|event,0.47826087,https://api.the-odds-api.com/v4/sports/americanfootball_nfl
2026,1,7e09efed7e12c659b82740b67ce2f9a1,2026-09-13T17:00:00Z,BetMGM,2026-09-10T19:06:54Z,Buffalo Bills,Houston Texans,spreads,Buffalo Bills,-1.5,-108,0.51923077,betmgm|7e09efed7e12c659b82740b67ce2f9a1|spreads|event,0.49780509,https://api.the-odds-api.com/v4/sports/americanfootball_nfl
2026,1,7e09efed7e12c659b82740b67ce2f9a1,2026-09-13T17:00:00Z,BetMGM,2026-09-10T19:06:54Z,Buffalo Bills,Houston Texans,spreads,Houston Texans,1.5,-110,0.52380952,betmgm|7e09efed7e12c659b82740b67ce2f9a1|spreads|event,0.50219491,https://api.the-odds-api.com/v4/sports/americanfootball_nfl
2026,1,7e09efed7e12c659b82740b67ce2f9a1,2026-09-13T17:00:00Z,BetMGM,2026-09-10T19:06:54Z,Buffalo Bills,Houston Texans,totals,Over,45.0,-108,0.51923077,betmgm|7e09efed7e12c659b82740b67ce2f9a1|totals|45.0,0.49780509,https://api.the-odds-api.com/v4/sports/americanfootball_nfl
2026,1,7e09efed7e12c659b82740b67ce2f9a1,2026-09-13T17:00:00Z,BetMGM,2026-09-10T19:06:54Z,Buffalo Bills,Houston Texans,totals,Under,45.0,-110,0.52380952,betmgm|7e09efed7e12c659b82740b67ce2f9a1|totals|45.0,0.50219491,https://api.the-odds-api.com/v4/sports/americanfootball_nfl
2026,1,7e09efed7e12c659b82740b67ce2f9a1,2026-09-13T17:00:00Z,Bovada,2026-09-10T19:06:00Z,Buffalo Bills,Houston Texans,h2h,Buffalo Bills,,-125,0.55555556,bovada|7e09efed7e12c659b82740b67ce2f9a1|h2h|event,0.53246753,https://api.the-odds-api.com/v4/sports/americanfootball_nfl
2026,1,7e09efed7e12c659b82740b67ce2f9a1,2026-09-13T17:00:00Z,Bovada,2026-09-10T19:06:00Z,Buffalo Bills,Houston Texans,h2h,Houston Texans,,105,0.48780488,bovada|7e09efed7e12c659b82740b67ce2f9a1|h2h|event,0.46753247,https://api.the-odds-api.com/v4/sports/americanfootball_nfl
2026,1,7e09efed7e12c659b82740b67ce2f9a1,2026-09-13T17:00:00Z,Bovada,2026-09-10T19:06:00Z,Buffalo Bills,Houston Texans,spreads,Buffalo Bills,-1.5,-110,0.52380952,bovada|7e09efed7e12c659b82740b67ce2f9a1|spreads|event,0.5,https://api.the-odds-api.com/v4/sports/americanfootball_nfl
2026,1,7e09efed7e12c659b82740b67ce2f9a1,2026-09-13T17:00:00Z,Bovada,2026-09-10T19:06:00Z,Buffalo Bills,Houston Texans,spreads,Houston Texans,1.5,-110,0.52380952,bovada|7e09efed7e12c659b82740b67ce2f9a1|spreads|event,0.5,https://api.the-odds-api.com/v4/sports/americanfootball_nfl
2026,1,7e09efed7e12c659b82740b67ce2f9a1,2026-09-13T17:00:00Z,Bovada,2026-09-10T19:06:00Z,Buffalo Bills,Houston Texans,totals,Over,45.0,-105,0.51219512,bovada|7e09efed7e12c659b82740b67ce2f9a1|totals|45.0,0.48916576,https://api.the-odds-api.com/v4/sports/americanfootball_nfl
2026,1,7e09efed7e12c659b82740b67ce2f9a1,2026-09-13T17:00:00Z,Bovada,2026-09-10T19:06:00Z,Buffalo Bills,Houston Texans,totals,Under,45.0,-115,0.53488372,bovada|7e09efed7e12c659b82740b67ce2f9a1|totals|45.0,0.51083424,https://api.the-odds-api.com/v4/sports/americanfootball_nfl
2026,1,7e09efed7e12c659b82740b67ce2f9a1,2026-09-13T17:00:00Z,MyBookie.ag,2026-09-10T19:05:34Z,Buffalo Bills,Houston Texans,h2h,Buffalo Bills,,-120,0.54545455,mybookieag|7e09efed7e12c659b82740b67ce2f9a1|h2h|event,0.52050065,https://api.the-odds-api.com/v4/sports/americanfootball_nfl
2026,1,7e09efed7e12c659b82740b67ce2f9a1,2026-09-13T17:00:00Z,MyBookie.ag,2026-09-10T19:05:34Z,Buffalo Bills,Houston Texans,h2h,Houston Texans,,-101,0.50248756,mybookieag|7e09efed7e12c659b82740b67ce2f9a1|h2h|event,0.47949935,https://api.the-odds-api.com/v4/sports/americanfootball_nfl
2026,1,7e09efed7e12c659b82740b67ce2f9a1,2026-09-13T17:00:00Z,MyBookie.ag,2026-09-10T19:05:34Z,Buffalo Bills,Houston Texans,spreads,Buffalo Bills,-1.0,-110,0.52380952,mybookieag|7e09efed7e12c659b82740b67ce2f9a1|spreads|event,0.5,https://api.the-odds-api.com/v4/sports/americanfootball_nfl
2026,1,7e09efed7e12c659b82740b67ce2f9a1,2026-09-13T17:00:00Z,MyBookie.ag,2026-09-10T19:05:34Z,Buffalo Bills,Houston Texans,spreads,Houston Texans,1.0,-110,0.52380952,mybookieag|7e09efed7e12c659b82740b67ce2f9a1|spreads|event,0.5,https://api.the-odds-api.com/v4/sports/americanfootball_nfl
2026,1,7e09efed7e12c659b82740b67ce2f9a1,2026-09-13T17:00:00Z,MyBookie.ag,2026-09-10T19:05:34Z,Buffalo Bills,Houston Texans,totals,Over,45.0,-110,0.52380952,mybookieag|7e09efed7e12c659b82740b67ce2f9a1|totals|45.0,0.5,https://api.the-odds-api.com/v4/sports/americanfootball_nfl
2026,1,7e09efed7e12c659b82740b67ce2f9a1,2026-09-13T17:00:00Z,MyBookie.ag,2026-09-10T19:05:34Z,Buffalo Bills,Houston Texans,totals,Under,45.0,-110,0.52380952,mybookieag|7e09efed7e12c659b82740b67ce2f9a1|totals|45.0,0.5,https://api.the-odds-api.com/v4/sports/americanfootball_nfl
2026,1,fc362aff0d889ec52d358307a70c32ed,2026-09-13T17:00:00Z,DraftKings,2026-09-10T19:06:23Z,Chicago Bears,Carolina Panthers,h2h,Carolina Panthers,,136,0.42372881,draftkings|fc362aff0d889ec52d358307a70c32ed|h2h|event,0.40663024,https://api.the-odds-api.com/v4/sports/americanfootball_nfl
2026,1,fc362aff0d889ec52d358307a70c32ed,2026-09-13T17:00:00Z,DraftKings,2026-09-10T19:06:23Z,Chicago Bears,Carolina Panthers,h2h,Chicago Bears,,-162,0.61832061,draftkings|fc362aff0d889ec52d358307a70c32ed|h2h|event,0.59336976,https://api.the-odds-api.com/v4/sports/americanfootball_nfl
2026,1,fc362aff0d889ec52d358307a70c32ed,2026-09-13T17:00:00Z,DraftKings,2026-09-10T19:06:23Z,Chicago Bears,Carolina Panthers,spreads,Carolina Panthers,3.0,-102,0.5049505,draftkings|fc362aff0d889ec52d358307a70c32ed|spreads|event,0.48263588,https://api.the-odds-api.com/v4/sports/americanfootball_nfl
2026,1,fc362aff0d889ec52d358307a70c32ed,2026-09-13T17:00:00Z,DraftKings,2026-09-10T19:06:23Z,Chicago Bears,Carolina Panthers,spreads,Chicago Bears,-3.0,-118,0.5412844,draftkings|fc362aff0d889ec52d358307a70c32ed|spreads|event,0.51736412,https://api.the-odds-api.com/v4/sports/americanfootball_nfl
2026,1,fc362aff0d889ec52d358307a70c32ed,2026-09-13T17:00:00Z,DraftKings,2026-09-10T19:06:23Z,Chicago Bears,Carolina Panthers,totals,Over,46.5,-115,0.53488372,draftkings|fc362aff0d889ec52d358307a70c32ed|totals|46.5,0.51083424,https://api.the-odds-api.com/v4/sports/americanfootball_nfl
2026,1,fc362aff0d889ec52d358307a70c32ed,2026-09-13T17:00:00Z,DraftKings,2026-09-10T19:06:23Z,Chicago Bears,Carolina Panthers,totals,Under,46.5,-105,0.51219512,draftkings|fc362aff0d889ec52d358307a70c32ed|totals|46.5,0.48916576,https://api.the-odds-api.com/v4/sports/americanfootball_nfl
2026,1,fc362aff0d889ec52d358307a70c32ed,2026-09-13T17:00:00Z,FanDuel,2026-09-10T19:07:17Z,Chicago Bears,Carolina Panthers,h2h,Carolina Panthers,,138,0.42016807,fanduel|fc362aff0d889ec52d358307a70c32ed|h2h|event,0.40347231,https://api.the-odds-api.com/v4/sports/americanfootball_nfl
2026,1,fc362aff0d889ec52d358307a70c32ed,2026-09-13T17:00:00Z,FanDuel,2026-09-10T19:07:17Z,Chicago Bears,Carolina Panthers,h2h,Chicago Bears,,-164,0.62121212,fanduel|fc362aff0d889ec52d358307a70c32ed|h2h|event,0.59652769,https://api.the-odds-api.com/v4/sports/americanfootball_nfl
2026,1,fc362aff0d889ec52d358307a70c32ed,2026-09-13T17:00:00Z,FanDuel,2026-09-10T19:07:17Z,Chicago Bears,Carolina Panthers,spreads,Carolina Panthers,3.0,-114,0.53271028,fanduel|fc362aff0d889ec52d358307a70c32ed|spreads|event,0.50866401,https://api.the-odds-api.com/v4/sports/americanfootball_nfl
2026,1,fc362aff0d889ec52d358307a70c32ed,2026-09-13T17:00:00Z,FanDuel,2026-09-10T19:07:17Z,Chicago Bears,Carolina Panthers,spreads,Chicago Bears,-3.0,-106,0.51456311,fanduel|fc362aff0d889ec52d358307a70c32ed|spreads|event,0.49133599,https://api.the-odds-api.com/v4/sports/americanfootball_nfl
2026,1,fc362aff0d889ec52d358307a70c32ed,2026-09-13T17:00:00Z,FanDuel,2026-09-10T19:07:17Z,Chicago Bears,Carolina Panthers,totals,Over,47.5,-102,0.5049505,fanduel|fc362aff0d889ec52d358307a70c32ed|totals|47.5,0.48071979,https://api.the-odds-api.com/v4/sports/americanfootball_nfl
2026,1,fc362aff0d889ec52d358307a70c32ed,2026-09-13T17:00:00Z,FanDuel,2026-09-10T19:07:17Z,Chicago Bears,Carolina Panthers,totals,Under,47.5,-120,0.54545455,fanduel|fc362aff0d889ec52d358307a70c32ed|totals|47.5,0.51928021,https://api.the-odds-api.com/v4/sports/americanfootball_nfl
2026,1,fc362aff0d889ec52d358307a70c32ed,2026-09-13T17:00:00Z,LowVig.ag,2026-09-10T19:06:24Z,Chicago Bears,Carolina Panthers,h2h,Carolina Panthers,,145,0.40816327,lowvig|fc362aff0d889ec52d358307a70c32ed|h2h|event,0.39596564,https://api.the-odds-api.com/v4/sports/americanfootball_nfl
2026,1,fc362aff0d889ec52d358307a70c32ed,2026-09-13T17:00:00Z,LowVig.ag,2026-09-10T19:06:24Z,Chicago Bears,Carolina Panthers,h2h,Chicago Bears,,-165,0.62264151,lowvig|fc362aff0d889ec52d358307a70c32ed|h2h|event,0.60403436,https://api.the-odds-api.com/v4/sports/americanfootball_nfl
2026,1,fc362aff0d889ec52d358307a70c32ed,2026-09-13T17:00:00Z,LowVig.ag,2026-09-10T19:06:24Z,Chicago Bears,Carolina Panthers,spreads,Carolina Panthers,3.0,-105,0.51219512,lowvig|fc362aff0d889ec52d358307a70c32ed|spreads|event,0.5,https://api.the-odds-api.com/v4/sports/americanfootball_nfl
2026,1,fc362aff0d889ec52d358307a70c32ed,2026-09-13T17:00:00Z,LowVig.ag,2026-09-10T19:06:24Z,Chicago Bears,Carolina Panthers,spreads,Chicago Bears,-3.0,-105,0.51219512,lowvig|fc362aff0d889ec52d358307a70c32ed|spreads|event,0.5,https://api.the-odds-api.com/v4/sports/americanfootball_nfl
2026,1,fc362aff0d889ec52d358307a70c32ed,2026-09-13T17:00:00Z,LowVig.ag,2026-09-10T19:06:24Z,Chicago Bears,Carolina Panthers,totals,Over,47.0,-107,0.51690821,lowvig|fc362aff0d889ec52d358307a70c32ed|totals|47.0,0.5,https://api.the-odds-api.com/v4/sports/americanfootball_nfl
2026,1,fc362aff0d889ec52d358307a70c32ed,2026-09-13T17:00:00Z,LowVig.ag,2026-09-10T19:06:24Z,Chicago Bears,Carolina Panthers,totals,Under,47.0,-107,0.51690821,lowvig|fc362aff0d889ec52d358307a70c32ed|totals|47.0,0.5,https://api.the-odds-api.com/v4/sports/americanfootball_nfl
2026,1,fc362aff0d889ec52d358307a70c32ed,2026-09-13T17:00:00Z,BetUS,2026-09-10T19:06:57Z,Chicago Bears,Carolina Panthers,h2h,Carolina Panthers,,146,0.40650407,betus|fc362aff0d889ec52d358307a70c32ed|h2h|event,0.39232781,https://api.the-odds-api.com/v4/sports/americanfootball_nfl
2026,1,fc362aff0d889ec52d358307a70c32ed,2026-09-13T17:00:00Z,BetUS,2026-09-10T19:06:57Z,Chicago Bears,Carolina Panthers,h2h,Chicago Bears,,-170,0.62962963,betus|fc362aff0d889ec52d358307a70c32ed|h2h|event,0.60767219,https://api.the-odds-api.com/v4/sports/americanfootball_nfl
2026,1,fc362aff0d889ec52d358307a70c32ed,2026-09-13T17:00:00Z,BetUS,2026-09-10T19:06:57Z,Chicago Bears,Carolina Panthers,spreads,Carolina Panthers,3.0,-105,0.51219512,betus|fc362aff0d889ec52d358307a70c32ed|spreads|event,0.48916576,https://api.the-odds-api.com/v4/sports/americanfootball_nfl
2026,1,fc362aff0d889ec52d358307a70c32ed,2026-09-13T17:00:00Z,BetUS,2026-09-10T19:06:57Z,Chicago Bears,Carolina Panthers,spreads,Chicago Bears,-3.0,-115,0.53488372,betus|fc362aff0d889ec52d358307a70c32ed|spreads|event,0.51083424,https://api.the-odds-api.com/v4/sports/americanfootball_nfl
2026,1,fc362aff0d889ec52d358307a70c32ed,2026-09-13T17:00:00Z,BetUS,2026-09-10T19:06:57Z,Chicago Bears,Carolina Panthers,totals,Over,47.0,-110,0.52380952,betus|fc362aff0d889ec52d358307a70c32ed|totals|47.0,0.5,https://api.the-odds-api.com/v4/sports/americanfootball_nfl
2026,1,fc362aff0d889ec52d358307a70c32ed,2026-09-13T17:00:00Z,BetUS,2026-09-10T19:06:57Z,Chicago Bears,Carolina Panthers,totals,Under,47.0,-110,0.52380952,betus|fc362aff0d889ec52d358307a70c32ed|totals|47.0,0.5,https://api.the-odds-api.com/v4/sports/americanfootball_nfl
2026,1,fc362aff0d889ec52d358307a70c32ed,2026-09-13T17:00:00Z,BetOnline.ag,2026-09-10T19:06:22Z,Chicago Bears,Carolina Panthers,h2h,Carolina Panthers,,145,0.40816327,betonlineag|fc362aff0d889ec52d358307a70c32ed|h2h|event,0.39596564,https://api.the-odds-api.com/v4/sports/americanfootball_nfl
2026,1,fc362aff0d889ec52d358307a70c32ed,2026-09-13T17:00:00Z,BetOnline.ag,2026-09-10T19:06:22Z,Chicago Bears,Carolina Panthers,h2h,Chicago Bears,,-165,0.62264151,betonlineag|fc362aff0d889ec52d358307a70c32ed|h2h|event,0.60403436,https://api.the-odds-api.com/v4/sports/americanfootball_nfl
2026,1,fc362aff0d889ec52d358307a70c32ed,2026-09-13T17:00:00Z,BetOnline.ag,2026-09-10T19:06:22Z,Chicago Bears,Carolina Panthers,spreads,Carolina Panthers,3.0,-110,0.52380952,betonlineag|fc362aff0d889ec52d358307a70c32ed|spreads|event,0.5,https://api.the-odds-api.com/v4/sports/americanfootball_nfl
2026,1,fc362aff0d889ec52d358307a70c32ed,2026-09-13T17:00:00Z,BetOnline.ag,2026-09-10T19:06:22Z,Chicago Bears,Carolina Panthers,spreads,Chicago Bears,-3.0,-110,0.52380952,betonlineag|fc362aff0d889ec52d358307a70c32ed|spreads|event,0.5,https://api.the-odds-api.com/v4/sports/americanfootball_nfl
2026,1,fc362aff0d889ec52d358307a70c32ed,2026-09-13T17:00:00Z,BetOnline.ag,2026-09-10T19:06:22Z,Chicago Bears,Carolina Panthers,totals,Over,47.0,-110,0.52380952,betonlineag|fc362aff0d889ec52d358307a70c32ed|totals|47.0,0.5,https://api.the-odds-api.com/v4/sports/americanfootball_nfl
2026,1,fc362aff0d889ec52d358307a70c32ed,2026-09-13T17:00:00Z,BetOnline.ag,2026-09-10T19:06:22Z,Chicago Bears,Carolina Panthers,totals,Under,47.0,-110,0.52380952,betonlineag|fc362aff0d889ec52d358307a70c32ed|totals|47.0,0.5,https://api.the-odds-api.com/v4/sports/americanfootball_nfl
2026,1,fc362aff0d889ec52d358307a70c32ed,2026-09-13T17:00:00Z,BetRivers,2026-09-10T19:06:57Z,Chicago Bears,Carolina Panthers,h2h,Carolina Panthers,,140,0.41666667,betrivers|fc362aff0d889ec52d358307a70c32ed|h2h|event,0.39568345,https://api.the-odds-api.com/v4/sports/americanfootball_nfl
2026,1,fc362aff0d889ec52d358307a70c32ed,2026-09-13T17:00:00Z,BetRivers,2026-09-10T19:06:57Z,Chicago Bears,Carolina Panthers,h2h,Chicago Bears,,-175,0.63636364,betrivers|fc362aff0d889ec52d358307a70c32ed|h2h|event,0.60431655,https://api.the-odds-api.com/v4/sports/americanfootball_nfl
2026,1,fc362aff0d889ec52d358307a70c32ed,2026-09-13T17:00:00Z,BetRivers,2026-09-10T19:06:57Z,Chicago Bears,Carolina Panthers,spreads,Carolina Panthers,3.0,-113,0.53051643,betrivers|fc362aff0d889ec52d358307a70c32ed|spreads|event,0.50537542,https://api.the-odds-api.com/v4/sports/americanfootball_nfl
2026,1,fc362aff0d889ec52d358307a70c32ed,2026-09-13T17:00:00Z,BetRivers,2026-09-10T19:06:57Z,Chicago Bears,Carolina Panthers,spreads,Chicago Bears,-3.0,-108,0.51923077,betrivers|fc362aff0d889ec52d358307a70c32ed|spreads|event,0.49462458,https://api.the-odds-api.com/v4/sports/americanfootball_nfl
2026,1,fc362aff0d889ec52d358307a70c32ed,2026-09-13T17:00:00Z,BetRivers,2026-09-10T19:06:57Z,Chicago Bears,Carolina Panthers,totals,Over,47.0,-112,0.52830189,betrivers|fc362aff0d889ec52d358307a70c32ed|totals|47.0,0.5032247,https://api.the-odds-api.com/v4/sports/americanfootball_nfl
2026,1,fc362aff0d889ec52d358307a70c32ed,2026-09-13T17:00:00Z,BetRivers,2026-09-10T19:06:57Z,Chicago Bears,Carolina Panthers,totals,Under,47.0,-109,0.5215311,betrivers|fc362aff0d889ec52d358307a70c32ed|totals|47.0,0.4967753,https://api.the-odds-api.com/v4/sports/americanfootball_nfl
2026,1,fc362aff0d889ec52d358307a70c32ed,2026-09-13T17:00:00Z,BetMGM,2026-09-10T19:06:54Z,Chicago Bears,Carolina Panthers,h2h,Carolina Panthers,,140,0.41666667,betmgm|fc362aff0d889ec52d358307a70c32ed|h2h|event,0.40090772,https://api.the-odds-api.com/v4/sports/americanfootball_nfl
2026,1,fc362aff0d889ec52d358307a70c32ed,2026-09-13T17:00:00Z,BetMGM,2026-09-10T19:06:54Z,Chicago Bears,Carolina Panthers,h2h,Chicago Bears,,-165,0.62264151,betmgm|fc362aff0d889ec52d358307a70c32ed|h2h|event,0.59909228,https://api.the-odds-api.com/v4/sports/americanfootball_nfl
2026,1,fc362aff0d889ec52d358307a70c32ed,2026-09-13T17:00:00Z,BetMGM,2026-09-10T19:06:54Z,Chicago Bears,Carolina Panthers,spreads,Carolina Panthers,3.0,-102,0.5049505,betmgm|fc362aff0d889ec52d358307a70c32ed|spreads|event,0.48560673,https://api.the-odds-api.com/v4/sports/americanfootball_nfl
2026,1,fc362aff0d889ec52d358307a70c32ed,2026-09-13T17:00:00Z,BetMGM,2026-09-10T19:06:54Z,Chicago Bears,Carolina Panthers,spreads,Chicago Bears,-3.0,-115,0.53488372,betmgm|fc362aff0d889ec52d358307a70c32ed|spreads|event,0.51439327,https://api.the-odds-api.com/v4/sports/americanfootball_nfl
2026,1,fc362aff0d889ec52d358307a70c32ed,2026-09-13T17:00:00Z,BetMGM,2026-09-10T19:06:54Z,Chicago Bears,Carolina Panthers,totals,Over,47.0,-108,0.51923077,betmgm|fc362aff0d889ec52d358307a70c32ed|totals|47.0,0.49780509,https://api.the-odds-api.com/v4/sports/americanfootball_nfl
2026,1,fc362aff0d889ec52d358307a70c32ed,2026-09-13T17:00:00Z,BetMGM,2026-09-10T19:06:54Z,Chicago Bears,Carolina Panthers,totals,Under,47.0,-110,0.52380952,betmgm|fc362aff0d889ec52d358307a70c32ed|totals|47.0,0.50219491,https://api.the-odds-api.com/v4/sports/americanfootball_nfl
2026,1,fc362aff0d889ec52d358307a70c32ed,2026-09-13T17:00:00Z,Bovada,2026-09-10T19:06:00Z,Chicago Bears,Carolina Panthers,h2h,Carolina Panthers,,145,0.40816327,bovada|fc362aff0d889ec52d358307a70c32ed|h2h|event,0.39329935,https://api.the-odds-api.com/v4/sports/americanfootball_nfl
2026,1,fc362aff0d889ec52d358307a70c32ed,2026-09-13T17:00:00Z,Bovada,2026-09-10T19:06:00Z,Chicago Bears,Carolina Panthers,h2h,Chicago Bears,,-170,0.62962963,bovada|fc362aff0d889ec52d358307a70c32ed|h2h|event,0.60670065,https://api.the-odds-api.com/v4/sports/americanfootball_nfl
2026,1,fc362aff0d889ec52d358307a70c32ed,2026-09-13T17:00:00Z,Bovada,2026-09-10T19:06:00Z,Chicago Bears,Carolina Panthers,spreads,Carolina Panthers,3.0,-110,0.52380952,bovada|fc362aff0d889ec52d358307a70c32ed|spreads|event,0.5,https://api.the-odds-api.com/v4/sports/americanfootball_nfl
2026,1,fc362aff0d889ec52d358307a70c32ed,2026-09-13T17:00:00Z,Bovada,2026-09-10T19:06:00Z,Chicago Bears,Carolina Panthers,spreads,Chicago Bears,-3.0,-110,0.52380952,bovada|fc362aff0d889ec52d358307a70c32ed|spreads|event,0.5,https://api.the-odds-api.com/v4/sports/americanfootball_nfl
2026,1,fc362aff0d889ec52d358307a70c32ed,2026-09-13T17:00:00Z,Bovada,2026-09-10T19:06:00Z,Chicago Bears,Carolina Panthers,totals,Over,47.0,-110,0.52380952,bovada|fc362aff0d889ec52d358307a70c32ed|totals|47.0,0.5,https://api.the-odds-api.com/v4/sports/americanfootball_nfl
2026,1,fc362aff0d889ec52d358307a70c32ed,2026-09-13T17:00:00Z,Bovada,2026-09-10T19:06:00Z,Chicago Bears,Carolina Panthers,totals,Under,47.0,-110,0.52380952,bovada|fc362aff0d889ec52d358307a70c32ed|totals|47.0,0.5,https://api.the-odds-api.com/v4/sports/americanfootball_nfl
2026,1,fc362aff0d889ec52d358307a70c32ed,2026-09-13T17:00:00Z,MyBookie.ag,2026-09-10T19:05:34Z,Chicago Bears,Carolina Panthers,h2h,Carolina Panthers,,138,0.42016807,mybookieag|fc362aff0d889ec52d358307a70c32ed|h2h|event,0.40023718,https://api.the-odds-api.com/v4/sports/americanfootball_nfl
2026,1,fc362aff0d889ec52d358307a70c32ed,2026-09-13T17:00:00Z,MyBookie.ag,2026-09-10T19:05:34Z,Chicago Bears,Carolina Panthers,h2h,Chicago Bears,,-170,0.62962963,mybookieag|fc362aff0d889ec52d358307a70c32ed|h2h|event,0.59976282,https://api.the-odds-api.com/v4/sports/americanfootball_nfl
2026,1,fc362aff0d889ec52d358307a70c32ed,2026-09-13T17:00:00Z,MyBookie.ag,2026-09-10T19:05:34Z,Chicago Bears,Carolina Panthers,spreads,Carolina Panthers,3.0,-110,0.52380952,mybookieag|fc362aff0d889ec52d358307a70c32ed|spreads|event,0.5,https://api.the-odds-api.com/v4/sports/americanfootball_nfl
2026,1,fc362aff0d889ec52d358307a70c32ed,2026-09-13T17:00:00Z,MyBookie.ag,2026-09-10T19:05:34Z,Chicago Bears,Carolina Panthers,spreads,Chicago Bears,-3.0,-110,0.52380952,mybookieag|fc362aff0d889ec52d358307a70c32ed|spreads|event,0.5,https://api.the-odds-api.com/v4/sports/americanfootball_nfl
2026,1,fc362aff0d889ec52d358307a70c32ed,2026-09-13T17:00:00Z,MyBookie.ag,2026-09-10T19:05:34Z,Chicago Bears,Carolina Panthers,totals,Over,47.0,-110,0.52380952,mybookieag|fc362aff0d889ec52d358307a70c32ed|totals|47.0,0.5,https://api.the-odds-api.com/v4/sports/americanfootball_nfl
2026,1,fc362aff0d889ec52d358307a70c32ed,2026-09-13T17:00:00Z,MyBookie.ag,2026-09-10T19:05:34Z,Chicago Bears,Carolina Panthers,totals,Under,47.0,-110,0.52380952,mybookieag|fc362aff0d889ec52d358307a70c32ed|totals|47.0,0.5,https://api.the-odds-api.com/v4/sports/americanfootball_nfl
2026,1,ed6d24ff979f9c71979fead577b0b3f7,2026-09-13T17:00:00Z,DraftKings,2026-09-10T19:06:23Z,Tampa Bay Buccaneers,Cincinnati Bengals,h2h,Cincinnati Bengals,,-198,0.66442953,draftkings|ed6d24ff979f9c71979fead577b0b3f7|h2h|event,0.63690418,https://api.the-odds-api.com/v4/sports/americanfootball_nfl
2026,1,ed6d24ff979f9c71979fead577b0b3f7,2026-09-13T17:00:00Z,DraftKings,2026-09-10T19:06:23Z,Tampa Bay Buccaneers,Cincinnati Bengals,h2h,Tampa Bay Buccaneers,,164,0.37878788,draftkings|ed6d24ff979f9c71979fead577b0b3f7|h2h|event,0.36309582,https://api.the-odds-api.com/v4/sports/americanfootball_nfl
2026,1,ed6d24ff979f9c71979fead577b0b3f7,2026-09-13T17:00:00Z,DraftKings,2026-09-10T19:06:23Z,Tampa Bay Buccaneers,Cincinnati Bengals,spreads,Cincinnati Bengals,-3.5,-112,0.52830189,draftkings|ed6d24ff979f9c71979fead577b0b3f7|spreads|event,0.50432976,https://api.the-odds-api.com/v4/sports/americanfootball_nfl
2026,1,ed6d24ff979f9c71979fead577b0b3f7,2026-09-13T17:00:00Z,DraftKings,2026-09-10T19:06:23Z,Tampa Bay Buccaneers,Cincinnati Bengals,spreads,Tampa Bay Buccaneers,3.5,-108,0.51923077,draftkings|ed6d24ff979f9c71979fead577b0b3f7|spreads|event,0.49567024,https://api.the-odds-api.com/v4/sports/americanfootball_nfl
2026,1,ed6d24ff979f9c71979fead577b0b3f7,2026-09-13T17:00:00Z,DraftKings,2026-09-10T19:06:23Z,Tampa Bay Buccaneers,Cincinnati Bengals,totals,Over,50.5,-108,0.51923077,draftkings|ed6d24ff979f9c71979fead577b0b3f7|totals|50.5,0.49567024,https://api.the-odds-api.com/v4/sports/americanfootball_nfl
2026,1,ed6d24ff979f9c71979fead577b0b3f7,2026-09-13T17:00:00Z,DraftKings,2026-09-10T19:06:23Z,Tampa Bay Buccaneers,Cincinnati Bengals,totals,Under,50.5,-112,0.52830189,draftkings|ed6d24ff979f9c71979fead577b0b3f7|totals|50.5,0.50432976,https://api.the-odds-api.com/v4/sports/americanfootball_nfl
2026,1,ed6d24ff979f9c71979fead577b0b3f7,2026-09-13T17:00:00Z,FanDuel,2026-09-10T19:07:17Z,Tampa Bay Buccaneers,Cincinnati Bengals,h2h,Cincinnati Bengals,,-200,0.66666667,fanduel|ed6d24ff979f9c71979fead577b0b3f7|h2h|event,0.64114833,https://api.the-odds-api.com/v4/sports/americanfootball_nfl
2026,1,ed6d24ff979f9c71979fead577b0b3f7,2026-09-13T17:00:00Z,FanDuel,2026-09-10T19:07:17Z,Tampa Bay Buccaneers,Cincinnati Bengals,h2h,Tampa Bay Buccaneers,,168,0.37313433,fanduel|ed6d24ff979f9c71979fead577b0b3f7|h2h|event,0.35885167,https://api.the-odds-api.com/v4/sports/americanfootball_nfl
2026,1,ed6d24ff979f9c71979fead577b0b3f7,2026-09-13T17:00:00Z,FanDuel,2026-09-10T19:07:17Z,Tampa Bay Buccaneers,Cincinnati Bengals,spreads,Cincinnati Bengals,-3.5,-115,0.53488372,fanduel|ed6d24ff979f9c71979fead577b0b3f7|spreads|event,0.51083424,https://api.the-odds-api.com/v4/sports/americanfootball_nfl
2026,1,ed6d24ff979f9c71979fead577b0b3f7,2026-09-13T17:00:00Z,FanDuel,2026-09-10T19:07:17Z,Tampa Bay Buccaneers,Cincinnati Bengals,spreads,Tampa Bay Buccaneers,3.5,-105,0.51219512,fanduel|ed6d24ff979f9c71979fead577b0b3f7|spreads|event,0.48916576,https://api.the-odds-api.com/v4/sports/americanfootball_nfl
2026,1,ed6d24ff979f9c71979fead577b0b3f7,2026-09-13T17:00:00Z,FanDuel,2026-09-10T19:07:17Z,Tampa Bay Buccaneers,Cincinnati Bengals,totals,Over,50.5,-112,0.52830189,fanduel|ed6d24ff979f9c71979fead577b0b3f7|totals|50.5,0.50432976,https://api.the-odds-api.com/v4/sports/americanfootball_nfl
2026,1,ed6d24ff979f9c71979fead577b0b3f7,2026-09-13T17:00:00Z,FanDuel,2026-09-10T19:07:17Z,Tampa Bay Buccaneers,Cincinnati Bengals,totals,Under,50.5,-108,0.51923077,fanduel|ed6d24ff979f9c71979fead577b0b3f7|totals|50.5,0.49567024,https://api.the-odds-api.com/v4/sports/americanfootball_nfl
2026,1,ed6d24ff979f9c71979fead577b0b3f7,2026-09-13T17:00:00Z,LowVig.ag,2026-09-10T19:06:24Z,Tampa Bay Buccaneers,Cincinnati Bengals,h2h,Cincinnati Bengals,,-200,0.66666667,lowvig|ed6d24ff979f9c71979fead577b0b3f7|h2h|event,0.64622642,https://api.the-odds-api.com/v4/sports/americanfootball_nfl
2026,1,ed6d24ff979f9c71979fead577b0b3f7,2026-09-13T17:00:00Z,LowVig.ag,2026-09-10T19:06:24Z,Tampa Bay Buccaneers,Cincinnati Bengals,h2h,Tampa Bay Buccaneers,,174,0.3649635,lowvig|ed6d24ff979f9c71979fead577b0b3f7|h2h|event,0.35377358,https://api.the-odds-api.com/v4/sports/americanfootball_nfl
2026,1,ed6d24ff979f9c71979fead577b0b3f7,2026-09-13T17:00:00Z,LowVig.ag,2026-09-10T19:06:24Z,Tampa Bay Buccaneers,Cincinnati Bengals,spreads,Cincinnati Bengals,-4.0,100,0.5,lowvig|ed6d24ff979f9c71979fead577b0b3f7|spreads|event,0.48837209,https://api.the-odds-api.com/v4/sports/americanfootball_nfl
2026,1,ed6d24ff979f9c71979fead577b0b3f7,2026-09-13T17:00:00Z,LowVig.ag,2026-09-10T19:06:24Z,Tampa Bay Buccaneers,Cincinnati Bengals,spreads,Tampa Bay Buccaneers,4.0,-110,0.52380952,lowvig|ed6d24ff979f9c71979fead577b0b3f7|spreads|event,0.51162791,https://api.the-odds-api.com/v4/sports/americanfootball_nfl
2026,1,ed6d24ff979f9c71979fead577b0b3f7,2026-09-13T17:00:00Z,LowVig.ag,2026-09-10T19:06:24Z,Tampa Bay Buccaneers,Cincinnati Bengals,totals,Over,50.5,-102,0.5049505,lowvig|ed6d24ff979f9c71979fead577b0b3f7|totals|50.5,0.48765488,https://api.the-odds-api.com/v4/sports/americanfootball_nfl
2026,1,ed6d24ff979f9c71979fead577b0b3f7,2026-09-13T17:00:00Z,LowVig.ag,2026-09-10T19:06:24Z,Tampa Bay Buccaneers,Cincinnati Bengals,totals,Under,50.5,-113,0.53051643,lowvig|ed6d24ff979f9c71979fead577b0b3f7|totals|50.5,0.51234512,https://api.the-odds-api.com/v4/sports/americanfootball_nfl
2026,1,ed6d24ff979f9c71979fead577b0b3f7,2026-09-13T17:00:00Z,BetUS,2026-09-10T19:06:57Z,Tampa Bay Buccaneers,Cincinnati Bengals,h2h,Cincinnati Bengals,,-200,0.66666667,betus|ed6d24ff979f9c71979fead577b0b3f7|h2h|event,0.64285714,https://api.the-odds-api.com/v4/sports/americanfootball_nfl
2026,1,ed6d24ff979f9c71979fead577b0b3f7,2026-09-13T17:00:00Z,BetUS,2026-09-10T19:06:57Z,Tampa Bay Buccaneers,Cincinnati Bengals,h2h,Tampa Bay Buccaneers,,170,0.37037037,betus|ed6d24ff979f9c71979fead577b0b3f7|h2h|event,0.35714286,https://api.the-odds-api.com/v4/sports/americanfootball_nfl
2026,1,ed6d24ff979f9c71979fead577b0b3f7,2026-09-13T17:00:00Z,BetUS,2026-09-10T19:06:57Z,Tampa Bay Buccaneers,Cincinnati Bengals,spreads,Cincinnati Bengals,-3.5,-110,0.52380952,betus|ed6d24ff979f9c71979fead577b0b3f7|spreads|event,0.5,https://api.the-odds-api.com/v4/sports/americanfootball_nfl
2026,1,ed6d24ff979f9c71979fead577b0b3f7,2026-09-13T17:00:00Z,BetUS,2026-09-10T19:06:57Z,Tampa Bay Buccaneers,Cincinnati Bengals,spreads,Tampa Bay Buccaneers,3.5,-110,0.52380952,betus|ed6d24ff979f9c71979fead577b0b3f7|spreads|event,0.5,https://api.the-odds-api.com/v4/sports/americanfootball_nfl
2026,1,ed6d24ff979f9c71979fead577b0b3f7,2026-09-13T17:00:00Z,BetUS,2026-09-10T19:06:57Z,Tampa Bay Buccaneers,Cincinnati Bengals,totals,Over,50.5,-105,0.51219512,betus|ed6d24ff979f9c71979fead577b0b3f7|totals|50.5,0.48916576,https://api.the-odds-api.com/v4/sports/americanfootball_nfl
2026,1,ed6d24ff979f9c71979fead577b0b3f7,2026-09-13T17:00:00Z,BetUS,2026-09-10T19:06:57Z,Tampa Bay Buccaneers,Cincinnati Bengals,totals,Under,50.5,-115,0.53488372,betus|ed6d24ff979f9c71979fead577b0b3f7|totals|50.5,0.51083424,https://api.the-odds-api.com/v4/sports/americanfootball_nfl
2026,1,ed6d24ff979f9c71979fead577b0b3f7,2026-09-13T17:00:00Z,BetOnline.ag,2026-09-10T19:06:22Z,Tampa Bay Buccaneers,Cincinnati Bengals,h2h,Cincinnati Bengals,,-200,0.66666667,betonlineag|ed6d24ff979f9c71979fead577b0b3f7|h2h|event,0.64622642,https://api.the-odds-api.com/v4/sports/americanfootball_nfl
2026,1,ed6d24ff979f9c71979fead577b0b3f7,2026-09-13T17:00:00Z,BetOnline.ag,2026-09-10T19:06:22Z,Tampa Bay Buccaneers,Cincinnati Bengals,h2h,Tampa Bay Buccaneers,,174,0.3649635,betonlineag|ed6d24ff979f9c71979fead577b0b3f7|h2h|event,0.35377358,https://api.the-odds-api.com/v4/sports/americanfootball_nfl
2026,1,ed6d24ff979f9c71979fead577b0b3f7,2026-09-13T17:00:00Z,BetOnline.ag,2026-09-10T19:06:22Z,Tampa Bay Buccaneers,Cincinnati Bengals,spreads,Cincinnati Bengals,-4.0,-105,0.51219512,betonlineag|ed6d24ff979f9c71979fead577b0b3f7|spreads|event,0.48916576,https://api.the-odds-api.com/v4/sports/americanfootball_nfl
2026,1,ed6d24ff979f9c71979fead577b0b3f7,2026-09-13T17:00:00Z,BetOnline.ag,2026-09-10T19:06:22Z,Tampa Bay Buccaneers,Cincinnati Bengals,spreads,Tampa Bay Buccaneers,4.0,-115,0.53488372,betonlineag|ed6d24ff979f9c71979fead577b0b3f7|spreads|event,0.51083424,https://api.the-odds-api.com/v4/sports/americanfootball_nfl
2026,1,ed6d24ff979f9c71979fead577b0b3f7,2026-09-13T17:00:00Z,BetOnline.ag,2026-09-10T19:06:22Z,Tampa Bay Buccaneers,Cincinnati Bengals,totals,Over,50.5,-105,0.51219512,betonlineag|ed6d24ff979f9c71979fead577b0b3f7|totals|50.5,0.48916576,https://api.the-odds-api.com/v4/sports/americanfootball_nfl
2026,1,ed6d24ff979f9c71979fead577b0b3f7,2026-09-13T17:00:00Z,BetOnline.ag,2026-09-10T19:06:22Z,Tampa Bay Buccaneers,Cincinnati Bengals,totals,Under,50.5,-115,0.53488372,betonlineag|ed6d24ff979f9c71979fead577b0b3f7|totals|50.5,0.51083424,https://api.the-odds-api.com/v4/sports/americanfootball_nfl
2026,1,ed6d24ff979f9c71979fead577b0b3f7,2026-09-13T17:00:00Z,BetRivers,2026-09-10T19:06:57Z,Tampa Bay Buccaneers,Cincinnati Bengals,h2h,Cincinnati Bengals,,-210,0.67741935,betrivers|ed6d24ff979f9c71979fead577b0b3f7|h2h|event,0.64652223,https://api.the-odds-api.com/v4/sports/americanfootball_nfl
2026,1,ed6d24ff979f9c71979fead577b0b3f7,2026-09-13T17:00:00Z,BetRivers,2026-09-10T19:06:57Z,Tampa Bay Buccaneers,Cincinnati Bengals,h2h,Tampa Bay Buccaneers,,170,0.37037037,betrivers|ed6d24ff979f9c71979fead577b0b3f7|h2h|event,0.35347777,https://api.the-odds-api.com/v4/sports/americanfootball_nfl
2026,1,ed6d24ff979f9c71979fead577b0b3f7,2026-09-13T17:00:00Z,BetRivers,2026-09-10T19:06:57Z,Tampa Bay Buccaneers,Cincinnati Bengals,spreads,Cincinnati Bengals,-4.0,-109,0.5215311,betrivers|ed6d24ff979f9c71979fead577b0b3f7|spreads|event,0.4967753,https://api.the-odds-api.com/v4/sports/americanfootball_nfl
2026,1,ed6d24ff979f9c71979fead577b0b3f7,2026-09-13T17:00:00Z,BetRivers,2026-09-10T19:06:57Z,Tampa Bay Buccaneers,Cincinnati Bengals,spreads,Tampa Bay Buccaneers,4.0,-112,0.52830189,betrivers|ed6d24ff979f9c71979fead577b0b3f7|spreads|event,0.5032247,https://api.the-odds-api.com/v4/sports/americanfootball_nfl
2026,1,ed6d24ff979f9c71979fead577b0b3f7,2026-09-13T17:00:00Z,BetRivers,2026-09-10T19:06:57Z,Tampa Bay Buccaneers,Cincinnati Bengals,totals,Over,50.5,-112,0.52830189,betrivers|ed6d24ff979f9c71979fead577b0b3f7|totals|50.5,0.5032247,https://api.the-odds-api.com/v4/sports/americanfootball_nfl
2026,1,ed6d24ff979f9c71979fead577b0b3f7,2026-09-13T17:00:00Z,BetRivers,2026-09-10T19:06:57Z,Tampa Bay Buccaneers,Cincinnati Bengals,totals,Under,50.5,-109,0.5215311,betrivers|ed6d24ff979f9c71979fead577b0b3f7|totals|50.5,0.4967753,https://api.the-odds-api.com/v4/sports/americanfootball_nfl
2026,1,ed6d24ff979f9c71979fead577b0b3f7,2026-09-13T17:00:00Z,BetMGM,2026-09-10T19:06:54Z,Tampa Bay Buccaneers,Cincinnati Bengals,h2h,Cincinnati Bengals,,-200,0.66666667,betmgm|ed6d24ff979f9c71979fead577b0b3f7|h2h|event,0.63855422,https://api.the-odds-api.com/v4/sports/americanfootball_nfl
2026,1,ed6d24ff979f9c71979fead577b0b3f7,2026-09-13T17:00:00Z,BetMGM,2026-09-10T19:06:54Z,Tampa Bay Buccaneers,Cincinnati Bengals,h2h,Tampa Bay Buccaneers,,165,0.37735849,betmgm|ed6d24ff979f9c71979fead577b0b3f7|h2h|event,0.36144578,https://api.the-odds-api.com/v4/sports/americanfootball_nfl
2026,1,ed6d24ff979f9c71979fead577b0b3f7,2026-09-13T17:00:00Z,BetMGM,2026-09-10T19:06:54Z,Tampa Bay Buccaneers,Cincinnati Bengals,spreads,Cincinnati Bengals,-3.5,-110,0.52380952,betmgm|ed6d24ff979f9c71979fead577b0b3f7|spreads|event,0.50219491,https://api.the-odds-api.com/v4/sports/americanfootball_nfl
2026,1,ed6d24ff979f9c71979fead577b0b3f7,2026-09-13T17:00:00Z,BetMGM,2026-09-10T19:06:54Z,Tampa Bay Buccaneers,Cincinnati Bengals,spreads,Tampa Bay Buccaneers,3.5,-108,0.51923077,betmgm|ed6d24ff979f9c71979fead577b0b3f7|spreads|event,0.49780509,https://api.the-odds-api.com/v4/sports/americanfootball_nfl
2026,1,ed6d24ff979f9c71979fead577b0b3f7,2026-09-13T17:00:00Z,BetMGM,2026-09-10T19:06:54Z,Tampa Bay Buccaneers,Cincinnati Bengals,totals,Over,50.5,-108,0.51923077,betmgm|ed6d24ff979f9c71979fead577b0b3f7|totals|50.5,0.49780509,https://api.the-odds-api.com/v4/sports/americanfootball_nfl
2026,1,ed6d24ff979f9c71979fead577b0b3f7,2026-09-13T17:00:00Z,BetMGM,2026-09-10T19:06:54Z,Tampa Bay Buccaneers,Cincinnati Bengals,totals,Under,50.5,-110,0.52380952,betmgm|ed6d24ff979f9c71979fead577b0b3f7|totals|50.5,0.50219491,https://api.the-odds-api.com/v4/sports/americanfootball_nfl
2026,1,ed6d24ff979f9c71979fead577b0b3f7,2026-09-13T17:00:00Z,Bovada,2026-09-10T19:06:00Z,Tampa Bay Buccaneers,Cincinnati Bengals,h2h,Cincinnati Bengals,,-210,0.67741935,bovada|ed6d24ff979f9c71979fead577b0b3f7|h2h|event,0.65070423,https://api.the-odds-api.com/v4/sports/americanfootball_nfl
2026,1,ed6d24ff979f9c71979fead577b0b3f7,2026-09-13T17:00:00Z,Bovada,2026-09-10T19:06:00Z,Tampa Bay Buccaneers,Cincinnati Bengals,h2h,Tampa Bay Buccaneers,,175,0.36363636,bovada|ed6d24ff979f9c71979fead577b0b3f7|h2h|event,0.34929577,https://api.the-odds-api.com/v4/sports/americanfootball_nfl
2026,1,ed6d24ff979f9c71979fead577b0b3f7,2026-09-13T17:00:00Z,Bovada,2026-09-10T19:06:00Z,Tampa Bay Buccaneers,Cincinnati Bengals,spreads,Cincinnati Bengals,-4.0,-105,0.51219512,bovada|ed6d24ff979f9c71979fead577b0b3f7|spreads|event,0.48916576,https://api.the-odds-api.com/v4/sports/americanfootball_nfl
2026,1,ed6d24ff979f9c71979fead577b0b3f7,2026-09-13T17:00:00Z,Bovada,2026-09-10T19:06:00Z,Tampa Bay Buccaneers,Cincinnati Bengals,spreads,Tampa Bay Buccaneers,4.0,-115,0.53488372,bovada|ed6d24ff979f9c71979fead577b0b3f7|spreads|event,0.51083424,https://api.the-odds-api.com/v4/sports/americanfootball_nfl
2026,1,ed6d24ff979f9c71979fead577b0b3f7,2026-09-13T17:00:00Z,Bovada,2026-09-10T19:06:00Z,Tampa Bay Buccaneers,Cincinnati Bengals,totals,Over,50.0,-115,0.53488372,bovada|ed6d24ff979f9c71979fead577b0b3f7|totals|50.0,0.51083424,https://api.the-odds-api.com/v4/sports/americanfootball_nfl
2026,1,ed6d24ff979f9c71979fead577b0b3f7,2026-09-13T17:00:00Z,Bovada,2026-09-10T19:06:00Z,Tampa Bay Buccaneers,Cincinnati Bengals,totals,Under,50.0,-105,0.51219512,bovada|ed6d24ff979f9c71979fead577b0b3f7|totals|50.0,0.48916576,https://api.the-odds-api.com/v4/sports/americanfootball_nfl
2026,1,ed6d24ff979f9c71979fead577b0b3f7,2026-09-13T17:00:00Z,MyBookie.ag,2026-09-10T19:05:34Z,Tampa Bay Buccaneers,Cincinnati Bengals,h2h,Cincinnati Bengals,,-208,0.67532468,mybookieag|ed6d24ff979f9c71979fead577b0b3f7|h2h|event,0.64239272,https://api.the-odds-api.com/v4/sports/americanfootball_nfl
2026,1,ed6d24ff979f9c71979fead577b0b3f7,2026-09-13T17:00:00Z,MyBookie.ag,2026-09-10T19:05:34Z,Tampa Bay Buccaneers,Cincinnati Bengals,h2h,Tampa Bay Buccaneers,,166,0.37593985,mybookieag|ed6d24ff979f9c71979fead577b0b3f7|h2h|event,0.35760728,https://api.the-odds-api.com/v4/sports/americanfootball_nfl
2026,1,ed6d24ff979f9c71979fead577b0b3f7,2026-09-13T17:00:00Z,MyBookie.ag,2026-09-10T19:05:34Z,Tampa Bay Buccaneers,Cincinnati Bengals,spreads,Cincinnati Bengals,-4.0,-110,0.52380952,mybookieag|ed6d24ff979f9c71979fead577b0b3f7|spreads|event,0.5,https://api.the-odds-api.com/v4/sports/americanfootball_nfl
2026,1,ed6d24ff979f9c71979fead577b0b3f7,2026-09-13T17:00:00Z,MyBookie.ag,2026-09-10T19:05:34Z,Tampa Bay Buccaneers,Cincinnati Bengals,spreads,Tampa Bay Buccaneers,4.0,-110,0.52380952,mybookieag|ed6d24ff979f9c71979fead577b0b3f7|spreads|event,0.5,https://api.the-odds-api.com/v4/sports/americanfootball_nfl
2026,1,ed6d24ff979f9c71979fead577b0b3f7,2026-09-13T17:00:00Z,MyBookie.ag,2026-09-10T19:05:34Z,Tampa Bay Buccaneers,Cincinnati Bengals,totals,Over,50.5,-110,0.52380952,mybookieag|ed6d24ff979f9c71979fead577b0b3f7|totals|50.5,0.5,https://api.the-odds-api.com/v4/sports/americanfootball_nfl
2026,1,ed6d24ff979f9c71979fead577b0b3f7,2026-09-13T17:00:00Z,MyBookie.ag,2026-09-10T19:05:34Z,Tampa Bay Buccaneers,Cincinnati Bengals,totals,Under,50.5,-110,0.52380952,mybookieag|ed6d24ff979f9c71979fead577b0b3f7|totals|50.5,0.5,https://api.the-odds-api.com/v4/sports/americanfootball_nfl
2026,1,e55c6fe19fce094ce214c8b0e5b504e9,2026-09-13T17:00:00Z,DraftKings,2026-09-10T19:06:23Z,Cleveland Browns,Jacksonville Jaguars,h2h,Cleveland Browns,,370,0.21276596,draftkings|e55c6fe19fce094ce214c8b0e5b504e9|h2h|event,0.20422412,https://api.the-odds-api.com/v4/sports/americanfootball_nfl
2026,1,e55c6fe19fce094ce214c8b0e5b504e9,2026-09-13T17:00:00Z,DraftKings,2026-09-10T19:06:23Z,Cleveland Browns,Jacksonville Jaguars,h2h,Jacksonville Jaguars,,-485,0.82905983,draftkings|e55c6fe19fce094ce214c8b0e5b504e9|h2h|event,0.79577588,https://api.the-odds-api.com/v4/sports/americanfootball_nfl
2026,1,e55c6fe19fce094ce214c8b0e5b504e9,2026-09-13T17:00:00Z,DraftKings,2026-09-10T19:06:23Z,Cleveland Browns,Jacksonville Jaguars,spreads,Cleveland Browns,8.5,-110,0.52380952,draftkings|e55c6fe19fce094ce214c8b0e5b504e9|spreads|event,0.5,https://api.the-odds-api.com/v4/sports/americanfootball_nfl
2026,1,e55c6fe19fce094ce214c8b0e5b504e9,2026-09-13T17:00:00Z,DraftKings,2026-09-10T19:06:23Z,Cleveland Browns,Jacksonville Jaguars,spreads,Jacksonville Jaguars,-8.5,-110,0.52380952,draftkings|e55c6fe19fce094ce214c8b0e5b504e9|spreads|event,0.5,https://api.the-odds-api.com/v4/sports/americanfootball_nfl
2026,1,e55c6fe19fce094ce214c8b0e5b504e9,2026-09-13T17:00:00Z,DraftKings,2026-09-10T19:06:23Z,Cleveland Browns,Jacksonville Jaguars,totals,Over,39.5,-118,0.5412844,draftkings|e55c6fe19fce094ce214c8b0e5b504e9|totals|39.5,0.51736412,https://api.the-odds-api.com/v4/sports/americanfootball_nfl
2026,1,e55c6fe19fce094ce214c8b0e5b504e9,2026-09-13T17:00:00Z,DraftKings,2026-09-10T19:06:23Z,Cleveland Browns,Jacksonville Jaguars,totals,Under,39.5,-102,0.5049505,draftkings|e55c6fe19fce094ce214c8b0e5b504e9|totals|39.5,0.48263588,https://api.the-odds-api.com/v4/sports/americanfootball_nfl
2026,1,e55c6fe19fce094ce214c8b0e5b504e9,2026-09-13T17:00:00Z,FanDuel,2026-09-10T19:07:17Z,Cleveland Browns,Jacksonville Jaguars,h2h,Cleveland Browns,,340,0.22727273,fanduel|e55c6fe19fce094ce214c8b0e5b504e9|h2h|event,0.21882742,https://api.the-odds-api.com/v4/sports/americanfootball_nfl
2026,1,e55c6fe19fce094ce214c8b0e5b504e9,2026-09-13T17:00:00Z,FanDuel,2026-09-10T19:07:17Z,Cleveland Browns,Jacksonville Jaguars,h2h,Jacksonville Jaguars,,-430,0.81132075,fanduel|e55c6fe19fce094ce214c8b0e5b504e9|h2h|event,0.78117258,https://api.the-odds-api.com/v4/sports/americanfootball_nfl
2026,1,e55c6fe19fce094ce214c8b0e5b504e9,2026-09-13T17:00:00Z,FanDuel,2026-09-10T19:07:17Z,Cleveland Browns,Jacksonville Jaguars,spreads,Cleveland Browns,8.5,-112,0.52830189,fanduel|e55c6fe19fce094ce214c8b0e5b504e9|spreads|event,0.50432976,https://api.the-odds-api.com/v4/sports/americanfootball_nfl
2026,1,e55c6fe19fce094ce214c8b0e5b504e9,2026-09-13T17:00:00Z,FanDuel,2026-09-10T19:07:17Z,Cleveland Browns,Jacksonville Jaguars,spreads,Jacksonville Jaguars,-8.5,-108,0.51923077,fanduel|e55c6fe19fce094ce214c8b0e5b504e9|spreads|event,0.49567024,https://api.the-odds-api.com/v4/sports/americanfootball_nfl
2026,1,e55c6fe19fce094ce214c8b0e5b504e9,2026-09-13T17:00:00Z,FanDuel,2026-09-10T19:07:17Z,Cleveland Browns,Jacksonville Jaguars,totals,Over,40.5,-105,0.51219512,fanduel|e55c6fe19fce094ce214c8b0e5b504e9|totals|40.5,0.48916576,https://api.the-odds-api.com/v4/sports/americanfootball_nfl
2026,1,e55c6fe19fce094ce214c8b0e5b504e9,2026-09-13T17:00:00Z,FanDuel,2026-09-10T19:07:17Z,Cleveland Browns,Jacksonville Jaguars,totals,Under,40.5,-115,0.53488372,fanduel|e55c6fe19fce094ce214c8b0e5b504e9|totals|40.5,0.51083424,https://api.the-odds-api.com/v4/sports/americanfootball_nfl
2026,1,e55c6fe19fce094ce214c8b0e5b504e9,2026-09-13T17:00:00Z,BetUS,2026-09-10T19:06:57Z,Cleveland Browns,Jacksonville Jaguars,h2h,Cleveland Browns,,320,0.23809524,betus|e55c6fe19fce094ce214c8b0e5b504e9|h2h|event,0.2293578,https://api.the-odds-api.com/v4/sports/americanfootball_nfl
2026,1,e55c6fe19fce094ce214c8b0e5b504e9,2026-09-13T17:00:00Z,BetUS,2026-09-10T19:06:57Z,Cleveland Browns,Jacksonville Jaguars,h2h,Jacksonville Jaguars,,-400,0.8,betus|e55c6fe19fce094ce214c8b0e5b504e9|h2h|event,0.7706422,https://api.the-odds-api.com/v4/sports/americanfootball_nfl
2026,1,e55c6fe19fce094ce214c8b0e5b504e9,2026-09-13T17:00:00Z,BetUS,2026-09-10T19:06:57Z,Cleveland Browns,Jacksonville Jaguars,spreads,Cleveland Browns,9.0,-115,0.53488372,betus|e55c6fe19fce094ce214c8b0e5b504e9|spreads|event,0.51083424,https://api.the-odds-api.com/v4/sports/americanfootball_nfl
2026,1,e55c6fe19fce094ce214c8b0e5b504e9,2026-09-13T17:00:00Z,BetUS,2026-09-10T19:06:57Z,Cleveland Browns,Jacksonville Jaguars,spreads,Jacksonville Jaguars,-9.0,-105,0.51219512,betus|e55c6fe19fce094ce214c8b0e5b504e9|spreads|event,0.48916576,https://api.the-odds-api.com/v4/sports/americanfootball_nfl
2026,1,e55c6fe19fce094ce214c8b0e5b504e9,2026-09-13T17:00:00Z,BetUS,2026-09-10T19:06:57Z,Cleveland Browns,Jacksonville Jaguars,totals,Over,39.5,-115,0.53488372,betus|e55c6fe19fce094ce214c8b0e5b504e9|totals|39.5,0.51083424,https://api.the-odds-api.com/v4/sports/americanfootball_nfl
2026,1,e55c6fe19fce094ce214c8b0e5b504e9,2026-09-13T17:00:00Z,BetUS,2026-09-10T19:06:57Z,Cleveland Browns,Jacksonville Jaguars,totals,Under,39.5,-105,0.51219512,betus|e55c6fe19fce094ce214c8b0e5b504e9|totals|39.5,0.48916576,https://api.the-odds-api.com/v4/sports/americanfootball_nfl
2026,1,e55c6fe19fce094ce214c8b0e5b504e9,2026-09-13T17:00:00Z,BetRivers,2026-09-10T19:06:57Z,Cleveland Browns,Jacksonville Jaguars,h2h,Cleveland Browns,,320,0.23809524,betrivers|e55c6fe19fce094ce214c8b0e5b504e9|h2h|event,0.22767075,https://api.the-odds-api.com/v4/sports/americanfootball_nfl
2026,1,e55c6fe19fce094ce214c8b0e5b504e9,2026-09-13T17:00:00Z,BetRivers,2026-09-10T19:06:57Z,Cleveland Browns,Jacksonville Jaguars,h2h,Jacksonville Jaguars,,-420,0.80769231,betrivers|e55c6fe19fce094ce214c8b0e5b504e9|h2h|event,0.77232925,https://api.the-odds-api.com/v4/sports/americanfootball_nfl
2026,1,e55c6fe19fce094ce214c8b0e5b504e9,2026-09-13T17:00:00Z,BetRivers,2026-09-10T19:06:57Z,Cleveland Browns,Jacksonville Jaguars,spreads,Cleveland Browns,8.5,-110,0.52380952,betrivers|e55c6fe19fce094ce214c8b0e5b504e9|spreads|event,0.5,https://api.the-odds-api.com/v4/sports/americanfootball_nfl
2026,1,e55c6fe19fce094ce214c8b0e5b504e9,2026-09-13T17:00:00Z,BetRivers,2026-09-10T19:06:57Z,Cleveland Browns,Jacksonville Jaguars,spreads,Jacksonville Jaguars,-8.5,-110,0.52380952,betrivers|e55c6fe19fce094ce214c8b0e5b504e9|spreads|event,0.5,https://api.the-odds-api.com/v4/sports/americanfootball_nfl
2026,1,e55c6fe19fce094ce214c8b0e5b504e9,2026-09-13T17:00:00Z,BetRivers,2026-09-10T19:06:57Z,Cleveland Browns,Jacksonville Jaguars,totals,Over,40.5,-110,0.52380952,betrivers|e55c6fe19fce094ce214c8b0e5b504e9|totals|40.5,0.5,https://api.the-odds-api.com/v4/sports/americanfootball_nfl
2026,1,e55c6fe19fce094ce214c8b0e5b504e9,2026-09-13T17:00:00Z,BetRivers,2026-09-10T19:06:57Z,Cleveland Browns,Jacksonville Jaguars,totals,Under,40.5,-110,0.52380952,betrivers|e55c6fe19fce094ce214c8b0e5b504e9|totals|40.5,0.5,https://api.the-odds-api.com/v4/sports/americanfootball_nfl
2026,1,e55c6fe19fce094ce214c8b0e5b504e9,2026-09-13T17:00:00Z,BetOnline.ag,2026-09-10T19:06:22Z,Cleveland Browns,Jacksonville Jaguars,h2h,Cleveland Browns,,316,0.24038462,betonlineag|e55c6fe19fce094ce214c8b0e5b504e9|h2h|event,0.23105361,https://api.the-odds-api.com/v4/sports/americanfootball_nfl
2026,1,e55c6fe19fce094ce214c8b0e5b504e9,2026-09-13T17:00:00Z,BetOnline.ag,2026-09-10T19:06:22Z,Cleveland Browns,Jacksonville Jaguars,h2h,Jacksonville Jaguars,,-400,0.8,betonlineag|e55c6fe19fce094ce214c8b0e5b504e9|h2h|event,0.76894639,https://api.the-odds-api.com/v4/sports/americanfootball_nfl
2026,1,e55c6fe19fce094ce214c8b0e5b504e9,2026-09-13T17:00:00Z,BetOnline.ag,2026-09-10T19:06:22Z,Cleveland Browns,Jacksonville Jaguars,spreads,Cleveland Browns,9.0,-115,0.53488372,betonlineag|e55c6fe19fce094ce214c8b0e5b504e9|spreads|event,0.51083424,https://api.the-odds-api.com/v4/sports/americanfootball_nfl
2026,1,e55c6fe19fce094ce214c8b0e5b504e9,2026-09-13T17:00:00Z,BetOnline.ag,2026-09-10T19:06:22Z,Cleveland Browns,Jacksonville Jaguars,spreads,Jacksonville Jaguars,-9.0,-105,0.51219512,betonlineag|e55c6fe19fce094ce214c8b0e5b504e9|spreads|event,0.48916576,https://api.the-odds-api.com/v4/sports/americanfootball_nfl
2026,1,e55c6fe19fce094ce214c8b0e5b504e9,2026-09-13T17:00:00Z,BetOnline.ag,2026-09-10T19:06:22Z,Cleveland Browns,Jacksonville Jaguars,totals,Over,39.5,-115,0.53488372,betonlineag|e55c6fe19fce094ce214c8b0e5b504e9|totals|39.5,0.51083424,https://api.the-odds-api.com/v4/sports/americanfootball_nfl
2026,1,e55c6fe19fce094ce214c8b0e5b504e9,2026-09-13T17:00:00Z,BetOnline.ag,2026-09-10T19:06:22Z,Cleveland Browns,Jacksonville Jaguars,totals,Under,39.5,-105,0.51219512,betonlineag|e55c6fe19fce094ce214c8b0e5b504e9|totals|39.5,0.48916576,https://api.the-odds-api.com/v4/sports/americanfootball_nfl
2026,1,e55c6fe19fce094ce214c8b0e5b504e9,2026-09-13T17:00:00Z,LowVig.ag,2026-09-10T19:06:24Z,Cleveland Browns,Jacksonville Jaguars,h2h,Cleveland Browns,,316,0.24038462,lowvig|e55c6fe19fce094ce214c8b0e5b504e9|h2h|event,0.23105361,https://api.the-odds-api.com/v4/sports/americanfootball_nfl
2026,1,e55c6fe19fce094ce214c8b0e5b504e9,2026-09-13T17:00:00Z,LowVig.ag,2026-09-10T19:06:24Z,Cleveland Browns,Jacksonville Jaguars,h2h,Jacksonville Jaguars,,-400,0.8,lowvig|e55c6fe19fce094ce214c8b0e5b504e9|h2h|event,0.76894639,https://api.the-odds-api.com/v4/sports/americanfootball_nfl
2026,1,e55c6fe19fce094ce214c8b0e5b504e9,2026-09-13T17:00:00Z,LowVig.ag,2026-09-10T19:06:24Z,Cleveland Browns,Jacksonville Jaguars,spreads,Cleveland Browns,9.0,-110,0.52380952,lowvig|e55c6fe19fce094ce214c8b0e5b504e9|spreads|event,0.51162791,https://api.the-odds-api.com/v4/sports/americanfootball_nfl
2026,1,e55c6fe19fce094ce214c8b0e5b504e9,2026-09-13T17:00:00Z,LowVig.ag,2026-09-10T19:06:24Z,Cleveland Browns,Jacksonville Jaguars,spreads,Jacksonville Jaguars,-9.0,100,0.5,lowvig|e55c6fe19fce094ce214c8b0e5b504e9|spreads|event,0.48837209,https://api.the-odds-api.com/v4/sports/americanfootball_nfl
2026,1,e55c6fe19fce094ce214c8b0e5b504e9,2026-09-13T17:00:00Z,LowVig.ag,2026-09-10T19:06:24Z,Cleveland Browns,Jacksonville Jaguars,totals,Over,39.5,-113,0.53051643,lowvig|e55c6fe19fce094ce214c8b0e5b504e9|totals|39.5,0.51234512,https://api.the-odds-api.com/v4/sports/americanfootball_nfl
2026,1,e55c6fe19fce094ce214c8b0e5b504e9,2026-09-13T17:00:00Z,LowVig.ag,2026-09-10T19:06:24Z,Cleveland Browns,Jacksonville Jaguars,totals,Under,39.5,-102,0.5049505,lowvig|e55c6fe19fce094ce214c8b0e5b504e9|totals|39.5,0.48765488,https://api.the-odds-api.com/v4/sports/americanfootball_nfl
2026,1,e55c6fe19fce094ce214c8b0e5b504e9,2026-09-13T17:00:00Z,BetMGM,2026-09-10T19:06:54Z,Cleveland Browns,Jacksonville Jaguars,h2h,Cleveland Browns,,333,0.23094688,betmgm|e55c6fe19fce094ce214c8b0e5b504e9|h2h|event,0.22196385,https://api.the-odds-api.com/v4/sports/americanfootball_nfl
2026,1,e55c6fe19fce094ce214c8b0e5b504e9,2026-09-13T17:00:00Z,BetMGM,2026-09-10T19:06:54Z,Cleveland Browns,Jacksonville Jaguars,h2h,Jacksonville Jaguars,,-425,0.80952381,betmgm|e55c6fe19fce094ce214c8b0e5b504e9|h2h|event,0.77803615,https://api.the-odds-api.com/v4/sports/americanfootball_nfl
2026,1,e55c6fe19fce094ce214c8b0e5b504e9,2026-09-13T17:00:00Z,BetMGM,2026-09-10T19:06:54Z,Cleveland Browns,Jacksonville Jaguars,spreads,Cleveland Browns,8.5,-110,0.52380952,betmgm|e55c6fe19fce094ce214c8b0e5b504e9|spreads|event,0.5,https://api.the-odds-api.com/v4/sports/americanfootball_nfl
2026,1,e55c6fe19fce094ce214c8b0e5b504e9,2026-09-13T17:00:00Z,BetMGM,2026-09-10T19:06:54Z,Cleveland Browns,Jacksonville Jaguars,spreads,Jacksonville Jaguars,-8.5,-110,0.52380952,betmgm|e55c6fe19fce094ce214c8b0e5b504e9|spreads|event,0.5,https://api.the-odds-api.com/v4/sports/americanfootball_nfl
2026,1,e55c6fe19fce094ce214c8b0e5b504e9,2026-09-13T17:00:00Z,BetMGM,2026-09-10T19:06:54Z,Cleveland Browns,Jacksonville Jaguars,totals,Over,40.0,-108,0.51923077,betmgm|e55c6fe19fce094ce214c8b0e5b504e9|totals|40.0,0.49780509,https://api.the-odds-api.com/v4/sports/americanfootball_nfl
2026,1,e55c6fe19fce094ce214c8b0e5b504e9,2026-09-13T17:00:00Z,BetMGM,2026-09-10T19:06:54Z,Cleveland Browns,Jacksonville Jaguars,totals,Under,40.0,-110,0.52380952,betmgm|e55c6fe19fce094ce214c8b0e5b504e9|totals|40.0,0.50219491,https://api.the-odds-api.com/v4/sports/americanfootball_nfl
2026,1,e55c6fe19fce094ce214c8b0e5b504e9,2026-09-13T17:00:00Z,Bovada,2026-09-10T19:06:00Z,Cleveland Browns,Jacksonville Jaguars,h2h,Cleveland Browns,,310,0.24390244,bovada|e55c6fe19fce094ce214c8b0e5b504e9|h2h|event,0.2323483,https://api.the-odds-api.com/v4/sports/americanfootball_nfl
2026,1,e55c6fe19fce094ce214c8b0e5b504e9,2026-09-13T17:00:00Z,Bovada,2026-09-10T19:06:00Z,Cleveland Browns,Jacksonville Jaguars,h2h,Jacksonville Jaguars,,-415,0.80582524,bovada|e55c6fe19fce094ce214c8b0e5b504e9|h2h|event,0.7676517,https://api.the-odds-api.com/v4/sports/americanfootball_nfl
2026,1,e55c6fe19fce094ce214c8b0e5b504e9,2026-09-13T17:00:00Z,Bovada,2026-09-10T19:06:00Z,Cleveland Browns,Jacksonville Jaguars,spreads,Cleveland Browns,8.5,-110,0.52380952,bovada|e55c6fe19fce094ce214c8b0e5b504e9|spreads|event,0.5,https://api.the-odds-api.com/v4/sports/americanfootball_nfl
2026,1,e55c6fe19fce094ce214c8b0e5b504e9,2026-09-13T17:00:00Z,Bovada,2026-09-10T19:06:00Z,Cleveland Browns,Jacksonville Jaguars,spreads,Jacksonville Jaguars,-8.5,-110,0.52380952,bovada|e55c6fe19fce094ce214c8b0e5b504e9|spreads|event,0.5,https://api.the-odds-api.com/v4/sports/americanfootball_nfl
2026,1,e55c6fe19fce094ce214c8b0e5b504e9,2026-09-13T17:00:00Z,Bovada,2026-09-10T19:06:00Z,Cleveland Browns,Jacksonville Jaguars,totals,Over,40.0,-110,0.52380952,bovada|e55c6fe19fce094ce214c8b0e5b504e9|totals|40.0,0.5,https://api.the-odds-api.com/v4/sports/americanfootball_nfl
2026,1,e55c6fe19fce094ce214c8b0e5b504e9,2026-09-13T17:00:00Z,Bovada,2026-09-10T19:06:00Z,Cleveland Browns,Jacksonville Jaguars,totals,Under,40.0,-110,0.52380952,bovada|e55c6fe19fce094ce214c8b0e5b504e9|totals|40.0,0.5,https://api.the-odds-api.com/v4/sports/americanfootball_nfl
2026,1,e55c6fe19fce094ce214c8b0e5b504e9,2026-09-13T17:00:00Z,MyBookie.ag,2026-09-10T19:05:34Z,Cleveland Browns,Jacksonville Jaguars,h2h,Cleveland Browns,,340,0.22727273,mybookieag|e55c6fe19fce094ce214c8b0e5b504e9|h2h|event,0.21613614,https://api.the-odds-api.com/v4/sports/americanfootball_nfl
2026,1,e55c6fe19fce094ce214c8b0e5b504e9,2026-09-13T17:00:00Z,MyBookie.ag,2026-09-10T19:05:34Z,Cleveland Browns,Jacksonville Jaguars,h2h,Jacksonville Jaguars,,-469,0.82425308,mybookieag|e55c6fe19fce094ce214c8b0e5b504e9|h2h|event,0.78386386,https://api.the-odds-api.com/v4/sports/americanfootball_nfl
2026,1,e55c6fe19fce094ce214c8b0e5b504e9,2026-09-13T17:00:00Z,MyBookie.ag,2026-09-10T19:05:34Z,Cleveland Browns,Jacksonville Jaguars,spreads,Cleveland Browns,8.5,-110,0.52380952,mybookieag|e55c6fe19fce094ce214c8b0e5b504e9|spreads|event,0.5,https://api.the-odds-api.com/v4/sports/americanfootball_nfl
2026,1,e55c6fe19fce094ce214c8b0e5b504e9,2026-09-13T17:00:00Z,MyBookie.ag,2026-09-10T19:05:34Z,Cleveland Browns,Jacksonville Jaguars,spreads,Jacksonville Jaguars,-8.5,-110,0.52380952,mybookieag|e55c6fe19fce094ce214c8b0e5b504e9|spreads|event,0.5,https://api.the-odds-api.com/v4/sports/americanfootball_nfl
2026,1,e55c6fe19fce094ce214c8b0e5b504e9,2026-09-13T17:00:00Z,MyBookie.ag,2026-09-10T19:05:34Z,Cleveland Browns,Jacksonville Jaguars,totals,Over,40.0,-110,0.52380952,mybookieag|e55c6fe19fce094ce214c8b0e5b504e9|totals|40.0,0.5,https://api.the-odds-api.com/v4/sports/americanfootball_nfl
2026,1,e55c6fe19fce094ce214c8b0e5b504e9,2026-09-13T17:00:00Z,MyBookie.ag,2026-09-10T19:05:34Z,Cleveland Browns,Jacksonville Jaguars,totals,Under,40.0,-110,0.52380952,mybookieag|e55c6fe19fce094ce214c8b0e5b504e9|totals|40.0,0.5,https://api.the-odds-api.com/v4/sports/americanfootball_nfl
2026,1,c1d3fcec25aaeb06ebd2244d33d338e0,2026-09-13T17:00:00Z,DraftKings,2026-09-10T19:06:23Z,New Orleans Saints,Detroit Lions,h2h,Detroit Lions,,-310,0.75609756,draftkings|c1d3fcec25aaeb06ebd2244d33d338e0|h2h|event,0.72575251,https://api.the-odds-api.com/v4/sports/americanfootball_nfl
2026,1,c1d3fcec25aaeb06ebd2244d33d338e0,2026-09-13T17:00:00Z,DraftKings,2026-09-10T19:06:23Z,New Orleans Saints,Detroit Lions,h2h,New Orleans Saints,,250,0.28571429,draftkings|c1d3fcec25aaeb06ebd2244d33d338e0|h2h|event,0.27424749,https://api.the-odds-api.com/v4/sports/americanfootball_nfl
2026,1,c1d3fcec25aaeb06ebd2244d33d338e0,2026-09-13T17:00:00Z,DraftKings,2026-09-10T19:06:23Z,New Orleans Saints,Detroit Lions,spreads,Detroit Lions,-7.0,-108,0.51923077,draftkings|c1d3fcec25aaeb06ebd2244d33d338e0|spreads|event,0.49567024,https://api.the-odds-api.com/v4/sports/americanfootball_nfl
2026,1,c1d3fcec25aaeb06ebd2244d33d338e0,2026-09-13T17:00:00Z,DraftKings,2026-09-10T19:06:23Z,New Orleans Saints,Detroit Lions,spreads,New Orleans Saints,7.0,-112,0.52830189,draftkings|c1d3fcec25aaeb06ebd2244d33d338e0|spreads|event,0.50432976,https://api.the-odds-api.com/v4/sports/americanfootball_nfl
2026,1,c1d3fcec25aaeb06ebd2244d33d338e0,2026-09-13T17:00:00Z,DraftKings,2026-09-10T19:06:23Z,New Orleans Saints,Detroit Lions,totals,Over,50.5,-102,0.5049505,draftkings|c1d3fcec25aaeb06ebd2244d33d338e0|totals|50.5,0.48263588,https://api.the-odds-api.com/v4/sports/americanfootball_nfl
2026,1,c1d3fcec25aaeb06ebd2244d33d338e0,2026-09-13T17:00:00Z,DraftKings,2026-09-10T19:06:23Z,New Orleans Saints,Detroit Lions,totals,Under,50.5,-118,0.5412844,draftkings|c1d3fcec25aaeb06ebd2244d33d338e0|totals|50.5,0.51736412,https://api.the-odds-api.com/v4/sports/americanfootball_nfl
2026,1,c1d3fcec25aaeb06ebd2244d33d338e0,2026-09-13T17:00:00Z,FanDuel,2026-09-10T19:07:17Z,New Orleans Saints,Detroit Lions,h2h,Detroit Lions,,-335,0.77011494,fanduel|c1d3fcec25aaeb06ebd2244d33d338e0|h2h|event,0.74022096,https://api.the-odds-api.com/v4/sports/americanfootball_nfl
2026,1,c1d3fcec25aaeb06ebd2244d33d338e0,2026-09-13T17:00:00Z,FanDuel,2026-09-10T19:07:17Z,New Orleans Saints,Detroit Lions,h2h,New Orleans Saints,,270,0.27027027,fanduel|c1d3fcec25aaeb06ebd2244d33d338e0|h2h|event,0.25977904,https://api.the-odds-api.com/v4/sports/americanfootball_nfl
2026,1,c1d3fcec25aaeb06ebd2244d33d338e0,2026-09-13T17:00:00Z,FanDuel,2026-09-10T19:07:17Z,New Orleans Saints,Detroit Lions,spreads,Detroit Lions,-6.5,-122,0.54954955,fanduel|c1d3fcec25aaeb06ebd2244d33d338e0|spreads|event,0.52360515,https://api.the-odds-api.com/v4/sports/americanfootball_nfl
2026,1,c1d3fcec25aaeb06ebd2244d33d338e0,2026-09-13T17:00:00Z,FanDuel,2026-09-10T19:07:17Z,New Orleans Saints,Detroit Lions,spreads,New Orleans Saints,6.5,100,0.5,fanduel|c1d3fcec25aaeb06ebd2244d33d338e0|spreads|event,0.47639485,https://api.the-odds-api.com/v4/sports/americanfootball_nfl
2026,1,c1d3fcec25aaeb06ebd2244d33d338e0,2026-09-13T17:00:00Z,FanDuel,2026-09-10T19:07:17Z,New Orleans Saints,Detroit Lions,totals,Over,49.5,-115,0.53488372,fanduel|c1d3fcec25aaeb06ebd2244d33d338e0|totals|49.5,0.51083424,https://api.the-odds-api.com/v4/sports/americanfootball_nfl
2026,1,c1d3fcec25aaeb06ebd2244d33d338e0,2026-09-13T17:00:00Z,FanDuel,2026-09-10T19:07:17Z,New Orleans Saints,Detroit Lions,totals,Under,49.5,-105,0.51219512,fanduel|c1d3fcec25aaeb06ebd2244d33d338e0|totals|49.5,0.48916576,https://api.the-odds-api.com/v4/sports/americanfootball_nfl
2026,1,c1d3fcec25aaeb06ebd2244d33d338e0,2026-09-13T17:00:00Z,LowVig.ag,2026-09-10T19:06:24Z,New Orleans Saints,Detroit Lions,h2h,Detroit Lions,,-310,0.75609756,lowvig|c1d3fcec25aaeb06ebd2244d33d338e0|h2h|event,0.72688516,https://api.the-odds-api.com/v4/sports/americanfootball_nfl
2026,1,c1d3fcec25aaeb06ebd2244d33d338e0,2026-09-13T17:00:00Z,LowVig.ag,2026-09-10T19:06:24Z,New Orleans Saints,Detroit Lions,h2h,New Orleans Saints,,252,0.28409091,lowvig|c1d3fcec25aaeb06ebd2244d33d338e0|h2h|event,0.27311484,https://api.the-odds-api.com/v4/sports/americanfootball_nfl
2026,1,c1d3fcec25aaeb06ebd2244d33d338e0,2026-09-13T17:00:00Z,LowVig.ag,2026-09-10T19:06:24Z,New Orleans Saints,Detroit Lions,spreads,Detroit Lions,-7.0,100,0.5,lowvig|c1d3fcec25aaeb06ebd2244d33d338e0|spreads|event,0.48837209,https://api.the-odds-api.com/v4/sports/americanfootball_nfl
2026,1,c1d3fcec25aaeb06ebd2244d33d338e0,2026-09-13T17:00:00Z,LowVig.ag,2026-09-10T19:06:24Z,New Orleans Saints,Detroit Lions,spreads,New Orleans Saints,7.0,-110,0.52380952,lowvig|c1d3fcec25aaeb06ebd2244d33d338e0|spreads|event,0.51162791,https://api.the-odds-api.com/v4/sports/americanfootball_nfl
2026,1,c1d3fcec25aaeb06ebd2244d33d338e0,2026-09-13T17:00:00Z,LowVig.ag,2026-09-10T19:06:24Z,New Orleans Saints,Detroit Lions,totals,Over,50.0,-107,0.51690821,lowvig|c1d3fcec25aaeb06ebd2244d33d338e0|totals|50.0,0.5,https://api.the-odds-api.com/v4/sports/americanfootball_nfl
2026,1,c1d3fcec25aaeb06ebd2244d33d338e0,2026-09-13T17:00:00Z,LowVig.ag,2026-09-10T19:06:24Z,New Orleans Saints,Detroit Lions,totals,Under,50.0,-107,0.51690821,lowvig|c1d3fcec25aaeb06ebd2244d33d338e0|totals|50.0,0.5,https://api.the-odds-api.com/v4/sports/americanfootball_nfl
2026,1,c1d3fcec25aaeb06ebd2244d33d338e0,2026-09-13T17:00:00Z,BetOnline.ag,2026-09-10T19:06:22Z,New Orleans Saints,Detroit Lions,h2h,Detroit Lions,,-310,0.75609756,betonlineag|c1d3fcec25aaeb06ebd2244d33d338e0|h2h|event,0.72688516,https://api.the-odds-api.com/v4/sports/americanfootball_nfl
2026,1,c1d3fcec25aaeb06ebd2244d33d338e0,2026-09-13T17:00:00Z,BetOnline.ag,2026-09-10T19:06:22Z,New Orleans Saints,Detroit Lions,h2h,New Orleans Saints,,252,0.28409091,betonlineag|c1d3fcec25aaeb06ebd2244d33d338e0|h2h|event,0.27311484,https://api.the-odds-api.com/v4/sports/americanfootball_nfl
2026,1,c1d3fcec25aaeb06ebd2244d33d338e0,2026-09-13T17:00:00Z,BetOnline.ag,2026-09-10T19:06:22Z,New Orleans Saints,Detroit Lions,spreads,Detroit Lions,-7.0,-105,0.51219512,betonlineag|c1d3fcec25aaeb06ebd2244d33d338e0|spreads|event,0.48916576,https://api.the-odds-api.com/v4/sports/americanfootball_nfl
2026,1,c1d3fcec25aaeb06ebd2244d33d338e0,2026-09-13T17:00:00Z,BetOnline.ag,2026-09-10T19:06:22Z,New Orleans Saints,Detroit Lions,spreads,New Orleans Saints,7.0,-115,0.53488372,betonlineag|c1d3fcec25aaeb06ebd2244d33d338e0|spreads|event,0.51083424,https://api.the-odds-api.com/v4/sports/americanfootball_nfl
2026,1,c1d3fcec25aaeb06ebd2244d33d338e0,2026-09-13T17:00:00Z,BetOnline.ag,2026-09-10T19:06:22Z,New Orleans Saints,Detroit Lions,totals,Over,50.0,-110,0.52380952,betonlineag|c1d3fcec25aaeb06ebd2244d33d338e0|totals|50.0,0.5,https://api.the-odds-api.com/v4/sports/americanfootball_nfl
2026,1,c1d3fcec25aaeb06ebd2244d33d338e0,2026-09-13T17:00:00Z,BetOnline.ag,2026-09-10T19:06:22Z,New Orleans Saints,Detroit Lions,totals,Under,50.0,-110,0.52380952,betonlineag|c1d3fcec25aaeb06ebd2244d33d338e0|totals|50.0,0.5,https://api.the-odds-api.com/v4/sports/americanfootball_nfl
2026,1,c1d3fcec25aaeb06ebd2244d33d338e0,2026-09-13T17:00:00Z,BetUS,2026-09-10T19:06:57Z,New Orleans Saints,Detroit Lions,h2h,Detroit Lions,,-310,0.75609756,betus|c1d3fcec25aaeb06ebd2244d33d338e0|h2h|event,0.7285667,https://api.the-odds-api.com/v4/sports/americanfootball_nfl
2026,1,c1d3fcec25aaeb06ebd2244d33d338e0,2026-09-13T17:00:00Z,BetUS,2026-09-10T19:06:57Z,New Orleans Saints,Detroit Lions,h2h,New Orleans Saints,,255,0.28169014,betus|c1d3fcec25aaeb06ebd2244d33d338e0|h2h|event,0.2714333,https://api.the-odds-api.com/v4/sports/americanfootball_nfl
2026,1,c1d3fcec25aaeb06ebd2244d33d338e0,2026-09-13T17:00:00Z,BetUS,2026-09-10T19:06:57Z,New Orleans Saints,Detroit Lions,spreads,Detroit Lions,-7.0,-105,0.51219512,betus|c1d3fcec25aaeb06ebd2244d33d338e0|spreads|event,0.48916576,https://api.the-odds-api.com/v4/sports/americanfootball_nfl
2026,1,c1d3fcec25aaeb06ebd2244d33d338e0,2026-09-13T17:00:00Z,BetUS,2026-09-10T19:06:57Z,New Orleans Saints,Detroit Lions,spreads,New Orleans Saints,7.0,-115,0.53488372,betus|c1d3fcec25aaeb06ebd2244d33d338e0|spreads|event,0.51083424,https://api.the-odds-api.com/v4/sports/americanfootball_nfl
2026,1,c1d3fcec25aaeb06ebd2244d33d338e0,2026-09-13T17:00:00Z,BetUS,2026-09-10T19:06:57Z,New Orleans Saints,Detroit Lions,totals,Over,50.0,-110,0.52380952,betus|c1d3fcec25aaeb06ebd2244d33d338e0|totals|50.0,0.5,https://api.the-odds-api.com/v4/sports/americanfootball_nfl
2026,1,c1d3fcec25aaeb06ebd2244d33d338e0,2026-09-13T17:00:00Z,BetUS,2026-09-10T19:06:57Z,New Orleans Saints,Detroit Lions,totals,Under,50.0,-110,0.52380952,betus|c1d3fcec25aaeb06ebd2244d33d338e0|totals|50.0,0.5,https://api.the-odds-api.com/v4/sports/americanfootball_nfl
2026,1,c1d3fcec25aaeb06ebd2244d33d338e0,2026-09-13T17:00:00Z,BetRivers,2026-09-10T19:06:57Z,New Orleans Saints,Detroit Lions,h2h,Detroit Lions,,-345,0.7752809,betrivers|c1d3fcec25aaeb06ebd2244d33d338e0|h2h|event,0.73888808,https://api.the-odds-api.com/v4/sports/americanfootball_nfl
2026,1,c1d3fcec25aaeb06ebd2244d33d338e0,2026-09-13T17:00:00Z,BetRivers,2026-09-10T19:06:57Z,New Orleans Saints,Detroit Lions,h2h,New Orleans Saints,,265,0.2739726,betrivers|c1d3fcec25aaeb06ebd2244d33d338e0|h2h|event,0.26111192,https://api.the-odds-api.com/v4/sports/americanfootball_nfl
2026,1,c1d3fcec25aaeb06ebd2244d33d338e0,2026-09-13T17:00:00Z,BetRivers,2026-09-10T19:06:57Z,New Orleans Saints,Detroit Lions,spreads,Detroit Lions,-7.0,-108,0.51923077,betrivers|c1d3fcec25aaeb06ebd2244d33d338e0|spreads|event,0.49462458,https://api.the-odds-api.com/v4/sports/americanfootball_nfl
2026,1,c1d3fcec25aaeb06ebd2244d33d338e0,2026-09-13T17:00:00Z,BetRivers,2026-09-10T19:06:57Z,New Orleans Saints,Detroit Lions,spreads,New Orleans Saints,7.0,-113,0.53051643,betrivers|c1d3fcec25aaeb06ebd2244d33d338e0|spreads|event,0.50537542,https://api.the-odds-api.com/v4/sports/americanfootball_nfl
2026,1,c1d3fcec25aaeb06ebd2244d33d338e0,2026-09-13T17:00:00Z,BetRivers,2026-09-10T19:06:57Z,New Orleans Saints,Detroit Lions,totals,Over,50.0,-113,0.53051643,betrivers|c1d3fcec25aaeb06ebd2244d33d338e0|totals|50.0,0.50537542,https://api.the-odds-api.com/v4/sports/americanfootball_nfl
2026,1,c1d3fcec25aaeb06ebd2244d33d338e0,2026-09-13T17:00:00Z,BetRivers,2026-09-10T19:06:57Z,New Orleans Saints,Detroit Lions,totals,Under,50.0,-108,0.51923077,betrivers|c1d3fcec25aaeb06ebd2244d33d338e0|totals|50.0,0.49462458,https://api.the-odds-api.com/v4/sports/americanfootball_nfl
2026,1,c1d3fcec25aaeb06ebd2244d33d338e0,2026-09-13T17:00:00Z,BetMGM,2026-09-10T19:06:54Z,New Orleans Saints,Detroit Lions,h2h,Detroit Lions,,-325,0.76470588,betmgm|c1d3fcec25aaeb06ebd2244d33d338e0|h2h|event,0.73354232,https://api.the-odds-api.com/v4/sports/americanfootball_nfl
2026,1,c1d3fcec25aaeb06ebd2244d33d338e0,2026-09-13T17:00:00Z,BetMGM,2026-09-10T19:06:54Z,New Orleans Saints,Detroit Lions,h2h,New Orleans Saints,,260,0.27777778,betmgm|c1d3fcec25aaeb06ebd2244d33d338e0|h2h|event,0.26645768,https://api.the-odds-api.com/v4/sports/americanfootball_nfl
2026,1,c1d3fcec25aaeb06ebd2244d33d338e0,2026-09-13T17:00:00Z,BetMGM,2026-09-10T19:06:54Z,New Orleans Saints,Detroit Lions,spreads,Detroit Lions,-7.0,-108,0.51923077,betmgm|c1d3fcec25aaeb06ebd2244d33d338e0|spreads|event,0.49780509,https://api.the-odds-api.com/v4/sports/americanfootball_nfl
2026,1,c1d3fcec25aaeb06ebd2244d33d338e0,2026-09-13T17:00:00Z,BetMGM,2026-09-10T19:06:54Z,New Orleans Saints,Detroit Lions,spreads,New Orleans Saints,7.0,-110,0.52380952,betmgm|c1d3fcec25aaeb06ebd2244d33d338e0|spreads|event,0.50219491,https://api.the-odds-api.com/v4/sports/americanfootball_nfl
2026,1,c1d3fcec25aaeb06ebd2244d33d338e0,2026-09-13T17:00:00Z,BetMGM,2026-09-10T19:06:54Z,New Orleans Saints,Detroit Lions,totals,Over,49.5,-110,0.52380952,betmgm|c1d3fcec25aaeb06ebd2244d33d338e0|totals|49.5,0.50219491,https://api.the-odds-api.com/v4/sports/americanfootball_nfl
2026,1,c1d3fcec25aaeb06ebd2244d33d338e0,2026-09-13T17:00:00Z,BetMGM,2026-09-10T19:06:54Z,New Orleans Saints,Detroit Lions,totals,Under,49.5,-108,0.51923077,betmgm|c1d3fcec25aaeb06ebd2244d33d338e0|totals|49.5,0.49780509,https://api.the-odds-api.com/v4/sports/americanfootball_nfl
2026,1,c1d3fcec25aaeb06ebd2244d33d338e0,2026-09-13T17:00:00Z,Bovada,2026-09-10T19:06:00Z,New Orleans Saints,Detroit Lions,h2h,Detroit Lions,,-330,0.76744186,bovada|c1d3fcec25aaeb06ebd2244d33d338e0|h2h|event,0.73692261,https://api.the-odds-api.com/v4/sports/americanfootball_nfl
2026,1,c1d3fcec25aaeb06ebd2244d33d338e0,2026-09-13T17:00:00Z,Bovada,2026-09-10T19:06:00Z,New Orleans Saints,Detroit Lions,h2h,New Orleans Saints,,265,0.2739726,bovada|c1d3fcec25aaeb06ebd2244d33d338e0|h2h|event,0.26307739,https://api.the-odds-api.com/v4/sports/americanfootball_nfl
2026,1,c1d3fcec25aaeb06ebd2244d33d338e0,2026-09-13T17:00:00Z,Bovada,2026-09-10T19:06:00Z,New Orleans Saints,Detroit Lions,spreads,Detroit Lions,-7.0,-110,0.52380952,bovada|c1d3fcec25aaeb06ebd2244d33d338e0|spreads|event,0.5,https://api.the-odds-api.com/v4/sports/americanfootball_nfl
2026,1,c1d3fcec25aaeb06ebd2244d33d338e0,2026-09-13T17:00:00Z,Bovada,2026-09-10T19:06:00Z,New Orleans Saints,Detroit Lions,spreads,New Orleans Saints,7.0,-110,0.52380952,bovada|c1d3fcec25aaeb06ebd2244d33d338e0|spreads|event,0.5,https://api.the-odds-api.com/v4/sports/americanfootball_nfl
2026,1,c1d3fcec25aaeb06ebd2244d33d338e0,2026-09-13T17:00:00Z,Bovada,2026-09-10T19:06:00Z,New Orleans Saints,Detroit Lions,totals,Over,50.0,-105,0.51219512,bovada|c1d3fcec25aaeb06ebd2244d33d338e0|totals|50.0,0.48916576,https://api.the-odds-api.com/v4/sports/americanfootball_nfl
2026,1,c1d3fcec25aaeb06ebd2244d33d338e0,2026-09-13T17:00:00Z,Bovada,2026-09-10T19:06:00Z,New Orleans Saints,Detroit Lions,totals,Under,50.0,-115,0.53488372,bovada|c1d3fcec25aaeb06ebd2244d33d338e0|totals|50.0,0.51083424,https://api.the-odds-api.com/v4/sports/americanfootball_nfl
2026,1,c1d3fcec25aaeb06ebd2244d33d338e0,2026-09-13T17:00:00Z,MyBookie.ag,2026-09-10T19:05:34Z,New Orleans Saints,Detroit Lions,h2h,Detroit Lions,,-330,0.76744186,mybookieag|c1d3fcec25aaeb06ebd2244d33d338e0|h2h|event,0.72870662,https://api.the-odds-api.com/v4/sports/americanfootball_nfl
2026,1,c1d3fcec25aaeb06ebd2244d33d338e0,2026-09-13T17:00:00Z,MyBookie.ag,2026-09-10T19:05:34Z,New Orleans Saints,Detroit Lions,h2h,New Orleans Saints,,250,0.28571429,mybookieag|c1d3fcec25aaeb06ebd2244d33d338e0|h2h|event,0.27129338,https://api.the-odds-api.com/v4/sports/americanfootball_nfl
2026,1,c1d3fcec25aaeb06ebd2244d33d338e0,2026-09-13T17:00:00Z,MyBookie.ag,2026-09-10T19:05:34Z,New Orleans Saints,Detroit Lions,spreads,Detroit Lions,-7.0,-110,0.52380952,mybookieag|c1d3fcec25aaeb06ebd2244d33d338e0|spreads|event,0.5,https://api.the-odds-api.com/v4/sports/americanfootball_nfl
2026,1,c1d3fcec25aaeb06ebd2244d33d338e0,2026-09-13T17:00:00Z,MyBookie.ag,2026-09-10T19:05:34Z,New Orleans Saints,Detroit Lions,spreads,New Orleans Saints,7.0,-110,0.52380952,mybookieag|c1d3fcec25aaeb06ebd2244d33d338e0|spreads|event,0.5,https://api.the-odds-api.com/v4/sports/americanfootball_nfl
2026,1,c1d3fcec25aaeb06ebd2244d33d338e0,2026-09-13T17:00:00Z,MyBookie.ag,2026-09-10T19:05:34Z,New Orleans Saints,Detroit Lions,totals,Over,50.0,-110,0.52380952,mybookieag|c1d3fcec25aaeb06ebd2244d33d338e0|totals|50.0,0.5,https://api.the-odds-api.com/v4/sports/americanfootball_nfl
2026,1,c1d3fcec25aaeb06ebd2244d33d338e0,2026-09-13T17:00:00Z,MyBookie.ag,2026-09-10T19:05:34Z,New Orleans Saints,Detroit Lions,totals,Under,50.0,-110,0.52380952,mybookieag|c1d3fcec25aaeb06ebd2244d33d338e0|totals|50.0,0.5,https://api.the-odds-api.com/v4/sports/americanfootball_nfl
2026,1,7dddb296a42e7a41a774b24bd1709ce1,2026-09-13T17:00:00Z,DraftKings,2026-09-10T19:06:23Z,New York Jets,Tennessee Titans,h2h,New York Jets,,105,0.48780488,draftkings|7dddb296a42e7a41a774b24bd1709ce1|h2h|event,0.46753247,https://api.the-odds-api.com/v4/sports/americanfootball_nfl
2026,1,7dddb296a42e7a41a774b24bd1709ce1,2026-09-13T17:00:00Z,DraftKings,2026-09-10T19:06:23Z,New York Jets,Tennessee Titans,h2h,Tennessee Titans,,-125,0.55555556,draftkings|7dddb296a42e7a41a774b24bd1709ce1|h2h|event,0.53246753,https://api.the-odds-api.com/v4/sports/americanfootball_nfl
2026,1,7dddb296a42e7a41a774b24bd1709ce1,2026-09-13T17:00:00Z,DraftKings,2026-09-10T19:06:23Z,New York Jets,Tennessee Titans,spreads,New York Jets,1.5,-110,0.52380952,draftkings|7dddb296a42e7a41a774b24bd1709ce1|spreads|event,0.5,https://api.the-odds-api.com/v4/sports/americanfootball_nfl
2026,1,7dddb296a42e7a41a774b24bd1709ce1,2026-09-13T17:00:00Z,DraftKings,2026-09-10T19:06:23Z,New York Jets,Tennessee Titans,spreads,Tennessee Titans,-1.5,-110,0.52380952,draftkings|7dddb296a42e7a41a774b24bd1709ce1|spreads|event,0.5,https://api.the-odds-api.com/v4/sports/americanfootball_nfl
2026,1,7dddb296a42e7a41a774b24bd1709ce1,2026-09-13T17:00:00Z,DraftKings,2026-09-10T19:06:23Z,New York Jets,Tennessee Titans,totals,Over,38.5,-112,0.52830189,draftkings|7dddb296a42e7a41a774b24bd1709ce1|totals|38.5,0.50432976,https://api.the-odds-api.com/v4/sports/americanfootball_nfl
2026,1,7dddb296a42e7a41a774b24bd1709ce1,2026-09-13T17:00:00Z,DraftKings,2026-09-10T19:06:23Z,New York Jets,Tennessee Titans,totals,Under,38.5,-108,0.51923077,draftkings|7dddb296a42e7a41a774b24bd1709ce1|totals|38.5,0.49567024,https://api.the-odds-api.com/v4/sports/americanfootball_nfl
2026,1,7dddb296a42e7a41a774b24bd1709ce1,2026-09-13T17:00:00Z,FanDuel,2026-09-10T19:07:17Z,New York Jets,Tennessee Titans,h2h,New York Jets,,106,0.48543689,fanduel|7dddb296a42e7a41a774b24bd1709ce1|h2h|event,0.46721174,https://api.the-odds-api.com/v4/sports/americanfootball_nfl
2026,1,7dddb296a42e7a41a774b24bd1709ce1,2026-09-13T17:00:00Z,FanDuel,2026-09-10T19:07:17Z,New York Jets,Tennessee Titans,h2h,Tennessee Titans,,-124,0.55357143,fanduel|7dddb296a42e7a41a774b24bd1709ce1|h2h|event,0.53278826,https://api.the-odds-api.com/v4/sports/americanfootball_nfl
2026,1,7dddb296a42e7a41a774b24bd1709ce1,2026-09-13T17:00:00Z,FanDuel,2026-09-10T19:07:17Z,New York Jets,Tennessee Titans,spreads,New York Jets,1.5,-110,0.52380952,fanduel|7dddb296a42e7a41a774b24bd1709ce1|spreads|event,0.5,https://api.the-odds-api.com/v4/sports/americanfootball_nfl
2026,1,7dddb296a42e7a41a774b24bd1709ce1,2026-09-13T17:00:00Z,FanDuel,2026-09-10T19:07:17Z,New York Jets,Tennessee Titans,spreads,Tennessee Titans,-1.5,-110,0.52380952,fanduel|7dddb296a42e7a41a774b24bd1709ce1|spreads|event,0.5,https://api.the-odds-api.com/v4/sports/americanfootball_nfl
2026,1,7dddb296a42e7a41a774b24bd1709ce1,2026-09-13T17:00:00Z,FanDuel,2026-09-10T19:07:17Z,New York Jets,Tennessee Titans,totals,Over,38.5,-110,0.52380952,fanduel|7dddb296a42e7a41a774b24bd1709ce1|totals|38.5,0.5,https://api.the-odds-api.com/v4/sports/americanfootball_nfl
2026,1,7dddb296a42e7a41a774b24bd1709ce1,2026-09-13T17:00:00Z,FanDuel,2026-09-10T19:07:17Z,New York Jets,Tennessee Titans,totals,Under,38.5,-110,0.52380952,fanduel|7dddb296a42e7a41a774b24bd1709ce1|totals|38.5,0.5,https://api.the-odds-api.com/v4/sports/americanfootball_nfl
2026,1,7dddb296a42e7a41a774b24bd1709ce1,2026-09-13T17:00:00Z,LowVig.ag,2026-09-10T19:06:24Z,New York Jets,Tennessee Titans,spreads,New York Jets,0.0,101,0.49751244,lowvig|7dddb296a42e7a41a774b24bd1709ce1|spreads|event,0.48499268,https://api.the-odds-api.com/v4/sports/americanfootball_nfl
2026,1,7dddb296a42e7a41a774b24bd1709ce1,2026-09-13T17:00:00Z,LowVig.ag,2026-09-10T19:06:24Z,New York Jets,Tennessee Titans,spreads,Tennessee Titans,0.0,-112,0.52830189,lowvig|7dddb296a42e7a41a774b24bd1709ce1|spreads|event,0.51500732,https://api.the-odds-api.com/v4/sports/americanfootball_nfl
2026,1,7dddb296a42e7a41a774b24bd1709ce1,2026-09-13T17:00:00Z,LowVig.ag,2026-09-10T19:06:24Z,New York Jets,Tennessee Titans,totals,Over,38.5,-107,0.51690821,lowvig|7dddb296a42e7a41a774b24bd1709ce1|totals|38.5,0.5,https://api.the-odds-api.com/v4/sports/americanfootball_nfl
2026,1,7dddb296a42e7a41a774b24bd1709ce1,2026-09-13T17:00:00Z,LowVig.ag,2026-09-10T19:06:24Z,New York Jets,Tennessee Titans,totals,Under,38.5,-107,0.51690821,lowvig|7dddb296a42e7a41a774b24bd1709ce1|totals|38.5,0.5,https://api.the-odds-api.com/v4/sports/americanfootball_nfl
2026,1,7dddb296a42e7a41a774b24bd1709ce1,2026-09-13T17:00:00Z,BetUS,2026-09-10T19:06:57Z,New York Jets,Tennessee Titans,spreads,New York Jets,0.0,100,0.5,betus|7dddb296a42e7a41a774b24bd1709ce1|spreads|event,0.47826087,https://api.the-odds-api.com/v4/sports/americanfootball_nfl
2026,1,7dddb296a42e7a41a774b24bd1709ce1,2026-09-13T17:00:00Z,BetUS,2026-09-10T19:06:57Z,New York Jets,Tennessee Titans,spreads,Tennessee Titans,0.0,-120,0.54545455,betus|7dddb296a42e7a41a774b24bd1709ce1|spreads|event,0.52173913,https://api.the-odds-api.com/v4/sports/americanfootball_nfl
2026,1,7dddb296a42e7a41a774b24bd1709ce1,2026-09-13T17:00:00Z,BetUS,2026-09-10T19:06:57Z,New York Jets,Tennessee Titans,totals,Over,38.5,-110,0.52380952,betus|7dddb296a42e7a41a774b24bd1709ce1|totals|38.5,0.5,https://api.the-odds-api.com/v4/sports/americanfootball_nfl
2026,1,7dddb296a42e7a41a774b24bd1709ce1,2026-09-13T17:00:00Z,BetUS,2026-09-10T19:06:57Z,New York Jets,Tennessee Titans,totals,Under,38.5,-110,0.52380952,betus|7dddb296a42e7a41a774b24bd1709ce1|totals|38.5,0.5,https://api.the-odds-api.com/v4/sports/americanfootball_nfl
2026,1,7dddb296a42e7a41a774b24bd1709ce1,2026-09-13T17:00:00Z,BetOnline.ag,2026-09-10T19:06:22Z,New York Jets,Tennessee Titans,spreads,New York Jets,0.0,-104,0.50980392,betonlineag|7dddb296a42e7a41a774b24bd1709ce1|spreads|event,0.48699271,https://api.the-odds-api.com/v4/sports/americanfootball_nfl
2026,1,7dddb296a42e7a41a774b24bd1709ce1,2026-09-13T17:00:00Z,BetOnline.ag,2026-09-10T19:06:22Z,New York Jets,Tennessee Titans,spreads,Tennessee Titans,0.0,-116,0.53703704,betonlineag|7dddb296a42e7a41a774b24bd1709ce1|spreads|event,0.51300729,https://api.the-odds-api.com/v4/sports/americanfootball_nfl
2026,1,7dddb296a42e7a41a774b24bd1709ce1,2026-09-13T17:00:00Z,BetOnline.ag,2026-09-10T19:06:22Z,New York Jets,Tennessee Titans,totals,Over,38.5,-110,0.52380952,betonlineag|7dddb296a42e7a41a774b24bd1709ce1|totals|38.5,0.5,https://api.the-odds-api.com/v4/sports/americanfootball_nfl
2026,1,7dddb296a42e7a41a774b24bd1709ce1,2026-09-13T17:00:00Z,BetOnline.ag,2026-09-10T19:06:22Z,New York Jets,Tennessee Titans,totals,Under,38.5,-110,0.52380952,betonlineag|7dddb296a42e7a41a774b24bd1709ce1|totals|38.5,0.5,https://api.the-odds-api.com/v4/sports/americanfootball_nfl
2026,1,7dddb296a42e7a41a774b24bd1709ce1,2026-09-13T17:00:00Z,BetRivers,2026-09-10T19:06:57Z,New York Jets,Tennessee Titans,h2h,New York Jets,,104,0.49019608,betrivers|7dddb296a42e7a41a774b24bd1709ce1|h2h|event,0.46875,https://api.the-odds-api.com/v4/sports/americanfootball_nfl
2026,1,7dddb296a42e7a41a774b24bd1709ce1,2026-09-13T17:00:00Z,BetRivers,2026-09-10T19:06:57Z,New York Jets,Tennessee Titans,h2h,Tennessee Titans,,-125,0.55555556,betrivers|7dddb296a42e7a41a774b24bd1709ce1|h2h|event,0.53125,https://api.the-odds-api.com/v4/sports/americanfootball_nfl
2026,1,7dddb296a42e7a41a774b24bd1709ce1,2026-09-13T17:00:00Z,BetRivers,2026-09-10T19:06:57Z,New York Jets,Tennessee Titans,spreads,New York Jets,1.5,-112,0.52830189,betrivers|7dddb296a42e7a41a774b24bd1709ce1|spreads|event,0.5032247,https://api.the-odds-api.com/v4/sports/americanfootball_nfl
2026,1,7dddb296a42e7a41a774b24bd1709ce1,2026-09-13T17:00:00Z,BetRivers,2026-09-10T19:06:57Z,New York Jets,Tennessee Titans,spreads,Tennessee Titans,-1.5,-109,0.5215311,betrivers|7dddb296a42e7a41a774b24bd1709ce1|spreads|event,0.4967753,https://api.the-odds-api.com/v4/sports/americanfootball_nfl
2026,1,7dddb296a42e7a41a774b24bd1709ce1,2026-09-13T17:00:00Z,BetRivers,2026-09-10T19:06:57Z,New York Jets,Tennessee Titans,totals,Over,38.5,-112,0.52830189,betrivers|7dddb296a42e7a41a774b24bd1709ce1|totals|38.5,0.5032247,https://api.the-odds-api.com/v4/sports/americanfootball_nfl
2026,1,7dddb296a42e7a41a774b24bd1709ce1,2026-09-13T17:00:00Z,BetRivers,2026-09-10T19:06:57Z,New York Jets,Tennessee Titans,totals,Under,38.5,-109,0.5215311,betrivers|7dddb296a42e7a41a774b24bd1709ce1|totals|38.5,0.4967753,https://api.the-odds-api.com/v4/sports/americanfootball_nfl
2026,1,7dddb296a42e7a41a774b24bd1709ce1,2026-09-13T17:00:00Z,BetMGM,2026-09-10T19:06:54Z,New York Jets,Tennessee Titans,h2h,New York Jets,,105,0.48780488,betmgm|7dddb296a42e7a41a774b24bd1709ce1|h2h|event,0.46753247,https://api.the-odds-api.com/v4/sports/americanfootball_nfl
2026,1,7dddb296a42e7a41a774b24bd1709ce1,2026-09-13T17:00:00Z,BetMGM,2026-09-10T19:06:54Z,New York Jets,Tennessee Titans,h2h,Tennessee Titans,,-125,0.55555556,betmgm|7dddb296a42e7a41a774b24bd1709ce1|h2h|event,0.53246753,https://api.the-odds-api.com/v4/sports/americanfootball_nfl
2026,1,7dddb296a42e7a41a774b24bd1709ce1,2026-09-13T17:00:00Z,BetMGM,2026-09-10T19:06:54Z,New York Jets,Tennessee Titans,spreads,New York Jets,1.5,-110,0.52380952,betmgm|7dddb296a42e7a41a774b24bd1709ce1|spreads|event,0.50219491,https://api.the-odds-api.com/v4/sports/americanfootball_nfl
2026,1,7dddb296a42e7a41a774b24bd1709ce1,2026-09-13T17:00:00Z,BetMGM,2026-09-10T19:06:54Z,New York Jets,Tennessee Titans,spreads,Tennessee Titans,-1.5,-108,0.51923077,betmgm|7dddb296a42e7a41a774b24bd1709ce1|spreads|event,0.49780509,https://api.the-odds-api.com/v4/sports/americanfootball_nfl
2026,1,7dddb296a42e7a41a774b24bd1709ce1,2026-09-13T17:00:00Z,BetMGM,2026-09-10T19:06:54Z,New York Jets,Tennessee Titans,totals,Over,38.5,-108,0.51923077,betmgm|7dddb296a42e7a41a774b24bd1709ce1|totals|38.5,0.49780509,https://api.the-odds-api.com/v4/sports/americanfootball_nfl
2026,1,7dddb296a42e7a41a774b24bd1709ce1,2026-09-13T17:00:00Z,BetMGM,2026-09-10T19:06:54Z,New York Jets,Tennessee Titans,totals,Under,38.5,-110,0.52380952,betmgm|7dddb296a42e7a41a774b24bd1709ce1|totals|38.5,0.50219491,https://api.the-odds-api.com/v4/sports/americanfootball_nfl
2026,1,7dddb296a42e7a41a774b24bd1709ce1,2026-09-13T17:00:00Z,Bovada,2026-09-10T19:06:00Z,New York Jets,Tennessee Titans,h2h,New York Jets,,100,0.5,bovada|7dddb296a42e7a41a774b24bd1709ce1|h2h|event,0.47826087,https://api.the-odds-api.com/v4/sports/americanfootball_nfl
2026,1,7dddb296a42e7a41a774b24bd1709ce1,2026-09-13T17:00:00Z,Bovada,2026-09-10T19:06:00Z,New York Jets,Tennessee Titans,h2h,Tennessee Titans,,-120,0.54545455,bovada|7dddb296a42e7a41a774b24bd1709ce1|h2h|event,0.52173913,https://api.the-odds-api.com/v4/sports/americanfootball_nfl
2026,1,7dddb296a42e7a41a774b24bd1709ce1,2026-09-13T17:00:00Z,Bovada,2026-09-10T19:06:00Z,New York Jets,Tennessee Titans,spreads,New York Jets,1.0,-105,0.51219512,bovada|7dddb296a42e7a41a774b24bd1709ce1|spreads|event,0.48916576,https://api.the-odds-api.com/v4/sports/americanfootball_nfl
2026,1,7dddb296a42e7a41a774b24bd1709ce1,2026-09-13T17:00:00Z,Bovada,2026-09-10T19:06:00Z,New York Jets,Tennessee Titans,spreads,Tennessee Titans,-1.0,-115,0.53488372,bovada|7dddb296a42e7a41a774b24bd1709ce1|spreads|event,0.51083424,https://api.the-odds-api.com/v4/sports/americanfootball_nfl
2026,1,7dddb296a42e7a41a774b24bd1709ce1,2026-09-13T17:00:00Z,Bovada,2026-09-10T19:06:00Z,New York Jets,Tennessee Titans,totals,Over,38.5,-110,0.52380952,bovada|7dddb296a42e7a41a774b24bd1709ce1|totals|38.5,0.5,https://api.the-odds-api.com/v4/sports/americanfootball_nfl
2026,1,7dddb296a42e7a41a774b24bd1709ce1,2026-09-13T17:00:00Z,Bovada,2026-09-10T19:06:00Z,New York Jets,Tennessee Titans,totals,Under,38.5,-110,0.52380952,bovada|7dddb296a42e7a41a774b24bd1709ce1|totals|38.5,0.5,https://api.the-odds-api.com/v4/sports/americanfootball_nfl
2026,1,7dddb296a42e7a41a774b24bd1709ce1,2026-09-13T17:00:00Z,MyBookie.ag,2026-09-10T19:05:34Z,New York Jets,Tennessee Titans,h2h,New York Jets,,102,0.4950495,mybookieag|7dddb296a42e7a41a774b24bd1709ce1|h2h|event,0.47209576,https://api.the-odds-api.com/v4/sports/americanfootball_nfl
2026,1,7dddb296a42e7a41a774b24bd1709ce1,2026-09-13T17:00:00Z,MyBookie.ag,2026-09-10T19:05:34Z,New York Jets,Tennessee Titans,h2h,Tennessee Titans,,-124,0.55357143,mybookieag|7dddb296a42e7a41a774b24bd1709ce1|h2h|event,0.52790424,https://api.the-odds-api.com/v4/sports/americanfootball_nfl
2026,1,7dddb296a42e7a41a774b24bd1709ce1,2026-09-13T17:00:00Z,MyBookie.ag,2026-09-10T19:05:34Z,New York Jets,Tennessee Titans,spreads,New York Jets,1.0,-110,0.52380952,mybookieag|7dddb296a42e7a41a774b24bd1709ce1|spreads|event,0.5,https://api.the-odds-api.com/v4/sports/americanfootball_nfl
2026,1,7dddb296a42e7a41a774b24bd1709ce1,2026-09-13T17:00:00Z,MyBookie.ag,2026-09-10T19:05:34Z,New York Jets,Tennessee Titans,spreads,Tennessee Titans,-1.0,-110,0.52380952,mybookieag|7dddb296a42e7a41a774b24bd1709ce1|spreads|event,0.5,https://api.the-odds-api.com/v4/sports/americanfootball_nfl
2026,1,7dddb296a42e7a41a774b24bd1709ce1,2026-09-13T17:00:00Z,MyBookie.ag,2026-09-10T19:05:34Z,New York Jets,Tennessee Titans,totals,Over,38.5,-110,0.52380952,mybookieag|7dddb296a42e7a41a774b24bd1709ce1|totals|38.5,0.5,https://api.the-odds-api.com/v4/sports/americanfootball_nfl
2026,1,7dddb296a42e7a41a774b24bd1709ce1,2026-09-13T17:00:00Z,MyBookie.ag,2026-09-10T19:05:34Z,New York Jets,Tennessee Titans,totals,Under,38.5,-110,0.52380952,mybookieag|7dddb296a42e7a41a774b24bd1709ce1|totals|38.5,0.5,https://api.the-odds-api.com/v4/sports/americanfootball_nfl
2026,1,1edfa5ceaa1ad2cb57df1c1b908731f6,2026-09-13T20:25:00Z,DraftKings,2026-09-10T19:06:23Z,Arizona Cardinals,Los Angeles Chargers,h2h,Arizona Cardinals,,380,0.20833333,draftkings|1edfa5ceaa1ad2cb57df1c1b908731f6|h2h|event,0.2,https://api.the-odds-api.com/v4/sports/americanfootball_nfl
2026,1,1edfa5ceaa1ad2cb57df1c1b908731f6,2026-09-13T20:25:00Z,DraftKings,2026-09-10T19:06:23Z,Arizona Cardinals,Los Angeles Chargers,h2h,Los Angeles Chargers,,-500,0.83333333,draftkings|1edfa5ceaa1ad2cb57df1c1b908731f6|h2h|event,0.8,https://api.the-odds-api.com/v4/sports/americanfootball_nfl
2026,1,1edfa5ceaa1ad2cb57df1c1b908731f6,2026-09-13T20:25:00Z,DraftKings,2026-09-10T19:06:23Z,Arizona Cardinals,Los Angeles Chargers,spreads,Arizona Cardinals,9.5,-105,0.51219512,draftkings|1edfa5ceaa1ad2cb57df1c1b908731f6|spreads|event,0.48916576,https://api.the-odds-api.com/v4/sports/americanfootball_nfl
2026,1,1edfa5ceaa1ad2cb57df1c1b908731f6,2026-09-13T20:25:00Z,DraftKings,2026-09-10T19:06:23Z,Arizona Cardinals,Los Angeles Chargers,spreads,Los Angeles Chargers,-9.5,-115,0.53488372,draftkings|1edfa5ceaa1ad2cb57df1c1b908731f6|spreads|event,0.51083424,https://api.the-odds-api.com/v4/sports/americanfootball_nfl
2026,1,1edfa5ceaa1ad2cb57df1c1b908731f6,2026-09-13T20:25:00Z,DraftKings,2026-09-10T19:06:23Z,Arizona Cardinals,Los Angeles Chargers,totals,Over,47.5,-102,0.5049505,draftkings|1edfa5ceaa1ad2cb57df1c1b908731f6|totals|47.5,0.48263588,https://api.the-odds-api.com/v4/sports/americanfootball_nfl
2026,1,1edfa5ceaa1ad2cb57df1c1b908731f6,2026-09-13T20:25:00Z,DraftKings,2026-09-10T19:06:23Z,Arizona Cardinals,Los Angeles Chargers,totals,Under,47.5,-118,0.5412844,draftkings|1edfa5ceaa1ad2cb57df1c1b908731f6|totals|47.5,0.51736412,https://api.the-odds-api.com/v4/sports/americanfootball_nfl
2026,1,1edfa5ceaa1ad2cb57df1c1b908731f6,2026-09-13T20:25:00Z,LowVig.ag,2026-09-10T19:06:24Z,Arizona Cardinals,Los Angeles Chargers,h2h,Arizona Cardinals,,393,0.20283976,lowvig|1edfa5ceaa1ad2cb57df1c1b908731f6|h2h|event,0.19499358,https://api.the-odds-api.com/v4/sports/americanfootball_nfl
2026,1,1edfa5ceaa1ad2cb57df1c1b908731f6,2026-09-13T20:25:00Z,LowVig.ag,2026-09-10T19:06:24Z,Arizona Cardinals,Los Angeles Chargers,h2h,Los Angeles Chargers,,-515,0.83739837,lowvig|1edfa5ceaa1ad2cb57df1c1b908731f6|h2h|event,0.80500642,https://api.the-odds-api.com/v4/sports/americanfootball_nfl
2026,1,1edfa5ceaa1ad2cb57df1c1b908731f6,2026-09-13T20:25:00Z,LowVig.ag,2026-09-10T19:06:24Z,Arizona Cardinals,Los Angeles Chargers,spreads,Arizona Cardinals,9.5,-110,0.52380952,lowvig|1edfa5ceaa1ad2cb57df1c1b908731f6|spreads|event,0.51162791,https://api.the-odds-api.com/v4/sports/americanfootball_nfl
2026,1,1edfa5ceaa1ad2cb57df1c1b908731f6,2026-09-13T20:25:00Z,LowVig.ag,2026-09-10T19:06:24Z,Arizona Cardinals,Los Angeles Chargers,spreads,Los Angeles Chargers,-9.5,100,0.5,lowvig|1edfa5ceaa1ad2cb57df1c1b908731f6|spreads|event,0.48837209,https://api.the-odds-api.com/v4/sports/americanfootball_nfl
2026,1,1edfa5ceaa1ad2cb57df1c1b908731f6,2026-09-13T20:25:00Z,LowVig.ag,2026-09-10T19:06:24Z,Arizona Cardinals,Los Angeles Chargers,totals,Over,47.0,-113,0.53051643,lowvig|1edfa5ceaa1ad2cb57df1c1b908731f6|totals|47.0,0.51234512,https://api.the-odds-api.com/v4/sports/americanfootball_nfl
2026,1,1edfa5ceaa1ad2cb57df1c1b908731f6,2026-09-13T20:25:00Z,LowVig.ag,2026-09-10T19:06:24Z,Arizona Cardinals,Los Angeles Chargers,totals,Under,47.0,-102,0.5049505,lowvig|1edfa5ceaa1ad2cb57df1c1b908731f6|totals|47.0,0.48765488,https://api.the-odds-api.com/v4/sports/americanfootball_nfl
2026,1,1edfa5ceaa1ad2cb57df1c1b908731f6,2026-09-13T20:25:00Z,BetOnline.ag,2026-09-10T19:06:22Z,Arizona Cardinals,Los Angeles Chargers,h2h,Arizona Cardinals,,393,0.20283976,betonlineag|1edfa5ceaa1ad2cb57df1c1b908731f6|h2h|event,0.19499358,https://api.the-odds-api.com/v4/sports/americanfootball_nfl
2026,1,1edfa5ceaa1ad2cb57df1c1b908731f6,2026-09-13T20:25:00Z,BetOnline.ag,2026-09-10T19:06:22Z,Arizona Cardinals,Los Angeles Chargers,h2h,Los Angeles Chargers,,-515,0.83739837,betonlineag|1edfa5ceaa1ad2cb57df1c1b908731f6|h2h|event,0.80500642,https://api.the-odds-api.com/v4/sports/americanfootball_nfl
2026,1,1edfa5ceaa1ad2cb57df1c1b908731f6,2026-09-13T20:25:00Z,BetOnline.ag,2026-09-10T19:06:22Z,Arizona Cardinals,Los Angeles Chargers,spreads,Arizona Cardinals,9.5,-115,0.53488372,betonlineag|1edfa5ceaa1ad2cb57df1c1b908731f6|spreads|event,0.51083424,https://api.the-odds-api.com/v4/sports/americanfootball_nfl
2026,1,1edfa5ceaa1ad2cb57df1c1b908731f6,2026-09-13T20:25:00Z,BetOnline.ag,2026-09-10T19:06:22Z,Arizona Cardinals,Los Angeles Chargers,spreads,Los Angeles Chargers,-9.5,-105,0.51219512,betonlineag|1edfa5ceaa1ad2cb57df1c1b908731f6|spreads|event,0.48916576,https://api.the-odds-api.com/v4/sports/americanfootball_nfl
2026,1,1edfa5ceaa1ad2cb57df1c1b908731f6,2026-09-13T20:25:00Z,BetOnline.ag,2026-09-10T19:06:22Z,Arizona Cardinals,Los Angeles Chargers,totals,Over,47.0,-115,0.53488372,betonlineag|1edfa5ceaa1ad2cb57df1c1b908731f6|totals|47.0,0.51083424,https://api.the-odds-api.com/v4/sports/americanfootball_nfl
2026,1,1edfa5ceaa1ad2cb57df1c1b908731f6,2026-09-13T20:25:00Z,BetOnline.ag,2026-09-10T19:06:22Z,Arizona Cardinals,Los Angeles Chargers,totals,Under,47.0,-105,0.51219512,betonlineag|1edfa5ceaa1ad2cb57df1c1b908731f6|totals|47.0,0.48916576,https://api.the-odds-api.com/v4/sports/americanfootball_nfl
2026,1,1edfa5ceaa1ad2cb57df1c1b908731f6,2026-09-13T20:25:00Z,BetUS,2026-09-10T19:06:57Z,Arizona Cardinals,Los Angeles Chargers,h2h,Arizona Cardinals,,400,0.2,betus|1edfa5ceaa1ad2cb57df1c1b908731f6|h2h|event,0.19278997,https://api.the-odds-api.com/v4/sports/americanfootball_nfl
2026,1,1edfa5ceaa1ad2cb57df1c1b908731f6,2026-09-13T20:25:00Z,BetUS,2026-09-10T19:06:57Z,Arizona Cardinals,Los Angeles Chargers,h2h,Los Angeles Chargers,,-515,0.83739837,betus|1edfa5ceaa1ad2cb57df1c1b908731f6|h2h|event,0.80721003,https://api.the-odds-api.com/v4/sports/americanfootball_nfl
2026,1,1edfa5ceaa1ad2cb57df1c1b908731f6,2026-09-13T20:25:00Z,BetUS,2026-09-10T19:06:57Z,Arizona Cardinals,Los Angeles Chargers,spreads,Arizona Cardinals,9.5,-115,0.53488372,betus|1edfa5ceaa1ad2cb57df1c1b908731f6|spreads|event,0.51083424,https://api.the-odds-api.com/v4/sports/americanfootball_nfl
2026,1,1edfa5ceaa1ad2cb57df1c1b908731f6,2026-09-13T20:25:00Z,BetUS,2026-09-10T19:06:57Z,Arizona Cardinals,Los Angeles Chargers,spreads,Los Angeles Chargers,-9.5,-105,0.51219512,betus|1edfa5ceaa1ad2cb57df1c1b908731f6|spreads|event,0.48916576,https://api.the-odds-api.com/v4/sports/americanfootball_nfl
2026,1,1edfa5ceaa1ad2cb57df1c1b908731f6,2026-09-13T20:25:00Z,BetUS,2026-09-10T19:06:57Z,Arizona Cardinals,Los Angeles Chargers,totals,Over,47.5,-110,0.52380952,betus|1edfa5ceaa1ad2cb57df1c1b908731f6|totals|47.5,0.5,https://api.the-odds-api.com/v4/sports/americanfootball_nfl
2026,1,1edfa5ceaa1ad2cb57df1c1b908731f6,2026-09-13T20:25:00Z,BetUS,2026-09-10T19:06:57Z,Arizona Cardinals,Los Angeles Chargers,totals,Under,47.5,-110,0.52380952,betus|1edfa5ceaa1ad2cb57df1c1b908731f6|totals|47.5,0.5,https://api.the-odds-api.com/v4/sports/americanfootball_nfl
2026,1,1edfa5ceaa1ad2cb57df1c1b908731f6,2026-09-13T20:25:00Z,BetRivers,2026-09-10T19:06:57Z,Arizona Cardinals,Los Angeles Chargers,h2h,Arizona Cardinals,,375,0.21052632,betrivers|1edfa5ceaa1ad2cb57df1c1b908731f6|h2h|event,0.20168068,https://api.the-odds-api.com/v4/sports/americanfootball_nfl
2026,1,1edfa5ceaa1ad2cb57df1c1b908731f6,2026-09-13T20:25:00Z,BetRivers,2026-09-10T19:06:57Z,Arizona Cardinals,Los Angeles Chargers,h2h,Los Angeles Chargers,,-500,0.83333333,betrivers|1edfa5ceaa1ad2cb57df1c1b908731f6|h2h|event,0.79831932,https://api.the-odds-api.com/v4/sports/americanfootball_nfl
2026,1,1edfa5ceaa1ad2cb57df1c1b908731f6,2026-09-13T20:25:00Z,BetRivers,2026-09-10T19:06:57Z,Arizona Cardinals,Los Angeles Chargers,spreads,Arizona Cardinals,9.5,-108,0.51923077,betrivers|1edfa5ceaa1ad2cb57df1c1b908731f6|spreads|event,0.49462458,https://api.the-odds-api.com/v4/sports/americanfootball_nfl
2026,1,1edfa5ceaa1ad2cb57df1c1b908731f6,2026-09-13T20:25:00Z,BetRivers,2026-09-10T19:06:57Z,Arizona Cardinals,Los Angeles Chargers,spreads,Los Angeles Chargers,-9.5,-113,0.53051643,betrivers|1edfa5ceaa1ad2cb57df1c1b908731f6|spreads|event,0.50537542,https://api.the-odds-api.com/v4/sports/americanfootball_nfl
2026,1,1edfa5ceaa1ad2cb57df1c1b908731f6,2026-09-13T20:25:00Z,BetRivers,2026-09-10T19:06:57Z,Arizona Cardinals,Los Angeles Chargers,totals,Over,47.0,-114,0.53271028,betrivers|1edfa5ceaa1ad2cb57df1c1b908731f6|totals|47.0,0.50752753,https://api.the-odds-api.com/v4/sports/americanfootball_nfl
2026,1,1edfa5ceaa1ad2cb57df1c1b908731f6,2026-09-13T20:25:00Z,BetRivers,2026-09-10T19:06:57Z,Arizona Cardinals,Los Angeles Chargers,totals,Under,47.0,-107,0.51690821,betrivers|1edfa5ceaa1ad2cb57df1c1b908731f6|totals|47.0,0.49247247,https://api.the-odds-api.com/v4/sports/americanfootball_nfl
2026,1,1edfa5ceaa1ad2cb57df1c1b908731f6,2026-09-13T20:25:00Z,FanDuel,2026-09-10T19:07:17Z,Arizona Cardinals,Los Angeles Chargers,h2h,Arizona Cardinals,,380,0.20833333,fanduel|1edfa5ceaa1ad2cb57df1c1b908731f6|h2h|event,0.20054385,https://api.the-odds-api.com/v4/sports/americanfootball_nfl
2026,1,1edfa5ceaa1ad2cb57df1c1b908731f6,2026-09-13T20:25:00Z,FanDuel,2026-09-10T19:07:17Z,Arizona Cardinals,Los Angeles Chargers,h2h,Los Angeles Chargers,,-490,0.83050847,fanduel|1edfa5ceaa1ad2cb57df1c1b908731f6|h2h|event,0.79945615,https://api.the-odds-api.com/v4/sports/americanfootball_nfl
2026,1,1edfa5ceaa1ad2cb57df1c1b908731f6,2026-09-13T20:25:00Z,FanDuel,2026-09-10T19:07:17Z,Arizona Cardinals,Los Angeles Chargers,spreads,Arizona Cardinals,9.5,-115,0.53488372,fanduel|1edfa5ceaa1ad2cb57df1c1b908731f6|spreads|event,0.51083424,https://api.the-odds-api.com/v4/sports/americanfootball_nfl
2026,1,1edfa5ceaa1ad2cb57df1c1b908731f6,2026-09-13T20:25:00Z,FanDuel,2026-09-10T19:07:17Z,Arizona Cardinals,Los Angeles Chargers,spreads,Los Angeles Chargers,-9.5,-105,0.51219512,fanduel|1edfa5ceaa1ad2cb57df1c1b908731f6|spreads|event,0.48916576,https://api.the-odds-api.com/v4/sports/americanfootball_nfl
2026,1,1edfa5ceaa1ad2cb57df1c1b908731f6,2026-09-13T20:25:00Z,FanDuel,2026-09-10T19:07:17Z,Arizona Cardinals,Los Angeles Chargers,totals,Over,47.5,-104,0.50980392,fanduel|1edfa5ceaa1ad2cb57df1c1b908731f6|totals|47.5,0.48502482,https://api.the-odds-api.com/v4/sports/americanfootball_nfl
2026,1,1edfa5ceaa1ad2cb57df1c1b908731f6,2026-09-13T20:25:00Z,FanDuel,2026-09-10T19:07:17Z,Arizona Cardinals,Los Angeles Chargers,totals,Under,47.5,-118,0.5412844,fanduel|1edfa5ceaa1ad2cb57df1c1b908731f6|totals|47.5,0.51497518,https://api.the-odds-api.com/v4/sports/americanfootball_nfl
2026,1,1edfa5ceaa1ad2cb57df1c1b908731f6,2026-09-13T20:25:00Z,BetMGM,2026-09-10T19:06:54Z,Arizona Cardinals,Los Angeles Chargers,h2h,Arizona Cardinals,,400,0.2,betmgm|1edfa5ceaa1ad2cb57df1c1b908731f6|h2h|event,0.19354839,https://api.the-odds-api.com/v4/sports/americanfootball_nfl
2026,1,1edfa5ceaa1ad2cb57df1c1b908731f6,2026-09-13T20:25:00Z,BetMGM,2026-09-10T19:06:54Z,Arizona Cardinals,Los Angeles Chargers,h2h,Los Angeles Chargers,,-500,0.83333333,betmgm|1edfa5ceaa1ad2cb57df1c1b908731f6|h2h|event,0.80645161,https://api.the-odds-api.com/v4/sports/americanfootball_nfl
2026,1,1edfa5ceaa1ad2cb57df1c1b908731f6,2026-09-13T20:25:00Z,BetMGM,2026-09-10T19:06:54Z,Arizona Cardinals,Los Angeles Chargers,spreads,Arizona Cardinals,9.5,-118,0.5412844,betmgm|1edfa5ceaa1ad2cb57df1c1b908731f6|spreads|event,0.50606894,https://api.the-odds-api.com/v4/sports/americanfootball_nfl
2026,1,1edfa5ceaa1ad2cb57df1c1b908731f6,2026-09-13T20:25:00Z,BetMGM,2026-09-10T19:06:54Z,Arizona Cardinals,Los Angeles Chargers,spreads,Los Angeles Chargers,-9.5,-112,0.52830189,betmgm|1edfa5ceaa1ad2cb57df1c1b908731f6|spreads|event,0.49393106,https://api.the-odds-api.com/v4/sports/americanfootball_nfl
2026,1,1edfa5ceaa1ad2cb57df1c1b908731f6,2026-09-13T20:25:00Z,BetMGM,2026-09-10T19:06:54Z,Arizona Cardinals,Los Angeles Chargers,totals,Over,47.5,-108,0.51923077,betmgm|1edfa5ceaa1ad2cb57df1c1b908731f6|totals|47.5,0.49780509,https://api.the-odds-api.com/v4/sports/americanfootball_nfl
2026,1,1edfa5ceaa1ad2cb57df1c1b908731f6,2026-09-13T20:25:00Z,BetMGM,2026-09-10T19:06:54Z,Arizona Cardinals,Los Angeles Chargers,totals,Under,47.5,-110,0.52380952,betmgm|1edfa5ceaa1ad2cb57df1c1b908731f6|totals|47.5,0.50219491,https://api.the-odds-api.com/v4/sports/americanfootball_nfl
2026,1,1edfa5ceaa1ad2cb57df1c1b908731f6,2026-09-13T20:25:00Z,Bovada,2026-09-10T19:06:00Z,Arizona Cardinals,Los Angeles Chargers,h2h,Arizona Cardinals,,355,0.21978022,bovada|1edfa5ceaa1ad2cb57df1c1b908731f6|h2h|event,0.20925696,https://api.the-odds-api.com/v4/sports/americanfootball_nfl
2026,1,1edfa5ceaa1ad2cb57df1c1b908731f6,2026-09-13T20:25:00Z,Bovada,2026-09-10T19:06:00Z,Arizona Cardinals,Los Angeles Chargers,h2h,Los Angeles Chargers,,-490,0.83050847,bovada|1edfa5ceaa1ad2cb57df1c1b908731f6|h2h|event,0.79074304,https://api.the-odds-api.com/v4/sports/americanfootball_nfl
2026,1,1edfa5ceaa1ad2cb57df1c1b908731f6,2026-09-13T20:25:00Z,Bovada,2026-09-10T19:06:00Z,Arizona Cardinals,Los Angeles Chargers,spreads,Arizona Cardinals,9.0,-115,0.53488372,bovada|1edfa5ceaa1ad2cb57df1c1b908731f6|spreads|event,0.51083424,https://api.the-odds-api.com/v4/sports/americanfootball_nfl
2026,1,1edfa5ceaa1ad2cb57df1c1b908731f6,2026-09-13T20:25:00Z,Bovada,2026-09-10T19:06:00Z,Arizona Cardinals,Los Angeles Chargers,spreads,Los Angeles Chargers,-9.0,-105,0.51219512,bovada|1edfa5ceaa1ad2cb57df1c1b908731f6|spreads|event,0.48916576,https://api.the-odds-api.com/v4/sports/americanfootball_nfl
2026,1,1edfa5ceaa1ad2cb57df1c1b908731f6,2026-09-13T20:25:00Z,Bovada,2026-09-10T19:06:00Z,Arizona Cardinals,Los Angeles Chargers,totals,Over,47.0,-115,0.53488372,bovada|1edfa5ceaa1ad2cb57df1c1b908731f6|totals|47.0,0.51083424,https://api.the-odds-api.com/v4/sports/americanfootball_nfl
2026,1,1edfa5ceaa1ad2cb57df1c1b908731f6,2026-09-13T20:25:00Z,Bovada,2026-09-10T19:06:00Z,Arizona Cardinals,Los Angeles Chargers,totals,Under,47.0,-105,0.51219512,bovada|1edfa5ceaa1ad2cb57df1c1b908731f6|totals|47.0,0.48916576,https://api.the-odds-api.com/v4/sports/americanfootball_nfl
2026,1,1edfa5ceaa1ad2cb57df1c1b908731f6,2026-09-13T20:25:00Z,MyBookie.ag,2026-09-10T19:05:34Z,Arizona Cardinals,Los Angeles Chargers,h2h,Arizona Cardinals,,340,0.22727273,mybookieag|1edfa5ceaa1ad2cb57df1c1b908731f6|h2h|event,0.21485798,https://api.the-odds-api.com/v4/sports/americanfootball_nfl
2026,1,1edfa5ceaa1ad2cb57df1c1b908731f6,2026-09-13T20:25:00Z,MyBookie.ag,2026-09-10T19:05:34Z,Arizona Cardinals,Los Angeles Chargers,h2h,Los Angeles Chargers,,-490,0.83050847,mybookieag|1edfa5ceaa1ad2cb57df1c1b908731f6|h2h|event,0.78514202,https://api.the-odds-api.com/v4/sports/americanfootball_nfl
2026,1,1edfa5ceaa1ad2cb57df1c1b908731f6,2026-09-13T20:25:00Z,MyBookie.ag,2026-09-10T19:05:34Z,Arizona Cardinals,Los Angeles Chargers,spreads,Arizona Cardinals,9.5,-110,0.52380952,mybookieag|1edfa5ceaa1ad2cb57df1c1b908731f6|spreads|event,0.5,https://api.the-odds-api.com/v4/sports/americanfootball_nfl
2026,1,1edfa5ceaa1ad2cb57df1c1b908731f6,2026-09-13T20:25:00Z,MyBookie.ag,2026-09-10T19:05:34Z,Arizona Cardinals,Los Angeles Chargers,spreads,Los Angeles Chargers,-9.5,-110,0.52380952,mybookieag|1edfa5ceaa1ad2cb57df1c1b908731f6|spreads|event,0.5,https://api.the-odds-api.com/v4/sports/americanfootball_nfl
2026,1,1edfa5ceaa1ad2cb57df1c1b908731f6,2026-09-13T20:25:00Z,MyBookie.ag,2026-09-10T19:05:34Z,Arizona Cardinals,Los Angeles Chargers,totals,Over,47.0,-110,0.52380952,mybookieag|1edfa5ceaa1ad2cb57df1c1b908731f6|totals|47.0,0.5,https://api.the-odds-api.com/v4/sports/americanfootball_nfl
2026,1,1edfa5ceaa1ad2cb57df1c1b908731f6,2026-09-13T20:25:00Z,MyBookie.ag,2026-09-10T19:05:34Z,Arizona Cardinals,Los Angeles Chargers,totals,Under,47.0,-110,0.52380952,mybookieag|1edfa5ceaa1ad2cb57df1c1b908731f6|totals|47.0,0.5,https://api.the-odds-api.com/v4/sports/americanfootball_nfl
2026,1,cb77efed7e711d25a72c1a2a0a1af119,2026-09-13T20:25:00Z,DraftKings,2026-09-10T19:06:23Z,Green Bay Packers,Minnesota Vikings,h2h,Green Bay Packers,,102,0.4950495,draftkings|cb77efed7e711d25a72c1a2a0a1af119|h2h|event,0.47391341,https://api.the-odds-api.com/v4/sports/americanfootball_nfl
2026,1,cb77efed7e711d25a72c1a2a0a1af119,2026-09-13T20:25:00Z,DraftKings,2026-09-10T19:06:23Z,Green Bay Packers,Minnesota Vikings,h2h,Minnesota Vikings,,-122,0.54954955,draftkings|cb77efed7e711d25a72c1a2a0a1af119|h2h|event,0.52608659,https://api.the-odds-api.com/v4/sports/americanfootball_nfl
2026,1,cb77efed7e711d25a72c1a2a0a1af119,2026-09-13T20:25:00Z,DraftKings,2026-09-10T19:06:23Z,Green Bay Packers,Minnesota Vikings,spreads,Green Bay Packers,1.5,-112,0.52830189,draftkings|cb77efed7e711d25a72c1a2a0a1af119|spreads|event,0.50432976,https://api.the-odds-api.com/v4/sports/americanfootball_nfl
2026,1,cb77efed7e711d25a72c1a2a0a1af119,2026-09-13T20:25:00Z,DraftKings,2026-09-10T19:06:23Z,Green Bay Packers,Minnesota Vikings,spreads,Minnesota Vikings,-1.5,-108,0.51923077,draftkings|cb77efed7e711d25a72c1a2a0a1af119|spreads|event,0.49567024,https://api.the-odds-api.com/v4/sports/americanfootball_nfl
2026,1,cb77efed7e711d25a72c1a2a0a1af119,2026-09-13T20:25:00Z,DraftKings,2026-09-10T19:06:23Z,Green Bay Packers,Minnesota Vikings,totals,Over,46.5,-108,0.51923077,draftkings|cb77efed7e711d25a72c1a2a0a1af119|totals|46.5,0.49567024,https://api.the-odds-api.com/v4/sports/americanfootball_nfl
2026,1,cb77efed7e711d25a72c1a2a0a1af119,2026-09-13T20:25:00Z,DraftKings,2026-09-10T19:06:23Z,Green Bay Packers,Minnesota Vikings,totals,Under,46.5,-112,0.52830189,draftkings|cb77efed7e711d25a72c1a2a0a1af119|totals|46.5,0.50432976,https://api.the-odds-api.com/v4/sports/americanfootball_nfl
2026,1,cb77efed7e711d25a72c1a2a0a1af119,2026-09-13T20:25:00Z,LowVig.ag,2026-09-10T19:06:24Z,Green Bay Packers,Minnesota Vikings,h2h,Green Bay Packers,,103,0.49261084,lowvig|cb77efed7e711d25a72c1a2a0a1af119|h2h|event,0.47176797,https://api.the-odds-api.com/v4/sports/americanfootball_nfl
2026,1,cb77efed7e711d25a72c1a2a0a1af119,2026-09-13T20:25:00Z,LowVig.ag,2026-09-10T19:06:24Z,Green Bay Packers,Minnesota Vikings,h2h,Minnesota Vikings,,-123,0.55156951,lowvig|cb77efed7e711d25a72c1a2a0a1af119|h2h|event,0.52823203,https://api.the-odds-api.com/v4/sports/americanfootball_nfl
2026,1,cb77efed7e711d25a72c1a2a0a1af119,2026-09-13T20:25:00Z,LowVig.ag,2026-09-10T19:06:24Z,Green Bay Packers,Minnesota Vikings,spreads,Green Bay Packers,1.0,100,0.5,lowvig|cb77efed7e711d25a72c1a2a0a1af119|spreads|event,0.48837209,https://api.the-odds-api.com/v4/sports/americanfootball_nfl
2026,1,cb77efed7e711d25a72c1a2a0a1af119,2026-09-13T20:25:00Z,LowVig.ag,2026-09-10T19:06:24Z,Green Bay Packers,Minnesota Vikings,spreads,Minnesota Vikings,-1.0,-110,0.52380952,lowvig|cb77efed7e711d25a72c1a2a0a1af119|spreads|event,0.51162791,https://api.the-odds-api.com/v4/sports/americanfootball_nfl
2026,1,cb77efed7e711d25a72c1a2a0a1af119,2026-09-13T20:25:00Z,LowVig.ag,2026-09-10T19:06:24Z,Green Bay Packers,Minnesota Vikings,totals,Over,46.0,-113,0.53051643,lowvig|cb77efed7e711d25a72c1a2a0a1af119|totals|46.0,0.51234512,https://api.the-odds-api.com/v4/sports/americanfootball_nfl
2026,1,cb77efed7e711d25a72c1a2a0a1af119,2026-09-13T20:25:00Z,LowVig.ag,2026-09-10T19:06:24Z,Green Bay Packers,Minnesota Vikings,totals,Under,46.0,-102,0.5049505,lowvig|cb77efed7e711d25a72c1a2a0a1af119|totals|46.0,0.48765488,https://api.the-odds-api.com/v4/sports/americanfootball_nfl
2026,1,cb77efed7e711d25a72c1a2a0a1af119,2026-09-13T20:25:00Z,BetOnline.ag,2026-09-10T19:06:22Z,Green Bay Packers,Minnesota Vikings,h2h,Green Bay Packers,,103,0.49261084,betonlineag|cb77efed7e711d25a72c1a2a0a1af119|h2h|event,0.47176797,https://api.the-odds-api.com/v4/sports/americanfootball_nfl
2026,1,cb77efed7e711d25a72c1a2a0a1af119,2026-09-13T20:25:00Z,BetOnline.ag,2026-09-10T19:06:22Z,Green Bay Packers,Minnesota Vikings,h2h,Minnesota Vikings,,-123,0.55156951,betonlineag|cb77efed7e711d25a72c1a2a0a1af119|h2h|event,0.52823203,https://api.the-odds-api.com/v4/sports/americanfootball_nfl
2026,1,cb77efed7e711d25a72c1a2a0a1af119,2026-09-13T20:25:00Z,BetOnline.ag,2026-09-10T19:06:22Z,Green Bay Packers,Minnesota Vikings,spreads,Green Bay Packers,1.0,-105,0.51219512,betonlineag|cb77efed7e711d25a72c1a2a0a1af119|spreads|event,0.48916576,https://api.the-odds-api.com/v4/sports/americanfootball_nfl
2026,1,cb77efed7e711d25a72c1a2a0a1af119,2026-09-13T20:25:00Z,BetOnline.ag,2026-09-10T19:06:22Z,Green Bay Packers,Minnesota Vikings,spreads,Minnesota Vikings,-1.0,-115,0.53488372,betonlineag|cb77efed7e711d25a72c1a2a0a1af119|spreads|event,0.51083424,https://api.the-odds-api.com/v4/sports/americanfootball_nfl
2026,1,cb77efed7e711d25a72c1a2a0a1af119,2026-09-13T20:25:00Z,BetOnline.ag,2026-09-10T19:06:22Z,Green Bay Packers,Minnesota Vikings,totals,Over,46.0,-115,0.53488372,betonlineag|cb77efed7e711d25a72c1a2a0a1af119|totals|46.0,0.51083424,https://api.the-odds-api.com/v4/sports/americanfootball_nfl
2026,1,cb77efed7e711d25a72c1a2a0a1af119,2026-09-13T20:25:00Z,BetOnline.ag,2026-09-10T19:06:22Z,Green Bay Packers,Minnesota Vikings,totals,Under,46.0,-105,0.51219512,betonlineag|cb77efed7e711d25a72c1a2a0a1af119|totals|46.0,0.48916576,https://api.the-odds-api.com/v4/sports/americanfootball_nfl
2026,1,cb77efed7e711d25a72c1a2a0a1af119,2026-09-13T20:25:00Z,BetUS,2026-09-10T19:06:57Z,Green Bay Packers,Minnesota Vikings,h2h,Green Bay Packers,,105,0.48780488,betus|cb77efed7e711d25a72c1a2a0a1af119|h2h|event,0.46753247,https://api.the-odds-api.com/v4/sports/americanfootball_nfl
2026,1,cb77efed7e711d25a72c1a2a0a1af119,2026-09-13T20:25:00Z,BetUS,2026-09-10T19:06:57Z,Green Bay Packers,Minnesota Vikings,h2h,Minnesota Vikings,,-125,0.55555556,betus|cb77efed7e711d25a72c1a2a0a1af119|h2h|event,0.53246753,https://api.the-odds-api.com/v4/sports/americanfootball_nfl
2026,1,cb77efed7e711d25a72c1a2a0a1af119,2026-09-13T20:25:00Z,BetUS,2026-09-10T19:06:57Z,Green Bay Packers,Minnesota Vikings,spreads,Green Bay Packers,1.0,-105,0.51219512,betus|cb77efed7e711d25a72c1a2a0a1af119|spreads|event,0.48916576,https://api.the-odds-api.com/v4/sports/americanfootball_nfl
2026,1,cb77efed7e711d25a72c1a2a0a1af119,2026-09-13T20:25:00Z,BetUS,2026-09-10T19:06:57Z,Green Bay Packers,Minnesota Vikings,spreads,Minnesota Vikings,-1.0,-115,0.53488372,betus|cb77efed7e711d25a72c1a2a0a1af119|spreads|event,0.51083424,https://api.the-odds-api.com/v4/sports/americanfootball_nfl
2026,1,cb77efed7e711d25a72c1a2a0a1af119,2026-09-13T20:25:00Z,BetUS,2026-09-10T19:06:57Z,Green Bay Packers,Minnesota Vikings,totals,Over,46.0,-115,0.53488372,betus|cb77efed7e711d25a72c1a2a0a1af119|totals|46.0,0.51083424,https://api.the-odds-api.com/v4/sports/americanfootball_nfl
2026,1,cb77efed7e711d25a72c1a2a0a1af119,2026-09-13T20:25:00Z,BetUS,2026-09-10T19:06:57Z,Green Bay Packers,Minnesota Vikings,totals,Under,46.0,-105,0.51219512,betus|cb77efed7e711d25a72c1a2a0a1af119|totals|46.0,0.48916576,https://api.the-odds-api.com/v4/sports/americanfootball_nfl
2026,1,cb77efed7e711d25a72c1a2a0a1af119,2026-09-13T20:25:00Z,BetRivers,2026-09-10T19:06:57Z,Green Bay Packers,Minnesota Vikings,h2h,Green Bay Packers,,102,0.4950495,betrivers|cb77efed7e711d25a72c1a2a0a1af119|h2h|event,0.47209576,https://api.the-odds-api.com/v4/sports/americanfootball_nfl
2026,1,cb77efed7e711d25a72c1a2a0a1af119,2026-09-13T20:25:00Z,BetRivers,2026-09-10T19:06:57Z,Green Bay Packers,Minnesota Vikings,h2h,Minnesota Vikings,,-124,0.55357143,betrivers|cb77efed7e711d25a72c1a2a0a1af119|h2h|event,0.52790424,https://api.the-odds-api.com/v4/sports/americanfootball_nfl
2026,1,cb77efed7e711d25a72c1a2a0a1af119,2026-09-13T20:25:00Z,BetRivers,2026-09-10T19:06:57Z,Green Bay Packers,Minnesota Vikings,spreads,Green Bay Packers,1.5,-112,0.52830189,betrivers|cb77efed7e711d25a72c1a2a0a1af119|spreads|event,0.5032247,https://api.the-odds-api.com/v4/sports/americanfootball_nfl
2026,1,cb77efed7e711d25a72c1a2a0a1af119,2026-09-13T20:25:00Z,BetRivers,2026-09-10T19:06:57Z,Green Bay Packers,Minnesota Vikings,spreads,Minnesota Vikings,-1.5,-109,0.5215311,betrivers|cb77efed7e711d25a72c1a2a0a1af119|spreads|event,0.4967753,https://api.the-odds-api.com/v4/sports/americanfootball_nfl
2026,1,cb77efed7e711d25a72c1a2a0a1af119,2026-09-13T20:25:00Z,BetRivers,2026-09-10T19:06:57Z,Green Bay Packers,Minnesota Vikings,totals,Over,46.0,-113,0.53051643,betrivers|cb77efed7e711d25a72c1a2a0a1af119|totals|46.0,0.50537542,https://api.the-odds-api.com/v4/sports/americanfootball_nfl
2026,1,cb77efed7e711d25a72c1a2a0a1af119,2026-09-13T20:25:00Z,BetRivers,2026-09-10T19:06:57Z,Green Bay Packers,Minnesota Vikings,totals,Under,46.0,-108,0.51923077,betrivers|cb77efed7e711d25a72c1a2a0a1af119|totals|46.0,0.49462458,https://api.the-odds-api.com/v4/sports/americanfootball_nfl
2026,1,cb77efed7e711d25a72c1a2a0a1af119,2026-09-13T20:25:00Z,FanDuel,2026-09-10T19:07:17Z,Green Bay Packers,Minnesota Vikings,h2h,Green Bay Packers,,102,0.4950495,fanduel|cb77efed7e711d25a72c1a2a0a1af119|h2h|event,0.47577854,https://api.the-odds-api.com/v4/sports/americanfootball_nfl
2026,1,cb77efed7e711d25a72c1a2a0a1af119,2026-09-13T20:25:00Z,FanDuel,2026-09-10T19:07:17Z,Green Bay Packers,Minnesota Vikings,h2h,Minnesota Vikings,,-120,0.54545455,fanduel|cb77efed7e711d25a72c1a2a0a1af119|h2h|event,0.52422146,https://api.the-odds-api.com/v4/sports/americanfootball_nfl
2026,1,cb77efed7e711d25a72c1a2a0a1af119,2026-09-13T20:25:00Z,FanDuel,2026-09-10T19:07:17Z,Green Bay Packers,Minnesota Vikings,spreads,Green Bay Packers,1.5,-110,0.52380952,fanduel|cb77efed7e711d25a72c1a2a0a1af119|spreads|event,0.5,https://api.the-odds-api.com/v4/sports/americanfootball_nfl
2026,1,cb77efed7e711d25a72c1a2a0a1af119,2026-09-13T20:25:00Z,FanDuel,2026-09-10T19:07:17Z,Green Bay Packers,Minnesota Vikings,spreads,Minnesota Vikings,-1.5,-110,0.52380952,fanduel|cb77efed7e711d25a72c1a2a0a1af119|spreads|event,0.5,https://api.the-odds-api.com/v4/sports/americanfootball_nfl
2026,1,cb77efed7e711d25a72c1a2a0a1af119,2026-09-13T20:25:00Z,FanDuel,2026-09-10T19:07:17Z,Green Bay Packers,Minnesota Vikings,totals,Over,46.5,-110,0.52380952,fanduel|cb77efed7e711d25a72c1a2a0a1af119|totals|46.5,0.5,https://api.the-odds-api.com/v4/sports/americanfootball_nfl
2026,1,cb77efed7e711d25a72c1a2a0a1af119,2026-09-13T20:25:00Z,FanDuel,2026-09-10T19:07:17Z,Green Bay Packers,Minnesota Vikings,totals,Under,46.5,-110,0.52380952,fanduel|cb77efed7e711d25a72c1a2a0a1af119|totals|46.5,0.5,https://api.the-odds-api.com/v4/sports/americanfootball_nfl
2026,1,cb77efed7e711d25a72c1a2a0a1af119,2026-09-13T20:25:00Z,BetMGM,2026-09-10T19:06:54Z,Green Bay Packers,Minnesota Vikings,h2h,Green Bay Packers,,100,0.5,betmgm|cb77efed7e711d25a72c1a2a0a1af119|h2h|event,0.47826087,https://api.the-odds-api.com/v4/sports/americanfootball_nfl
2026,1,cb77efed7e711d25a72c1a2a0a1af119,2026-09-13T20:25:00Z,BetMGM,2026-09-10T19:06:54Z,Green Bay Packers,Minnesota Vikings,h2h,Minnesota Vikings,,-120,0.54545455,betmgm|cb77efed7e711d25a72c1a2a0a1af119|h2h|event,0.52173913,https://api.the-odds-api.com/v4/sports/americanfootball_nfl
2026,1,cb77efed7e711d25a72c1a2a0a1af119,2026-09-13T20:25:00Z,BetMGM,2026-09-10T19:06:54Z,Green Bay Packers,Minnesota Vikings,spreads,Green Bay Packers,1.5,-110,0.52380952,betmgm|cb77efed7e711d25a72c1a2a0a1af119|spreads|event,0.50219491,https://api.the-odds-api.com/v4/sports/americanfootball_nfl
2026,1,cb77efed7e711d25a72c1a2a0a1af119,2026-09-13T20:25:00Z,BetMGM,2026-09-10T19:06:54Z,Green Bay Packers,Minnesota Vikings,spreads,Minnesota Vikings,-1.5,-108,0.51923077,betmgm|cb77efed7e711d25a72c1a2a0a1af119|spreads|event,0.49780509,https://api.the-odds-api.com/v4/sports/americanfootball_nfl
2026,1,cb77efed7e711d25a72c1a2a0a1af119,2026-09-13T20:25:00Z,BetMGM,2026-09-10T19:06:54Z,Green Bay Packers,Minnesota Vikings,totals,Over,46.5,-108,0.51923077,betmgm|cb77efed7e711d25a72c1a2a0a1af119|totals|46.5,0.49780509,https://api.the-odds-api.com/v4/sports/americanfootball_nfl
2026,1,cb77efed7e711d25a72c1a2a0a1af119,2026-09-13T20:25:00Z,BetMGM,2026-09-10T19:06:54Z,Green Bay Packers,Minnesota Vikings,totals,Under,46.5,-110,0.52380952,betmgm|cb77efed7e711d25a72c1a2a0a1af119|totals|46.5,0.50219491,https://api.the-odds-api.com/v4/sports/americanfootball_nfl
2026,1,cb77efed7e711d25a72c1a2a0a1af119,2026-09-13T20:25:00Z,Bovada,2026-09-10T19:06:00Z,Green Bay Packers,Minnesota Vikings,h2h,Green Bay Packers,,105,0.48780488,bovada|cb77efed7e711d25a72c1a2a0a1af119|h2h|event,0.46753247,https://api.the-odds-api.com/v4/sports/americanfootball_nfl
2026,1,cb77efed7e711d25a72c1a2a0a1af119,2026-09-13T20:25:00Z,Bovada,2026-09-10T19:06:00Z,Green Bay Packers,Minnesota Vikings,h2h,Minnesota Vikings,,-125,0.55555556,bovada|cb77efed7e711d25a72c1a2a0a1af119|h2h|event,0.53246753,https://api.the-odds-api.com/v4/sports/americanfootball_nfl
2026,1,cb77efed7e711d25a72c1a2a0a1af119,2026-09-13T20:25:00Z,Bovada,2026-09-10T19:06:00Z,Green Bay Packers,Minnesota Vikings,spreads,Green Bay Packers,2.0,-115,0.53488372,bovada|cb77efed7e711d25a72c1a2a0a1af119|spreads|event,0.51083424,https://api.the-odds-api.com/v4/sports/americanfootball_nfl
2026,1,cb77efed7e711d25a72c1a2a0a1af119,2026-09-13T20:25:00Z,Bovada,2026-09-10T19:06:00Z,Green Bay Packers,Minnesota Vikings,spreads,Minnesota Vikings,-2.0,-105,0.51219512,bovada|cb77efed7e711d25a72c1a2a0a1af119|spreads|event,0.48916576,https://api.the-odds-api.com/v4/sports/americanfootball_nfl
2026,1,cb77efed7e711d25a72c1a2a0a1af119,2026-09-13T20:25:00Z,Bovada,2026-09-10T19:06:00Z,Green Bay Packers,Minnesota Vikings,totals,Over,46.0,-110,0.52380952,bovada|cb77efed7e711d25a72c1a2a0a1af119|totals|46.0,0.5,https://api.the-odds-api.com/v4/sports/americanfootball_nfl
2026,1,cb77efed7e711d25a72c1a2a0a1af119,2026-09-13T20:25:00Z,Bovada,2026-09-10T19:06:00Z,Green Bay Packers,Minnesota Vikings,totals,Under,46.0,-110,0.52380952,bovada|cb77efed7e711d25a72c1a2a0a1af119|totals|46.0,0.5,https://api.the-odds-api.com/v4/sports/americanfootball_nfl
2026,1,cb77efed7e711d25a72c1a2a0a1af119,2026-09-13T20:25:00Z,MyBookie.ag,2026-09-10T19:05:34Z,Green Bay Packers,Minnesota Vikings,h2h,Green Bay Packers,,-103,0.50738916,mybookieag|cb77efed7e711d25a72c1a2a0a1af119|h2h|event,0.47913972,https://api.the-odds-api.com/v4/sports/americanfootball_nfl
2026,1,cb77efed7e711d25a72c1a2a0a1af119,2026-09-13T20:25:00Z,MyBookie.ag,2026-09-10T19:05:34Z,Green Bay Packers,Minnesota Vikings,h2h,Minnesota Vikings,,-123,0.55156951,mybookieag|cb77efed7e711d25a72c1a2a0a1af119|h2h|event,0.52086028,https://api.the-odds-api.com/v4/sports/americanfootball_nfl
2026,1,cb77efed7e711d25a72c1a2a0a1af119,2026-09-13T20:25:00Z,MyBookie.ag,2026-09-10T19:05:34Z,Green Bay Packers,Minnesota Vikings,spreads,Green Bay Packers,1.5,-110,0.52380952,mybookieag|cb77efed7e711d25a72c1a2a0a1af119|spreads|event,0.5,https://api.the-odds-api.com/v4/sports/americanfootball_nfl
2026,1,cb77efed7e711d25a72c1a2a0a1af119,2026-09-13T20:25:00Z,MyBookie.ag,2026-09-10T19:05:34Z,Green Bay Packers,Minnesota Vikings,spreads,Minnesota Vikings,-1.5,-110,0.52380952,mybookieag|cb77efed7e711d25a72c1a2a0a1af119|spreads|event,0.5,https://api.the-odds-api.com/v4/sports/americanfootball_nfl
2026,1,cb77efed7e711d25a72c1a2a0a1af119,2026-09-13T20:25:00Z,MyBookie.ag,2026-09-10T19:05:34Z,Green Bay Packers,Minnesota Vikings,totals,Over,46.5,-110,0.52380952,mybookieag|cb77efed7e711d25a72c1a2a0a1af119|totals|46.5,0.5,https://api.the-odds-api.com/v4/sports/americanfootball_nfl
2026,1,cb77efed7e711d25a72c1a2a0a1af119,2026-09-13T20:25:00Z,MyBookie.ag,2026-09-10T19:05:34Z,Green Bay Packers,Minnesota Vikings,totals,Under,46.5,-110,0.52380952,mybookieag|cb77efed7e711d25a72c1a2a0a1af119|totals|46.5,0.5,https://api.the-odds-api.com/v4/sports/americanfootball_nfl
2026,1,c5d95f48a16849ab6bebc68fbbfcb74a,2026-09-13T20:25:00Z,DraftKings,2026-09-10T19:06:23Z,Miami Dolphins,Las Vegas Raiders,h2h,Las Vegas Raiders,,-170,0.62962963,draftkings|c5d95f48a16849ab6bebc68fbbfcb74a|h2h|event,0.60375697,https://api.the-odds-api.com/v4/sports/americanfootball_nfl
2026,1,c5d95f48a16849ab6bebc68fbbfcb74a,2026-09-13T20:25:00Z,DraftKings,2026-09-10T19:06:23Z,Miami Dolphins,Las Vegas Raiders,h2h,Miami Dolphins,,142,0.41322314,draftkings|c5d95f48a16849ab6bebc68fbbfcb74a|h2h|event,0.39624303,https://api.the-odds-api.com/v4/sports/americanfootball_nfl
2026,1,c5d95f48a16849ab6bebc68fbbfcb74a,2026-09-13T20:25:00Z,DraftKings,2026-09-10T19:06:23Z,Miami Dolphins,Las Vegas Raiders,spreads,Las Vegas Raiders,-3.0,-112,0.52830189,draftkings|c5d95f48a16849ab6bebc68fbbfcb74a|spreads|event,0.50432976,https://api.the-odds-api.com/v4/sports/americanfootball_nfl
2026,1,c5d95f48a16849ab6bebc68fbbfcb74a,2026-09-13T20:25:00Z,DraftKings,2026-09-10T19:06:23Z,Miami Dolphins,Las Vegas Raiders,spreads,Miami Dolphins,3.0,-108,0.51923077,draftkings|c5d95f48a16849ab6bebc68fbbfcb74a|spreads|event,0.49567024,https://api.the-odds-api.com/v4/sports/americanfootball_nfl
2026,1,c5d95f48a16849ab6bebc68fbbfcb74a,2026-09-13T20:25:00Z,DraftKings,2026-09-10T19:06:23Z,Miami Dolphins,Las Vegas Raiders,totals,Over,40.5,-112,0.52830189,draftkings|c5d95f48a16849ab6bebc68fbbfcb74a|totals|40.5,0.50432976,https://api.the-odds-api.com/v4/sports/americanfootball_nfl
2026,1,c5d95f48a16849ab6bebc68fbbfcb74a,2026-09-13T20:25:00Z,DraftKings,2026-09-10T19:06:23Z,Miami Dolphins,Las Vegas Raiders,totals,Under,40.5,-108,0.51923077,draftkings|c5d95f48a16849ab6bebc68fbbfcb74a|totals|40.5,0.49567024,https://api.the-odds-api.com/v4/sports/americanfootball_nfl
2026,1,c5d95f48a16849ab6bebc68fbbfcb74a,2026-09-13T20:25:00Z,BetUS,2026-09-10T19:06:57Z,Miami Dolphins,Las Vegas Raiders,h2h,Las Vegas Raiders,,-165,0.62264151,betus|c5d95f48a16849ab6bebc68fbbfcb74a|h2h|event,0.60108385,https://api.the-odds-api.com/v4/sports/americanfootball_nfl
2026,1,c5d95f48a16849ab6bebc68fbbfcb74a,2026-09-13T20:25:00Z,BetUS,2026-09-10T19:06:57Z,Miami Dolphins,Las Vegas Raiders,h2h,Miami Dolphins,,142,0.41322314,betus|c5d95f48a16849ab6bebc68fbbfcb74a|h2h|event,0.39891615,https://api.the-odds-api.com/v4/sports/americanfootball_nfl
2026,1,c5d95f48a16849ab6bebc68fbbfcb74a,2026-09-13T20:25:00Z,BetUS,2026-09-10T19:06:57Z,Miami Dolphins,Las Vegas Raiders,spreads,Las Vegas Raiders,-3.0,-115,0.53488372,betus|c5d95f48a16849ab6bebc68fbbfcb74a|spreads|event,0.51083424,https://api.the-odds-api.com/v4/sports/americanfootball_nfl
2026,1,c5d95f48a16849ab6bebc68fbbfcb74a,2026-09-13T20:25:00Z,BetUS,2026-09-10T19:06:57Z,Miami Dolphins,Las Vegas Raiders,spreads,Miami Dolphins,3.0,-105,0.51219512,betus|c5d95f48a16849ab6bebc68fbbfcb74a|spreads|event,0.48916576,https://api.the-odds-api.com/v4/sports/americanfootball_nfl
2026,1,c5d95f48a16849ab6bebc68fbbfcb74a,2026-09-13T20:25:00Z,BetUS,2026-09-10T19:06:57Z,Miami Dolphins,Las Vegas Raiders,totals,Over,40.0,-110,0.52380952,betus|c5d95f48a16849ab6bebc68fbbfcb74a|totals|40.0,0.5,https://api.the-odds-api.com/v4/sports/americanfootball_nfl
2026,1,c5d95f48a16849ab6bebc68fbbfcb74a,2026-09-13T20:25:00Z,BetUS,2026-09-10T19:06:57Z,Miami Dolphins,Las Vegas Raiders,totals,Under,40.0,-110,0.52380952,betus|c5d95f48a16849ab6bebc68fbbfcb74a|totals|40.0,0.5,https://api.the-odds-api.com/v4/sports/americanfootball_nfl
2026,1,c5d95f48a16849ab6bebc68fbbfcb74a,2026-09-13T20:25:00Z,BetRivers,2026-09-10T19:06:57Z,Miami Dolphins,Las Vegas Raiders,h2h,Las Vegas Raiders,,-167,0.62546816,betrivers|c5d95f48a16849ab6bebc68fbbfcb74a|h2h|event,0.59511714,https://api.the-odds-api.com/v4/sports/americanfootball_nfl
2026,1,c5d95f48a16849ab6bebc68fbbfcb74a,2026-09-13T20:25:00Z,BetRivers,2026-09-10T19:06:57Z,Miami Dolphins,Las Vegas Raiders,h2h,Miami Dolphins,,135,0.42553191,betrivers|c5d95f48a16849ab6bebc68fbbfcb74a|h2h|event,0.40488286,https://api.the-odds-api.com/v4/sports/americanfootball_nfl
2026,1,c5d95f48a16849ab6bebc68fbbfcb74a,2026-09-13T20:25:00Z,BetRivers,2026-09-10T19:06:57Z,Miami Dolphins,Las Vegas Raiders,spreads,Las Vegas Raiders,-3.5,-105,0.51219512,betrivers|c5d95f48a16849ab6bebc68fbbfcb74a|spreads|event,0.48717126,https://api.the-odds-api.com/v4/sports/americanfootball_nfl
2026,1,c5d95f48a16849ab6bebc68fbbfcb74a,2026-09-13T20:25:00Z,BetRivers,2026-09-10T19:06:57Z,Miami Dolphins,Las Vegas Raiders,spreads,Miami Dolphins,3.5,-117,0.53917051,betrivers|c5d95f48a16849ab6bebc68fbbfcb74a|spreads|event,0.51282874,https://api.the-odds-api.com/v4/sports/americanfootball_nfl
2026,1,c5d95f48a16849ab6bebc68fbbfcb74a,2026-09-13T20:25:00Z,BetRivers,2026-09-10T19:06:57Z,Miami Dolphins,Las Vegas Raiders,totals,Over,40.0,-110,0.52380952,betrivers|c5d95f48a16849ab6bebc68fbbfcb74a|totals|40.0,0.5,https://api.the-odds-api.com/v4/sports/americanfootball_nfl
2026,1,c5d95f48a16849ab6bebc68fbbfcb74a,2026-09-13T20:25:00Z,BetRivers,2026-09-10T19:06:57Z,Miami Dolphins,Las Vegas Raiders,totals,Under,40.0,-110,0.52380952,betrivers|c5d95f48a16849ab6bebc68fbbfcb74a|totals|40.0,0.5,https://api.the-odds-api.com/v4/sports/americanfootball_nfl
2026,1,c5d95f48a16849ab6bebc68fbbfcb74a,2026-09-13T20:25:00Z,FanDuel,2026-09-10T19:07:17Z,Miami Dolphins,Las Vegas Raiders,h2h,Las Vegas Raiders,,-174,0.6350365,fanduel|c5d95f48a16849ab6bebc68fbbfcb74a|h2h|event,0.60970885,https://api.the-odds-api.com/v4/sports/americanfootball_nfl
2026,1,c5d95f48a16849ab6bebc68fbbfcb74a,2026-09-13T20:25:00Z,FanDuel,2026-09-10T19:07:17Z,Miami Dolphins,Las Vegas Raiders,h2h,Miami Dolphins,,146,0.40650407,fanduel|c5d95f48a16849ab6bebc68fbbfcb74a|h2h|event,0.39029115,https://api.the-odds-api.com/v4/sports/americanfootball_nfl
2026,1,c5d95f48a16849ab6bebc68fbbfcb74a,2026-09-13T20:25:00Z,FanDuel,2026-09-10T19:07:17Z,Miami Dolphins,Las Vegas Raiders,spreads,Las Vegas Raiders,-3.0,-120,0.54545455,fanduel|c5d95f48a16849ab6bebc68fbbfcb74a|spreads|event,0.51928021,https://api.the-odds-api.com/v4/sports/americanfootball_nfl
2026,1,c5d95f48a16849ab6bebc68fbbfcb74a,2026-09-13T20:25:00Z,FanDuel,2026-09-10T19:07:17Z,Miami Dolphins,Las Vegas Raiders,spreads,Miami Dolphins,3.0,-102,0.5049505,fanduel|c5d95f48a16849ab6bebc68fbbfcb74a|spreads|event,0.48071979,https://api.the-odds-api.com/v4/sports/americanfootball_nfl
2026,1,c5d95f48a16849ab6bebc68fbbfcb74a,2026-09-13T20:25:00Z,FanDuel,2026-09-10T19:07:17Z,Miami Dolphins,Las Vegas Raiders,totals,Over,39.5,-112,0.52830189,fanduel|c5d95f48a16849ab6bebc68fbbfcb74a|totals|39.5,0.50432976,https://api.the-odds-api.com/v4/sports/americanfootball_nfl
2026,1,c5d95f48a16849ab6bebc68fbbfcb74a,2026-09-13T20:25:00Z,FanDuel,2026-09-10T19:07:17Z,Miami Dolphins,Las Vegas Raiders,totals,Under,39.5,-108,0.51923077,fanduel|c5d95f48a16849ab6bebc68fbbfcb74a|totals|39.5,0.49567024,https://api.the-odds-api.com/v4/sports/americanfootball_nfl
2026,1,c5d95f48a16849ab6bebc68fbbfcb74a,2026-09-13T20:25:00Z,BetOnline.ag,2026-09-10T19:06:22Z,Miami Dolphins,Las Vegas Raiders,h2h,Las Vegas Raiders,,-165,0.62264151,betonlineag|c5d95f48a16849ab6bebc68fbbfcb74a|h2h|event,0.60403436,https://api.the-odds-api.com/v4/sports/americanfootball_nfl
2026,1,c5d95f48a16849ab6bebc68fbbfcb74a,2026-09-13T20:25:00Z,BetOnline.ag,2026-09-10T19:06:22Z,Miami Dolphins,Las Vegas Raiders,h2h,Miami Dolphins,,145,0.40816327,betonlineag|c5d95f48a16849ab6bebc68fbbfcb74a|h2h|event,0.39596564,https://api.the-odds-api.com/v4/sports/americanfootball_nfl
2026,1,c5d95f48a16849ab6bebc68fbbfcb74a,2026-09-13T20:25:00Z,BetOnline.ag,2026-09-10T19:06:22Z,Miami Dolphins,Las Vegas Raiders,spreads,Las Vegas Raiders,-3.0,-113,0.53051643,betonlineag|c5d95f48a16849ab6bebc68fbbfcb74a|spreads|event,0.50649604,https://api.the-odds-api.com/v4/sports/americanfootball_nfl
2026,1,c5d95f48a16849ab6bebc68fbbfcb74a,2026-09-13T20:25:00Z,BetOnline.ag,2026-09-10T19:06:22Z,Miami Dolphins,Las Vegas Raiders,spreads,Miami Dolphins,3.0,-107,0.51690821,betonlineag|c5d95f48a16849ab6bebc68fbbfcb74a|spreads|event,0.49350396,https://api.the-odds-api.com/v4/sports/americanfootball_nfl
2026,1,c5d95f48a16849ab6bebc68fbbfcb74a,2026-09-13T20:25:00Z,BetOnline.ag,2026-09-10T19:06:22Z,Miami Dolphins,Las Vegas Raiders,totals,Over,40.5,-110,0.52380952,betonlineag|c5d95f48a16849ab6bebc68fbbfcb74a|totals|40.5,0.5,https://api.the-odds-api.com/v4/sports/americanfootball_nfl
2026,1,c5d95f48a16849ab6bebc68fbbfcb74a,2026-09-13T20:25:00Z,BetOnline.ag,2026-09-10T19:06:22Z,Miami Dolphins,Las Vegas Raiders,totals,Under,40.5,-110,0.52380952,betonlineag|c5d95f48a16849ab6bebc68fbbfcb74a|totals|40.5,0.5,https://api.the-odds-api.com/v4/sports/americanfootball_nfl
2026,1,c5d95f48a16849ab6bebc68fbbfcb74a,2026-09-13T20:25:00Z,LowVig.ag,2026-09-10T19:06:24Z,Miami Dolphins,Las Vegas Raiders,h2h,Las Vegas Raiders,,-165,0.62264151,lowvig|c5d95f48a16849ab6bebc68fbbfcb74a|h2h|event,0.60403436,https://api.the-odds-api.com/v4/sports/americanfootball_nfl
2026,1,c5d95f48a16849ab6bebc68fbbfcb74a,2026-09-13T20:25:00Z,LowVig.ag,2026-09-10T19:06:24Z,Miami Dolphins,Las Vegas Raiders,h2h,Miami Dolphins,,145,0.40816327,lowvig|c5d95f48a16849ab6bebc68fbbfcb74a|h2h|event,0.39596564,https://api.the-odds-api.com/v4/sports/americanfootball_nfl
2026,1,c5d95f48a16849ab6bebc68fbbfcb74a,2026-09-13T20:25:00Z,LowVig.ag,2026-09-10T19:06:24Z,Miami Dolphins,Las Vegas Raiders,spreads,Las Vegas Raiders,-3.0,-108,0.51923077,lowvig|c5d95f48a16849ab6bebc68fbbfcb74a|spreads|event,0.50697155,https://api.the-odds-api.com/v4/sports/americanfootball_nfl
2026,1,c5d95f48a16849ab6bebc68fbbfcb74a,2026-09-13T20:25:00Z,LowVig.ag,2026-09-10T19:06:24Z,Miami Dolphins,Las Vegas Raiders,spreads,Miami Dolphins,3.0,-102,0.5049505,lowvig|c5d95f48a16849ab6bebc68fbbfcb74a|spreads|event,0.49302845,https://api.the-odds-api.com/v4/sports/americanfootball_nfl
2026,1,c5d95f48a16849ab6bebc68fbbfcb74a,2026-09-13T20:25:00Z,LowVig.ag,2026-09-10T19:06:24Z,Miami Dolphins,Las Vegas Raiders,totals,Over,40.5,-107,0.51690821,lowvig|c5d95f48a16849ab6bebc68fbbfcb74a|totals|40.5,0.5,https://api.the-odds-api.com/v4/sports/americanfootball_nfl
2026,1,c5d95f48a16849ab6bebc68fbbfcb74a,2026-09-13T20:25:00Z,LowVig.ag,2026-09-10T19:06:24Z,Miami Dolphins,Las Vegas Raiders,totals,Under,40.5,-107,0.51690821,lowvig|c5d95f48a16849ab6bebc68fbbfcb74a|totals|40.5,0.5,https://api.the-odds-api.com/v4/sports/americanfootball_nfl
2026,1,c5d95f48a16849ab6bebc68fbbfcb74a,2026-09-13T20:25:00Z,BetMGM,2026-09-10T19:06:54Z,Miami Dolphins,Las Vegas Raiders,h2h,Las Vegas Raiders,,-175,0.63636364,betmgm|c5d95f48a16849ab6bebc68fbbfcb74a|h2h|event,0.60923623,https://api.the-odds-api.com/v4/sports/americanfootball_nfl
2026,1,c5d95f48a16849ab6bebc68fbbfcb74a,2026-09-13T20:25:00Z,BetMGM,2026-09-10T19:06:54Z,Miami Dolphins,Las Vegas Raiders,h2h,Miami Dolphins,,145,0.40816327,betmgm|c5d95f48a16849ab6bebc68fbbfcb74a|h2h|event,0.39076377,https://api.the-odds-api.com/v4/sports/americanfootball_nfl
2026,1,c5d95f48a16849ab6bebc68fbbfcb74a,2026-09-13T20:25:00Z,BetMGM,2026-09-10T19:06:54Z,Miami Dolphins,Las Vegas Raiders,spreads,Las Vegas Raiders,-3.0,-115,0.53488372,betmgm|c5d95f48a16849ab6bebc68fbbfcb74a|spreads|event,0.51083424,https://api.the-odds-api.com/v4/sports/americanfootball_nfl
2026,1,c5d95f48a16849ab6bebc68fbbfcb74a,2026-09-13T20:25:00Z,BetMGM,2026-09-10T19:06:54Z,Miami Dolphins,Las Vegas Raiders,spreads,Miami Dolphins,3.0,-105,0.51219512,betmgm|c5d95f48a16849ab6bebc68fbbfcb74a|spreads|event,0.48916576,https://api.the-odds-api.com/v4/sports/americanfootball_nfl
2026,1,c5d95f48a16849ab6bebc68fbbfcb74a,2026-09-13T20:25:00Z,BetMGM,2026-09-10T19:06:54Z,Miami Dolphins,Las Vegas Raiders,totals,Over,40.5,-108,0.51923077,betmgm|c5d95f48a16849ab6bebc68fbbfcb74a|totals|40.5,0.49780509,https://api.the-odds-api.com/v4/sports/americanfootball_nfl
2026,1,c5d95f48a16849ab6bebc68fbbfcb74a,2026-09-13T20:25:00Z,BetMGM,2026-09-10T19:06:54Z,Miami Dolphins,Las Vegas Raiders,totals,Under,40.5,-110,0.52380952,betmgm|c5d95f48a16849ab6bebc68fbbfcb74a|totals|40.5,0.50219491,https://api.the-odds-api.com/v4/sports/americanfootball_nfl
2026,1,c5d95f48a16849ab6bebc68fbbfcb74a,2026-09-13T20:25:00Z,Bovada,2026-09-10T19:06:00Z,Miami Dolphins,Las Vegas Raiders,h2h,Las Vegas Raiders,,-170,0.62962963,bovada|c5d95f48a16849ab6bebc68fbbfcb74a|h2h|event,0.60670065,https://api.the-odds-api.com/v4/sports/americanfootball_nfl
2026,1,c5d95f48a16849ab6bebc68fbbfcb74a,2026-09-13T20:25:00Z,Bovada,2026-09-10T19:06:00Z,Miami Dolphins,Las Vegas Raiders,h2h,Miami Dolphins,,145,0.40816327,bovada|c5d95f48a16849ab6bebc68fbbfcb74a|h2h|event,0.39329935,https://api.the-odds-api.com/v4/sports/americanfootball_nfl
2026,1,c5d95f48a16849ab6bebc68fbbfcb74a,2026-09-13T20:25:00Z,Bovada,2026-09-10T19:06:00Z,Miami Dolphins,Las Vegas Raiders,spreads,Las Vegas Raiders,-3.0,-115,0.53488372,bovada|c5d95f48a16849ab6bebc68fbbfcb74a|spreads|event,0.51083424,https://api.the-odds-api.com/v4/sports/americanfootball_nfl
2026,1,c5d95f48a16849ab6bebc68fbbfcb74a,2026-09-13T20:25:00Z,Bovada,2026-09-10T19:06:00Z,Miami Dolphins,Las Vegas Raiders,spreads,Miami Dolphins,3.0,-105,0.51219512,bovada|c5d95f48a16849ab6bebc68fbbfcb74a|spreads|event,0.48916576,https://api.the-odds-api.com/v4/sports/americanfootball_nfl
2026,1,c5d95f48a16849ab6bebc68fbbfcb74a,2026-09-13T20:25:00Z,Bovada,2026-09-10T19:06:00Z,Miami Dolphins,Las Vegas Raiders,totals,Over,40.0,-110,0.52380952,bovada|c5d95f48a16849ab6bebc68fbbfcb74a|totals|40.0,0.5,https://api.the-odds-api.com/v4/sports/americanfootball_nfl
2026,1,c5d95f48a16849ab6bebc68fbbfcb74a,2026-09-13T20:25:00Z,Bovada,2026-09-10T19:06:00Z,Miami Dolphins,Las Vegas Raiders,totals,Under,40.0,-110,0.52380952,bovada|c5d95f48a16849ab6bebc68fbbfcb74a|totals|40.0,0.5,https://api.the-odds-api.com/v4/sports/americanfootball_nfl
2026,1,c5d95f48a16849ab6bebc68fbbfcb74a,2026-09-13T20:25:00Z,MyBookie.ag,2026-09-10T19:05:34Z,Miami Dolphins,Las Vegas Raiders,h2h,Las Vegas Raiders,,-177,0.63898917,mybookieag|c5d95f48a16849ab6bebc68fbbfcb74a|h2h|event,0.60229149,https://api.the-odds-api.com/v4/sports/americanfootball_nfl
2026,1,c5d95f48a16849ab6bebc68fbbfcb74a,2026-09-13T20:25:00Z,MyBookie.ag,2026-09-10T19:05:34Z,Miami Dolphins,Las Vegas Raiders,h2h,Miami Dolphins,,137,0.42194093,mybookieag|c5d95f48a16849ab6bebc68fbbfcb74a|h2h|event,0.39770851,https://api.the-odds-api.com/v4/sports/americanfootball_nfl
2026,1,c5d95f48a16849ab6bebc68fbbfcb74a,2026-09-13T20:25:00Z,MyBookie.ag,2026-09-10T19:05:34Z,Miami Dolphins,Las Vegas Raiders,spreads,Las Vegas Raiders,-3.0,-120,0.54545455,mybookieag|c5d95f48a16849ab6bebc68fbbfcb74a|spreads|event,0.52173913,https://api.the-odds-api.com/v4/sports/americanfootball_nfl
2026,1,c5d95f48a16849ab6bebc68fbbfcb74a,2026-09-13T20:25:00Z,MyBookie.ag,2026-09-10T19:05:34Z,Miami Dolphins,Las Vegas Raiders,spreads,Miami Dolphins,3.0,100,0.5,mybookieag|c5d95f48a16849ab6bebc68fbbfcb74a|spreads|event,0.47826087,https://api.the-odds-api.com/v4/sports/americanfootball_nfl
2026,1,c5d95f48a16849ab6bebc68fbbfcb74a,2026-09-13T20:25:00Z,MyBookie.ag,2026-09-10T19:05:34Z,Miami Dolphins,Las Vegas Raiders,totals,Over,40.0,-110,0.52380952,mybookieag|c5d95f48a16849ab6bebc68fbbfcb74a|totals|40.0,0.5,https://api.the-odds-api.com/v4/sports/americanfootball_nfl
2026,1,c5d95f48a16849ab6bebc68fbbfcb74a,2026-09-13T20:25:00Z,MyBookie.ag,2026-09-10T19:05:34Z,Miami Dolphins,Las Vegas Raiders,totals,Under,40.0,-110,0.52380952,mybookieag|c5d95f48a16849ab6bebc68fbbfcb74a|totals|40.0,0.5,https://api.the-odds-api.com/v4/sports/americanfootball_nfl
2026,1,17885cb8dcade8f6c3bce14b2de805e8,2026-09-13T20:25:00Z,DraftKings,2026-09-10T19:06:23Z,Washington Commanders,Philadelphia Eagles,h2h,Philadelphia Eagles,,-218,0.68553459,draftkings|17885cb8dcade8f6c3bce14b2de805e8|h2h|event,0.65747522,https://api.the-odds-api.com/v4/sports/americanfootball_nfl
2026,1,17885cb8dcade8f6c3bce14b2de805e8,2026-09-13T20:25:00Z,DraftKings,2026-09-10T19:06:23Z,Washington Commanders,Philadelphia Eagles,h2h,Washington Commanders,,180,0.35714286,draftkings|17885cb8dcade8f6c3bce14b2de805e8|h2h|event,0.34252478,https://api.the-odds-api.com/v4/sports/americanfootball_nfl
2026,1,17885cb8dcade8f6c3bce14b2de805e8,2026-09-13T20:25:00Z,DraftKings,2026-09-10T19:06:23Z,Washington Commanders,Philadelphia Eagles,spreads,Philadelphia Eagles,-5.5,-108,0.51923077,draftkings|17885cb8dcade8f6c3bce14b2de805e8|spreads|event,0.49567024,https://api.the-odds-api.com/v4/sports/americanfootball_nfl
2026,1,17885cb8dcade8f6c3bce14b2de805e8,2026-09-13T20:25:00Z,DraftKings,2026-09-10T19:06:23Z,Washington Commanders,Philadelphia Eagles,spreads,Washington Commanders,5.5,-112,0.52830189,draftkings|17885cb8dcade8f6c3bce14b2de805e8|spreads|event,0.50432976,https://api.the-odds-api.com/v4/sports/americanfootball_nfl
2026,1,17885cb8dcade8f6c3bce14b2de805e8,2026-09-13T20:25:00Z,DraftKings,2026-09-10T19:06:23Z,Washington Commanders,Philadelphia Eagles,totals,Over,44.5,-105,0.51219512,draftkings|17885cb8dcade8f6c3bce14b2de805e8|totals|44.5,0.48916576,https://api.the-odds-api.com/v4/sports/americanfootball_nfl
2026,1,17885cb8dcade8f6c3bce14b2de805e8,2026-09-13T20:25:00Z,DraftKings,2026-09-10T19:06:23Z,Washington Commanders,Philadelphia Eagles,totals,Under,44.5,-115,0.53488372,draftkings|17885cb8dcade8f6c3bce14b2de805e8|totals|44.5,0.51083424,https://api.the-odds-api.com/v4/sports/americanfootball_nfl
2026,1,17885cb8dcade8f6c3bce14b2de805e8,2026-09-13T20:25:00Z,FanDuel,2026-09-10T19:07:17Z,Washington Commanders,Philadelphia Eagles,h2h,Philadelphia Eagles,,-250,0.71428571,fanduel|17885cb8dcade8f6c3bce14b2de805e8|h2h|event,0.68539326,https://api.the-odds-api.com/v4/sports/americanfootball_nfl
2026,1,17885cb8dcade8f6c3bce14b2de805e8,2026-09-13T20:25:00Z,FanDuel,2026-09-10T19:07:17Z,Washington Commanders,Philadelphia Eagles,h2h,Washington Commanders,,205,0.32786885,fanduel|17885cb8dcade8f6c3bce14b2de805e8|h2h|event,0.31460674,https://api.the-odds-api.com/v4/sports/americanfootball_nfl
2026,1,17885cb8dcade8f6c3bce14b2de805e8,2026-09-13T20:25:00Z,FanDuel,2026-09-10T19:07:17Z,Washington Commanders,Philadelphia Eagles,spreads,Philadelphia Eagles,-5.5,-110,0.52380952,fanduel|17885cb8dcade8f6c3bce14b2de805e8|spreads|event,0.5,https://api.the-odds-api.com/v4/sports/americanfootball_nfl
2026,1,17885cb8dcade8f6c3bce14b2de805e8,2026-09-13T20:25:00Z,FanDuel,2026-09-10T19:07:17Z,Washington Commanders,Philadelphia Eagles,spreads,Washington Commanders,5.5,-110,0.52380952,fanduel|17885cb8dcade8f6c3bce14b2de805e8|spreads|event,0.5,https://api.the-odds-api.com/v4/sports/americanfootball_nfl
2026,1,17885cb8dcade8f6c3bce14b2de805e8,2026-09-13T20:25:00Z,FanDuel,2026-09-10T19:07:17Z,Washington Commanders,Philadelphia Eagles,totals,Over,44.5,-110,0.52380952,fanduel|17885cb8dcade8f6c3bce14b2de805e8|totals|44.5,0.5,https://api.the-odds-api.com/v4/sports/americanfootball_nfl
2026,1,17885cb8dcade8f6c3bce14b2de805e8,2026-09-13T20:25:00Z,FanDuel,2026-09-10T19:07:17Z,Washington Commanders,Philadelphia Eagles,totals,Under,44.5,-110,0.52380952,fanduel|17885cb8dcade8f6c3bce14b2de805e8|totals|44.5,0.5,https://api.the-odds-api.com/v4/sports/americanfootball_nfl
2026,1,17885cb8dcade8f6c3bce14b2de805e8,2026-09-13T20:25:00Z,BetUS,2026-09-10T19:06:57Z,Washington Commanders,Philadelphia Eagles,h2h,Philadelphia Eagles,,-245,0.71014493,betus|17885cb8dcade8f6c3bce14b2de805e8|h2h|event,0.68413825,https://api.the-odds-api.com/v4/sports/americanfootball_nfl
2026,1,17885cb8dcade8f6c3bce14b2de805e8,2026-09-13T20:25:00Z,BetUS,2026-09-10T19:06:57Z,Washington Commanders,Philadelphia Eagles,h2h,Washington Commanders,,205,0.32786885,betus|17885cb8dcade8f6c3bce14b2de805e8|h2h|event,0.31586175,https://api.the-odds-api.com/v4/sports/americanfootball_nfl
2026,1,17885cb8dcade8f6c3bce14b2de805e8,2026-09-13T20:25:00Z,BetUS,2026-09-10T19:06:57Z,Washington Commanders,Philadelphia Eagles,spreads,Philadelphia Eagles,-5.5,-110,0.52380952,betus|17885cb8dcade8f6c3bce14b2de805e8|spreads|event,0.5,https://api.the-odds-api.com/v4/sports/americanfootball_nfl
2026,1,17885cb8dcade8f6c3bce14b2de805e8,2026-09-13T20:25:00Z,BetUS,2026-09-10T19:06:57Z,Washington Commanders,Philadelphia Eagles,spreads,Washington Commanders,5.5,-110,0.52380952,betus|17885cb8dcade8f6c3bce14b2de805e8|spreads|event,0.5,https://api.the-odds-api.com/v4/sports/americanfootball_nfl
2026,1,17885cb8dcade8f6c3bce14b2de805e8,2026-09-13T20:25:00Z,BetUS,2026-09-10T19:06:57Z,Washington Commanders,Philadelphia Eagles,totals,Over,44.0,-110,0.52380952,betus|17885cb8dcade8f6c3bce14b2de805e8|totals|44.0,0.5,https://api.the-odds-api.com/v4/sports/americanfootball_nfl
2026,1,17885cb8dcade8f6c3bce14b2de805e8,2026-09-13T20:25:00Z,BetUS,2026-09-10T19:06:57Z,Washington Commanders,Philadelphia Eagles,totals,Under,44.0,-110,0.52380952,betus|17885cb8dcade8f6c3bce14b2de805e8|totals|44.0,0.5,https://api.the-odds-api.com/v4/sports/americanfootball_nfl
2026,1,17885cb8dcade8f6c3bce14b2de805e8,2026-09-13T20:25:00Z,BetRivers,2026-09-10T19:06:57Z,Washington Commanders,Philadelphia Eagles,h2h,Philadelphia Eagles,,-235,0.70149254,betrivers|17885cb8dcade8f6c3bce14b2de805e8|h2h|event,0.66263847,https://api.the-odds-api.com/v4/sports/americanfootball_nfl
2026,1,17885cb8dcade8f6c3bce14b2de805e8,2026-09-13T20:25:00Z,BetRivers,2026-09-10T19:06:57Z,Washington Commanders,Philadelphia Eagles,h2h,Washington Commanders,,180,0.35714286,betrivers|17885cb8dcade8f6c3bce14b2de805e8|h2h|event,0.33736153,https://api.the-odds-api.com/v4/sports/americanfootball_nfl
2026,1,17885cb8dcade8f6c3bce14b2de805e8,2026-09-13T20:25:00Z,BetRivers,2026-09-10T19:06:57Z,Washington Commanders,Philadelphia Eagles,spreads,Philadelphia Eagles,-5.5,-110,0.52380952,betrivers|17885cb8dcade8f6c3bce14b2de805e8|spreads|event,0.5,https://api.the-odds-api.com/v4/sports/americanfootball_nfl
2026,1,17885cb8dcade8f6c3bce14b2de805e8,2026-09-13T20:25:00Z,BetRivers,2026-09-10T19:06:57Z,Washington Commanders,Philadelphia Eagles,spreads,Washington Commanders,5.5,-110,0.52380952,betrivers|17885cb8dcade8f6c3bce14b2de805e8|spreads|event,0.5,https://api.the-odds-api.com/v4/sports/americanfootball_nfl
2026,1,17885cb8dcade8f6c3bce14b2de805e8,2026-09-13T20:25:00Z,BetRivers,2026-09-10T19:06:57Z,Washington Commanders,Philadelphia Eagles,totals,Over,44.5,-106,0.51456311,betrivers|17885cb8dcade8f6c3bce14b2de805e8|totals|44.5,0.49133599,https://api.the-odds-api.com/v4/sports/americanfootball_nfl
2026,1,17885cb8dcade8f6c3bce14b2de805e8,2026-09-13T20:25:00Z,BetRivers,2026-09-10T19:06:57Z,Washington Commanders,Philadelphia Eagles,totals,Under,44.5,-114,0.53271028,betrivers|17885cb8dcade8f6c3bce14b2de805e8|totals|44.5,0.50866401,https://api.the-odds-api.com/v4/sports/americanfootball_nfl
2026,1,17885cb8dcade8f6c3bce14b2de805e8,2026-09-13T20:25:00Z,BetOnline.ag,2026-09-10T19:06:22Z,Washington Commanders,Philadelphia Eagles,h2h,Philadelphia Eagles,,-240,0.70588235,betonlineag|17885cb8dcade8f6c3bce14b2de805e8|h2h|event,0.67924528,https://api.the-odds-api.com/v4/sports/americanfootball_nfl
2026,1,17885cb8dcade8f6c3bce14b2de805e8,2026-09-13T20:25:00Z,BetOnline.ag,2026-09-10T19:06:22Z,Washington Commanders,Philadelphia Eagles,h2h,Washington Commanders,,200,0.33333333,betonlineag|17885cb8dcade8f6c3bce14b2de805e8|h2h|event,0.32075472,https://api.the-odds-api.com/v4/sports/americanfootball_nfl
2026,1,17885cb8dcade8f6c3bce14b2de805e8,2026-09-13T20:25:00Z,BetOnline.ag,2026-09-10T19:06:22Z,Washington Commanders,Philadelphia Eagles,spreads,Philadelphia Eagles,-5.0,-115,0.53488372,betonlineag|17885cb8dcade8f6c3bce14b2de805e8|spreads|event,0.51083424,https://api.the-odds-api.com/v4/sports/americanfootball_nfl
2026,1,17885cb8dcade8f6c3bce14b2de805e8,2026-09-13T20:25:00Z,BetOnline.ag,2026-09-10T19:06:22Z,Washington Commanders,Philadelphia Eagles,spreads,Washington Commanders,5.0,-105,0.51219512,betonlineag|17885cb8dcade8f6c3bce14b2de805e8|spreads|event,0.48916576,https://api.the-odds-api.com/v4/sports/americanfootball_nfl
2026,1,17885cb8dcade8f6c3bce14b2de805e8,2026-09-13T20:25:00Z,BetOnline.ag,2026-09-10T19:06:22Z,Washington Commanders,Philadelphia Eagles,totals,Over,44.5,-105,0.51219512,betonlineag|17885cb8dcade8f6c3bce14b2de805e8|totals|44.5,0.48916576,https://api.the-odds-api.com/v4/sports/americanfootball_nfl
2026,1,17885cb8dcade8f6c3bce14b2de805e8,2026-09-13T20:25:00Z,BetOnline.ag,2026-09-10T19:06:22Z,Washington Commanders,Philadelphia Eagles,totals,Under,44.5,-115,0.53488372,betonlineag|17885cb8dcade8f6c3bce14b2de805e8|totals|44.5,0.51083424,https://api.the-odds-api.com/v4/sports/americanfootball_nfl
2026,1,17885cb8dcade8f6c3bce14b2de805e8,2026-09-13T20:25:00Z,LowVig.ag,2026-09-10T19:06:24Z,Washington Commanders,Philadelphia Eagles,h2h,Philadelphia Eagles,,-240,0.70588235,lowvig|17885cb8dcade8f6c3bce14b2de805e8|h2h|event,0.67924528,https://api.the-odds-api.com/v4/sports/americanfootball_nfl
2026,1,17885cb8dcade8f6c3bce14b2de805e8,2026-09-13T20:25:00Z,LowVig.ag,2026-09-10T19:06:24Z,Washington Commanders,Philadelphia Eagles,h2h,Washington Commanders,,200,0.33333333,lowvig|17885cb8dcade8f6c3bce14b2de805e8|h2h|event,0.32075472,https://api.the-odds-api.com/v4/sports/americanfootball_nfl
2026,1,17885cb8dcade8f6c3bce14b2de805e8,2026-09-13T20:25:00Z,LowVig.ag,2026-09-10T19:06:24Z,Washington Commanders,Philadelphia Eagles,spreads,Philadelphia Eagles,-5.0,-110,0.52380952,lowvig|17885cb8dcade8f6c3bce14b2de805e8|spreads|event,0.51162791,https://api.the-odds-api.com/v4/sports/americanfootball_nfl
2026,1,17885cb8dcade8f6c3bce14b2de805e8,2026-09-13T20:25:00Z,LowVig.ag,2026-09-10T19:06:24Z,Washington Commanders,Philadelphia Eagles,spreads,Washington Commanders,5.0,100,0.5,lowvig|17885cb8dcade8f6c3bce14b2de805e8|spreads|event,0.48837209,https://api.the-odds-api.com/v4/sports/americanfootball_nfl
2026,1,17885cb8dcade8f6c3bce14b2de805e8,2026-09-13T20:25:00Z,LowVig.ag,2026-09-10T19:06:24Z,Washington Commanders,Philadelphia Eagles,totals,Over,44.5,-102,0.5049505,lowvig|17885cb8dcade8f6c3bce14b2de805e8|totals|44.5,0.48765488,https://api.the-odds-api.com/v4/sports/americanfootball_nfl
2026,1,17885cb8dcade8f6c3bce14b2de805e8,2026-09-13T20:25:00Z,LowVig.ag,2026-09-10T19:06:24Z,Washington Commanders,Philadelphia Eagles,totals,Under,44.5,-113,0.53051643,lowvig|17885cb8dcade8f6c3bce14b2de805e8|totals|44.5,0.51234512,https://api.the-odds-api.com/v4/sports/americanfootball_nfl
2026,1,17885cb8dcade8f6c3bce14b2de805e8,2026-09-13T20:25:00Z,BetMGM,2026-09-10T19:06:54Z,Washington Commanders,Philadelphia Eagles,h2h,Philadelphia Eagles,,-235,0.70149254,betmgm|17885cb8dcade8f6c3bce14b2de805e8|h2h|event,0.67420375,https://api.the-odds-api.com/v4/sports/americanfootball_nfl
2026,1,17885cb8dcade8f6c3bce14b2de805e8,2026-09-13T20:25:00Z,BetMGM,2026-09-10T19:06:54Z,Washington Commanders,Philadelphia Eagles,h2h,Washington Commanders,,195,0.33898305,betmgm|17885cb8dcade8f6c3bce14b2de805e8|h2h|event,0.32579625,https://api.the-odds-api.com/v4/sports/americanfootball_nfl
2026,1,17885cb8dcade8f6c3bce14b2de805e8,2026-09-13T20:25:00Z,BetMGM,2026-09-10T19:06:54Z,Washington Commanders,Philadelphia Eagles,spreads,Philadelphia Eagles,-5.5,-110,0.52380952,betmgm|17885cb8dcade8f6c3bce14b2de805e8|spreads|event,0.50219491,https://api.the-odds-api.com/v4/sports/americanfootball_nfl
2026,1,17885cb8dcade8f6c3bce14b2de805e8,2026-09-13T20:25:00Z,BetMGM,2026-09-10T19:06:54Z,Washington Commanders,Philadelphia Eagles,spreads,Washington Commanders,5.5,-108,0.51923077,betmgm|17885cb8dcade8f6c3bce14b2de805e8|spreads|event,0.49780509,https://api.the-odds-api.com/v4/sports/americanfootball_nfl
2026,1,17885cb8dcade8f6c3bce14b2de805e8,2026-09-13T20:25:00Z,BetMGM,2026-09-10T19:06:54Z,Washington Commanders,Philadelphia Eagles,totals,Over,44.5,-108,0.51923077,betmgm|17885cb8dcade8f6c3bce14b2de805e8|totals|44.5,0.49780509,https://api.the-odds-api.com/v4/sports/americanfootball_nfl
2026,1,17885cb8dcade8f6c3bce14b2de805e8,2026-09-13T20:25:00Z,BetMGM,2026-09-10T19:06:54Z,Washington Commanders,Philadelphia Eagles,totals,Under,44.5,-110,0.52380952,betmgm|17885cb8dcade8f6c3bce14b2de805e8|totals|44.5,0.50219491,https://api.the-odds-api.com/v4/sports/americanfootball_nfl
2026,1,17885cb8dcade8f6c3bce14b2de805e8,2026-09-13T20:25:00Z,Bovada,2026-09-10T19:06:00Z,Washington Commanders,Philadelphia Eagles,h2h,Philadelphia Eagles,,-245,0.71014493,bovada|17885cb8dcade8f6c3bce14b2de805e8|h2h|event,0.68413825,https://api.the-odds-api.com/v4/sports/americanfootball_nfl
2026,1,17885cb8dcade8f6c3bce14b2de805e8,2026-09-13T20:25:00Z,Bovada,2026-09-10T19:06:00Z,Washington Commanders,Philadelphia Eagles,h2h,Washington Commanders,,205,0.32786885,bovada|17885cb8dcade8f6c3bce14b2de805e8|h2h|event,0.31586175,https://api.the-odds-api.com/v4/sports/americanfootball_nfl
2026,1,17885cb8dcade8f6c3bce14b2de805e8,2026-09-13T20:25:00Z,Bovada,2026-09-10T19:06:00Z,Washington Commanders,Philadelphia Eagles,spreads,Philadelphia Eagles,-5.5,-110,0.52380952,bovada|17885cb8dcade8f6c3bce14b2de805e8|spreads|event,0.5,https://api.the-odds-api.com/v4/sports/americanfootball_nfl
2026,1,17885cb8dcade8f6c3bce14b2de805e8,2026-09-13T20:25:00Z,Bovada,2026-09-10T19:06:00Z,Washington Commanders,Philadelphia Eagles,spreads,Washington Commanders,5.5,-110,0.52380952,bovada|17885cb8dcade8f6c3bce14b2de805e8|spreads|event,0.5,https://api.the-odds-api.com/v4/sports/americanfootball_nfl
2026,1,17885cb8dcade8f6c3bce14b2de805e8,2026-09-13T20:25:00Z,Bovada,2026-09-10T19:06:00Z,Washington Commanders,Philadelphia Eagles,totals,Over,44.0,-110,0.52380952,bovada|17885cb8dcade8f6c3bce14b2de805e8|totals|44.0,0.5,https://api.the-odds-api.com/v4/sports/americanfootball_nfl
2026,1,17885cb8dcade8f6c3bce14b2de805e8,2026-09-13T20:25:00Z,Bovada,2026-09-10T19:06:00Z,Washington Commanders,Philadelphia Eagles,totals,Under,44.0,-110,0.52380952,bovada|17885cb8dcade8f6c3bce14b2de805e8|totals|44.0,0.5,https://api.the-odds-api.com/v4/sports/americanfootball_nfl
2026,1,17885cb8dcade8f6c3bce14b2de805e8,2026-09-13T20:25:00Z,MyBookie.ag,2026-09-10T19:05:34Z,Washington Commanders,Philadelphia Eagles,h2h,Philadelphia Eagles,,-250,0.71428571,mybookieag|17885cb8dcade8f6c3bce14b2de805e8|h2h|event,0.67365967,https://api.the-odds-api.com/v4/sports/americanfootball_nfl
2026,1,17885cb8dcade8f6c3bce14b2de805e8,2026-09-13T20:25:00Z,MyBookie.ag,2026-09-10T19:05:34Z,Washington Commanders,Philadelphia Eagles,h2h,Washington Commanders,,189,0.34602076,mybookieag|17885cb8dcade8f6c3bce14b2de805e8|h2h|event,0.32634033,https://api.the-odds-api.com/v4/sports/americanfootball_nfl
2026,1,17885cb8dcade8f6c3bce14b2de805e8,2026-09-13T20:25:00Z,MyBookie.ag,2026-09-10T19:05:34Z,Washington Commanders,Philadelphia Eagles,spreads,Philadelphia Eagles,-5.5,-110,0.52380952,mybookieag|17885cb8dcade8f6c3bce14b2de805e8|spreads|event,0.5,https://api.the-odds-api.com/v4/sports/americanfootball_nfl
2026,1,17885cb8dcade8f6c3bce14b2de805e8,2026-09-13T20:25:00Z,MyBookie.ag,2026-09-10T19:05:34Z,Washington Commanders,Philadelphia Eagles,spreads,Washington Commanders,5.5,-110,0.52380952,mybookieag|17885cb8dcade8f6c3bce14b2de805e8|spreads|event,0.5,https://api.the-odds-api.com/v4/sports/americanfootball_nfl
2026,1,17885cb8dcade8f6c3bce14b2de805e8,2026-09-13T20:25:00Z,MyBookie.ag,2026-09-10T19:05:34Z,Washington Commanders,Philadelphia Eagles,totals,Over,44.5,-110,0.52380952,mybookieag|17885cb8dcade8f6c3bce14b2de805e8|totals|44.5,0.5,https://api.the-odds-api.com/v4/sports/americanfootball_nfl
2026,1,17885cb8dcade8f6c3bce14b2de805e8,2026-09-13T20:25:00Z,MyBookie.ag,2026-09-10T19:05:34Z,Washington Commanders,Philadelphia Eagles,totals,Under,44.5,-110,0.52380952,mybookieag|17885cb8dcade8f6c3bce14b2de805e8|totals|44.5,0.5,https://api.the-odds-api.com/v4/sports/americanfootball_nfl
2026,1,3e646c7479c57f5d9752d8c7dfe7059b,2026-09-14T00:20:00Z,DraftKings,2026-09-10T19:06:23Z,Dallas Cowboys,New York Giants,h2h,Dallas Cowboys,,-162,0.61832061,draftkings|3e646c7479c57f5d9752d8c7dfe7059b|h2h|event,0.59336976,https://api.the-odds-api.com/v4/sports/americanfootball_nfl
2026,1,3e646c7479c57f5d9752d8c7dfe7059b,2026-09-14T00:20:00Z,DraftKings,2026-09-10T19:06:23Z,Dallas Cowboys,New York Giants,h2h,New York Giants,,136,0.42372881,draftkings|3e646c7479c57f5d9752d8c7dfe7059b|h2h|event,0.40663024,https://api.the-odds-api.com/v4/sports/americanfootball_nfl
2026,1,3e646c7479c57f5d9752d8c7dfe7059b,2026-09-14T00:20:00Z,DraftKings,2026-09-10T19:06:23Z,Dallas Cowboys,New York Giants,spreads,Dallas Cowboys,-3.0,-105,0.51219512,draftkings|3e646c7479c57f5d9752d8c7dfe7059b|spreads|event,0.48916576,https://api.the-odds-api.com/v4/sports/americanfootball_nfl
2026,1,3e646c7479c57f5d9752d8c7dfe7059b,2026-09-14T00:20:00Z,DraftKings,2026-09-10T19:06:23Z,Dallas Cowboys,New York Giants,spreads,New York Giants,3.0,-115,0.53488372,draftkings|3e646c7479c57f5d9752d8c7dfe7059b|spreads|event,0.51083424,https://api.the-odds-api.com/v4/sports/americanfootball_nfl
2026,1,3e646c7479c57f5d9752d8c7dfe7059b,2026-09-14T00:20:00Z,DraftKings,2026-09-10T19:06:23Z,Dallas Cowboys,New York Giants,totals,Over,48.5,-105,0.51219512,draftkings|3e646c7479c57f5d9752d8c7dfe7059b|totals|48.5,0.48916576,https://api.the-odds-api.com/v4/sports/americanfootball_nfl
2026,1,3e646c7479c57f5d9752d8c7dfe7059b,2026-09-14T00:20:00Z,DraftKings,2026-09-10T19:06:23Z,Dallas Cowboys,New York Giants,totals,Under,48.5,-115,0.53488372,draftkings|3e646c7479c57f5d9752d8c7dfe7059b|totals|48.5,0.51083424,https://api.the-odds-api.com/v4/sports/americanfootball_nfl
2026,1,3e646c7479c57f5d9752d8c7dfe7059b,2026-09-14T00:20:00Z,FanDuel,2026-09-10T19:07:17Z,Dallas Cowboys,New York Giants,h2h,Dallas Cowboys,,-154,0.60629921,fanduel|3e646c7479c57f5d9752d8c7dfe7059b|h2h|event,0.58237422,https://api.the-odds-api.com/v4/sports/americanfootball_nfl
2026,1,3e646c7479c57f5d9752d8c7dfe7059b,2026-09-14T00:20:00Z,FanDuel,2026-09-10T19:07:17Z,Dallas Cowboys,New York Giants,h2h,New York Giants,,130,0.43478261,fanduel|3e646c7479c57f5d9752d8c7dfe7059b|h2h|event,0.41762578,https://api.the-odds-api.com/v4/sports/americanfootball_nfl
2026,1,3e646c7479c57f5d9752d8c7dfe7059b,2026-09-14T00:20:00Z,FanDuel,2026-09-10T19:07:17Z,Dallas Cowboys,New York Giants,spreads,Dallas Cowboys,-2.5,-115,0.53488372,fanduel|3e646c7479c57f5d9752d8c7dfe7059b|spreads|event,0.51083424,https://api.the-odds-api.com/v4/sports/americanfootball_nfl
2026,1,3e646c7479c57f5d9752d8c7dfe7059b,2026-09-14T00:20:00Z,FanDuel,2026-09-10T19:07:17Z,Dallas Cowboys,New York Giants,spreads,New York Giants,2.5,-105,0.51219512,fanduel|3e646c7479c57f5d9752d8c7dfe7059b|spreads|event,0.48916576,https://api.the-odds-api.com/v4/sports/americanfootball_nfl
2026,1,3e646c7479c57f5d9752d8c7dfe7059b,2026-09-14T00:20:00Z,FanDuel,2026-09-10T19:07:17Z,Dallas Cowboys,New York Giants,totals,Over,48.5,-105,0.51219512,fanduel|3e646c7479c57f5d9752d8c7dfe7059b|totals|48.5,0.48916576,https://api.the-odds-api.com/v4/sports/americanfootball_nfl
2026,1,3e646c7479c57f5d9752d8c7dfe7059b,2026-09-14T00:20:00Z,FanDuel,2026-09-10T19:07:17Z,Dallas Cowboys,New York Giants,totals,Under,48.5,-115,0.53488372,fanduel|3e646c7479c57f5d9752d8c7dfe7059b|totals|48.5,0.51083424,https://api.the-odds-api.com/v4/sports/americanfootball_nfl
2026,1,3e646c7479c57f5d9752d8c7dfe7059b,2026-09-14T00:20:00Z,BetOnline.ag,2026-09-10T19:06:22Z,Dallas Cowboys,New York Giants,h2h,Dallas Cowboys,,-158,0.6124031,betonlineag|3e646c7479c57f5d9752d8c7dfe7059b|h2h|event,0.59308561,https://api.the-odds-api.com/v4/sports/americanfootball_nfl
2026,1,3e646c7479c57f5d9752d8c7dfe7059b,2026-09-14T00:20:00Z,BetOnline.ag,2026-09-10T19:06:22Z,Dallas Cowboys,New York Giants,h2h,New York Giants,,138,0.42016807,betonlineag|3e646c7479c57f5d9752d8c7dfe7059b|h2h|event,0.40691439,https://api.the-odds-api.com/v4/sports/americanfootball_nfl
2026,1,3e646c7479c57f5d9752d8c7dfe7059b,2026-09-14T00:20:00Z,BetOnline.ag,2026-09-10T19:06:22Z,Dallas Cowboys,New York Giants,spreads,Dallas Cowboys,-3.0,-107,0.51690821,betonlineag|3e646c7479c57f5d9752d8c7dfe7059b|spreads|event,0.49350396,https://api.the-odds-api.com/v4/sports/americanfootball_nfl
2026,1,3e646c7479c57f5d9752d8c7dfe7059b,2026-09-14T00:20:00Z,BetOnline.ag,2026-09-10T19:06:22Z,Dallas Cowboys,New York Giants,spreads,New York Giants,3.0,-113,0.53051643,betonlineag|3e646c7479c57f5d9752d8c7dfe7059b|spreads|event,0.50649604,https://api.the-odds-api.com/v4/sports/americanfootball_nfl
2026,1,3e646c7479c57f5d9752d8c7dfe7059b,2026-09-14T00:20:00Z,BetOnline.ag,2026-09-10T19:06:22Z,Dallas Cowboys,New York Giants,totals,Over,48.0,-110,0.52380952,betonlineag|3e646c7479c57f5d9752d8c7dfe7059b|totals|48.0,0.5,https://api.the-odds-api.com/v4/sports/americanfootball_nfl
2026,1,3e646c7479c57f5d9752d8c7dfe7059b,2026-09-14T00:20:00Z,BetOnline.ag,2026-09-10T19:06:22Z,Dallas Cowboys,New York Giants,totals,Under,48.0,-110,0.52380952,betonlineag|3e646c7479c57f5d9752d8c7dfe7059b|totals|48.0,0.5,https://api.the-odds-api.com/v4/sports/americanfootball_nfl
2026,1,3e646c7479c57f5d9752d8c7dfe7059b,2026-09-14T00:20:00Z,BetMGM,2026-09-10T19:06:54Z,Dallas Cowboys,New York Giants,h2h,Dallas Cowboys,,-160,0.61538462,betmgm|3e646c7479c57f5d9752d8c7dfe7059b|h2h|event,0.59425718,https://api.the-odds-api.com/v4/sports/americanfootball_nfl
2026,1,3e646c7479c57f5d9752d8c7dfe7059b,2026-09-14T00:20:00Z,BetMGM,2026-09-10T19:06:54Z,Dallas Cowboys,New York Giants,h2h,New York Giants,,138,0.42016807,betmgm|3e646c7479c57f5d9752d8c7dfe7059b|h2h|event,0.40574282,https://api.the-odds-api.com/v4/sports/americanfootball_nfl
2026,1,3e646c7479c57f5d9752d8c7dfe7059b,2026-09-14T00:20:00Z,BetMGM,2026-09-10T19:06:54Z,Dallas Cowboys,New York Giants,spreads,Dallas Cowboys,-3.0,-102,0.5049505,betmgm|3e646c7479c57f5d9752d8c7dfe7059b|spreads|event,0.48263588,https://api.the-odds-api.com/v4/sports/americanfootball_nfl
2026,1,3e646c7479c57f5d9752d8c7dfe7059b,2026-09-14T00:20:00Z,BetMGM,2026-09-10T19:06:54Z,Dallas Cowboys,New York Giants,spreads,New York Giants,3.0,-118,0.5412844,betmgm|3e646c7479c57f5d9752d8c7dfe7059b|spreads|event,0.51736412,https://api.the-odds-api.com/v4/sports/americanfootball_nfl
2026,1,3e646c7479c57f5d9752d8c7dfe7059b,2026-09-14T00:20:00Z,BetMGM,2026-09-10T19:06:54Z,Dallas Cowboys,New York Giants,totals,Over,48.0,-110,0.52380952,betmgm|3e646c7479c57f5d9752d8c7dfe7059b|totals|48.0,0.50219491,https://api.the-odds-api.com/v4/sports/americanfootball_nfl
2026,1,3e646c7479c57f5d9752d8c7dfe7059b,2026-09-14T00:20:00Z,BetMGM,2026-09-10T19:06:54Z,Dallas Cowboys,New York Giants,totals,Under,48.0,-108,0.51923077,betmgm|3e646c7479c57f5d9752d8c7dfe7059b|totals|48.0,0.49780509,https://api.the-odds-api.com/v4/sports/americanfootball_nfl
2026,1,3e646c7479c57f5d9752d8c7dfe7059b,2026-09-14T00:20:00Z,LowVig.ag,2026-09-10T19:06:24Z,Dallas Cowboys,New York Giants,h2h,Dallas Cowboys,,-158,0.6124031,lowvig|3e646c7479c57f5d9752d8c7dfe7059b|h2h|event,0.59308561,https://api.the-odds-api.com/v4/sports/americanfootball_nfl
2026,1,3e646c7479c57f5d9752d8c7dfe7059b,2026-09-14T00:20:00Z,LowVig.ag,2026-09-10T19:06:24Z,Dallas Cowboys,New York Giants,h2h,New York Giants,,138,0.42016807,lowvig|3e646c7479c57f5d9752d8c7dfe7059b|h2h|event,0.40691439,https://api.the-odds-api.com/v4/sports/americanfootball_nfl
2026,1,3e646c7479c57f5d9752d8c7dfe7059b,2026-09-14T00:20:00Z,LowVig.ag,2026-09-10T19:06:24Z,Dallas Cowboys,New York Giants,spreads,Dallas Cowboys,-3.0,-102,0.5049505,lowvig|3e646c7479c57f5d9752d8c7dfe7059b|spreads|event,0.49302845,https://api.the-odds-api.com/v4/sports/americanfootball_nfl
2026,1,3e646c7479c57f5d9752d8c7dfe7059b,2026-09-14T00:20:00Z,LowVig.ag,2026-09-10T19:06:24Z,Dallas Cowboys,New York Giants,spreads,New York Giants,3.0,-108,0.51923077,lowvig|3e646c7479c57f5d9752d8c7dfe7059b|spreads|event,0.50697155,https://api.the-odds-api.com/v4/sports/americanfootball_nfl
2026,1,3e646c7479c57f5d9752d8c7dfe7059b,2026-09-14T00:20:00Z,LowVig.ag,2026-09-10T19:06:24Z,Dallas Cowboys,New York Giants,totals,Over,48.0,-107,0.51690821,lowvig|3e646c7479c57f5d9752d8c7dfe7059b|totals|48.0,0.5,https://api.the-odds-api.com/v4/sports/americanfootball_nfl
2026,1,3e646c7479c57f5d9752d8c7dfe7059b,2026-09-14T00:20:00Z,LowVig.ag,2026-09-10T19:06:24Z,Dallas Cowboys,New York Giants,totals,Under,48.0,-107,0.51690821,lowvig|3e646c7479c57f5d9752d8c7dfe7059b|totals|48.0,0.5,https://api.the-odds-api.com/v4/sports/americanfootball_nfl
2026,1,3e646c7479c57f5d9752d8c7dfe7059b,2026-09-14T00:20:00Z,BetRivers,2026-09-10T19:06:57Z,Dallas Cowboys,New York Giants,h2h,Dallas Cowboys,,-157,0.61089494,betrivers|3e646c7479c57f5d9752d8c7dfe7059b|h2h|event,0.58631125,https://api.the-odds-api.com/v4/sports/americanfootball_nfl
2026,1,3e646c7479c57f5d9752d8c7dfe7059b,2026-09-14T00:20:00Z,BetRivers,2026-09-10T19:06:57Z,Dallas Cowboys,New York Giants,h2h,New York Giants,,132,0.43103448,betrivers|3e646c7479c57f5d9752d8c7dfe7059b|h2h|event,0.41368875,https://api.the-odds-api.com/v4/sports/americanfootball_nfl
2026,1,3e646c7479c57f5d9752d8c7dfe7059b,2026-09-14T00:20:00Z,BetRivers,2026-09-10T19:06:57Z,Dallas Cowboys,New York Giants,spreads,Dallas Cowboys,-3.0,-106,0.51456311,betrivers|3e646c7479c57f5d9752d8c7dfe7059b|spreads|event,0.49031842,https://api.the-odds-api.com/v4/sports/americanfootball_nfl
2026,1,3e646c7479c57f5d9752d8c7dfe7059b,2026-09-14T00:20:00Z,BetRivers,2026-09-10T19:06:57Z,Dallas Cowboys,New York Giants,spreads,New York Giants,3.0,-115,0.53488372,betrivers|3e646c7479c57f5d9752d8c7dfe7059b|spreads|event,0.50968158,https://api.the-odds-api.com/v4/sports/americanfootball_nfl
2026,1,3e646c7479c57f5d9752d8c7dfe7059b,2026-09-14T00:20:00Z,BetRivers,2026-09-10T19:06:57Z,Dallas Cowboys,New York Giants,totals,Over,48.0,-108,0.51923077,betrivers|3e646c7479c57f5d9752d8c7dfe7059b|totals|48.0,0.49462458,https://api.the-odds-api.com/v4/sports/americanfootball_nfl
2026,1,3e646c7479c57f5d9752d8c7dfe7059b,2026-09-14T00:20:00Z,BetRivers,2026-09-10T19:06:57Z,Dallas Cowboys,New York Giants,totals,Under,48.0,-113,0.53051643,betrivers|3e646c7479c57f5d9752d8c7dfe7059b|totals|48.0,0.50537542,https://api.the-odds-api.com/v4/sports/americanfootball_nfl
2026,1,3e646c7479c57f5d9752d8c7dfe7059b,2026-09-14T00:20:00Z,Bovada,2026-09-10T19:06:00Z,Dallas Cowboys,New York Giants,h2h,Dallas Cowboys,,-165,0.62264151,bovada|3e646c7479c57f5d9752d8c7dfe7059b|h2h|event,0.59909228,https://api.the-odds-api.com/v4/sports/americanfootball_nfl
2026,1,3e646c7479c57f5d9752d8c7dfe7059b,2026-09-14T00:20:00Z,Bovada,2026-09-10T19:06:00Z,Dallas Cowboys,New York Giants,h2h,New York Giants,,140,0.41666667,bovada|3e646c7479c57f5d9752d8c7dfe7059b|h2h|event,0.40090772,https://api.the-odds-api.com/v4/sports/americanfootball_nfl
2026,1,3e646c7479c57f5d9752d8c7dfe7059b,2026-09-14T00:20:00Z,Bovada,2026-09-10T19:06:00Z,Dallas Cowboys,New York Giants,spreads,Dallas Cowboys,-3.0,-105,0.51219512,bovada|3e646c7479c57f5d9752d8c7dfe7059b|spreads|event,0.48916576,https://api.the-odds-api.com/v4/sports/americanfootball_nfl
2026,1,3e646c7479c57f5d9752d8c7dfe7059b,2026-09-14T00:20:00Z,Bovada,2026-09-10T19:06:00Z,Dallas Cowboys,New York Giants,spreads,New York Giants,3.0,-115,0.53488372,bovada|3e646c7479c57f5d9752d8c7dfe7059b|spreads|event,0.51083424,https://api.the-odds-api.com/v4/sports/americanfootball_nfl
2026,1,3e646c7479c57f5d9752d8c7dfe7059b,2026-09-14T00:20:00Z,Bovada,2026-09-10T19:06:00Z,Dallas Cowboys,New York Giants,totals,Over,48.0,-110,0.52380952,bovada|3e646c7479c57f5d9752d8c7dfe7059b|totals|48.0,0.5,https://api.the-odds-api.com/v4/sports/americanfootball_nfl
2026,1,3e646c7479c57f5d9752d8c7dfe7059b,2026-09-14T00:20:00Z,Bovada,2026-09-10T19:06:00Z,Dallas Cowboys,New York Giants,totals,Under,48.0,-110,0.52380952,bovada|3e646c7479c57f5d9752d8c7dfe7059b|totals|48.0,0.5,https://api.the-odds-api.com/v4/sports/americanfootball_nfl
2026,1,3e646c7479c57f5d9752d8c7dfe7059b,2026-09-14T00:20:00Z,BetUS,2026-09-10T19:06:57Z,Dallas Cowboys,New York Giants,h2h,Dallas Cowboys,,-160,0.61538462,betus|3e646c7479c57f5d9752d8c7dfe7059b|h2h|event,0.59425718,https://api.the-odds-api.com/v4/sports/americanfootball_nfl
2026,1,3e646c7479c57f5d9752d8c7dfe7059b,2026-09-14T00:20:00Z,BetUS,2026-09-10T19:06:57Z,Dallas Cowboys,New York Giants,h2h,New York Giants,,138,0.42016807,betus|3e646c7479c57f5d9752d8c7dfe7059b|h2h|event,0.40574282,https://api.the-odds-api.com/v4/sports/americanfootball_nfl
2026,1,3e646c7479c57f5d9752d8c7dfe7059b,2026-09-14T00:20:00Z,BetUS,2026-09-10T19:06:57Z,Dallas Cowboys,New York Giants,spreads,Dallas Cowboys,-3.0,-105,0.51219512,betus|3e646c7479c57f5d9752d8c7dfe7059b|spreads|event,0.48916576,https://api.the-odds-api.com/v4/sports/americanfootball_nfl
2026,1,3e646c7479c57f5d9752d8c7dfe7059b,2026-09-14T00:20:00Z,BetUS,2026-09-10T19:06:57Z,Dallas Cowboys,New York Giants,spreads,New York Giants,3.0,-115,0.53488372,betus|3e646c7479c57f5d9752d8c7dfe7059b|spreads|event,0.51083424,https://api.the-odds-api.com/v4/sports/americanfootball_nfl
2026,1,3e646c7479c57f5d9752d8c7dfe7059b,2026-09-14T00:20:00Z,BetUS,2026-09-10T19:06:57Z,Dallas Cowboys,New York Giants,totals,Over,48.0,-110,0.52380952,betus|3e646c7479c57f5d9752d8c7dfe7059b|totals|48.0,0.5,https://api.the-odds-api.com/v4/sports/americanfootball_nfl
2026,1,3e646c7479c57f5d9752d8c7dfe7059b,2026-09-14T00:20:00Z,BetUS,2026-09-10T19:06:57Z,Dallas Cowboys,New York Giants,totals,Under,48.0,-110,0.52380952,betus|3e646c7479c57f5d9752d8c7dfe7059b|totals|48.0,0.5,https://api.the-odds-api.com/v4/sports/americanfootball_nfl
2026,1,3e646c7479c57f5d9752d8c7dfe7059b,2026-09-14T00:20:00Z,MyBookie.ag,2026-09-10T19:05:34Z,Dallas Cowboys,New York Giants,h2h,Dallas Cowboys,,-164,0.62121212,mybookieag|3e646c7479c57f5d9752d8c7dfe7059b|h2h|event,0.586155,https://api.the-odds-api.com/v4/sports/americanfootball_nfl
2026,1,3e646c7479c57f5d9752d8c7dfe7059b,2026-09-14T00:20:00Z,MyBookie.ag,2026-09-10T19:05:34Z,Dallas Cowboys,New York Giants,h2h,New York Giants,,128,0.43859649,mybookieag|3e646c7479c57f5d9752d8c7dfe7059b|h2h|event,0.413845,https://api.the-odds-api.com/v4/sports/americanfootball_nfl
2026,1,3e646c7479c57f5d9752d8c7dfe7059b,2026-09-14T00:20:00Z,MyBookie.ag,2026-09-10T19:05:34Z,Dallas Cowboys,New York Giants,spreads,Dallas Cowboys,-3.0,100,0.5,mybookieag|3e646c7479c57f5d9752d8c7dfe7059b|spreads|event,0.47826087,https://api.the-odds-api.com/v4/sports/americanfootball_nfl
2026,1,3e646c7479c57f5d9752d8c7dfe7059b,2026-09-14T00:20:00Z,MyBookie.ag,2026-09-10T19:05:34Z,Dallas Cowboys,New York Giants,spreads,New York Giants,3.0,-120,0.54545455,mybookieag|3e646c7479c57f5d9752d8c7dfe7059b|spreads|event,0.52173913,https://api.the-odds-api.com/v4/sports/americanfootball_nfl
2026,1,3e646c7479c57f5d9752d8c7dfe7059b,2026-09-14T00:20:00Z,MyBookie.ag,2026-09-10T19:05:34Z,Dallas Cowboys,New York Giants,totals,Over,48.5,-110,0.52380952,mybookieag|3e646c7479c57f5d9752d8c7dfe7059b|totals|48.5,0.5,https://api.the-odds-api.com/v4/sports/americanfootball_nfl
2026,1,3e646c7479c57f5d9752d8c7dfe7059b,2026-09-14T00:20:00Z,MyBookie.ag,2026-09-10T19:05:34Z,Dallas Cowboys,New York Giants,totals,Under,48.5,-110,0.52380952,mybookieag|3e646c7479c57f5d9752d8c7dfe7059b|totals|48.5,0.5,https://api.the-odds-api.com/v4/sports/americanfootball_nfl
2026,1,5ad8135dc2b5f27de0b777acd317855a,2026-09-15T00:15:00Z,DraftKings,2026-09-10T19:06:23Z,Denver Broncos,Kansas City Chiefs,h2h,Denver Broncos,,124,0.44642857,draftkings|5ad8135dc2b5f27de0b777acd317855a|h2h|event,0.42794037,https://api.the-odds-api.com/v4/sports/americanfootball_nfl
2026,1,5ad8135dc2b5f27de0b777acd317855a,2026-09-15T00:15:00Z,DraftKings,2026-09-10T19:06:23Z,Denver Broncos,Kansas City Chiefs,h2h,Kansas City Chiefs,,-148,0.59677419,draftkings|5ad8135dc2b5f27de0b777acd317855a|h2h|event,0.57205963,https://api.the-odds-api.com/v4/sports/americanfootball_nfl
2026,1,5ad8135dc2b5f27de0b777acd317855a,2026-09-15T00:15:00Z,DraftKings,2026-09-10T19:06:23Z,Denver Broncos,Kansas City Chiefs,spreads,Denver Broncos,2.5,-102,0.5049505,draftkings|5ad8135dc2b5f27de0b777acd317855a|spreads|event,0.48263588,https://api.the-odds-api.com/v4/sports/americanfootball_nfl
2026,1,5ad8135dc2b5f27de0b777acd317855a,2026-09-15T00:15:00Z,DraftKings,2026-09-10T19:06:23Z,Denver Broncos,Kansas City Chiefs,spreads,Kansas City Chiefs,-2.5,-118,0.5412844,draftkings|5ad8135dc2b5f27de0b777acd317855a|spreads|event,0.51736412,https://api.the-odds-api.com/v4/sports/americanfootball_nfl
2026,1,5ad8135dc2b5f27de0b777acd317855a,2026-09-15T00:15:00Z,DraftKings,2026-09-10T19:06:23Z,Denver Broncos,Kansas City Chiefs,totals,Over,43.5,-115,0.53488372,draftkings|5ad8135dc2b5f27de0b777acd317855a|totals|43.5,0.51083424,https://api.the-odds-api.com/v4/sports/americanfootball_nfl
2026,1,5ad8135dc2b5f27de0b777acd317855a,2026-09-15T00:15:00Z,DraftKings,2026-09-10T19:06:23Z,Denver Broncos,Kansas City Chiefs,totals,Under,43.5,-105,0.51219512,draftkings|5ad8135dc2b5f27de0b777acd317855a|totals|43.5,0.48916576,https://api.the-odds-api.com/v4/sports/americanfootball_nfl
2026,1,5ad8135dc2b5f27de0b777acd317855a,2026-09-15T00:15:00Z,FanDuel,2026-09-10T19:07:17Z,Denver Broncos,Kansas City Chiefs,h2h,Denver Broncos,,120,0.45454545,fanduel|5ad8135dc2b5f27de0b777acd317855a|h2h|event,0.43650793,https://api.the-odds-api.com/v4/sports/americanfootball_nfl
2026,1,5ad8135dc2b5f27de0b777acd317855a,2026-09-15T00:15:00Z,FanDuel,2026-09-10T19:07:17Z,Denver Broncos,Kansas City Chiefs,h2h,Kansas City Chiefs,,-142,0.58677686,fanduel|5ad8135dc2b5f27de0b777acd317855a|h2h|event,0.56349207,https://api.the-odds-api.com/v4/sports/americanfootball_nfl
2026,1,5ad8135dc2b5f27de0b777acd317855a,2026-09-15T00:15:00Z,FanDuel,2026-09-10T19:07:17Z,Denver Broncos,Kansas City Chiefs,spreads,Denver Broncos,2.5,-105,0.51219512,fanduel|5ad8135dc2b5f27de0b777acd317855a|spreads|event,0.48916576,https://api.the-odds-api.com/v4/sports/americanfootball_nfl
2026,1,5ad8135dc2b5f27de0b777acd317855a,2026-09-15T00:15:00Z,FanDuel,2026-09-10T19:07:17Z,Denver Broncos,Kansas City Chiefs,spreads,Kansas City Chiefs,-2.5,-115,0.53488372,fanduel|5ad8135dc2b5f27de0b777acd317855a|spreads|event,0.51083424,https://api.the-odds-api.com/v4/sports/americanfootball_nfl
2026,1,5ad8135dc2b5f27de0b777acd317855a,2026-09-15T00:15:00Z,FanDuel,2026-09-10T19:07:17Z,Denver Broncos,Kansas City Chiefs,totals,Over,43.5,-108,0.51923077,fanduel|5ad8135dc2b5f27de0b777acd317855a|totals|43.5,0.49567024,https://api.the-odds-api.com/v4/sports/americanfootball_nfl
2026,1,5ad8135dc2b5f27de0b777acd317855a,2026-09-15T00:15:00Z,FanDuel,2026-09-10T19:07:17Z,Denver Broncos,Kansas City Chiefs,totals,Under,43.5,-112,0.52830189,fanduel|5ad8135dc2b5f27de0b777acd317855a|totals|43.5,0.50432976,https://api.the-odds-api.com/v4/sports/americanfootball_nfl
2026,1,5ad8135dc2b5f27de0b777acd317855a,2026-09-15T00:15:00Z,LowVig.ag,2026-09-10T19:06:24Z,Denver Broncos,Kansas City Chiefs,h2h,Denver Broncos,,125,0.44444444,lowvig|5ad8135dc2b5f27de0b777acd317855a|h2h|event,0.42888403,https://api.the-odds-api.com/v4/sports/americanfootball_nfl
2026,1,5ad8135dc2b5f27de0b777acd317855a,2026-09-15T00:15:00Z,LowVig.ag,2026-09-10T19:06:24Z,Denver Broncos,Kansas City Chiefs,h2h,Kansas City Chiefs,,-145,0.59183673,lowvig|5ad8135dc2b5f27de0b777acd317855a|h2h|event,0.57111597,https://api.the-odds-api.com/v4/sports/americanfootball_nfl
2026,1,5ad8135dc2b5f27de0b777acd317855a,2026-09-15T00:15:00Z,LowVig.ag,2026-09-10T19:06:24Z,Denver Broncos,Kansas City Chiefs,spreads,Denver Broncos,2.5,101,0.49751244,lowvig|5ad8135dc2b5f27de0b777acd317855a|spreads|event,0.48499268,https://api.the-odds-api.com/v4/sports/americanfootball_nfl
2026,1,5ad8135dc2b5f27de0b777acd317855a,2026-09-15T00:15:00Z,LowVig.ag,2026-09-10T19:06:24Z,Denver Broncos,Kansas City Chiefs,spreads,Kansas City Chiefs,-2.5,-112,0.52830189,lowvig|5ad8135dc2b5f27de0b777acd317855a|spreads|event,0.51500732,https://api.the-odds-api.com/v4/sports/americanfootball_nfl
2026,1,5ad8135dc2b5f27de0b777acd317855a,2026-09-15T00:15:00Z,LowVig.ag,2026-09-10T19:06:24Z,Denver Broncos,Kansas City Chiefs,totals,Over,43.5,-113,0.53051643,lowvig|5ad8135dc2b5f27de0b777acd317855a|totals|43.5,0.51234512,https://api.the-odds-api.com/v4/sports/americanfootball_nfl
2026,1,5ad8135dc2b5f27de0b777acd317855a,2026-09-15T00:15:00Z,LowVig.ag,2026-09-10T19:06:24Z,Denver Broncos,Kansas City Chiefs,totals,Under,43.5,-102,0.5049505,lowvig|5ad8135dc2b5f27de0b777acd317855a|totals|43.5,0.48765488,https://api.the-odds-api.com/v4/sports/americanfootball_nfl
2026,1,5ad8135dc2b5f27de0b777acd317855a,2026-09-15T00:15:00Z,BetOnline.ag,2026-09-10T19:06:22Z,Denver Broncos,Kansas City Chiefs,h2h,Denver Broncos,,125,0.44444444,betonlineag|5ad8135dc2b5f27de0b777acd317855a|h2h|event,0.42888403,https://api.the-odds-api.com/v4/sports/americanfootball_nfl
2026,1,5ad8135dc2b5f27de0b777acd317855a,2026-09-15T00:15:00Z,BetOnline.ag,2026-09-10T19:06:22Z,Denver Broncos,Kansas City Chiefs,h2h,Kansas City Chiefs,,-145,0.59183673,betonlineag|5ad8135dc2b5f27de0b777acd317855a|h2h|event,0.57111597,https://api.the-odds-api.com/v4/sports/americanfootball_nfl
2026,1,5ad8135dc2b5f27de0b777acd317855a,2026-09-15T00:15:00Z,BetOnline.ag,2026-09-10T19:06:22Z,Denver Broncos,Kansas City Chiefs,spreads,Denver Broncos,2.5,-104,0.50980392,betonlineag|5ad8135dc2b5f27de0b777acd317855a|spreads|event,0.48699271,https://api.the-odds-api.com/v4/sports/americanfootball_nfl
2026,1,5ad8135dc2b5f27de0b777acd317855a,2026-09-15T00:15:00Z,BetOnline.ag,2026-09-10T19:06:22Z,Denver Broncos,Kansas City Chiefs,spreads,Kansas City Chiefs,-2.5,-116,0.53703704,betonlineag|5ad8135dc2b5f27de0b777acd317855a|spreads|event,0.51300729,https://api.the-odds-api.com/v4/sports/americanfootball_nfl
2026,1,5ad8135dc2b5f27de0b777acd317855a,2026-09-15T00:15:00Z,BetOnline.ag,2026-09-10T19:06:22Z,Denver Broncos,Kansas City Chiefs,totals,Over,43.5,-115,0.53488372,betonlineag|5ad8135dc2b5f27de0b777acd317855a|totals|43.5,0.51083424,https://api.the-odds-api.com/v4/sports/americanfootball_nfl
2026,1,5ad8135dc2b5f27de0b777acd317855a,2026-09-15T00:15:00Z,BetOnline.ag,2026-09-10T19:06:22Z,Denver Broncos,Kansas City Chiefs,totals,Under,43.5,-105,0.51219512,betonlineag|5ad8135dc2b5f27de0b777acd317855a|totals|43.5,0.48916576,https://api.the-odds-api.com/v4/sports/americanfootball_nfl
2026,1,5ad8135dc2b5f27de0b777acd317855a,2026-09-15T00:15:00Z,BetMGM,2026-09-10T19:06:54Z,Denver Broncos,Kansas City Chiefs,h2h,Denver Broncos,,120,0.45454545,betmgm|5ad8135dc2b5f27de0b777acd317855a|h2h|event,0.43439716,https://api.the-odds-api.com/v4/sports/americanfootball_nfl
2026,1,5ad8135dc2b5f27de0b777acd317855a,2026-09-15T00:15:00Z,BetMGM,2026-09-10T19:06:54Z,Denver Broncos,Kansas City Chiefs,h2h,Kansas City Chiefs,,-145,0.59183673,betmgm|5ad8135dc2b5f27de0b777acd317855a|h2h|event,0.56560284,https://api.the-odds-api.com/v4/sports/americanfootball_nfl
2026,1,5ad8135dc2b5f27de0b777acd317855a,2026-09-15T00:15:00Z,BetMGM,2026-09-10T19:06:54Z,Denver Broncos,Kansas City Chiefs,spreads,Denver Broncos,2.5,-105,0.51219512,betmgm|5ad8135dc2b5f27de0b777acd317855a|spreads|event,0.48916576,https://api.the-odds-api.com/v4/sports/americanfootball_nfl
2026,1,5ad8135dc2b5f27de0b777acd317855a,2026-09-15T00:15:00Z,BetMGM,2026-09-10T19:06:54Z,Denver Broncos,Kansas City Chiefs,spreads,Kansas City Chiefs,-2.5,-115,0.53488372,betmgm|5ad8135dc2b5f27de0b777acd317855a|spreads|event,0.51083424,https://api.the-odds-api.com/v4/sports/americanfootball_nfl
2026,1,5ad8135dc2b5f27de0b777acd317855a,2026-09-15T00:15:00Z,BetMGM,2026-09-10T19:06:54Z,Denver Broncos,Kansas City Chiefs,totals,Over,43.5,-112,0.52830189,betmgm|5ad8135dc2b5f27de0b777acd317855a|totals|43.5,0.50773994,https://api.the-odds-api.com/v4/sports/americanfootball_nfl
2026,1,5ad8135dc2b5f27de0b777acd317855a,2026-09-15T00:15:00Z,BetMGM,2026-09-10T19:06:54Z,Denver Broncos,Kansas City Chiefs,totals,Under,43.5,-105,0.51219512,betmgm|5ad8135dc2b5f27de0b777acd317855a|totals|43.5,0.49226006,https://api.the-odds-api.com/v4/sports/americanfootball_nfl
2026,1,5ad8135dc2b5f27de0b777acd317855a,2026-09-15T00:15:00Z,Bovada,2026-09-10T19:06:00Z,Denver Broncos,Kansas City Chiefs,h2h,Denver Broncos,,125,0.44444444,bovada|5ad8135dc2b5f27de0b777acd317855a|h2h|event,0.42888403,https://api.the-odds-api.com/v4/sports/americanfootball_nfl
2026,1,5ad8135dc2b5f27de0b777acd317855a,2026-09-15T00:15:00Z,Bovada,2026-09-10T19:06:00Z,Denver Broncos,Kansas City Chiefs,h2h,Kansas City Chiefs,,-145,0.59183673,bovada|5ad8135dc2b5f27de0b777acd317855a|h2h|event,0.57111597,https://api.the-odds-api.com/v4/sports/americanfootball_nfl
2026,1,5ad8135dc2b5f27de0b777acd317855a,2026-09-15T00:15:00Z,Bovada,2026-09-10T19:06:00Z,Denver Broncos,Kansas City Chiefs,spreads,Denver Broncos,2.5,-105,0.51219512,bovada|5ad8135dc2b5f27de0b777acd317855a|spreads|event,0.48916576,https://api.the-odds-api.com/v4/sports/americanfootball_nfl
2026,1,5ad8135dc2b5f27de0b777acd317855a,2026-09-15T00:15:00Z,Bovada,2026-09-10T19:06:00Z,Denver Broncos,Kansas City Chiefs,spreads,Kansas City Chiefs,-2.5,-115,0.53488372,bovada|5ad8135dc2b5f27de0b777acd317855a|spreads|event,0.51083424,https://api.the-odds-api.com/v4/sports/americanfootball_nfl
2026,1,5ad8135dc2b5f27de0b777acd317855a,2026-09-15T00:15:00Z,Bovada,2026-09-10T19:06:00Z,Denver Broncos,Kansas City Chiefs,totals,Over,43.5,-115,0.53488372,bovada|5ad8135dc2b5f27de0b777acd317855a|totals|43.5,0.51083424,https://api.the-odds-api.com/v4/sports/americanfootball_nfl
2026,1,5ad8135dc2b5f27de0b777acd317855a,2026-09-15T00:15:00Z,Bovada,2026-09-10T19:06:00Z,Denver Broncos,Kansas City Chiefs,totals,Under,43.5,-105,0.51219512,bovada|5ad8135dc2b5f27de0b777acd317855a|totals|43.5,0.48916576,https://api.the-odds-api.com/v4/sports/americanfootball_nfl
2026,1,5ad8135dc2b5f27de0b777acd317855a,2026-09-15T00:15:00Z,BetUS,2026-09-10T19:06:57Z,Denver Broncos,Kansas City Chiefs,h2h,Denver Broncos,,125,0.44444444,betus|5ad8135dc2b5f27de0b777acd317855a|h2h|event,0.42888403,https://api.the-odds-api.com/v4/sports/americanfootball_nfl
2026,1,5ad8135dc2b5f27de0b777acd317855a,2026-09-15T00:15:00Z,BetUS,2026-09-10T19:06:57Z,Denver Broncos,Kansas City Chiefs,h2h,Kansas City Chiefs,,-145,0.59183673,betus|5ad8135dc2b5f27de0b777acd317855a|h2h|event,0.57111597,https://api.the-odds-api.com/v4/sports/americanfootball_nfl
2026,1,5ad8135dc2b5f27de0b777acd317855a,2026-09-15T00:15:00Z,BetUS,2026-09-10T19:06:57Z,Denver Broncos,Kansas City Chiefs,spreads,Denver Broncos,2.0,100,0.5,betus|5ad8135dc2b5f27de0b777acd317855a|spreads|event,0.47826087,https://api.the-odds-api.com/v4/sports/americanfootball_nfl
2026,1,5ad8135dc2b5f27de0b777acd317855a,2026-09-15T00:15:00Z,BetUS,2026-09-10T19:06:57Z,Denver Broncos,Kansas City Chiefs,spreads,Kansas City Chiefs,-2.0,-120,0.54545455,betus|5ad8135dc2b5f27de0b777acd317855a|spreads|event,0.52173913,https://api.the-odds-api.com/v4/sports/americanfootball_nfl
2026,1,5ad8135dc2b5f27de0b777acd317855a,2026-09-15T00:15:00Z,BetUS,2026-09-10T19:06:57Z,Denver Broncos,Kansas City Chiefs,totals,Over,43.5,-115,0.53488372,betus|5ad8135dc2b5f27de0b777acd317855a|totals|43.5,0.51083424,https://api.the-odds-api.com/v4/sports/americanfootball_nfl
2026,1,5ad8135dc2b5f27de0b777acd317855a,2026-09-15T00:15:00Z,BetUS,2026-09-10T19:06:57Z,Denver Broncos,Kansas City Chiefs,totals,Under,43.5,-105,0.51219512,betus|5ad8135dc2b5f27de0b777acd317855a|totals|43.5,0.48916576,https://api.the-odds-api.com/v4/sports/americanfootball_nfl
2026,1,5ad8135dc2b5f27de0b777acd317855a,2026-09-15T00:15:00Z,BetRivers,2026-09-10T19:06:57Z,Denver Broncos,Kansas City Chiefs,h2h,Denver Broncos,,120,0.45454545,betrivers|5ad8135dc2b5f27de0b777acd317855a|h2h|event,0.43235704,https://api.the-odds-api.com/v4/sports/americanfootball_nfl
2026,1,5ad8135dc2b5f27de0b777acd317855a,2026-09-15T00:15:00Z,BetRivers,2026-09-10T19:06:57Z,Denver Broncos,Kansas City Chiefs,h2h,Kansas City Chiefs,,-148,0.59677419,betrivers|5ad8135dc2b5f27de0b777acd317855a|h2h|event,0.56764296,https://api.the-odds-api.com/v4/sports/americanfootball_nfl
2026,1,5ad8135dc2b5f27de0b777acd317855a,2026-09-15T00:15:00Z,BetRivers,2026-09-10T19:06:57Z,Denver Broncos,Kansas City Chiefs,spreads,Denver Broncos,2.5,-103,0.50738916,betrivers|5ad8135dc2b5f27de0b777acd317855a|spreads|event,0.48383899,https://api.the-odds-api.com/v4/sports/americanfootball_nfl
2026,1,5ad8135dc2b5f27de0b777acd317855a,2026-09-15T00:15:00Z,BetRivers,2026-09-10T19:06:57Z,Denver Broncos,Kansas City Chiefs,spreads,Kansas City Chiefs,-2.5,-118,0.5412844,betrivers|5ad8135dc2b5f27de0b777acd317855a|spreads|event,0.51616101,https://api.the-odds-api.com/v4/sports/americanfootball_nfl
2026,1,5ad8135dc2b5f27de0b777acd317855a,2026-09-15T00:15:00Z,BetRivers,2026-09-10T19:06:57Z,Denver Broncos,Kansas City Chiefs,totals,Over,43.5,-108,0.51923077,betrivers|5ad8135dc2b5f27de0b777acd317855a|totals|43.5,0.49462458,https://api.the-odds-api.com/v4/sports/americanfootball_nfl
2026,1,5ad8135dc2b5f27de0b777acd317855a,2026-09-15T00:15:00Z,BetRivers,2026-09-10T19:06:57Z,Denver Broncos,Kansas City Chiefs,totals,Under,43.5,-113,0.53051643,betrivers|5ad8135dc2b5f27de0b777acd317855a|totals|43.5,0.50537542,https://api.the-odds-api.com/v4/sports/americanfootball_nfl
2026,1,5ad8135dc2b5f27de0b777acd317855a,2026-09-15T00:15:00Z,MyBookie.ag,2026-09-10T19:05:34Z,Denver Broncos,Kansas City Chiefs,h2h,Denver Broncos,,120,0.45454545,mybookieag|5ad8135dc2b5f27de0b777acd317855a|h2h|event,0.42910448,https://api.the-odds-api.com/v4/sports/americanfootball_nfl
2026,1,5ad8135dc2b5f27de0b777acd317855a,2026-09-15T00:15:00Z,MyBookie.ag,2026-09-10T19:05:34Z,Denver Broncos,Kansas City Chiefs,h2h,Kansas City Chiefs,,-153,0.60474308,mybookieag|5ad8135dc2b5f27de0b777acd317855a|h2h|event,0.57089552,https://api.the-odds-api.com/v4/sports/americanfootball_nfl
2026,1,5ad8135dc2b5f27de0b777acd317855a,2026-09-15T00:15:00Z,MyBookie.ag,2026-09-10T19:05:34Z,Denver Broncos,Kansas City Chiefs,spreads,Denver Broncos,2.5,-110,0.52380952,mybookieag|5ad8135dc2b5f27de0b777acd317855a|spreads|event,0.5,https://api.the-odds-api.com/v4/sports/americanfootball_nfl
2026,1,5ad8135dc2b5f27de0b777acd317855a,2026-09-15T00:15:00Z,MyBookie.ag,2026-09-10T19:05:34Z,Denver Broncos,Kansas City Chiefs,spreads,Kansas City Chiefs,-2.5,-110,0.52380952,mybookieag|5ad8135dc2b5f27de0b777acd317855a|spreads|event,0.5,https://api.the-odds-api.com/v4/sports/americanfootball_nfl
2026,1,5ad8135dc2b5f27de0b777acd317855a,2026-09-15T00:15:00Z,MyBookie.ag,2026-09-10T19:05:34Z,Denver Broncos,Kansas City Chiefs,totals,Over,43.5,-110,0.52380952,mybookieag|5ad8135dc2b5f27de0b777acd317855a|totals|43.5,0.5,https://api.the-odds-api.com/v4/sports/americanfootball_nfl
2026,1,5ad8135dc2b5f27de0b777acd317855a,2026-09-15T00:15:00Z,MyBookie.ag,2026-09-10T19:05:34Z,Denver Broncos,Kansas City Chiefs,totals,Under,43.5,-110,0.52380952,mybookieag|5ad8135dc2b5f27de0b777acd317855a|totals|43.5,0.5,https://api.the-odds-api.com/v4/sports/americanfootball_nfl
2026,1,56e8897681915f7ec92baeee952bb1ae,2026-09-18T00:15:00Z,DraftKings,2026-09-10T19:06:23Z,Detroit Lions,Buffalo Bills,h2h,Buffalo Bills,,-162,0.61832061,draftkings|56e8897681915f7ec92baeee952bb1ae|h2h|event,0.59336976,https://api.the-odds-api.com/v4/sports/americanfootball_nfl
2026,1,56e8897681915f7ec92baeee952bb1ae,2026-09-18T00:15:00Z,DraftKings,2026-09-10T19:06:23Z,Detroit Lions,Buffalo Bills,h2h,Detroit Lions,,136,0.42372881,draftkings|56e8897681915f7ec92baeee952bb1ae|h2h|event,0.40663024,https://api.the-odds-api.com/v4/sports/americanfootball_nfl
2026,1,56e8897681915f7ec92baeee952bb1ae,2026-09-18T00:15:00Z,DraftKings,2026-09-10T19:06:23Z,Detroit Lions,Buffalo Bills,spreads,Buffalo Bills,-3.0,-115,0.53488372,draftkings|56e8897681915f7ec92baeee952bb1ae|spreads|event,0.51083424,https://api.the-odds-api.com/v4/sports/americanfootball_nfl
2026,1,56e8897681915f7ec92baeee952bb1ae,2026-09-18T00:15:00Z,DraftKings,2026-09-10T19:06:23Z,Detroit Lions,Buffalo Bills,spreads,Detroit Lions,3.0,-105,0.51219512,draftkings|56e8897681915f7ec92baeee952bb1ae|spreads|event,0.48916576,https://api.the-odds-api.com/v4/sports/americanfootball_nfl
2026,1,56e8897681915f7ec92baeee952bb1ae,2026-09-18T00:15:00Z,DraftKings,2026-09-10T19:06:23Z,Detroit Lions,Buffalo Bills,totals,Over,51.5,-115,0.53488372,draftkings|56e8897681915f7ec92baeee952bb1ae|totals|51.5,0.51083424,https://api.the-odds-api.com/v4/sports/americanfootball_nfl
2026,1,56e8897681915f7ec92baeee952bb1ae,2026-09-18T00:15:00Z,DraftKings,2026-09-10T19:06:23Z,Detroit Lions,Buffalo Bills,totals,Under,51.5,-105,0.51219512,draftkings|56e8897681915f7ec92baeee952bb1ae|totals|51.5,0.48916576,https://api.the-odds-api.com/v4/sports/americanfootball_nfl
2026,1,56e8897681915f7ec92baeee952bb1ae,2026-09-18T00:15:00Z,FanDuel,2026-09-10T19:07:17Z,Detroit Lions,Buffalo Bills,h2h,Buffalo Bills,,-196,0.66216216,fanduel|56e8897681915f7ec92baeee952bb1ae|h2h|event,0.6361133,https://api.the-odds-api.com/v4/sports/americanfootball_nfl
2026,1,56e8897681915f7ec92baeee952bb1ae,2026-09-18T00:15:00Z,FanDuel,2026-09-10T19:07:17Z,Detroit Lions,Buffalo Bills,h2h,Detroit Lions,,164,0.37878788,fanduel|56e8897681915f7ec92baeee952bb1ae|h2h|event,0.3638867,https://api.the-odds-api.com/v4/sports/americanfootball_nfl
2026,1,56e8897681915f7ec92baeee952bb1ae,2026-09-18T00:15:00Z,FanDuel,2026-09-10T19:07:17Z,Detroit Lions,Buffalo Bills,spreads,Buffalo Bills,-3.5,-110,0.52380952,fanduel|56e8897681915f7ec92baeee952bb1ae|spreads|event,0.5,https://api.the-odds-api.com/v4/sports/americanfootball_nfl
2026,1,56e8897681915f7ec92baeee952bb1ae,2026-09-18T00:15:00Z,FanDuel,2026-09-10T19:07:17Z,Detroit Lions,Buffalo Bills,spreads,Detroit Lions,3.5,-110,0.52380952,fanduel|56e8897681915f7ec92baeee952bb1ae|spreads|event,0.5,https://api.the-odds-api.com/v4/sports/americanfootball_nfl
2026,1,56e8897681915f7ec92baeee952bb1ae,2026-09-18T00:15:00Z,FanDuel,2026-09-10T19:07:17Z,Detroit Lions,Buffalo Bills,totals,Over,52.5,-110,0.52380952,fanduel|56e8897681915f7ec92baeee952bb1ae|totals|52.5,0.5,https://api.the-odds-api.com/v4/sports/americanfootball_nfl
2026,1,56e8897681915f7ec92baeee952bb1ae,2026-09-18T00:15:00Z,FanDuel,2026-09-10T19:07:17Z,Detroit Lions,Buffalo Bills,totals,Under,52.5,-110,0.52380952,fanduel|56e8897681915f7ec92baeee952bb1ae|totals|52.5,0.5,https://api.the-odds-api.com/v4/sports/americanfootball_nfl
2026,1,56e8897681915f7ec92baeee952bb1ae,2026-09-18T00:15:00Z,BetOnline.ag,2026-09-10T19:06:22Z,Detroit Lions,Buffalo Bills,spreads,Buffalo Bills,-3.0,-110,0.52380952,betonlineag|56e8897681915f7ec92baeee952bb1ae|spreads|event,0.5,https://api.the-odds-api.com/v4/sports/americanfootball_nfl
2026,1,56e8897681915f7ec92baeee952bb1ae,2026-09-18T00:15:00Z,BetOnline.ag,2026-09-10T19:06:22Z,Detroit Lions,Buffalo Bills,spreads,Detroit Lions,3.0,-110,0.52380952,betonlineag|56e8897681915f7ec92baeee952bb1ae|spreads|event,0.5,https://api.the-odds-api.com/v4/sports/americanfootball_nfl
2026,1,56e8897681915f7ec92baeee952bb1ae,2026-09-18T00:15:00Z,BetOnline.ag,2026-09-10T19:06:22Z,Detroit Lions,Buffalo Bills,totals,Over,51.5,-110,0.52380952,betonlineag|56e8897681915f7ec92baeee952bb1ae|totals|51.5,0.5,https://api.the-odds-api.com/v4/sports/americanfootball_nfl
2026,1,56e8897681915f7ec92baeee952bb1ae,2026-09-18T00:15:00Z,BetOnline.ag,2026-09-10T19:06:22Z,Detroit Lions,Buffalo Bills,totals,Under,51.5,-110,0.52380952,betonlineag|56e8897681915f7ec92baeee952bb1ae|totals|51.5,0.5,https://api.the-odds-api.com/v4/sports/americanfootball_nfl
2026,1,56e8897681915f7ec92baeee952bb1ae,2026-09-18T00:15:00Z,LowVig.ag,2026-09-10T19:06:24Z,Detroit Lions,Buffalo Bills,spreads,Buffalo Bills,-3.0,-105,0.51219512,lowvig|56e8897681915f7ec92baeee952bb1ae|spreads|event,0.5,https://api.the-odds-api.com/v4/sports/americanfootball_nfl
2026,1,56e8897681915f7ec92baeee952bb1ae,2026-09-18T00:15:00Z,LowVig.ag,2026-09-10T19:06:24Z,Detroit Lions,Buffalo Bills,spreads,Detroit Lions,3.0,-105,0.51219512,lowvig|56e8897681915f7ec92baeee952bb1ae|spreads|event,0.5,https://api.the-odds-api.com/v4/sports/americanfootball_nfl
2026,1,56e8897681915f7ec92baeee952bb1ae,2026-09-18T00:15:00Z,LowVig.ag,2026-09-10T19:06:24Z,Detroit Lions,Buffalo Bills,totals,Over,51.5,-107,0.51690821,lowvig|56e8897681915f7ec92baeee952bb1ae|totals|51.5,0.5,https://api.the-odds-api.com/v4/sports/americanfootball_nfl
2026,1,56e8897681915f7ec92baeee952bb1ae,2026-09-18T00:15:00Z,LowVig.ag,2026-09-10T19:06:24Z,Detroit Lions,Buffalo Bills,totals,Under,51.5,-107,0.51690821,lowvig|56e8897681915f7ec92baeee952bb1ae|totals|51.5,0.5,https://api.the-odds-api.com/v4/sports/americanfootball_nfl
2026,1,56e8897681915f7ec92baeee952bb1ae,2026-09-18T00:15:00Z,BetRivers,2026-09-10T19:06:57Z,Detroit Lions,Buffalo Bills,h2h,Buffalo Bills,,-175,0.63636364,betrivers|56e8897681915f7ec92baeee952bb1ae|h2h|event,0.60431655,https://api.the-odds-api.com/v4/sports/americanfootball_nfl
2026,1,56e8897681915f7ec92baeee952bb1ae,2026-09-18T00:15:00Z,BetRivers,2026-09-10T19:06:57Z,Detroit Lions,Buffalo Bills,h2h,Detroit Lions,,140,0.41666667,betrivers|56e8897681915f7ec92baeee952bb1ae|h2h|event,0.39568345,https://api.the-odds-api.com/v4/sports/americanfootball_nfl
2026,1,56e8897681915f7ec92baeee952bb1ae,2026-09-18T00:15:00Z,BetRivers,2026-09-10T19:06:57Z,Detroit Lions,Buffalo Bills,spreads,Buffalo Bills,-3.0,-112,0.52830189,betrivers|56e8897681915f7ec92baeee952bb1ae|spreads|event,0.5032247,https://api.the-odds-api.com/v4/sports/americanfootball_nfl
2026,1,56e8897681915f7ec92baeee952bb1ae,2026-09-18T00:15:00Z,BetRivers,2026-09-10T19:06:57Z,Detroit Lions,Buffalo Bills,spreads,Detroit Lions,3.0,-109,0.5215311,betrivers|56e8897681915f7ec92baeee952bb1ae|spreads|event,0.4967753,https://api.the-odds-api.com/v4/sports/americanfootball_nfl
2026,1,56e8897681915f7ec92baeee952bb1ae,2026-09-18T00:15:00Z,BetRivers,2026-09-10T19:06:57Z,Detroit Lions,Buffalo Bills,totals,Over,52.5,-109,0.5215311,betrivers|56e8897681915f7ec92baeee952bb1ae|totals|52.5,0.4967753,https://api.the-odds-api.com/v4/sports/americanfootball_nfl
2026,1,56e8897681915f7ec92baeee952bb1ae,2026-09-18T00:15:00Z,BetRivers,2026-09-10T19:06:57Z,Detroit Lions,Buffalo Bills,totals,Under,52.5,-112,0.52830189,betrivers|56e8897681915f7ec92baeee952bb1ae|totals|52.5,0.5032247,https://api.the-odds-api.com/v4/sports/americanfootball_nfl
2026,1,56e8897681915f7ec92baeee952bb1ae,2026-09-18T00:15:00Z,BetUS,2026-09-10T19:06:57Z,Detroit Lions,Buffalo Bills,spreads,Buffalo Bills,-3.0,-110,0.52380952,betus|56e8897681915f7ec92baeee952bb1ae|spreads|event,0.5,https://api.the-odds-api.com/v4/sports/americanfootball_nfl
2026,1,56e8897681915f7ec92baeee952bb1ae,2026-09-18T00:15:00Z,BetUS,2026-09-10T19:06:57Z,Detroit Lions,Buffalo Bills,spreads,Detroit Lions,3.0,-110,0.52380952,betus|56e8897681915f7ec92baeee952bb1ae|spreads|event,0.5,https://api.the-odds-api.com/v4/sports/americanfootball_nfl
2026,1,56e8897681915f7ec92baeee952bb1ae,2026-09-18T00:15:00Z,BetUS,2026-09-10T19:06:57Z,Detroit Lions,Buffalo Bills,totals,Over,51.5,-110,0.52380952,betus|56e8897681915f7ec92baeee952bb1ae|totals|51.5,0.5,https://api.the-odds-api.com/v4/sports/americanfootball_nfl
2026,1,56e8897681915f7ec92baeee952bb1ae,2026-09-18T00:15:00Z,BetUS,2026-09-10T19:06:57Z,Detroit Lions,Buffalo Bills,totals,Under,51.5,-110,0.52380952,betus|56e8897681915f7ec92baeee952bb1ae|totals|51.5,0.5,https://api.the-odds-api.com/v4/sports/americanfootball_nfl
2026,1,aee7eae1849ebb103b9bf233e9741392,2026-09-20T17:00:00Z,DraftKings,2026-09-10T19:06:23Z,Carolina Panthers,Atlanta Falcons,h2h,Atlanta Falcons,,-125,0.55555556,draftkings|aee7eae1849ebb103b9bf233e9741392|h2h|event,0.53246753,https://api.the-odds-api.com/v4/sports/americanfootball_nfl
2026,1,aee7eae1849ebb103b9bf233e9741392,2026-09-20T17:00:00Z,DraftKings,2026-09-10T19:06:23Z,Carolina Panthers,Atlanta Falcons,h2h,Carolina Panthers,,105,0.48780488,draftkings|aee7eae1849ebb103b9bf233e9741392|h2h|event,0.46753247,https://api.the-odds-api.com/v4/sports/americanfootball_nfl
2026,1,aee7eae1849ebb103b9bf233e9741392,2026-09-20T17:00:00Z,DraftKings,2026-09-10T19:06:23Z,Carolina Panthers,Atlanta Falcons,spreads,Atlanta Falcons,-1.5,-110,0.52380952,draftkings|aee7eae1849ebb103b9bf233e9741392|spreads|event,0.5,https://api.the-odds-api.com/v4/sports/americanfootball_nfl
2026,1,aee7eae1849ebb103b9bf233e9741392,2026-09-20T17:00:00Z,DraftKings,2026-09-10T19:06:23Z,Carolina Panthers,Atlanta Falcons,spreads,Carolina Panthers,1.5,-110,0.52380952,draftkings|aee7eae1849ebb103b9bf233e9741392|spreads|event,0.5,https://api.the-odds-api.com/v4/sports/americanfootball_nfl
2026,1,aee7eae1849ebb103b9bf233e9741392,2026-09-20T17:00:00Z,DraftKings,2026-09-10T19:06:23Z,Carolina Panthers,Atlanta Falcons,totals,Over,43.5,-118,0.5412844,draftkings|aee7eae1849ebb103b9bf233e9741392|totals|43.5,0.51736412,https://api.the-odds-api.com/v4/sports/americanfootball_nfl
2026,1,aee7eae1849ebb103b9bf233e9741392,2026-09-20T17:00:00Z,DraftKings,2026-09-10T19:06:23Z,Carolina Panthers,Atlanta Falcons,totals,Under,43.5,-102,0.5049505,draftkings|aee7eae1849ebb103b9bf233e9741392|totals|43.5,0.48263588,https://api.the-odds-api.com/v4/sports/americanfootball_nfl
2026,1,aee7eae1849ebb103b9bf233e9741392,2026-09-20T17:00:00Z,FanDuel,2026-09-10T19:07:17Z,Carolina Panthers,Atlanta Falcons,h2h,Atlanta Falcons,,-120,0.54545455,fanduel|aee7eae1849ebb103b9bf233e9741392|h2h|event,0.52422146,https://api.the-odds-api.com/v4/sports/americanfootball_nfl
2026,1,aee7eae1849ebb103b9bf233e9741392,2026-09-20T17:00:00Z,FanDuel,2026-09-10T19:07:17Z,Carolina Panthers,Atlanta Falcons,h2h,Carolina Panthers,,102,0.4950495,fanduel|aee7eae1849ebb103b9bf233e9741392|h2h|event,0.47577854,https://api.the-odds-api.com/v4/sports/americanfootball_nfl
2026,1,aee7eae1849ebb103b9bf233e9741392,2026-09-20T17:00:00Z,FanDuel,2026-09-10T19:07:17Z,Carolina Panthers,Atlanta Falcons,spreads,Atlanta Falcons,-1.5,-106,0.51456311,fanduel|aee7eae1849ebb103b9bf233e9741392|spreads|event,0.49133599,https://api.the-odds-api.com/v4/sports/americanfootball_nfl
2026,1,aee7eae1849ebb103b9bf233e9741392,2026-09-20T17:00:00Z,FanDuel,2026-09-10T19:07:17Z,Carolina Panthers,Atlanta Falcons,spreads,Carolina Panthers,1.5,-114,0.53271028,fanduel|aee7eae1849ebb103b9bf233e9741392|spreads|event,0.50866401,https://api.the-odds-api.com/v4/sports/americanfootball_nfl
2026,1,aee7eae1849ebb103b9bf233e9741392,2026-09-20T17:00:00Z,FanDuel,2026-09-10T19:07:17Z,Carolina Panthers,Atlanta Falcons,totals,Over,43.5,-110,0.52380952,fanduel|aee7eae1849ebb103b9bf233e9741392|totals|43.5,0.5,https://api.the-odds-api.com/v4/sports/americanfootball_nfl
2026,1,aee7eae1849ebb103b9bf233e9741392,2026-09-20T17:00:00Z,FanDuel,2026-09-10T19:07:17Z,Carolina Panthers,Atlanta Falcons,totals,Under,43.5,-110,0.52380952,fanduel|aee7eae1849ebb103b9bf233e9741392|totals|43.5,0.5,https://api.the-odds-api.com/v4/sports/americanfootball_nfl
2026,1,aee7eae1849ebb103b9bf233e9741392,2026-09-20T17:00:00Z,BetRivers,2026-09-10T19:06:57Z,Carolina Panthers,Atlanta Falcons,h2h,Atlanta Falcons,,-124,0.55357143,betrivers|aee7eae1849ebb103b9bf233e9741392|h2h|event,0.52790424,https://api.the-odds-api.com/v4/sports/americanfootball_nfl
2026,1,aee7eae1849ebb103b9bf233e9741392,2026-09-20T17:00:00Z,BetRivers,2026-09-10T19:06:57Z,Carolina Panthers,Atlanta Falcons,h2h,Carolina Panthers,,102,0.4950495,betrivers|aee7eae1849ebb103b9bf233e9741392|h2h|event,0.47209576,https://api.the-odds-api.com/v4/sports/americanfootball_nfl
2026,1,aee7eae1849ebb103b9bf233e9741392,2026-09-20T17:00:00Z,BetRivers,2026-09-10T19:06:57Z,Carolina Panthers,Atlanta Falcons,spreads,Atlanta Falcons,-1.5,-110,0.52380952,betrivers|aee7eae1849ebb103b9bf233e9741392|spreads|event,0.5,https://api.the-odds-api.com/v4/sports/americanfootball_nfl
2026,1,aee7eae1849ebb103b9bf233e9741392,2026-09-20T17:00:00Z,BetRivers,2026-09-10T19:06:57Z,Carolina Panthers,Atlanta Falcons,spreads,Carolina Panthers,1.5,-110,0.52380952,betrivers|aee7eae1849ebb103b9bf233e9741392|spreads|event,0.5,https://api.the-odds-api.com/v4/sports/americanfootball_nfl
2026,1,aee7eae1849ebb103b9bf233e9741392,2026-09-20T17:00:00Z,BetRivers,2026-09-10T19:06:57Z,Carolina Panthers,Atlanta Falcons,totals,Over,43.5,-110,0.52380952,betrivers|aee7eae1849ebb103b9bf233e9741392|totals|43.5,0.5,https://api.the-odds-api.com/v4/sports/americanfootball_nfl
2026,1,aee7eae1849ebb103b9bf233e9741392,2026-09-20T17:00:00Z,BetRivers,2026-09-10T19:06:57Z,Carolina Panthers,Atlanta Falcons,totals,Under,43.5,-110,0.52380952,betrivers|aee7eae1849ebb103b9bf233e9741392|totals|43.5,0.5,https://api.the-odds-api.com/v4/sports/americanfootball_nfl
2026,1,2143ade9684fd876b68a4e8cbf451f05,2026-09-20T17:00:00Z,DraftKings,2026-09-10T19:06:23Z,New Orleans Saints,Baltimore Ravens,h2h,Baltimore Ravens,,-355,0.78021978,draftkings|2143ade9684fd876b68a4e8cbf451f05|h2h|event,0.74778271,https://api.the-odds-api.com/v4/sports/americanfootball_nfl
2026,1,2143ade9684fd876b68a4e8cbf451f05,2026-09-20T17:00:00Z,DraftKings,2026-09-10T19:06:23Z,New Orleans Saints,Baltimore Ravens,h2h,New Orleans Saints,,280,0.26315789,draftkings|2143ade9684fd876b68a4e8cbf451f05|h2h|event,0.25221729,https://api.the-odds-api.com/v4/sports/americanfootball_nfl
2026,1,2143ade9684fd876b68a4e8cbf451f05,2026-09-20T17:00:00Z,DraftKings,2026-09-10T19:06:23Z,New Orleans Saints,Baltimore Ravens,spreads,Baltimore Ravens,-7.5,-110,0.52380952,draftkings|2143ade9684fd876b68a4e8cbf451f05|spreads|event,0.5,https://api.the-odds-api.com/v4/sports/americanfootball_nfl
2026,1,2143ade9684fd876b68a4e8cbf451f05,2026-09-20T17:00:00Z,DraftKings,2026-09-10T19:06:23Z,New Orleans Saints,Baltimore Ravens,spreads,New Orleans Saints,7.5,-110,0.52380952,draftkings|2143ade9684fd876b68a4e8cbf451f05|spreads|event,0.5,https://api.the-odds-api.com/v4/sports/americanfootball_nfl
2026,1,2143ade9684fd876b68a4e8cbf451f05,2026-09-20T17:00:00Z,DraftKings,2026-09-10T19:06:23Z,New Orleans Saints,Baltimore Ravens,totals,Over,46.5,-110,0.52380952,draftkings|2143ade9684fd876b68a4e8cbf451f05|totals|46.5,0.5,https://api.the-odds-api.com/v4/sports/americanfootball_nfl
2026,1,2143ade9684fd876b68a4e8cbf451f05,2026-09-20T17:00:00Z,DraftKings,2026-09-10T19:06:23Z,New Orleans Saints,Baltimore Ravens,totals,Under,46.5,-110,0.52380952,draftkings|2143ade9684fd876b68a4e8cbf451f05|totals|46.5,0.5,https://api.the-odds-api.com/v4/sports/americanfootball_nfl
2026,1,2143ade9684fd876b68a4e8cbf451f05,2026-09-20T17:00:00Z,BetUS,2026-09-10T19:06:57Z,New Orleans Saints,Baltimore Ravens,spreads,Baltimore Ravens,-7.5,-110,0.52380952,betus|2143ade9684fd876b68a4e8cbf451f05|spreads|event,0.5,https://api.the-odds-api.com/v4/sports/americanfootball_nfl
2026,1,2143ade9684fd876b68a4e8cbf451f05,2026-09-20T17:00:00Z,BetUS,2026-09-10T19:06:57Z,New Orleans Saints,Baltimore Ravens,spreads,New Orleans Saints,7.5,-110,0.52380952,betus|2143ade9684fd876b68a4e8cbf451f05|spreads|event,0.5,https://api.the-odds-api.com/v4/sports/americanfootball_nfl
2026,1,2143ade9684fd876b68a4e8cbf451f05,2026-09-20T17:00:00Z,BetUS,2026-09-10T19:06:57Z,New Orleans Saints,Baltimore Ravens,totals,Over,46.5,-110,0.52380952,betus|2143ade9684fd876b68a4e8cbf451f05|totals|46.5,0.5,https://api.the-odds-api.com/v4/sports/americanfootball_nfl
2026,1,2143ade9684fd876b68a4e8cbf451f05,2026-09-20T17:00:00Z,BetUS,2026-09-10T19:06:57Z,New Orleans Saints,Baltimore Ravens,totals,Under,46.5,-110,0.52380952,betus|2143ade9684fd876b68a4e8cbf451f05|totals|46.5,0.5,https://api.the-odds-api.com/v4/sports/americanfootball_nfl
2026,1,2143ade9684fd876b68a4e8cbf451f05,2026-09-20T17:00:00Z,LowVig.ag,2026-09-10T19:06:24Z,New Orleans Saints,Baltimore Ravens,spreads,Baltimore Ravens,-7.5,-105,0.51219512,lowvig|2143ade9684fd876b68a4e8cbf451f05|spreads|event,0.5,https://api.the-odds-api.com/v4/sports/americanfootball_nfl
2026,1,2143ade9684fd876b68a4e8cbf451f05,2026-09-20T17:00:00Z,LowVig.ag,2026-09-10T19:06:24Z,New Orleans Saints,Baltimore Ravens,spreads,New Orleans Saints,7.5,-105,0.51219512,lowvig|2143ade9684fd876b68a4e8cbf451f05|spreads|event,0.5,https://api.the-odds-api.com/v4/sports/americanfootball_nfl
2026,1,2143ade9684fd876b68a4e8cbf451f05,2026-09-20T17:00:00Z,LowVig.ag,2026-09-10T19:06:24Z,New Orleans Saints,Baltimore Ravens,totals,Over,46.5,-107,0.51690821,lowvig|2143ade9684fd876b68a4e8cbf451f05|totals|46.5,0.5,https://api.the-odds-api.com/v4/sports/americanfootball_nfl
2026,1,2143ade9684fd876b68a4e8cbf451f05,2026-09-20T17:00:00Z,LowVig.ag,2026-09-10T19:06:24Z,New Orleans Saints,Baltimore Ravens,totals,Under,46.5,-107,0.51690821,lowvig|2143ade9684fd876b68a4e8cbf451f05|totals|46.5,0.5,https://api.the-odds-api.com/v4/sports/americanfootball_nfl
2026,1,2143ade9684fd876b68a4e8cbf451f05,2026-09-20T17:00:00Z,BetOnline.ag,2026-09-10T19:06:22Z,New Orleans Saints,Baltimore Ravens,spreads,Baltimore Ravens,-7.5,-110,0.52380952,betonlineag|2143ade9684fd876b68a4e8cbf451f05|spreads|event,0.5,https://api.the-odds-api.com/v4/sports/americanfootball_nfl
2026,1,2143ade9684fd876b68a4e8cbf451f05,2026-09-20T17:00:00Z,BetOnline.ag,2026-09-10T19:06:22Z,New Orleans Saints,Baltimore Ravens,spreads,New Orleans Saints,7.5,-110,0.52380952,betonlineag|2143ade9684fd876b68a4e8cbf451f05|spreads|event,0.5,https://api.the-odds-api.com/v4/sports/americanfootball_nfl
2026,1,2143ade9684fd876b68a4e8cbf451f05,2026-09-20T17:00:00Z,BetOnline.ag,2026-09-10T19:06:22Z,New Orleans Saints,Baltimore Ravens,totals,Over,46.5,-110,0.52380952,betonlineag|2143ade9684fd876b68a4e8cbf451f05|totals|46.5,0.5,https://api.the-odds-api.com/v4/sports/americanfootball_nfl
2026,1,2143ade9684fd876b68a4e8cbf451f05,2026-09-20T17:00:00Z,BetOnline.ag,2026-09-10T19:06:22Z,New Orleans Saints,Baltimore Ravens,totals,Under,46.5,-110,0.52380952,betonlineag|2143ade9684fd876b68a4e8cbf451f05|totals|46.5,0.5,https://api.the-odds-api.com/v4/sports/americanfootball_nfl
2026,1,2143ade9684fd876b68a4e8cbf451f05,2026-09-20T17:00:00Z,FanDuel,2026-09-10T19:07:17Z,New Orleans Saints,Baltimore Ravens,h2h,Baltimore Ravens,,-460,0.82142857,fanduel|2143ade9684fd876b68a4e8cbf451f05|h2h|event,0.79073244,https://api.the-odds-api.com/v4/sports/americanfootball_nfl
2026,1,2143ade9684fd876b68a4e8cbf451f05,2026-09-20T17:00:00Z,FanDuel,2026-09-10T19:07:17Z,New Orleans Saints,Baltimore Ravens,h2h,New Orleans Saints,,360,0.2173913,fanduel|2143ade9684fd876b68a4e8cbf451f05|h2h|event,0.20926756,https://api.the-odds-api.com/v4/sports/americanfootball_nfl
2026,1,2143ade9684fd876b68a4e8cbf451f05,2026-09-20T17:00:00Z,FanDuel,2026-09-10T19:07:17Z,New Orleans Saints,Baltimore Ravens,spreads,Baltimore Ravens,-8.5,-104,0.50980392,fanduel|2143ade9684fd876b68a4e8cbf451f05|spreads|event,0.48502482,https://api.the-odds-api.com/v4/sports/americanfootball_nfl
2026,1,2143ade9684fd876b68a4e8cbf451f05,2026-09-20T17:00:00Z,FanDuel,2026-09-10T19:07:17Z,New Orleans Saints,Baltimore Ravens,spreads,New Orleans Saints,8.5,-118,0.5412844,fanduel|2143ade9684fd876b68a4e8cbf451f05|spreads|event,0.51497518,https://api.the-odds-api.com/v4/sports/americanfootball_nfl
2026,1,2143ade9684fd876b68a4e8cbf451f05,2026-09-20T17:00:00Z,FanDuel,2026-09-10T19:07:17Z,New Orleans Saints,Baltimore Ravens,totals,Over,46.5,-118,0.5412844,fanduel|2143ade9684fd876b68a4e8cbf451f05|totals|46.5,0.51497518,https://api.the-odds-api.com/v4/sports/americanfootball_nfl
2026,1,2143ade9684fd876b68a4e8cbf451f05,2026-09-20T17:00:00Z,FanDuel,2026-09-10T19:07:17Z,New Orleans Saints,Baltimore Ravens,totals,Under,46.5,-104,0.50980392,fanduel|2143ade9684fd876b68a4e8cbf451f05|totals|46.5,0.48502482,https://api.the-odds-api.com/v4/sports/americanfootball_nfl
2026,1,2143ade9684fd876b68a4e8cbf451f05,2026-09-20T17:00:00Z,BetRivers,2026-09-10T19:06:57Z,New Orleans Saints,Baltimore Ravens,h2h,Baltimore Ravens,,-400,0.8,betrivers|2143ade9684fd876b68a4e8cbf451f05|h2h|event,0.76190476,https://api.the-odds-api.com/v4/sports/americanfootball_nfl
2026,1,2143ade9684fd876b68a4e8cbf451f05,2026-09-20T17:00:00Z,BetRivers,2026-09-10T19:06:57Z,New Orleans Saints,Baltimore Ravens,h2h,New Orleans Saints,,300,0.25,betrivers|2143ade9684fd876b68a4e8cbf451f05|h2h|event,0.23809524,https://api.the-odds-api.com/v4/sports/americanfootball_nfl
2026,1,2143ade9684fd876b68a4e8cbf451f05,2026-09-20T17:00:00Z,BetRivers,2026-09-10T19:06:57Z,New Orleans Saints,Baltimore Ravens,spreads,Baltimore Ravens,-7.5,-112,0.52830189,betrivers|2143ade9684fd876b68a4e8cbf451f05|spreads|event,0.5032247,https://api.the-odds-api.com/v4/sports/americanfootball_nfl
2026,1,2143ade9684fd876b68a4e8cbf451f05,2026-09-20T17:00:00Z,BetRivers,2026-09-10T19:06:57Z,New Orleans Saints,Baltimore Ravens,spreads,New Orleans Saints,7.5,-109,0.5215311,betrivers|2143ade9684fd876b68a4e8cbf451f05|spreads|event,0.4967753,https://api.the-odds-api.com/v4/sports/americanfootball_nfl
2026,1,2143ade9684fd876b68a4e8cbf451f05,2026-09-20T17:00:00Z,BetRivers,2026-09-10T19:06:57Z,New Orleans Saints,Baltimore Ravens,totals,Over,46.5,-110,0.52380952,betrivers|2143ade9684fd876b68a4e8cbf451f05|totals|46.5,0.5,https://api.the-odds-api.com/v4/sports/americanfootball_nfl
2026,1,2143ade9684fd876b68a4e8cbf451f05,2026-09-20T17:00:00Z,BetRivers,2026-09-10T19:06:57Z,New Orleans Saints,Baltimore Ravens,totals,Under,46.5,-110,0.52380952,betrivers|2143ade9684fd876b68a4e8cbf451f05|totals|46.5,0.5,https://api.the-odds-api.com/v4/sports/americanfootball_nfl
2026,1,0283a29e1b38ef78b29b904fd56a16dd,2026-09-20T17:00:00Z,DraftKings,2026-09-10T19:06:23Z,Minnesota Vikings,Chicago Bears,h2h,Chicago Bears,,-170,0.62962963,draftkings|0283a29e1b38ef78b29b904fd56a16dd|h2h|event,0.60375697,https://api.the-odds-api.com/v4/sports/americanfootball_nfl
2026,1,0283a29e1b38ef78b29b904fd56a16dd,2026-09-20T17:00:00Z,DraftKings,2026-09-10T19:06:23Z,Minnesota Vikings,Chicago Bears,h2h,Minnesota Vikings,,142,0.41322314,draftkings|0283a29e1b38ef78b29b904fd56a16dd|h2h|event,0.39624303,https://api.the-odds-api.com/v4/sports/americanfootball_nfl
2026,1,0283a29e1b38ef78b29b904fd56a16dd,2026-09-20T17:00:00Z,DraftKings,2026-09-10T19:06:23Z,Minnesota Vikings,Chicago Bears,spreads,Chicago Bears,-3.0,-110,0.52380952,draftkings|0283a29e1b38ef78b29b904fd56a16dd|spreads|event,0.5,https://api.the-odds-api.com/v4/sports/americanfootball_nfl
2026,1,0283a29e1b38ef78b29b904fd56a16dd,2026-09-20T17:00:00Z,DraftKings,2026-09-10T19:06:23Z,Minnesota Vikings,Chicago Bears,spreads,Minnesota Vikings,3.0,-110,0.52380952,draftkings|0283a29e1b38ef78b29b904fd56a16dd|spreads|event,0.5,https://api.the-odds-api.com/v4/sports/americanfootball_nfl
2026,1,0283a29e1b38ef78b29b904fd56a16dd,2026-09-20T17:00:00Z,DraftKings,2026-09-10T19:06:23Z,Minnesota Vikings,Chicago Bears,totals,Over,45.5,-110,0.52380952,draftkings|0283a29e1b38ef78b29b904fd56a16dd|totals|45.5,0.5,https://api.the-odds-api.com/v4/sports/americanfootball_nfl
2026,1,0283a29e1b38ef78b29b904fd56a16dd,2026-09-20T17:00:00Z,DraftKings,2026-09-10T19:06:23Z,Minnesota Vikings,Chicago Bears,totals,Under,45.5,-110,0.52380952,draftkings|0283a29e1b38ef78b29b904fd56a16dd|totals|45.5,0.5,https://api.the-odds-api.com/v4/sports/americanfootball_nfl
2026,1,0283a29e1b38ef78b29b904fd56a16dd,2026-09-20T17:00:00Z,LowVig.ag,2026-09-10T19:06:24Z,Minnesota Vikings,Chicago Bears,spreads,Chicago Bears,-3.0,100,0.5,lowvig|0283a29e1b38ef78b29b904fd56a16dd|spreads|event,0.48837209,https://api.the-odds-api.com/v4/sports/americanfootball_nfl
2026,1,0283a29e1b38ef78b29b904fd56a16dd,2026-09-20T17:00:00Z,LowVig.ag,2026-09-10T19:06:24Z,Minnesota Vikings,Chicago Bears,spreads,Minnesota Vikings,3.0,-110,0.52380952,lowvig|0283a29e1b38ef78b29b904fd56a16dd|spreads|event,0.51162791,https://api.the-odds-api.com/v4/sports/americanfootball_nfl
2026,1,0283a29e1b38ef78b29b904fd56a16dd,2026-09-20T17:00:00Z,LowVig.ag,2026-09-10T19:06:24Z,Minnesota Vikings,Chicago Bears,totals,Over,45.5,-107,0.51690821,lowvig|0283a29e1b38ef78b29b904fd56a16dd|totals|45.5,0.5,https://api.the-odds-api.com/v4/sports/americanfootball_nfl
2026,1,0283a29e1b38ef78b29b904fd56a16dd,2026-09-20T17:00:00Z,LowVig.ag,2026-09-10T19:06:24Z,Minnesota Vikings,Chicago Bears,totals,Under,45.5,-107,0.51690821,lowvig|0283a29e1b38ef78b29b904fd56a16dd|totals|45.5,0.5,https://api.the-odds-api.com/v4/sports/americanfootball_nfl
2026,1,0283a29e1b38ef78b29b904fd56a16dd,2026-09-20T17:00:00Z,BetOnline.ag,2026-09-10T19:06:22Z,Minnesota Vikings,Chicago Bears,spreads,Chicago Bears,-3.0,-105,0.51219512,betonlineag|0283a29e1b38ef78b29b904fd56a16dd|spreads|event,0.48916576,https://api.the-odds-api.com/v4/sports/americanfootball_nfl
2026,1,0283a29e1b38ef78b29b904fd56a16dd,2026-09-20T17:00:00Z,BetOnline.ag,2026-09-10T19:06:22Z,Minnesota Vikings,Chicago Bears,spreads,Minnesota Vikings,3.0,-115,0.53488372,betonlineag|0283a29e1b38ef78b29b904fd56a16dd|spreads|event,0.51083424,https://api.the-odds-api.com/v4/sports/americanfootball_nfl
2026,1,0283a29e1b38ef78b29b904fd56a16dd,2026-09-20T17:00:00Z,BetOnline.ag,2026-09-10T19:06:22Z,Minnesota Vikings,Chicago Bears,totals,Over,45.5,-110,0.52380952,betonlineag|0283a29e1b38ef78b29b904fd56a16dd|totals|45.5,0.5,https://api.the-odds-api.com/v4/sports/americanfootball_nfl
2026,1,0283a29e1b38ef78b29b904fd56a16dd,2026-09-20T17:00:00Z,BetOnline.ag,2026-09-10T19:06:22Z,Minnesota Vikings,Chicago Bears,totals,Under,45.5,-110,0.52380952,betonlineag|0283a29e1b38ef78b29b904fd56a16dd|totals|45.5,0.5,https://api.the-odds-api.com/v4/sports/americanfootball_nfl
2026,1,0283a29e1b38ef78b29b904fd56a16dd,2026-09-20T17:00:00Z,BetUS,2026-09-10T19:06:57Z,Minnesota Vikings,Chicago Bears,spreads,Chicago Bears,-3.0,-105,0.51219512,betus|0283a29e1b38ef78b29b904fd56a16dd|spreads|event,0.48916576,https://api.the-odds-api.com/v4/sports/americanfootball_nfl
2026,1,0283a29e1b38ef78b29b904fd56a16dd,2026-09-20T17:00:00Z,BetUS,2026-09-10T19:06:57Z,Minnesota Vikings,Chicago Bears,spreads,Minnesota Vikings,3.0,-115,0.53488372,betus|0283a29e1b38ef78b29b904fd56a16dd|spreads|event,0.51083424,https://api.the-odds-api.com/v4/sports/americanfootball_nfl
2026,1,0283a29e1b38ef78b29b904fd56a16dd,2026-09-20T17:00:00Z,BetUS,2026-09-10T19:06:57Z,Minnesota Vikings,Chicago Bears,totals,Over,45.5,-110,0.52380952,betus|0283a29e1b38ef78b29b904fd56a16dd|totals|45.5,0.5,https://api.the-odds-api.com/v4/sports/americanfootball_nfl
2026,1,0283a29e1b38ef78b29b904fd56a16dd,2026-09-20T17:00:00Z,BetUS,2026-09-10T19:06:57Z,Minnesota Vikings,Chicago Bears,totals,Under,45.5,-110,0.52380952,betus|0283a29e1b38ef78b29b904fd56a16dd|totals|45.5,0.5,https://api.the-odds-api.com/v4/sports/americanfootball_nfl
2026,1,0283a29e1b38ef78b29b904fd56a16dd,2026-09-20T17:00:00Z,FanDuel,2026-09-10T19:07:17Z,Minnesota Vikings,Chicago Bears,h2h,Chicago Bears,,-164,0.62121212,fanduel|0283a29e1b38ef78b29b904fd56a16dd|h2h|event,0.59652769,https://api.the-odds-api.com/v4/sports/americanfootball_nfl
2026,1,0283a29e1b38ef78b29b904fd56a16dd,2026-09-20T17:00:00Z,FanDuel,2026-09-10T19:07:17Z,Minnesota Vikings,Chicago Bears,h2h,Minnesota Vikings,,138,0.42016807,fanduel|0283a29e1b38ef78b29b904fd56a16dd|h2h|event,0.40347231,https://api.the-odds-api.com/v4/sports/americanfootball_nfl
2026,1,0283a29e1b38ef78b29b904fd56a16dd,2026-09-20T17:00:00Z,FanDuel,2026-09-10T19:07:17Z,Minnesota Vikings,Chicago Bears,spreads,Chicago Bears,-3.0,-110,0.52380952,fanduel|0283a29e1b38ef78b29b904fd56a16dd|spreads|event,0.5,https://api.the-odds-api.com/v4/sports/americanfootball_nfl
2026,1,0283a29e1b38ef78b29b904fd56a16dd,2026-09-20T17:00:00Z,FanDuel,2026-09-10T19:07:17Z,Minnesota Vikings,Chicago Bears,spreads,Minnesota Vikings,3.0,-110,0.52380952,fanduel|0283a29e1b38ef78b29b904fd56a16dd|spreads|event,0.5,https://api.the-odds-api.com/v4/sports/americanfootball_nfl
2026,1,0283a29e1b38ef78b29b904fd56a16dd,2026-09-20T17:00:00Z,FanDuel,2026-09-10T19:07:17Z,Minnesota Vikings,Chicago Bears,totals,Over,46.5,-110,0.52380952,fanduel|0283a29e1b38ef78b29b904fd56a16dd|totals|46.5,0.5,https://api.the-odds-api.com/v4/sports/americanfootball_nfl
2026,1,0283a29e1b38ef78b29b904fd56a16dd,2026-09-20T17:00:00Z,FanDuel,2026-09-10T19:07:17Z,Minnesota Vikings,Chicago Bears,totals,Under,46.5,-110,0.52380952,fanduel|0283a29e1b38ef78b29b904fd56a16dd|totals|46.5,0.5,https://api.the-odds-api.com/v4/sports/americanfootball_nfl
2026,1,0283a29e1b38ef78b29b904fd56a16dd,2026-09-20T17:00:00Z,BetRivers,2026-09-10T19:06:57Z,Minnesota Vikings,Chicago Bears,h2h,Chicago Bears,,-165,0.62264151,betrivers|0283a29e1b38ef78b29b904fd56a16dd|h2h|event,0.59402528,https://api.the-odds-api.com/v4/sports/americanfootball_nfl
2026,1,0283a29e1b38ef78b29b904fd56a16dd,2026-09-20T17:00:00Z,BetRivers,2026-09-10T19:06:57Z,Minnesota Vikings,Chicago Bears,h2h,Minnesota Vikings,,135,0.42553191,betrivers|0283a29e1b38ef78b29b904fd56a16dd|h2h|event,0.40597472,https://api.the-odds-api.com/v4/sports/americanfootball_nfl
2026,1,0283a29e1b38ef78b29b904fd56a16dd,2026-09-20T17:00:00Z,BetRivers,2026-09-10T19:06:57Z,Minnesota Vikings,Chicago Bears,spreads,Chicago Bears,-3.0,-110,0.52380952,betrivers|0283a29e1b38ef78b29b904fd56a16dd|spreads|event,0.5,https://api.the-odds-api.com/v4/sports/americanfootball_nfl
2026,1,0283a29e1b38ef78b29b904fd56a16dd,2026-09-20T17:00:00Z,BetRivers,2026-09-10T19:06:57Z,Minnesota Vikings,Chicago Bears,spreads,Minnesota Vikings,3.0,-110,0.52380952,betrivers|0283a29e1b38ef78b29b904fd56a16dd|spreads|event,0.5,https://api.the-odds-api.com/v4/sports/americanfootball_nfl
2026,1,0283a29e1b38ef78b29b904fd56a16dd,2026-09-20T17:00:00Z,BetRivers,2026-09-10T19:06:57Z,Minnesota Vikings,Chicago Bears,totals,Over,45.5,-112,0.52830189,betrivers|0283a29e1b38ef78b29b904fd56a16dd|totals|45.5,0.5032247,https://api.the-odds-api.com/v4/sports/americanfootball_nfl
2026,1,0283a29e1b38ef78b29b904fd56a16dd,2026-09-20T17:00:00Z,BetRivers,2026-09-10T19:06:57Z,Minnesota Vikings,Chicago Bears,totals,Under,45.5,-109,0.5215311,betrivers|0283a29e1b38ef78b29b904fd56a16dd|totals|45.5,0.4967753,https://api.the-odds-api.com/v4/sports/americanfootball_nfl
2026,1,36ad2fa722f4915ef23d2c81351261de,2026-09-20T17:00:00Z,DraftKings,2026-09-10T19:06:23Z,Cincinnati Bengals,Houston Texans,h2h,Cincinnati Bengals,,124,0.44642857,draftkings|36ad2fa722f4915ef23d2c81351261de|h2h|event,0.42794037,https://api.the-odds-api.com/v4/sports/americanfootball_nfl
2026,1,36ad2fa722f4915ef23d2c81351261de,2026-09-20T17:00:00Z,DraftKings,2026-09-10T19:06:23Z,Cincinnati Bengals,Houston Texans,h2h,Houston Texans,,-148,0.59677419,draftkings|36ad2fa722f4915ef23d2c81351261de|h2h|event,0.57205963,https://api.the-odds-api.com/v4/sports/americanfootball_nfl
2026,1,36ad2fa722f4915ef23d2c81351261de,2026-09-20T17:00:00Z,DraftKings,2026-09-10T19:06:23Z,Cincinnati Bengals,Houston Texans,spreads,Cincinnati Bengals,2.5,-102,0.5049505,draftkings|36ad2fa722f4915ef23d2c81351261de|spreads|event,0.48263588,https://api.the-odds-api.com/v4/sports/americanfootball_nfl
2026,1,36ad2fa722f4915ef23d2c81351261de,2026-09-20T17:00:00Z,DraftKings,2026-09-10T19:06:23Z,Cincinnati Bengals,Houston Texans,spreads,Houston Texans,-2.5,-118,0.5412844,draftkings|36ad2fa722f4915ef23d2c81351261de|spreads|event,0.51736412,https://api.the-odds-api.com/v4/sports/americanfootball_nfl
2026,1,36ad2fa722f4915ef23d2c81351261de,2026-09-20T17:00:00Z,DraftKings,2026-09-10T19:06:23Z,Cincinnati Bengals,Houston Texans,totals,Over,45.5,-110,0.52380952,draftkings|36ad2fa722f4915ef23d2c81351261de|totals|45.5,0.5,https://api.the-odds-api.com/v4/sports/americanfootball_nfl
2026,1,36ad2fa722f4915ef23d2c81351261de,2026-09-20T17:00:00Z,DraftKings,2026-09-10T19:06:23Z,Cincinnati Bengals,Houston Texans,totals,Under,45.5,-110,0.52380952,draftkings|36ad2fa722f4915ef23d2c81351261de|totals|45.5,0.5,https://api.the-odds-api.com/v4/sports/americanfootball_nfl
2026,1,36ad2fa722f4915ef23d2c81351261de,2026-09-20T17:00:00Z,BetUS,2026-09-10T19:06:57Z,Cincinnati Bengals,Houston Texans,spreads,Cincinnati Bengals,3.0,-115,0.53488372,betus|36ad2fa722f4915ef23d2c81351261de|spreads|event,0.51083424,https://api.the-odds-api.com/v4/sports/americanfootball_nfl
2026,1,36ad2fa722f4915ef23d2c81351261de,2026-09-20T17:00:00Z,BetUS,2026-09-10T19:06:57Z,Cincinnati Bengals,Houston Texans,spreads,Houston Texans,-3.0,-105,0.51219512,betus|36ad2fa722f4915ef23d2c81351261de|spreads|event,0.48916576,https://api.the-odds-api.com/v4/sports/americanfootball_nfl
2026,1,36ad2fa722f4915ef23d2c81351261de,2026-09-20T17:00:00Z,BetUS,2026-09-10T19:06:57Z,Cincinnati Bengals,Houston Texans,totals,Over,45.5,-110,0.52380952,betus|36ad2fa722f4915ef23d2c81351261de|totals|45.5,0.5,https://api.the-odds-api.com/v4/sports/americanfootball_nfl
2026,1,36ad2fa722f4915ef23d2c81351261de,2026-09-20T17:00:00Z,BetUS,2026-09-10T19:06:57Z,Cincinnati Bengals,Houston Texans,totals,Under,45.5,-110,0.52380952,betus|36ad2fa722f4915ef23d2c81351261de|totals|45.5,0.5,https://api.the-odds-api.com/v4/sports/americanfootball_nfl
2026,1,36ad2fa722f4915ef23d2c81351261de,2026-09-20T17:00:00Z,LowVig.ag,2026-09-10T19:06:24Z,Cincinnati Bengals,Houston Texans,spreads,Cincinnati Bengals,3.0,-108,0.51923077,lowvig|36ad2fa722f4915ef23d2c81351261de|spreads|event,0.50697155,https://api.the-odds-api.com/v4/sports/americanfootball_nfl
2026,1,36ad2fa722f4915ef23d2c81351261de,2026-09-20T17:00:00Z,LowVig.ag,2026-09-10T19:06:24Z,Cincinnati Bengals,Houston Texans,spreads,Houston Texans,-3.0,-102,0.5049505,lowvig|36ad2fa722f4915ef23d2c81351261de|spreads|event,0.49302845,https://api.the-odds-api.com/v4/sports/americanfootball_nfl
2026,1,36ad2fa722f4915ef23d2c81351261de,2026-09-20T17:00:00Z,LowVig.ag,2026-09-10T19:06:24Z,Cincinnati Bengals,Houston Texans,totals,Over,46.5,-107,0.51690821,lowvig|36ad2fa722f4915ef23d2c81351261de|totals|46.5,0.5,https://api.the-odds-api.com/v4/sports/americanfootball_nfl
2026,1,36ad2fa722f4915ef23d2c81351261de,2026-09-20T17:00:00Z,LowVig.ag,2026-09-10T19:06:24Z,Cincinnati Bengals,Houston Texans,totals,Under,46.5,-107,0.51690821,lowvig|36ad2fa722f4915ef23d2c81351261de|totals|46.5,0.5,https://api.the-odds-api.com/v4/sports/americanfootball_nfl
2026,1,36ad2fa722f4915ef23d2c81351261de,2026-09-20T17:00:00Z,BetOnline.ag,2026-09-10T19:06:22Z,Cincinnati Bengals,Houston Texans,spreads,Cincinnati Bengals,3.0,-113,0.53051643,betonlineag|36ad2fa722f4915ef23d2c81351261de|spreads|event,0.50649604,https://api.the-odds-api.com/v4/sports/americanfootball_nfl
2026,1,36ad2fa722f4915ef23d2c81351261de,2026-09-20T17:00:00Z,BetOnline.ag,2026-09-10T19:06:22Z,Cincinnati Bengals,Houston Texans,spreads,Houston Texans,-3.0,-107,0.51690821,betonlineag|36ad2fa722f4915ef23d2c81351261de|spreads|event,0.49350396,https://api.the-odds-api.com/v4/sports/americanfootball_nfl
2026,1,36ad2fa722f4915ef23d2c81351261de,2026-09-20T17:00:00Z,BetOnline.ag,2026-09-10T19:06:22Z,Cincinnati Bengals,Houston Texans,totals,Over,46.5,-110,0.52380952,betonlineag|36ad2fa722f4915ef23d2c81351261de|totals|46.5,0.5,https://api.the-odds-api.com/v4/sports/americanfootball_nfl
2026,1,36ad2fa722f4915ef23d2c81351261de,2026-09-20T17:00:00Z,BetOnline.ag,2026-09-10T19:06:22Z,Cincinnati Bengals,Houston Texans,totals,Under,46.5,-110,0.52380952,betonlineag|36ad2fa722f4915ef23d2c81351261de|totals|46.5,0.5,https://api.the-odds-api.com/v4/sports/americanfootball_nfl
2026,1,36ad2fa722f4915ef23d2c81351261de,2026-09-20T17:00:00Z,FanDuel,2026-09-10T19:07:17Z,Cincinnati Bengals,Houston Texans,h2h,Cincinnati Bengals,,116,0.46296296,fanduel|36ad2fa722f4915ef23d2c81351261de|h2h|event,0.44548474,https://api.the-odds-api.com/v4/sports/americanfootball_nfl
2026,1,36ad2fa722f4915ef23d2c81351261de,2026-09-20T17:00:00Z,FanDuel,2026-09-10T19:07:17Z,Cincinnati Bengals,Houston Texans,h2h,Houston Texans,,-136,0.57627119,fanduel|36ad2fa722f4915ef23d2c81351261de|h2h|event,0.55451526,https://api.the-odds-api.com/v4/sports/americanfootball_nfl
2026,1,36ad2fa722f4915ef23d2c81351261de,2026-09-20T17:00:00Z,FanDuel,2026-09-10T19:07:17Z,Cincinnati Bengals,Houston Texans,spreads,Cincinnati Bengals,2.5,-110,0.52380952,fanduel|36ad2fa722f4915ef23d2c81351261de|spreads|event,0.5,https://api.the-odds-api.com/v4/sports/americanfootball_nfl
2026,1,36ad2fa722f4915ef23d2c81351261de,2026-09-20T17:00:00Z,FanDuel,2026-09-10T19:07:17Z,Cincinnati Bengals,Houston Texans,spreads,Houston Texans,-2.5,-110,0.52380952,fanduel|36ad2fa722f4915ef23d2c81351261de|spreads|event,0.5,https://api.the-odds-api.com/v4/sports/americanfootball_nfl
2026,1,36ad2fa722f4915ef23d2c81351261de,2026-09-20T17:00:00Z,FanDuel,2026-09-10T19:07:17Z,Cincinnati Bengals,Houston Texans,totals,Over,46.5,-110,0.52380952,fanduel|36ad2fa722f4915ef23d2c81351261de|totals|46.5,0.5,https://api.the-odds-api.com/v4/sports/americanfootball_nfl
2026,1,36ad2fa722f4915ef23d2c81351261de,2026-09-20T17:00:00Z,FanDuel,2026-09-10T19:07:17Z,Cincinnati Bengals,Houston Texans,totals,Under,46.5,-110,0.52380952,fanduel|36ad2fa722f4915ef23d2c81351261de|totals|46.5,0.5,https://api.the-odds-api.com/v4/sports/americanfootball_nfl
2026,1,36ad2fa722f4915ef23d2c81351261de,2026-09-20T17:00:00Z,BetRivers,2026-09-10T19:06:57Z,Cincinnati Bengals,Houston Texans,h2h,Cincinnati Bengals,,116,0.46296296,betrivers|36ad2fa722f4915ef23d2c81351261de|h2h|event,0.44174793,https://api.the-odds-api.com/v4/sports/americanfootball_nfl
2026,1,36ad2fa722f4915ef23d2c81351261de,2026-09-20T17:00:00Z,BetRivers,2026-09-10T19:06:57Z,Cincinnati Bengals,Houston Texans,h2h,Houston Texans,,-141,0.58506224,betrivers|36ad2fa722f4915ef23d2c81351261de|h2h|event,0.55825207,https://api.the-odds-api.com/v4/sports/americanfootball_nfl
2026,1,36ad2fa722f4915ef23d2c81351261de,2026-09-20T17:00:00Z,BetRivers,2026-09-10T19:06:57Z,Cincinnati Bengals,Houston Texans,spreads,Cincinnati Bengals,2.5,-109,0.5215311,betrivers|36ad2fa722f4915ef23d2c81351261de|spreads|event,0.4967753,https://api.the-odds-api.com/v4/sports/americanfootball_nfl
2026,1,36ad2fa722f4915ef23d2c81351261de,2026-09-20T17:00:00Z,BetRivers,2026-09-10T19:06:57Z,Cincinnati Bengals,Houston Texans,spreads,Houston Texans,-2.5,-112,0.52830189,betrivers|36ad2fa722f4915ef23d2c81351261de|spreads|event,0.5032247,https://api.the-odds-api.com/v4/sports/americanfootball_nfl
2026,1,36ad2fa722f4915ef23d2c81351261de,2026-09-20T17:00:00Z,BetRivers,2026-09-10T19:06:57Z,Cincinnati Bengals,Houston Texans,totals,Over,46.0,-113,0.53051643,betrivers|36ad2fa722f4915ef23d2c81351261de|totals|46.0,0.50537542,https://api.the-odds-api.com/v4/sports/americanfootball_nfl
2026,1,36ad2fa722f4915ef23d2c81351261de,2026-09-20T17:00:00Z,BetRivers,2026-09-10T19:06:57Z,Cincinnati Bengals,Houston Texans,totals,Under,46.0,-108,0.51923077,betrivers|36ad2fa722f4915ef23d2c81351261de|totals|46.0,0.49462458,https://api.the-odds-api.com/v4/sports/americanfootball_nfl
2026,1,0636ebff776d43f8c829a36713c80b22,2026-09-20T17:00:00Z,DraftKings,2026-09-10T19:06:23Z,Cleveland Browns,Tampa Bay Buccaneers,h2h,Cleveland Browns,,230,0.3030303,draftkings|0636ebff776d43f8c829a36713c80b22|h2h|event,0.29045643,https://api.the-odds-api.com/v4/sports/americanfootball_nfl
2026,1,0636ebff776d43f8c829a36713c80b22,2026-09-20T17:00:00Z,DraftKings,2026-09-10T19:06:23Z,Cleveland Browns,Tampa Bay Buccaneers,h2h,Tampa Bay Buccaneers,,-285,0.74025974,draftkings|0636ebff776d43f8c829a36713c80b22|h2h|event,0.70954357,https://api.the-odds-api.com/v4/sports/americanfootball_nfl
2026,1,0636ebff776d43f8c829a36713c80b22,2026-09-20T17:00:00Z,DraftKings,2026-09-10T19:06:23Z,Cleveland Browns,Tampa Bay Buccaneers,spreads,Cleveland Browns,6.5,-110,0.52380952,draftkings|0636ebff776d43f8c829a36713c80b22|spreads|event,0.5,https://api.the-odds-api.com/v4/sports/americanfootball_nfl
2026,1,0636ebff776d43f8c829a36713c80b22,2026-09-20T17:00:00Z,DraftKings,2026-09-10T19:06:23Z,Cleveland Browns,Tampa Bay Buccaneers,spreads,Tampa Bay Buccaneers,-6.5,-110,0.52380952,draftkings|0636ebff776d43f8c829a36713c80b22|spreads|event,0.5,https://api.the-odds-api.com/v4/sports/americanfootball_nfl
2026,1,0636ebff776d43f8c829a36713c80b22,2026-09-20T17:00:00Z,DraftKings,2026-09-10T19:06:23Z,Cleveland Browns,Tampa Bay Buccaneers,totals,Over,42.5,-110,0.52380952,draftkings|0636ebff776d43f8c829a36713c80b22|totals|42.5,0.5,https://api.the-odds-api.com/v4/sports/americanfootball_nfl
2026,1,0636ebff776d43f8c829a36713c80b22,2026-09-20T17:00:00Z,DraftKings,2026-09-10T19:06:23Z,Cleveland Browns,Tampa Bay Buccaneers,totals,Under,42.5,-110,0.52380952,draftkings|0636ebff776d43f8c829a36713c80b22|totals|42.5,0.5,https://api.the-odds-api.com/v4/sports/americanfootball_nfl
2026,1,0636ebff776d43f8c829a36713c80b22,2026-09-20T17:00:00Z,BetUS,2026-09-10T19:06:57Z,Cleveland Browns,Tampa Bay Buccaneers,spreads,Cleveland Browns,6.5,-110,0.52380952,betus|0636ebff776d43f8c829a36713c80b22|spreads|event,0.5,https://api.the-odds-api.com/v4/sports/americanfootball_nfl
2026,1,0636ebff776d43f8c829a36713c80b22,2026-09-20T17:00:00Z,BetUS,2026-09-10T19:06:57Z,Cleveland Browns,Tampa Bay Buccaneers,spreads,Tampa Bay Buccaneers,-6.5,-110,0.52380952,betus|0636ebff776d43f8c829a36713c80b22|spreads|event,0.5,https://api.the-odds-api.com/v4/sports/americanfootball_nfl
2026,1,0636ebff776d43f8c829a36713c80b22,2026-09-20T17:00:00Z,BetUS,2026-09-10T19:06:57Z,Cleveland Browns,Tampa Bay Buccaneers,totals,Over,41.5,-110,0.52380952,betus|0636ebff776d43f8c829a36713c80b22|totals|41.5,0.5,https://api.the-odds-api.com/v4/sports/americanfootball_nfl
2026,1,0636ebff776d43f8c829a36713c80b22,2026-09-20T17:00:00Z,BetUS,2026-09-10T19:06:57Z,Cleveland Browns,Tampa Bay Buccaneers,totals,Under,41.5,-110,0.52380952,betus|0636ebff776d43f8c829a36713c80b22|totals|41.5,0.5,https://api.the-odds-api.com/v4/sports/americanfootball_nfl
2026,1,0636ebff776d43f8c829a36713c80b22,2026-09-20T17:00:00Z,LowVig.ag,2026-09-10T19:06:24Z,Cleveland Browns,Tampa Bay Buccaneers,spreads,Cleveland Browns,6.5,-105,0.51219512,lowvig|0636ebff776d43f8c829a36713c80b22|spreads|event,0.5,https://api.the-odds-api.com/v4/sports/americanfootball_nfl
2026,1,0636ebff776d43f8c829a36713c80b22,2026-09-20T17:00:00Z,LowVig.ag,2026-09-10T19:06:24Z,Cleveland Browns,Tampa Bay Buccaneers,spreads,Tampa Bay Buccaneers,-6.5,-105,0.51219512,lowvig|0636ebff776d43f8c829a36713c80b22|spreads|event,0.5,https://api.the-odds-api.com/v4/sports/americanfootball_nfl
2026,1,0636ebff776d43f8c829a36713c80b22,2026-09-20T17:00:00Z,LowVig.ag,2026-09-10T19:06:24Z,Cleveland Browns,Tampa Bay Buccaneers,totals,Over,42.0,-102,0.5049505,lowvig|0636ebff776d43f8c829a36713c80b22|totals|42.0,0.48765488,https://api.the-odds-api.com/v4/sports/americanfootball_nfl
2026,1,0636ebff776d43f8c829a36713c80b22,2026-09-20T17:00:00Z,LowVig.ag,2026-09-10T19:06:24Z,Cleveland Browns,Tampa Bay Buccaneers,totals,Under,42.0,-113,0.53051643,lowvig|0636ebff776d43f8c829a36713c80b22|totals|42.0,0.51234512,https://api.the-odds-api.com/v4/sports/americanfootball_nfl
2026,1,0636ebff776d43f8c829a36713c80b22,2026-09-20T17:00:00Z,BetOnline.ag,2026-09-10T19:06:22Z,Cleveland Browns,Tampa Bay Buccaneers,spreads,Cleveland Browns,6.5,-110,0.52380952,betonlineag|0636ebff776d43f8c829a36713c80b22|spreads|event,0.5,https://api.the-odds-api.com/v4/sports/americanfootball_nfl
2026,1,0636ebff776d43f8c829a36713c80b22,2026-09-20T17:00:00Z,BetOnline.ag,2026-09-10T19:06:22Z,Cleveland Browns,Tampa Bay Buccaneers,spreads,Tampa Bay Buccaneers,-6.5,-110,0.52380952,betonlineag|0636ebff776d43f8c829a36713c80b22|spreads|event,0.5,https://api.the-odds-api.com/v4/sports/americanfootball_nfl
2026,1,0636ebff776d43f8c829a36713c80b22,2026-09-20T17:00:00Z,BetOnline.ag,2026-09-10T19:06:22Z,Cleveland Browns,Tampa Bay Buccaneers,totals,Over,42.0,-105,0.51219512,betonlineag|0636ebff776d43f8c829a36713c80b22|totals|42.0,0.48916576,https://api.the-odds-api.com/v4/sports/americanfootball_nfl
2026,1,0636ebff776d43f8c829a36713c80b22,2026-09-20T17:00:00Z,BetOnline.ag,2026-09-10T19:06:22Z,Cleveland Browns,Tampa Bay Buccaneers,totals,Under,42.0,-115,0.53488372,betonlineag|0636ebff776d43f8c829a36713c80b22|totals|42.0,0.51083424,https://api.the-odds-api.com/v4/sports/americanfootball_nfl
2026,1,0636ebff776d43f8c829a36713c80b22,2026-09-20T17:00:00Z,FanDuel,2026-09-10T19:07:17Z,Cleveland Browns,Tampa Bay Buccaneers,h2h,Cleveland Browns,,265,0.2739726,fanduel|0636ebff776d43f8c829a36713c80b22|h2h|event,0.26307739,https://api.the-odds-api.com/v4/sports/americanfootball_nfl
2026,1,0636ebff776d43f8c829a36713c80b22,2026-09-20T17:00:00Z,FanDuel,2026-09-10T19:07:17Z,Cleveland Browns,Tampa Bay Buccaneers,h2h,Tampa Bay Buccaneers,,-330,0.76744186,fanduel|0636ebff776d43f8c829a36713c80b22|h2h|event,0.73692261,https://api.the-odds-api.com/v4/sports/americanfootball_nfl
2026,1,0636ebff776d43f8c829a36713c80b22,2026-09-20T17:00:00Z,FanDuel,2026-09-10T19:07:17Z,Cleveland Browns,Tampa Bay Buccaneers,spreads,Cleveland Browns,6.5,-105,0.51219512,fanduel|0636ebff776d43f8c829a36713c80b22|spreads|event,0.48916576,https://api.the-odds-api.com/v4/sports/americanfootball_nfl
2026,1,0636ebff776d43f8c829a36713c80b22,2026-09-20T17:00:00Z,FanDuel,2026-09-10T19:07:17Z,Cleveland Browns,Tampa Bay Buccaneers,spreads,Tampa Bay Buccaneers,-6.5,-115,0.53488372,fanduel|0636ebff776d43f8c829a36713c80b22|spreads|event,0.51083424,https://api.the-odds-api.com/v4/sports/americanfootball_nfl
2026,1,0636ebff776d43f8c829a36713c80b22,2026-09-20T17:00:00Z,FanDuel,2026-09-10T19:07:17Z,Cleveland Browns,Tampa Bay Buccaneers,totals,Over,40.5,-105,0.51219512,fanduel|0636ebff776d43f8c829a36713c80b22|totals|40.5,0.48916576,https://api.the-odds-api.com/v4/sports/americanfootball_nfl
2026,1,0636ebff776d43f8c829a36713c80b22,2026-09-20T17:00:00Z,FanDuel,2026-09-10T19:07:17Z,Cleveland Browns,Tampa Bay Buccaneers,totals,Under,40.5,-115,0.53488372,fanduel|0636ebff776d43f8c829a36713c80b22|totals|40.5,0.51083424,https://api.the-odds-api.com/v4/sports/americanfootball_nfl
2026,1,0636ebff776d43f8c829a36713c80b22,2026-09-20T17:00:00Z,BetRivers,2026-09-10T19:06:57Z,Cleveland Browns,Tampa Bay Buccaneers,h2h,Cleveland Browns,,230,0.3030303,betrivers|0636ebff776d43f8c829a36713c80b22|h2h|event,0.28863719,https://api.the-odds-api.com/v4/sports/americanfootball_nfl
2026,1,0636ebff776d43f8c829a36713c80b22,2026-09-20T17:00:00Z,BetRivers,2026-09-10T19:06:57Z,Cleveland Browns,Tampa Bay Buccaneers,h2h,Tampa Bay Buccaneers,,-295,0.74683544,betrivers|0636ebff776d43f8c829a36713c80b22|h2h|event,0.71136281,https://api.the-odds-api.com/v4/sports/americanfootball_nfl
2026,1,0636ebff776d43f8c829a36713c80b22,2026-09-20T17:00:00Z,BetRivers,2026-09-10T19:06:57Z,Cleveland Browns,Tampa Bay Buccaneers,spreads,Cleveland Browns,6.5,-110,0.52380952,betrivers|0636ebff776d43f8c829a36713c80b22|spreads|event,0.5,https://api.the-odds-api.com/v4/sports/americanfootball_nfl
2026,1,0636ebff776d43f8c829a36713c80b22,2026-09-20T17:00:00Z,BetRivers,2026-09-10T19:06:57Z,Cleveland Browns,Tampa Bay Buccaneers,spreads,Tampa Bay Buccaneers,-6.5,-110,0.52380952,betrivers|0636ebff776d43f8c829a36713c80b22|spreads|event,0.5,https://api.the-odds-api.com/v4/sports/americanfootball_nfl
2026,1,0636ebff776d43f8c829a36713c80b22,2026-09-20T17:00:00Z,BetRivers,2026-09-10T19:06:57Z,Cleveland Browns,Tampa Bay Buccaneers,totals,Over,41.5,-110,0.52380952,betrivers|0636ebff776d43f8c829a36713c80b22|totals|41.5,0.5,https://api.the-odds-api.com/v4/sports/americanfootball_nfl
2026,1,0636ebff776d43f8c829a36713c80b22,2026-09-20T17:00:00Z,BetRivers,2026-09-10T19:06:57Z,Cleveland Browns,Tampa Bay Buccaneers,totals,Under,41.5,-110,0.52380952,betrivers|0636ebff776d43f8c829a36713c80b22|totals|41.5,0.5,https://api.the-odds-api.com/v4/sports/americanfootball_nfl
2026,1,4aeee070bb6ec60bdfae4dede61b9014,2026-09-20T17:00:00Z,DraftKings,2026-09-10T19:06:23Z,Green Bay Packers,New York Jets,h2h,Green Bay Packers,,-245,0.71014493,draftkings|4aeee070bb6ec60bdfae4dede61b9014|h2h|event,0.68055556,https://api.the-odds-api.com/v4/sports/americanfootball_nfl
2026,1,4aeee070bb6ec60bdfae4dede61b9014,2026-09-20T17:00:00Z,DraftKings,2026-09-10T19:06:23Z,Green Bay Packers,New York Jets,h2h,New York Jets,,200,0.33333333,draftkings|4aeee070bb6ec60bdfae4dede61b9014|h2h|event,0.31944444,https://api.the-odds-api.com/v4/sports/americanfootball_nfl
2026,1,4aeee070bb6ec60bdfae4dede61b9014,2026-09-20T17:00:00Z,DraftKings,2026-09-10T19:06:23Z,Green Bay Packers,New York Jets,spreads,Green Bay Packers,-5.5,-110,0.52380952,draftkings|4aeee070bb6ec60bdfae4dede61b9014|spreads|event,0.5,https://api.the-odds-api.com/v4/sports/americanfootball_nfl
2026,1,4aeee070bb6ec60bdfae4dede61b9014,2026-09-20T17:00:00Z,DraftKings,2026-09-10T19:06:23Z,Green Bay Packers,New York Jets,spreads,New York Jets,5.5,-110,0.52380952,draftkings|4aeee070bb6ec60bdfae4dede61b9014|spreads|event,0.5,https://api.the-odds-api.com/v4/sports/americanfootball_nfl
2026,1,4aeee070bb6ec60bdfae4dede61b9014,2026-09-20T17:00:00Z,DraftKings,2026-09-10T19:06:23Z,Green Bay Packers,New York Jets,totals,Over,42.5,-110,0.52380952,draftkings|4aeee070bb6ec60bdfae4dede61b9014|totals|42.5,0.5,https://api.the-odds-api.com/v4/sports/americanfootball_nfl
2026,1,4aeee070bb6ec60bdfae4dede61b9014,2026-09-20T17:00:00Z,DraftKings,2026-09-10T19:06:23Z,Green Bay Packers,New York Jets,totals,Under,42.5,-110,0.52380952,draftkings|4aeee070bb6ec60bdfae4dede61b9014|totals|42.5,0.5,https://api.the-odds-api.com/v4/sports/americanfootball_nfl
2026,1,4aeee070bb6ec60bdfae4dede61b9014,2026-09-20T17:00:00Z,LowVig.ag,2026-09-10T19:06:24Z,Green Bay Packers,New York Jets,spreads,Green Bay Packers,-5.5,100,0.5,lowvig|4aeee070bb6ec60bdfae4dede61b9014|spreads|event,0.48837209,https://api.the-odds-api.com/v4/sports/americanfootball_nfl
2026,1,4aeee070bb6ec60bdfae4dede61b9014,2026-09-20T17:00:00Z,LowVig.ag,2026-09-10T19:06:24Z,Green Bay Packers,New York Jets,spreads,New York Jets,5.5,-110,0.52380952,lowvig|4aeee070bb6ec60bdfae4dede61b9014|spreads|event,0.51162791,https://api.the-odds-api.com/v4/sports/americanfootball_nfl
2026,1,4aeee070bb6ec60bdfae4dede61b9014,2026-09-20T17:00:00Z,LowVig.ag,2026-09-10T19:06:24Z,Green Bay Packers,New York Jets,totals,Over,42.5,-107,0.51690821,lowvig|4aeee070bb6ec60bdfae4dede61b9014|totals|42.5,0.5,https://api.the-odds-api.com/v4/sports/americanfootball_nfl
2026,1,4aeee070bb6ec60bdfae4dede61b9014,2026-09-20T17:00:00Z,LowVig.ag,2026-09-10T19:06:24Z,Green Bay Packers,New York Jets,totals,Under,42.5,-107,0.51690821,lowvig|4aeee070bb6ec60bdfae4dede61b9014|totals|42.5,0.5,https://api.the-odds-api.com/v4/sports/americanfootball_nfl
2026,1,4aeee070bb6ec60bdfae4dede61b9014,2026-09-20T17:00:00Z,BetOnline.ag,2026-09-10T19:06:22Z,Green Bay Packers,New York Jets,spreads,Green Bay Packers,-5.5,-105,0.51219512,betonlineag|4aeee070bb6ec60bdfae4dede61b9014|spreads|event,0.48916576,https://api.the-odds-api.com/v4/sports/americanfootball_nfl
2026,1,4aeee070bb6ec60bdfae4dede61b9014,2026-09-20T17:00:00Z,BetOnline.ag,2026-09-10T19:06:22Z,Green Bay Packers,New York Jets,spreads,New York Jets,5.5,-115,0.53488372,betonlineag|4aeee070bb6ec60bdfae4dede61b9014|spreads|event,0.51083424,https://api.the-odds-api.com/v4/sports/americanfootball_nfl
2026,1,4aeee070bb6ec60bdfae4dede61b9014,2026-09-20T17:00:00Z,BetOnline.ag,2026-09-10T19:06:22Z,Green Bay Packers,New York Jets,totals,Over,42.5,-110,0.52380952,betonlineag|4aeee070bb6ec60bdfae4dede61b9014|totals|42.5,0.5,https://api.the-odds-api.com/v4/sports/americanfootball_nfl
2026,1,4aeee070bb6ec60bdfae4dede61b9014,2026-09-20T17:00:00Z,BetOnline.ag,2026-09-10T19:06:22Z,Green Bay Packers,New York Jets,totals,Under,42.5,-110,0.52380952,betonlineag|4aeee070bb6ec60bdfae4dede61b9014|totals|42.5,0.5,https://api.the-odds-api.com/v4/sports/americanfootball_nfl
2026,1,4aeee070bb6ec60bdfae4dede61b9014,2026-09-20T17:00:00Z,BetUS,2026-09-10T19:06:57Z,Green Bay Packers,New York Jets,spreads,Green Bay Packers,-5.5,-105,0.51219512,betus|4aeee070bb6ec60bdfae4dede61b9014|spreads|event,0.48916576,https://api.the-odds-api.com/v4/sports/americanfootball_nfl
2026,1,4aeee070bb6ec60bdfae4dede61b9014,2026-09-20T17:00:00Z,BetUS,2026-09-10T19:06:57Z,Green Bay Packers,New York Jets,spreads,New York Jets,5.5,-115,0.53488372,betus|4aeee070bb6ec60bdfae4dede61b9014|spreads|event,0.51083424,https://api.the-odds-api.com/v4/sports/americanfootball_nfl
2026,1,4aeee070bb6ec60bdfae4dede61b9014,2026-09-20T17:00:00Z,BetUS,2026-09-10T19:06:57Z,Green Bay Packers,New York Jets,totals,Over,42.5,-110,0.52380952,betus|4aeee070bb6ec60bdfae4dede61b9014|totals|42.5,0.5,https://api.the-odds-api.com/v4/sports/americanfootball_nfl
2026,1,4aeee070bb6ec60bdfae4dede61b9014,2026-09-20T17:00:00Z,BetUS,2026-09-10T19:06:57Z,Green Bay Packers,New York Jets,totals,Under,42.5,-110,0.52380952,betus|4aeee070bb6ec60bdfae4dede61b9014|totals|42.5,0.5,https://api.the-odds-api.com/v4/sports/americanfootball_nfl
2026,1,4aeee070bb6ec60bdfae4dede61b9014,2026-09-20T17:00:00Z,FanDuel,2026-09-10T19:07:17Z,Green Bay Packers,New York Jets,h2h,Green Bay Packers,,-245,0.71014493,fanduel|4aeee070bb6ec60bdfae4dede61b9014|h2h|event,0.68055556,https://api.the-odds-api.com/v4/sports/americanfootball_nfl
2026,1,4aeee070bb6ec60bdfae4dede61b9014,2026-09-20T17:00:00Z,FanDuel,2026-09-10T19:07:17Z,Green Bay Packers,New York Jets,h2h,New York Jets,,200,0.33333333,fanduel|4aeee070bb6ec60bdfae4dede61b9014|h2h|event,0.31944444,https://api.the-odds-api.com/v4/sports/americanfootball_nfl
2026,1,4aeee070bb6ec60bdfae4dede61b9014,2026-09-20T17:00:00Z,FanDuel,2026-09-10T19:07:17Z,Green Bay Packers,New York Jets,spreads,Green Bay Packers,-5.5,-110,0.52380952,fanduel|4aeee070bb6ec60bdfae4dede61b9014|spreads|event,0.5,https://api.the-odds-api.com/v4/sports/americanfootball_nfl
2026,1,4aeee070bb6ec60bdfae4dede61b9014,2026-09-20T17:00:00Z,FanDuel,2026-09-10T19:07:17Z,Green Bay Packers,New York Jets,spreads,New York Jets,5.5,-110,0.52380952,fanduel|4aeee070bb6ec60bdfae4dede61b9014|spreads|event,0.5,https://api.the-odds-api.com/v4/sports/americanfootball_nfl
2026,1,4aeee070bb6ec60bdfae4dede61b9014,2026-09-20T17:00:00Z,FanDuel,2026-09-10T19:07:17Z,Green Bay Packers,New York Jets,totals,Over,42.5,-118,0.5412844,fanduel|4aeee070bb6ec60bdfae4dede61b9014|totals|42.5,0.51497518,https://api.the-odds-api.com/v4/sports/americanfootball_nfl
2026,1,4aeee070bb6ec60bdfae4dede61b9014,2026-09-20T17:00:00Z,FanDuel,2026-09-10T19:07:17Z,Green Bay Packers,New York Jets,totals,Under,42.5,-104,0.50980392,fanduel|4aeee070bb6ec60bdfae4dede61b9014|totals|42.5,0.48502482,https://api.the-odds-api.com/v4/sports/americanfootball_nfl
2026,1,4aeee070bb6ec60bdfae4dede61b9014,2026-09-20T17:00:00Z,BetRivers,2026-09-10T19:06:57Z,Green Bay Packers,New York Jets,h2h,Green Bay Packers,,-245,0.71014493,betrivers|4aeee070bb6ec60bdfae4dede61b9014|h2h|event,0.68055556,https://api.the-odds-api.com/v4/sports/americanfootball_nfl
2026,1,4aeee070bb6ec60bdfae4dede61b9014,2026-09-20T17:00:00Z,BetRivers,2026-09-10T19:06:57Z,Green Bay Packers,New York Jets,h2h,New York Jets,,200,0.33333333,betrivers|4aeee070bb6ec60bdfae4dede61b9014|h2h|event,0.31944444,https://api.the-odds-api.com/v4/sports/americanfootball_nfl
2026,1,4aeee070bb6ec60bdfae4dede61b9014,2026-09-20T17:00:00Z,BetRivers,2026-09-10T19:06:57Z,Green Bay Packers,New York Jets,spreads,Green Bay Packers,-5.5,-112,0.52830189,betrivers|4aeee070bb6ec60bdfae4dede61b9014|spreads|event,0.5032247,https://api.the-odds-api.com/v4/sports/americanfootball_nfl
2026,1,4aeee070bb6ec60bdfae4dede61b9014,2026-09-20T17:00:00Z,BetRivers,2026-09-10T19:06:57Z,Green Bay Packers,New York Jets,spreads,New York Jets,5.5,-109,0.5215311,betrivers|4aeee070bb6ec60bdfae4dede61b9014|spreads|event,0.4967753,https://api.the-odds-api.com/v4/sports/americanfootball_nfl
2026,1,4aeee070bb6ec60bdfae4dede61b9014,2026-09-20T17:00:00Z,BetRivers,2026-09-10T19:06:57Z,Green Bay Packers,New York Jets,totals,Over,42.5,-112,0.52830189,betrivers|4aeee070bb6ec60bdfae4dede61b9014|totals|42.5,0.5032247,https://api.the-odds-api.com/v4/sports/americanfootball_nfl
2026,1,4aeee070bb6ec60bdfae4dede61b9014,2026-09-20T17:00:00Z,BetRivers,2026-09-10T19:06:57Z,Green Bay Packers,New York Jets,totals,Under,42.5,-109,0.5215311,betrivers|4aeee070bb6ec60bdfae4dede61b9014|totals|42.5,0.4967753,https://api.the-odds-api.com/v4/sports/americanfootball_nfl
2026,1,fafc649c455e32a0f2ba1bd06e2039bc,2026-09-20T17:00:00Z,DraftKings,2026-09-10T19:06:23Z,Philadelphia Eagles,Tennessee Titans,h2h,Philadelphia Eagles,,-230,0.6969697,draftkings|fafc649c455e32a0f2ba1bd06e2039bc|h2h|event,0.66900702,https://api.the-odds-api.com/v4/sports/americanfootball_nfl
2026,1,fafc649c455e32a0f2ba1bd06e2039bc,2026-09-20T17:00:00Z,DraftKings,2026-09-10T19:06:23Z,Philadelphia Eagles,Tennessee Titans,h2h,Tennessee Titans,,190,0.34482759,draftkings|fafc649c455e32a0f2ba1bd06e2039bc|h2h|event,0.33099298,https://api.the-odds-api.com/v4/sports/americanfootball_nfl
2026,1,fafc649c455e32a0f2ba1bd06e2039bc,2026-09-20T17:00:00Z,DraftKings,2026-09-10T19:06:23Z,Philadelphia Eagles,Tennessee Titans,spreads,Philadelphia Eagles,-5.5,-110,0.52380952,draftkings|fafc649c455e32a0f2ba1bd06e2039bc|spreads|event,0.5,https://api.the-odds-api.com/v4/sports/americanfootball_nfl
2026,1,fafc649c455e32a0f2ba1bd06e2039bc,2026-09-20T17:00:00Z,DraftKings,2026-09-10T19:06:23Z,Philadelphia Eagles,Tennessee Titans,spreads,Tennessee Titans,5.5,-110,0.52380952,draftkings|fafc649c455e32a0f2ba1bd06e2039bc|spreads|event,0.5,https://api.the-odds-api.com/v4/sports/americanfootball_nfl
2026,1,fafc649c455e32a0f2ba1bd06e2039bc,2026-09-20T17:00:00Z,DraftKings,2026-09-10T19:06:23Z,Philadelphia Eagles,Tennessee Titans,totals,Over,42.5,-110,0.52380952,draftkings|fafc649c455e32a0f2ba1bd06e2039bc|totals|42.5,0.5,https://api.the-odds-api.com/v4/sports/americanfootball_nfl
2026,1,fafc649c455e32a0f2ba1bd06e2039bc,2026-09-20T17:00:00Z,DraftKings,2026-09-10T19:06:23Z,Philadelphia Eagles,Tennessee Titans,totals,Under,42.5,-110,0.52380952,draftkings|fafc649c455e32a0f2ba1bd06e2039bc|totals|42.5,0.5,https://api.the-odds-api.com/v4/sports/americanfootball_nfl
2026,1,fafc649c455e32a0f2ba1bd06e2039bc,2026-09-20T17:00:00Z,BetUS,2026-09-10T19:06:57Z,Philadelphia Eagles,Tennessee Titans,spreads,Philadelphia Eagles,-4.5,-110,0.52380952,betus|fafc649c455e32a0f2ba1bd06e2039bc|spreads|event,0.5,https://api.the-odds-api.com/v4/sports/americanfootball_nfl
2026,1,fafc649c455e32a0f2ba1bd06e2039bc,2026-09-20T17:00:00Z,BetUS,2026-09-10T19:06:57Z,Philadelphia Eagles,Tennessee Titans,spreads,Tennessee Titans,4.5,-110,0.52380952,betus|fafc649c455e32a0f2ba1bd06e2039bc|spreads|event,0.5,https://api.the-odds-api.com/v4/sports/americanfootball_nfl
2026,1,fafc649c455e32a0f2ba1bd06e2039bc,2026-09-20T17:00:00Z,BetUS,2026-09-10T19:06:57Z,Philadelphia Eagles,Tennessee Titans,totals,Over,42.5,-110,0.52380952,betus|fafc649c455e32a0f2ba1bd06e2039bc|totals|42.5,0.5,https://api.the-odds-api.com/v4/sports/americanfootball_nfl
2026,1,fafc649c455e32a0f2ba1bd06e2039bc,2026-09-20T17:00:00Z,BetUS,2026-09-10T19:06:57Z,Philadelphia Eagles,Tennessee Titans,totals,Under,42.5,-110,0.52380952,betus|fafc649c455e32a0f2ba1bd06e2039bc|totals|42.5,0.5,https://api.the-odds-api.com/v4/sports/americanfootball_nfl
2026,1,fafc649c455e32a0f2ba1bd06e2039bc,2026-09-20T17:00:00Z,LowVig.ag,2026-09-10T19:06:24Z,Philadelphia Eagles,Tennessee Titans,spreads,Philadelphia Eagles,-4.5,-105,0.51219512,lowvig|fafc649c455e32a0f2ba1bd06e2039bc|spreads|event,0.5,https://api.the-odds-api.com/v4/sports/americanfootball_nfl
2026,1,fafc649c455e32a0f2ba1bd06e2039bc,2026-09-20T17:00:00Z,LowVig.ag,2026-09-10T19:06:24Z,Philadelphia Eagles,Tennessee Titans,spreads,Tennessee Titans,4.5,-105,0.51219512,lowvig|fafc649c455e32a0f2ba1bd06e2039bc|spreads|event,0.5,https://api.the-odds-api.com/v4/sports/americanfootball_nfl
2026,1,fafc649c455e32a0f2ba1bd06e2039bc,2026-09-20T17:00:00Z,LowVig.ag,2026-09-10T19:06:24Z,Philadelphia Eagles,Tennessee Titans,totals,Over,42.5,-107,0.51690821,lowvig|fafc649c455e32a0f2ba1bd06e2039bc|totals|42.5,0.5,https://api.the-odds-api.com/v4/sports/americanfootball_nfl
2026,1,fafc649c455e32a0f2ba1bd06e2039bc,2026-09-20T17:00:00Z,LowVig.ag,2026-09-10T19:06:24Z,Philadelphia Eagles,Tennessee Titans,totals,Under,42.5,-107,0.51690821,lowvig|fafc649c455e32a0f2ba1bd06e2039bc|totals|42.5,0.5,https://api.the-odds-api.com/v4/sports/americanfootball_nfl
2026,1,fafc649c455e32a0f2ba1bd06e2039bc,2026-09-20T17:00:00Z,BetOnline.ag,2026-09-10T19:06:22Z,Philadelphia Eagles,Tennessee Titans,spreads,Philadelphia Eagles,-4.5,-110,0.52380952,betonlineag|fafc649c455e32a0f2ba1bd06e2039bc|spreads|event,0.5,https://api.the-odds-api.com/v4/sports/americanfootball_nfl
2026,1,fafc649c455e32a0f2ba1bd06e2039bc,2026-09-20T17:00:00Z,BetOnline.ag,2026-09-10T19:06:22Z,Philadelphia Eagles,Tennessee Titans,spreads,Tennessee Titans,4.5,-110,0.52380952,betonlineag|fafc649c455e32a0f2ba1bd06e2039bc|spreads|event,0.5,https://api.the-odds-api.com/v4/sports/americanfootball_nfl
2026,1,fafc649c455e32a0f2ba1bd06e2039bc,2026-09-20T17:00:00Z,BetOnline.ag,2026-09-10T19:06:22Z,Philadelphia Eagles,Tennessee Titans,totals,Over,42.5,-110,0.52380952,betonlineag|fafc649c455e32a0f2ba1bd06e2039bc|totals|42.5,0.5,https://api.the-odds-api.com/v4/sports/americanfootball_nfl
2026,1,fafc649c455e32a0f2ba1bd06e2039bc,2026-09-20T17:00:00Z,BetOnline.ag,2026-09-10T19:06:22Z,Philadelphia Eagles,Tennessee Titans,totals,Under,42.5,-110,0.52380952,betonlineag|fafc649c455e32a0f2ba1bd06e2039bc|totals|42.5,0.5,https://api.the-odds-api.com/v4/sports/americanfootball_nfl
2026,1,fafc649c455e32a0f2ba1bd06e2039bc,2026-09-20T17:00:00Z,FanDuel,2026-09-10T19:07:17Z,Philadelphia Eagles,Tennessee Titans,h2h,Philadelphia Eagles,,-255,0.71830986,fanduel|fafc649c455e32a0f2ba1bd06e2039bc|h2h|event,0.69009166,https://api.the-odds-api.com/v4/sports/americanfootball_nfl
2026,1,fafc649c455e32a0f2ba1bd06e2039bc,2026-09-20T17:00:00Z,FanDuel,2026-09-10T19:07:17Z,Philadelphia Eagles,Tennessee Titans,h2h,Tennessee Titans,,210,0.32258065,fanduel|fafc649c455e32a0f2ba1bd06e2039bc|h2h|event,0.30990834,https://api.the-odds-api.com/v4/sports/americanfootball_nfl
2026,1,fafc649c455e32a0f2ba1bd06e2039bc,2026-09-20T17:00:00Z,FanDuel,2026-09-10T19:07:17Z,Philadelphia Eagles,Tennessee Titans,spreads,Philadelphia Eagles,-5.5,-110,0.52380952,fanduel|fafc649c455e32a0f2ba1bd06e2039bc|spreads|event,0.5,https://api.the-odds-api.com/v4/sports/americanfootball_nfl
2026,1,fafc649c455e32a0f2ba1bd06e2039bc,2026-09-20T17:00:00Z,FanDuel,2026-09-10T19:07:17Z,Philadelphia Eagles,Tennessee Titans,spreads,Tennessee Titans,5.5,-110,0.52380952,fanduel|fafc649c455e32a0f2ba1bd06e2039bc|spreads|event,0.5,https://api.the-odds-api.com/v4/sports/americanfootball_nfl
2026,1,fafc649c455e32a0f2ba1bd06e2039bc,2026-09-20T17:00:00Z,FanDuel,2026-09-10T19:07:17Z,Philadelphia Eagles,Tennessee Titans,totals,Over,41.5,-115,0.53488372,fanduel|fafc649c455e32a0f2ba1bd06e2039bc|totals|41.5,0.51083424,https://api.the-odds-api.com/v4/sports/americanfootball_nfl
2026,1,fafc649c455e32a0f2ba1bd06e2039bc,2026-09-20T17:00:00Z,FanDuel,2026-09-10T19:07:17Z,Philadelphia Eagles,Tennessee Titans,totals,Under,41.5,-105,0.51219512,fanduel|fafc649c455e32a0f2ba1bd06e2039bc|totals|41.5,0.48916576,https://api.the-odds-api.com/v4/sports/americanfootball_nfl
2026,1,fafc649c455e32a0f2ba1bd06e2039bc,2026-09-20T17:00:00Z,BetRivers,2026-09-10T19:06:57Z,Philadelphia Eagles,Tennessee Titans,h2h,Philadelphia Eagles,,-245,0.71014493,betrivers|fafc649c455e32a0f2ba1bd06e2039bc|h2h|event,0.68055556,https://api.the-odds-api.com/v4/sports/americanfootball_nfl
2026,1,fafc649c455e32a0f2ba1bd06e2039bc,2026-09-20T17:00:00Z,BetRivers,2026-09-10T19:06:57Z,Philadelphia Eagles,Tennessee Titans,h2h,Tennessee Titans,,200,0.33333333,betrivers|fafc649c455e32a0f2ba1bd06e2039bc|h2h|event,0.31944444,https://api.the-odds-api.com/v4/sports/americanfootball_nfl
2026,1,fafc649c455e32a0f2ba1bd06e2039bc,2026-09-20T17:00:00Z,BetRivers,2026-09-10T19:06:57Z,Philadelphia Eagles,Tennessee Titans,spreads,Philadelphia Eagles,-5.5,-110,0.52380952,betrivers|fafc649c455e32a0f2ba1bd06e2039bc|spreads|event,0.5,https://api.the-odds-api.com/v4/sports/americanfootball_nfl
2026,1,fafc649c455e32a0f2ba1bd06e2039bc,2026-09-20T17:00:00Z,BetRivers,2026-09-10T19:06:57Z,Philadelphia Eagles,Tennessee Titans,spreads,Tennessee Titans,5.5,-110,0.52380952,betrivers|fafc649c455e32a0f2ba1bd06e2039bc|spreads|event,0.5,https://api.the-odds-api.com/v4/sports/americanfootball_nfl
2026,1,fafc649c455e32a0f2ba1bd06e2039bc,2026-09-20T17:00:00Z,BetRivers,2026-09-10T19:06:57Z,Philadelphia Eagles,Tennessee Titans,totals,Over,42.5,-110,0.52380952,betrivers|fafc649c455e32a0f2ba1bd06e2039bc|totals|42.5,0.5,https://api.the-odds-api.com/v4/sports/americanfootball_nfl
2026,1,fafc649c455e32a0f2ba1bd06e2039bc,2026-09-20T17:00:00Z,BetRivers,2026-09-10T19:06:57Z,Philadelphia Eagles,Tennessee Titans,totals,Under,42.5,-110,0.52380952,betrivers|fafc649c455e32a0f2ba1bd06e2039bc|totals|42.5,0.5,https://api.the-odds-api.com/v4/sports/americanfootball_nfl
2026,1,1fd6628c781f556a7a19638e97d7107f,2026-09-20T20:05:00Z,DraftKings,2026-09-10T19:06:23Z,Jacksonville Jaguars,Denver Broncos,h2h,Denver Broncos,,-155,0.60784314,draftkings|1fd6628c781f556a7a19638e97d7107f|h2h|event,0.58299264,https://api.the-odds-api.com/v4/sports/americanfootball_nfl
2026,1,1fd6628c781f556a7a19638e97d7107f,2026-09-20T20:05:00Z,DraftKings,2026-09-10T19:06:23Z,Jacksonville Jaguars,Denver Broncos,h2h,Jacksonville Jaguars,,130,0.43478261,draftkings|1fd6628c781f556a7a19638e97d7107f|h2h|event,0.41700736,https://api.the-odds-api.com/v4/sports/americanfootball_nfl
2026,1,1fd6628c781f556a7a19638e97d7107f,2026-09-20T20:05:00Z,DraftKings,2026-09-10T19:06:23Z,Jacksonville Jaguars,Denver Broncos,spreads,Denver Broncos,-3.0,-110,0.52380952,draftkings|1fd6628c781f556a7a19638e97d7107f|spreads|event,0.5,https://api.the-odds-api.com/v4/sports/americanfootball_nfl
2026,1,1fd6628c781f556a7a19638e97d7107f,2026-09-20T20:05:00Z,DraftKings,2026-09-10T19:06:23Z,Jacksonville Jaguars,Denver Broncos,spreads,Jacksonville Jaguars,3.0,-110,0.52380952,draftkings|1fd6628c781f556a7a19638e97d7107f|spreads|event,0.5,https://api.the-odds-api.com/v4/sports/americanfootball_nfl
2026,1,1fd6628c781f556a7a19638e97d7107f,2026-09-20T20:05:00Z,DraftKings,2026-09-10T19:06:23Z,Jacksonville Jaguars,Denver Broncos,totals,Over,43.5,-110,0.52380952,draftkings|1fd6628c781f556a7a19638e97d7107f|totals|43.5,0.5,https://api.the-odds-api.com/v4/sports/americanfootball_nfl
2026,1,1fd6628c781f556a7a19638e97d7107f,2026-09-20T20:05:00Z,DraftKings,2026-09-10T19:06:23Z,Jacksonville Jaguars,Denver Broncos,totals,Under,43.5,-110,0.52380952,draftkings|1fd6628c781f556a7a19638e97d7107f|totals|43.5,0.5,https://api.the-odds-api.com/v4/sports/americanfootball_nfl
2026,1,1fd6628c781f556a7a19638e97d7107f,2026-09-20T20:05:00Z,BetUS,2026-09-10T19:06:57Z,Jacksonville Jaguars,Denver Broncos,spreads,Denver Broncos,-3.0,-115,0.53488372,betus|1fd6628c781f556a7a19638e97d7107f|spreads|event,0.51083424,https://api.the-odds-api.com/v4/sports/americanfootball_nfl
2026,1,1fd6628c781f556a7a19638e97d7107f,2026-09-20T20:05:00Z,BetUS,2026-09-10T19:06:57Z,Jacksonville Jaguars,Denver Broncos,spreads,Jacksonville Jaguars,3.0,-105,0.51219512,betus|1fd6628c781f556a7a19638e97d7107f|spreads|event,0.48916576,https://api.the-odds-api.com/v4/sports/americanfootball_nfl
2026,1,1fd6628c781f556a7a19638e97d7107f,2026-09-20T20:05:00Z,BetUS,2026-09-10T19:06:57Z,Jacksonville Jaguars,Denver Broncos,totals,Over,44.5,-110,0.52380952,betus|1fd6628c781f556a7a19638e97d7107f|totals|44.5,0.5,https://api.the-odds-api.com/v4/sports/americanfootball_nfl
2026,1,1fd6628c781f556a7a19638e97d7107f,2026-09-20T20:05:00Z,BetUS,2026-09-10T19:06:57Z,Jacksonville Jaguars,Denver Broncos,totals,Under,44.5,-110,0.52380952,betus|1fd6628c781f556a7a19638e97d7107f|totals|44.5,0.5,https://api.the-odds-api.com/v4/sports/americanfootball_nfl
2026,1,1fd6628c781f556a7a19638e97d7107f,2026-09-20T20:05:00Z,LowVig.ag,2026-09-10T19:06:24Z,Jacksonville Jaguars,Denver Broncos,spreads,Denver Broncos,-3.0,-110,0.52380952,lowvig|1fd6628c781f556a7a19638e97d7107f|spreads|event,0.51162791,https://api.the-odds-api.com/v4/sports/americanfootball_nfl
2026,1,1fd6628c781f556a7a19638e97d7107f,2026-09-20T20:05:00Z,LowVig.ag,2026-09-10T19:06:24Z,Jacksonville Jaguars,Denver Broncos,spreads,Jacksonville Jaguars,3.0,100,0.5,lowvig|1fd6628c781f556a7a19638e97d7107f|spreads|event,0.48837209,https://api.the-odds-api.com/v4/sports/americanfootball_nfl
2026,1,1fd6628c781f556a7a19638e97d7107f,2026-09-20T20:05:00Z,LowVig.ag,2026-09-10T19:06:24Z,Jacksonville Jaguars,Denver Broncos,totals,Over,44.5,-107,0.51690821,lowvig|1fd6628c781f556a7a19638e97d7107f|totals|44.5,0.5,https://api.the-odds-api.com/v4/sports/americanfootball_nfl
2026,1,1fd6628c781f556a7a19638e97d7107f,2026-09-20T20:05:00Z,LowVig.ag,2026-09-10T19:06:24Z,Jacksonville Jaguars,Denver Broncos,totals,Under,44.5,-107,0.51690821,lowvig|1fd6628c781f556a7a19638e97d7107f|totals|44.5,0.5,https://api.the-odds-api.com/v4/sports/americanfootball_nfl
2026,1,1fd6628c781f556a7a19638e97d7107f,2026-09-20T20:05:00Z,BetOnline.ag,2026-09-10T19:06:22Z,Jacksonville Jaguars,Denver Broncos,spreads,Denver Broncos,-3.0,-115,0.53488372,betonlineag|1fd6628c781f556a7a19638e97d7107f|spreads|event,0.51083424,https://api.the-odds-api.com/v4/sports/americanfootball_nfl
2026,1,1fd6628c781f556a7a19638e97d7107f,2026-09-20T20:05:00Z,BetOnline.ag,2026-09-10T19:06:22Z,Jacksonville Jaguars,Denver Broncos,spreads,Jacksonville Jaguars,3.0,-105,0.51219512,betonlineag|1fd6628c781f556a7a19638e97d7107f|spreads|event,0.48916576,https://api.the-odds-api.com/v4/sports/americanfootball_nfl
2026,1,1fd6628c781f556a7a19638e97d7107f,2026-09-20T20:05:00Z,BetOnline.ag,2026-09-10T19:06:22Z,Jacksonville Jaguars,Denver Broncos,totals,Over,44.5,-110,0.52380952,betonlineag|1fd6628c781f556a7a19638e97d7107f|totals|44.5,0.5,https://api.the-odds-api.com/v4/sports/americanfootball_nfl
2026,1,1fd6628c781f556a7a19638e97d7107f,2026-09-20T20:05:00Z,BetOnline.ag,2026-09-10T19:06:22Z,Jacksonville Jaguars,Denver Broncos,totals,Under,44.5,-110,0.52380952,betonlineag|1fd6628c781f556a7a19638e97d7107f|totals|44.5,0.5,https://api.the-odds-api.com/v4/sports/americanfootball_nfl
2026,1,1fd6628c781f556a7a19638e97d7107f,2026-09-20T20:05:00Z,FanDuel,2026-09-10T19:07:17Z,Jacksonville Jaguars,Denver Broncos,h2h,Denver Broncos,,-142,0.58677686,fanduel|1fd6628c781f556a7a19638e97d7107f|h2h|event,0.56349207,https://api.the-odds-api.com/v4/sports/americanfootball_nfl
2026,1,1fd6628c781f556a7a19638e97d7107f,2026-09-20T20:05:00Z,FanDuel,2026-09-10T19:07:17Z,Jacksonville Jaguars,Denver Broncos,h2h,Jacksonville Jaguars,,120,0.45454545,fanduel|1fd6628c781f556a7a19638e97d7107f|h2h|event,0.43650793,https://api.the-odds-api.com/v4/sports/americanfootball_nfl
2026,1,1fd6628c781f556a7a19638e97d7107f,2026-09-20T20:05:00Z,FanDuel,2026-09-10T19:07:17Z,Jacksonville Jaguars,Denver Broncos,spreads,Denver Broncos,-2.5,-114,0.53271028,fanduel|1fd6628c781f556a7a19638e97d7107f|spreads|event,0.50866401,https://api.the-odds-api.com/v4/sports/americanfootball_nfl
2026,1,1fd6628c781f556a7a19638e97d7107f,2026-09-20T20:05:00Z,FanDuel,2026-09-10T19:07:17Z,Jacksonville Jaguars,Denver Broncos,spreads,Jacksonville Jaguars,2.5,-106,0.51456311,fanduel|1fd6628c781f556a7a19638e97d7107f|spreads|event,0.49133599,https://api.the-odds-api.com/v4/sports/americanfootball_nfl
2026,1,1fd6628c781f556a7a19638e97d7107f,2026-09-20T20:05:00Z,FanDuel,2026-09-10T19:07:17Z,Jacksonville Jaguars,Denver Broncos,totals,Over,44.5,-118,0.5412844,fanduel|1fd6628c781f556a7a19638e97d7107f|totals|44.5,0.51497518,https://api.the-odds-api.com/v4/sports/americanfootball_nfl
2026,1,1fd6628c781f556a7a19638e97d7107f,2026-09-20T20:05:00Z,FanDuel,2026-09-10T19:07:17Z,Jacksonville Jaguars,Denver Broncos,totals,Under,44.5,-104,0.50980392,fanduel|1fd6628c781f556a7a19638e97d7107f|totals|44.5,0.48502482,https://api.the-odds-api.com/v4/sports/americanfootball_nfl
2026,1,1fd6628c781f556a7a19638e97d7107f,2026-09-20T20:05:00Z,BetRivers,2026-09-10T19:06:57Z,Jacksonville Jaguars,Denver Broncos,h2h,Denver Broncos,,-148,0.59677419,betrivers|1fd6628c781f556a7a19638e97d7107f|h2h|event,0.56764296,https://api.the-odds-api.com/v4/sports/americanfootball_nfl
2026,1,1fd6628c781f556a7a19638e97d7107f,2026-09-20T20:05:00Z,BetRivers,2026-09-10T19:06:57Z,Jacksonville Jaguars,Denver Broncos,h2h,Jacksonville Jaguars,,120,0.45454545,betrivers|1fd6628c781f556a7a19638e97d7107f|h2h|event,0.43235704,https://api.the-odds-api.com/v4/sports/americanfootball_nfl
2026,1,1fd6628c781f556a7a19638e97d7107f,2026-09-20T20:05:00Z,BetRivers,2026-09-10T19:06:57Z,Jacksonville Jaguars,Denver Broncos,spreads,Denver Broncos,-3.0,-109,0.5215311,betrivers|1fd6628c781f556a7a19638e97d7107f|spreads|event,0.4967753,https://api.the-odds-api.com/v4/sports/americanfootball_nfl
2026,1,1fd6628c781f556a7a19638e97d7107f,2026-09-20T20:05:00Z,BetRivers,2026-09-10T19:06:57Z,Jacksonville Jaguars,Denver Broncos,spreads,Jacksonville Jaguars,3.0,-112,0.52830189,betrivers|1fd6628c781f556a7a19638e97d7107f|spreads|event,0.5032247,https://api.the-odds-api.com/v4/sports/americanfootball_nfl
2026,1,1fd6628c781f556a7a19638e97d7107f,2026-09-20T20:05:00Z,BetRivers,2026-09-10T19:06:57Z,Jacksonville Jaguars,Denver Broncos,totals,Over,44.5,-110,0.52380952,betrivers|1fd6628c781f556a7a19638e97d7107f|totals|44.5,0.5,https://api.the-odds-api.com/v4/sports/americanfootball_nfl
2026,1,1fd6628c781f556a7a19638e97d7107f,2026-09-20T20:05:00Z,BetRivers,2026-09-10T19:06:57Z,Jacksonville Jaguars,Denver Broncos,totals,Under,44.5,-110,0.52380952,betrivers|1fd6628c781f556a7a19638e97d7107f|totals|44.5,0.5,https://api.the-odds-api.com/v4/sports/americanfootball_nfl
2026,1,71b3b83747589efdc5baef2c5cf811bf,2026-09-20T20:05:00Z,DraftKings,2026-09-10T19:06:23Z,Las Vegas Raiders,Los Angeles Chargers,h2h,Las Vegas Raiders,,310,0.24390244,draftkings|71b3b83747589efdc5baef2c5cf811bf|h2h|event,0.2340979,https://api.the-odds-api.com/v4/sports/americanfootball_nfl
2026,1,71b3b83747589efdc5baef2c5cf811bf,2026-09-20T20:05:00Z,DraftKings,2026-09-10T19:06:23Z,Las Vegas Raiders,Los Angeles Chargers,h2h,Los Angeles Chargers,,-395,0.7979798,draftkings|71b3b83747589efdc5baef2c5cf811bf|h2h|event,0.7659021,https://api.the-odds-api.com/v4/sports/americanfootball_nfl
2026,1,71b3b83747589efdc5baef2c5cf811bf,2026-09-20T20:05:00Z,DraftKings,2026-09-10T19:06:23Z,Las Vegas Raiders,Los Angeles Chargers,spreads,Las Vegas Raiders,9.5,-110,0.52380952,draftkings|71b3b83747589efdc5baef2c5cf811bf|spreads|event,0.5,https://api.the-odds-api.com/v4/sports/americanfootball_nfl
2026,1,71b3b83747589efdc5baef2c5cf811bf,2026-09-20T20:05:00Z,DraftKings,2026-09-10T19:06:23Z,Las Vegas Raiders,Los Angeles Chargers,spreads,Los Angeles Chargers,-9.5,-110,0.52380952,draftkings|71b3b83747589efdc5baef2c5cf811bf|spreads|event,0.5,https://api.the-odds-api.com/v4/sports/americanfootball_nfl
2026,1,71b3b83747589efdc5baef2c5cf811bf,2026-09-20T20:05:00Z,DraftKings,2026-09-10T19:06:23Z,Las Vegas Raiders,Los Angeles Chargers,totals,Over,42.5,-110,0.52380952,draftkings|71b3b83747589efdc5baef2c5cf811bf|totals|42.5,0.5,https://api.the-odds-api.com/v4/sports/americanfootball_nfl
2026,1,71b3b83747589efdc5baef2c5cf811bf,2026-09-20T20:05:00Z,DraftKings,2026-09-10T19:06:23Z,Las Vegas Raiders,Los Angeles Chargers,totals,Under,42.5,-110,0.52380952,draftkings|71b3b83747589efdc5baef2c5cf811bf|totals|42.5,0.5,https://api.the-odds-api.com/v4/sports/americanfootball_nfl
2026,1,71b3b83747589efdc5baef2c5cf811bf,2026-09-20T20:05:00Z,BetUS,2026-09-10T19:06:57Z,Las Vegas Raiders,Los Angeles Chargers,spreads,Las Vegas Raiders,9.5,-110,0.52380952,betus|71b3b83747589efdc5baef2c5cf811bf|spreads|event,0.5,https://api.the-odds-api.com/v4/sports/americanfootball_nfl
2026,1,71b3b83747589efdc5baef2c5cf811bf,2026-09-20T20:05:00Z,BetUS,2026-09-10T19:06:57Z,Las Vegas Raiders,Los Angeles Chargers,spreads,Los Angeles Chargers,-9.5,-110,0.52380952,betus|71b3b83747589efdc5baef2c5cf811bf|spreads|event,0.5,https://api.the-odds-api.com/v4/sports/americanfootball_nfl
2026,1,71b3b83747589efdc5baef2c5cf811bf,2026-09-20T20:05:00Z,BetUS,2026-09-10T19:06:57Z,Las Vegas Raiders,Los Angeles Chargers,totals,Over,42.5,-110,0.52380952,betus|71b3b83747589efdc5baef2c5cf811bf|totals|42.5,0.5,https://api.the-odds-api.com/v4/sports/americanfootball_nfl
2026,1,71b3b83747589efdc5baef2c5cf811bf,2026-09-20T20:05:00Z,BetUS,2026-09-10T19:06:57Z,Las Vegas Raiders,Los Angeles Chargers,totals,Under,42.5,-110,0.52380952,betus|71b3b83747589efdc5baef2c5cf811bf|totals|42.5,0.5,https://api.the-odds-api.com/v4/sports/americanfootball_nfl
2026,1,71b3b83747589efdc5baef2c5cf811bf,2026-09-20T20:05:00Z,LowVig.ag,2026-09-10T19:06:24Z,Las Vegas Raiders,Los Angeles Chargers,spreads,Las Vegas Raiders,9.0,100,0.5,lowvig|71b3b83747589efdc5baef2c5cf811bf|spreads|event,0.48837209,https://api.the-odds-api.com/v4/sports/americanfootball_nfl
2026,1,71b3b83747589efdc5baef2c5cf811bf,2026-09-20T20:05:00Z,LowVig.ag,2026-09-10T19:06:24Z,Las Vegas Raiders,Los Angeles Chargers,spreads,Los Angeles Chargers,-9.0,-110,0.52380952,lowvig|71b3b83747589efdc5baef2c5cf811bf|spreads|event,0.51162791,https://api.the-odds-api.com/v4/sports/americanfootball_nfl
2026,1,71b3b83747589efdc5baef2c5cf811bf,2026-09-20T20:05:00Z,LowVig.ag,2026-09-10T19:06:24Z,Las Vegas Raiders,Los Angeles Chargers,totals,Over,42.5,-107,0.51690821,lowvig|71b3b83747589efdc5baef2c5cf811bf|totals|42.5,0.5,https://api.the-odds-api.com/v4/sports/americanfootball_nfl
2026,1,71b3b83747589efdc5baef2c5cf811bf,2026-09-20T20:05:00Z,LowVig.ag,2026-09-10T19:06:24Z,Las Vegas Raiders,Los Angeles Chargers,totals,Under,42.5,-107,0.51690821,lowvig|71b3b83747589efdc5baef2c5cf811bf|totals|42.5,0.5,https://api.the-odds-api.com/v4/sports/americanfootball_nfl
2026,1,71b3b83747589efdc5baef2c5cf811bf,2026-09-20T20:05:00Z,BetOnline.ag,2026-09-10T19:06:22Z,Las Vegas Raiders,Los Angeles Chargers,spreads,Las Vegas Raiders,9.0,-105,0.51219512,betonlineag|71b3b83747589efdc5baef2c5cf811bf|spreads|event,0.48916576,https://api.the-odds-api.com/v4/sports/americanfootball_nfl
2026,1,71b3b83747589efdc5baef2c5cf811bf,2026-09-20T20:05:00Z,BetOnline.ag,2026-09-10T19:06:22Z,Las Vegas Raiders,Los Angeles Chargers,spreads,Los Angeles Chargers,-9.0,-115,0.53488372,betonlineag|71b3b83747589efdc5baef2c5cf811bf|spreads|event,0.51083424,https://api.the-odds-api.com/v4/sports/americanfootball_nfl
2026,1,71b3b83747589efdc5baef2c5cf811bf,2026-09-20T20:05:00Z,BetOnline.ag,2026-09-10T19:06:22Z,Las Vegas Raiders,Los Angeles Chargers,totals,Over,42.5,-110,0.52380952,betonlineag|71b3b83747589efdc5baef2c5cf811bf|totals|42.5,0.5,https://api.the-odds-api.com/v4/sports/americanfootball_nfl
2026,1,71b3b83747589efdc5baef2c5cf811bf,2026-09-20T20:05:00Z,BetOnline.ag,2026-09-10T19:06:22Z,Las Vegas Raiders,Los Angeles Chargers,totals,Under,42.5,-110,0.52380952,betonlineag|71b3b83747589efdc5baef2c5cf811bf|totals|42.5,0.5,https://api.the-odds-api.com/v4/sports/americanfootball_nfl
2026,1,71b3b83747589efdc5baef2c5cf811bf,2026-09-20T20:05:00Z,FanDuel,2026-09-10T19:07:17Z,Las Vegas Raiders,Los Angeles Chargers,h2h,Las Vegas Raiders,,400,0.2,fanduel|71b3b83747589efdc5baef2c5cf811bf|h2h|event,0.19254658,https://api.the-odds-api.com/v4/sports/americanfootball_nfl
2026,1,71b3b83747589efdc5baef2c5cf811bf,2026-09-20T20:05:00Z,FanDuel,2026-09-10T19:07:17Z,Las Vegas Raiders,Los Angeles Chargers,h2h,Los Angeles Chargers,,-520,0.83870968,fanduel|71b3b83747589efdc5baef2c5cf811bf|h2h|event,0.80745342,https://api.the-odds-api.com/v4/sports/americanfootball_nfl
2026,1,71b3b83747589efdc5baef2c5cf811bf,2026-09-20T20:05:00Z,FanDuel,2026-09-10T19:07:17Z,Las Vegas Raiders,Los Angeles Chargers,spreads,Las Vegas Raiders,9.5,-114,0.53271028,fanduel|71b3b83747589efdc5baef2c5cf811bf|spreads|event,0.50866401,https://api.the-odds-api.com/v4/sports/americanfootball_nfl
2026,1,71b3b83747589efdc5baef2c5cf811bf,2026-09-20T20:05:00Z,FanDuel,2026-09-10T19:07:17Z,Las Vegas Raiders,Los Angeles Chargers,spreads,Los Angeles Chargers,-9.5,-106,0.51456311,fanduel|71b3b83747589efdc5baef2c5cf811bf|spreads|event,0.49133599,https://api.the-odds-api.com/v4/sports/americanfootball_nfl
2026,1,71b3b83747589efdc5baef2c5cf811bf,2026-09-20T20:05:00Z,FanDuel,2026-09-10T19:07:17Z,Las Vegas Raiders,Los Angeles Chargers,totals,Over,42.5,-105,0.51219512,fanduel|71b3b83747589efdc5baef2c5cf811bf|totals|42.5,0.48916576,https://api.the-odds-api.com/v4/sports/americanfootball_nfl
2026,1,71b3b83747589efdc5baef2c5cf811bf,2026-09-20T20:05:00Z,FanDuel,2026-09-10T19:07:17Z,Las Vegas Raiders,Los Angeles Chargers,totals,Under,42.5,-115,0.53488372,fanduel|71b3b83747589efdc5baef2c5cf811bf|totals|42.5,0.51083424,https://api.the-odds-api.com/v4/sports/americanfootball_nfl
2026,1,71b3b83747589efdc5baef2c5cf811bf,2026-09-20T20:05:00Z,BetRivers,2026-09-10T19:06:57Z,Las Vegas Raiders,Los Angeles Chargers,h2h,Las Vegas Raiders,,320,0.23809524,betrivers|71b3b83747589efdc5baef2c5cf811bf|h2h|event,0.22650297,https://api.the-odds-api.com/v4/sports/americanfootball_nfl
2026,1,71b3b83747589efdc5baef2c5cf811bf,2026-09-20T20:05:00Z,BetRivers,2026-09-10T19:06:57Z,Las Vegas Raiders,Los Angeles Chargers,h2h,Los Angeles Chargers,,-435,0.81308411,betrivers|71b3b83747589efdc5baef2c5cf811bf|h2h|event,0.77349703,https://api.the-odds-api.com/v4/sports/americanfootball_nfl
2026,1,71b3b83747589efdc5baef2c5cf811bf,2026-09-20T20:05:00Z,BetRivers,2026-09-10T19:06:57Z,Las Vegas Raiders,Los Angeles Chargers,spreads,Las Vegas Raiders,9.5,-110,0.52380952,betrivers|71b3b83747589efdc5baef2c5cf811bf|spreads|event,0.5,https://api.the-odds-api.com/v4/sports/americanfootball_nfl
2026,1,71b3b83747589efdc5baef2c5cf811bf,2026-09-20T20:05:00Z,BetRivers,2026-09-10T19:06:57Z,Las Vegas Raiders,Los Angeles Chargers,spreads,Los Angeles Chargers,-9.5,-110,0.52380952,betrivers|71b3b83747589efdc5baef2c5cf811bf|spreads|event,0.5,https://api.the-odds-api.com/v4/sports/americanfootball_nfl
2026,1,71b3b83747589efdc5baef2c5cf811bf,2026-09-20T20:05:00Z,BetRivers,2026-09-10T19:06:57Z,Las Vegas Raiders,Los Angeles Chargers,totals,Over,42.5,-108,0.51923077,betrivers|71b3b83747589efdc5baef2c5cf811bf|totals|42.5,0.49462458,https://api.the-odds-api.com/v4/sports/americanfootball_nfl
2026,1,71b3b83747589efdc5baef2c5cf811bf,2026-09-20T20:05:00Z,BetRivers,2026-09-10T19:06:57Z,Las Vegas Raiders,Los Angeles Chargers,totals,Under,42.5,-113,0.53051643,betrivers|71b3b83747589efdc5baef2c5cf811bf|totals|42.5,0.50537542,https://api.the-odds-api.com/v4/sports/americanfootball_nfl
2026,1,85ef85098ddd22fe4ecf45e7e3c0a9c0,2026-09-20T20:25:00Z,DraftKings,2026-09-10T19:06:23Z,Washington Commanders,Dallas Cowboys,h2h,Dallas Cowboys,,-205,0.67213115,draftkings|85ef85098ddd22fe4ecf45e7e3c0a9c0|h2h|event,0.64472918,https://api.the-odds-api.com/v4/sports/americanfootball_nfl
2026,1,85ef85098ddd22fe4ecf45e7e3c0a9c0,2026-09-20T20:25:00Z,DraftKings,2026-09-10T19:06:23Z,Washington Commanders,Dallas Cowboys,h2h,Washington Commanders,,170,0.37037037,draftkings|85ef85098ddd22fe4ecf45e7e3c0a9c0|h2h|event,0.35527082,https://api.the-odds-api.com/v4/sports/americanfootball_nfl
2026,1,85ef85098ddd22fe4ecf45e7e3c0a9c0,2026-09-20T20:25:00Z,DraftKings,2026-09-10T19:06:23Z,Washington Commanders,Dallas Cowboys,spreads,Dallas Cowboys,-4.5,-105,0.51219512,draftkings|85ef85098ddd22fe4ecf45e7e3c0a9c0|spreads|event,0.48916576,https://api.the-odds-api.com/v4/sports/americanfootball_nfl
2026,1,85ef85098ddd22fe4ecf45e7e3c0a9c0,2026-09-20T20:25:00Z,DraftKings,2026-09-10T19:06:23Z,Washington Commanders,Dallas Cowboys,spreads,Washington Commanders,4.5,-115,0.53488372,draftkings|85ef85098ddd22fe4ecf45e7e3c0a9c0|spreads|event,0.51083424,https://api.the-odds-api.com/v4/sports/americanfootball_nfl
2026,1,85ef85098ddd22fe4ecf45e7e3c0a9c0,2026-09-20T20:25:00Z,DraftKings,2026-09-10T19:06:23Z,Washington Commanders,Dallas Cowboys,totals,Over,51.5,-110,0.52380952,draftkings|85ef85098ddd22fe4ecf45e7e3c0a9c0|totals|51.5,0.5,https://api.the-odds-api.com/v4/sports/americanfootball_nfl
2026,1,85ef85098ddd22fe4ecf45e7e3c0a9c0,2026-09-20T20:25:00Z,DraftKings,2026-09-10T19:06:23Z,Washington Commanders,Dallas Cowboys,totals,Under,51.5,-110,0.52380952,draftkings|85ef85098ddd22fe4ecf45e7e3c0a9c0|totals|51.5,0.5,https://api.the-odds-api.com/v4/sports/americanfootball_nfl
2026,1,85ef85098ddd22fe4ecf45e7e3c0a9c0,2026-09-20T20:25:00Z,BetUS,2026-09-10T19:06:57Z,Washington Commanders,Dallas Cowboys,spreads,Dallas Cowboys,-4.5,-105,0.51219512,betus|85ef85098ddd22fe4ecf45e7e3c0a9c0|spreads|event,0.48916576,https://api.the-odds-api.com/v4/sports/americanfootball_nfl
2026,1,85ef85098ddd22fe4ecf45e7e3c0a9c0,2026-09-20T20:25:00Z,BetUS,2026-09-10T19:06:57Z,Washington Commanders,Dallas Cowboys,spreads,Washington Commanders,4.5,-115,0.53488372,betus|85ef85098ddd22fe4ecf45e7e3c0a9c0|spreads|event,0.51083424,https://api.the-odds-api.com/v4/sports/americanfootball_nfl
2026,1,85ef85098ddd22fe4ecf45e7e3c0a9c0,2026-09-20T20:25:00Z,BetUS,2026-09-10T19:06:57Z,Washington Commanders,Dallas Cowboys,totals,Over,51.5,-110,0.52380952,betus|85ef85098ddd22fe4ecf45e7e3c0a9c0|totals|51.5,0.5,https://api.the-odds-api.com/v4/sports/americanfootball_nfl
2026,1,85ef85098ddd22fe4ecf45e7e3c0a9c0,2026-09-20T20:25:00Z,BetUS,2026-09-10T19:06:57Z,Washington Commanders,Dallas Cowboys,totals,Under,51.5,-110,0.52380952,betus|85ef85098ddd22fe4ecf45e7e3c0a9c0|totals|51.5,0.5,https://api.the-odds-api.com/v4/sports/americanfootball_nfl
2026,1,85ef85098ddd22fe4ecf45e7e3c0a9c0,2026-09-20T20:25:00Z,LowVig.ag,2026-09-10T19:06:24Z,Washington Commanders,Dallas Cowboys,spreads,Dallas Cowboys,-4.5,100,0.5,lowvig|85ef85098ddd22fe4ecf45e7e3c0a9c0|spreads|event,0.48837209,https://api.the-odds-api.com/v4/sports/americanfootball_nfl
2026,1,85ef85098ddd22fe4ecf45e7e3c0a9c0,2026-09-20T20:25:00Z,LowVig.ag,2026-09-10T19:06:24Z,Washington Commanders,Dallas Cowboys,spreads,Washington Commanders,4.5,-110,0.52380952,lowvig|85ef85098ddd22fe4ecf45e7e3c0a9c0|spreads|event,0.51162791,https://api.the-odds-api.com/v4/sports/americanfootball_nfl
2026,1,85ef85098ddd22fe4ecf45e7e3c0a9c0,2026-09-20T20:25:00Z,LowVig.ag,2026-09-10T19:06:24Z,Washington Commanders,Dallas Cowboys,totals,Over,51.5,-107,0.51690821,lowvig|85ef85098ddd22fe4ecf45e7e3c0a9c0|totals|51.5,0.5,https://api.the-odds-api.com/v4/sports/americanfootball_nfl
2026,1,85ef85098ddd22fe4ecf45e7e3c0a9c0,2026-09-20T20:25:00Z,LowVig.ag,2026-09-10T19:06:24Z,Washington Commanders,Dallas Cowboys,totals,Under,51.5,-107,0.51690821,lowvig|85ef85098ddd22fe4ecf45e7e3c0a9c0|totals|51.5,0.5,https://api.the-odds-api.com/v4/sports/americanfootball_nfl
2026,1,85ef85098ddd22fe4ecf45e7e3c0a9c0,2026-09-20T20:25:00Z,BetOnline.ag,2026-09-10T19:06:22Z,Washington Commanders,Dallas Cowboys,spreads,Dallas Cowboys,-4.5,-105,0.51219512,betonlineag|85ef85098ddd22fe4ecf45e7e3c0a9c0|spreads|event,0.48916576,https://api.the-odds-api.com/v4/sports/americanfootball_nfl
2026,1,85ef85098ddd22fe4ecf45e7e3c0a9c0,2026-09-20T20:25:00Z,BetOnline.ag,2026-09-10T19:06:22Z,Washington Commanders,Dallas Cowboys,spreads,Washington Commanders,4.5,-115,0.53488372,betonlineag|85ef85098ddd22fe4ecf45e7e3c0a9c0|spreads|event,0.51083424,https://api.the-odds-api.com/v4/sports/americanfootball_nfl
2026,1,85ef85098ddd22fe4ecf45e7e3c0a9c0,2026-09-20T20:25:00Z,BetOnline.ag,2026-09-10T19:06:22Z,Washington Commanders,Dallas Cowboys,totals,Over,51.5,-110,0.52380952,betonlineag|85ef85098ddd22fe4ecf45e7e3c0a9c0|totals|51.5,0.5,https://api.the-odds-api.com/v4/sports/americanfootball_nfl
2026,1,85ef85098ddd22fe4ecf45e7e3c0a9c0,2026-09-20T20:25:00Z,BetOnline.ag,2026-09-10T19:06:22Z,Washington Commanders,Dallas Cowboys,totals,Under,51.5,-110,0.52380952,betonlineag|85ef85098ddd22fe4ecf45e7e3c0a9c0|totals|51.5,0.5,https://api.the-odds-api.com/v4/sports/americanfootball_nfl
2026,1,85ef85098ddd22fe4ecf45e7e3c0a9c0,2026-09-20T20:25:00Z,FanDuel,2026-09-10T19:07:17Z,Washington Commanders,Dallas Cowboys,h2h,Dallas Cowboys,,-230,0.6969697,fanduel|85ef85098ddd22fe4ecf45e7e3c0a9c0|h2h|event,0.66900702,https://api.the-odds-api.com/v4/sports/americanfootball_nfl
2026,1,85ef85098ddd22fe4ecf45e7e3c0a9c0,2026-09-20T20:25:00Z,FanDuel,2026-09-10T19:07:17Z,Washington Commanders,Dallas Cowboys,h2h,Washington Commanders,,190,0.34482759,fanduel|85ef85098ddd22fe4ecf45e7e3c0a9c0|h2h|event,0.33099298,https://api.the-odds-api.com/v4/sports/americanfootball_nfl
2026,1,85ef85098ddd22fe4ecf45e7e3c0a9c0,2026-09-20T20:25:00Z,FanDuel,2026-09-10T19:07:17Z,Washington Commanders,Dallas Cowboys,spreads,Dallas Cowboys,-4.5,-115,0.53488372,fanduel|85ef85098ddd22fe4ecf45e7e3c0a9c0|spreads|event,0.51083424,https://api.the-odds-api.com/v4/sports/americanfootball_nfl
2026,1,85ef85098ddd22fe4ecf45e7e3c0a9c0,2026-09-20T20:25:00Z,FanDuel,2026-09-10T19:07:17Z,Washington Commanders,Dallas Cowboys,spreads,Washington Commanders,4.5,-105,0.51219512,fanduel|85ef85098ddd22fe4ecf45e7e3c0a9c0|spreads|event,0.48916576,https://api.the-odds-api.com/v4/sports/americanfootball_nfl
2026,1,85ef85098ddd22fe4ecf45e7e3c0a9c0,2026-09-20T20:25:00Z,FanDuel,2026-09-10T19:07:17Z,Washington Commanders,Dallas Cowboys,totals,Over,51.5,-115,0.53488372,fanduel|85ef85098ddd22fe4ecf45e7e3c0a9c0|totals|51.5,0.51083424,https://api.the-odds-api.com/v4/sports/americanfootball_nfl
2026,1,85ef85098ddd22fe4ecf45e7e3c0a9c0,2026-09-20T20:25:00Z,FanDuel,2026-09-10T19:07:17Z,Washington Commanders,Dallas Cowboys,totals,Under,51.5,-105,0.51219512,fanduel|85ef85098ddd22fe4ecf45e7e3c0a9c0|totals|51.5,0.48916576,https://api.the-odds-api.com/v4/sports/americanfootball_nfl
2026,1,85ef85098ddd22fe4ecf45e7e3c0a9c0,2026-09-20T20:25:00Z,BetRivers,2026-09-10T19:06:57Z,Washington Commanders,Dallas Cowboys,h2h,Dallas Cowboys,,-220,0.6875,betrivers|85ef85098ddd22fe4ecf45e7e3c0a9c0|h2h|event,0.65405406,https://api.the-odds-api.com/v4/sports/americanfootball_nfl
2026,1,85ef85098ddd22fe4ecf45e7e3c0a9c0,2026-09-20T20:25:00Z,BetRivers,2026-09-10T19:06:57Z,Washington Commanders,Dallas Cowboys,h2h,Washington Commanders,,175,0.36363636,betrivers|85ef85098ddd22fe4ecf45e7e3c0a9c0|h2h|event,0.34594594,https://api.the-odds-api.com/v4/sports/americanfootball_nfl
2026,1,85ef85098ddd22fe4ecf45e7e3c0a9c0,2026-09-20T20:25:00Z,BetRivers,2026-09-10T19:06:57Z,Washington Commanders,Dallas Cowboys,spreads,Dallas Cowboys,-4.5,-112,0.52830189,betrivers|85ef85098ddd22fe4ecf45e7e3c0a9c0|spreads|event,0.5032247,https://api.the-odds-api.com/v4/sports/americanfootball_nfl
2026,1,85ef85098ddd22fe4ecf45e7e3c0a9c0,2026-09-20T20:25:00Z,BetRivers,2026-09-10T19:06:57Z,Washington Commanders,Dallas Cowboys,spreads,Washington Commanders,4.5,-109,0.5215311,betrivers|85ef85098ddd22fe4ecf45e7e3c0a9c0|spreads|event,0.4967753,https://api.the-odds-api.com/v4/sports/americanfootball_nfl
2026,1,85ef85098ddd22fe4ecf45e7e3c0a9c0,2026-09-20T20:25:00Z,BetRivers,2026-09-10T19:06:57Z,Washington Commanders,Dallas Cowboys,totals,Over,51.5,-109,0.5215311,betrivers|85ef85098ddd22fe4ecf45e7e3c0a9c0|totals|51.5,0.4967753,https://api.the-odds-api.com/v4/sports/americanfootball_nfl
2026,1,85ef85098ddd22fe4ecf45e7e3c0a9c0,2026-09-20T20:25:00Z,BetRivers,2026-09-10T19:06:57Z,Washington Commanders,Dallas Cowboys,totals,Under,51.5,-112,0.52830189,betrivers|85ef85098ddd22fe4ecf45e7e3c0a9c0|totals|51.5,0.5032247,https://api.the-odds-api.com/v4/sports/americanfootball_nfl
2026,1,68bc55903f50af4af4766adcc89fcc61,2026-09-20T20:25:00Z,DraftKings,2026-09-10T19:06:23Z,Miami Dolphins,San Francisco 49ers,h2h,Miami Dolphins,,490,0.16949153,draftkings|68bc55903f50af4af4766adcc89fcc61|h2h|event,0.16290069,https://api.the-odds-api.com/v4/sports/americanfootball_nfl
2026,1,68bc55903f50af4af4766adcc89fcc61,2026-09-20T20:25:00Z,DraftKings,2026-09-10T19:06:23Z,Miami Dolphins,San Francisco 49ers,h2h,San Francisco 49ers,,-675,0.87096774,draftkings|68bc55903f50af4af4766adcc89fcc61|h2h|event,0.83709931,https://api.the-odds-api.com/v4/sports/americanfootball_nfl
2026,1,68bc55903f50af4af4766adcc89fcc61,2026-09-20T20:25:00Z,DraftKings,2026-09-10T19:06:23Z,Miami Dolphins,San Francisco 49ers,spreads,Miami Dolphins,10.5,-110,0.52380952,draftkings|68bc55903f50af4af4766adcc89fcc61|spreads|event,0.5,https://api.the-odds-api.com/v4/sports/americanfootball_nfl
2026,1,68bc55903f50af4af4766adcc89fcc61,2026-09-20T20:25:00Z,DraftKings,2026-09-10T19:06:23Z,Miami Dolphins,San Francisco 49ers,spreads,San Francisco 49ers,-10.5,-110,0.52380952,draftkings|68bc55903f50af4af4766adcc89fcc61|spreads|event,0.5,https://api.the-odds-api.com/v4/sports/americanfootball_nfl
2026,1,68bc55903f50af4af4766adcc89fcc61,2026-09-20T20:25:00Z,DraftKings,2026-09-10T19:06:23Z,Miami Dolphins,San Francisco 49ers,totals,Over,46.5,-110,0.52380952,draftkings|68bc55903f50af4af4766adcc89fcc61|totals|46.5,0.5,https://api.the-odds-api.com/v4/sports/americanfootball_nfl
2026,1,68bc55903f50af4af4766adcc89fcc61,2026-09-20T20:25:00Z,DraftKings,2026-09-10T19:06:23Z,Miami Dolphins,San Francisco 49ers,totals,Under,46.5,-110,0.52380952,draftkings|68bc55903f50af4af4766adcc89fcc61|totals|46.5,0.5,https://api.the-odds-api.com/v4/sports/americanfootball_nfl
2026,1,68bc55903f50af4af4766adcc89fcc61,2026-09-20T20:25:00Z,BetUS,2026-09-10T19:06:57Z,Miami Dolphins,San Francisco 49ers,spreads,Miami Dolphins,10.5,-110,0.52380952,betus|68bc55903f50af4af4766adcc89fcc61|spreads|event,0.5,https://api.the-odds-api.com/v4/sports/americanfootball_nfl
2026,1,68bc55903f50af4af4766adcc89fcc61,2026-09-20T20:25:00Z,BetUS,2026-09-10T19:06:57Z,Miami Dolphins,San Francisco 49ers,spreads,San Francisco 49ers,-10.5,-110,0.52380952,betus|68bc55903f50af4af4766adcc89fcc61|spreads|event,0.5,https://api.the-odds-api.com/v4/sports/americanfootball_nfl
2026,1,68bc55903f50af4af4766adcc89fcc61,2026-09-20T20:25:00Z,BetUS,2026-09-10T19:06:57Z,Miami Dolphins,San Francisco 49ers,totals,Over,46.5,-110,0.52380952,betus|68bc55903f50af4af4766adcc89fcc61|totals|46.5,0.5,https://api.the-odds-api.com/v4/sports/americanfootball_nfl
2026,1,68bc55903f50af4af4766adcc89fcc61,2026-09-20T20:25:00Z,BetUS,2026-09-10T19:06:57Z,Miami Dolphins,San Francisco 49ers,totals,Under,46.5,-110,0.52380952,betus|68bc55903f50af4af4766adcc89fcc61|totals|46.5,0.5,https://api.the-odds-api.com/v4/sports/americanfootball_nfl
2026,1,68bc55903f50af4af4766adcc89fcc61,2026-09-20T20:25:00Z,LowVig.ag,2026-09-10T19:06:24Z,Miami Dolphins,San Francisco 49ers,spreads,Miami Dolphins,10.5,-105,0.51219512,lowvig|68bc55903f50af4af4766adcc89fcc61|spreads|event,0.5,https://api.the-odds-api.com/v4/sports/americanfootball_nfl
2026,1,68bc55903f50af4af4766adcc89fcc61,2026-09-20T20:25:00Z,LowVig.ag,2026-09-10T19:06:24Z,Miami Dolphins,San Francisco 49ers,spreads,San Francisco 49ers,-10.5,-105,0.51219512,lowvig|68bc55903f50af4af4766adcc89fcc61|spreads|event,0.5,https://api.the-odds-api.com/v4/sports/americanfootball_nfl
2026,1,68bc55903f50af4af4766adcc89fcc61,2026-09-20T20:25:00Z,LowVig.ag,2026-09-10T19:06:24Z,Miami Dolphins,San Francisco 49ers,totals,Over,46.5,-107,0.51690821,lowvig|68bc55903f50af4af4766adcc89fcc61|totals|46.5,0.5,https://api.the-odds-api.com/v4/sports/americanfootball_nfl
2026,1,68bc55903f50af4af4766adcc89fcc61,2026-09-20T20:25:00Z,LowVig.ag,2026-09-10T19:06:24Z,Miami Dolphins,San Francisco 49ers,totals,Under,46.5,-107,0.51690821,lowvig|68bc55903f50af4af4766adcc89fcc61|totals|46.5,0.5,https://api.the-odds-api.com/v4/sports/americanfootball_nfl
2026,1,68bc55903f50af4af4766adcc89fcc61,2026-09-20T20:25:00Z,BetOnline.ag,2026-09-10T19:06:22Z,Miami Dolphins,San Francisco 49ers,spreads,Miami Dolphins,10.5,-110,0.52380952,betonlineag|68bc55903f50af4af4766adcc89fcc61|spreads|event,0.5,https://api.the-odds-api.com/v4/sports/americanfootball_nfl
2026,1,68bc55903f50af4af4766adcc89fcc61,2026-09-20T20:25:00Z,BetOnline.ag,2026-09-10T19:06:22Z,Miami Dolphins,San Francisco 49ers,spreads,San Francisco 49ers,-10.5,-110,0.52380952,betonlineag|68bc55903f50af4af4766adcc89fcc61|spreads|event,0.5,https://api.the-odds-api.com/v4/sports/americanfootball_nfl
2026,1,68bc55903f50af4af4766adcc89fcc61,2026-09-20T20:25:00Z,BetOnline.ag,2026-09-10T19:06:22Z,Miami Dolphins,San Francisco 49ers,totals,Over,46.5,-110,0.52380952,betonlineag|68bc55903f50af4af4766adcc89fcc61|totals|46.5,0.5,https://api.the-odds-api.com/v4/sports/americanfootball_nfl
2026,1,68bc55903f50af4af4766adcc89fcc61,2026-09-20T20:25:00Z,BetOnline.ag,2026-09-10T19:06:22Z,Miami Dolphins,San Francisco 49ers,totals,Under,46.5,-110,0.52380952,betonlineag|68bc55903f50af4af4766adcc89fcc61|totals|46.5,0.5,https://api.the-odds-api.com/v4/sports/americanfootball_nfl
2026,1,68bc55903f50af4af4766adcc89fcc61,2026-09-20T20:25:00Z,FanDuel,2026-09-10T19:07:17Z,Miami Dolphins,San Francisco 49ers,h2h,Miami Dolphins,,560,0.15151515,fanduel|68bc55903f50af4af4766adcc89fcc61|h2h|event,0.14563107,https://api.the-odds-api.com/v4/sports/americanfootball_nfl
2026,1,68bc55903f50af4af4766adcc89fcc61,2026-09-20T20:25:00Z,FanDuel,2026-09-10T19:07:17Z,Miami Dolphins,San Francisco 49ers,h2h,San Francisco 49ers,,-800,0.88888889,fanduel|68bc55903f50af4af4766adcc89fcc61|h2h|event,0.85436893,https://api.the-odds-api.com/v4/sports/americanfootball_nfl
2026,1,68bc55903f50af4af4766adcc89fcc61,2026-09-20T20:25:00Z,FanDuel,2026-09-10T19:07:17Z,Miami Dolphins,San Francisco 49ers,spreads,Miami Dolphins,11.5,-110,0.52380952,fanduel|68bc55903f50af4af4766adcc89fcc61|spreads|event,0.5,https://api.the-odds-api.com/v4/sports/americanfootball_nfl
2026,1,68bc55903f50af4af4766adcc89fcc61,2026-09-20T20:25:00Z,FanDuel,2026-09-10T19:07:17Z,Miami Dolphins,San Francisco 49ers,spreads,San Francisco 49ers,-11.5,-110,0.52380952,fanduel|68bc55903f50af4af4766adcc89fcc61|spreads|event,0.5,https://api.the-odds-api.com/v4/sports/americanfootball_nfl
2026,1,68bc55903f50af4af4766adcc89fcc61,2026-09-20T20:25:00Z,FanDuel,2026-09-10T19:07:17Z,Miami Dolphins,San Francisco 49ers,totals,Over,45.5,-118,0.5412844,fanduel|68bc55903f50af4af4766adcc89fcc61|totals|45.5,0.51497518,https://api.the-odds-api.com/v4/sports/americanfootball_nfl
2026,1,68bc55903f50af4af4766adcc89fcc61,2026-09-20T20:25:00Z,FanDuel,2026-09-10T19:07:17Z,Miami Dolphins,San Francisco 49ers,totals,Under,45.5,-104,0.50980392,fanduel|68bc55903f50af4af4766adcc89fcc61|totals|45.5,0.48502482,https://api.the-odds-api.com/v4/sports/americanfootball_nfl
2026,1,68bc55903f50af4af4766adcc89fcc61,2026-09-20T20:25:00Z,BetRivers,2026-09-10T19:06:57Z,Miami Dolphins,San Francisco 49ers,h2h,Miami Dolphins,,500,0.16666667,betrivers|68bc55903f50af4af4766adcc89fcc61|h2h|event,0.15846995,https://api.the-odds-api.com/v4/sports/americanfootball_nfl
2026,1,68bc55903f50af4af4766adcc89fcc61,2026-09-20T20:25:00Z,BetRivers,2026-09-10T19:06:57Z,Miami Dolphins,San Francisco 49ers,h2h,San Francisco 49ers,,-770,0.88505747,betrivers|68bc55903f50af4af4766adcc89fcc61|h2h|event,0.84153005,https://api.the-odds-api.com/v4/sports/americanfootball_nfl
2026,1,68bc55903f50af4af4766adcc89fcc61,2026-09-20T20:25:00Z,BetRivers,2026-09-10T19:06:57Z,Miami Dolphins,San Francisco 49ers,spreads,Miami Dolphins,10.5,-110,0.52380952,betrivers|68bc55903f50af4af4766adcc89fcc61|spreads|event,0.5,https://api.the-odds-api.com/v4/sports/americanfootball_nfl
2026,1,68bc55903f50af4af4766adcc89fcc61,2026-09-20T20:25:00Z,BetRivers,2026-09-10T19:06:57Z,Miami Dolphins,San Francisco 49ers,spreads,San Francisco 49ers,-10.5,-110,0.52380952,betrivers|68bc55903f50af4af4766adcc89fcc61|spreads|event,0.5,https://api.the-odds-api.com/v4/sports/americanfootball_nfl
2026,1,68bc55903f50af4af4766adcc89fcc61,2026-09-20T20:25:00Z,BetRivers,2026-09-10T19:06:57Z,Miami Dolphins,San Francisco 49ers,totals,Over,46.5,-109,0.5215311,betrivers|68bc55903f50af4af4766adcc89fcc61|totals|46.5,0.4967753,https://api.the-odds-api.com/v4/sports/americanfootball_nfl
2026,1,68bc55903f50af4af4766adcc89fcc61,2026-09-20T20:25:00Z,BetRivers,2026-09-10T19:06:57Z,Miami Dolphins,San Francisco 49ers,totals,Under,46.5,-112,0.52830189,betrivers|68bc55903f50af4af4766adcc89fcc61|totals|46.5,0.5032247,https://api.the-odds-api.com/v4/sports/americanfootball_nfl
2026,1,50bc247030707d823b9c3581d7eb5760,2026-09-21T00:20:00Z,DraftKings,2026-09-10T19:06:23Z,Indianapolis Colts,Kansas City Chiefs,h2h,Indianapolis Colts,,260,0.27777778,draftkings|50bc247030707d823b9c3581d7eb5760|h2h|event,0.26645768,https://api.the-odds-api.com/v4/sports/americanfootball_nfl
2026,1,50bc247030707d823b9c3581d7eb5760,2026-09-21T00:20:00Z,DraftKings,2026-09-10T19:06:23Z,Indianapolis Colts,Kansas City Chiefs,h2h,Kansas City Chiefs,,-325,0.76470588,draftkings|50bc247030707d823b9c3581d7eb5760|h2h|event,0.73354232,https://api.the-odds-api.com/v4/sports/americanfootball_nfl
2026,1,50bc247030707d823b9c3581d7eb5760,2026-09-21T00:20:00Z,DraftKings,2026-09-10T19:06:23Z,Indianapolis Colts,Kansas City Chiefs,spreads,Indianapolis Colts,6.5,-110,0.52380952,draftkings|50bc247030707d823b9c3581d7eb5760|spreads|event,0.5,https://api.the-odds-api.com/v4/sports/americanfootball_nfl
2026,1,50bc247030707d823b9c3581d7eb5760,2026-09-21T00:20:00Z,DraftKings,2026-09-10T19:06:23Z,Indianapolis Colts,Kansas City Chiefs,spreads,Kansas City Chiefs,-6.5,-110,0.52380952,draftkings|50bc247030707d823b9c3581d7eb5760|spreads|event,0.5,https://api.the-odds-api.com/v4/sports/americanfootball_nfl
2026,1,50bc247030707d823b9c3581d7eb5760,2026-09-21T00:20:00Z,DraftKings,2026-09-10T19:06:23Z,Indianapolis Colts,Kansas City Chiefs,totals,Over,47.5,-110,0.52380952,draftkings|50bc247030707d823b9c3581d7eb5760|totals|47.5,0.5,https://api.the-odds-api.com/v4/sports/americanfootball_nfl
2026,1,50bc247030707d823b9c3581d7eb5760,2026-09-21T00:20:00Z,DraftKings,2026-09-10T19:06:23Z,Indianapolis Colts,Kansas City Chiefs,totals,Under,47.5,-110,0.52380952,draftkings|50bc247030707d823b9c3581d7eb5760|totals|47.5,0.5,https://api.the-odds-api.com/v4/sports/americanfootball_nfl
2026,1,50bc247030707d823b9c3581d7eb5760,2026-09-21T00:20:00Z,BetUS,2026-09-10T19:06:57Z,Indianapolis Colts,Kansas City Chiefs,spreads,Indianapolis Colts,6.5,-110,0.52380952,betus|50bc247030707d823b9c3581d7eb5760|spreads|event,0.5,https://api.the-odds-api.com/v4/sports/americanfootball_nfl
2026,1,50bc247030707d823b9c3581d7eb5760,2026-09-21T00:20:00Z,BetUS,2026-09-10T19:06:57Z,Indianapolis Colts,Kansas City Chiefs,spreads,Kansas City Chiefs,-6.5,-110,0.52380952,betus|50bc247030707d823b9c3581d7eb5760|spreads|event,0.5,https://api.the-odds-api.com/v4/sports/americanfootball_nfl
2026,1,50bc247030707d823b9c3581d7eb5760,2026-09-21T00:20:00Z,BetUS,2026-09-10T19:06:57Z,Indianapolis Colts,Kansas City Chiefs,totals,Over,47.5,-110,0.52380952,betus|50bc247030707d823b9c3581d7eb5760|totals|47.5,0.5,https://api.the-odds-api.com/v4/sports/americanfootball_nfl
2026,1,50bc247030707d823b9c3581d7eb5760,2026-09-21T00:20:00Z,BetUS,2026-09-10T19:06:57Z,Indianapolis Colts,Kansas City Chiefs,totals,Under,47.5,-110,0.52380952,betus|50bc247030707d823b9c3581d7eb5760|totals|47.5,0.5,https://api.the-odds-api.com/v4/sports/americanfootball_nfl
2026,1,50bc247030707d823b9c3581d7eb5760,2026-09-21T00:20:00Z,BetOnline.ag,2026-09-10T19:06:22Z,Indianapolis Colts,Kansas City Chiefs,spreads,Indianapolis Colts,6.5,-110,0.52380952,betonlineag|50bc247030707d823b9c3581d7eb5760|spreads|event,0.5,https://api.the-odds-api.com/v4/sports/americanfootball_nfl
2026,1,50bc247030707d823b9c3581d7eb5760,2026-09-21T00:20:00Z,BetOnline.ag,2026-09-10T19:06:22Z,Indianapolis Colts,Kansas City Chiefs,spreads,Kansas City Chiefs,-6.5,-110,0.52380952,betonlineag|50bc247030707d823b9c3581d7eb5760|spreads|event,0.5,https://api.the-odds-api.com/v4/sports/americanfootball_nfl
2026,1,50bc247030707d823b9c3581d7eb5760,2026-09-21T00:20:00Z,BetOnline.ag,2026-09-10T19:06:22Z,Indianapolis Colts,Kansas City Chiefs,totals,Over,47.5,-110,0.52380952,betonlineag|50bc247030707d823b9c3581d7eb5760|totals|47.5,0.5,https://api.the-odds-api.com/v4/sports/americanfootball_nfl
2026,1,50bc247030707d823b9c3581d7eb5760,2026-09-21T00:20:00Z,BetOnline.ag,2026-09-10T19:06:22Z,Indianapolis Colts,Kansas City Chiefs,totals,Under,47.5,-110,0.52380952,betonlineag|50bc247030707d823b9c3581d7eb5760|totals|47.5,0.5,https://api.the-odds-api.com/v4/sports/americanfootball_nfl
2026,1,50bc247030707d823b9c3581d7eb5760,2026-09-21T00:20:00Z,LowVig.ag,2026-09-10T19:06:24Z,Indianapolis Colts,Kansas City Chiefs,spreads,Indianapolis Colts,6.5,-105,0.51219512,lowvig|50bc247030707d823b9c3581d7eb5760|spreads|event,0.5,https://api.the-odds-api.com/v4/sports/americanfootball_nfl
2026,1,50bc247030707d823b9c3581d7eb5760,2026-09-21T00:20:00Z,LowVig.ag,2026-09-10T19:06:24Z,Indianapolis Colts,Kansas City Chiefs,spreads,Kansas City Chiefs,-6.5,-105,0.51219512,lowvig|50bc247030707d823b9c3581d7eb5760|spreads|event,0.5,https://api.the-odds-api.com/v4/sports/americanfootball_nfl
2026,1,50bc247030707d823b9c3581d7eb5760,2026-09-21T00:20:00Z,LowVig.ag,2026-09-10T19:06:24Z,Indianapolis Colts,Kansas City Chiefs,totals,Over,47.5,-107,0.51690821,lowvig|50bc247030707d823b9c3581d7eb5760|totals|47.5,0.5,https://api.the-odds-api.com/v4/sports/americanfootball_nfl
2026,1,50bc247030707d823b9c3581d7eb5760,2026-09-21T00:20:00Z,LowVig.ag,2026-09-10T19:06:24Z,Indianapolis Colts,Kansas City Chiefs,totals,Under,47.5,-107,0.51690821,lowvig|50bc247030707d823b9c3581d7eb5760|totals|47.5,0.5,https://api.the-odds-api.com/v4/sports/americanfootball_nfl
2026,1,50bc247030707d823b9c3581d7eb5760,2026-09-21T00:20:00Z,FanDuel,2026-09-10T19:07:17Z,Indianapolis Colts,Kansas City Chiefs,h2h,Indianapolis Colts,,205,0.32786885,fanduel|50bc247030707d823b9c3581d7eb5760|h2h|event,0.31460674,https://api.the-odds-api.com/v4/sports/americanfootball_nfl
2026,1,50bc247030707d823b9c3581d7eb5760,2026-09-21T00:20:00Z,FanDuel,2026-09-10T19:07:17Z,Indianapolis Colts,Kansas City Chiefs,h2h,Kansas City Chiefs,,-250,0.71428571,fanduel|50bc247030707d823b9c3581d7eb5760|h2h|event,0.68539326,https://api.the-odds-api.com/v4/sports/americanfootball_nfl
2026,1,50bc247030707d823b9c3581d7eb5760,2026-09-21T00:20:00Z,FanDuel,2026-09-10T19:07:17Z,Indianapolis Colts,Kansas City Chiefs,spreads,Indianapolis Colts,5.5,-110,0.52380952,fanduel|50bc247030707d823b9c3581d7eb5760|spreads|event,0.5,https://api.the-odds-api.com/v4/sports/americanfootball_nfl
2026,1,50bc247030707d823b9c3581d7eb5760,2026-09-21T00:20:00Z,FanDuel,2026-09-10T19:07:17Z,Indianapolis Colts,Kansas City Chiefs,spreads,Kansas City Chiefs,-5.5,-110,0.52380952,fanduel|50bc247030707d823b9c3581d7eb5760|spreads|event,0.5,https://api.the-odds-api.com/v4/sports/americanfootball_nfl
2026,1,50bc247030707d823b9c3581d7eb5760,2026-09-21T00:20:00Z,FanDuel,2026-09-10T19:07:17Z,Indianapolis Colts,Kansas City Chiefs,totals,Over,46.5,-110,0.52380952,fanduel|50bc247030707d823b9c3581d7eb5760|totals|46.5,0.5,https://api.the-odds-api.com/v4/sports/americanfootball_nfl
2026,1,50bc247030707d823b9c3581d7eb5760,2026-09-21T00:20:00Z,FanDuel,2026-09-10T19:07:17Z,Indianapolis Colts,Kansas City Chiefs,totals,Under,46.5,-110,0.52380952,fanduel|50bc247030707d823b9c3581d7eb5760|totals|46.5,0.5,https://api.the-odds-api.com/v4/sports/americanfootball_nfl
2026,1,50bc247030707d823b9c3581d7eb5760,2026-09-21T00:20:00Z,BetRivers,2026-09-10T19:06:57Z,Indianapolis Colts,Kansas City Chiefs,h2h,Indianapolis Colts,,220,0.3125,betrivers|50bc247030707d823b9c3581d7eb5760|h2h|event,0.29820132,https://api.the-odds-api.com/v4/sports/americanfootball_nfl
2026,1,50bc247030707d823b9c3581d7eb5760,2026-09-21T00:20:00Z,BetRivers,2026-09-10T19:06:57Z,Indianapolis Colts,Kansas City Chiefs,h2h,Kansas City Chiefs,,-278,0.73544974,betrivers|50bc247030707d823b9c3581d7eb5760|h2h|event,0.70179868,https://api.the-odds-api.com/v4/sports/americanfootball_nfl
2026,1,50bc247030707d823b9c3581d7eb5760,2026-09-21T00:20:00Z,BetRivers,2026-09-10T19:06:57Z,Indianapolis Colts,Kansas City Chiefs,spreads,Indianapolis Colts,6.5,-112,0.52830189,betrivers|50bc247030707d823b9c3581d7eb5760|spreads|event,0.5032247,https://api.the-odds-api.com/v4/sports/americanfootball_nfl
2026,1,50bc247030707d823b9c3581d7eb5760,2026-09-21T00:20:00Z,BetRivers,2026-09-10T19:06:57Z,Indianapolis Colts,Kansas City Chiefs,spreads,Kansas City Chiefs,-6.5,-109,0.5215311,betrivers|50bc247030707d823b9c3581d7eb5760|spreads|event,0.4967753,https://api.the-odds-api.com/v4/sports/americanfootball_nfl
2026,1,50bc247030707d823b9c3581d7eb5760,2026-09-21T00:20:00Z,BetRivers,2026-09-10T19:06:57Z,Indianapolis Colts,Kansas City Chiefs,totals,Over,47.5,-109,0.5215311,betrivers|50bc247030707d823b9c3581d7eb5760|totals|47.5,0.4967753,https://api.the-odds-api.com/v4/sports/americanfootball_nfl
2026,1,50bc247030707d823b9c3581d7eb5760,2026-09-21T00:20:00Z,BetRivers,2026-09-10T19:06:57Z,Indianapolis Colts,Kansas City Chiefs,totals,Under,47.5,-112,0.52830189,betrivers|50bc247030707d823b9c3581d7eb5760|totals|47.5,0.5032247,https://api.the-odds-api.com/v4/sports/americanfootball_nfl
2026,1,32367f882fac1a0c20a6335619922025,2026-09-22T00:15:00Z,DraftKings,2026-09-10T19:06:23Z,New York Giants,Los Angeles Rams,h2h,Los Angeles Rams,,-485,0.82905983,draftkings|32367f882fac1a0c20a6335619922025|h2h|event,0.79577588,https://api.the-odds-api.com/v4/sports/americanfootball_nfl
2026,1,32367f882fac1a0c20a6335619922025,2026-09-22T00:15:00Z,DraftKings,2026-09-10T19:06:23Z,New York Giants,Los Angeles Rams,h2h,New York Giants,,370,0.21276596,draftkings|32367f882fac1a0c20a6335619922025|h2h|event,0.20422412,https://api.the-odds-api.com/v4/sports/americanfootball_nfl
2026,1,32367f882fac1a0c20a6335619922025,2026-09-22T00:15:00Z,DraftKings,2026-09-10T19:06:23Z,New York Giants,Los Angeles Rams,spreads,Los Angeles Rams,-9.5,-112,0.52830189,draftkings|32367f882fac1a0c20a6335619922025|spreads|event,0.50432976,https://api.the-odds-api.com/v4/sports/americanfootball_nfl
2026,1,32367f882fac1a0c20a6335619922025,2026-09-22T00:15:00Z,DraftKings,2026-09-10T19:06:23Z,New York Giants,Los Angeles Rams,spreads,New York Giants,9.5,-108,0.51923077,draftkings|32367f882fac1a0c20a6335619922025|spreads|event,0.49567024,https://api.the-odds-api.com/v4/sports/americanfootball_nfl
2026,1,32367f882fac1a0c20a6335619922025,2026-09-22T00:15:00Z,DraftKings,2026-09-10T19:06:23Z,New York Giants,Los Angeles Rams,totals,Over,48.5,-110,0.52380952,draftkings|32367f882fac1a0c20a6335619922025|totals|48.5,0.5,https://api.the-odds-api.com/v4/sports/americanfootball_nfl
2026,1,32367f882fac1a0c20a6335619922025,2026-09-22T00:15:00Z,DraftKings,2026-09-10T19:06:23Z,New York Giants,Los Angeles Rams,totals,Under,48.5,-110,0.52380952,draftkings|32367f882fac1a0c20a6335619922025|totals|48.5,0.5,https://api.the-odds-api.com/v4/sports/americanfootball_nfl
2026,1,32367f882fac1a0c20a6335619922025,2026-09-22T00:15:00Z,BetUS,2026-09-10T19:06:58Z,New York Giants,Los Angeles Rams,spreads,Los Angeles Rams,-8.5,-110,0.52380952,betus|32367f882fac1a0c20a6335619922025|spreads|event,0.5,https://api.the-odds-api.com/v4/sports/americanfootball_nfl
2026,1,32367f882fac1a0c20a6335619922025,2026-09-22T00:15:00Z,BetUS,2026-09-10T19:06:58Z,New York Giants,Los Angeles Rams,spreads,New York Giants,8.5,-110,0.52380952,betus|32367f882fac1a0c20a6335619922025|spreads|event,0.5,https://api.the-odds-api.com/v4/sports/americanfootball_nfl
2026,1,32367f882fac1a0c20a6335619922025,2026-09-22T00:15:00Z,BetUS,2026-09-10T19:06:58Z,New York Giants,Los Angeles Rams,totals,Over,48.5,-110,0.52380952,betus|32367f882fac1a0c20a6335619922025|totals|48.5,0.5,https://api.the-odds-api.com/v4/sports/americanfootball_nfl
2026,1,32367f882fac1a0c20a6335619922025,2026-09-22T00:15:00Z,BetUS,2026-09-10T19:06:58Z,New York Giants,Los Angeles Rams,totals,Under,48.5,-110,0.52380952,betus|32367f882fac1a0c20a6335619922025|totals|48.5,0.5,https://api.the-odds-api.com/v4/sports/americanfootball_nfl
2026,1,32367f882fac1a0c20a6335619922025,2026-09-22T00:15:00Z,BetOnline.ag,2026-09-10T19:06:22Z,New York Giants,Los Angeles Rams,spreads,Los Angeles Rams,-8.5,-110,0.52380952,betonlineag|32367f882fac1a0c20a6335619922025|spreads|event,0.5,https://api.the-odds-api.com/v4/sports/americanfootball_nfl
2026,1,32367f882fac1a0c20a6335619922025,2026-09-22T00:15:00Z,BetOnline.ag,2026-09-10T19:06:22Z,New York Giants,Los Angeles Rams,spreads,New York Giants,8.5,-110,0.52380952,betonlineag|32367f882fac1a0c20a6335619922025|spreads|event,0.5,https://api.the-odds-api.com/v4/sports/americanfootball_nfl
2026,1,32367f882fac1a0c20a6335619922025,2026-09-22T00:15:00Z,BetOnline.ag,2026-09-10T19:06:22Z,New York Giants,Los Angeles Rams,totals,Over,48.5,-110,0.52380952,betonlineag|32367f882fac1a0c20a6335619922025|totals|48.5,0.5,https://api.the-odds-api.com/v4/sports/americanfootball_nfl
2026,1,32367f882fac1a0c20a6335619922025,2026-09-22T00:15:00Z,BetOnline.ag,2026-09-10T19:06:22Z,New York Giants,Los Angeles Rams,totals,Under,48.5,-110,0.52380952,betonlineag|32367f882fac1a0c20a6335619922025|totals|48.5,0.5,https://api.the-odds-api.com/v4/sports/americanfootball_nfl
2026,1,32367f882fac1a0c20a6335619922025,2026-09-22T00:15:00Z,LowVig.ag,2026-09-10T19:06:24Z,New York Giants,Los Angeles Rams,spreads,Los Angeles Rams,-8.5,-105,0.51219512,lowvig|32367f882fac1a0c20a6335619922025|spreads|event,0.5,https://api.the-odds-api.com/v4/sports/americanfootball_nfl
2026,1,32367f882fac1a0c20a6335619922025,2026-09-22T00:15:00Z,LowVig.ag,2026-09-10T19:06:24Z,New York Giants,Los Angeles Rams,spreads,New York Giants,8.5,-105,0.51219512,lowvig|32367f882fac1a0c20a6335619922025|spreads|event,0.5,https://api.the-odds-api.com/v4/sports/americanfootball_nfl
2026,1,32367f882fac1a0c20a6335619922025,2026-09-22T00:15:00Z,LowVig.ag,2026-09-10T19:06:24Z,New York Giants,Los Angeles Rams,totals,Over,48.5,-107,0.51690821,lowvig|32367f882fac1a0c20a6335619922025|totals|48.5,0.5,https://api.the-odds-api.com/v4/sports/americanfootball_nfl
2026,1,32367f882fac1a0c20a6335619922025,2026-09-22T00:15:00Z,LowVig.ag,2026-09-10T19:06:24Z,New York Giants,Los Angeles Rams,totals,Under,48.5,-107,0.51690821,lowvig|32367f882fac1a0c20a6335619922025|totals|48.5,0.5,https://api.the-odds-api.com/v4/sports/americanfootball_nfl
2026,1,32367f882fac1a0c20a6335619922025,2026-09-22T00:15:00Z,FanDuel,2026-09-10T19:07:17Z,New York Giants,Los Angeles Rams,h2h,Los Angeles Rams,,-590,0.85507246,fanduel|32367f882fac1a0c20a6335619922025|h2h|event,0.81922976,https://api.the-odds-api.com/v4/sports/americanfootball_nfl
2026,1,32367f882fac1a0c20a6335619922025,2026-09-22T00:15:00Z,FanDuel,2026-09-10T19:07:17Z,New York Giants,Los Angeles Rams,h2h,New York Giants,,430,0.18867925,fanduel|32367f882fac1a0c20a6335619922025|h2h|event,0.18077024,https://api.the-odds-api.com/v4/sports/americanfootball_nfl
2026,1,32367f882fac1a0c20a6335619922025,2026-09-22T00:15:00Z,FanDuel,2026-09-10T19:07:17Z,New York Giants,Los Angeles Rams,spreads,Los Angeles Rams,-9.5,-118,0.5412844,fanduel|32367f882fac1a0c20a6335619922025|spreads|event,0.51497518,https://api.the-odds-api.com/v4/sports/americanfootball_nfl
2026,1,32367f882fac1a0c20a6335619922025,2026-09-22T00:15:00Z,FanDuel,2026-09-10T19:07:17Z,New York Giants,Los Angeles Rams,spreads,New York Giants,9.5,-104,0.50980392,fanduel|32367f882fac1a0c20a6335619922025|spreads|event,0.48502482,https://api.the-odds-api.com/v4/sports/americanfootball_nfl
2026,1,32367f882fac1a0c20a6335619922025,2026-09-22T00:15:00Z,FanDuel,2026-09-10T19:07:17Z,New York Giants,Los Angeles Rams,totals,Over,47.5,-110,0.52380952,fanduel|32367f882fac1a0c20a6335619922025|totals|47.5,0.5,https://api.the-odds-api.com/v4/sports/americanfootball_nfl
2026,1,32367f882fac1a0c20a6335619922025,2026-09-22T00:15:00Z,FanDuel,2026-09-10T19:07:17Z,New York Giants,Los Angeles Rams,totals,Under,47.5,-110,0.52380952,fanduel|32367f882fac1a0c20a6335619922025|totals|47.5,0.5,https://api.the-odds-api.com/v4/sports/americanfootball_nfl
2026,1,32367f882fac1a0c20a6335619922025,2026-09-22T00:15:00Z,BetRivers,2026-09-10T19:06:57Z,New York Giants,Los Angeles Rams,h2h,Los Angeles Rams,,-500,0.83333333,betrivers|32367f882fac1a0c20a6335619922025|h2h|event,0.79661017,https://api.the-odds-api.com/v4/sports/americanfootball_nfl
2026,1,32367f882fac1a0c20a6335619922025,2026-09-22T00:15:00Z,BetRivers,2026-09-10T19:06:57Z,New York Giants,Los Angeles Rams,h2h,New York Giants,,370,0.21276596,betrivers|32367f882fac1a0c20a6335619922025|h2h|event,0.20338983,https://api.the-odds-api.com/v4/sports/americanfootball_nfl
2026,1,32367f882fac1a0c20a6335619922025,2026-09-22T00:15:00Z,BetRivers,2026-09-10T19:06:57Z,New York Giants,Los Angeles Rams,spreads,Los Angeles Rams,-9.5,-109,0.5215311,betrivers|32367f882fac1a0c20a6335619922025|spreads|event,0.4967753,https://api.the-odds-api.com/v4/sports/americanfootball_nfl
2026,1,32367f882fac1a0c20a6335619922025,2026-09-22T00:15:00Z,BetRivers,2026-09-10T19:06:57Z,New York Giants,Los Angeles Rams,spreads,New York Giants,9.5,-112,0.52830189,betrivers|32367f882fac1a0c20a6335619922025|spreads|event,0.5032247,https://api.the-odds-api.com/v4/sports/americanfootball_nfl
2026,1,32367f882fac1a0c20a6335619922025,2026-09-22T00:15:00Z,BetRivers,2026-09-10T19:06:57Z,New York Giants,Los Angeles Rams,totals,Over,48.5,-110,0.52380952,betrivers|32367f882fac1a0c20a6335619922025|totals|48.5,0.5,https://api.the-odds-api.com/v4/sports/americanfootball_nfl
2026,1,32367f882fac1a0c20a6335619922025,2026-09-22T00:15:00Z,BetRivers,2026-09-10T19:06:57Z,New York Giants,Los Angeles Rams,totals,Under,48.5,-110,0.52380952,betrivers|32367f882fac1a0c20a6335619922025|totals|48.5,0.5,https://api.the-odds-api.com/v4/sports/americanfootball_nfl
2026,1,e5fbd3b3953b896b1bf897ddadb3cc4b,2026-09-25T00:15:00Z,DraftKings,2026-09-10T19:06:23Z,Atlanta Falcons,Green Bay Packers,h2h,Atlanta Falcons,,295,0.25316456,draftkings|e5fbd3b3953b896b1bf897ddadb3cc4b|h2h|event,0.2428115,https://api.the-odds-api.com/v4/sports/americanfootball_nfl
2026,1,e5fbd3b3953b896b1bf897ddadb3cc4b,2026-09-25T00:15:00Z,DraftKings,2026-09-10T19:06:23Z,Atlanta Falcons,Green Bay Packers,h2h,Green Bay Packers,,-375,0.78947368,draftkings|e5fbd3b3953b896b1bf897ddadb3cc4b|h2h|event,0.7571885,https://api.the-odds-api.com/v4/sports/americanfootball_nfl
2026,1,e5fbd3b3953b896b1bf897ddadb3cc4b,2026-09-25T00:15:00Z,DraftKings,2026-09-10T19:06:23Z,Atlanta Falcons,Green Bay Packers,spreads,Atlanta Falcons,7.5,-110,0.52380952,draftkings|e5fbd3b3953b896b1bf897ddadb3cc4b|spreads|event,0.5,https://api.the-odds-api.com/v4/sports/americanfootball_nfl
2026,1,e5fbd3b3953b896b1bf897ddadb3cc4b,2026-09-25T00:15:00Z,DraftKings,2026-09-10T19:06:23Z,Atlanta Falcons,Green Bay Packers,spreads,Green Bay Packers,-7.5,-110,0.52380952,draftkings|e5fbd3b3953b896b1bf897ddadb3cc4b|spreads|event,0.5,https://api.the-odds-api.com/v4/sports/americanfootball_nfl
2026,1,e5fbd3b3953b896b1bf897ddadb3cc4b,2026-09-25T00:15:00Z,DraftKings,2026-09-10T19:06:23Z,Atlanta Falcons,Green Bay Packers,totals,Over,46.5,-110,0.52380952,draftkings|e5fbd3b3953b896b1bf897ddadb3cc4b|totals|46.5,0.5,https://api.the-odds-api.com/v4/sports/americanfootball_nfl
2026,1,e5fbd3b3953b896b1bf897ddadb3cc4b,2026-09-25T00:15:00Z,DraftKings,2026-09-10T19:06:23Z,Atlanta Falcons,Green Bay Packers,totals,Under,46.5,-110,0.52380952,draftkings|e5fbd3b3953b896b1bf897ddadb3cc4b|totals|46.5,0.5,https://api.the-odds-api.com/v4/sports/americanfootball_nfl
2026,1,e5fbd3b3953b896b1bf897ddadb3cc4b,2026-09-25T00:15:00Z,BetUS,2026-09-10T19:06:58Z,Atlanta Falcons,Green Bay Packers,spreads,Atlanta Falcons,7.5,-110,0.52380952,betus|e5fbd3b3953b896b1bf897ddadb3cc4b|spreads|event,0.5,https://api.the-odds-api.com/v4/sports/americanfootball_nfl
2026,1,e5fbd3b3953b896b1bf897ddadb3cc4b,2026-09-25T00:15:00Z,BetUS,2026-09-10T19:06:58Z,Atlanta Falcons,Green Bay Packers,spreads,Green Bay Packers,-7.5,-110,0.52380952,betus|e5fbd3b3953b896b1bf897ddadb3cc4b|spreads|event,0.5,https://api.the-odds-api.com/v4/sports/americanfootball_nfl
2026,1,e5fbd3b3953b896b1bf897ddadb3cc4b,2026-09-25T00:15:00Z,BetUS,2026-09-10T19:06:58Z,Atlanta Falcons,Green Bay Packers,totals,Over,46.5,-110,0.52380952,betus|e5fbd3b3953b896b1bf897ddadb3cc4b|totals|46.5,0.5,https://api.the-odds-api.com/v4/sports/americanfootball_nfl
2026,1,e5fbd3b3953b896b1bf897ddadb3cc4b,2026-09-25T00:15:00Z,BetUS,2026-09-10T19:06:58Z,Atlanta Falcons,Green Bay Packers,totals,Under,46.5,-110,0.52380952,betus|e5fbd3b3953b896b1bf897ddadb3cc4b|totals|46.5,0.5,https://api.the-odds-api.com/v4/sports/americanfootball_nfl
2026,1,b225458a282e140c44c45651255f2f6c,2026-09-27T17:00:00Z,DraftKings,2026-09-10T19:06:23Z,Los Angeles Chargers,Buffalo Bills,h2h,Buffalo Bills,,-162,0.61832061,draftkings|b225458a282e140c44c45651255f2f6c|h2h|event,0.59336976,https://api.the-odds-api.com/v4/sports/americanfootball_nfl
2026,1,b225458a282e140c44c45651255f2f6c,2026-09-27T17:00:00Z,DraftKings,2026-09-10T19:06:23Z,Los Angeles Chargers,Buffalo Bills,h2h,Los Angeles Chargers,,136,0.42372881,draftkings|b225458a282e140c44c45651255f2f6c|h2h|event,0.40663024,https://api.the-odds-api.com/v4/sports/americanfootball_nfl
2026,1,b225458a282e140c44c45651255f2f6c,2026-09-27T17:00:00Z,DraftKings,2026-09-10T19:06:23Z,Los Angeles Chargers,Buffalo Bills,spreads,Buffalo Bills,-3.0,-110,0.52380952,draftkings|b225458a282e140c44c45651255f2f6c|spreads|event,0.5,https://api.the-odds-api.com/v4/sports/americanfootball_nfl
2026,1,b225458a282e140c44c45651255f2f6c,2026-09-27T17:00:00Z,DraftKings,2026-09-10T19:06:23Z,Los Angeles Chargers,Buffalo Bills,spreads,Los Angeles Chargers,3.0,-110,0.52380952,draftkings|b225458a282e140c44c45651255f2f6c|spreads|event,0.5,https://api.the-odds-api.com/v4/sports/americanfootball_nfl
2026,1,b225458a282e140c44c45651255f2f6c,2026-09-27T17:00:00Z,DraftKings,2026-09-10T19:06:23Z,Los Angeles Chargers,Buffalo Bills,totals,Over,48.5,-110,0.52380952,draftkings|b225458a282e140c44c45651255f2f6c|totals|48.5,0.5,https://api.the-odds-api.com/v4/sports/americanfootball_nfl
2026,1,b225458a282e140c44c45651255f2f6c,2026-09-27T17:00:00Z,DraftKings,2026-09-10T19:06:23Z,Los Angeles Chargers,Buffalo Bills,totals,Under,48.5,-110,0.52380952,draftkings|b225458a282e140c44c45651255f2f6c|totals|48.5,0.5,https://api.the-odds-api.com/v4/sports/americanfootball_nfl
2026,1,613b8cd3a5fab58f7be4e3fd6f76223e,2026-09-27T17:00:00Z,DraftKings,2026-09-10T19:06:23Z,Carolina Panthers,Cleveland Browns,h2h,Carolina Panthers,,-125,0.55555556,draftkings|613b8cd3a5fab58f7be4e3fd6f76223e|h2h|event,0.53246753,https://api.the-odds-api.com/v4/sports/americanfootball_nfl
2026,1,613b8cd3a5fab58f7be4e3fd6f76223e,2026-09-27T17:00:00Z,DraftKings,2026-09-10T19:06:23Z,Carolina Panthers,Cleveland Browns,h2h,Cleveland Browns,,105,0.48780488,draftkings|613b8cd3a5fab58f7be4e3fd6f76223e|h2h|event,0.46753247,https://api.the-odds-api.com/v4/sports/americanfootball_nfl
2026,1,613b8cd3a5fab58f7be4e3fd6f76223e,2026-09-27T17:00:00Z,DraftKings,2026-09-10T19:06:23Z,Carolina Panthers,Cleveland Browns,spreads,Carolina Panthers,-1.5,-110,0.52380952,draftkings|613b8cd3a5fab58f7be4e3fd6f76223e|spreads|event,0.5,https://api.the-odds-api.com/v4/sports/americanfootball_nfl
2026,1,613b8cd3a5fab58f7be4e3fd6f76223e,2026-09-27T17:00:00Z,DraftKings,2026-09-10T19:06:23Z,Carolina Panthers,Cleveland Browns,spreads,Cleveland Browns,1.5,-110,0.52380952,draftkings|613b8cd3a5fab58f7be4e3fd6f76223e|spreads|event,0.5,https://api.the-odds-api.com/v4/sports/americanfootball_nfl
2026,1,613b8cd3a5fab58f7be4e3fd6f76223e,2026-09-27T17:00:00Z,DraftKings,2026-09-10T19:06:23Z,Carolina Panthers,Cleveland Browns,totals,Over,39.5,-110,0.52380952,draftkings|613b8cd3a5fab58f7be4e3fd6f76223e|totals|39.5,0.5,https://api.the-odds-api.com/v4/sports/americanfootball_nfl
2026,1,613b8cd3a5fab58f7be4e3fd6f76223e,2026-09-27T17:00:00Z,DraftKings,2026-09-10T19:06:23Z,Carolina Panthers,Cleveland Browns,totals,Under,39.5,-110,0.52380952,draftkings|613b8cd3a5fab58f7be4e3fd6f76223e|totals|39.5,0.5,https://api.the-odds-api.com/v4/sports/americanfootball_nfl
2026,1,71123be049587b6facce3a20c53e5d09,2026-09-27T17:00:00Z,DraftKings,2026-09-10T19:06:23Z,Cincinnati Bengals,Pittsburgh Steelers,h2h,Cincinnati Bengals,,-125,0.55555556,draftkings|71123be049587b6facce3a20c53e5d09|h2h|event,0.53246753,https://api.the-odds-api.com/v4/sports/americanfootball_nfl
2026,1,71123be049587b6facce3a20c53e5d09,2026-09-27T17:00:00Z,DraftKings,2026-09-10T19:06:23Z,Cincinnati Bengals,Pittsburgh Steelers,h2h,Pittsburgh Steelers,,105,0.48780488,draftkings|71123be049587b6facce3a20c53e5d09|h2h|event,0.46753247,https://api.the-odds-api.com/v4/sports/americanfootball_nfl
2026,1,71123be049587b6facce3a20c53e5d09,2026-09-27T17:00:00Z,DraftKings,2026-09-10T19:06:23Z,Cincinnati Bengals,Pittsburgh Steelers,spreads,Cincinnati Bengals,-1.5,-110,0.52380952,draftkings|71123be049587b6facce3a20c53e5d09|spreads|event,0.5,https://api.the-odds-api.com/v4/sports/americanfootball_nfl
2026,1,71123be049587b6facce3a20c53e5d09,2026-09-27T17:00:00Z,DraftKings,2026-09-10T19:06:23Z,Cincinnati Bengals,Pittsburgh Steelers,spreads,Pittsburgh Steelers,1.5,-110,0.52380952,draftkings|71123be049587b6facce3a20c53e5d09|spreads|event,0.5,https://api.the-odds-api.com/v4/sports/americanfootball_nfl
2026,1,71123be049587b6facce3a20c53e5d09,2026-09-27T17:00:00Z,DraftKings,2026-09-10T19:06:23Z,Cincinnati Bengals,Pittsburgh Steelers,totals,Over,46.5,-118,0.5412844,draftkings|71123be049587b6facce3a20c53e5d09|totals|46.5,0.51736412,https://api.the-odds-api.com/v4/sports/americanfootball_nfl
2026,1,71123be049587b6facce3a20c53e5d09,2026-09-27T17:00:00Z,DraftKings,2026-09-10T19:06:23Z,Cincinnati Bengals,Pittsburgh Steelers,totals,Under,46.5,-102,0.5049505,draftkings|71123be049587b6facce3a20c53e5d09|totals|46.5,0.48263588,https://api.the-odds-api.com/v4/sports/americanfootball_nfl
2026,1,71123be049587b6facce3a20c53e5d09,2026-09-27T17:00:00Z,BetUS,2026-09-10T19:06:58Z,Cincinnati Bengals,Pittsburgh Steelers,spreads,Cincinnati Bengals,-1.5,100,0.5,betus|71123be049587b6facce3a20c53e5d09|spreads|event,0.47826087,https://api.the-odds-api.com/v4/sports/americanfootball_nfl
2026,1,71123be049587b6facce3a20c53e5d09,2026-09-27T17:00:00Z,BetUS,2026-09-10T19:06:58Z,Cincinnati Bengals,Pittsburgh Steelers,spreads,Pittsburgh Steelers,1.5,-120,0.54545455,betus|71123be049587b6facce3a20c53e5d09|spreads|event,0.52173913,https://api.the-odds-api.com/v4/sports/americanfootball_nfl
2026,1,71123be049587b6facce3a20c53e5d09,2026-09-27T17:00:00Z,BetUS,2026-09-10T19:06:58Z,Cincinnati Bengals,Pittsburgh Steelers,totals,Over,47.5,-110,0.52380952,betus|71123be049587b6facce3a20c53e5d09|totals|47.5,0.5,https://api.the-odds-api.com/v4/sports/americanfootball_nfl
2026,1,71123be049587b6facce3a20c53e5d09,2026-09-27T17:00:00Z,BetUS,2026-09-10T19:06:58Z,Cincinnati Bengals,Pittsburgh Steelers,totals,Under,47.5,-110,0.52380952,betus|71123be049587b6facce3a20c53e5d09|totals|47.5,0.5,https://api.the-odds-api.com/v4/sports/americanfootball_nfl
2026,1,07f552badfa8a565d1be22123713e4da,2026-09-27T17:00:00Z,DraftKings,2026-09-10T19:06:23Z,New York Jets,Detroit Lions,h2h,Detroit Lions,,-410,0.80392157,draftkings|07f552badfa8a565d1be22123713e4da|h2h|event,0.77150538,https://api.the-odds-api.com/v4/sports/americanfootball_nfl
2026,1,07f552badfa8a565d1be22123713e4da,2026-09-27T17:00:00Z,DraftKings,2026-09-10T19:06:23Z,New York Jets,Detroit Lions,h2h,New York Jets,,320,0.23809524,draftkings|07f552badfa8a565d1be22123713e4da|h2h|event,0.22849462,https://api.the-odds-api.com/v4/sports/americanfootball_nfl
2026,1,07f552badfa8a565d1be22123713e4da,2026-09-27T17:00:00Z,DraftKings,2026-09-10T19:06:23Z,New York Jets,Detroit Lions,spreads,Detroit Lions,-9.5,-110,0.52380952,draftkings|07f552badfa8a565d1be22123713e4da|spreads|event,0.5,https://api.the-odds-api.com/v4/sports/americanfootball_nfl
2026,1,07f552badfa8a565d1be22123713e4da,2026-09-27T17:00:00Z,DraftKings,2026-09-10T19:06:23Z,New York Jets,Detroit Lions,spreads,New York Jets,9.5,-110,0.52380952,draftkings|07f552badfa8a565d1be22123713e4da|spreads|event,0.5,https://api.the-odds-api.com/v4/sports/americanfootball_nfl
2026,1,07f552badfa8a565d1be22123713e4da,2026-09-27T17:00:00Z,DraftKings,2026-09-10T19:06:23Z,New York Jets,Detroit Lions,totals,Over,45.5,-110,0.52380952,draftkings|07f552badfa8a565d1be22123713e4da|totals|45.5,0.5,https://api.the-odds-api.com/v4/sports/americanfootball_nfl
2026,1,07f552badfa8a565d1be22123713e4da,2026-09-27T17:00:00Z,DraftKings,2026-09-10T19:06:23Z,New York Jets,Detroit Lions,totals,Under,45.5,-110,0.52380952,draftkings|07f552badfa8a565d1be22123713e4da|totals|45.5,0.5,https://api.the-odds-api.com/v4/sports/americanfootball_nfl
2026,1,17a730b7d399feeab6a78c30767c29d2,2026-09-27T17:00:00Z,DraftKings,2026-09-10T19:06:23Z,Houston Texans,Indianapolis Colts,h2h,Houston Texans,,-122,0.54954955,draftkings|17a730b7d399feeab6a78c30767c29d2|h2h|event,0.52608659,https://api.the-odds-api.com/v4/sports/americanfootball_nfl
2026,1,17a730b7d399feeab6a78c30767c29d2,2026-09-27T17:00:00Z,DraftKings,2026-09-10T19:06:23Z,Houston Texans,Indianapolis Colts,h2h,Indianapolis Colts,,102,0.4950495,draftkings|17a730b7d399feeab6a78c30767c29d2|h2h|event,0.47391341,https://api.the-odds-api.com/v4/sports/americanfootball_nfl
2026,1,17a730b7d399feeab6a78c30767c29d2,2026-09-27T17:00:00Z,DraftKings,2026-09-10T19:06:23Z,Houston Texans,Indianapolis Colts,spreads,Houston Texans,-1.5,-110,0.52380952,draftkings|17a730b7d399feeab6a78c30767c29d2|spreads|event,0.5,https://api.the-odds-api.com/v4/sports/americanfootball_nfl
2026,1,17a730b7d399feeab6a78c30767c29d2,2026-09-27T17:00:00Z,DraftKings,2026-09-10T19:06:23Z,Houston Texans,Indianapolis Colts,spreads,Indianapolis Colts,1.5,-110,0.52380952,draftkings|17a730b7d399feeab6a78c30767c29d2|spreads|event,0.5,https://api.the-odds-api.com/v4/sports/americanfootball_nfl
2026,1,17a730b7d399feeab6a78c30767c29d2,2026-09-27T17:00:00Z,DraftKings,2026-09-10T19:06:23Z,Houston Texans,Indianapolis Colts,totals,Over,45.5,-110,0.52380952,draftkings|17a730b7d399feeab6a78c30767c29d2|totals|45.5,0.5,https://api.the-odds-api.com/v4/sports/americanfootball_nfl
2026,1,17a730b7d399feeab6a78c30767c29d2,2026-09-27T17:00:00Z,DraftKings,2026-09-10T19:06:23Z,Houston Texans,Indianapolis Colts,totals,Under,45.5,-110,0.52380952,draftkings|17a730b7d399feeab6a78c30767c29d2|totals|45.5,0.5,https://api.the-odds-api.com/v4/sports/americanfootball_nfl
2026,1,17a730b7d399feeab6a78c30767c29d2,2026-09-27T17:00:00Z,BetUS,2026-09-10T19:06:58Z,Houston Texans,Indianapolis Colts,spreads,Houston Texans,-1.5,-115,0.53488372,betus|17a730b7d399feeab6a78c30767c29d2|spreads|event,0.51083424,https://api.the-odds-api.com/v4/sports/americanfootball_nfl
2026,1,17a730b7d399feeab6a78c30767c29d2,2026-09-27T17:00:00Z,BetUS,2026-09-10T19:06:58Z,Houston Texans,Indianapolis Colts,spreads,Indianapolis Colts,1.5,-105,0.51219512,betus|17a730b7d399feeab6a78c30767c29d2|spreads|event,0.48916576,https://api.the-odds-api.com/v4/sports/americanfootball_nfl
2026,1,17a730b7d399feeab6a78c30767c29d2,2026-09-27T17:00:00Z,BetUS,2026-09-10T19:06:58Z,Houston Texans,Indianapolis Colts,totals,Over,45.5,-110,0.52380952,betus|17a730b7d399feeab6a78c30767c29d2|totals|45.5,0.5,https://api.the-odds-api.com/v4/sports/americanfootball_nfl
2026,1,17a730b7d399feeab6a78c30767c29d2,2026-09-27T17:00:00Z,BetUS,2026-09-10T19:06:58Z,Houston Texans,Indianapolis Colts,totals,Under,45.5,-110,0.52380952,betus|17a730b7d399feeab6a78c30767c29d2|totals|45.5,0.5,https://api.the-odds-api.com/v4/sports/americanfootball_nfl
2026,1,0339a0e41bcee12820eb3e64bb5fadb4,2026-09-27T17:00:00Z,DraftKings,2026-09-10T19:06:23Z,Kansas City Chiefs,Miami Dolphins,h2h,Kansas City Chiefs,,-440,0.81481481,draftkings|0339a0e41bcee12820eb3e64bb5fadb4|h2h|event,0.7819063,https://api.the-odds-api.com/v4/sports/americanfootball_nfl
2026,1,0339a0e41bcee12820eb3e64bb5fadb4,2026-09-27T17:00:00Z,DraftKings,2026-09-10T19:06:23Z,Kansas City Chiefs,Miami Dolphins,h2h,Miami Dolphins,,340,0.22727273,draftkings|0339a0e41bcee12820eb3e64bb5fadb4|h2h|event,0.2180937,https://api.the-odds-api.com/v4/sports/americanfootball_nfl
2026,1,0339a0e41bcee12820eb3e64bb5fadb4,2026-09-27T17:00:00Z,DraftKings,2026-09-10T19:06:23Z,Kansas City Chiefs,Miami Dolphins,spreads,Kansas City Chiefs,-7.5,-110,0.52380952,draftkings|0339a0e41bcee12820eb3e64bb5fadb4|spreads|event,0.5,https://api.the-odds-api.com/v4/sports/americanfootball_nfl
2026,1,0339a0e41bcee12820eb3e64bb5fadb4,2026-09-27T17:00:00Z,DraftKings,2026-09-10T19:06:23Z,Kansas City Chiefs,Miami Dolphins,spreads,Miami Dolphins,7.5,-110,0.52380952,draftkings|0339a0e41bcee12820eb3e64bb5fadb4|spreads|event,0.5,https://api.the-odds-api.com/v4/sports/americanfootball_nfl
2026,1,0339a0e41bcee12820eb3e64bb5fadb4,2026-09-27T17:00:00Z,DraftKings,2026-09-10T19:06:23Z,Kansas City Chiefs,Miami Dolphins,totals,Over,44.5,-110,0.52380952,draftkings|0339a0e41bcee12820eb3e64bb5fadb4|totals|44.5,0.5,https://api.the-odds-api.com/v4/sports/americanfootball_nfl
2026,1,0339a0e41bcee12820eb3e64bb5fadb4,2026-09-27T17:00:00Z,DraftKings,2026-09-10T19:06:23Z,Kansas City Chiefs,Miami Dolphins,totals,Under,44.5,-110,0.52380952,draftkings|0339a0e41bcee12820eb3e64bb5fadb4|totals|44.5,0.5,https://api.the-odds-api.com/v4/sports/americanfootball_nfl
2026,1,0339a0e41bcee12820eb3e64bb5fadb4,2026-09-27T17:00:00Z,BetUS,2026-09-10T19:06:58Z,Kansas City Chiefs,Miami Dolphins,spreads,Kansas City Chiefs,-7.0,-115,0.53488372,betus|0339a0e41bcee12820eb3e64bb5fadb4|spreads|event,0.51083424,https://api.the-odds-api.com/v4/sports/americanfootball_nfl
2026,1,0339a0e41bcee12820eb3e64bb5fadb4,2026-09-27T17:00:00Z,BetUS,2026-09-10T19:06:58Z,Kansas City Chiefs,Miami Dolphins,spreads,Miami Dolphins,7.0,-105,0.51219512,betus|0339a0e41bcee12820eb3e64bb5fadb4|spreads|event,0.48916576,https://api.the-odds-api.com/v4/sports/americanfootball_nfl
2026,1,0339a0e41bcee12820eb3e64bb5fadb4,2026-09-27T17:00:00Z,BetUS,2026-09-10T19:06:58Z,Kansas City Chiefs,Miami Dolphins,totals,Over,44.5,-110,0.52380952,betus|0339a0e41bcee12820eb3e64bb5fadb4|totals|44.5,0.5,https://api.the-odds-api.com/v4/sports/americanfootball_nfl
2026,1,0339a0e41bcee12820eb3e64bb5fadb4,2026-09-27T17:00:00Z,BetUS,2026-09-10T19:06:58Z,Kansas City Chiefs,Miami Dolphins,totals,Under,44.5,-110,0.52380952,betus|0339a0e41bcee12820eb3e64bb5fadb4|totals|44.5,0.5,https://api.the-odds-api.com/v4/sports/americanfootball_nfl
2026,1,555afd4a27aaa392662881cffa8f2eef,2026-09-27T17:00:00Z,DraftKings,2026-09-10T19:06:23Z,Tennessee Titans,New York Giants,h2h,New York Giants,,-166,0.62406015,draftkings|555afd4a27aaa392662881cffa8f2eef|h2h|event,0.59963877,https://api.the-odds-api.com/v4/sports/americanfootball_nfl
2026,1,555afd4a27aaa392662881cffa8f2eef,2026-09-27T17:00:00Z,DraftKings,2026-09-10T19:06:23Z,Tennessee Titans,New York Giants,h2h,Tennessee Titans,,140,0.41666667,draftkings|555afd4a27aaa392662881cffa8f2eef|h2h|event,0.40036123,https://api.the-odds-api.com/v4/sports/americanfootball_nfl
2026,1,555afd4a27aaa392662881cffa8f2eef,2026-09-27T17:00:00Z,DraftKings,2026-09-10T19:06:23Z,Tennessee Titans,New York Giants,spreads,New York Giants,-3.0,-115,0.53488372,draftkings|555afd4a27aaa392662881cffa8f2eef|spreads|event,0.51083424,https://api.the-odds-api.com/v4/sports/americanfootball_nfl
2026,1,555afd4a27aaa392662881cffa8f2eef,2026-09-27T17:00:00Z,DraftKings,2026-09-10T19:06:23Z,Tennessee Titans,New York Giants,spreads,Tennessee Titans,3.0,-105,0.51219512,draftkings|555afd4a27aaa392662881cffa8f2eef|spreads|event,0.48916576,https://api.the-odds-api.com/v4/sports/americanfootball_nfl
2026,1,555afd4a27aaa392662881cffa8f2eef,2026-09-27T17:00:00Z,DraftKings,2026-09-10T19:06:23Z,Tennessee Titans,New York Giants,totals,Over,44.5,-110,0.52380952,draftkings|555afd4a27aaa392662881cffa8f2eef|totals|44.5,0.5,https://api.the-odds-api.com/v4/sports/americanfootball_nfl
2026,1,555afd4a27aaa392662881cffa8f2eef,2026-09-27T17:00:00Z,DraftKings,2026-09-10T19:06:23Z,Tennessee Titans,New York Giants,totals,Under,44.5,-110,0.52380952,draftkings|555afd4a27aaa392662881cffa8f2eef|totals|44.5,0.5,https://api.the-odds-api.com/v4/sports/americanfootball_nfl
2026,1,555afd4a27aaa392662881cffa8f2eef,2026-09-27T17:00:00Z,BetUS,2026-09-10T19:06:58Z,Tennessee Titans,New York Giants,spreads,New York Giants,-3.0,-120,0.54545455,betus|555afd4a27aaa392662881cffa8f2eef|spreads|event,0.52173913,https://api.the-odds-api.com/v4/sports/americanfootball_nfl
2026,1,555afd4a27aaa392662881cffa8f2eef,2026-09-27T17:00:00Z,BetUS,2026-09-10T19:06:58Z,Tennessee Titans,New York Giants,spreads,Tennessee Titans,3.0,100,0.5,betus|555afd4a27aaa392662881cffa8f2eef|spreads|event,0.47826087,https://api.the-odds-api.com/v4/sports/americanfootball_nfl
2026,1,555afd4a27aaa392662881cffa8f2eef,2026-09-27T17:00:00Z,BetUS,2026-09-10T19:06:58Z,Tennessee Titans,New York Giants,totals,Over,45.5,-110,0.52380952,betus|555afd4a27aaa392662881cffa8f2eef|totals|45.5,0.5,https://api.the-odds-api.com/v4/sports/americanfootball_nfl
2026,1,555afd4a27aaa392662881cffa8f2eef,2026-09-27T17:00:00Z,BetUS,2026-09-10T19:06:58Z,Tennessee Titans,New York Giants,totals,Under,45.5,-110,0.52380952,betus|555afd4a27aaa392662881cffa8f2eef|totals|45.5,0.5,https://api.the-odds-api.com/v4/sports/americanfootball_nfl
2026,1,9d2b09e0f9b6dd5ce0d985894f4f98fa,2026-09-27T20:05:00Z,DraftKings,2026-09-10T19:06:23Z,Arizona Cardinals,San Francisco 49ers,h2h,Arizona Cardinals,,490,0.16949153,draftkings|9d2b09e0f9b6dd5ce0d985894f4f98fa|h2h|event,0.16290069,https://api.the-odds-api.com/v4/sports/americanfootball_nfl
2026,1,9d2b09e0f9b6dd5ce0d985894f4f98fa,2026-09-27T20:05:00Z,DraftKings,2026-09-10T19:06:23Z,Arizona Cardinals,San Francisco 49ers,h2h,San Francisco 49ers,,-675,0.87096774,draftkings|9d2b09e0f9b6dd5ce0d985894f4f98fa|h2h|event,0.83709931,https://api.the-odds-api.com/v4/sports/americanfootball_nfl
2026,1,9d2b09e0f9b6dd5ce0d985894f4f98fa,2026-09-27T20:05:00Z,DraftKings,2026-09-10T19:06:23Z,Arizona Cardinals,San Francisco 49ers,spreads,Arizona Cardinals,11.5,-110,0.52380952,draftkings|9d2b09e0f9b6dd5ce0d985894f4f98fa|spreads|event,0.5,https://api.the-odds-api.com/v4/sports/americanfootball_nfl
2026,1,9d2b09e0f9b6dd5ce0d985894f4f98fa,2026-09-27T20:05:00Z,DraftKings,2026-09-10T19:06:23Z,Arizona Cardinals,San Francisco 49ers,spreads,San Francisco 49ers,-11.5,-110,0.52380952,draftkings|9d2b09e0f9b6dd5ce0d985894f4f98fa|spreads|event,0.5,https://api.the-odds-api.com/v4/sports/americanfootball_nfl
2026,1,9d2b09e0f9b6dd5ce0d985894f4f98fa,2026-09-27T20:05:00Z,DraftKings,2026-09-10T19:06:23Z,Arizona Cardinals,San Francisco 49ers,totals,Over,46.5,-110,0.52380952,draftkings|9d2b09e0f9b6dd5ce0d985894f4f98fa|totals|46.5,0.5,https://api.the-odds-api.com/v4/sports/americanfootball_nfl
2026,1,9d2b09e0f9b6dd5ce0d985894f4f98fa,2026-09-27T20:05:00Z,DraftKings,2026-09-10T19:06:23Z,Arizona Cardinals,San Francisco 49ers,totals,Under,46.5,-110,0.52380952,draftkings|9d2b09e0f9b6dd5ce0d985894f4f98fa|totals|46.5,0.5,https://api.the-odds-api.com/v4/sports/americanfootball_nfl
2026,1,9d2b09e0f9b6dd5ce0d985894f4f98fa,2026-09-27T20:05:00Z,BetUS,2026-09-10T19:06:58Z,Arizona Cardinals,San Francisco 49ers,spreads,Arizona Cardinals,11.5,-110,0.52380952,betus|9d2b09e0f9b6dd5ce0d985894f4f98fa|spreads|event,0.5,https://api.the-odds-api.com/v4/sports/americanfootball_nfl
2026,1,9d2b09e0f9b6dd5ce0d985894f4f98fa,2026-09-27T20:05:00Z,BetUS,2026-09-10T19:06:58Z,Arizona Cardinals,San Francisco 49ers,spreads,San Francisco 49ers,-11.5,-110,0.52380952,betus|9d2b09e0f9b6dd5ce0d985894f4f98fa|spreads|event,0.5,https://api.the-odds-api.com/v4/sports/americanfootball_nfl
2026,1,9d2b09e0f9b6dd5ce0d985894f4f98fa,2026-09-27T20:05:00Z,BetUS,2026-09-10T19:06:58Z,Arizona Cardinals,San Francisco 49ers,totals,Over,46.5,-110,0.52380952,betus|9d2b09e0f9b6dd5ce0d985894f4f98fa|totals|46.5,0.5,https://api.the-odds-api.com/v4/sports/americanfootball_nfl
2026,1,9d2b09e0f9b6dd5ce0d985894f4f98fa,2026-09-27T20:05:00Z,BetUS,2026-09-10T19:06:58Z,Arizona Cardinals,San Francisco 49ers,totals,Under,46.5,-110,0.52380952,betus|9d2b09e0f9b6dd5ce0d985894f4f98fa|totals|46.5,0.5,https://api.the-odds-api.com/v4/sports/americanfootball_nfl
2026,1,f1724dead3eab61546033032fc782375,2026-09-27T20:05:00Z,DraftKings,2026-09-10T19:06:23Z,Minnesota Vikings,Tampa Bay Buccaneers,h2h,Minnesota Vikings,,105,0.48780488,draftkings|f1724dead3eab61546033032fc782375|h2h|event,0.46753247,https://api.the-odds-api.com/v4/sports/americanfootball_nfl
2026,1,f1724dead3eab61546033032fc782375,2026-09-27T20:05:00Z,DraftKings,2026-09-10T19:06:23Z,Minnesota Vikings,Tampa Bay Buccaneers,h2h,Tampa Bay Buccaneers,,-125,0.55555556,draftkings|f1724dead3eab61546033032fc782375|h2h|event,0.53246753,https://api.the-odds-api.com/v4/sports/americanfootball_nfl
2026,1,f1724dead3eab61546033032fc782375,2026-09-27T20:05:00Z,DraftKings,2026-09-10T19:06:23Z,Minnesota Vikings,Tampa Bay Buccaneers,spreads,Minnesota Vikings,1.5,-110,0.52380952,draftkings|f1724dead3eab61546033032fc782375|spreads|event,0.5,https://api.the-odds-api.com/v4/sports/americanfootball_nfl
2026,1,f1724dead3eab61546033032fc782375,2026-09-27T20:05:00Z,DraftKings,2026-09-10T19:06:23Z,Minnesota Vikings,Tampa Bay Buccaneers,spreads,Tampa Bay Buccaneers,-1.5,-110,0.52380952,draftkings|f1724dead3eab61546033032fc782375|spreads|event,0.5,https://api.the-odds-api.com/v4/sports/americanfootball_nfl
2026,1,f1724dead3eab61546033032fc782375,2026-09-27T20:05:00Z,DraftKings,2026-09-10T19:06:23Z,Minnesota Vikings,Tampa Bay Buccaneers,totals,Over,44.5,-110,0.52380952,draftkings|f1724dead3eab61546033032fc782375|totals|44.5,0.5,https://api.the-odds-api.com/v4/sports/americanfootball_nfl
2026,1,f1724dead3eab61546033032fc782375,2026-09-27T20:05:00Z,DraftKings,2026-09-10T19:06:23Z,Minnesota Vikings,Tampa Bay Buccaneers,totals,Under,44.5,-110,0.52380952,draftkings|f1724dead3eab61546033032fc782375|totals|44.5,0.5,https://api.the-odds-api.com/v4/sports/americanfootball_nfl
2026,1,f1724dead3eab61546033032fc782375,2026-09-27T20:05:00Z,BetUS,2026-09-10T19:06:58Z,Minnesota Vikings,Tampa Bay Buccaneers,spreads,Minnesota Vikings,1.5,-110,0.52380952,betus|f1724dead3eab61546033032fc782375|spreads|event,0.5,https://api.the-odds-api.com/v4/sports/americanfootball_nfl
2026,1,f1724dead3eab61546033032fc782375,2026-09-27T20:05:00Z,BetUS,2026-09-10T19:06:58Z,Minnesota Vikings,Tampa Bay Buccaneers,spreads,Tampa Bay Buccaneers,-1.5,-110,0.52380952,betus|f1724dead3eab61546033032fc782375|spreads|event,0.5,https://api.the-odds-api.com/v4/sports/americanfootball_nfl
2026,1,f1724dead3eab61546033032fc782375,2026-09-27T20:05:00Z,BetUS,2026-09-10T19:06:58Z,Minnesota Vikings,Tampa Bay Buccaneers,totals,Over,44.5,-110,0.52380952,betus|f1724dead3eab61546033032fc782375|totals|44.5,0.5,https://api.the-odds-api.com/v4/sports/americanfootball_nfl
2026,1,f1724dead3eab61546033032fc782375,2026-09-27T20:05:00Z,BetUS,2026-09-10T19:06:58Z,Minnesota Vikings,Tampa Bay Buccaneers,totals,Under,44.5,-110,0.52380952,betus|f1724dead3eab61546033032fc782375|totals|44.5,0.5,https://api.the-odds-api.com/v4/sports/americanfootball_nfl
2026,1,84cfca14efc21363fd605508404cf1ff,2026-09-27T20:25:00Z,DraftKings,2026-09-10T19:06:23Z,Baltimore Ravens,Dallas Cowboys,h2h,Baltimore Ravens,,-135,0.57446809,draftkings|84cfca14efc21363fd605508404cf1ff|h2h|event,0.55144112,https://api.the-odds-api.com/v4/sports/americanfootball_nfl
2026,1,84cfca14efc21363fd605508404cf1ff,2026-09-27T20:25:00Z,DraftKings,2026-09-10T19:06:23Z,Baltimore Ravens,Dallas Cowboys,h2h,Dallas Cowboys,,114,0.46728972,draftkings|84cfca14efc21363fd605508404cf1ff|h2h|event,0.44855888,https://api.the-odds-api.com/v4/sports/americanfootball_nfl
2026,1,84cfca14efc21363fd605508404cf1ff,2026-09-27T20:25:00Z,DraftKings,2026-09-10T19:06:23Z,Baltimore Ravens,Dallas Cowboys,spreads,Baltimore Ravens,-2.5,-110,0.52380952,draftkings|84cfca14efc21363fd605508404cf1ff|spreads|event,0.5,https://api.the-odds-api.com/v4/sports/americanfootball_nfl
2026,1,84cfca14efc21363fd605508404cf1ff,2026-09-27T20:25:00Z,DraftKings,2026-09-10T19:06:23Z,Baltimore Ravens,Dallas Cowboys,spreads,Dallas Cowboys,2.5,-110,0.52380952,draftkings|84cfca14efc21363fd605508404cf1ff|spreads|event,0.5,https://api.the-odds-api.com/v4/sports/americanfootball_nfl
2026,1,84cfca14efc21363fd605508404cf1ff,2026-09-27T20:25:00Z,DraftKings,2026-09-10T19:06:23Z,Baltimore Ravens,Dallas Cowboys,totals,Over,51.5,-110,0.52380952,draftkings|84cfca14efc21363fd605508404cf1ff|totals|51.5,0.5,https://api.the-odds-api.com/v4/sports/americanfootball_nfl
2026,1,84cfca14efc21363fd605508404cf1ff,2026-09-27T20:25:00Z,DraftKings,2026-09-10T19:06:23Z,Baltimore Ravens,Dallas Cowboys,totals,Under,51.5,-110,0.52380952,draftkings|84cfca14efc21363fd605508404cf1ff|totals|51.5,0.5,https://api.the-odds-api.com/v4/sports/americanfootball_nfl
2026,1,84cfca14efc21363fd605508404cf1ff,2026-09-27T20:25:00Z,BetUS,2026-09-10T19:06:58Z,Baltimore Ravens,Dallas Cowboys,spreads,Baltimore Ravens,-2.5,-110,0.52380952,betus|84cfca14efc21363fd605508404cf1ff|spreads|event,0.5,https://api.the-odds-api.com/v4/sports/americanfootball_nfl
2026,1,84cfca14efc21363fd605508404cf1ff,2026-09-27T20:25:00Z,BetUS,2026-09-10T19:06:58Z,Baltimore Ravens,Dallas Cowboys,spreads,Dallas Cowboys,2.5,-110,0.52380952,betus|84cfca14efc21363fd605508404cf1ff|spreads|event,0.5,https://api.the-odds-api.com/v4/sports/americanfootball_nfl
2026,1,84cfca14efc21363fd605508404cf1ff,2026-09-27T20:25:00Z,BetUS,2026-09-10T19:06:58Z,Baltimore Ravens,Dallas Cowboys,totals,Over,51.5,-110,0.52380952,betus|84cfca14efc21363fd605508404cf1ff|totals|51.5,0.5,https://api.the-odds-api.com/v4/sports/americanfootball_nfl
2026,1,84cfca14efc21363fd605508404cf1ff,2026-09-27T20:25:00Z,BetUS,2026-09-10T19:06:58Z,Baltimore Ravens,Dallas Cowboys,totals,Under,51.5,-110,0.52380952,betus|84cfca14efc21363fd605508404cf1ff|totals|51.5,0.5,https://api.the-odds-api.com/v4/sports/americanfootball_nfl
2026,1,2e523fcb0497aa689473e290eb2b97de,2026-09-27T20:25:00Z,DraftKings,2026-09-10T19:06:23Z,Las Vegas Raiders,New Orleans Saints,h2h,Las Vegas Raiders,,154,0.39370079,draftkings|2e523fcb0497aa689473e290eb2b97de|h2h|event,0.37753345,https://api.the-odds-api.com/v4/sports/americanfootball_nfl
2026,1,2e523fcb0497aa689473e290eb2b97de,2026-09-27T20:25:00Z,DraftKings,2026-09-10T19:06:23Z,Las Vegas Raiders,New Orleans Saints,h2h,New Orleans Saints,,-185,0.64912281,draftkings|2e523fcb0497aa689473e290eb2b97de|h2h|event,0.62246655,https://api.the-odds-api.com/v4/sports/americanfootball_nfl
2026,1,2e523fcb0497aa689473e290eb2b97de,2026-09-27T20:25:00Z,DraftKings,2026-09-10T19:06:23Z,Las Vegas Raiders,New Orleans Saints,spreads,Las Vegas Raiders,3.5,-110,0.52380952,draftkings|2e523fcb0497aa689473e290eb2b97de|spreads|event,0.5,https://api.the-odds-api.com/v4/sports/americanfootball_nfl
2026,1,2e523fcb0497aa689473e290eb2b97de,2026-09-27T20:25:00Z,DraftKings,2026-09-10T19:06:23Z,Las Vegas Raiders,New Orleans Saints,spreads,New Orleans Saints,-3.5,-110,0.52380952,draftkings|2e523fcb0497aa689473e290eb2b97de|spreads|event,0.5,https://api.the-odds-api.com/v4/sports/americanfootball_nfl
2026,1,2e523fcb0497aa689473e290eb2b97de,2026-09-27T20:25:00Z,DraftKings,2026-09-10T19:06:23Z,Las Vegas Raiders,New Orleans Saints,totals,Over,42.5,-110,0.52380952,draftkings|2e523fcb0497aa689473e290eb2b97de|totals|42.5,0.5,https://api.the-odds-api.com/v4/sports/americanfootball_nfl
2026,1,2e523fcb0497aa689473e290eb2b97de,2026-09-27T20:25:00Z,DraftKings,2026-09-10T19:06:23Z,Las Vegas Raiders,New Orleans Saints,totals,Under,42.5,-110,0.52380952,draftkings|2e523fcb0497aa689473e290eb2b97de|totals|42.5,0.5,https://api.the-odds-api.com/v4/sports/americanfootball_nfl
2026,1,3bfd8bfb4b8e9a365a0877879b73b16b,2026-09-28T00:20:00Z,DraftKings,2026-09-10T19:06:23Z,Los Angeles Rams,Denver Broncos,h2h,Denver Broncos,,130,0.43478261,draftkings|3bfd8bfb4b8e9a365a0877879b73b16b|h2h|event,0.41700736,https://api.the-odds-api.com/v4/sports/americanfootball_nfl
2026,1,3bfd8bfb4b8e9a365a0877879b73b16b,2026-09-28T00:20:00Z,DraftKings,2026-09-10T19:06:23Z,Los Angeles Rams,Denver Broncos,h2h,Los Angeles Rams,,-155,0.60784314,draftkings|3bfd8bfb4b8e9a365a0877879b73b16b|h2h|event,0.58299264,https://api.the-odds-api.com/v4/sports/americanfootball_nfl
2026,1,3bfd8bfb4b8e9a365a0877879b73b16b,2026-09-28T00:20:00Z,DraftKings,2026-09-10T19:06:23Z,Los Angeles Rams,Denver Broncos,spreads,Denver Broncos,3.0,-110,0.52380952,draftkings|3bfd8bfb4b8e9a365a0877879b73b16b|spreads|event,0.5,https://api.the-odds-api.com/v4/sports/americanfootball_nfl
2026,1,3bfd8bfb4b8e9a365a0877879b73b16b,2026-09-28T00:20:00Z,DraftKings,2026-09-10T19:06:23Z,Los Angeles Rams,Denver Broncos,spreads,Los Angeles Rams,-3.0,-110,0.52380952,draftkings|3bfd8bfb4b8e9a365a0877879b73b16b|spreads|event,0.5,https://api.the-odds-api.com/v4/sports/americanfootball_nfl
2026,1,3bfd8bfb4b8e9a365a0877879b73b16b,2026-09-28T00:20:00Z,DraftKings,2026-09-10T19:06:23Z,Los Angeles Rams,Denver Broncos,totals,Over,45.5,-110,0.52380952,draftkings|3bfd8bfb4b8e9a365a0877879b73b16b|totals|45.5,0.5,https://api.the-odds-api.com/v4/sports/americanfootball_nfl
2026,1,3bfd8bfb4b8e9a365a0877879b73b16b,2026-09-28T00:20:00Z,DraftKings,2026-09-10T19:06:23Z,Los Angeles Rams,Denver Broncos,totals,Under,45.5,-110,0.52380952,draftkings|3bfd8bfb4b8e9a365a0877879b73b16b|totals|45.5,0.5,https://api.the-odds-api.com/v4/sports/americanfootball_nfl
2026,1,47dc7baa254659f3beb2ed2b38c207b6,2026-09-29T00:15:00Z,DraftKings,2026-09-10T19:06:23Z,Philadelphia Eagles,Chicago Bears,h2h,Chicago Bears,,-118,0.5412844,draftkings|47dc7baa254659f3beb2ed2b38c207b6|h2h|event,0.51736412,https://api.the-odds-api.com/v4/sports/americanfootball_nfl
2026,1,47dc7baa254659f3beb2ed2b38c207b6,2026-09-29T00:15:00Z,DraftKings,2026-09-10T19:06:23Z,Philadelphia Eagles,Chicago Bears,h2h,Philadelphia Eagles,,-102,0.5049505,draftkings|47dc7baa254659f3beb2ed2b38c207b6|h2h|event,0.48263588,https://api.the-odds-api.com/v4/sports/americanfootball_nfl
2026,1,47dc7baa254659f3beb2ed2b38c207b6,2026-09-29T00:15:00Z,DraftKings,2026-09-10T19:06:23Z,Philadelphia Eagles,Chicago Bears,spreads,Chicago Bears,-1.5,-105,0.51219512,draftkings|47dc7baa254659f3beb2ed2b38c207b6|spreads|event,0.48916576,https://api.the-odds-api.com/v4/sports/americanfootball_nfl
2026,1,47dc7baa254659f3beb2ed2b38c207b6,2026-09-29T00:15:00Z,DraftKings,2026-09-10T19:06:23Z,Philadelphia Eagles,Chicago Bears,spreads,Philadelphia Eagles,1.5,-115,0.53488372,draftkings|47dc7baa254659f3beb2ed2b38c207b6|spreads|event,0.51083424,https://api.the-odds-api.com/v4/sports/americanfootball_nfl
2026,1,47dc7baa254659f3beb2ed2b38c207b6,2026-09-29T00:15:00Z,DraftKings,2026-09-10T19:06:23Z,Philadelphia Eagles,Chicago Bears,totals,Over,46.5,-110,0.52380952,draftkings|47dc7baa254659f3beb2ed2b38c207b6|totals|46.5,0.5,https://api.the-odds-api.com/v4/sports/americanfootball_nfl
2026,1,47dc7baa254659f3beb2ed2b38c207b6,2026-09-29T00:15:00Z,DraftKings,2026-09-10T19:06:23Z,Philadelphia Eagles,Chicago Bears,totals,Under,46.5,-110,0.52380952,draftkings|47dc7baa254659f3beb2ed2b38c207b6|totals|46.5,0.5,https://api.the-odds-api.com/v4/sports/americanfootball_nfl
2026,1,d55cb69fed50a09170560b5b75d8de86,2026-10-02T00:15:00Z,DraftKings,2026-09-10T19:06:23Z,Pittsburgh Steelers,Cleveland Browns,h2h,Cleveland Browns,,114,0.46728972,draftkings|d55cb69fed50a09170560b5b75d8de86|h2h|event,0.44855888,https://api.the-odds-api.com/v4/sports/americanfootball_nfl
2026,1,d55cb69fed50a09170560b5b75d8de86,2026-10-02T00:15:00Z,DraftKings,2026-09-10T19:06:23Z,Pittsburgh Steelers,Cleveland Browns,h2h,Pittsburgh Steelers,,-135,0.57446809,draftkings|d55cb69fed50a09170560b5b75d8de86|h2h|event,0.55144112,https://api.the-odds-api.com/v4/sports/americanfootball_nfl
2026,1,d55cb69fed50a09170560b5b75d8de86,2026-10-02T00:15:00Z,DraftKings,2026-09-10T19:06:23Z,Pittsburgh Steelers,Cleveland Browns,spreads,Cleveland Browns,2.5,-110,0.52380952,draftkings|d55cb69fed50a09170560b5b75d8de86|spreads|event,0.5,https://api.the-odds-api.com/v4/sports/americanfootball_nfl
2026,1,d55cb69fed50a09170560b5b75d8de86,2026-10-02T00:15:00Z,DraftKings,2026-09-10T19:06:23Z,Pittsburgh Steelers,Cleveland Browns,spreads,Pittsburgh Steelers,-2.5,-110,0.52380952,draftkings|d55cb69fed50a09170560b5b75d8de86|spreads|event,0.5,https://api.the-odds-api.com/v4/sports/americanfootball_nfl
2026,1,d55cb69fed50a09170560b5b75d8de86,2026-10-02T00:15:00Z,DraftKings,2026-09-10T19:06:23Z,Pittsburgh Steelers,Cleveland Browns,totals,Over,40.5,-110,0.52380952,draftkings|d55cb69fed50a09170560b5b75d8de86|totals|40.5,0.5,https://api.the-odds-api.com/v4/sports/americanfootball_nfl
2026,1,d55cb69fed50a09170560b5b75d8de86,2026-10-02T00:15:00Z,DraftKings,2026-09-10T19:06:23Z,Pittsburgh Steelers,Cleveland Browns,totals,Under,40.5,-110,0.52380952,draftkings|d55cb69fed50a09170560b5b75d8de86|totals|40.5,0.5,https://api.the-odds-api.com/v4/sports/americanfootball_nfl
2026,1,c9d8ed8aa4889486eaf10a630138ede0,2026-10-04T13:30:00Z,DraftKings,2026-09-10T19:06:23Z,Indianapolis Colts,Washington Commanders,h2h,Indianapolis Colts,,-102,0.5049505,draftkings|c9d8ed8aa4889486eaf10a630138ede0|h2h|event,0.48263588,https://api.the-odds-api.com/v4/sports/americanfootball_nfl
2026,1,c9d8ed8aa4889486eaf10a630138ede0,2026-10-04T13:30:00Z,DraftKings,2026-09-10T19:06:23Z,Indianapolis Colts,Washington Commanders,h2h,Washington Commanders,,-118,0.5412844,draftkings|c9d8ed8aa4889486eaf10a630138ede0|h2h|event,0.51736412,https://api.the-odds-api.com/v4/sports/americanfootball_nfl
2026,1,c9d8ed8aa4889486eaf10a630138ede0,2026-10-04T13:30:00Z,DraftKings,2026-09-10T19:06:23Z,Indianapolis Colts,Washington Commanders,spreads,Indianapolis Colts,1.5,-115,0.53488372,draftkings|c9d8ed8aa4889486eaf10a630138ede0|spreads|event,0.51083424,https://api.the-odds-api.com/v4/sports/americanfootball_nfl
2026,1,c9d8ed8aa4889486eaf10a630138ede0,2026-10-04T13:30:00Z,DraftKings,2026-09-10T19:06:23Z,Indianapolis Colts,Washington Commanders,spreads,Washington Commanders,-1.5,-105,0.51219512,draftkings|c9d8ed8aa4889486eaf10a630138ede0|spreads|event,0.48916576,https://api.the-odds-api.com/v4/sports/americanfootball_nfl
2026,1,c9d8ed8aa4889486eaf10a630138ede0,2026-10-04T13:30:00Z,DraftKings,2026-09-10T19:06:23Z,Indianapolis Colts,Washington Commanders,totals,Over,50.5,-110,0.52380952,draftkings|c9d8ed8aa4889486eaf10a630138ede0|totals|50.5,0.5,https://api.the-odds-api.com/v4/sports/americanfootball_nfl
2026,1,c9d8ed8aa4889486eaf10a630138ede0,2026-10-04T13:30:00Z,DraftKings,2026-09-10T19:06:23Z,Indianapolis Colts,Washington Commanders,totals,Under,50.5,-110,0.52380952,draftkings|c9d8ed8aa4889486eaf10a630138ede0|totals|50.5,0.5,https://api.the-odds-api.com/v4/sports/americanfootball_nfl
2026,1,c9d8ed8aa4889486eaf10a630138ede0,2026-10-04T13:30:00Z,BetUS,2026-09-10T19:06:58Z,Indianapolis Colts,Washington Commanders,spreads,Indianapolis Colts,1.5,-120,0.54545455,betus|c9d8ed8aa4889486eaf10a630138ede0|spreads|event,0.52173913,https://api.the-odds-api.com/v4/sports/americanfootball_nfl
2026,1,c9d8ed8aa4889486eaf10a630138ede0,2026-10-04T13:30:00Z,BetUS,2026-09-10T19:06:58Z,Indianapolis Colts,Washington Commanders,spreads,Washington Commanders,-1.5,100,0.5,betus|c9d8ed8aa4889486eaf10a630138ede0|spreads|event,0.47826087,https://api.the-odds-api.com/v4/sports/americanfootball_nfl
2026,1,c9d8ed8aa4889486eaf10a630138ede0,2026-10-04T13:30:00Z,BetUS,2026-09-10T19:06:58Z,Indianapolis Colts,Washington Commanders,totals,Over,48.5,-110,0.52380952,betus|c9d8ed8aa4889486eaf10a630138ede0|totals|48.5,0.5,https://api.the-odds-api.com/v4/sports/americanfootball_nfl
2026,1,c9d8ed8aa4889486eaf10a630138ede0,2026-10-04T13:30:00Z,BetUS,2026-09-10T19:06:58Z,Indianapolis Colts,Washington Commanders,totals,Under,48.5,-110,0.52380952,betus|c9d8ed8aa4889486eaf10a630138ede0|totals|48.5,0.5,https://api.the-odds-api.com/v4/sports/americanfootball_nfl
2026,1,664e6bda5721dc63be16bcf7d962a436,2026-10-04T17:00:00Z,DraftKings,2026-09-10T19:06:24Z,Arizona Cardinals,New York Giants,h2h,Arizona Cardinals,,260,0.27777778,draftkings|664e6bda5721dc63be16bcf7d962a436|h2h|event,0.26645768,https://api.the-odds-api.com/v4/sports/americanfootball_nfl
2026,1,664e6bda5721dc63be16bcf7d962a436,2026-10-04T17:00:00Z,DraftKings,2026-09-10T19:06:24Z,Arizona Cardinals,New York Giants,h2h,New York Giants,,-325,0.76470588,draftkings|664e6bda5721dc63be16bcf7d962a436|h2h|event,0.73354232,https://api.the-odds-api.com/v4/sports/americanfootball_nfl
2026,1,664e6bda5721dc63be16bcf7d962a436,2026-10-04T17:00:00Z,DraftKings,2026-09-10T19:06:24Z,Arizona Cardinals,New York Giants,spreads,Arizona Cardinals,7.0,-110,0.52380952,draftkings|664e6bda5721dc63be16bcf7d962a436|spreads|event,0.5,https://api.the-odds-api.com/v4/sports/americanfootball_nfl
2026,1,664e6bda5721dc63be16bcf7d962a436,2026-10-04T17:00:00Z,DraftKings,2026-09-10T19:06:24Z,Arizona Cardinals,New York Giants,spreads,New York Giants,-7.0,-110,0.52380952,draftkings|664e6bda5721dc63be16bcf7d962a436|spreads|event,0.5,https://api.the-odds-api.com/v4/sports/americanfootball_nfl
2026,1,664e6bda5721dc63be16bcf7d962a436,2026-10-04T17:00:00Z,DraftKings,2026-09-10T19:06:24Z,Arizona Cardinals,New York Giants,totals,Over,45.5,-110,0.52380952,draftkings|664e6bda5721dc63be16bcf7d962a436|totals|45.5,0.5,https://api.the-odds-api.com/v4/sports/americanfootball_nfl
2026,1,664e6bda5721dc63be16bcf7d962a436,2026-10-04T17:00:00Z,DraftKings,2026-09-10T19:06:24Z,Arizona Cardinals,New York Giants,totals,Under,45.5,-110,0.52380952,draftkings|664e6bda5721dc63be16bcf7d962a436|totals|45.5,0.5,https://api.the-odds-api.com/v4/sports/americanfootball_nfl
2026,1,664e6bda5721dc63be16bcf7d962a436,2026-10-04T17:00:00Z,BetUS,2026-09-10T19:06:58Z,Arizona Cardinals,New York Giants,spreads,Arizona Cardinals,7.0,-110,0.52380952,betus|664e6bda5721dc63be16bcf7d962a436|spreads|event,0.5,https://api.the-odds-api.com/v4/sports/americanfootball_nfl
2026,1,664e6bda5721dc63be16bcf7d962a436,2026-10-04T17:00:00Z,BetUS,2026-09-10T19:06:58Z,Arizona Cardinals,New York Giants,spreads,New York Giants,-7.0,-110,0.52380952,betus|664e6bda5721dc63be16bcf7d962a436|spreads|event,0.5,https://api.the-odds-api.com/v4/sports/americanfootball_nfl
2026,1,664e6bda5721dc63be16bcf7d962a436,2026-10-04T17:00:00Z,BetUS,2026-09-10T19:06:58Z,Arizona Cardinals,New York Giants,totals,Over,45.5,-110,0.52380952,betus|664e6bda5721dc63be16bcf7d962a436|totals|45.5,0.5,https://api.the-odds-api.com/v4/sports/americanfootball_nfl
2026,1,664e6bda5721dc63be16bcf7d962a436,2026-10-04T17:00:00Z,BetUS,2026-09-10T19:06:58Z,Arizona Cardinals,New York Giants,totals,Under,45.5,-110,0.52380952,betus|664e6bda5721dc63be16bcf7d962a436|totals|45.5,0.5,https://api.the-odds-api.com/v4/sports/americanfootball_nfl
2026,1,f01589b0e7e6dd4f4ac1220a1db81f53,2026-10-04T17:00:00Z,DraftKings,2026-09-10T19:06:23Z,Tennessee Titans,Baltimore Ravens,h2h,Baltimore Ravens,,-380,0.79166667,draftkings|f01589b0e7e6dd4f4ac1220a1db81f53|h2h|event,0.76,https://api.the-odds-api.com/v4/sports/americanfootball_nfl
2026,1,f01589b0e7e6dd4f4ac1220a1db81f53,2026-10-04T17:00:00Z,DraftKings,2026-09-10T19:06:23Z,Tennessee Titans,Baltimore Ravens,h2h,Tennessee Titans,,300,0.25,draftkings|f01589b0e7e6dd4f4ac1220a1db81f53|h2h|event,0.24,https://api.the-odds-api.com/v4/sports/americanfootball_nfl
2026,1,f01589b0e7e6dd4f4ac1220a1db81f53,2026-10-04T17:00:00Z,DraftKings,2026-09-10T19:06:23Z,Tennessee Titans,Baltimore Ravens,spreads,Baltimore Ravens,-8.5,-110,0.52380952,draftkings|f01589b0e7e6dd4f4ac1220a1db81f53|spreads|event,0.5,https://api.the-odds-api.com/v4/sports/americanfootball_nfl
2026,1,f01589b0e7e6dd4f4ac1220a1db81f53,2026-10-04T17:00:00Z,DraftKings,2026-09-10T19:06:23Z,Tennessee Titans,Baltimore Ravens,spreads,Tennessee Titans,8.5,-110,0.52380952,draftkings|f01589b0e7e6dd4f4ac1220a1db81f53|spreads|event,0.5,https://api.the-odds-api.com/v4/sports/americanfootball_nfl
2026,1,f01589b0e7e6dd4f4ac1220a1db81f53,2026-10-04T17:00:00Z,DraftKings,2026-09-10T19:06:23Z,Tennessee Titans,Baltimore Ravens,totals,Over,47.5,-110,0.52380952,draftkings|f01589b0e7e6dd4f4ac1220a1db81f53|totals|47.5,0.5,https://api.the-odds-api.com/v4/sports/americanfootball_nfl
2026,1,f01589b0e7e6dd4f4ac1220a1db81f53,2026-10-04T17:00:00Z,DraftKings,2026-09-10T19:06:23Z,Tennessee Titans,Baltimore Ravens,totals,Under,47.5,-110,0.52380952,draftkings|f01589b0e7e6dd4f4ac1220a1db81f53|totals|47.5,0.5,https://api.the-odds-api.com/v4/sports/americanfootball_nfl
2026,1,f01589b0e7e6dd4f4ac1220a1db81f53,2026-10-04T17:00:00Z,BetUS,2026-09-10T19:06:58Z,Tennessee Titans,Baltimore Ravens,spreads,Baltimore Ravens,-8.5,-110,0.52380952,betus|f01589b0e7e6dd4f4ac1220a1db81f53|spreads|event,0.5,https://api.the-odds-api.com/v4/sports/americanfootball_nfl
2026,1,f01589b0e7e6dd4f4ac1220a1db81f53,2026-10-04T17:00:00Z,BetUS,2026-09-10T19:06:58Z,Tennessee Titans,Baltimore Ravens,spreads,Tennessee Titans,8.5,-110,0.52380952,betus|f01589b0e7e6dd4f4ac1220a1db81f53|spreads|event,0.5,https://api.the-odds-api.com/v4/sports/americanfootball_nfl
2026,1,f01589b0e7e6dd4f4ac1220a1db81f53,2026-10-04T17:00:00Z,BetUS,2026-09-10T19:06:58Z,Tennessee Titans,Baltimore Ravens,totals,Over,47.5,-110,0.52380952,betus|f01589b0e7e6dd4f4ac1220a1db81f53|totals|47.5,0.5,https://api.the-odds-api.com/v4/sports/americanfootball_nfl
2026,1,f01589b0e7e6dd4f4ac1220a1db81f53,2026-10-04T17:00:00Z,BetUS,2026-09-10T19:06:58Z,Tennessee Titans,Baltimore Ravens,totals,Under,47.5,-110,0.52380952,betus|f01589b0e7e6dd4f4ac1220a1db81f53|totals|47.5,0.5,https://api.the-odds-api.com/v4/sports/americanfootball_nfl
2026,1,164e6eb68f31bac190381903c3cccd31,2026-10-04T17:00:00Z,DraftKings,2026-09-10T19:06:23Z,New York Jets,Chicago Bears,h2h,Chicago Bears,,-425,0.80952381,draftkings|164e6eb68f31bac190381903c3cccd31|h2h|event,0.77683316,https://api.the-odds-api.com/v4/sports/americanfootball_nfl
2026,1,164e6eb68f31bac190381903c3cccd31,2026-10-04T17:00:00Z,DraftKings,2026-09-10T19:06:23Z,New York Jets,Chicago Bears,h2h,New York Jets,,330,0.23255814,draftkings|164e6eb68f31bac190381903c3cccd31|h2h|event,0.22316684,https://api.the-odds-api.com/v4/sports/americanfootball_nfl
2026,1,164e6eb68f31bac190381903c3cccd31,2026-10-04T17:00:00Z,DraftKings,2026-09-10T19:06:23Z,New York Jets,Chicago Bears,spreads,Chicago Bears,-8.5,-110,0.52380952,draftkings|164e6eb68f31bac190381903c3cccd31|spreads|event,0.5,https://api.the-odds-api.com/v4/sports/americanfootball_nfl
2026,1,164e6eb68f31bac190381903c3cccd31,2026-10-04T17:00:00Z,DraftKings,2026-09-10T19:06:23Z,New York Jets,Chicago Bears,spreads,New York Jets,8.5,-110,0.52380952,draftkings|164e6eb68f31bac190381903c3cccd31|spreads|event,0.5,https://api.the-odds-api.com/v4/sports/americanfootball_nfl
2026,1,164e6eb68f31bac190381903c3cccd31,2026-10-04T17:00:00Z,DraftKings,2026-09-10T19:06:23Z,New York Jets,Chicago Bears,totals,Over,45.5,-110,0.52380952,draftkings|164e6eb68f31bac190381903c3cccd31|totals|45.5,0.5,https://api.the-odds-api.com/v4/sports/americanfootball_nfl
2026,1,164e6eb68f31bac190381903c3cccd31,2026-10-04T17:00:00Z,DraftKings,2026-09-10T19:06:23Z,New York Jets,Chicago Bears,totals,Under,45.5,-110,0.52380952,draftkings|164e6eb68f31bac190381903c3cccd31|totals|45.5,0.5,https://api.the-odds-api.com/v4/sports/americanfootball_nfl
2026,1,2ea94ddf20f66432b9024fe2e2eaba5f,2026-10-04T17:00:00Z,DraftKings,2026-09-10T19:06:24Z,Jacksonville Jaguars,Cincinnati Bengals,h2h,Cincinnati Bengals,,-135,0.57446809,draftkings|2ea94ddf20f66432b9024fe2e2eaba5f|h2h|event,0.55144112,https://api.the-odds-api.com/v4/sports/americanfootball_nfl
2026,1,2ea94ddf20f66432b9024fe2e2eaba5f,2026-10-04T17:00:00Z,DraftKings,2026-09-10T19:06:24Z,Jacksonville Jaguars,Cincinnati Bengals,h2h,Jacksonville Jaguars,,114,0.46728972,draftkings|2ea94ddf20f66432b9024fe2e2eaba5f|h2h|event,0.44855888,https://api.the-odds-api.com/v4/sports/americanfootball_nfl
2026,1,2ea94ddf20f66432b9024fe2e2eaba5f,2026-10-04T17:00:00Z,DraftKings,2026-09-10T19:06:24Z,Jacksonville Jaguars,Cincinnati Bengals,spreads,Cincinnati Bengals,-2.5,-110,0.52380952,draftkings|2ea94ddf20f66432b9024fe2e2eaba5f|spreads|event,0.5,https://api.the-odds-api.com/v4/sports/americanfootball_nfl
2026,1,2ea94ddf20f66432b9024fe2e2eaba5f,2026-10-04T17:00:00Z,DraftKings,2026-09-10T19:06:24Z,Jacksonville Jaguars,Cincinnati Bengals,spreads,Jacksonville Jaguars,2.5,-110,0.52380952,draftkings|2ea94ddf20f66432b9024fe2e2eaba5f|spreads|event,0.5,https://api.the-odds-api.com/v4/sports/americanfootball_nfl
2026,1,2ea94ddf20f66432b9024fe2e2eaba5f,2026-10-04T17:00:00Z,DraftKings,2026-09-10T19:06:24Z,Jacksonville Jaguars,Cincinnati Bengals,totals,Over,51.5,-110,0.52380952,draftkings|2ea94ddf20f66432b9024fe2e2eaba5f|totals|51.5,0.5,https://api.the-odds-api.com/v4/sports/americanfootball_nfl
2026,1,2ea94ddf20f66432b9024fe2e2eaba5f,2026-10-04T17:00:00Z,DraftKings,2026-09-10T19:06:24Z,Jacksonville Jaguars,Cincinnati Bengals,totals,Under,51.5,-110,0.52380952,draftkings|2ea94ddf20f66432b9024fe2e2eaba5f|totals|51.5,0.5,https://api.the-odds-api.com/v4/sports/americanfootball_nfl
2026,1,2ea94ddf20f66432b9024fe2e2eaba5f,2026-10-04T17:00:00Z,BetUS,2026-09-10T19:06:58Z,Jacksonville Jaguars,Cincinnati Bengals,spreads,Cincinnati Bengals,-2.5,-110,0.52380952,betus|2ea94ddf20f66432b9024fe2e2eaba5f|spreads|event,0.5,https://api.the-odds-api.com/v4/sports/americanfootball_nfl
2026,1,2ea94ddf20f66432b9024fe2e2eaba5f,2026-10-04T17:00:00Z,BetUS,2026-09-10T19:06:58Z,Jacksonville Jaguars,Cincinnati Bengals,spreads,Jacksonville Jaguars,2.5,-110,0.52380952,betus|2ea94ddf20f66432b9024fe2e2eaba5f|spreads|event,0.5,https://api.the-odds-api.com/v4/sports/americanfootball_nfl
2026,1,2ea94ddf20f66432b9024fe2e2eaba5f,2026-10-04T17:00:00Z,BetUS,2026-09-10T19:06:58Z,Jacksonville Jaguars,Cincinnati Bengals,totals,Over,51.5,-110,0.52380952,betus|2ea94ddf20f66432b9024fe2e2eaba5f|totals|51.5,0.5,https://api.the-odds-api.com/v4/sports/americanfootball_nfl
2026,1,2ea94ddf20f66432b9024fe2e2eaba5f,2026-10-04T17:00:00Z,BetUS,2026-09-10T19:06:58Z,Jacksonville Jaguars,Cincinnati Bengals,totals,Under,51.5,-110,0.52380952,betus|2ea94ddf20f66432b9024fe2e2eaba5f|totals|51.5,0.5,https://api.the-odds-api.com/v4/sports/americanfootball_nfl
2026,1,daf55e2df5341c007fee5a0fc5bbc2d4,2026-10-04T17:00:00Z,DraftKings,2026-09-10T19:06:24Z,Dallas Cowboys,Houston Texans,h2h,Dallas Cowboys,,114,0.46728972,draftkings|daf55e2df5341c007fee5a0fc5bbc2d4|h2h|event,0.44855888,https://api.the-odds-api.com/v4/sports/americanfootball_nfl
2026,1,daf55e2df5341c007fee5a0fc5bbc2d4,2026-10-04T17:00:00Z,DraftKings,2026-09-10T19:06:24Z,Dallas Cowboys,Houston Texans,h2h,Houston Texans,,-135,0.57446809,draftkings|daf55e2df5341c007fee5a0fc5bbc2d4|h2h|event,0.55144112,https://api.the-odds-api.com/v4/sports/americanfootball_nfl
2026,1,daf55e2df5341c007fee5a0fc5bbc2d4,2026-10-04T17:00:00Z,DraftKings,2026-09-10T19:06:24Z,Dallas Cowboys,Houston Texans,spreads,Dallas Cowboys,2.5,-110,0.52380952,draftkings|daf55e2df5341c007fee5a0fc5bbc2d4|spreads|event,0.5,https://api.the-odds-api.com/v4/sports/americanfootball_nfl
2026,1,daf55e2df5341c007fee5a0fc5bbc2d4,2026-10-04T17:00:00Z,DraftKings,2026-09-10T19:06:24Z,Dallas Cowboys,Houston Texans,spreads,Houston Texans,-2.5,-110,0.52380952,draftkings|daf55e2df5341c007fee5a0fc5bbc2d4|spreads|event,0.5,https://api.the-odds-api.com/v4/sports/americanfootball_nfl
2026,1,daf55e2df5341c007fee5a0fc5bbc2d4,2026-10-04T17:00:00Z,DraftKings,2026-09-10T19:06:24Z,Dallas Cowboys,Houston Texans,totals,Over,47.5,-110,0.52380952,draftkings|daf55e2df5341c007fee5a0fc5bbc2d4|totals|47.5,0.5,https://api.the-odds-api.com/v4/sports/americanfootball_nfl
2026,1,daf55e2df5341c007fee5a0fc5bbc2d4,2026-10-04T17:00:00Z,DraftKings,2026-09-10T19:06:24Z,Dallas Cowboys,Houston Texans,totals,Under,47.5,-110,0.52380952,draftkings|daf55e2df5341c007fee5a0fc5bbc2d4|totals|47.5,0.5,https://api.the-odds-api.com/v4/sports/americanfootball_nfl
2026,1,daf55e2df5341c007fee5a0fc5bbc2d4,2026-10-04T17:00:00Z,BetUS,2026-09-10T19:06:58Z,Dallas Cowboys,Houston Texans,spreads,Dallas Cowboys,2.5,-110,0.52380952,betus|daf55e2df5341c007fee5a0fc5bbc2d4|spreads|event,0.5,https://api.the-odds-api.com/v4/sports/americanfootball_nfl
2026,1,daf55e2df5341c007fee5a0fc5bbc2d4,2026-10-04T17:00:00Z,BetUS,2026-09-10T19:06:58Z,Dallas Cowboys,Houston Texans,spreads,Houston Texans,-2.5,-110,0.52380952,betus|daf55e2df5341c007fee5a0fc5bbc2d4|spreads|event,0.5,https://api.the-odds-api.com/v4/sports/americanfootball_nfl
2026,1,daf55e2df5341c007fee5a0fc5bbc2d4,2026-10-04T17:00:00Z,BetUS,2026-09-10T19:06:58Z,Dallas Cowboys,Houston Texans,totals,Over,47.5,-110,0.52380952,betus|daf55e2df5341c007fee5a0fc5bbc2d4|totals|47.5,0.5,https://api.the-odds-api.com/v4/sports/americanfootball_nfl
2026,1,daf55e2df5341c007fee5a0fc5bbc2d4,2026-10-04T17:00:00Z,BetUS,2026-09-10T19:06:58Z,Dallas Cowboys,Houston Texans,totals,Under,47.5,-110,0.52380952,betus|daf55e2df5341c007fee5a0fc5bbc2d4|totals|47.5,0.5,https://api.the-odds-api.com/v4/sports/americanfootball_nfl
2026,1,99a9bae4dc0dc2590496bd3102b211f2,2026-10-04T17:00:00Z,DraftKings,2026-09-10T19:06:24Z,Green Bay Packers,Tampa Bay Buccaneers,h2h,Green Bay Packers,,-125,0.55555556,draftkings|99a9bae4dc0dc2590496bd3102b211f2|h2h|event,0.53246753,https://api.the-odds-api.com/v4/sports/americanfootball_nfl
2026,1,99a9bae4dc0dc2590496bd3102b211f2,2026-10-04T17:00:00Z,DraftKings,2026-09-10T19:06:24Z,Green Bay Packers,Tampa Bay Buccaneers,h2h,Tampa Bay Buccaneers,,105,0.48780488,draftkings|99a9bae4dc0dc2590496bd3102b211f2|h2h|event,0.46753247,https://api.the-odds-api.com/v4/sports/americanfootball_nfl
2026,1,99a9bae4dc0dc2590496bd3102b211f2,2026-10-04T17:00:00Z,DraftKings,2026-09-10T19:06:24Z,Green Bay Packers,Tampa Bay Buccaneers,spreads,Green Bay Packers,-1.5,-110,0.52380952,draftkings|99a9bae4dc0dc2590496bd3102b211f2|spreads|event,0.5,https://api.the-odds-api.com/v4/sports/americanfootball_nfl
2026,1,99a9bae4dc0dc2590496bd3102b211f2,2026-10-04T17:00:00Z,DraftKings,2026-09-10T19:06:24Z,Green Bay Packers,Tampa Bay Buccaneers,spreads,Tampa Bay Buccaneers,1.5,-110,0.52380952,draftkings|99a9bae4dc0dc2590496bd3102b211f2|spreads|event,0.5,https://api.the-odds-api.com/v4/sports/americanfootball_nfl
2026,1,99a9bae4dc0dc2590496bd3102b211f2,2026-10-04T17:00:00Z,DraftKings,2026-09-10T19:06:24Z,Green Bay Packers,Tampa Bay Buccaneers,totals,Over,47.5,-110,0.52380952,draftkings|99a9bae4dc0dc2590496bd3102b211f2|totals|47.5,0.5,https://api.the-odds-api.com/v4/sports/americanfootball_nfl
2026,1,99a9bae4dc0dc2590496bd3102b211f2,2026-10-04T17:00:00Z,DraftKings,2026-09-10T19:06:24Z,Green Bay Packers,Tampa Bay Buccaneers,totals,Under,47.5,-110,0.52380952,draftkings|99a9bae4dc0dc2590496bd3102b211f2|totals|47.5,0.5,https://api.the-odds-api.com/v4/sports/americanfootball_nfl
2026,1,99a9bae4dc0dc2590496bd3102b211f2,2026-10-04T17:00:00Z,BetUS,2026-09-10T19:06:58Z,Green Bay Packers,Tampa Bay Buccaneers,spreads,Green Bay Packers,-1.5,-110,0.52380952,betus|99a9bae4dc0dc2590496bd3102b211f2|spreads|event,0.5,https://api.the-odds-api.com/v4/sports/americanfootball_nfl
2026,1,99a9bae4dc0dc2590496bd3102b211f2,2026-10-04T17:00:00Z,BetUS,2026-09-10T19:06:58Z,Green Bay Packers,Tampa Bay Buccaneers,spreads,Tampa Bay Buccaneers,1.5,-110,0.52380952,betus|99a9bae4dc0dc2590496bd3102b211f2|spreads|event,0.5,https://api.the-odds-api.com/v4/sports/americanfootball_nfl
2026,1,99a9bae4dc0dc2590496bd3102b211f2,2026-10-04T17:00:00Z,BetUS,2026-09-10T19:06:58Z,Green Bay Packers,Tampa Bay Buccaneers,totals,Over,47.5,-110,0.52380952,betus|99a9bae4dc0dc2590496bd3102b211f2|totals|47.5,0.5,https://api.the-odds-api.com/v4/sports/americanfootball_nfl
2026,1,99a9bae4dc0dc2590496bd3102b211f2,2026-10-04T17:00:00Z,BetUS,2026-09-10T19:06:58Z,Green Bay Packers,Tampa Bay Buccaneers,totals,Under,47.5,-110,0.52380952,betus|99a9bae4dc0dc2590496bd3102b211f2|totals|47.5,0.5,https://api.the-odds-api.com/v4/sports/americanfootball_nfl
2026,1,1b4f2e60ce83fa1d63a5dff83769d27c,2026-10-04T17:00:00Z,DraftKings,2026-09-10T19:06:24Z,Los Angeles Rams,Philadelphia Eagles,h2h,Los Angeles Rams,,-125,0.55555556,draftkings|1b4f2e60ce83fa1d63a5dff83769d27c|h2h|event,0.53246753,https://api.the-odds-api.com/v4/sports/americanfootball_nfl
2026,1,1b4f2e60ce83fa1d63a5dff83769d27c,2026-10-04T17:00:00Z,DraftKings,2026-09-10T19:06:24Z,Los Angeles Rams,Philadelphia Eagles,h2h,Philadelphia Eagles,,105,0.48780488,draftkings|1b4f2e60ce83fa1d63a5dff83769d27c|h2h|event,0.46753247,https://api.the-odds-api.com/v4/sports/americanfootball_nfl
2026,1,1b4f2e60ce83fa1d63a5dff83769d27c,2026-10-04T17:00:00Z,DraftKings,2026-09-10T19:06:24Z,Los Angeles Rams,Philadelphia Eagles,spreads,Los Angeles Rams,-1.5,-110,0.52380952,draftkings|1b4f2e60ce83fa1d63a5dff83769d27c|spreads|event,0.5,https://api.the-odds-api.com/v4/sports/americanfootball_nfl
2026,1,1b4f2e60ce83fa1d63a5dff83769d27c,2026-10-04T17:00:00Z,DraftKings,2026-09-10T19:06:24Z,Los Angeles Rams,Philadelphia Eagles,spreads,Philadelphia Eagles,1.5,-110,0.52380952,draftkings|1b4f2e60ce83fa1d63a5dff83769d27c|spreads|event,0.5,https://api.the-odds-api.com/v4/sports/americanfootball_nfl
2026,1,1b4f2e60ce83fa1d63a5dff83769d27c,2026-10-04T17:00:00Z,DraftKings,2026-09-10T19:06:24Z,Los Angeles Rams,Philadelphia Eagles,totals,Over,47.5,-110,0.52380952,draftkings|1b4f2e60ce83fa1d63a5dff83769d27c|totals|47.5,0.5,https://api.the-odds-api.com/v4/sports/americanfootball_nfl
2026,1,1b4f2e60ce83fa1d63a5dff83769d27c,2026-10-04T17:00:00Z,DraftKings,2026-09-10T19:06:24Z,Los Angeles Rams,Philadelphia Eagles,totals,Under,47.5,-110,0.52380952,draftkings|1b4f2e60ce83fa1d63a5dff83769d27c|totals|47.5,0.5,https://api.the-odds-api.com/v4/sports/americanfootball_nfl
2026,1,c327223d76a3b7b0db8c6c104442f44b,2026-10-04T20:05:00Z,DraftKings,2026-09-10T19:06:24Z,Miami Dolphins,Minnesota Vikings,h2h,Miami Dolphins,,310,0.24390244,draftkings|c327223d76a3b7b0db8c6c104442f44b|h2h|event,0.2340979,https://api.the-odds-api.com/v4/sports/americanfootball_nfl
2026,1,c327223d76a3b7b0db8c6c104442f44b,2026-10-04T20:05:00Z,DraftKings,2026-09-10T19:06:24Z,Miami Dolphins,Minnesota Vikings,h2h,Minnesota Vikings,,-395,0.7979798,draftkings|c327223d76a3b7b0db8c6c104442f44b|h2h|event,0.7659021,https://api.the-odds-api.com/v4/sports/americanfootball_nfl
2026,1,c327223d76a3b7b0db8c6c104442f44b,2026-10-04T20:05:00Z,DraftKings,2026-09-10T19:06:24Z,Miami Dolphins,Minnesota Vikings,spreads,Miami Dolphins,7.5,-110,0.52380952,draftkings|c327223d76a3b7b0db8c6c104442f44b|spreads|event,0.5,https://api.the-odds-api.com/v4/sports/americanfootball_nfl
2026,1,c327223d76a3b7b0db8c6c104442f44b,2026-10-04T20:05:00Z,DraftKings,2026-09-10T19:06:24Z,Miami Dolphins,Minnesota Vikings,spreads,Minnesota Vikings,-7.5,-110,0.52380952,draftkings|c327223d76a3b7b0db8c6c104442f44b|spreads|event,0.5,https://api.the-odds-api.com/v4/sports/americanfootball_nfl
2026,1,c327223d76a3b7b0db8c6c104442f44b,2026-10-04T20:05:00Z,DraftKings,2026-09-10T19:06:24Z,Miami Dolphins,Minnesota Vikings,totals,Over,43.5,-110,0.52380952,draftkings|c327223d76a3b7b0db8c6c104442f44b|totals|43.5,0.5,https://api.the-odds-api.com/v4/sports/americanfootball_nfl
2026,1,c327223d76a3b7b0db8c6c104442f44b,2026-10-04T20:05:00Z,DraftKings,2026-09-10T19:06:24Z,Miami Dolphins,Minnesota Vikings,totals,Under,43.5,-110,0.52380952,draftkings|c327223d76a3b7b0db8c6c104442f44b|totals|43.5,0.5,https://api.the-odds-api.com/v4/sports/americanfootball_nfl
2026,1,c327223d76a3b7b0db8c6c104442f44b,2026-10-04T20:05:00Z,BetUS,2026-09-10T19:06:58Z,Miami Dolphins,Minnesota Vikings,spreads,Miami Dolphins,7.5,-110,0.52380952,betus|c327223d76a3b7b0db8c6c104442f44b|spreads|event,0.5,https://api.the-odds-api.com/v4/sports/americanfootball_nfl
2026,1,c327223d76a3b7b0db8c6c104442f44b,2026-10-04T20:05:00Z,BetUS,2026-09-10T19:06:58Z,Miami Dolphins,Minnesota Vikings,spreads,Minnesota Vikings,-7.5,-110,0.52380952,betus|c327223d76a3b7b0db8c6c104442f44b|spreads|event,0.5,https://api.the-odds-api.com/v4/sports/americanfootball_nfl
2026,1,c327223d76a3b7b0db8c6c104442f44b,2026-10-04T20:05:00Z,BetUS,2026-09-10T19:06:58Z,Miami Dolphins,Minnesota Vikings,totals,Over,43.5,-110,0.52380952,betus|c327223d76a3b7b0db8c6c104442f44b|totals|43.5,0.5,https://api.the-odds-api.com/v4/sports/americanfootball_nfl
2026,1,c327223d76a3b7b0db8c6c104442f44b,2026-10-04T20:05:00Z,BetUS,2026-09-10T19:06:58Z,Miami Dolphins,Minnesota Vikings,totals,Under,43.5,-110,0.52380952,betus|c327223d76a3b7b0db8c6c104442f44b|totals|43.5,0.5,https://api.the-odds-api.com/v4/sports/americanfootball_nfl
2026,1,a7e7efb75a9792ac63480ae6328dca18,2026-10-04T20:25:00Z,DraftKings,2026-09-10T19:06:24Z,Denver Broncos,San Francisco 49ers,h2h,Denver Broncos,,120,0.45454545,draftkings|a7e7efb75a9792ac63480ae6328dca18|h2h|event,0.43650793,https://api.the-odds-api.com/v4/sports/americanfootball_nfl
2026,1,a7e7efb75a9792ac63480ae6328dca18,2026-10-04T20:25:00Z,DraftKings,2026-09-10T19:06:24Z,Denver Broncos,San Francisco 49ers,h2h,San Francisco 49ers,,-142,0.58677686,draftkings|a7e7efb75a9792ac63480ae6328dca18|h2h|event,0.56349207,https://api.the-odds-api.com/v4/sports/americanfootball_nfl
2026,1,a7e7efb75a9792ac63480ae6328dca18,2026-10-04T20:25:00Z,DraftKings,2026-09-10T19:06:24Z,Denver Broncos,San Francisco 49ers,spreads,Denver Broncos,2.5,-110,0.52380952,draftkings|a7e7efb75a9792ac63480ae6328dca18|spreads|event,0.5,https://api.the-odds-api.com/v4/sports/americanfootball_nfl
2026,1,a7e7efb75a9792ac63480ae6328dca18,2026-10-04T20:25:00Z,DraftKings,2026-09-10T19:06:24Z,Denver Broncos,San Francisco 49ers,spreads,San Francisco 49ers,-2.5,-110,0.52380952,draftkings|a7e7efb75a9792ac63480ae6328dca18|spreads|event,0.5,https://api.the-odds-api.com/v4/sports/americanfootball_nfl
2026,1,a7e7efb75a9792ac63480ae6328dca18,2026-10-04T20:25:00Z,DraftKings,2026-09-10T19:06:24Z,Denver Broncos,San Francisco 49ers,totals,Over,46.5,-110,0.52380952,draftkings|a7e7efb75a9792ac63480ae6328dca18|totals|46.5,0.5,https://api.the-odds-api.com/v4/sports/americanfootball_nfl
2026,1,a7e7efb75a9792ac63480ae6328dca18,2026-10-04T20:25:00Z,DraftKings,2026-09-10T19:06:24Z,Denver Broncos,San Francisco 49ers,totals,Under,46.5,-110,0.52380952,draftkings|a7e7efb75a9792ac63480ae6328dca18|totals|46.5,0.5,https://api.the-odds-api.com/v4/sports/americanfootball_nfl
2026,1,a7e7efb75a9792ac63480ae6328dca18,2026-10-04T20:25:00Z,BetUS,2026-09-10T19:06:58Z,Denver Broncos,San Francisco 49ers,spreads,Denver Broncos,2.5,-110,0.52380952,betus|a7e7efb75a9792ac63480ae6328dca18|spreads|event,0.5,https://api.the-odds-api.com/v4/sports/americanfootball_nfl
2026,1,a7e7efb75a9792ac63480ae6328dca18,2026-10-04T20:25:00Z,BetUS,2026-09-10T19:06:58Z,Denver Broncos,San Francisco 49ers,spreads,San Francisco 49ers,-2.5,-110,0.52380952,betus|a7e7efb75a9792ac63480ae6328dca18|spreads|event,0.5,https://api.the-odds-api.com/v4/sports/americanfootball_nfl
2026,1,a7e7efb75a9792ac63480ae6328dca18,2026-10-04T20:25:00Z,BetUS,2026-09-10T19:06:58Z,Denver Broncos,San Francisco 49ers,totals,Over,46.5,-110,0.52380952,betus|a7e7efb75a9792ac63480ae6328dca18|totals|46.5,0.5,https://api.the-odds-api.com/v4/sports/americanfootball_nfl
2026,1,a7e7efb75a9792ac63480ae6328dca18,2026-10-04T20:25:00Z,BetUS,2026-09-10T19:06:58Z,Denver Broncos,San Francisco 49ers,totals,Under,46.5,-110,0.52380952,betus|a7e7efb75a9792ac63480ae6328dca18|totals|46.5,0.5,https://api.the-odds-api.com/v4/sports/americanfootball_nfl
2026,1,e0cbd266dcf997089203a1b33ba0333d,2026-10-04T20:25:00Z,DraftKings,2026-09-10T19:06:24Z,Kansas City Chiefs,Las Vegas Raiders,h2h,Kansas City Chiefs,,-250,0.71428571,draftkings|e0cbd266dcf997089203a1b33ba0333d|h2h|event,0.68539326,https://api.the-odds-api.com/v4/sports/americanfootball_nfl
2026,1,e0cbd266dcf997089203a1b33ba0333d,2026-10-04T20:25:00Z,DraftKings,2026-09-10T19:06:24Z,Kansas City Chiefs,Las Vegas Raiders,h2h,Las Vegas Raiders,,205,0.32786885,draftkings|e0cbd266dcf997089203a1b33ba0333d|h2h|event,0.31460674,https://api.the-odds-api.com/v4/sports/americanfootball_nfl
2026,1,e0cbd266dcf997089203a1b33ba0333d,2026-10-04T20:25:00Z,DraftKings,2026-09-10T19:06:24Z,Kansas City Chiefs,Las Vegas Raiders,spreads,Kansas City Chiefs,-5.5,-110,0.52380952,draftkings|e0cbd266dcf997089203a1b33ba0333d|spreads|event,0.5,https://api.the-odds-api.com/v4/sports/americanfootball_nfl
2026,1,e0cbd266dcf997089203a1b33ba0333d,2026-10-04T20:25:00Z,DraftKings,2026-09-10T19:06:24Z,Kansas City Chiefs,Las Vegas Raiders,spreads,Las Vegas Raiders,5.5,-110,0.52380952,draftkings|e0cbd266dcf997089203a1b33ba0333d|spreads|event,0.5,https://api.the-odds-api.com/v4/sports/americanfootball_nfl
2026,1,e0cbd266dcf997089203a1b33ba0333d,2026-10-04T20:25:00Z,DraftKings,2026-09-10T19:06:24Z,Kansas City Chiefs,Las Vegas Raiders,totals,Over,43.5,-110,0.52380952,draftkings|e0cbd266dcf997089203a1b33ba0333d|totals|43.5,0.5,https://api.the-odds-api.com/v4/sports/americanfootball_nfl
2026,1,e0cbd266dcf997089203a1b33ba0333d,2026-10-04T20:25:00Z,DraftKings,2026-09-10T19:06:24Z,Kansas City Chiefs,Las Vegas Raiders,totals,Under,43.5,-110,0.52380952,draftkings|e0cbd266dcf997089203a1b33ba0333d|totals|43.5,0.5,https://api.the-odds-api.com/v4/sports/americanfootball_nfl
2026,1,a73a76599a4f3422803e57bd8f61b626,2026-10-05T00:20:00Z,DraftKings,2026-09-10T19:06:24Z,Detroit Lions,Carolina Panthers,h2h,Carolina Panthers,,136,0.42372881,draftkings|a73a76599a4f3422803e57bd8f61b626|h2h|event,0.40663024,https://api.the-odds-api.com/v4/sports/americanfootball_nfl
2026,1,a73a76599a4f3422803e57bd8f61b626,2026-10-05T00:20:00Z,DraftKings,2026-09-10T19:06:24Z,Detroit Lions,Carolina Panthers,h2h,Detroit Lions,,-162,0.61832061,draftkings|a73a76599a4f3422803e57bd8f61b626|h2h|event,0.59336976,https://api.the-odds-api.com/v4/sports/americanfootball_nfl
2026,1,a73a76599a4f3422803e57bd8f61b626,2026-10-05T00:20:00Z,DraftKings,2026-09-10T19:06:24Z,Detroit Lions,Carolina Panthers,spreads,Carolina Panthers,3.0,-110,0.52380952,draftkings|a73a76599a4f3422803e57bd8f61b626|spreads|event,0.5,https://api.the-odds-api.com/v4/sports/americanfootball_nfl
2026,1,a73a76599a4f3422803e57bd8f61b626,2026-10-05T00:20:00Z,DraftKings,2026-09-10T19:06:24Z,Detroit Lions,Carolina Panthers,spreads,Detroit Lions,-3.0,-110,0.52380952,draftkings|a73a76599a4f3422803e57bd8f61b626|spreads|event,0.5,https://api.the-odds-api.com/v4/sports/americanfootball_nfl
2026,1,a73a76599a4f3422803e57bd8f61b626,2026-10-05T00:20:00Z,DraftKings,2026-09-10T19:06:24Z,Detroit Lions,Carolina Panthers,totals,Over,47.5,-110,0.52380952,draftkings|a73a76599a4f3422803e57bd8f61b626|totals|47.5,0.5,https://api.the-odds-api.com/v4/sports/americanfootball_nfl
2026,1,a73a76599a4f3422803e57bd8f61b626,2026-10-05T00:20:00Z,DraftKings,2026-09-10T19:06:24Z,Detroit Lions,Carolina Panthers,totals,Under,47.5,-110,0.52380952,draftkings|a73a76599a4f3422803e57bd8f61b626|totals|47.5,0.5,https://api.the-odds-api.com/v4/sports/americanfootball_nfl
2026,1,8bd90781e17e6d97df3941063cedae1e,2026-10-06T00:15:00Z,DraftKings,2026-09-10T19:06:24Z,Atlanta Falcons,New Orleans Saints,h2h,Atlanta Falcons,,114,0.46728972,draftkings|8bd90781e17e6d97df3941063cedae1e|h2h|event,0.44855888,https://api.the-odds-api.com/v4/sports/americanfootball_nfl
2026,1,8bd90781e17e6d97df3941063cedae1e,2026-10-06T00:15:00Z,DraftKings,2026-09-10T19:06:24Z,Atlanta Falcons,New Orleans Saints,h2h,New Orleans Saints,,-135,0.57446809,draftkings|8bd90781e17e6d97df3941063cedae1e|h2h|event,0.55144112,https://api.the-odds-api.com/v4/sports/americanfootball_nfl
2026,1,8bd90781e17e6d97df3941063cedae1e,2026-10-06T00:15:00Z,DraftKings,2026-09-10T19:06:24Z,Atlanta Falcons,New Orleans Saints,spreads,Atlanta Falcons,2.5,-110,0.52380952,draftkings|8bd90781e17e6d97df3941063cedae1e|spreads|event,0.5,https://api.the-odds-api.com/v4/sports/americanfootball_nfl
2026,1,8bd90781e17e6d97df3941063cedae1e,2026-10-06T00:15:00Z,DraftKings,2026-09-10T19:06:24Z,Atlanta Falcons,New Orleans Saints,spreads,New Orleans Saints,-2.5,-110,0.52380952,draftkings|8bd90781e17e6d97df3941063cedae1e|spreads|event,0.5,https://api.the-odds-api.com/v4/sports/americanfootball_nfl
2026,1,8bd90781e17e6d97df3941063cedae1e,2026-10-06T00:15:00Z,DraftKings,2026-09-10T19:06:24Z,Atlanta Falcons,New Orleans Saints,totals,Over,45.5,-115,0.53488372,draftkings|8bd90781e17e6d97df3941063cedae1e|totals|45.5,0.51083424,https://api.the-odds-api.com/v4/sports/americanfootball_nfl
2026,1,8bd90781e17e6d97df3941063cedae1e,2026-10-06T00:15:00Z,DraftKings,2026-09-10T19:06:24Z,Atlanta Falcons,New Orleans Saints,totals,Under,45.5,-105,0.51219512,draftkings|8bd90781e17e6d97df3941063cedae1e|totals|45.5,0.48916576,https://api.the-odds-api.com/v4/sports/americanfootball_nfl
2026,1,8bd90781e17e6d97df3941063cedae1e,2026-10-06T00:15:00Z,BetUS,2026-09-10T19:06:58Z,Atlanta Falcons,New Orleans Saints,spreads,Atlanta Falcons,2.5,-110,0.52380952,betus|8bd90781e17e6d97df3941063cedae1e|spreads|event,0.5,https://api.the-odds-api.com/v4/sports/americanfootball_nfl
2026,1,8bd90781e17e6d97df3941063cedae1e,2026-10-06T00:15:00Z,BetUS,2026-09-10T19:06:58Z,Atlanta Falcons,New Orleans Saints,spreads,New Orleans Saints,-2.5,-110,0.52380952,betus|8bd90781e17e6d97df3941063cedae1e|spreads|event,0.5,https://api.the-odds-api.com/v4/sports/americanfootball_nfl
2026,1,8bd90781e17e6d97df3941063cedae1e,2026-10-06T00:15:00Z,BetUS,2026-09-10T19:06:58Z,Atlanta Falcons,New Orleans Saints,totals,Over,45.5,-110,0.52380952,betus|8bd90781e17e6d97df3941063cedae1e|totals|45.5,0.5,https://api.the-odds-api.com/v4/sports/americanfootball_nfl
2026,1,8bd90781e17e6d97df3941063cedae1e,2026-10-06T00:15:00Z,BetUS,2026-09-10T19:06:58Z,Atlanta Falcons,New Orleans Saints,totals,Under,45.5,-110,0.52380952,betus|8bd90781e17e6d97df3941063cedae1e|totals|45.5,0.5,https://api.the-odds-api.com/v4/sports/americanfootball_nfl
2026,1,259b5df9aa0d10257f56de78523495e0,2026-10-09T00:15:00Z,DraftKings,2026-09-10T19:06:24Z,Tampa Bay Buccaneers,Dallas Cowboys,h2h,Dallas Cowboys,,-205,0.67213115,draftkings|259b5df9aa0d10257f56de78523495e0|h2h|event,0.64472918,https://api.the-odds-api.com/v4/sports/americanfootball_nfl
2026,1,259b5df9aa0d10257f56de78523495e0,2026-10-09T00:15:00Z,DraftKings,2026-09-10T19:06:24Z,Tampa Bay Buccaneers,Dallas Cowboys,h2h,Tampa Bay Buccaneers,,170,0.37037037,draftkings|259b5df9aa0d10257f56de78523495e0|h2h|event,0.35527082,https://api.the-odds-api.com/v4/sports/americanfootball_nfl
2026,1,259b5df9aa0d10257f56de78523495e0,2026-10-09T00:15:00Z,DraftKings,2026-09-10T19:06:24Z,Tampa Bay Buccaneers,Dallas Cowboys,spreads,Dallas Cowboys,-3.5,-110,0.52380952,draftkings|259b5df9aa0d10257f56de78523495e0|spreads|event,0.5,https://api.the-odds-api.com/v4/sports/americanfootball_nfl
2026,1,259b5df9aa0d10257f56de78523495e0,2026-10-09T00:15:00Z,DraftKings,2026-09-10T19:06:24Z,Tampa Bay Buccaneers,Dallas Cowboys,spreads,Tampa Bay Buccaneers,3.5,-110,0.52380952,draftkings|259b5df9aa0d10257f56de78523495e0|spreads|event,0.5,https://api.the-odds-api.com/v4/sports/americanfootball_nfl
2026,1,259b5df9aa0d10257f56de78523495e0,2026-10-09T00:15:00Z,DraftKings,2026-09-10T19:06:24Z,Tampa Bay Buccaneers,Dallas Cowboys,totals,Over,52.5,-110,0.52380952,draftkings|259b5df9aa0d10257f56de78523495e0|totals|52.5,0.5,https://api.the-odds-api.com/v4/sports/americanfootball_nfl
2026,1,259b5df9aa0d10257f56de78523495e0,2026-10-09T00:15:00Z,DraftKings,2026-09-10T19:06:24Z,Tampa Bay Buccaneers,Dallas Cowboys,totals,Under,52.5,-110,0.52380952,draftkings|259b5df9aa0d10257f56de78523495e0|totals|52.5,0.5,https://api.the-odds-api.com/v4/sports/americanfootball_nfl
2026,1,259b5df9aa0d10257f56de78523495e0,2026-10-09T00:15:00Z,BetUS,2026-09-10T19:06:58Z,Tampa Bay Buccaneers,Dallas Cowboys,spreads,Dallas Cowboys,-3.5,-110,0.52380952,betus|259b5df9aa0d10257f56de78523495e0|spreads|event,0.5,https://api.the-odds-api.com/v4/sports/americanfootball_nfl
2026,1,259b5df9aa0d10257f56de78523495e0,2026-10-09T00:15:00Z,BetUS,2026-09-10T19:06:58Z,Tampa Bay Buccaneers,Dallas Cowboys,spreads,Tampa Bay Buccaneers,3.5,-110,0.52380952,betus|259b5df9aa0d10257f56de78523495e0|spreads|event,0.5,https://api.the-odds-api.com/v4/sports/americanfootball_nfl
2026,1,259b5df9aa0d10257f56de78523495e0,2026-10-09T00:15:00Z,BetUS,2026-09-10T19:06:58Z,Tampa Bay Buccaneers,Dallas Cowboys,totals,Over,52.5,-110,0.52380952,betus|259b5df9aa0d10257f56de78523495e0|totals|52.5,0.5,https://api.the-odds-api.com/v4/sports/americanfootball_nfl
2026,1,259b5df9aa0d10257f56de78523495e0,2026-10-09T00:15:00Z,BetUS,2026-09-10T19:06:58Z,Tampa Bay Buccaneers,Dallas Cowboys,totals,Under,52.5,-110,0.52380952,betus|259b5df9aa0d10257f56de78523495e0|totals|52.5,0.5,https://api.the-odds-api.com/v4/sports/americanfootball_nfl
2026,1,21b26266f3d78af02eb672e606275d95,2026-10-11T13:30:00Z,DraftKings,2026-09-10T19:06:24Z,Philadelphia Eagles,Jacksonville Jaguars,h2h,Jacksonville Jaguars,,105,0.48780488,draftkings|21b26266f3d78af02eb672e606275d95|h2h|event,0.46753247,https://api.the-odds-api.com/v4/sports/americanfootball_nfl
2026,1,21b26266f3d78af02eb672e606275d95,2026-10-11T13:30:00Z,DraftKings,2026-09-10T19:06:24Z,Philadelphia Eagles,Jacksonville Jaguars,h2h,Philadelphia Eagles,,-125,0.55555556,draftkings|21b26266f3d78af02eb672e606275d95|h2h|event,0.53246753,https://api.the-odds-api.com/v4/sports/americanfootball_nfl
2026,1,21b26266f3d78af02eb672e606275d95,2026-10-11T13:30:00Z,DraftKings,2026-09-10T19:06:24Z,Philadelphia Eagles,Jacksonville Jaguars,spreads,Jacksonville Jaguars,1.5,-110,0.52380952,draftkings|21b26266f3d78af02eb672e606275d95|spreads|event,0.5,https://api.the-odds-api.com/v4/sports/americanfootball_nfl
2026,1,21b26266f3d78af02eb672e606275d95,2026-10-11T13:30:00Z,DraftKings,2026-09-10T19:06:24Z,Philadelphia Eagles,Jacksonville Jaguars,spreads,Philadelphia Eagles,-1.5,-110,0.52380952,draftkings|21b26266f3d78af02eb672e606275d95|spreads|event,0.5,https://api.the-odds-api.com/v4/sports/americanfootball_nfl
2026,1,21b26266f3d78af02eb672e606275d95,2026-10-11T13:30:00Z,DraftKings,2026-09-10T19:06:24Z,Philadelphia Eagles,Jacksonville Jaguars,totals,Over,45.5,-110,0.52380952,draftkings|21b26266f3d78af02eb672e606275d95|totals|45.5,0.5,https://api.the-odds-api.com/v4/sports/americanfootball_nfl
2026,1,21b26266f3d78af02eb672e606275d95,2026-10-11T13:30:00Z,DraftKings,2026-09-10T19:06:24Z,Philadelphia Eagles,Jacksonville Jaguars,totals,Under,45.5,-110,0.52380952,draftkings|21b26266f3d78af02eb672e606275d95|totals|45.5,0.5,https://api.the-odds-api.com/v4/sports/americanfootball_nfl
2026,1,21b26266f3d78af02eb672e606275d95,2026-10-11T13:30:00Z,BetUS,2026-09-10T19:06:58Z,Philadelphia Eagles,Jacksonville Jaguars,spreads,Jacksonville Jaguars,1.5,-105,0.51219512,betus|21b26266f3d78af02eb672e606275d95|spreads|event,0.48916576,https://api.the-odds-api.com/v4/sports/americanfootball_nfl
2026,1,21b26266f3d78af02eb672e606275d95,2026-10-11T13:30:00Z,BetUS,2026-09-10T19:06:58Z,Philadelphia Eagles,Jacksonville Jaguars,spreads,Philadelphia Eagles,-1.5,-115,0.53488372,betus|21b26266f3d78af02eb672e606275d95|spreads|event,0.51083424,https://api.the-odds-api.com/v4/sports/americanfootball_nfl
2026,1,21b26266f3d78af02eb672e606275d95,2026-10-11T13:30:00Z,BetUS,2026-09-10T19:06:58Z,Philadelphia Eagles,Jacksonville Jaguars,totals,Over,44.5,-110,0.52380952,betus|21b26266f3d78af02eb672e606275d95|totals|44.5,0.5,https://api.the-odds-api.com/v4/sports/americanfootball_nfl
2026,1,21b26266f3d78af02eb672e606275d95,2026-10-11T13:30:00Z,BetUS,2026-09-10T19:06:58Z,Philadelphia Eagles,Jacksonville Jaguars,totals,Under,44.5,-110,0.52380952,betus|21b26266f3d78af02eb672e606275d95|totals|44.5,0.5,https://api.the-odds-api.com/v4/sports/americanfootball_nfl
2026,1,c4647ca1201e6768501877267ca8251b,2026-10-11T17:00:00Z,DraftKings,2026-09-10T19:06:24Z,Cincinnati Bengals,Miami Dolphins,h2h,Cincinnati Bengals,,-278,0.73544974,draftkings|c4647ca1201e6768501877267ca8251b|h2h|event,0.70503316,https://api.the-odds-api.com/v4/sports/americanfootball_nfl
2026,1,c4647ca1201e6768501877267ca8251b,2026-10-11T17:00:00Z,DraftKings,2026-09-10T19:06:24Z,Cincinnati Bengals,Miami Dolphins,h2h,Miami Dolphins,,225,0.30769231,draftkings|c4647ca1201e6768501877267ca8251b|h2h|event,0.29496684,https://api.the-odds-api.com/v4/sports/americanfootball_nfl
2026,1,c4647ca1201e6768501877267ca8251b,2026-10-11T17:00:00Z,DraftKings,2026-09-10T19:06:24Z,Cincinnati Bengals,Miami Dolphins,spreads,Cincinnati Bengals,-6.0,-110,0.52380952,draftkings|c4647ca1201e6768501877267ca8251b|spreads|event,0.5,https://api.the-odds-api.com/v4/sports/americanfootball_nfl
2026,1,c4647ca1201e6768501877267ca8251b,2026-10-11T17:00:00Z,DraftKings,2026-09-10T19:06:24Z,Cincinnati Bengals,Miami Dolphins,spreads,Miami Dolphins,6.0,-110,0.52380952,draftkings|c4647ca1201e6768501877267ca8251b|spreads|event,0.5,https://api.the-odds-api.com/v4/sports/americanfootball_nfl
2026,1,c4647ca1201e6768501877267ca8251b,2026-10-11T17:00:00Z,DraftKings,2026-09-10T19:06:24Z,Cincinnati Bengals,Miami Dolphins,totals,Over,49.5,-110,0.52380952,draftkings|c4647ca1201e6768501877267ca8251b|totals|49.5,0.5,https://api.the-odds-api.com/v4/sports/americanfootball_nfl
2026,1,c4647ca1201e6768501877267ca8251b,2026-10-11T17:00:00Z,DraftKings,2026-09-10T19:06:24Z,Cincinnati Bengals,Miami Dolphins,totals,Under,49.5,-110,0.52380952,draftkings|c4647ca1201e6768501877267ca8251b|totals|49.5,0.5,https://api.the-odds-api.com/v4/sports/americanfootball_nfl
2026,1,c4647ca1201e6768501877267ca8251b,2026-10-11T17:00:00Z,BetUS,2026-09-10T19:06:58Z,Cincinnati Bengals,Miami Dolphins,spreads,Cincinnati Bengals,-5.5,-110,0.52380952,betus|c4647ca1201e6768501877267ca8251b|spreads|event,0.5,https://api.the-odds-api.com/v4/sports/americanfootball_nfl
2026,1,c4647ca1201e6768501877267ca8251b,2026-10-11T17:00:00Z,BetUS,2026-09-10T19:06:58Z,Cincinnati Bengals,Miami Dolphins,spreads,Miami Dolphins,5.5,-110,0.52380952,betus|c4647ca1201e6768501877267ca8251b|spreads|event,0.5,https://api.the-odds-api.com/v4/sports/americanfootball_nfl
2026,1,c4647ca1201e6768501877267ca8251b,2026-10-11T17:00:00Z,BetUS,2026-09-10T19:06:58Z,Cincinnati Bengals,Miami Dolphins,totals,Over,49.5,-110,0.52380952,betus|c4647ca1201e6768501877267ca8251b|totals|49.5,0.5,https://api.the-odds-api.com/v4/sports/americanfootball_nfl
2026,1,c4647ca1201e6768501877267ca8251b,2026-10-11T17:00:00Z,BetUS,2026-09-10T19:06:58Z,Cincinnati Bengals,Miami Dolphins,totals,Under,49.5,-110,0.52380952,betus|c4647ca1201e6768501877267ca8251b|totals|49.5,0.5,https://api.the-odds-api.com/v4/sports/americanfootball_nfl
2026,1,9db4ed15fe34fca1fb62f040cd244591,2026-10-11T17:00:00Z,DraftKings,2026-09-10T19:06:24Z,Cleveland Browns,New York Jets,h2h,Cleveland Browns,,110,0.47619048,draftkings|9db4ed15fe34fca1fb62f040cd244591|h2h|event,0.45725646,https://api.the-odds-api.com/v4/sports/americanfootball_nfl
2026,1,9db4ed15fe34fca1fb62f040cd244591,2026-10-11T17:00:00Z,DraftKings,2026-09-10T19:06:24Z,Cleveland Browns,New York Jets,h2h,New York Jets,,-130,0.56521739,draftkings|9db4ed15fe34fca1fb62f040cd244591|h2h|event,0.54274354,https://api.the-odds-api.com/v4/sports/americanfootball_nfl
2026,1,9db4ed15fe34fca1fb62f040cd244591,2026-10-11T17:00:00Z,DraftKings,2026-09-10T19:06:24Z,Cleveland Browns,New York Jets,spreads,Cleveland Browns,2.5,-115,0.53488372,draftkings|9db4ed15fe34fca1fb62f040cd244591|spreads|event,0.51083424,https://api.the-odds-api.com/v4/sports/americanfootball_nfl
2026,1,9db4ed15fe34fca1fb62f040cd244591,2026-10-11T17:00:00Z,DraftKings,2026-09-10T19:06:24Z,Cleveland Browns,New York Jets,spreads,New York Jets,-2.5,-105,0.51219512,draftkings|9db4ed15fe34fca1fb62f040cd244591|spreads|event,0.48916576,https://api.the-odds-api.com/v4/sports/americanfootball_nfl
2026,1,9db4ed15fe34fca1fb62f040cd244591,2026-10-11T17:00:00Z,DraftKings,2026-09-10T19:06:24Z,Cleveland Browns,New York Jets,totals,Over,39.5,-110,0.52380952,draftkings|9db4ed15fe34fca1fb62f040cd244591|totals|39.5,0.5,https://api.the-odds-api.com/v4/sports/americanfootball_nfl
2026,1,9db4ed15fe34fca1fb62f040cd244591,2026-10-11T17:00:00Z,DraftKings,2026-09-10T19:06:24Z,Cleveland Browns,New York Jets,totals,Under,39.5,-110,0.52380952,draftkings|9db4ed15fe34fca1fb62f040cd244591|totals|39.5,0.5,https://api.the-odds-api.com/v4/sports/americanfootball_nfl
2026,1,cc52bba56e74f5cddbe9011046181c3d,2026-10-11T17:00:00Z,DraftKings,2026-09-10T19:06:24Z,Houston Texans,Tennessee Titans,h2h,Houston Texans,,-185,0.64912281,draftkings|cc52bba56e74f5cddbe9011046181c3d|h2h|event,0.62246655,https://api.the-odds-api.com/v4/sports/americanfootball_nfl
2026,1,cc52bba56e74f5cddbe9011046181c3d,2026-10-11T17:00:00Z,DraftKings,2026-09-10T19:06:24Z,Houston Texans,Tennessee Titans,h2h,Tennessee Titans,,154,0.39370079,draftkings|cc52bba56e74f5cddbe9011046181c3d|h2h|event,0.37753345,https://api.the-odds-api.com/v4/sports/americanfootball_nfl
2026,1,cc52bba56e74f5cddbe9011046181c3d,2026-10-11T17:00:00Z,DraftKings,2026-09-10T19:06:24Z,Houston Texans,Tennessee Titans,spreads,Houston Texans,-3.5,-110,0.52380952,draftkings|cc52bba56e74f5cddbe9011046181c3d|spreads|event,0.5,https://api.the-odds-api.com/v4/sports/americanfootball_nfl
2026,1,cc52bba56e74f5cddbe9011046181c3d,2026-10-11T17:00:00Z,DraftKings,2026-09-10T19:06:24Z,Houston Texans,Tennessee Titans,spreads,Tennessee Titans,3.5,-110,0.52380952,draftkings|cc52bba56e74f5cddbe9011046181c3d|spreads|event,0.5,https://api.the-odds-api.com/v4/sports/americanfootball_nfl
2026,1,cc52bba56e74f5cddbe9011046181c3d,2026-10-11T17:00:00Z,DraftKings,2026-09-10T19:06:24Z,Houston Texans,Tennessee Titans,totals,Over,43.5,-110,0.52380952,draftkings|cc52bba56e74f5cddbe9011046181c3d|totals|43.5,0.5,https://api.the-odds-api.com/v4/sports/americanfootball_nfl
2026,1,cc52bba56e74f5cddbe9011046181c3d,2026-10-11T17:00:00Z,DraftKings,2026-09-10T19:06:24Z,Houston Texans,Tennessee Titans,totals,Under,43.5,-110,0.52380952,draftkings|cc52bba56e74f5cddbe9011046181c3d|totals|43.5,0.5,https://api.the-odds-api.com/v4/sports/americanfootball_nfl
2026,1,cc52bba56e74f5cddbe9011046181c3d,2026-10-11T17:00:00Z,BetUS,2026-09-10T19:06:58Z,Houston Texans,Tennessee Titans,spreads,Houston Texans,-3.5,-110,0.52380952,betus|cc52bba56e74f5cddbe9011046181c3d|spreads|event,0.5,https://api.the-odds-api.com/v4/sports/americanfootball_nfl
2026,1,cc52bba56e74f5cddbe9011046181c3d,2026-10-11T17:00:00Z,BetUS,2026-09-10T19:06:58Z,Houston Texans,Tennessee Titans,spreads,Tennessee Titans,3.5,-110,0.52380952,betus|cc52bba56e74f5cddbe9011046181c3d|spreads|event,0.5,https://api.the-odds-api.com/v4/sports/americanfootball_nfl
2026,1,cc52bba56e74f5cddbe9011046181c3d,2026-10-11T17:00:00Z,BetUS,2026-09-10T19:06:58Z,Houston Texans,Tennessee Titans,totals,Over,43.5,-110,0.52380952,betus|cc52bba56e74f5cddbe9011046181c3d|totals|43.5,0.5,https://api.the-odds-api.com/v4/sports/americanfootball_nfl
2026,1,cc52bba56e74f5cddbe9011046181c3d,2026-10-11T17:00:00Z,BetUS,2026-09-10T19:06:58Z,Houston Texans,Tennessee Titans,totals,Under,43.5,-110,0.52380952,betus|cc52bba56e74f5cddbe9011046181c3d|totals|43.5,0.5,https://api.the-odds-api.com/v4/sports/americanfootball_nfl
2026,1,448d7cf18c6db4c811ed82ded1b72867,2026-10-11T17:00:00Z,DraftKings,2026-09-10T19:06:24Z,Indianapolis Colts,Pittsburgh Steelers,h2h,Indianapolis Colts,,120,0.45454545,draftkings|448d7cf18c6db4c811ed82ded1b72867|h2h|event,0.43650793,https://api.the-odds-api.com/v4/sports/americanfootball_nfl
2026,1,448d7cf18c6db4c811ed82ded1b72867,2026-10-11T17:00:00Z,DraftKings,2026-09-10T19:06:24Z,Indianapolis Colts,Pittsburgh Steelers,h2h,Pittsburgh Steelers,,-142,0.58677686,draftkings|448d7cf18c6db4c811ed82ded1b72867|h2h|event,0.56349207,https://api.the-odds-api.com/v4/sports/americanfootball_nfl
2026,1,448d7cf18c6db4c811ed82ded1b72867,2026-10-11T17:00:00Z,DraftKings,2026-09-10T19:06:24Z,Indianapolis Colts,Pittsburgh Steelers,spreads,Indianapolis Colts,2.5,-110,0.52380952,draftkings|448d7cf18c6db4c811ed82ded1b72867|spreads|event,0.5,https://api.the-odds-api.com/v4/sports/americanfootball_nfl
2026,1,448d7cf18c6db4c811ed82ded1b72867,2026-10-11T17:00:00Z,DraftKings,2026-09-10T19:06:24Z,Indianapolis Colts,Pittsburgh Steelers,spreads,Pittsburgh Steelers,-2.5,-110,0.52380952,draftkings|448d7cf18c6db4c811ed82ded1b72867|spreads|event,0.5,https://api.the-odds-api.com/v4/sports/americanfootball_nfl
2026,1,448d7cf18c6db4c811ed82ded1b72867,2026-10-11T17:00:00Z,DraftKings,2026-09-10T19:06:24Z,Indianapolis Colts,Pittsburgh Steelers,totals,Over,47.5,-110,0.52380952,draftkings|448d7cf18c6db4c811ed82ded1b72867|totals|47.5,0.5,https://api.the-odds-api.com/v4/sports/americanfootball_nfl
2026,1,448d7cf18c6db4c811ed82ded1b72867,2026-10-11T17:00:00Z,DraftKings,2026-09-10T19:06:24Z,Indianapolis Colts,Pittsburgh Steelers,totals,Under,47.5,-110,0.52380952,draftkings|448d7cf18c6db4c811ed82ded1b72867|totals|47.5,0.5,https://api.the-odds-api.com/v4/sports/americanfootball_nfl
2026,1,448d7cf18c6db4c811ed82ded1b72867,2026-10-11T17:00:00Z,BetUS,2026-09-10T19:06:58Z,Indianapolis Colts,Pittsburgh Steelers,spreads,Indianapolis Colts,2.5,-110,0.52380952,betus|448d7cf18c6db4c811ed82ded1b72867|spreads|event,0.5,https://api.the-odds-api.com/v4/sports/americanfootball_nfl
2026,1,448d7cf18c6db4c811ed82ded1b72867,2026-10-11T17:00:00Z,BetUS,2026-09-10T19:06:58Z,Indianapolis Colts,Pittsburgh Steelers,spreads,Pittsburgh Steelers,-2.5,-110,0.52380952,betus|448d7cf18c6db4c811ed82ded1b72867|spreads|event,0.5,https://api.the-odds-api.com/v4/sports/americanfootball_nfl
2026,1,448d7cf18c6db4c811ed82ded1b72867,2026-10-11T17:00:00Z,BetUS,2026-09-10T19:06:58Z,Indianapolis Colts,Pittsburgh Steelers,totals,Over,47.5,-110,0.52380952,betus|448d7cf18c6db4c811ed82ded1b72867|totals|47.5,0.5,https://api.the-odds-api.com/v4/sports/americanfootball_nfl
2026,1,448d7cf18c6db4c811ed82ded1b72867,2026-10-11T17:00:00Z,BetUS,2026-09-10T19:06:58Z,Indianapolis Colts,Pittsburgh Steelers,totals,Under,47.5,-110,0.52380952,betus|448d7cf18c6db4c811ed82ded1b72867|totals|47.5,0.5,https://api.the-odds-api.com/v4/sports/americanfootball_nfl
2026,1,2cda9bf0fbe35a2735f0dd8aaafe9eff,2026-10-11T17:00:00Z,DraftKings,2026-09-10T19:06:24Z,Minnesota Vikings,New Orleans Saints,h2h,Minnesota Vikings,,-125,0.55555556,draftkings|2cda9bf0fbe35a2735f0dd8aaafe9eff|h2h|event,0.53246753,https://api.the-odds-api.com/v4/sports/americanfootball_nfl
2026,1,2cda9bf0fbe35a2735f0dd8aaafe9eff,2026-10-11T17:00:00Z,DraftKings,2026-09-10T19:06:24Z,Minnesota Vikings,New Orleans Saints,h2h,New Orleans Saints,,105,0.48780488,draftkings|2cda9bf0fbe35a2735f0dd8aaafe9eff|h2h|event,0.46753247,https://api.the-odds-api.com/v4/sports/americanfootball_nfl
2026,1,2cda9bf0fbe35a2735f0dd8aaafe9eff,2026-10-11T17:00:00Z,DraftKings,2026-09-10T19:06:24Z,Minnesota Vikings,New Orleans Saints,spreads,Minnesota Vikings,-1.5,-110,0.52380952,draftkings|2cda9bf0fbe35a2735f0dd8aaafe9eff|spreads|event,0.5,https://api.the-odds-api.com/v4/sports/americanfootball_nfl
2026,1,2cda9bf0fbe35a2735f0dd8aaafe9eff,2026-10-11T17:00:00Z,DraftKings,2026-09-10T19:06:24Z,Minnesota Vikings,New Orleans Saints,spreads,New Orleans Saints,1.5,-110,0.52380952,draftkings|2cda9bf0fbe35a2735f0dd8aaafe9eff|spreads|event,0.5,https://api.the-odds-api.com/v4/sports/americanfootball_nfl
2026,1,2cda9bf0fbe35a2735f0dd8aaafe9eff,2026-10-11T17:00:00Z,DraftKings,2026-09-10T19:06:24Z,Minnesota Vikings,New Orleans Saints,totals,Over,44.5,-110,0.52380952,draftkings|2cda9bf0fbe35a2735f0dd8aaafe9eff|totals|44.5,0.5,https://api.the-odds-api.com/v4/sports/americanfootball_nfl
2026,1,2cda9bf0fbe35a2735f0dd8aaafe9eff,2026-10-11T17:00:00Z,DraftKings,2026-09-10T19:06:24Z,Minnesota Vikings,New Orleans Saints,totals,Under,44.5,-110,0.52380952,draftkings|2cda9bf0fbe35a2735f0dd8aaafe9eff|totals|44.5,0.5,https://api.the-odds-api.com/v4/sports/americanfootball_nfl
2026,1,2cda9bf0fbe35a2735f0dd8aaafe9eff,2026-10-11T17:00:00Z,BetUS,2026-09-10T19:06:58Z,Minnesota Vikings,New Orleans Saints,spreads,Minnesota Vikings,-1.5,-105,0.51219512,betus|2cda9bf0fbe35a2735f0dd8aaafe9eff|spreads|event,0.48916576,https://api.the-odds-api.com/v4/sports/americanfootball_nfl
2026,1,2cda9bf0fbe35a2735f0dd8aaafe9eff,2026-10-11T17:00:00Z,BetUS,2026-09-10T19:06:58Z,Minnesota Vikings,New Orleans Saints,spreads,New Orleans Saints,1.5,-115,0.53488372,betus|2cda9bf0fbe35a2735f0dd8aaafe9eff|spreads|event,0.51083424,https://api.the-odds-api.com/v4/sports/americanfootball_nfl
2026,1,2cda9bf0fbe35a2735f0dd8aaafe9eff,2026-10-11T17:00:00Z,BetUS,2026-09-10T19:06:58Z,Minnesota Vikings,New Orleans Saints,totals,Over,44.5,-110,0.52380952,betus|2cda9bf0fbe35a2735f0dd8aaafe9eff|totals|44.5,0.5,https://api.the-odds-api.com/v4/sports/americanfootball_nfl
2026,1,2cda9bf0fbe35a2735f0dd8aaafe9eff,2026-10-11T17:00:00Z,BetUS,2026-09-10T19:06:58Z,Minnesota Vikings,New Orleans Saints,totals,Under,44.5,-110,0.52380952,betus|2cda9bf0fbe35a2735f0dd8aaafe9eff|totals|44.5,0.5,https://api.the-odds-api.com/v4/sports/americanfootball_nfl
2026,1,fbffd0b7722fd81d68d5d62472dc80e8,2026-10-11T17:00:00Z,DraftKings,2026-09-10T19:06:24Z,New York Giants,Washington Commanders,h2h,New York Giants,,110,0.47619048,draftkings|fbffd0b7722fd81d68d5d62472dc80e8|h2h|event,0.45725646,https://api.the-odds-api.com/v4/sports/americanfootball_nfl
2026,1,fbffd0b7722fd81d68d5d62472dc80e8,2026-10-11T17:00:00Z,DraftKings,2026-09-10T19:06:24Z,New York Giants,Washington Commanders,h2h,Washington Commanders,,-130,0.56521739,draftkings|fbffd0b7722fd81d68d5d62472dc80e8|h2h|event,0.54274354,https://api.the-odds-api.com/v4/sports/americanfootball_nfl
2026,1,fbffd0b7722fd81d68d5d62472dc80e8,2026-10-11T17:00:00Z,DraftKings,2026-09-10T19:06:24Z,New York Giants,Washington Commanders,spreads,New York Giants,2.5,-115,0.53488372,draftkings|fbffd0b7722fd81d68d5d62472dc80e8|spreads|event,0.51083424,https://api.the-odds-api.com/v4/sports/americanfootball_nfl
2026,1,fbffd0b7722fd81d68d5d62472dc80e8,2026-10-11T17:00:00Z,DraftKings,2026-09-10T19:06:24Z,New York Giants,Washington Commanders,spreads,Washington Commanders,-2.5,-105,0.51219512,draftkings|fbffd0b7722fd81d68d5d62472dc80e8|spreads|event,0.48916576,https://api.the-odds-api.com/v4/sports/americanfootball_nfl
2026,1,fbffd0b7722fd81d68d5d62472dc80e8,2026-10-11T17:00:00Z,DraftKings,2026-09-10T19:06:24Z,New York Giants,Washington Commanders,totals,Over,48.5,-110,0.52380952,draftkings|fbffd0b7722fd81d68d5d62472dc80e8|totals|48.5,0.5,https://api.the-odds-api.com/v4/sports/americanfootball_nfl
2026,1,fbffd0b7722fd81d68d5d62472dc80e8,2026-10-11T17:00:00Z,DraftKings,2026-09-10T19:06:24Z,New York Giants,Washington Commanders,totals,Under,48.5,-110,0.52380952,draftkings|fbffd0b7722fd81d68d5d62472dc80e8|totals|48.5,0.5,https://api.the-odds-api.com/v4/sports/americanfootball_nfl
2026,1,fbffd0b7722fd81d68d5d62472dc80e8,2026-10-11T17:00:00Z,BetUS,2026-09-10T19:06:58Z,New York Giants,Washington Commanders,spreads,New York Giants,2.5,-110,0.52380952,betus|fbffd0b7722fd81d68d5d62472dc80e8|spreads|event,0.5,https://api.the-odds-api.com/v4/sports/americanfootball_nfl
2026,1,fbffd0b7722fd81d68d5d62472dc80e8,2026-10-11T17:00:00Z,BetUS,2026-09-10T19:06:58Z,New York Giants,Washington Commanders,spreads,Washington Commanders,-2.5,-110,0.52380952,betus|fbffd0b7722fd81d68d5d62472dc80e8|spreads|event,0.5,https://api.the-odds-api.com/v4/sports/americanfootball_nfl
2026,1,fbffd0b7722fd81d68d5d62472dc80e8,2026-10-11T17:00:00Z,BetUS,2026-09-10T19:06:58Z,New York Giants,Washington Commanders,totals,Over,48.5,-110,0.52380952,betus|fbffd0b7722fd81d68d5d62472dc80e8|totals|48.5,0.5,https://api.the-odds-api.com/v4/sports/americanfootball_nfl
2026,1,fbffd0b7722fd81d68d5d62472dc80e8,2026-10-11T17:00:00Z,BetUS,2026-09-10T19:06:58Z,New York Giants,Washington Commanders,totals,Under,48.5,-110,0.52380952,betus|fbffd0b7722fd81d68d5d62472dc80e8|totals|48.5,0.5,https://api.the-odds-api.com/v4/sports/americanfootball_nfl
2026,1,d1d408fdfd272046fb517fe992a1c5a0,2026-10-11T20:05:00Z,DraftKings,2026-09-10T19:06:24Z,Denver Broncos,Los Angeles Chargers,h2h,Denver Broncos,,120,0.45454545,draftkings|d1d408fdfd272046fb517fe992a1c5a0|h2h|event,0.43650793,https://api.the-odds-api.com/v4/sports/americanfootball_nfl
2026,1,d1d408fdfd272046fb517fe992a1c5a0,2026-10-11T20:05:00Z,DraftKings,2026-09-10T19:06:24Z,Denver Broncos,Los Angeles Chargers,h2h,Los Angeles Chargers,,-142,0.58677686,draftkings|d1d408fdfd272046fb517fe992a1c5a0|h2h|event,0.56349207,https://api.the-odds-api.com/v4/sports/americanfootball_nfl
2026,1,d1d408fdfd272046fb517fe992a1c5a0,2026-10-11T20:05:00Z,DraftKings,2026-09-10T19:06:24Z,Denver Broncos,Los Angeles Chargers,spreads,Denver Broncos,2.5,-110,0.52380952,draftkings|d1d408fdfd272046fb517fe992a1c5a0|spreads|event,0.5,https://api.the-odds-api.com/v4/sports/americanfootball_nfl
2026,1,d1d408fdfd272046fb517fe992a1c5a0,2026-10-11T20:05:00Z,DraftKings,2026-09-10T19:06:24Z,Denver Broncos,Los Angeles Chargers,spreads,Los Angeles Chargers,-2.5,-110,0.52380952,draftkings|d1d408fdfd272046fb517fe992a1c5a0|spreads|event,0.5,https://api.the-odds-api.com/v4/sports/americanfootball_nfl
2026,1,d1d408fdfd272046fb517fe992a1c5a0,2026-10-11T20:05:00Z,DraftKings,2026-09-10T19:06:24Z,Denver Broncos,Los Angeles Chargers,totals,Over,44.5,-110,0.52380952,draftkings|d1d408fdfd272046fb517fe992a1c5a0|totals|44.5,0.5,https://api.the-odds-api.com/v4/sports/americanfootball_nfl
2026,1,d1d408fdfd272046fb517fe992a1c5a0,2026-10-11T20:05:00Z,DraftKings,2026-09-10T19:06:24Z,Denver Broncos,Los Angeles Chargers,totals,Under,44.5,-110,0.52380952,draftkings|d1d408fdfd272046fb517fe992a1c5a0|totals|44.5,0.5,https://api.the-odds-api.com/v4/sports/americanfootball_nfl
2026,1,d1d408fdfd272046fb517fe992a1c5a0,2026-10-11T20:05:00Z,BetUS,2026-09-10T19:06:58Z,Denver Broncos,Los Angeles Chargers,spreads,Denver Broncos,2.5,-110,0.52380952,betus|d1d408fdfd272046fb517fe992a1c5a0|spreads|event,0.5,https://api.the-odds-api.com/v4/sports/americanfootball_nfl
2026,1,d1d408fdfd272046fb517fe992a1c5a0,2026-10-11T20:05:00Z,BetUS,2026-09-10T19:06:58Z,Denver Broncos,Los Angeles Chargers,spreads,Los Angeles Chargers,-2.5,-110,0.52380952,betus|d1d408fdfd272046fb517fe992a1c5a0|spreads|event,0.5,https://api.the-odds-api.com/v4/sports/americanfootball_nfl
2026,1,d1d408fdfd272046fb517fe992a1c5a0,2026-10-11T20:05:00Z,BetUS,2026-09-10T19:06:58Z,Denver Broncos,Los Angeles Chargers,totals,Over,44.5,-110,0.52380952,betus|d1d408fdfd272046fb517fe992a1c5a0|totals|44.5,0.5,https://api.the-odds-api.com/v4/sports/americanfootball_nfl
2026,1,d1d408fdfd272046fb517fe992a1c5a0,2026-10-11T20:05:00Z,BetUS,2026-09-10T19:06:58Z,Denver Broncos,Los Angeles Chargers,totals,Under,44.5,-110,0.52380952,betus|d1d408fdfd272046fb517fe992a1c5a0|totals|44.5,0.5,https://api.the-odds-api.com/v4/sports/americanfootball_nfl
2026,1,f8e7f43f73aa983c5c99c189587f0118,2026-10-11T20:25:00Z,DraftKings,2026-09-10T19:06:24Z,Detroit Lions,Arizona Cardinals,h2h,Arizona Cardinals,,310,0.24390244,draftkings|f8e7f43f73aa983c5c99c189587f0118|h2h|event,0.2340979,https://api.the-odds-api.com/v4/sports/americanfootball_nfl
2026,1,f8e7f43f73aa983c5c99c189587f0118,2026-10-11T20:25:00Z,DraftKings,2026-09-10T19:06:24Z,Detroit Lions,Arizona Cardinals,h2h,Detroit Lions,,-395,0.7979798,draftkings|f8e7f43f73aa983c5c99c189587f0118|h2h|event,0.7659021,https://api.the-odds-api.com/v4/sports/americanfootball_nfl
2026,1,f8e7f43f73aa983c5c99c189587f0118,2026-10-11T20:25:00Z,DraftKings,2026-09-10T19:06:24Z,Detroit Lions,Arizona Cardinals,spreads,Arizona Cardinals,8.5,-110,0.52380952,draftkings|f8e7f43f73aa983c5c99c189587f0118|spreads|event,0.5,https://api.the-odds-api.com/v4/sports/americanfootball_nfl
2026,1,f8e7f43f73aa983c5c99c189587f0118,2026-10-11T20:25:00Z,DraftKings,2026-09-10T19:06:24Z,Detroit Lions,Arizona Cardinals,spreads,Detroit Lions,-8.5,-110,0.52380952,draftkings|f8e7f43f73aa983c5c99c189587f0118|spreads|event,0.5,https://api.the-odds-api.com/v4/sports/americanfootball_nfl
2026,1,f8e7f43f73aa983c5c99c189587f0118,2026-10-11T20:25:00Z,DraftKings,2026-09-10T19:06:24Z,Detroit Lions,Arizona Cardinals,totals,Over,48.5,-110,0.52380952,draftkings|f8e7f43f73aa983c5c99c189587f0118|totals|48.5,0.5,https://api.the-odds-api.com/v4/sports/americanfootball_nfl
2026,1,f8e7f43f73aa983c5c99c189587f0118,2026-10-11T20:25:00Z,DraftKings,2026-09-10T19:06:24Z,Detroit Lions,Arizona Cardinals,totals,Under,48.5,-110,0.52380952,draftkings|f8e7f43f73aa983c5c99c189587f0118|totals|48.5,0.5,https://api.the-odds-api.com/v4/sports/americanfootball_nfl
2026,1,2caea57b1e5cfbba1334cfbfd46f6771,2026-10-11T20:25:00Z,DraftKings,2026-09-10T19:06:24Z,Chicago Bears,Green Bay Packers,h2h,Chicago Bears,,140,0.41666667,draftkings|2caea57b1e5cfbba1334cfbfd46f6771|h2h|event,0.40036123,https://api.the-odds-api.com/v4/sports/americanfootball_nfl
2026,1,2caea57b1e5cfbba1334cfbfd46f6771,2026-10-11T20:25:00Z,DraftKings,2026-09-10T19:06:24Z,Chicago Bears,Green Bay Packers,h2h,Green Bay Packers,,-166,0.62406015,draftkings|2caea57b1e5cfbba1334cfbfd46f6771|h2h|event,0.59963877,https://api.the-odds-api.com/v4/sports/americanfootball_nfl
2026,1,2caea57b1e5cfbba1334cfbfd46f6771,2026-10-11T20:25:00Z,DraftKings,2026-09-10T19:06:24Z,Chicago Bears,Green Bay Packers,spreads,Chicago Bears,3.0,-110,0.52380952,draftkings|2caea57b1e5cfbba1334cfbfd46f6771|spreads|event,0.5,https://api.the-odds-api.com/v4/sports/americanfootball_nfl
2026,1,2caea57b1e5cfbba1334cfbfd46f6771,2026-10-11T20:25:00Z,DraftKings,2026-09-10T19:06:24Z,Chicago Bears,Green Bay Packers,spreads,Green Bay Packers,-3.0,-110,0.52380952,draftkings|2caea57b1e5cfbba1334cfbfd46f6771|spreads|event,0.5,https://api.the-odds-api.com/v4/sports/americanfootball_nfl
2026,1,2caea57b1e5cfbba1334cfbfd46f6771,2026-10-11T20:25:00Z,DraftKings,2026-09-10T19:06:24Z,Chicago Bears,Green Bay Packers,totals,Over,49.5,-110,0.52380952,draftkings|2caea57b1e5cfbba1334cfbfd46f6771|totals|49.5,0.5,https://api.the-odds-api.com/v4/sports/americanfootball_nfl
2026,1,2caea57b1e5cfbba1334cfbfd46f6771,2026-10-11T20:25:00Z,DraftKings,2026-09-10T19:06:24Z,Chicago Bears,Green Bay Packers,totals,Under,49.5,-110,0.52380952,draftkings|2caea57b1e5cfbba1334cfbfd46f6771|totals|49.5,0.5,https://api.the-odds-api.com/v4/sports/americanfootball_nfl
2026,1,86457f91112732f21ad4bb7d37bd291c,2026-10-12T00:20:00Z,DraftKings,2026-09-10T19:06:24Z,Baltimore Ravens,Atlanta Falcons,h2h,Atlanta Falcons,,170,0.37037037,draftkings|86457f91112732f21ad4bb7d37bd291c|h2h|event,0.35527082,https://api.the-odds-api.com/v4/sports/americanfootball_nfl
2026,1,86457f91112732f21ad4bb7d37bd291c,2026-10-12T00:20:00Z,DraftKings,2026-09-10T19:06:24Z,Baltimore Ravens,Atlanta Falcons,h2h,Baltimore Ravens,,-205,0.67213115,draftkings|86457f91112732f21ad4bb7d37bd291c|h2h|event,0.64472918,https://api.the-odds-api.com/v4/sports/americanfootball_nfl
2026,1,86457f91112732f21ad4bb7d37bd291c,2026-10-12T00:20:00Z,DraftKings,2026-09-10T19:06:24Z,Baltimore Ravens,Atlanta Falcons,spreads,Atlanta Falcons,4.5,-110,0.52380952,draftkings|86457f91112732f21ad4bb7d37bd291c|spreads|event,0.5,https://api.the-odds-api.com/v4/sports/americanfootball_nfl
2026,1,86457f91112732f21ad4bb7d37bd291c,2026-10-12T00:20:00Z,DraftKings,2026-09-10T19:06:24Z,Baltimore Ravens,Atlanta Falcons,spreads,Baltimore Ravens,-4.5,-110,0.52380952,draftkings|86457f91112732f21ad4bb7d37bd291c|spreads|event,0.5,https://api.the-odds-api.com/v4/sports/americanfootball_nfl
2026,1,86457f91112732f21ad4bb7d37bd291c,2026-10-12T00:20:00Z,DraftKings,2026-09-10T19:06:24Z,Baltimore Ravens,Atlanta Falcons,totals,Over,48.5,-110,0.52380952,draftkings|86457f91112732f21ad4bb7d37bd291c|totals|48.5,0.5,https://api.the-odds-api.com/v4/sports/americanfootball_nfl
2026,1,86457f91112732f21ad4bb7d37bd291c,2026-10-12T00:20:00Z,DraftKings,2026-09-10T19:06:24Z,Baltimore Ravens,Atlanta Falcons,totals,Under,48.5,-110,0.52380952,draftkings|86457f91112732f21ad4bb7d37bd291c|totals|48.5,0.5,https://api.the-odds-api.com/v4/sports/americanfootball_nfl
2026,1,86457f91112732f21ad4bb7d37bd291c,2026-10-12T00:20:00Z,BetUS,2026-09-10T19:06:58Z,Baltimore Ravens,Atlanta Falcons,spreads,Atlanta Falcons,4.5,-110,0.52380952,betus|86457f91112732f21ad4bb7d37bd291c|spreads|event,0.5,https://api.the-odds-api.com/v4/sports/americanfootball_nfl
2026,1,86457f91112732f21ad4bb7d37bd291c,2026-10-12T00:20:00Z,BetUS,2026-09-10T19:06:58Z,Baltimore Ravens,Atlanta Falcons,spreads,Baltimore Ravens,-4.5,-110,0.52380952,betus|86457f91112732f21ad4bb7d37bd291c|spreads|event,0.5,https://api.the-odds-api.com/v4/sports/americanfootball_nfl
2026,1,86457f91112732f21ad4bb7d37bd291c,2026-10-12T00:20:00Z,BetUS,2026-09-10T19:06:58Z,Baltimore Ravens,Atlanta Falcons,totals,Over,48.5,-110,0.52380952,betus|86457f91112732f21ad4bb7d37bd291c|totals|48.5,0.5,https://api.the-odds-api.com/v4/sports/americanfootball_nfl
2026,1,86457f91112732f21ad4bb7d37bd291c,2026-10-12T00:20:00Z,BetUS,2026-09-10T19:06:58Z,Baltimore Ravens,Atlanta Falcons,totals,Under,48.5,-110,0.52380952,betus|86457f91112732f21ad4bb7d37bd291c|totals|48.5,0.5,https://api.the-odds-api.com/v4/sports/americanfootball_nfl
2026,1,e6d00eedd87d367e510314bd8cab8f6f,2026-10-13T00:15:00Z,DraftKings,2026-09-10T19:06:24Z,Buffalo Bills,Los Angeles Rams,h2h,Buffalo Bills,,142,0.41322314,draftkings|e6d00eedd87d367e510314bd8cab8f6f|h2h|event,0.39624303,https://api.the-odds-api.com/v4/sports/americanfootball_nfl
2026,1,e6d00eedd87d367e510314bd8cab8f6f,2026-10-13T00:15:00Z,DraftKings,2026-09-10T19:06:24Z,Buffalo Bills,Los Angeles Rams,h2h,Los Angeles Rams,,-170,0.62962963,draftkings|e6d00eedd87d367e510314bd8cab8f6f|h2h|event,0.60375697,https://api.the-odds-api.com/v4/sports/americanfootball_nfl
2026,1,e6d00eedd87d367e510314bd8cab8f6f,2026-10-13T00:15:00Z,DraftKings,2026-09-10T19:06:24Z,Buffalo Bills,Los Angeles Rams,spreads,Buffalo Bills,3.0,-110,0.52380952,draftkings|e6d00eedd87d367e510314bd8cab8f6f|spreads|event,0.5,https://api.the-odds-api.com/v4/sports/americanfootball_nfl
2026,1,e6d00eedd87d367e510314bd8cab8f6f,2026-10-13T00:15:00Z,DraftKings,2026-09-10T19:06:24Z,Buffalo Bills,Los Angeles Rams,spreads,Los Angeles Rams,-3.0,-110,0.52380952,draftkings|e6d00eedd87d367e510314bd8cab8f6f|spreads|event,0.5,https://api.the-odds-api.com/v4/sports/americanfootball_nfl
2026,1,e6d00eedd87d367e510314bd8cab8f6f,2026-10-13T00:15:00Z,DraftKings,2026-09-10T19:06:24Z,Buffalo Bills,Los Angeles Rams,totals,Over,53.5,-110,0.52380952,draftkings|e6d00eedd87d367e510314bd8cab8f6f|totals|53.5,0.5,https://api.the-odds-api.com/v4/sports/americanfootball_nfl
2026,1,e6d00eedd87d367e510314bd8cab8f6f,2026-10-13T00:15:00Z,DraftKings,2026-09-10T19:06:24Z,Buffalo Bills,Los Angeles Rams,totals,Under,53.5,-110,0.52380952,draftkings|e6d00eedd87d367e510314bd8cab8f6f|totals|53.5,0.5,https://api.the-odds-api.com/v4/sports/americanfootball_nfl
2026,1,57418b2cf5aca558b3c98eafac1e264a,2026-10-18T13:30:00Z,DraftKings,2026-09-10T19:06:24Z,Houston Texans,Jacksonville Jaguars,h2h,Houston Texans,,-108,0.51923077,draftkings|57418b2cf5aca558b3c98eafac1e264a|h2h|event,0.49567024,https://api.the-odds-api.com/v4/sports/americanfootball_nfl
2026,1,57418b2cf5aca558b3c98eafac1e264a,2026-10-18T13:30:00Z,DraftKings,2026-09-10T19:06:24Z,Houston Texans,Jacksonville Jaguars,h2h,Jacksonville Jaguars,,-112,0.52830189,draftkings|57418b2cf5aca558b3c98eafac1e264a|h2h|event,0.50432976,https://api.the-odds-api.com/v4/sports/americanfootball_nfl
2026,1,57418b2cf5aca558b3c98eafac1e264a,2026-10-18T13:30:00Z,DraftKings,2026-09-10T19:06:24Z,Houston Texans,Jacksonville Jaguars,spreads,Houston Texans,1.5,-122,0.54954955,draftkings|57418b2cf5aca558b3c98eafac1e264a|spreads|event,0.52608659,https://api.the-odds-api.com/v4/sports/americanfootball_nfl
2026,1,57418b2cf5aca558b3c98eafac1e264a,2026-10-18T13:30:00Z,DraftKings,2026-09-10T19:06:24Z,Houston Texans,Jacksonville Jaguars,spreads,Jacksonville Jaguars,-1.5,102,0.4950495,draftkings|57418b2cf5aca558b3c98eafac1e264a|spreads|event,0.47391341,https://api.the-odds-api.com/v4/sports/americanfootball_nfl
2026,1,57418b2cf5aca558b3c98eafac1e264a,2026-10-18T13:30:00Z,DraftKings,2026-09-10T19:06:24Z,Houston Texans,Jacksonville Jaguars,totals,Over,42.5,-110,0.52380952,draftkings|57418b2cf5aca558b3c98eafac1e264a|totals|42.5,0.5,https://api.the-odds-api.com/v4/sports/americanfootball_nfl
2026,1,57418b2cf5aca558b3c98eafac1e264a,2026-10-18T13:30:00Z,DraftKings,2026-09-10T19:06:24Z,Houston Texans,Jacksonville Jaguars,totals,Under,42.5,-110,0.52380952,draftkings|57418b2cf5aca558b3c98eafac1e264a|totals|42.5,0.5,https://api.the-odds-api.com/v4/sports/americanfootball_nfl
2026,1,57418b2cf5aca558b3c98eafac1e264a,2026-10-18T13:30:00Z,BetUS,2026-09-10T19:06:58Z,Houston Texans,Jacksonville Jaguars,spreads,Houston Texans,-1.5,100,0.5,betus|57418b2cf5aca558b3c98eafac1e264a|spreads|event,0.47826087,https://api.the-odds-api.com/v4/sports/americanfootball_nfl
2026,1,57418b2cf5aca558b3c98eafac1e264a,2026-10-18T13:30:00Z,BetUS,2026-09-10T19:06:58Z,Houston Texans,Jacksonville Jaguars,spreads,Jacksonville Jaguars,1.5,-120,0.54545455,betus|57418b2cf5aca558b3c98eafac1e264a|spreads|event,0.52173913,https://api.the-odds-api.com/v4/sports/americanfootball_nfl
2026,1,57418b2cf5aca558b3c98eafac1e264a,2026-10-18T13:30:00Z,BetUS,2026-09-10T19:06:58Z,Houston Texans,Jacksonville Jaguars,totals,Over,41.5,-110,0.52380952,betus|57418b2cf5aca558b3c98eafac1e264a|totals|41.5,0.5,https://api.the-odds-api.com/v4/sports/americanfootball_nfl
2026,1,57418b2cf5aca558b3c98eafac1e264a,2026-10-18T13:30:00Z,BetUS,2026-09-10T19:06:58Z,Houston Texans,Jacksonville Jaguars,totals,Under,41.5,-110,0.52380952,betus|57418b2cf5aca558b3c98eafac1e264a|totals|41.5,0.5,https://api.the-odds-api.com/v4/sports/americanfootball_nfl
2026,1,7c312fdf24fb35f58b0e07c2932cc997,2026-10-18T17:00:00Z,DraftKings,2026-09-10T19:06:24Z,Chicago Bears,Atlanta Falcons,h2h,Atlanta Falcons,,130,0.43478261,draftkings|7c312fdf24fb35f58b0e07c2932cc997|h2h|event,0.41700736,https://api.the-odds-api.com/v4/sports/americanfootball_nfl
2026,1,7c312fdf24fb35f58b0e07c2932cc997,2026-10-18T17:00:00Z,DraftKings,2026-09-10T19:06:24Z,Chicago Bears,Atlanta Falcons,h2h,Chicago Bears,,-155,0.60784314,draftkings|7c312fdf24fb35f58b0e07c2932cc997|h2h|event,0.58299264,https://api.the-odds-api.com/v4/sports/americanfootball_nfl
2026,1,7c312fdf24fb35f58b0e07c2932cc997,2026-10-18T17:00:00Z,DraftKings,2026-09-10T19:06:24Z,Chicago Bears,Atlanta Falcons,spreads,Atlanta Falcons,3.0,-110,0.52380952,draftkings|7c312fdf24fb35f58b0e07c2932cc997|spreads|event,0.5,https://api.the-odds-api.com/v4/sports/americanfootball_nfl
2026,1,7c312fdf24fb35f58b0e07c2932cc997,2026-10-18T17:00:00Z,DraftKings,2026-09-10T19:06:24Z,Chicago Bears,Atlanta Falcons,spreads,Chicago Bears,-3.0,-110,0.52380952,draftkings|7c312fdf24fb35f58b0e07c2932cc997|spreads|event,0.5,https://api.the-odds-api.com/v4/sports/americanfootball_nfl
2026,1,7c312fdf24fb35f58b0e07c2932cc997,2026-10-18T17:00:00Z,DraftKings,2026-09-10T19:06:24Z,Chicago Bears,Atlanta Falcons,totals,Over,47.5,-110,0.52380952,draftkings|7c312fdf24fb35f58b0e07c2932cc997|totals|47.5,0.5,https://api.the-odds-api.com/v4/sports/americanfootball_nfl
2026,1,7c312fdf24fb35f58b0e07c2932cc997,2026-10-18T17:00:00Z,DraftKings,2026-09-10T19:06:24Z,Chicago Bears,Atlanta Falcons,totals,Under,47.5,-110,0.52380952,draftkings|7c312fdf24fb35f58b0e07c2932cc997|totals|47.5,0.5,https://api.the-odds-api.com/v4/sports/americanfootball_nfl
2026,1,e86227938fd3cf008fc5648fb5128344,2026-10-18T17:00:00Z,DraftKings,2026-09-10T19:06:24Z,Baltimore Ravens,Cleveland Browns,h2h,Baltimore Ravens,,-250,0.71428571,draftkings|e86227938fd3cf008fc5648fb5128344|h2h|event,0.68539326,https://api.the-odds-api.com/v4/sports/americanfootball_nfl
2026,1,e86227938fd3cf008fc5648fb5128344,2026-10-18T17:00:00Z,DraftKings,2026-09-10T19:06:24Z,Baltimore Ravens,Cleveland Browns,h2h,Cleveland Browns,,205,0.32786885,draftkings|e86227938fd3cf008fc5648fb5128344|h2h|event,0.31460674,https://api.the-odds-api.com/v4/sports/americanfootball_nfl
2026,1,e86227938fd3cf008fc5648fb5128344,2026-10-18T17:00:00Z,DraftKings,2026-09-10T19:06:24Z,Baltimore Ravens,Cleveland Browns,spreads,Baltimore Ravens,-6.5,-110,0.52380952,draftkings|e86227938fd3cf008fc5648fb5128344|spreads|event,0.5,https://api.the-odds-api.com/v4/sports/americanfootball_nfl
2026,1,e86227938fd3cf008fc5648fb5128344,2026-10-18T17:00:00Z,DraftKings,2026-09-10T19:06:24Z,Baltimore Ravens,Cleveland Browns,spreads,Cleveland Browns,6.5,-110,0.52380952,draftkings|e86227938fd3cf008fc5648fb5128344|spreads|event,0.5,https://api.the-odds-api.com/v4/sports/americanfootball_nfl
2026,1,e86227938fd3cf008fc5648fb5128344,2026-10-18T17:00:00Z,DraftKings,2026-09-10T19:06:24Z,Baltimore Ravens,Cleveland Browns,totals,Over,44.5,-110,0.52380952,draftkings|e86227938fd3cf008fc5648fb5128344|totals|44.5,0.5,https://api.the-odds-api.com/v4/sports/americanfootball_nfl
2026,1,e86227938fd3cf008fc5648fb5128344,2026-10-18T17:00:00Z,DraftKings,2026-09-10T19:06:24Z,Baltimore Ravens,Cleveland Browns,totals,Under,44.5,-110,0.52380952,draftkings|e86227938fd3cf008fc5648fb5128344|totals|44.5,0.5,https://api.the-odds-api.com/v4/sports/americanfootball_nfl
2026,1,caca2d752fe1a1779029082e95332fcc,2026-10-18T17:00:00Z,DraftKings,2026-09-10T19:06:24Z,Carolina Panthers,Philadelphia Eagles,h2h,Carolina Panthers,,225,0.30769231,draftkings|caca2d752fe1a1779029082e95332fcc|h2h|event,0.29496684,https://api.the-odds-api.com/v4/sports/americanfootball_nfl
2026,1,caca2d752fe1a1779029082e95332fcc,2026-10-18T17:00:00Z,DraftKings,2026-09-10T19:06:24Z,Carolina Panthers,Philadelphia Eagles,h2h,Philadelphia Eagles,,-278,0.73544974,draftkings|caca2d752fe1a1779029082e95332fcc|h2h|event,0.70503316,https://api.the-odds-api.com/v4/sports/americanfootball_nfl
2026,1,caca2d752fe1a1779029082e95332fcc,2026-10-18T17:00:00Z,DraftKings,2026-09-10T19:06:24Z,Carolina Panthers,Philadelphia Eagles,spreads,Carolina Panthers,6.5,-110,0.52380952,draftkings|caca2d752fe1a1779029082e95332fcc|spreads|event,0.5,https://api.the-odds-api.com/v4/sports/americanfootball_nfl
2026,1,caca2d752fe1a1779029082e95332fcc,2026-10-18T17:00:00Z,DraftKings,2026-09-10T19:06:24Z,Carolina Panthers,Philadelphia Eagles,spreads,Philadelphia Eagles,-6.5,-110,0.52380952,draftkings|caca2d752fe1a1779029082e95332fcc|spreads|event,0.5,https://api.the-odds-api.com/v4/sports/americanfootball_nfl
2026,1,caca2d752fe1a1779029082e95332fcc,2026-10-18T17:00:00Z,DraftKings,2026-09-10T19:06:24Z,Carolina Panthers,Philadelphia Eagles,totals,Over,43.5,-110,0.52380952,draftkings|caca2d752fe1a1779029082e95332fcc|totals|43.5,0.5,https://api.the-odds-api.com/v4/sports/americanfootball_nfl
2026,1,caca2d752fe1a1779029082e95332fcc,2026-10-18T17:00:00Z,DraftKings,2026-09-10T19:06:24Z,Carolina Panthers,Philadelphia Eagles,totals,Under,43.5,-110,0.52380952,draftkings|caca2d752fe1a1779029082e95332fcc|totals|43.5,0.5,https://api.the-odds-api.com/v4/sports/americanfootball_nfl
2026,1,caca2d752fe1a1779029082e95332fcc,2026-10-18T17:00:00Z,BetUS,2026-09-10T19:06:58Z,Carolina Panthers,Philadelphia Eagles,spreads,Carolina Panthers,6.5,-110,0.52380952,betus|caca2d752fe1a1779029082e95332fcc|spreads|event,0.5,https://api.the-odds-api.com/v4/sports/americanfootball_nfl
2026,1,caca2d752fe1a1779029082e95332fcc,2026-10-18T17:00:00Z,BetUS,2026-09-10T19:06:58Z,Carolina Panthers,Philadelphia Eagles,spreads,Philadelphia Eagles,-6.5,-110,0.52380952,betus|caca2d752fe1a1779029082e95332fcc|spreads|event,0.5,https://api.the-odds-api.com/v4/sports/americanfootball_nfl
2026,1,caca2d752fe1a1779029082e95332fcc,2026-10-18T17:00:00Z,BetUS,2026-09-10T19:06:58Z,Carolina Panthers,Philadelphia Eagles,totals,Over,43.5,-110,0.52380952,betus|caca2d752fe1a1779029082e95332fcc|totals|43.5,0.5,https://api.the-odds-api.com/v4/sports/americanfootball_nfl
2026,1,caca2d752fe1a1779029082e95332fcc,2026-10-18T17:00:00Z,BetUS,2026-09-10T19:06:58Z,Carolina Panthers,Philadelphia Eagles,totals,Under,43.5,-110,0.52380952,betus|caca2d752fe1a1779029082e95332fcc|totals|43.5,0.5,https://api.the-odds-api.com/v4/sports/americanfootball_nfl
2026,1,84aa9e190e625d7e9cd67e1f157a45b4,2026-10-18T17:00:00Z,DraftKings,2026-09-10T19:06:24Z,Tennessee Titans,Indianapolis Colts,h2h,Indianapolis Colts,,-198,0.66442953,draftkings|84aa9e190e625d7e9cd67e1f157a45b4|h2h|event,0.63690418,https://api.the-odds-api.com/v4/sports/americanfootball_nfl
2026,1,84aa9e190e625d7e9cd67e1f157a45b4,2026-10-18T17:00:00Z,DraftKings,2026-09-10T19:06:24Z,Tennessee Titans,Indianapolis Colts,h2h,Tennessee Titans,,164,0.37878788,draftkings|84aa9e190e625d7e9cd67e1f157a45b4|h2h|event,0.36309582,https://api.the-odds-api.com/v4/sports/americanfootball_nfl
2026,1,84aa9e190e625d7e9cd67e1f157a45b4,2026-10-18T17:00:00Z,DraftKings,2026-09-10T19:06:24Z,Tennessee Titans,Indianapolis Colts,spreads,Indianapolis Colts,-3.5,-110,0.52380952,draftkings|84aa9e190e625d7e9cd67e1f157a45b4|spreads|event,0.5,https://api.the-odds-api.com/v4/sports/americanfootball_nfl
2026,1,84aa9e190e625d7e9cd67e1f157a45b4,2026-10-18T17:00:00Z,DraftKings,2026-09-10T19:06:24Z,Tennessee Titans,Indianapolis Colts,spreads,Tennessee Titans,3.5,-110,0.52380952,draftkings|84aa9e190e625d7e9cd67e1f157a45b4|spreads|event,0.5,https://api.the-odds-api.com/v4/sports/americanfootball_nfl
2026,1,84aa9e190e625d7e9cd67e1f157a45b4,2026-10-18T17:00:00Z,DraftKings,2026-09-10T19:06:24Z,Tennessee Titans,Indianapolis Colts,totals,Over,47.5,-110,0.52380952,draftkings|84aa9e190e625d7e9cd67e1f157a45b4|totals|47.5,0.5,https://api.the-odds-api.com/v4/sports/americanfootball_nfl
2026,1,84aa9e190e625d7e9cd67e1f157a45b4,2026-10-18T17:00:00Z,DraftKings,2026-09-10T19:06:24Z,Tennessee Titans,Indianapolis Colts,totals,Under,47.5,-110,0.52380952,draftkings|84aa9e190e625d7e9cd67e1f157a45b4|totals|47.5,0.5,https://api.the-odds-api.com/v4/sports/americanfootball_nfl
2026,1,84aa9e190e625d7e9cd67e1f157a45b4,2026-10-18T17:00:00Z,BetUS,2026-09-10T19:06:58Z,Tennessee Titans,Indianapolis Colts,spreads,Indianapolis Colts,-3.5,-110,0.52380952,betus|84aa9e190e625d7e9cd67e1f157a45b4|spreads|event,0.5,https://api.the-odds-api.com/v4/sports/americanfootball_nfl
2026,1,84aa9e190e625d7e9cd67e1f157a45b4,2026-10-18T17:00:00Z,BetUS,2026-09-10T19:06:58Z,Tennessee Titans,Indianapolis Colts,spreads,Tennessee Titans,3.5,-110,0.52380952,betus|84aa9e190e625d7e9cd67e1f157a45b4|spreads|event,0.5,https://api.the-odds-api.com/v4/sports/americanfootball_nfl
2026,1,84aa9e190e625d7e9cd67e1f157a45b4,2026-10-18T17:00:00Z,BetUS,2026-09-10T19:06:58Z,Tennessee Titans,Indianapolis Colts,totals,Over,48.5,-110,0.52380952,betus|84aa9e190e625d7e9cd67e1f157a45b4|totals|48.5,0.5,https://api.the-odds-api.com/v4/sports/americanfootball_nfl
2026,1,84aa9e190e625d7e9cd67e1f157a45b4,2026-10-18T17:00:00Z,BetUS,2026-09-10T19:06:58Z,Tennessee Titans,Indianapolis Colts,totals,Under,48.5,-110,0.52380952,betus|84aa9e190e625d7e9cd67e1f157a45b4|totals|48.5,0.5,https://api.the-odds-api.com/v4/sports/americanfootball_nfl
2026,1,1cf74afd313e9fd300e1462012b174cb,2026-10-18T17:00:00Z,DraftKings,2026-09-10T19:06:24Z,New Orleans Saints,New York Giants,h2h,New Orleans Saints,,120,0.45454545,draftkings|1cf74afd313e9fd300e1462012b174cb|h2h|event,0.43650793,https://api.the-odds-api.com/v4/sports/americanfootball_nfl
2026,1,1cf74afd313e9fd300e1462012b174cb,2026-10-18T17:00:00Z,DraftKings,2026-09-10T19:06:24Z,New Orleans Saints,New York Giants,h2h,New York Giants,,-142,0.58677686,draftkings|1cf74afd313e9fd300e1462012b174cb|h2h|event,0.56349207,https://api.the-odds-api.com/v4/sports/americanfootball_nfl
2026,1,1cf74afd313e9fd300e1462012b174cb,2026-10-18T17:00:00Z,DraftKings,2026-09-10T19:06:24Z,New Orleans Saints,New York Giants,spreads,New Orleans Saints,2.5,-110,0.52380952,draftkings|1cf74afd313e9fd300e1462012b174cb|spreads|event,0.5,https://api.the-odds-api.com/v4/sports/americanfootball_nfl
2026,1,1cf74afd313e9fd300e1462012b174cb,2026-10-18T17:00:00Z,DraftKings,2026-09-10T19:06:24Z,New Orleans Saints,New York Giants,spreads,New York Giants,-2.5,-110,0.52380952,draftkings|1cf74afd313e9fd300e1462012b174cb|spreads|event,0.5,https://api.the-odds-api.com/v4/sports/americanfootball_nfl
2026,1,1cf74afd313e9fd300e1462012b174cb,2026-10-18T17:00:00Z,DraftKings,2026-09-10T19:06:24Z,New Orleans Saints,New York Giants,totals,Over,44.5,-110,0.52380952,draftkings|1cf74afd313e9fd300e1462012b174cb|totals|44.5,0.5,https://api.the-odds-api.com/v4/sports/americanfootball_nfl
2026,1,1cf74afd313e9fd300e1462012b174cb,2026-10-18T17:00:00Z,DraftKings,2026-09-10T19:06:24Z,New Orleans Saints,New York Giants,totals,Under,44.5,-110,0.52380952,draftkings|1cf74afd313e9fd300e1462012b174cb|totals|44.5,0.5,https://api.the-odds-api.com/v4/sports/americanfootball_nfl
2026,1,1cf74afd313e9fd300e1462012b174cb,2026-10-18T17:00:00Z,BetUS,2026-09-10T19:06:58Z,New Orleans Saints,New York Giants,spreads,New Orleans Saints,2.5,-105,0.51219512,betus|1cf74afd313e9fd300e1462012b174cb|spreads|event,0.48916576,https://api.the-odds-api.com/v4/sports/americanfootball_nfl
2026,1,1cf74afd313e9fd300e1462012b174cb,2026-10-18T17:00:00Z,BetUS,2026-09-10T19:06:58Z,New Orleans Saints,New York Giants,spreads,New York Giants,-2.5,-115,0.53488372,betus|1cf74afd313e9fd300e1462012b174cb|spreads|event,0.51083424,https://api.the-odds-api.com/v4/sports/americanfootball_nfl
2026,1,1cf74afd313e9fd300e1462012b174cb,2026-10-18T17:00:00Z,BetUS,2026-09-10T19:06:58Z,New Orleans Saints,New York Giants,totals,Over,45.5,-110,0.52380952,betus|1cf74afd313e9fd300e1462012b174cb|totals|45.5,0.5,https://api.the-odds-api.com/v4/sports/americanfootball_nfl
2026,1,1cf74afd313e9fd300e1462012b174cb,2026-10-18T17:00:00Z,BetUS,2026-09-10T19:06:58Z,New Orleans Saints,New York Giants,totals,Under,45.5,-110,0.52380952,betus|1cf74afd313e9fd300e1462012b174cb|totals|45.5,0.5,https://api.the-odds-api.com/v4/sports/americanfootball_nfl
2026,1,27f3994841ce8081c0b7349cf3d1e3d7,2026-10-18T17:00:00Z,DraftKings,2026-09-10T19:06:24Z,Pittsburgh Steelers,Tampa Bay Buccaneers,h2h,Pittsburgh Steelers,,105,0.48780488,draftkings|27f3994841ce8081c0b7349cf3d1e3d7|h2h|event,0.46753247,https://api.the-odds-api.com/v4/sports/americanfootball_nfl
2026,1,27f3994841ce8081c0b7349cf3d1e3d7,2026-10-18T17:00:00Z,DraftKings,2026-09-10T19:06:24Z,Pittsburgh Steelers,Tampa Bay Buccaneers,h2h,Tampa Bay Buccaneers,,-125,0.55555556,draftkings|27f3994841ce8081c0b7349cf3d1e3d7|h2h|event,0.53246753,https://api.the-odds-api.com/v4/sports/americanfootball_nfl
2026,1,27f3994841ce8081c0b7349cf3d1e3d7,2026-10-18T17:00:00Z,DraftKings,2026-09-10T19:06:24Z,Pittsburgh Steelers,Tampa Bay Buccaneers,spreads,Pittsburgh Steelers,1.5,-110,0.52380952,draftkings|27f3994841ce8081c0b7349cf3d1e3d7|spreads|event,0.5,https://api.the-odds-api.com/v4/sports/americanfootball_nfl
2026,1,27f3994841ce8081c0b7349cf3d1e3d7,2026-10-18T17:00:00Z,DraftKings,2026-09-10T19:06:24Z,Pittsburgh Steelers,Tampa Bay Buccaneers,spreads,Tampa Bay Buccaneers,-1.5,-110,0.52380952,draftkings|27f3994841ce8081c0b7349cf3d1e3d7|spreads|event,0.5,https://api.the-odds-api.com/v4/sports/americanfootball_nfl
2026,1,27f3994841ce8081c0b7349cf3d1e3d7,2026-10-18T17:00:00Z,DraftKings,2026-09-10T19:06:24Z,Pittsburgh Steelers,Tampa Bay Buccaneers,totals,Over,45.5,-110,0.52380952,draftkings|27f3994841ce8081c0b7349cf3d1e3d7|totals|45.5,0.5,https://api.the-odds-api.com/v4/sports/americanfootball_nfl
2026,1,27f3994841ce8081c0b7349cf3d1e3d7,2026-10-18T17:00:00Z,DraftKings,2026-09-10T19:06:24Z,Pittsburgh Steelers,Tampa Bay Buccaneers,totals,Under,45.5,-110,0.52380952,draftkings|27f3994841ce8081c0b7349cf3d1e3d7|totals|45.5,0.5,https://api.the-odds-api.com/v4/sports/americanfootball_nfl
2026,1,27f3994841ce8081c0b7349cf3d1e3d7,2026-10-18T17:00:00Z,BetUS,2026-09-10T19:06:58Z,Pittsburgh Steelers,Tampa Bay Buccaneers,spreads,Pittsburgh Steelers,1.5,-110,0.52380952,betus|27f3994841ce8081c0b7349cf3d1e3d7|spreads|event,0.5,https://api.the-odds-api.com/v4/sports/americanfootball_nfl
2026,1,27f3994841ce8081c0b7349cf3d1e3d7,2026-10-18T17:00:00Z,BetUS,2026-09-10T19:06:58Z,Pittsburgh Steelers,Tampa Bay Buccaneers,spreads,Tampa Bay Buccaneers,-1.5,-110,0.52380952,betus|27f3994841ce8081c0b7349cf3d1e3d7|spreads|event,0.5,https://api.the-odds-api.com/v4/sports/americanfootball_nfl
2026,1,27f3994841ce8081c0b7349cf3d1e3d7,2026-10-18T17:00:00Z,BetUS,2026-09-10T19:06:58Z,Pittsburgh Steelers,Tampa Bay Buccaneers,totals,Over,45.5,-110,0.52380952,betus|27f3994841ce8081c0b7349cf3d1e3d7|totals|45.5,0.5,https://api.the-odds-api.com/v4/sports/americanfootball_nfl
2026,1,27f3994841ce8081c0b7349cf3d1e3d7,2026-10-18T17:00:00Z,BetUS,2026-09-10T19:06:58Z,Pittsburgh Steelers,Tampa Bay Buccaneers,totals,Under,45.5,-110,0.52380952,betus|27f3994841ce8081c0b7349cf3d1e3d7|totals|45.5,0.5,https://api.the-odds-api.com/v4/sports/americanfootball_nfl
2026,1,3729ac6d2a66b642850caf2044cdc658,2026-10-18T20:05:00Z,DraftKings,2026-09-10T19:06:24Z,Arizona Cardinals,Los Angeles Rams,h2h,Arizona Cardinals,,525,0.16,draftkings|3729ac6d2a66b642850caf2044cdc658|h2h|event,0.15349887,https://api.the-odds-api.com/v4/sports/americanfootball_nfl
2026,1,3729ac6d2a66b642850caf2044cdc658,2026-10-18T20:05:00Z,DraftKings,2026-09-10T19:06:24Z,Arizona Cardinals,Los Angeles Rams,h2h,Los Angeles Rams,,-750,0.88235294,draftkings|3729ac6d2a66b642850caf2044cdc658|h2h|event,0.84650113,https://api.the-odds-api.com/v4/sports/americanfootball_nfl
2026,1,3729ac6d2a66b642850caf2044cdc658,2026-10-18T20:05:00Z,DraftKings,2026-09-10T19:06:24Z,Arizona Cardinals,Los Angeles Rams,spreads,Arizona Cardinals,13.5,-108,0.51923077,draftkings|3729ac6d2a66b642850caf2044cdc658|spreads|event,0.49567024,https://api.the-odds-api.com/v4/sports/americanfootball_nfl
2026,1,3729ac6d2a66b642850caf2044cdc658,2026-10-18T20:05:00Z,DraftKings,2026-09-10T19:06:24Z,Arizona Cardinals,Los Angeles Rams,spreads,Los Angeles Rams,-13.5,-112,0.52830189,draftkings|3729ac6d2a66b642850caf2044cdc658|spreads|event,0.50432976,https://api.the-odds-api.com/v4/sports/americanfootball_nfl
2026,1,3729ac6d2a66b642850caf2044cdc658,2026-10-18T20:05:00Z,DraftKings,2026-09-10T19:06:24Z,Arizona Cardinals,Los Angeles Rams,totals,Over,47.5,-110,0.52380952,draftkings|3729ac6d2a66b642850caf2044cdc658|totals|47.5,0.5,https://api.the-odds-api.com/v4/sports/americanfootball_nfl
2026,1,3729ac6d2a66b642850caf2044cdc658,2026-10-18T20:05:00Z,DraftKings,2026-09-10T19:06:24Z,Arizona Cardinals,Los Angeles Rams,totals,Under,47.5,-110,0.52380952,draftkings|3729ac6d2a66b642850caf2044cdc658|totals|47.5,0.5,https://api.the-odds-api.com/v4/sports/americanfootball_nfl
2026,1,45b2690b350ed45145c7a716b18e8e66,2026-10-18T20:25:00Z,DraftKings,2026-09-10T19:06:24Z,Buffalo Bills,Las Vegas Raiders,h2h,Buffalo Bills,,-270,0.72972973,draftkings|45b2690b350ed45145c7a716b18e8e66|h2h|event,0.70016207,https://api.the-odds-api.com/v4/sports/americanfootball_nfl
2026,1,45b2690b350ed45145c7a716b18e8e66,2026-10-18T20:25:00Z,DraftKings,2026-09-10T19:06:24Z,Buffalo Bills,Las Vegas Raiders,h2h,Las Vegas Raiders,,220,0.3125,draftkings|45b2690b350ed45145c7a716b18e8e66|h2h|event,0.29983793,https://api.the-odds-api.com/v4/sports/americanfootball_nfl
2026,1,45b2690b350ed45145c7a716b18e8e66,2026-10-18T20:25:00Z,DraftKings,2026-09-10T19:06:24Z,Buffalo Bills,Las Vegas Raiders,spreads,Buffalo Bills,-6.5,-110,0.52380952,draftkings|45b2690b350ed45145c7a716b18e8e66|spreads|event,0.5,https://api.the-odds-api.com/v4/sports/americanfootball_nfl
2026,1,45b2690b350ed45145c7a716b18e8e66,2026-10-18T20:25:00Z,DraftKings,2026-09-10T19:06:24Z,Buffalo Bills,Las Vegas Raiders,spreads,Las Vegas Raiders,6.5,-110,0.52380952,draftkings|45b2690b350ed45145c7a716b18e8e66|spreads|event,0.5,https://api.the-odds-api.com/v4/sports/americanfootball_nfl
2026,1,45b2690b350ed45145c7a716b18e8e66,2026-10-18T20:25:00Z,DraftKings,2026-09-10T19:06:24Z,Buffalo Bills,Las Vegas Raiders,totals,Over,47.5,-110,0.52380952,draftkings|45b2690b350ed45145c7a716b18e8e66|totals|47.5,0.5,https://api.the-odds-api.com/v4/sports/americanfootball_nfl
2026,1,45b2690b350ed45145c7a716b18e8e66,2026-10-18T20:25:00Z,DraftKings,2026-09-10T19:06:24Z,Buffalo Bills,Las Vegas Raiders,totals,Under,47.5,-110,0.52380952,draftkings|45b2690b350ed45145c7a716b18e8e66|totals|47.5,0.5,https://api.the-odds-api.com/v4/sports/americanfootball_nfl
2026,1,20fefae8c296247460ba5773caa42218,2026-10-18T20:25:00Z,DraftKings,2026-09-10T19:06:24Z,Los Angeles Chargers,Kansas City Chiefs,h2h,Kansas City Chiefs,,-142,0.58677686,draftkings|20fefae8c296247460ba5773caa42218|h2h|event,0.56349207,https://api.the-odds-api.com/v4/sports/americanfootball_nfl
2026,1,20fefae8c296247460ba5773caa42218,2026-10-18T20:25:00Z,DraftKings,2026-09-10T19:06:24Z,Los Angeles Chargers,Kansas City Chiefs,h2h,Los Angeles Chargers,,120,0.45454545,draftkings|20fefae8c296247460ba5773caa42218|h2h|event,0.43650793,https://api.the-odds-api.com/v4/sports/americanfootball_nfl
2026,1,20fefae8c296247460ba5773caa42218,2026-10-18T20:25:00Z,DraftKings,2026-09-10T19:06:24Z,Los Angeles Chargers,Kansas City Chiefs,spreads,Kansas City Chiefs,-2.5,-110,0.52380952,draftkings|20fefae8c296247460ba5773caa42218|spreads|event,0.5,https://api.the-odds-api.com/v4/sports/americanfootball_nfl
2026,1,20fefae8c296247460ba5773caa42218,2026-10-18T20:25:00Z,DraftKings,2026-09-10T19:06:24Z,Los Angeles Chargers,Kansas City Chiefs,spreads,Los Angeles Chargers,2.5,-110,0.52380952,draftkings|20fefae8c296247460ba5773caa42218|spreads|event,0.5,https://api.the-odds-api.com/v4/sports/americanfootball_nfl
2026,1,20fefae8c296247460ba5773caa42218,2026-10-18T20:25:00Z,DraftKings,2026-09-10T19:06:24Z,Los Angeles Chargers,Kansas City Chiefs,totals,Over,46.5,-110,0.52380952,draftkings|20fefae8c296247460ba5773caa42218|totals|46.5,0.5,https://api.the-odds-api.com/v4/sports/americanfootball_nfl
2026,1,20fefae8c296247460ba5773caa42218,2026-10-18T20:25:00Z,DraftKings,2026-09-10T19:06:24Z,Los Angeles Chargers,Kansas City Chiefs,totals,Under,46.5,-110,0.52380952,draftkings|20fefae8c296247460ba5773caa42218|totals|46.5,0.5,https://api.the-odds-api.com/v4/sports/americanfootball_nfl
2026,1,20fefae8c296247460ba5773caa42218,2026-10-18T20:25:00Z,BetUS,2026-09-10T19:06:58Z,Los Angeles Chargers,Kansas City Chiefs,spreads,Kansas City Chiefs,-2.5,-110,0.52380952,betus|20fefae8c296247460ba5773caa42218|spreads|event,0.5,https://api.the-odds-api.com/v4/sports/americanfootball_nfl
2026,1,20fefae8c296247460ba5773caa42218,2026-10-18T20:25:00Z,BetUS,2026-09-10T19:06:58Z,Los Angeles Chargers,Kansas City Chiefs,spreads,Los Angeles Chargers,2.5,-110,0.52380952,betus|20fefae8c296247460ba5773caa42218|spreads|event,0.5,https://api.the-odds-api.com/v4/sports/americanfootball_nfl
2026,1,20fefae8c296247460ba5773caa42218,2026-10-18T20:25:00Z,BetUS,2026-09-10T19:06:58Z,Los Angeles Chargers,Kansas City Chiefs,totals,Over,46.5,-110,0.52380952,betus|20fefae8c296247460ba5773caa42218|totals|46.5,0.5,https://api.the-odds-api.com/v4/sports/americanfootball_nfl
2026,1,20fefae8c296247460ba5773caa42218,2026-10-18T20:25:00Z,BetUS,2026-09-10T19:06:58Z,Los Angeles Chargers,Kansas City Chiefs,totals,Under,46.5,-110,0.52380952,betus|20fefae8c296247460ba5773caa42218|totals|46.5,0.5,https://api.the-odds-api.com/v4/sports/americanfootball_nfl
2026,1,82fd5a159fa130e67abab93a9537f70b,2026-10-19T00:20:00Z,DraftKings,2026-09-10T19:06:24Z,Dallas Cowboys,Green Bay Packers,h2h,Dallas Cowboys,,140,0.41666667,draftkings|82fd5a159fa130e67abab93a9537f70b|h2h|event,0.40036123,https://api.the-odds-api.com/v4/sports/americanfootball_nfl
2026,1,82fd5a159fa130e67abab93a9537f70b,2026-10-19T00:20:00Z,DraftKings,2026-09-10T19:06:24Z,Dallas Cowboys,Green Bay Packers,h2h,Green Bay Packers,,-166,0.62406015,draftkings|82fd5a159fa130e67abab93a9537f70b|h2h|event,0.59963877,https://api.the-odds-api.com/v4/sports/americanfootball_nfl
2026,1,82fd5a159fa130e67abab93a9537f70b,2026-10-19T00:20:00Z,DraftKings,2026-09-10T19:06:24Z,Dallas Cowboys,Green Bay Packers,spreads,Dallas Cowboys,3.0,-110,0.52380952,draftkings|82fd5a159fa130e67abab93a9537f70b|spreads|event,0.5,https://api.the-odds-api.com/v4/sports/americanfootball_nfl
2026,1,82fd5a159fa130e67abab93a9537f70b,2026-10-19T00:20:00Z,DraftKings,2026-09-10T19:06:24Z,Dallas Cowboys,Green Bay Packers,spreads,Green Bay Packers,-3.0,-110,0.52380952,draftkings|82fd5a159fa130e67abab93a9537f70b|spreads|event,0.5,https://api.the-odds-api.com/v4/sports/americanfootball_nfl
2026,1,82fd5a159fa130e67abab93a9537f70b,2026-10-19T00:20:00Z,DraftKings,2026-09-10T19:06:24Z,Dallas Cowboys,Green Bay Packers,totals,Over,51.5,-110,0.52380952,draftkings|82fd5a159fa130e67abab93a9537f70b|totals|51.5,0.5,https://api.the-odds-api.com/v4/sports/americanfootball_nfl
2026,1,82fd5a159fa130e67abab93a9537f70b,2026-10-19T00:20:00Z,DraftKings,2026-09-10T19:06:24Z,Dallas Cowboys,Green Bay Packers,totals,Under,51.5,-110,0.52380952,draftkings|82fd5a159fa130e67abab93a9537f70b|totals|51.5,0.5,https://api.the-odds-api.com/v4/sports/americanfootball_nfl
2026,1,82fd5a159fa130e67abab93a9537f70b,2026-10-19T00:20:00Z,BetUS,2026-09-10T19:06:58Z,Dallas Cowboys,Green Bay Packers,spreads,Dallas Cowboys,3.0,-110,0.52380952,betus|82fd5a159fa130e67abab93a9537f70b|spreads|event,0.5,https://api.the-odds-api.com/v4/sports/americanfootball_nfl
2026,1,82fd5a159fa130e67abab93a9537f70b,2026-10-19T00:20:00Z,BetUS,2026-09-10T19:06:58Z,Dallas Cowboys,Green Bay Packers,spreads,Green Bay Packers,-3.0,-110,0.52380952,betus|82fd5a159fa130e67abab93a9537f70b|spreads|event,0.5,https://api.the-odds-api.com/v4/sports/americanfootball_nfl
2026,1,82fd5a159fa130e67abab93a9537f70b,2026-10-19T00:20:00Z,BetUS,2026-09-10T19:06:58Z,Dallas Cowboys,Green Bay Packers,totals,Over,51.5,-110,0.52380952,betus|82fd5a159fa130e67abab93a9537f70b|totals|51.5,0.5,https://api.the-odds-api.com/v4/sports/americanfootball_nfl
2026,1,82fd5a159fa130e67abab93a9537f70b,2026-10-19T00:20:00Z,BetUS,2026-09-10T19:06:58Z,Dallas Cowboys,Green Bay Packers,totals,Under,51.5,-110,0.52380952,betus|82fd5a159fa130e67abab93a9537f70b|totals|51.5,0.5,https://api.the-odds-api.com/v4/sports/americanfootball_nfl
2026,1,f122527f003276d3bca19efa48c902c1,2026-10-20T00:15:00Z,DraftKings,2026-09-10T19:06:24Z,Washington Commanders,San Francisco 49ers,h2h,San Francisco 49ers,,-245,0.71014493,draftkings|f122527f003276d3bca19efa48c902c1|h2h|event,0.68055556,https://api.the-odds-api.com/v4/sports/americanfootball_nfl
2026,1,f122527f003276d3bca19efa48c902c1,2026-10-20T00:15:00Z,DraftKings,2026-09-10T19:06:24Z,Washington Commanders,San Francisco 49ers,h2h,Washington Commanders,,200,0.33333333,draftkings|f122527f003276d3bca19efa48c902c1|h2h|event,0.31944444,https://api.the-odds-api.com/v4/sports/americanfootball_nfl
2026,1,f122527f003276d3bca19efa48c902c1,2026-10-20T00:15:00Z,DraftKings,2026-09-10T19:06:24Z,Washington Commanders,San Francisco 49ers,spreads,San Francisco 49ers,-5.5,-110,0.52380952,draftkings|f122527f003276d3bca19efa48c902c1|spreads|event,0.5,https://api.the-odds-api.com/v4/sports/americanfootball_nfl
2026,1,f122527f003276d3bca19efa48c902c1,2026-10-20T00:15:00Z,DraftKings,2026-09-10T19:06:24Z,Washington Commanders,San Francisco 49ers,spreads,Washington Commanders,5.5,-110,0.52380952,draftkings|f122527f003276d3bca19efa48c902c1|spreads|event,0.5,https://api.the-odds-api.com/v4/sports/americanfootball_nfl
2026,1,f122527f003276d3bca19efa48c902c1,2026-10-20T00:15:00Z,DraftKings,2026-09-10T19:06:24Z,Washington Commanders,San Francisco 49ers,totals,Over,50.5,-110,0.52380952,draftkings|f122527f003276d3bca19efa48c902c1|totals|50.5,0.5,https://api.the-odds-api.com/v4/sports/americanfootball_nfl
2026,1,f122527f003276d3bca19efa48c902c1,2026-10-20T00:15:00Z,DraftKings,2026-09-10T19:06:24Z,Washington Commanders,San Francisco 49ers,totals,Under,50.5,-110,0.52380952,draftkings|f122527f003276d3bca19efa48c902c1|totals|50.5,0.5,https://api.the-odds-api.com/v4/sports/americanfootball_nfl
2026,1,f122527f003276d3bca19efa48c902c1,2026-10-20T00:15:00Z,BetUS,2026-09-10T19:06:58Z,Washington Commanders,San Francisco 49ers,spreads,San Francisco 49ers,-5.5,-110,0.52380952,betus|f122527f003276d3bca19efa48c902c1|spreads|event,0.5,https://api.the-odds-api.com/v4/sports/americanfootball_nfl
2026,1,f122527f003276d3bca19efa48c902c1,2026-10-20T00:15:00Z,BetUS,2026-09-10T19:06:58Z,Washington Commanders,San Francisco 49ers,spreads,Washington Commanders,5.5,-110,0.52380952,betus|f122527f003276d3bca19efa48c902c1|spreads|event,0.5,https://api.the-odds-api.com/v4/sports/americanfootball_nfl
2026,1,f122527f003276d3bca19efa48c902c1,2026-10-20T00:15:00Z,BetUS,2026-09-10T19:06:58Z,Washington Commanders,San Francisco 49ers,totals,Over,50.5,-110,0.52380952,betus|f122527f003276d3bca19efa48c902c1|totals|50.5,0.5,https://api.the-odds-api.com/v4/sports/americanfootball_nfl
2026,1,f122527f003276d3bca19efa48c902c1,2026-10-20T00:15:00Z,BetUS,2026-09-10T19:06:58Z,Washington Commanders,San Francisco 49ers,totals,Under,50.5,-110,0.52380952,betus|f122527f003276d3bca19efa48c902c1|totals|50.5,0.5,https://api.the-odds-api.com/v4/sports/americanfootball_nfl
2026,1,2e710ea5a306b614f0f966e3d78732f8,2026-10-25T13:30:00Z,DraftKings,2026-09-10T19:06:24Z,Pittsburgh Steelers,New Orleans Saints,h2h,New Orleans Saints,,120,0.45454545,draftkings|2e710ea5a306b614f0f966e3d78732f8|h2h|event,0.43650793,https://api.the-odds-api.com/v4/sports/americanfootball_nfl
2026,1,2e710ea5a306b614f0f966e3d78732f8,2026-10-25T13:30:00Z,DraftKings,2026-09-10T19:06:24Z,Pittsburgh Steelers,New Orleans Saints,h2h,Pittsburgh Steelers,,-142,0.58677686,draftkings|2e710ea5a306b614f0f966e3d78732f8|h2h|event,0.56349207,https://api.the-odds-api.com/v4/sports/americanfootball_nfl
2026,1,2e710ea5a306b614f0f966e3d78732f8,2026-10-25T13:30:00Z,DraftKings,2026-09-10T19:06:24Z,Pittsburgh Steelers,New Orleans Saints,spreads,New Orleans Saints,2.5,-110,0.52380952,draftkings|2e710ea5a306b614f0f966e3d78732f8|spreads|event,0.5,https://api.the-odds-api.com/v4/sports/americanfootball_nfl
2026,1,2e710ea5a306b614f0f966e3d78732f8,2026-10-25T13:30:00Z,DraftKings,2026-09-10T19:06:24Z,Pittsburgh Steelers,New Orleans Saints,spreads,Pittsburgh Steelers,-2.5,-110,0.52380952,draftkings|2e710ea5a306b614f0f966e3d78732f8|spreads|event,0.5,https://api.the-odds-api.com/v4/sports/americanfootball_nfl
2026,1,2e710ea5a306b614f0f966e3d78732f8,2026-10-25T13:30:00Z,DraftKings,2026-09-10T19:06:24Z,Pittsburgh Steelers,New Orleans Saints,totals,Over,42.5,-110,0.52380952,draftkings|2e710ea5a306b614f0f966e3d78732f8|totals|42.5,0.5,https://api.the-odds-api.com/v4/sports/americanfootball_nfl
2026,1,2e710ea5a306b614f0f966e3d78732f8,2026-10-25T13:30:00Z,DraftKings,2026-09-10T19:06:24Z,Pittsburgh Steelers,New Orleans Saints,totals,Under,42.5,-110,0.52380952,draftkings|2e710ea5a306b614f0f966e3d78732f8|totals|42.5,0.5,https://api.the-odds-api.com/v4/sports/americanfootball_nfl
2026,1,2e710ea5a306b614f0f966e3d78732f8,2026-10-25T13:30:00Z,BetUS,2026-09-10T19:06:58Z,Pittsburgh Steelers,New Orleans Saints,spreads,New Orleans Saints,2.5,-115,0.53488372,betus|2e710ea5a306b614f0f966e3d78732f8|spreads|event,0.51083424,https://api.the-odds-api.com/v4/sports/americanfootball_nfl
2026,1,2e710ea5a306b614f0f966e3d78732f8,2026-10-25T13:30:00Z,BetUS,2026-09-10T19:06:58Z,Pittsburgh Steelers,New Orleans Saints,spreads,Pittsburgh Steelers,-2.5,-105,0.51219512,betus|2e710ea5a306b614f0f966e3d78732f8|spreads|event,0.48916576,https://api.the-odds-api.com/v4/sports/americanfootball_nfl
2026,1,2e710ea5a306b614f0f966e3d78732f8,2026-10-25T13:30:00Z,BetUS,2026-09-10T19:06:58Z,Pittsburgh Steelers,New Orleans Saints,totals,Over,42.5,-110,0.52380952,betus|2e710ea5a306b614f0f966e3d78732f8|totals|42.5,0.5,https://api.the-odds-api.com/v4/sports/americanfootball_nfl
2026,1,2e710ea5a306b614f0f966e3d78732f8,2026-10-25T13:30:00Z,BetUS,2026-09-10T19:06:58Z,Pittsburgh Steelers,New Orleans Saints,totals,Under,42.5,-110,0.52380952,betus|2e710ea5a306b614f0f966e3d78732f8|totals|42.5,0.5,https://api.the-odds-api.com/v4/sports/americanfootball_nfl
2026,1,b1be064fb52a198a62109c279e7ab24c,2026-10-25T17:00:00Z,DraftKings,2026-09-10T19:06:24Z,San Francisco 49ers,Atlanta Falcons,h2h,Atlanta Falcons,,180,0.35714286,draftkings|b1be064fb52a198a62109c279e7ab24c|h2h|event,0.34252478,https://api.the-odds-api.com/v4/sports/americanfootball_nfl
2026,1,b1be064fb52a198a62109c279e7ab24c,2026-10-25T17:00:00Z,DraftKings,2026-09-10T19:06:24Z,San Francisco 49ers,Atlanta Falcons,h2h,San Francisco 49ers,,-218,0.68553459,draftkings|b1be064fb52a198a62109c279e7ab24c|h2h|event,0.65747522,https://api.the-odds-api.com/v4/sports/americanfootball_nfl
2026,1,b1be064fb52a198a62109c279e7ab24c,2026-10-25T17:00:00Z,DraftKings,2026-09-10T19:06:24Z,San Francisco 49ers,Atlanta Falcons,spreads,Atlanta Falcons,4.5,-110,0.52380952,draftkings|b1be064fb52a198a62109c279e7ab24c|spreads|event,0.5,https://api.the-odds-api.com/v4/sports/americanfootball_nfl
2026,1,b1be064fb52a198a62109c279e7ab24c,2026-10-25T17:00:00Z,DraftKings,2026-09-10T19:06:24Z,San Francisco 49ers,Atlanta Falcons,spreads,San Francisco 49ers,-4.5,-110,0.52380952,draftkings|b1be064fb52a198a62109c279e7ab24c|spreads|event,0.5,https://api.the-odds-api.com/v4/sports/americanfootball_nfl
2026,1,b1be064fb52a198a62109c279e7ab24c,2026-10-25T17:00:00Z,DraftKings,2026-09-10T19:06:24Z,San Francisco 49ers,Atlanta Falcons,totals,Over,47.5,-110,0.52380952,draftkings|b1be064fb52a198a62109c279e7ab24c|totals|47.5,0.5,https://api.the-odds-api.com/v4/sports/americanfootball_nfl
2026,1,b1be064fb52a198a62109c279e7ab24c,2026-10-25T17:00:00Z,DraftKings,2026-09-10T19:06:24Z,San Francisco 49ers,Atlanta Falcons,totals,Under,47.5,-110,0.52380952,draftkings|b1be064fb52a198a62109c279e7ab24c|totals|47.5,0.5,https://api.the-odds-api.com/v4/sports/americanfootball_nfl
2026,1,b1be064fb52a198a62109c279e7ab24c,2026-10-25T17:00:00Z,BetUS,2026-09-10T19:06:58Z,San Francisco 49ers,Atlanta Falcons,spreads,Atlanta Falcons,4.5,-110,0.52380952,betus|b1be064fb52a198a62109c279e7ab24c|spreads|event,0.5,https://api.the-odds-api.com/v4/sports/americanfootball_nfl
2026,1,b1be064fb52a198a62109c279e7ab24c,2026-10-25T17:00:00Z,BetUS,2026-09-10T19:06:58Z,San Francisco 49ers,Atlanta Falcons,spreads,San Francisco 49ers,-4.5,-110,0.52380952,betus|b1be064fb52a198a62109c279e7ab24c|spreads|event,0.5,https://api.the-odds-api.com/v4/sports/americanfootball_nfl
2026,1,b1be064fb52a198a62109c279e7ab24c,2026-10-25T17:00:00Z,BetUS,2026-09-10T19:06:58Z,San Francisco 49ers,Atlanta Falcons,totals,Over,47.5,-110,0.52380952,betus|b1be064fb52a198a62109c279e7ab24c|totals|47.5,0.5,https://api.the-odds-api.com/v4/sports/americanfootball_nfl
2026,1,b1be064fb52a198a62109c279e7ab24c,2026-10-25T17:00:00Z,BetUS,2026-09-10T19:06:58Z,San Francisco 49ers,Atlanta Falcons,totals,Under,47.5,-110,0.52380952,betus|b1be064fb52a198a62109c279e7ab24c|totals|47.5,0.5,https://api.the-odds-api.com/v4/sports/americanfootball_nfl
2026,1,550ec5290f935d311995affbcb0b5c79,2026-10-25T17:00:00Z,DraftKings,2026-09-10T19:06:24Z,Cincinnati Bengals,Baltimore Ravens,h2h,Baltimore Ravens,,-185,0.64912281,draftkings|550ec5290f935d311995affbcb0b5c79|h2h|event,0.62246655,https://api.the-odds-api.com/v4/sports/americanfootball_nfl
2026,1,550ec5290f935d311995affbcb0b5c79,2026-10-25T17:00:00Z,DraftKings,2026-09-10T19:06:24Z,Cincinnati Bengals,Baltimore Ravens,h2h,Cincinnati Bengals,,154,0.39370079,draftkings|550ec5290f935d311995affbcb0b5c79|h2h|event,0.37753345,https://api.the-odds-api.com/v4/sports/americanfootball_nfl
2026,1,550ec5290f935d311995affbcb0b5c79,2026-10-25T17:00:00Z,DraftKings,2026-09-10T19:06:24Z,Cincinnati Bengals,Baltimore Ravens,spreads,Baltimore Ravens,-3.5,-110,0.52380952,draftkings|550ec5290f935d311995affbcb0b5c79|spreads|event,0.5,https://api.the-odds-api.com/v4/sports/americanfootball_nfl
2026,1,550ec5290f935d311995affbcb0b5c79,2026-10-25T17:00:00Z,DraftKings,2026-09-10T19:06:24Z,Cincinnati Bengals,Baltimore Ravens,spreads,Cincinnati Bengals,3.5,-110,0.52380952,draftkings|550ec5290f935d311995affbcb0b5c79|spreads|event,0.5,https://api.the-odds-api.com/v4/sports/americanfootball_nfl
2026,1,550ec5290f935d311995affbcb0b5c79,2026-10-25T17:00:00Z,DraftKings,2026-09-10T19:06:24Z,Cincinnati Bengals,Baltimore Ravens,totals,Over,51.5,-110,0.52380952,draftkings|550ec5290f935d311995affbcb0b5c79|totals|51.5,0.5,https://api.the-odds-api.com/v4/sports/americanfootball_nfl
2026,1,550ec5290f935d311995affbcb0b5c79,2026-10-25T17:00:00Z,DraftKings,2026-09-10T19:06:24Z,Cincinnati Bengals,Baltimore Ravens,totals,Under,51.5,-110,0.52380952,draftkings|550ec5290f935d311995affbcb0b5c79|totals|51.5,0.5,https://api.the-odds-api.com/v4/sports/americanfootball_nfl
2026,1,550ec5290f935d311995affbcb0b5c79,2026-10-25T17:00:00Z,BetUS,2026-09-10T19:06:58Z,Cincinnati Bengals,Baltimore Ravens,spreads,Baltimore Ravens,-3.5,-110,0.52380952,betus|550ec5290f935d311995affbcb0b5c79|spreads|event,0.5,https://api.the-odds-api.com/v4/sports/americanfootball_nfl
2026,1,550ec5290f935d311995affbcb0b5c79,2026-10-25T17:00:00Z,BetUS,2026-09-10T19:06:58Z,Cincinnati Bengals,Baltimore Ravens,spreads,Cincinnati Bengals,3.5,-110,0.52380952,betus|550ec5290f935d311995affbcb0b5c79|spreads|event,0.5,https://api.the-odds-api.com/v4/sports/americanfootball_nfl
2026,1,550ec5290f935d311995affbcb0b5c79,2026-10-25T17:00:00Z,BetUS,2026-09-10T19:06:58Z,Cincinnati Bengals,Baltimore Ravens,totals,Over,52.5,-110,0.52380952,betus|550ec5290f935d311995affbcb0b5c79|totals|52.5,0.5,https://api.the-odds-api.com/v4/sports/americanfootball_nfl
2026,1,550ec5290f935d311995affbcb0b5c79,2026-10-25T17:00:00Z,BetUS,2026-09-10T19:06:58Z,Cincinnati Bengals,Baltimore Ravens,totals,Under,52.5,-110,0.52380952,betus|550ec5290f935d311995affbcb0b5c79|totals|52.5,0.5,https://api.the-odds-api.com/v4/sports/americanfootball_nfl
2026,1,2823e986597c449ab94126cd5ed3fae9,2026-10-25T17:00:00Z,DraftKings,2026-09-10T19:06:24Z,Tampa Bay Buccaneers,Carolina Panthers,h2h,Carolina Panthers,,105,0.48780488,draftkings|2823e986597c449ab94126cd5ed3fae9|h2h|event,0.46753247,https://api.the-odds-api.com/v4/sports/americanfootball_nfl
2026,1,2823e986597c449ab94126cd5ed3fae9,2026-10-25T17:00:00Z,DraftKings,2026-09-10T19:06:24Z,Tampa Bay Buccaneers,Carolina Panthers,h2h,Tampa Bay Buccaneers,,-125,0.55555556,draftkings|2823e986597c449ab94126cd5ed3fae9|h2h|event,0.53246753,https://api.the-odds-api.com/v4/sports/americanfootball_nfl
2026,1,2823e986597c449ab94126cd5ed3fae9,2026-10-25T17:00:00Z,DraftKings,2026-09-10T19:06:24Z,Tampa Bay Buccaneers,Carolina Panthers,spreads,Carolina Panthers,1.5,-110,0.52380952,draftkings|2823e986597c449ab94126cd5ed3fae9|spreads|event,0.5,https://api.the-odds-api.com/v4/sports/americanfootball_nfl
2026,1,2823e986597c449ab94126cd5ed3fae9,2026-10-25T17:00:00Z,DraftKings,2026-09-10T19:06:24Z,Tampa Bay Buccaneers,Carolina Panthers,spreads,Tampa Bay Buccaneers,-1.5,-110,0.52380952,draftkings|2823e986597c449ab94126cd5ed3fae9|spreads|event,0.5,https://api.the-odds-api.com/v4/sports/americanfootball_nfl
2026,1,2823e986597c449ab94126cd5ed3fae9,2026-10-25T17:00:00Z,DraftKings,2026-09-10T19:06:24Z,Tampa Bay Buccaneers,Carolina Panthers,totals,Over,45.5,-110,0.52380952,draftkings|2823e986597c449ab94126cd5ed3fae9|totals|45.5,0.5,https://api.the-odds-api.com/v4/sports/americanfootball_nfl
2026,1,2823e986597c449ab94126cd5ed3fae9,2026-10-25T17:00:00Z,DraftKings,2026-09-10T19:06:24Z,Tampa Bay Buccaneers,Carolina Panthers,totals,Under,45.5,-110,0.52380952,draftkings|2823e986597c449ab94126cd5ed3fae9|totals|45.5,0.5,https://api.the-odds-api.com/v4/sports/americanfootball_nfl
2026,1,2823e986597c449ab94126cd5ed3fae9,2026-10-25T17:00:00Z,BetUS,2026-09-10T19:06:58Z,Tampa Bay Buccaneers,Carolina Panthers,spreads,Carolina Panthers,1.5,-115,0.53488372,betus|2823e986597c449ab94126cd5ed3fae9|spreads|event,0.51083424,https://api.the-odds-api.com/v4/sports/americanfootball_nfl
2026,1,2823e986597c449ab94126cd5ed3fae9,2026-10-25T17:00:00Z,BetUS,2026-09-10T19:06:58Z,Tampa Bay Buccaneers,Carolina Panthers,spreads,Tampa Bay Buccaneers,-1.5,-105,0.51219512,betus|2823e986597c449ab94126cd5ed3fae9|spreads|event,0.48916576,https://api.the-odds-api.com/v4/sports/americanfootball_nfl
2026,1,2823e986597c449ab94126cd5ed3fae9,2026-10-25T17:00:00Z,BetUS,2026-09-10T19:06:58Z,Tampa Bay Buccaneers,Carolina Panthers,totals,Over,45.5,-110,0.52380952,betus|2823e986597c449ab94126cd5ed3fae9|totals|45.5,0.5,https://api.the-odds-api.com/v4/sports/americanfootball_nfl
2026,1,2823e986597c449ab94126cd5ed3fae9,2026-10-25T17:00:00Z,BetUS,2026-09-10T19:06:58Z,Tampa Bay Buccaneers,Carolina Panthers,totals,Under,45.5,-110,0.52380952,betus|2823e986597c449ab94126cd5ed3fae9|totals|45.5,0.5,https://api.the-odds-api.com/v4/sports/americanfootball_nfl
2026,1,5dce18baccec5d3ad5fb3a3ce52f7619,2026-10-25T17:00:00Z,DraftKings,2026-09-10T19:06:24Z,Cleveland Browns,Tennessee Titans,h2h,Cleveland Browns,,114,0.46728972,draftkings|5dce18baccec5d3ad5fb3a3ce52f7619|h2h|event,0.44855888,https://api.the-odds-api.com/v4/sports/americanfootball_nfl
2026,1,5dce18baccec5d3ad5fb3a3ce52f7619,2026-10-25T17:00:00Z,DraftKings,2026-09-10T19:06:24Z,Cleveland Browns,Tennessee Titans,h2h,Tennessee Titans,,-135,0.57446809,draftkings|5dce18baccec5d3ad5fb3a3ce52f7619|h2h|event,0.55144112,https://api.the-odds-api.com/v4/sports/americanfootball_nfl
2026,1,5dce18baccec5d3ad5fb3a3ce52f7619,2026-10-25T17:00:00Z,DraftKings,2026-09-10T19:06:24Z,Cleveland Browns,Tennessee Titans,spreads,Cleveland Browns,2.5,-110,0.52380952,draftkings|5dce18baccec5d3ad5fb3a3ce52f7619|spreads|event,0.5,https://api.the-odds-api.com/v4/sports/americanfootball_nfl
2026,1,5dce18baccec5d3ad5fb3a3ce52f7619,2026-10-25T17:00:00Z,DraftKings,2026-09-10T19:06:24Z,Cleveland Browns,Tennessee Titans,spreads,Tennessee Titans,-2.5,-110,0.52380952,draftkings|5dce18baccec5d3ad5fb3a3ce52f7619|spreads|event,0.5,https://api.the-odds-api.com/v4/sports/americanfootball_nfl
2026,1,5dce18baccec5d3ad5fb3a3ce52f7619,2026-10-25T17:00:00Z,DraftKings,2026-09-10T19:06:24Z,Cleveland Browns,Tennessee Titans,totals,Over,40.5,-110,0.52380952,draftkings|5dce18baccec5d3ad5fb3a3ce52f7619|totals|40.5,0.5,https://api.the-odds-api.com/v4/sports/americanfootball_nfl
2026,1,5dce18baccec5d3ad5fb3a3ce52f7619,2026-10-25T17:00:00Z,DraftKings,2026-09-10T19:06:24Z,Cleveland Browns,Tennessee Titans,totals,Under,40.5,-110,0.52380952,draftkings|5dce18baccec5d3ad5fb3a3ce52f7619|totals|40.5,0.5,https://api.the-odds-api.com/v4/sports/americanfootball_nfl
2026,1,2bba7fde6f97d0e54403d53676e4ab63,2026-10-25T17:00:00Z,DraftKings,2026-09-10T19:06:24Z,New York Giants,Houston Texans,h2h,Houston Texans,,-238,0.70414201,draftkings|2bba7fde6f97d0e54403d53676e4ab63|h2h|event,0.67503125,https://api.the-odds-api.com/v4/sports/americanfootball_nfl
2026,1,2bba7fde6f97d0e54403d53676e4ab63,2026-10-25T17:00:00Z,DraftKings,2026-09-10T19:06:24Z,New York Giants,Houston Texans,h2h,New York Giants,,195,0.33898305,draftkings|2bba7fde6f97d0e54403d53676e4ab63|h2h|event,0.32496875,https://api.the-odds-api.com/v4/sports/americanfootball_nfl
2026,1,2bba7fde6f97d0e54403d53676e4ab63,2026-10-25T17:00:00Z,DraftKings,2026-09-10T19:06:24Z,New York Giants,Houston Texans,spreads,Houston Texans,-5.5,-110,0.52380952,draftkings|2bba7fde6f97d0e54403d53676e4ab63|spreads|event,0.5,https://api.the-odds-api.com/v4/sports/americanfootball_nfl
2026,1,2bba7fde6f97d0e54403d53676e4ab63,2026-10-25T17:00:00Z,DraftKings,2026-09-10T19:06:24Z,New York Giants,Houston Texans,spreads,New York Giants,5.5,-110,0.52380952,draftkings|2bba7fde6f97d0e54403d53676e4ab63|spreads|event,0.5,https://api.the-odds-api.com/v4/sports/americanfootball_nfl
2026,1,2bba7fde6f97d0e54403d53676e4ab63,2026-10-25T17:00:00Z,DraftKings,2026-09-10T19:06:24Z,New York Giants,Houston Texans,totals,Over,43.5,-110,0.52380952,draftkings|2bba7fde6f97d0e54403d53676e4ab63|totals|43.5,0.5,https://api.the-odds-api.com/v4/sports/americanfootball_nfl
2026,1,2bba7fde6f97d0e54403d53676e4ab63,2026-10-25T17:00:00Z,DraftKings,2026-09-10T19:06:24Z,New York Giants,Houston Texans,totals,Under,43.5,-110,0.52380952,draftkings|2bba7fde6f97d0e54403d53676e4ab63|totals|43.5,0.5,https://api.the-odds-api.com/v4/sports/americanfootball_nfl
2026,1,2bba7fde6f97d0e54403d53676e4ab63,2026-10-25T17:00:00Z,BetUS,2026-09-10T19:06:58Z,New York Giants,Houston Texans,spreads,Houston Texans,-5.5,-110,0.52380952,betus|2bba7fde6f97d0e54403d53676e4ab63|spreads|event,0.5,https://api.the-odds-api.com/v4/sports/americanfootball_nfl
2026,1,2bba7fde6f97d0e54403d53676e4ab63,2026-10-25T17:00:00Z,BetUS,2026-09-10T19:06:58Z,New York Giants,Houston Texans,spreads,New York Giants,5.5,-110,0.52380952,betus|2bba7fde6f97d0e54403d53676e4ab63|spreads|event,0.5,https://api.the-odds-api.com/v4/sports/americanfootball_nfl
2026,1,2bba7fde6f97d0e54403d53676e4ab63,2026-10-25T17:00:00Z,BetUS,2026-09-10T19:06:58Z,New York Giants,Houston Texans,totals,Over,43.5,-110,0.52380952,betus|2bba7fde6f97d0e54403d53676e4ab63|totals|43.5,0.5,https://api.the-odds-api.com/v4/sports/americanfootball_nfl
2026,1,2bba7fde6f97d0e54403d53676e4ab63,2026-10-25T17:00:00Z,BetUS,2026-09-10T19:06:58Z,New York Giants,Houston Texans,totals,Under,43.5,-110,0.52380952,betus|2bba7fde6f97d0e54403d53676e4ab63|totals|43.5,0.5,https://api.the-odds-api.com/v4/sports/americanfootball_nfl
2026,1,f3992ad4496724baf7dcd1ef58245d6b,2026-10-25T17:00:00Z,DraftKings,2026-09-10T19:06:24Z,Indianapolis Colts,Minnesota Vikings,h2h,Indianapolis Colts,,120,0.45454545,draftkings|f3992ad4496724baf7dcd1ef58245d6b|h2h|event,0.43650793,https://api.the-odds-api.com/v4/sports/americanfootball_nfl
2026,1,f3992ad4496724baf7dcd1ef58245d6b,2026-10-25T17:00:00Z,DraftKings,2026-09-10T19:06:24Z,Indianapolis Colts,Minnesota Vikings,h2h,Minnesota Vikings,,-142,0.58677686,draftkings|f3992ad4496724baf7dcd1ef58245d6b|h2h|event,0.56349207,https://api.the-odds-api.com/v4/sports/americanfootball_nfl
2026,1,f3992ad4496724baf7dcd1ef58245d6b,2026-10-25T17:00:00Z,DraftKings,2026-09-10T19:06:24Z,Indianapolis Colts,Minnesota Vikings,spreads,Indianapolis Colts,2.5,-110,0.52380952,draftkings|f3992ad4496724baf7dcd1ef58245d6b|spreads|event,0.5,https://api.the-odds-api.com/v4/sports/americanfootball_nfl
2026,1,f3992ad4496724baf7dcd1ef58245d6b,2026-10-25T17:00:00Z,DraftKings,2026-09-10T19:06:24Z,Indianapolis Colts,Minnesota Vikings,spreads,Minnesota Vikings,-2.5,-110,0.52380952,draftkings|f3992ad4496724baf7dcd1ef58245d6b|spreads|event,0.5,https://api.the-odds-api.com/v4/sports/americanfootball_nfl
2026,1,f3992ad4496724baf7dcd1ef58245d6b,2026-10-25T17:00:00Z,DraftKings,2026-09-10T19:06:24Z,Indianapolis Colts,Minnesota Vikings,totals,Over,46.5,-110,0.52380952,draftkings|f3992ad4496724baf7dcd1ef58245d6b|totals|46.5,0.5,https://api.the-odds-api.com/v4/sports/americanfootball_nfl
2026,1,f3992ad4496724baf7dcd1ef58245d6b,2026-10-25T17:00:00Z,DraftKings,2026-09-10T19:06:24Z,Indianapolis Colts,Minnesota Vikings,totals,Under,46.5,-110,0.52380952,draftkings|f3992ad4496724baf7dcd1ef58245d6b|totals|46.5,0.5,https://api.the-odds-api.com/v4/sports/americanfootball_nfl
2026,1,f3992ad4496724baf7dcd1ef58245d6b,2026-10-25T17:00:00Z,BetUS,2026-09-10T19:06:58Z,Indianapolis Colts,Minnesota Vikings,spreads,Indianapolis Colts,3.0,-115,0.53488372,betus|f3992ad4496724baf7dcd1ef58245d6b|spreads|event,0.51083424,https://api.the-odds-api.com/v4/sports/americanfootball_nfl
2026,1,f3992ad4496724baf7dcd1ef58245d6b,2026-10-25T17:00:00Z,BetUS,2026-09-10T19:06:58Z,Indianapolis Colts,Minnesota Vikings,spreads,Minnesota Vikings,-3.0,-105,0.51219512,betus|f3992ad4496724baf7dcd1ef58245d6b|spreads|event,0.48916576,https://api.the-odds-api.com/v4/sports/americanfootball_nfl
2026,1,f3992ad4496724baf7dcd1ef58245d6b,2026-10-25T17:00:00Z,BetUS,2026-09-10T19:06:58Z,Indianapolis Colts,Minnesota Vikings,totals,Over,47.5,-110,0.52380952,betus|f3992ad4496724baf7dcd1ef58245d6b|totals|47.5,0.5,https://api.the-odds-api.com/v4/sports/americanfootball_nfl
2026,1,f3992ad4496724baf7dcd1ef58245d6b,2026-10-25T17:00:00Z,BetUS,2026-09-10T19:06:58Z,Indianapolis Colts,Minnesota Vikings,totals,Under,47.5,-110,0.52380952,betus|f3992ad4496724baf7dcd1ef58245d6b|totals|47.5,0.5,https://api.the-odds-api.com/v4/sports/americanfootball_nfl
2026,1,be5dd120ca08b43d647b6caa8953500a,2026-10-25T17:00:00Z,DraftKings,2026-09-10T19:06:24Z,Miami Dolphins,New York Jets,h2h,Miami Dolphins,,114,0.46728972,draftkings|be5dd120ca08b43d647b6caa8953500a|h2h|event,0.44855888,https://api.the-odds-api.com/v4/sports/americanfootball_nfl
2026,1,be5dd120ca08b43d647b6caa8953500a,2026-10-25T17:00:00Z,DraftKings,2026-09-10T19:06:24Z,Miami Dolphins,New York Jets,h2h,New York Jets,,-135,0.57446809,draftkings|be5dd120ca08b43d647b6caa8953500a|h2h|event,0.55144112,https://api.the-odds-api.com/v4/sports/americanfootball_nfl
2026,1,be5dd120ca08b43d647b6caa8953500a,2026-10-25T17:00:00Z,DraftKings,2026-09-10T19:06:24Z,Miami Dolphins,New York Jets,spreads,Miami Dolphins,2.5,-110,0.52380952,draftkings|be5dd120ca08b43d647b6caa8953500a|spreads|event,0.5,https://api.the-odds-api.com/v4/sports/americanfootball_nfl
2026,1,be5dd120ca08b43d647b6caa8953500a,2026-10-25T17:00:00Z,DraftKings,2026-09-10T19:06:24Z,Miami Dolphins,New York Jets,spreads,New York Jets,-2.5,-110,0.52380952,draftkings|be5dd120ca08b43d647b6caa8953500a|spreads|event,0.5,https://api.the-odds-api.com/v4/sports/americanfootball_nfl
2026,1,be5dd120ca08b43d647b6caa8953500a,2026-10-25T17:00:00Z,DraftKings,2026-09-10T19:06:24Z,Miami Dolphins,New York Jets,totals,Over,41.5,-110,0.52380952,draftkings|be5dd120ca08b43d647b6caa8953500a|totals|41.5,0.5,https://api.the-odds-api.com/v4/sports/americanfootball_nfl
2026,1,be5dd120ca08b43d647b6caa8953500a,2026-10-25T17:00:00Z,DraftKings,2026-09-10T19:06:24Z,Miami Dolphins,New York Jets,totals,Under,41.5,-110,0.52380952,draftkings|be5dd120ca08b43d647b6caa8953500a|totals|41.5,0.5,https://api.the-odds-api.com/v4/sports/americanfootball_nfl
2026,1,436119bb3ccdaa6ed7808aa3ebd82b76,2026-10-25T20:05:00Z,DraftKings,2026-09-10T19:06:24Z,Denver Broncos,Arizona Cardinals,h2h,Arizona Cardinals,,295,0.25316456,draftkings|436119bb3ccdaa6ed7808aa3ebd82b76|h2h|event,0.2428115,https://api.the-odds-api.com/v4/sports/americanfootball_nfl
2026,1,436119bb3ccdaa6ed7808aa3ebd82b76,2026-10-25T20:05:00Z,DraftKings,2026-09-10T19:06:24Z,Denver Broncos,Arizona Cardinals,h2h,Denver Broncos,,-375,0.78947368,draftkings|436119bb3ccdaa6ed7808aa3ebd82b76|h2h|event,0.7571885,https://api.the-odds-api.com/v4/sports/americanfootball_nfl
2026,1,436119bb3ccdaa6ed7808aa3ebd82b76,2026-10-25T20:05:00Z,DraftKings,2026-09-10T19:06:24Z,Denver Broncos,Arizona Cardinals,spreads,Arizona Cardinals,7.5,-110,0.52380952,draftkings|436119bb3ccdaa6ed7808aa3ebd82b76|spreads|event,0.5,https://api.the-odds-api.com/v4/sports/americanfootball_nfl
2026,1,436119bb3ccdaa6ed7808aa3ebd82b76,2026-10-25T20:05:00Z,DraftKings,2026-09-10T19:06:24Z,Denver Broncos,Arizona Cardinals,spreads,Denver Broncos,-7.5,-110,0.52380952,draftkings|436119bb3ccdaa6ed7808aa3ebd82b76|spreads|event,0.5,https://api.the-odds-api.com/v4/sports/americanfootball_nfl
2026,1,436119bb3ccdaa6ed7808aa3ebd82b76,2026-10-25T20:05:00Z,DraftKings,2026-09-10T19:06:24Z,Denver Broncos,Arizona Cardinals,totals,Over,43.5,-110,0.52380952,draftkings|436119bb3ccdaa6ed7808aa3ebd82b76|totals|43.5,0.5,https://api.the-odds-api.com/v4/sports/americanfootball_nfl
2026,1,436119bb3ccdaa6ed7808aa3ebd82b76,2026-10-25T20:05:00Z,DraftKings,2026-09-10T19:06:24Z,Denver Broncos,Arizona Cardinals,totals,Under,43.5,-110,0.52380952,draftkings|436119bb3ccdaa6ed7808aa3ebd82b76|totals|43.5,0.5,https://api.the-odds-api.com/v4/sports/americanfootball_nfl
2026,1,436119bb3ccdaa6ed7808aa3ebd82b76,2026-10-25T20:05:00Z,BetUS,2026-09-10T19:06:58Z,Denver Broncos,Arizona Cardinals,spreads,Arizona Cardinals,7.5,-110,0.52380952,betus|436119bb3ccdaa6ed7808aa3ebd82b76|spreads|event,0.5,https://api.the-odds-api.com/v4/sports/americanfootball_nfl
2026,1,436119bb3ccdaa6ed7808aa3ebd82b76,2026-10-25T20:05:00Z,BetUS,2026-09-10T19:06:58Z,Denver Broncos,Arizona Cardinals,spreads,Denver Broncos,-7.5,-110,0.52380952,betus|436119bb3ccdaa6ed7808aa3ebd82b76|spreads|event,0.5,https://api.the-odds-api.com/v4/sports/americanfootball_nfl
2026,1,436119bb3ccdaa6ed7808aa3ebd82b76,2026-10-25T20:05:00Z,BetUS,2026-09-10T19:06:58Z,Denver Broncos,Arizona Cardinals,totals,Over,43.5,-110,0.52380952,betus|436119bb3ccdaa6ed7808aa3ebd82b76|totals|43.5,0.5,https://api.the-odds-api.com/v4/sports/americanfootball_nfl
2026,1,436119bb3ccdaa6ed7808aa3ebd82b76,2026-10-25T20:05:00Z,BetUS,2026-09-10T19:06:58Z,Denver Broncos,Arizona Cardinals,totals,Under,43.5,-110,0.52380952,betus|436119bb3ccdaa6ed7808aa3ebd82b76|totals|43.5,0.5,https://api.the-odds-api.com/v4/sports/americanfootball_nfl
2026,1,e8e5715eefb6a9ce64765e9ddf49c0cc,2026-10-25T20:25:00Z,DraftKings,2026-09-10T19:06:24Z,Green Bay Packers,Detroit Lions,h2h,Detroit Lions,,-142,0.58677686,draftkings|e8e5715eefb6a9ce64765e9ddf49c0cc|h2h|event,0.56349207,https://api.the-odds-api.com/v4/sports/americanfootball_nfl
2026,1,e8e5715eefb6a9ce64765e9ddf49c0cc,2026-10-25T20:25:00Z,DraftKings,2026-09-10T19:06:24Z,Green Bay Packers,Detroit Lions,h2h,Green Bay Packers,,120,0.45454545,draftkings|e8e5715eefb6a9ce64765e9ddf49c0cc|h2h|event,0.43650793,https://api.the-odds-api.com/v4/sports/americanfootball_nfl
2026,1,e8e5715eefb6a9ce64765e9ddf49c0cc,2026-10-25T20:25:00Z,DraftKings,2026-09-10T19:06:24Z,Green Bay Packers,Detroit Lions,spreads,Detroit Lions,-2.5,-110,0.52380952,draftkings|e8e5715eefb6a9ce64765e9ddf49c0cc|spreads|event,0.5,https://api.the-odds-api.com/v4/sports/americanfootball_nfl
2026,1,e8e5715eefb6a9ce64765e9ddf49c0cc,2026-10-25T20:25:00Z,DraftKings,2026-09-10T19:06:24Z,Green Bay Packers,Detroit Lions,spreads,Green Bay Packers,2.5,-110,0.52380952,draftkings|e8e5715eefb6a9ce64765e9ddf49c0cc|spreads|event,0.5,https://api.the-odds-api.com/v4/sports/americanfootball_nfl
2026,1,e8e5715eefb6a9ce64765e9ddf49c0cc,2026-10-25T20:25:00Z,DraftKings,2026-09-10T19:06:24Z,Green Bay Packers,Detroit Lions,totals,Over,50.5,-110,0.52380952,draftkings|e8e5715eefb6a9ce64765e9ddf49c0cc|totals|50.5,0.5,https://api.the-odds-api.com/v4/sports/americanfootball_nfl
2026,1,e8e5715eefb6a9ce64765e9ddf49c0cc,2026-10-25T20:25:00Z,DraftKings,2026-09-10T19:06:24Z,Green Bay Packers,Detroit Lions,totals,Under,50.5,-110,0.52380952,draftkings|e8e5715eefb6a9ce64765e9ddf49c0cc|totals|50.5,0.5,https://api.the-odds-api.com/v4/sports/americanfootball_nfl
2026,1,f7679cf18454e4d88a8f2b990c3f08ac,2026-10-25T20:25:00Z,DraftKings,2026-09-10T19:06:24Z,Los Angeles Rams,Las Vegas Raiders,h2h,Las Vegas Raiders,,275,0.26666667,draftkings|f7679cf18454e4d88a8f2b990c3f08ac|h2h|event,0.25593099,https://api.the-odds-api.com/v4/sports/americanfootball_nfl
2026,1,f7679cf18454e4d88a8f2b990c3f08ac,2026-10-25T20:25:00Z,DraftKings,2026-09-10T19:06:24Z,Los Angeles Rams,Las Vegas Raiders,h2h,Los Angeles Rams,,-345,0.7752809,draftkings|f7679cf18454e4d88a8f2b990c3f08ac|h2h|event,0.74406901,https://api.the-odds-api.com/v4/sports/americanfootball_nfl
2026,1,f7679cf18454e4d88a8f2b990c3f08ac,2026-10-25T20:25:00Z,DraftKings,2026-09-10T19:06:24Z,Los Angeles Rams,Las Vegas Raiders,spreads,Las Vegas Raiders,7.5,-110,0.52380952,draftkings|f7679cf18454e4d88a8f2b990c3f08ac|spreads|event,0.5,https://api.the-odds-api.com/v4/sports/americanfootball_nfl
2026,1,f7679cf18454e4d88a8f2b990c3f08ac,2026-10-25T20:25:00Z,DraftKings,2026-09-10T19:06:24Z,Los Angeles Rams,Las Vegas Raiders,spreads,Los Angeles Rams,-7.5,-110,0.52380952,draftkings|f7679cf18454e4d88a8f2b990c3f08ac|spreads|event,0.5,https://api.the-odds-api.com/v4/sports/americanfootball_nfl
2026,1,f7679cf18454e4d88a8f2b990c3f08ac,2026-10-25T20:25:00Z,DraftKings,2026-09-10T19:06:24Z,Los Angeles Rams,Las Vegas Raiders,totals,Over,46.5,-110,0.52380952,draftkings|f7679cf18454e4d88a8f2b990c3f08ac|totals|46.5,0.5,https://api.the-odds-api.com/v4/sports/americanfootball_nfl
2026,1,f7679cf18454e4d88a8f2b990c3f08ac,2026-10-25T20:25:00Z,DraftKings,2026-09-10T19:06:24Z,Los Angeles Rams,Las Vegas Raiders,totals,Under,46.5,-110,0.52380952,draftkings|f7679cf18454e4d88a8f2b990c3f08ac|totals|46.5,0.5,https://api.the-odds-api.com/v4/sports/americanfootball_nfl
2026,1,4853610e63c246f2027a6a248e642c9a,2026-10-27T00:15:00Z,DraftKings,2026-09-10T19:06:24Z,Dallas Cowboys,Philadelphia Eagles,h2h,Dallas Cowboys,,136,0.42372881,draftkings|4853610e63c246f2027a6a248e642c9a|h2h|event,0.40663024,https://api.the-odds-api.com/v4/sports/americanfootball_nfl
2026,1,4853610e63c246f2027a6a248e642c9a,2026-10-27T00:15:00Z,DraftKings,2026-09-10T19:06:24Z,Dallas Cowboys,Philadelphia Eagles,h2h,Philadelphia Eagles,,-162,0.61832061,draftkings|4853610e63c246f2027a6a248e642c9a|h2h|event,0.59336976,https://api.the-odds-api.com/v4/sports/americanfootball_nfl
2026,1,4853610e63c246f2027a6a248e642c9a,2026-10-27T00:15:00Z,DraftKings,2026-09-10T19:06:24Z,Dallas Cowboys,Philadelphia Eagles,spreads,Dallas Cowboys,3.0,-110,0.52380952,draftkings|4853610e63c246f2027a6a248e642c9a|spreads|event,0.5,https://api.the-odds-api.com/v4/sports/americanfootball_nfl
2026,1,4853610e63c246f2027a6a248e642c9a,2026-10-27T00:15:00Z,DraftKings,2026-09-10T19:06:24Z,Dallas Cowboys,Philadelphia Eagles,spreads,Philadelphia Eagles,-3.0,-110,0.52380952,draftkings|4853610e63c246f2027a6a248e642c9a|spreads|event,0.5,https://api.the-odds-api.com/v4/sports/americanfootball_nfl
2026,1,4853610e63c246f2027a6a248e642c9a,2026-10-27T00:15:00Z,DraftKings,2026-09-10T19:06:24Z,Dallas Cowboys,Philadelphia Eagles,totals,Over,48.5,-110,0.52380952,draftkings|4853610e63c246f2027a6a248e642c9a|totals|48.5,0.5,https://api.the-odds-api.com/v4/sports/americanfootball_nfl
2026,1,4853610e63c246f2027a6a248e642c9a,2026-10-27T00:15:00Z,DraftKings,2026-09-10T19:06:24Z,Dallas Cowboys,Philadelphia Eagles,totals,Under,48.5,-110,0.52380952,draftkings|4853610e63c246f2027a6a248e642c9a|totals|48.5,0.5,https://api.the-odds-api.com/v4/sports/americanfootball_nfl
2026,1,4853610e63c246f2027a6a248e642c9a,2026-10-27T00:15:00Z,BetUS,2026-09-10T19:06:58Z,Dallas Cowboys,Philadelphia Eagles,spreads,Dallas Cowboys,3.0,-110,0.52380952,betus|4853610e63c246f2027a6a248e642c9a|spreads|event,0.5,https://api.the-odds-api.com/v4/sports/americanfootball_nfl
2026,1,4853610e63c246f2027a6a248e642c9a,2026-10-27T00:15:00Z,BetUS,2026-09-10T19:06:58Z,Dallas Cowboys,Philadelphia Eagles,spreads,Philadelphia Eagles,-3.0,-110,0.52380952,betus|4853610e63c246f2027a6a248e642c9a|spreads|event,0.5,https://api.the-odds-api.com/v4/sports/americanfootball_nfl
2026,1,4853610e63c246f2027a6a248e642c9a,2026-10-27T00:15:00Z,BetUS,2026-09-10T19:06:58Z,Dallas Cowboys,Philadelphia Eagles,totals,Over,48.5,-110,0.52380952,betus|4853610e63c246f2027a6a248e642c9a|totals|48.5,0.5,https://api.the-odds-api.com/v4/sports/americanfootball_nfl
2026,1,4853610e63c246f2027a6a248e642c9a,2026-10-27T00:15:00Z,BetUS,2026-09-10T19:06:58Z,Dallas Cowboys,Philadelphia Eagles,totals,Under,48.5,-110,0.52380952,betus|4853610e63c246f2027a6a248e642c9a|totals|48.5,0.5,https://api.the-odds-api.com/v4/sports/americanfootball_nfl
2026,1,ab2865e9f2d4b012de8bc6fb6de11a7c,2026-10-30T00:15:00Z,DraftKings,2026-09-10T19:06:24Z,Carolina Panthers,Green Bay Packers,h2h,Carolina Panthers,,280,0.26315789,draftkings|ab2865e9f2d4b012de8bc6fb6de11a7c|h2h|event,0.25221729,https://api.the-odds-api.com/v4/sports/americanfootball_nfl
2026,1,ab2865e9f2d4b012de8bc6fb6de11a7c,2026-10-30T00:15:00Z,DraftKings,2026-09-10T19:06:24Z,Carolina Panthers,Green Bay Packers,h2h,Green Bay Packers,,-355,0.78021978,draftkings|ab2865e9f2d4b012de8bc6fb6de11a7c|h2h|event,0.74778271,https://api.the-odds-api.com/v4/sports/americanfootball_nfl
2026,1,ab2865e9f2d4b012de8bc6fb6de11a7c,2026-10-30T00:15:00Z,DraftKings,2026-09-10T19:06:24Z,Carolina Panthers,Green Bay Packers,spreads,Carolina Panthers,7.0,-110,0.52380952,draftkings|ab2865e9f2d4b012de8bc6fb6de11a7c|spreads|event,0.5,https://api.the-odds-api.com/v4/sports/americanfootball_nfl
2026,1,ab2865e9f2d4b012de8bc6fb6de11a7c,2026-10-30T00:15:00Z,DraftKings,2026-09-10T19:06:24Z,Carolina Panthers,Green Bay Packers,spreads,Green Bay Packers,-7.0,-110,0.52380952,draftkings|ab2865e9f2d4b012de8bc6fb6de11a7c|spreads|event,0.5,https://api.the-odds-api.com/v4/sports/americanfootball_nfl
2026,1,ab2865e9f2d4b012de8bc6fb6de11a7c,2026-10-30T00:15:00Z,DraftKings,2026-09-10T19:06:24Z,Carolina Panthers,Green Bay Packers,totals,Over,45.5,-110,0.52380952,draftkings|ab2865e9f2d4b012de8bc6fb6de11a7c|totals|45.5,0.5,https://api.the-odds-api.com/v4/sports/americanfootball_nfl
2026,1,ab2865e9f2d4b012de8bc6fb6de11a7c,2026-10-30T00:15:00Z,DraftKings,2026-09-10T19:06:24Z,Carolina Panthers,Green Bay Packers,totals,Under,45.5,-110,0.52380952,draftkings|ab2865e9f2d4b012de8bc6fb6de11a7c|totals|45.5,0.5,https://api.the-odds-api.com/v4/sports/americanfootball_nfl
2026,1,ab2865e9f2d4b012de8bc6fb6de11a7c,2026-10-30T00:15:00Z,BetUS,2026-09-10T19:06:58Z,Carolina Panthers,Green Bay Packers,spreads,Carolina Panthers,7.0,-110,0.52380952,betus|ab2865e9f2d4b012de8bc6fb6de11a7c|spreads|event,0.5,https://api.the-odds-api.com/v4/sports/americanfootball_nfl
2026,1,ab2865e9f2d4b012de8bc6fb6de11a7c,2026-10-30T00:15:00Z,BetUS,2026-09-10T19:06:58Z,Carolina Panthers,Green Bay Packers,spreads,Green Bay Packers,-7.0,-110,0.52380952,betus|ab2865e9f2d4b012de8bc6fb6de11a7c|spreads|event,0.5,https://api.the-odds-api.com/v4/sports/americanfootball_nfl
2026,1,ab2865e9f2d4b012de8bc6fb6de11a7c,2026-10-30T00:15:00Z,BetUS,2026-09-10T19:06:58Z,Carolina Panthers,Green Bay Packers,totals,Over,45.5,-110,0.52380952,betus|ab2865e9f2d4b012de8bc6fb6de11a7c|totals|45.5,0.5,https://api.the-odds-api.com/v4/sports/americanfootball_nfl
2026,1,ab2865e9f2d4b012de8bc6fb6de11a7c,2026-10-30T00:15:00Z,BetUS,2026-09-10T19:06:58Z,Carolina Panthers,Green Bay Packers,totals,Under,45.5,-110,0.52380952,betus|ab2865e9f2d4b012de8bc6fb6de11a7c|totals|45.5,0.5,https://api.the-odds-api.com/v4/sports/americanfootball_nfl
2026,1,9255ca8f32aea590d00aa57de79f6bb6,2026-11-01T18:00:00Z,DraftKings,2026-09-10T19:06:24Z,Arizona Cardinals,Dallas Cowboys,h2h,Arizona Cardinals,,410,0.19607843,draftkings|9255ca8f32aea590d00aa57de79f6bb6|h2h|event,0.18813314,https://api.the-odds-api.com/v4/sports/americanfootball_nfl
2026,1,9255ca8f32aea590d00aa57de79f6bb6,2026-11-01T18:00:00Z,DraftKings,2026-09-10T19:06:24Z,Arizona Cardinals,Dallas Cowboys,h2h,Dallas Cowboys,,-550,0.84615385,draftkings|9255ca8f32aea590d00aa57de79f6bb6|h2h|event,0.81186686,https://api.the-odds-api.com/v4/sports/americanfootball_nfl
2026,1,9255ca8f32aea590d00aa57de79f6bb6,2026-11-01T18:00:00Z,DraftKings,2026-09-10T19:06:24Z,Arizona Cardinals,Dallas Cowboys,spreads,Arizona Cardinals,10.5,-110,0.52380952,draftkings|9255ca8f32aea590d00aa57de79f6bb6|spreads|event,0.5,https://api.the-odds-api.com/v4/sports/americanfootball_nfl
2026,1,9255ca8f32aea590d00aa57de79f6bb6,2026-11-01T18:00:00Z,DraftKings,2026-09-10T19:06:24Z,Arizona Cardinals,Dallas Cowboys,spreads,Dallas Cowboys,-10.5,-110,0.52380952,draftkings|9255ca8f32aea590d00aa57de79f6bb6|spreads|event,0.5,https://api.the-odds-api.com/v4/sports/americanfootball_nfl
2026,1,9255ca8f32aea590d00aa57de79f6bb6,2026-11-01T18:00:00Z,DraftKings,2026-09-10T19:06:24Z,Arizona Cardinals,Dallas Cowboys,totals,Over,47.5,-110,0.52380952,draftkings|9255ca8f32aea590d00aa57de79f6bb6|totals|47.5,0.5,https://api.the-odds-api.com/v4/sports/americanfootball_nfl
2026,1,9255ca8f32aea590d00aa57de79f6bb6,2026-11-01T18:00:00Z,DraftKings,2026-09-10T19:06:24Z,Arizona Cardinals,Dallas Cowboys,totals,Under,47.5,-110,0.52380952,draftkings|9255ca8f32aea590d00aa57de79f6bb6|totals|47.5,0.5,https://api.the-odds-api.com/v4/sports/americanfootball_nfl
2026,1,9255ca8f32aea590d00aa57de79f6bb6,2026-11-01T18:00:00Z,BetUS,2026-09-10T19:06:58Z,Arizona Cardinals,Dallas Cowboys,spreads,Arizona Cardinals,10.5,-110,0.52380952,betus|9255ca8f32aea590d00aa57de79f6bb6|spreads|event,0.5,https://api.the-odds-api.com/v4/sports/americanfootball_nfl
2026,1,9255ca8f32aea590d00aa57de79f6bb6,2026-11-01T18:00:00Z,BetUS,2026-09-10T19:06:58Z,Arizona Cardinals,Dallas Cowboys,spreads,Dallas Cowboys,-10.5,-110,0.52380952,betus|9255ca8f32aea590d00aa57de79f6bb6|spreads|event,0.5,https://api.the-odds-api.com/v4/sports/americanfootball_nfl
2026,1,9255ca8f32aea590d00aa57de79f6bb6,2026-11-01T18:00:00Z,BetUS,2026-09-10T19:06:58Z,Arizona Cardinals,Dallas Cowboys,totals,Over,49.5,-110,0.52380952,betus|9255ca8f32aea590d00aa57de79f6bb6|totals|49.5,0.5,https://api.the-odds-api.com/v4/sports/americanfootball_nfl
2026,1,9255ca8f32aea590d00aa57de79f6bb6,2026-11-01T18:00:00Z,BetUS,2026-09-10T19:06:58Z,Arizona Cardinals,Dallas Cowboys,totals,Under,49.5,-110,0.52380952,betus|9255ca8f32aea590d00aa57de79f6bb6|totals|49.5,0.5,https://api.the-odds-api.com/v4/sports/americanfootball_nfl
2026,1,921859689f5f8b3b8b1caf4248bdb1ec,2026-11-01T18:00:00Z,DraftKings,2026-09-10T19:06:24Z,Atlanta Falcons,Tampa Bay Buccaneers,h2h,Atlanta Falcons,,185,0.35087719,draftkings|921859689f5f8b3b8b1caf4248bdb1ec|h2h|event,0.33635187,https://api.the-odds-api.com/v4/sports/americanfootball_nfl
2026,1,921859689f5f8b3b8b1caf4248bdb1ec,2026-11-01T18:00:00Z,DraftKings,2026-09-10T19:06:24Z,Atlanta Falcons,Tampa Bay Buccaneers,h2h,Tampa Bay Buccaneers,,-225,0.69230769,draftkings|921859689f5f8b3b8b1caf4248bdb1ec|h2h|event,0.66364813,https://api.the-odds-api.com/v4/sports/americanfootball_nfl
2026,1,921859689f5f8b3b8b1caf4248bdb1ec,2026-11-01T18:00:00Z,DraftKings,2026-09-10T19:06:24Z,Atlanta Falcons,Tampa Bay Buccaneers,spreads,Atlanta Falcons,4.5,-110,0.52380952,draftkings|921859689f5f8b3b8b1caf4248bdb1ec|spreads|event,0.5,https://api.the-odds-api.com/v4/sports/americanfootball_nfl
2026,1,921859689f5f8b3b8b1caf4248bdb1ec,2026-11-01T18:00:00Z,DraftKings,2026-09-10T19:06:24Z,Atlanta Falcons,Tampa Bay Buccaneers,spreads,Tampa Bay Buccaneers,-4.5,-110,0.52380952,draftkings|921859689f5f8b3b8b1caf4248bdb1ec|spreads|event,0.5,https://api.the-odds-api.com/v4/sports/americanfootball_nfl
2026,1,921859689f5f8b3b8b1caf4248bdb1ec,2026-11-01T18:00:00Z,DraftKings,2026-09-10T19:06:24Z,Atlanta Falcons,Tampa Bay Buccaneers,totals,Over,46.5,-110,0.52380952,draftkings|921859689f5f8b3b8b1caf4248bdb1ec|totals|46.5,0.5,https://api.the-odds-api.com/v4/sports/americanfootball_nfl
2026,1,921859689f5f8b3b8b1caf4248bdb1ec,2026-11-01T18:00:00Z,DraftKings,2026-09-10T19:06:24Z,Atlanta Falcons,Tampa Bay Buccaneers,totals,Under,46.5,-110,0.52380952,draftkings|921859689f5f8b3b8b1caf4248bdb1ec|totals|46.5,0.5,https://api.the-odds-api.com/v4/sports/americanfootball_nfl
2026,1,921859689f5f8b3b8b1caf4248bdb1ec,2026-11-01T18:00:00Z,BetUS,2026-09-10T19:06:58Z,Atlanta Falcons,Tampa Bay Buccaneers,spreads,Atlanta Falcons,4.5,-110,0.52380952,betus|921859689f5f8b3b8b1caf4248bdb1ec|spreads|event,0.5,https://api.the-odds-api.com/v4/sports/americanfootball_nfl
2026,1,921859689f5f8b3b8b1caf4248bdb1ec,2026-11-01T18:00:00Z,BetUS,2026-09-10T19:06:58Z,Atlanta Falcons,Tampa Bay Buccaneers,spreads,Tampa Bay Buccaneers,-4.5,-110,0.52380952,betus|921859689f5f8b3b8b1caf4248bdb1ec|spreads|event,0.5,https://api.the-odds-api.com/v4/sports/americanfootball_nfl
2026,1,921859689f5f8b3b8b1caf4248bdb1ec,2026-11-01T18:00:00Z,BetUS,2026-09-10T19:06:58Z,Atlanta Falcons,Tampa Bay Buccaneers,totals,Over,46.5,-110,0.52380952,betus|921859689f5f8b3b8b1caf4248bdb1ec|totals|46.5,0.5,https://api.the-odds-api.com/v4/sports/americanfootball_nfl
2026,1,921859689f5f8b3b8b1caf4248bdb1ec,2026-11-01T18:00:00Z,BetUS,2026-09-10T19:06:58Z,Atlanta Falcons,Tampa Bay Buccaneers,totals,Under,46.5,-110,0.52380952,betus|921859689f5f8b3b8b1caf4248bdb1ec|totals|46.5,0.5,https://api.the-odds-api.com/v4/sports/americanfootball_nfl
2026,1,c93c421e5fa46031a43162d111d981d0,2026-11-01T18:00:00Z,DraftKings,2026-09-10T19:06:24Z,Baltimore Ravens,Buffalo Bills,h2h,Baltimore Ravens,,114,0.46728972,draftkings|c93c421e5fa46031a43162d111d981d0|h2h|event,0.44855888,https://api.the-odds-api.com/v4/sports/americanfootball_nfl
2026,1,c93c421e5fa46031a43162d111d981d0,2026-11-01T18:00:00Z,DraftKings,2026-09-10T19:06:24Z,Baltimore Ravens,Buffalo Bills,h2h,Buffalo Bills,,-135,0.57446809,draftkings|c93c421e5fa46031a43162d111d981d0|h2h|event,0.55144112,https://api.the-odds-api.com/v4/sports/americanfootball_nfl
2026,1,c93c421e5fa46031a43162d111d981d0,2026-11-01T18:00:00Z,DraftKings,2026-09-10T19:06:24Z,Baltimore Ravens,Buffalo Bills,spreads,Baltimore Ravens,2.5,-110,0.52380952,draftkings|c93c421e5fa46031a43162d111d981d0|spreads|event,0.5,https://api.the-odds-api.com/v4/sports/americanfootball_nfl
2026,1,c93c421e5fa46031a43162d111d981d0,2026-11-01T18:00:00Z,DraftKings,2026-09-10T19:06:24Z,Baltimore Ravens,Buffalo Bills,spreads,Buffalo Bills,-2.5,-110,0.52380952,draftkings|c93c421e5fa46031a43162d111d981d0|spreads|event,0.5,https://api.the-odds-api.com/v4/sports/americanfootball_nfl
2026,1,c93c421e5fa46031a43162d111d981d0,2026-11-01T18:00:00Z,DraftKings,2026-09-10T19:06:24Z,Baltimore Ravens,Buffalo Bills,totals,Over,51.5,-110,0.52380952,draftkings|c93c421e5fa46031a43162d111d981d0|totals|51.5,0.5,https://api.the-odds-api.com/v4/sports/americanfootball_nfl
2026,1,c93c421e5fa46031a43162d111d981d0,2026-11-01T18:00:00Z,DraftKings,2026-09-10T19:06:24Z,Baltimore Ravens,Buffalo Bills,totals,Under,51.5,-110,0.52380952,draftkings|c93c421e5fa46031a43162d111d981d0|totals|51.5,0.5,https://api.the-odds-api.com/v4/sports/americanfootball_nfl
2026,1,9c5d8f57e0ba0fbd9ef436c1f0898f99,2026-11-01T18:00:00Z,DraftKings,2026-09-10T19:06:24Z,Tennessee Titans,Cincinnati Bengals,h2h,Cincinnati Bengals,,-290,0.74358974,draftkings|9c5d8f57e0ba0fbd9ef436c1f0898f99|h2h|event,0.71355123,https://api.the-odds-api.com/v4/sports/americanfootball_nfl
2026,1,9c5d8f57e0ba0fbd9ef436c1f0898f99,2026-11-01T18:00:00Z,DraftKings,2026-09-10T19:06:24Z,Tennessee Titans,Cincinnati Bengals,h2h,Tennessee Titans,,235,0.29850746,draftkings|9c5d8f57e0ba0fbd9ef436c1f0898f99|h2h|event,0.28644877,https://api.the-odds-api.com/v4/sports/americanfootball_nfl
2026,1,9c5d8f57e0ba0fbd9ef436c1f0898f99,2026-11-01T18:00:00Z,DraftKings,2026-09-10T19:06:24Z,Tennessee Titans,Cincinnati Bengals,spreads,Cincinnati Bengals,-6.5,-110,0.52380952,draftkings|9c5d8f57e0ba0fbd9ef436c1f0898f99|spreads|event,0.5,https://api.the-odds-api.com/v4/sports/americanfootball_nfl
2026,1,9c5d8f57e0ba0fbd9ef436c1f0898f99,2026-11-01T18:00:00Z,DraftKings,2026-09-10T19:06:24Z,Tennessee Titans,Cincinnati Bengals,spreads,Tennessee Titans,6.5,-110,0.52380952,draftkings|9c5d8f57e0ba0fbd9ef436c1f0898f99|spreads|event,0.5,https://api.the-odds-api.com/v4/sports/americanfootball_nfl
2026,1,9c5d8f57e0ba0fbd9ef436c1f0898f99,2026-11-01T18:00:00Z,DraftKings,2026-09-10T19:06:24Z,Tennessee Titans,Cincinnati Bengals,totals,Over,49.5,-110,0.52380952,draftkings|9c5d8f57e0ba0fbd9ef436c1f0898f99|totals|49.5,0.5,https://api.the-odds-api.com/v4/sports/americanfootball_nfl
2026,1,9c5d8f57e0ba0fbd9ef436c1f0898f99,2026-11-01T18:00:00Z,DraftKings,2026-09-10T19:06:24Z,Tennessee Titans,Cincinnati Bengals,totals,Under,49.5,-110,0.52380952,draftkings|9c5d8f57e0ba0fbd9ef436c1f0898f99|totals|49.5,0.5,https://api.the-odds-api.com/v4/sports/americanfootball_nfl
2026,1,9c5d8f57e0ba0fbd9ef436c1f0898f99,2026-11-01T18:00:00Z,BetUS,2026-09-10T19:06:58Z,Tennessee Titans,Cincinnati Bengals,spreads,Cincinnati Bengals,-6.5,-115,0.53488372,betus|9c5d8f57e0ba0fbd9ef436c1f0898f99|spreads|event,0.51083424,https://api.the-odds-api.com/v4/sports/americanfootball_nfl
2026,1,9c5d8f57e0ba0fbd9ef436c1f0898f99,2026-11-01T18:00:00Z,BetUS,2026-09-10T19:06:58Z,Tennessee Titans,Cincinnati Bengals,spreads,Tennessee Titans,6.5,-105,0.51219512,betus|9c5d8f57e0ba0fbd9ef436c1f0898f99|spreads|event,0.48916576,https://api.the-odds-api.com/v4/sports/americanfootball_nfl
2026,1,9c5d8f57e0ba0fbd9ef436c1f0898f99,2026-11-01T18:00:00Z,BetUS,2026-09-10T19:06:58Z,Tennessee Titans,Cincinnati Bengals,totals,Over,49.5,-110,0.52380952,betus|9c5d8f57e0ba0fbd9ef436c1f0898f99|totals|49.5,0.5,https://api.the-odds-api.com/v4/sports/americanfootball_nfl
2026,1,9c5d8f57e0ba0fbd9ef436c1f0898f99,2026-11-01T18:00:00Z,BetUS,2026-09-10T19:06:58Z,Tennessee Titans,Cincinnati Bengals,totals,Under,49.5,-110,0.52380952,betus|9c5d8f57e0ba0fbd9ef436c1f0898f99|totals|49.5,0.5,https://api.the-odds-api.com/v4/sports/americanfootball_nfl
2026,1,ab5ab731ab655bd6308bc7a922275518,2026-11-01T18:00:00Z,DraftKings,2026-09-10T19:06:24Z,Cleveland Browns,Pittsburgh Steelers,h2h,Cleveland Browns,,210,0.32258065,draftkings|ab5ab731ab655bd6308bc7a922275518|h2h|event,0.30920712,https://api.the-odds-api.com/v4/sports/americanfootball_nfl
2026,1,ab5ab731ab655bd6308bc7a922275518,2026-11-01T18:00:00Z,DraftKings,2026-09-10T19:06:24Z,Cleveland Browns,Pittsburgh Steelers,h2h,Pittsburgh Steelers,,-258,0.72067039,draftkings|ab5ab731ab655bd6308bc7a922275518|h2h|event,0.69079288,https://api.the-odds-api.com/v4/sports/americanfootball_nfl
2026,1,ab5ab731ab655bd6308bc7a922275518,2026-11-01T18:00:00Z,DraftKings,2026-09-10T19:06:24Z,Cleveland Browns,Pittsburgh Steelers,spreads,Cleveland Browns,6.0,-110,0.52380952,draftkings|ab5ab731ab655bd6308bc7a922275518|spreads|event,0.5,https://api.the-odds-api.com/v4/sports/americanfootball_nfl
2026,1,ab5ab731ab655bd6308bc7a922275518,2026-11-01T18:00:00Z,DraftKings,2026-09-10T19:06:24Z,Cleveland Browns,Pittsburgh Steelers,spreads,Pittsburgh Steelers,-6.0,-110,0.52380952,draftkings|ab5ab731ab655bd6308bc7a922275518|spreads|event,0.5,https://api.the-odds-api.com/v4/sports/americanfootball_nfl
2026,1,ab5ab731ab655bd6308bc7a922275518,2026-11-01T18:00:00Z,DraftKings,2026-09-10T19:06:24Z,Cleveland Browns,Pittsburgh Steelers,totals,Over,39.5,-110,0.52380952,draftkings|ab5ab731ab655bd6308bc7a922275518|totals|39.5,0.5,https://api.the-odds-api.com/v4/sports/americanfootball_nfl
2026,1,ab5ab731ab655bd6308bc7a922275518,2026-11-01T18:00:00Z,DraftKings,2026-09-10T19:06:24Z,Cleveland Browns,Pittsburgh Steelers,totals,Under,39.5,-110,0.52380952,draftkings|ab5ab731ab655bd6308bc7a922275518|totals|39.5,0.5,https://api.the-odds-api.com/v4/sports/americanfootball_nfl
2026,1,52e7ee9c42525e6deec02da32dc2fad8,2026-11-01T18:00:00Z,DraftKings,2026-09-10T19:06:24Z,Minnesota Vikings,Detroit Lions,h2h,Detroit Lions,,-225,0.69230769,draftkings|52e7ee9c42525e6deec02da32dc2fad8|h2h|event,0.66364813,https://api.the-odds-api.com/v4/sports/americanfootball_nfl
2026,1,52e7ee9c42525e6deec02da32dc2fad8,2026-11-01T18:00:00Z,DraftKings,2026-09-10T19:06:24Z,Minnesota Vikings,Detroit Lions,h2h,Minnesota Vikings,,185,0.35087719,draftkings|52e7ee9c42525e6deec02da32dc2fad8|h2h|event,0.33635187,https://api.the-odds-api.com/v4/sports/americanfootball_nfl
2026,1,52e7ee9c42525e6deec02da32dc2fad8,2026-11-01T18:00:00Z,DraftKings,2026-09-10T19:06:24Z,Minnesota Vikings,Detroit Lions,spreads,Detroit Lions,-4.5,-110,0.52380952,draftkings|52e7ee9c42525e6deec02da32dc2fad8|spreads|event,0.5,https://api.the-odds-api.com/v4/sports/americanfootball_nfl
2026,1,52e7ee9c42525e6deec02da32dc2fad8,2026-11-01T18:00:00Z,DraftKings,2026-09-10T19:06:24Z,Minnesota Vikings,Detroit Lions,spreads,Minnesota Vikings,4.5,-110,0.52380952,draftkings|52e7ee9c42525e6deec02da32dc2fad8|spreads|event,0.5,https://api.the-odds-api.com/v4/sports/americanfootball_nfl
2026,1,52e7ee9c42525e6deec02da32dc2fad8,2026-11-01T18:00:00Z,DraftKings,2026-09-10T19:06:24Z,Minnesota Vikings,Detroit Lions,totals,Over,47.5,-110,0.52380952,draftkings|52e7ee9c42525e6deec02da32dc2fad8|totals|47.5,0.5,https://api.the-odds-api.com/v4/sports/americanfootball_nfl
2026,1,52e7ee9c42525e6deec02da32dc2fad8,2026-11-01T18:00:00Z,DraftKings,2026-09-10T19:06:24Z,Minnesota Vikings,Detroit Lions,totals,Under,47.5,-110,0.52380952,draftkings|52e7ee9c42525e6deec02da32dc2fad8|totals|47.5,0.5,https://api.the-odds-api.com/v4/sports/americanfootball_nfl
2026,1,159dbf0253dd2038eda2212f84387f0c,2026-11-01T18:00:00Z,DraftKings,2026-09-10T19:06:24Z,Indianapolis Colts,Jacksonville Jaguars,h2h,Indianapolis Colts,,185,0.35087719,draftkings|159dbf0253dd2038eda2212f84387f0c|h2h|event,0.33635187,https://api.the-odds-api.com/v4/sports/americanfootball_nfl
2026,1,159dbf0253dd2038eda2212f84387f0c,2026-11-01T18:00:00Z,DraftKings,2026-09-10T19:06:24Z,Indianapolis Colts,Jacksonville Jaguars,h2h,Jacksonville Jaguars,,-225,0.69230769,draftkings|159dbf0253dd2038eda2212f84387f0c|h2h|event,0.66364813,https://api.the-odds-api.com/v4/sports/americanfootball_nfl
2026,1,159dbf0253dd2038eda2212f84387f0c,2026-11-01T18:00:00Z,DraftKings,2026-09-10T19:06:24Z,Indianapolis Colts,Jacksonville Jaguars,spreads,Indianapolis Colts,4.5,-110,0.52380952,draftkings|159dbf0253dd2038eda2212f84387f0c|spreads|event,0.5,https://api.the-odds-api.com/v4/sports/americanfootball_nfl
2026,1,159dbf0253dd2038eda2212f84387f0c,2026-11-01T18:00:00Z,DraftKings,2026-09-10T19:06:24Z,Indianapolis Colts,Jacksonville Jaguars,spreads,Jacksonville Jaguars,-4.5,-110,0.52380952,draftkings|159dbf0253dd2038eda2212f84387f0c|spreads|event,0.5,https://api.the-odds-api.com/v4/sports/americanfootball_nfl
2026,1,159dbf0253dd2038eda2212f84387f0c,2026-11-01T18:00:00Z,DraftKings,2026-09-10T19:06:24Z,Indianapolis Colts,Jacksonville Jaguars,totals,Over,49.5,-110,0.52380952,draftkings|159dbf0253dd2038eda2212f84387f0c|totals|49.5,0.5,https://api.the-odds-api.com/v4/sports/americanfootball_nfl
2026,1,159dbf0253dd2038eda2212f84387f0c,2026-11-01T18:00:00Z,DraftKings,2026-09-10T19:06:24Z,Indianapolis Colts,Jacksonville Jaguars,totals,Under,49.5,-110,0.52380952,draftkings|159dbf0253dd2038eda2212f84387f0c|totals|49.5,0.5,https://api.the-odds-api.com/v4/sports/americanfootball_nfl
2026,1,159dbf0253dd2038eda2212f84387f0c,2026-11-01T18:00:00Z,BetUS,2026-09-10T19:06:58Z,Indianapolis Colts,Jacksonville Jaguars,spreads,Indianapolis Colts,4.5,-110,0.52380952,betus|159dbf0253dd2038eda2212f84387f0c|spreads|event,0.5,https://api.the-odds-api.com/v4/sports/americanfootball_nfl
2026,1,159dbf0253dd2038eda2212f84387f0c,2026-11-01T18:00:00Z,BetUS,2026-09-10T19:06:58Z,Indianapolis Colts,Jacksonville Jaguars,spreads,Jacksonville Jaguars,-4.5,-110,0.52380952,betus|159dbf0253dd2038eda2212f84387f0c|spreads|event,0.5,https://api.the-odds-api.com/v4/sports/americanfootball_nfl
2026,1,159dbf0253dd2038eda2212f84387f0c,2026-11-01T18:00:00Z,BetUS,2026-09-10T19:06:58Z,Indianapolis Colts,Jacksonville Jaguars,totals,Over,49.5,-110,0.52380952,betus|159dbf0253dd2038eda2212f84387f0c|totals|49.5,0.5,https://api.the-odds-api.com/v4/sports/americanfootball_nfl
2026,1,159dbf0253dd2038eda2212f84387f0c,2026-11-01T18:00:00Z,BetUS,2026-09-10T19:06:58Z,Indianapolis Colts,Jacksonville Jaguars,totals,Under,49.5,-110,0.52380952,betus|159dbf0253dd2038eda2212f84387f0c|totals|49.5,0.5,https://api.the-odds-api.com/v4/sports/americanfootball_nfl
2026,1,98f1b121b793977434c046e76c707145,2026-11-01T18:00:00Z,DraftKings,2026-09-10T19:06:24Z,Las Vegas Raiders,New York Jets,h2h,Las Vegas Raiders,,102,0.4950495,draftkings|98f1b121b793977434c046e76c707145|h2h|event,0.47391341,https://api.the-odds-api.com/v4/sports/americanfootball_nfl
2026,1,98f1b121b793977434c046e76c707145,2026-11-01T18:00:00Z,DraftKings,2026-09-10T19:06:24Z,Las Vegas Raiders,New York Jets,h2h,New York Jets,,-122,0.54954955,draftkings|98f1b121b793977434c046e76c707145|h2h|event,0.52608659,https://api.the-odds-api.com/v4/sports/americanfootball_nfl
2026,1,98f1b121b793977434c046e76c707145,2026-11-01T18:00:00Z,DraftKings,2026-09-10T19:06:24Z,Las Vegas Raiders,New York Jets,spreads,Las Vegas Raiders,1.5,-110,0.52380952,draftkings|98f1b121b793977434c046e76c707145|spreads|event,0.5,https://api.the-odds-api.com/v4/sports/americanfootball_nfl
2026,1,98f1b121b793977434c046e76c707145,2026-11-01T18:00:00Z,DraftKings,2026-09-10T19:06:24Z,Las Vegas Raiders,New York Jets,spreads,New York Jets,-1.5,-110,0.52380952,draftkings|98f1b121b793977434c046e76c707145|spreads|event,0.5,https://api.the-odds-api.com/v4/sports/americanfootball_nfl
2026,1,98f1b121b793977434c046e76c707145,2026-11-01T18:00:00Z,DraftKings,2026-09-10T19:06:24Z,Las Vegas Raiders,New York Jets,totals,Over,40.5,-110,0.52380952,draftkings|98f1b121b793977434c046e76c707145|totals|40.5,0.5,https://api.the-odds-api.com/v4/sports/americanfootball_nfl
2026,1,98f1b121b793977434c046e76c707145,2026-11-01T18:00:00Z,DraftKings,2026-09-10T19:06:24Z,Las Vegas Raiders,New York Jets,totals,Under,40.5,-110,0.52380952,draftkings|98f1b121b793977434c046e76c707145|totals|40.5,0.5,https://api.the-odds-api.com/v4/sports/americanfootball_nfl
2026,1,2ff84d3f6053d083c8c0a5bebf7cdd4c,2026-11-01T21:05:00Z,DraftKings,2026-09-10T19:06:24Z,Los Angeles Chargers,Los Angeles Rams,h2h,Los Angeles Chargers,,164,0.37878788,draftkings|2ff84d3f6053d083c8c0a5bebf7cdd4c|h2h|event,0.36309582,https://api.the-odds-api.com/v4/sports/americanfootball_nfl
2026,1,2ff84d3f6053d083c8c0a5bebf7cdd4c,2026-11-01T21:05:00Z,DraftKings,2026-09-10T19:06:24Z,Los Angeles Chargers,Los Angeles Rams,h2h,Los Angeles Rams,,-198,0.66442953,draftkings|2ff84d3f6053d083c8c0a5bebf7cdd4c|h2h|event,0.63690418,https://api.the-odds-api.com/v4/sports/americanfootball_nfl
2026,1,2ff84d3f6053d083c8c0a5bebf7cdd4c,2026-11-01T21:05:00Z,DraftKings,2026-09-10T19:06:24Z,Los Angeles Chargers,Los Angeles Rams,spreads,Los Angeles Chargers,4.5,-115,0.53488372,draftkings|2ff84d3f6053d083c8c0a5bebf7cdd4c|spreads|event,0.51083424,https://api.the-odds-api.com/v4/sports/americanfootball_nfl
2026,1,2ff84d3f6053d083c8c0a5bebf7cdd4c,2026-11-01T21:05:00Z,DraftKings,2026-09-10T19:06:24Z,Los Angeles Chargers,Los Angeles Rams,spreads,Los Angeles Rams,-4.5,-105,0.51219512,draftkings|2ff84d3f6053d083c8c0a5bebf7cdd4c|spreads|event,0.48916576,https://api.the-odds-api.com/v4/sports/americanfootball_nfl
2026,1,2ff84d3f6053d083c8c0a5bebf7cdd4c,2026-11-01T21:05:00Z,DraftKings,2026-09-10T19:06:24Z,Los Angeles Chargers,Los Angeles Rams,totals,Over,48.5,-110,0.52380952,draftkings|2ff84d3f6053d083c8c0a5bebf7cdd4c|totals|48.5,0.5,https://api.the-odds-api.com/v4/sports/americanfootball_nfl
2026,1,2ff84d3f6053d083c8c0a5bebf7cdd4c,2026-11-01T21:05:00Z,DraftKings,2026-09-10T19:06:24Z,Los Angeles Chargers,Los Angeles Rams,totals,Under,48.5,-110,0.52380952,draftkings|2ff84d3f6053d083c8c0a5bebf7cdd4c|totals|48.5,0.5,https://api.the-odds-api.com/v4/sports/americanfootball_nfl
2026,1,f2a036d5edf483a277880014861e78ad,2026-11-01T21:25:00Z,DraftKings,2026-09-10T19:06:24Z,Kansas City Chiefs,Denver Broncos,h2h,Denver Broncos,,-125,0.55555556,draftkings|f2a036d5edf483a277880014861e78ad|h2h|event,0.53246753,https://api.the-odds-api.com/v4/sports/americanfootball_nfl
2026,1,f2a036d5edf483a277880014861e78ad,2026-11-01T21:25:00Z,DraftKings,2026-09-10T19:06:24Z,Kansas City Chiefs,Denver Broncos,h2h,Kansas City Chiefs,,105,0.48780488,draftkings|f2a036d5edf483a277880014861e78ad|h2h|event,0.46753247,https://api.the-odds-api.com/v4/sports/americanfootball_nfl
2026,1,f2a036d5edf483a277880014861e78ad,2026-11-01T21:25:00Z,DraftKings,2026-09-10T19:06:24Z,Kansas City Chiefs,Denver Broncos,spreads,Denver Broncos,-1.5,-110,0.52380952,draftkings|f2a036d5edf483a277880014861e78ad|spreads|event,0.5,https://api.the-odds-api.com/v4/sports/americanfootball_nfl
2026,1,f2a036d5edf483a277880014861e78ad,2026-11-01T21:25:00Z,DraftKings,2026-09-10T19:06:24Z,Kansas City Chiefs,Denver Broncos,spreads,Kansas City Chiefs,1.5,-110,0.52380952,draftkings|f2a036d5edf483a277880014861e78ad|spreads|event,0.5,https://api.the-odds-api.com/v4/sports/americanfootball_nfl
2026,1,f2a036d5edf483a277880014861e78ad,2026-11-01T21:25:00Z,DraftKings,2026-09-10T19:06:24Z,Kansas City Chiefs,Denver Broncos,totals,Over,43.5,-110,0.52380952,draftkings|f2a036d5edf483a277880014861e78ad|totals|43.5,0.5,https://api.the-odds-api.com/v4/sports/americanfootball_nfl
2026,1,f2a036d5edf483a277880014861e78ad,2026-11-01T21:25:00Z,DraftKings,2026-09-10T19:06:24Z,Kansas City Chiefs,Denver Broncos,totals,Under,43.5,-110,0.52380952,draftkings|f2a036d5edf483a277880014861e78ad|totals|43.5,0.5,https://api.the-odds-api.com/v4/sports/americanfootball_nfl
2026,1,f2a036d5edf483a277880014861e78ad,2026-11-01T21:25:00Z,BetUS,2026-09-10T19:06:58Z,Kansas City Chiefs,Denver Broncos,spreads,Denver Broncos,-1.5,-105,0.51219512,betus|f2a036d5edf483a277880014861e78ad|spreads|event,0.48916576,https://api.the-odds-api.com/v4/sports/americanfootball_nfl
2026,1,f2a036d5edf483a277880014861e78ad,2026-11-01T21:25:00Z,BetUS,2026-09-10T19:06:58Z,Kansas City Chiefs,Denver Broncos,spreads,Kansas City Chiefs,1.5,-115,0.53488372,betus|f2a036d5edf483a277880014861e78ad|spreads|event,0.51083424,https://api.the-odds-api.com/v4/sports/americanfootball_nfl
2026,1,f2a036d5edf483a277880014861e78ad,2026-11-01T21:25:00Z,BetUS,2026-09-10T19:06:58Z,Kansas City Chiefs,Denver Broncos,totals,Over,43.5,-110,0.52380952,betus|f2a036d5edf483a277880014861e78ad|totals|43.5,0.5,https://api.the-odds-api.com/v4/sports/americanfootball_nfl
2026,1,f2a036d5edf483a277880014861e78ad,2026-11-01T21:25:00Z,BetUS,2026-09-10T19:06:58Z,Kansas City Chiefs,Denver Broncos,totals,Under,43.5,-110,0.52380952,betus|f2a036d5edf483a277880014861e78ad|totals|43.5,0.5,https://api.the-odds-api.com/v4/sports/americanfootball_nfl
2026,1,b9c60db63b1a19ad319f24b33c0defe8,2026-11-02T01:20:00Z,DraftKings,2026-09-10T19:06:24Z,Philadelphia Eagles,Washington Commanders,h2h,Philadelphia Eagles,,-125,0.55555556,draftkings|b9c60db63b1a19ad319f24b33c0defe8|h2h|event,0.53246753,https://api.the-odds-api.com/v4/sports/americanfootball_nfl
2026,1,b9c60db63b1a19ad319f24b33c0defe8,2026-11-02T01:20:00Z,DraftKings,2026-09-10T19:06:24Z,Philadelphia Eagles,Washington Commanders,h2h,Washington Commanders,,105,0.48780488,draftkings|b9c60db63b1a19ad319f24b33c0defe8|h2h|event,0.46753247,https://api.the-odds-api.com/v4/sports/americanfootball_nfl
2026,1,b9c60db63b1a19ad319f24b33c0defe8,2026-11-02T01:20:00Z,DraftKings,2026-09-10T19:06:24Z,Philadelphia Eagles,Washington Commanders,spreads,Philadelphia Eagles,-1.5,-110,0.52380952,draftkings|b9c60db63b1a19ad319f24b33c0defe8|spreads|event,0.5,https://api.the-odds-api.com/v4/sports/americanfootball_nfl
2026,1,b9c60db63b1a19ad319f24b33c0defe8,2026-11-02T01:20:00Z,DraftKings,2026-09-10T19:06:24Z,Philadelphia Eagles,Washington Commanders,spreads,Washington Commanders,1.5,-110,0.52380952,draftkings|b9c60db63b1a19ad319f24b33c0defe8|spreads|event,0.5,https://api.the-odds-api.com/v4/sports/americanfootball_nfl
2026,1,b9c60db63b1a19ad319f24b33c0defe8,2026-11-02T01:20:00Z,DraftKings,2026-09-10T19:06:24Z,Philadelphia Eagles,Washington Commanders,totals,Over,46.5,-110,0.52380952,draftkings|b9c60db63b1a19ad319f24b33c0defe8|totals|46.5,0.5,https://api.the-odds-api.com/v4/sports/americanfootball_nfl
2026,1,b9c60db63b1a19ad319f24b33c0defe8,2026-11-02T01:20:00Z,DraftKings,2026-09-10T19:06:24Z,Philadelphia Eagles,Washington Commanders,totals,Under,46.5,-110,0.52380952,draftkings|b9c60db63b1a19ad319f24b33c0defe8|totals|46.5,0.5,https://api.the-odds-api.com/v4/sports/americanfootball_nfl
2026,1,b9c60db63b1a19ad319f24b33c0defe8,2026-11-02T01:20:00Z,BetUS,2026-09-10T19:06:58Z,Philadelphia Eagles,Washington Commanders,spreads,Philadelphia Eagles,-2.5,-110,0.52380952,betus|b9c60db63b1a19ad319f24b33c0defe8|spreads|event,0.5,https://api.the-odds-api.com/v4/sports/americanfootball_nfl
2026,1,b9c60db63b1a19ad319f24b33c0defe8,2026-11-02T01:20:00Z,BetUS,2026-09-10T19:06:58Z,Philadelphia Eagles,Washington Commanders,spreads,Washington Commanders,2.5,-110,0.52380952,betus|b9c60db63b1a19ad319f24b33c0defe8|spreads|event,0.5,https://api.the-odds-api.com/v4/sports/americanfootball_nfl
2026,1,b9c60db63b1a19ad319f24b33c0defe8,2026-11-02T01:20:00Z,BetUS,2026-09-10T19:06:58Z,Philadelphia Eagles,Washington Commanders,totals,Over,46.5,-110,0.52380952,betus|b9c60db63b1a19ad319f24b33c0defe8|totals|46.5,0.5,https://api.the-odds-api.com/v4/sports/americanfootball_nfl
2026,1,b9c60db63b1a19ad319f24b33c0defe8,2026-11-02T01:20:00Z,BetUS,2026-09-10T19:06:58Z,Philadelphia Eagles,Washington Commanders,totals,Under,46.5,-110,0.52380952,betus|b9c60db63b1a19ad319f24b33c0defe8|totals|46.5,0.5,https://api.the-odds-api.com/v4/sports/americanfootball_nfl
2026,1,c75744790b7acf6260c78ba5e739c0e5,2026-11-06T01:15:00Z,DraftKings,2026-09-10T19:06:24Z,Jacksonville Jaguars,Baltimore Ravens,h2h,Baltimore Ravens,,-205,0.67213115,draftkings|c75744790b7acf6260c78ba5e739c0e5|h2h|event,0.64472918,https://api.the-odds-api.com/v4/sports/americanfootball_nfl
2026,1,c75744790b7acf6260c78ba5e739c0e5,2026-11-06T01:15:00Z,DraftKings,2026-09-10T19:06:24Z,Jacksonville Jaguars,Baltimore Ravens,h2h,Jacksonville Jaguars,,170,0.37037037,draftkings|c75744790b7acf6260c78ba5e739c0e5|h2h|event,0.35527082,https://api.the-odds-api.com/v4/sports/americanfootball_nfl
2026,1,c75744790b7acf6260c78ba5e739c0e5,2026-11-06T01:15:00Z,DraftKings,2026-09-10T19:06:24Z,Jacksonville Jaguars,Baltimore Ravens,spreads,Baltimore Ravens,-4.5,-110,0.52380952,draftkings|c75744790b7acf6260c78ba5e739c0e5|spreads|event,0.5,https://api.the-odds-api.com/v4/sports/americanfootball_nfl
2026,1,c75744790b7acf6260c78ba5e739c0e5,2026-11-06T01:15:00Z,DraftKings,2026-09-10T19:06:24Z,Jacksonville Jaguars,Baltimore Ravens,spreads,Jacksonville Jaguars,4.5,-110,0.52380952,draftkings|c75744790b7acf6260c78ba5e739c0e5|spreads|event,0.5,https://api.the-odds-api.com/v4/sports/americanfootball_nfl
2026,1,c75744790b7acf6260c78ba5e739c0e5,2026-11-06T01:15:00Z,DraftKings,2026-09-10T19:06:24Z,Jacksonville Jaguars,Baltimore Ravens,totals,Over,49.5,-110,0.52380952,draftkings|c75744790b7acf6260c78ba5e739c0e5|totals|49.5,0.5,https://api.the-odds-api.com/v4/sports/americanfootball_nfl
2026,1,c75744790b7acf6260c78ba5e739c0e5,2026-11-06T01:15:00Z,DraftKings,2026-09-10T19:06:24Z,Jacksonville Jaguars,Baltimore Ravens,totals,Under,49.5,-110,0.52380952,draftkings|c75744790b7acf6260c78ba5e739c0e5|totals|49.5,0.5,https://api.the-odds-api.com/v4/sports/americanfootball_nfl
2026,1,c75744790b7acf6260c78ba5e739c0e5,2026-11-06T01:15:00Z,BetUS,2026-09-10T19:06:58Z,Jacksonville Jaguars,Baltimore Ravens,spreads,Baltimore Ravens,-4.5,-110,0.52380952,betus|c75744790b7acf6260c78ba5e739c0e5|spreads|event,0.5,https://api.the-odds-api.com/v4/sports/americanfootball_nfl
2026,1,c75744790b7acf6260c78ba5e739c0e5,2026-11-06T01:15:00Z,BetUS,2026-09-10T19:06:58Z,Jacksonville Jaguars,Baltimore Ravens,spreads,Jacksonville Jaguars,4.5,-110,0.52380952,betus|c75744790b7acf6260c78ba5e739c0e5|spreads|event,0.5,https://api.the-odds-api.com/v4/sports/americanfootball_nfl
2026,1,c75744790b7acf6260c78ba5e739c0e5,2026-11-06T01:15:00Z,BetUS,2026-09-10T19:06:58Z,Jacksonville Jaguars,Baltimore Ravens,totals,Over,49.5,-110,0.52380952,betus|c75744790b7acf6260c78ba5e739c0e5|totals|49.5,0.5,https://api.the-odds-api.com/v4/sports/americanfootball_nfl
2026,1,c75744790b7acf6260c78ba5e739c0e5,2026-11-06T01:15:00Z,BetUS,2026-09-10T19:06:58Z,Jacksonville Jaguars,Baltimore Ravens,totals,Under,49.5,-110,0.52380952,betus|c75744790b7acf6260c78ba5e739c0e5|totals|49.5,0.5,https://api.the-odds-api.com/v4/sports/americanfootball_nfl
2026,1,dc56d980f527ffeef89940133b211b13,2026-11-08T14:30:00Z,DraftKings,2026-09-10T19:06:24Z,Cincinnati Bengals,Atlanta Falcons,h2h,Atlanta Falcons,,190,0.34482759,draftkings|dc56d980f527ffeef89940133b211b13|h2h|event,0.33099298,https://api.the-odds-api.com/v4/sports/americanfootball_nfl
2026,1,dc56d980f527ffeef89940133b211b13,2026-11-08T14:30:00Z,DraftKings,2026-09-10T19:06:24Z,Cincinnati Bengals,Atlanta Falcons,h2h,Cincinnati Bengals,,-230,0.6969697,draftkings|dc56d980f527ffeef89940133b211b13|h2h|event,0.66900702,https://api.the-odds-api.com/v4/sports/americanfootball_nfl
2026,1,dc56d980f527ffeef89940133b211b13,2026-11-08T14:30:00Z,DraftKings,2026-09-10T19:06:24Z,Cincinnati Bengals,Atlanta Falcons,spreads,Atlanta Falcons,5.5,-110,0.52380952,draftkings|dc56d980f527ffeef89940133b211b13|spreads|event,0.5,https://api.the-odds-api.com/v4/sports/americanfootball_nfl
2026,1,dc56d980f527ffeef89940133b211b13,2026-11-08T14:30:00Z,DraftKings,2026-09-10T19:06:24Z,Cincinnati Bengals,Atlanta Falcons,spreads,Cincinnati Bengals,-5.5,-110,0.52380952,draftkings|dc56d980f527ffeef89940133b211b13|spreads|event,0.5,https://api.the-odds-api.com/v4/sports/americanfootball_nfl
2026,1,dc56d980f527ffeef89940133b211b13,2026-11-08T14:30:00Z,DraftKings,2026-09-10T19:06:24Z,Cincinnati Bengals,Atlanta Falcons,totals,Over,49.5,-110,0.52380952,draftkings|dc56d980f527ffeef89940133b211b13|totals|49.5,0.5,https://api.the-odds-api.com/v4/sports/americanfootball_nfl
2026,1,dc56d980f527ffeef89940133b211b13,2026-11-08T14:30:00Z,DraftKings,2026-09-10T19:06:24Z,Cincinnati Bengals,Atlanta Falcons,totals,Under,49.5,-110,0.52380952,draftkings|dc56d980f527ffeef89940133b211b13|totals|49.5,0.5,https://api.the-odds-api.com/v4/sports/americanfootball_nfl
2026,1,dc56d980f527ffeef89940133b211b13,2026-11-08T14:30:00Z,BetUS,2026-09-10T19:06:58Z,Cincinnati Bengals,Atlanta Falcons,spreads,Atlanta Falcons,4.5,-105,0.51219512,betus|dc56d980f527ffeef89940133b211b13|spreads|event,0.48916576,https://api.the-odds-api.com/v4/sports/americanfootball_nfl
2026,1,dc56d980f527ffeef89940133b211b13,2026-11-08T14:30:00Z,BetUS,2026-09-10T19:06:58Z,Cincinnati Bengals,Atlanta Falcons,spreads,Cincinnati Bengals,-4.5,-115,0.53488372,betus|dc56d980f527ffeef89940133b211b13|spreads|event,0.51083424,https://api.the-odds-api.com/v4/sports/americanfootball_nfl
2026,1,dc56d980f527ffeef89940133b211b13,2026-11-08T14:30:00Z,BetUS,2026-09-10T19:06:58Z,Cincinnati Bengals,Atlanta Falcons,totals,Over,48.5,-110,0.52380952,betus|dc56d980f527ffeef89940133b211b13|totals|48.5,0.5,https://api.the-odds-api.com/v4/sports/americanfootball_nfl
2026,1,dc56d980f527ffeef89940133b211b13,2026-11-08T14:30:00Z,BetUS,2026-09-10T19:06:58Z,Cincinnati Bengals,Atlanta Falcons,totals,Under,48.5,-110,0.52380952,betus|dc56d980f527ffeef89940133b211b13|totals|48.5,0.5,https://api.the-odds-api.com/v4/sports/americanfootball_nfl
2026,1,014282b888c741b7d70c857c09f40aa7,2026-11-08T18:00:00Z,DraftKings,2026-09-10T19:06:24Z,Denver Broncos,Carolina Panthers,h2h,Carolina Panthers,,136,0.42372881,draftkings|014282b888c741b7d70c857c09f40aa7|h2h|event,0.40663024,https://api.the-odds-api.com/v4/sports/americanfootball_nfl
2026,1,014282b888c741b7d70c857c09f40aa7,2026-11-08T18:00:00Z,DraftKings,2026-09-10T19:06:24Z,Denver Broncos,Carolina Panthers,h2h,Denver Broncos,,-162,0.61832061,draftkings|014282b888c741b7d70c857c09f40aa7|h2h|event,0.59336976,https://api.the-odds-api.com/v4/sports/americanfootball_nfl
2026,1,014282b888c741b7d70c857c09f40aa7,2026-11-08T18:00:00Z,DraftKings,2026-09-10T19:06:24Z,Denver Broncos,Carolina Panthers,spreads,Carolina Panthers,3.0,-110,0.52380952,draftkings|014282b888c741b7d70c857c09f40aa7|spreads|event,0.5,https://api.the-odds-api.com/v4/sports/americanfootball_nfl
2026,1,014282b888c741b7d70c857c09f40aa7,2026-11-08T18:00:00Z,DraftKings,2026-09-10T19:06:24Z,Denver Broncos,Carolina Panthers,spreads,Denver Broncos,-3.0,-110,0.52380952,draftkings|014282b888c741b7d70c857c09f40aa7|spreads|event,0.5,https://api.the-odds-api.com/v4/sports/americanfootball_nfl
2026,1,014282b888c741b7d70c857c09f40aa7,2026-11-08T18:00:00Z,DraftKings,2026-09-10T19:06:24Z,Denver Broncos,Carolina Panthers,totals,Over,42.5,-110,0.52380952,draftkings|014282b888c741b7d70c857c09f40aa7|totals|42.5,0.5,https://api.the-odds-api.com/v4/sports/americanfootball_nfl
2026,1,014282b888c741b7d70c857c09f40aa7,2026-11-08T18:00:00Z,DraftKings,2026-09-10T19:06:24Z,Denver Broncos,Carolina Panthers,totals,Under,42.5,-110,0.52380952,draftkings|014282b888c741b7d70c857c09f40aa7|totals|42.5,0.5,https://api.the-odds-api.com/v4/sports/americanfootball_nfl
2026,1,014282b888c741b7d70c857c09f40aa7,2026-11-08T18:00:00Z,BetUS,2026-09-10T19:06:58Z,Denver Broncos,Carolina Panthers,spreads,Carolina Panthers,3.0,-110,0.52380952,betus|014282b888c741b7d70c857c09f40aa7|spreads|event,0.5,https://api.the-odds-api.com/v4/sports/americanfootball_nfl
2026,1,014282b888c741b7d70c857c09f40aa7,2026-11-08T18:00:00Z,BetUS,2026-09-10T19:06:58Z,Denver Broncos,Carolina Panthers,spreads,Denver Broncos,-3.0,-110,0.52380952,betus|014282b888c741b7d70c857c09f40aa7|spreads|event,0.5,https://api.the-odds-api.com/v4/sports/americanfootball_nfl
2026,1,014282b888c741b7d70c857c09f40aa7,2026-11-08T18:00:00Z,BetUS,2026-09-10T19:06:58Z,Denver Broncos,Carolina Panthers,totals,Over,42.5,-110,0.52380952,betus|014282b888c741b7d70c857c09f40aa7|totals|42.5,0.5,https://api.the-odds-api.com/v4/sports/americanfootball_nfl
2026,1,014282b888c741b7d70c857c09f40aa7,2026-11-08T18:00:00Z,BetUS,2026-09-10T19:06:58Z,Denver Broncos,Carolina Panthers,totals,Under,42.5,-110,0.52380952,betus|014282b888c741b7d70c857c09f40aa7|totals|42.5,0.5,https://api.the-odds-api.com/v4/sports/americanfootball_nfl
2026,1,e571bab6736f9338130a78a4f75c3231,2026-11-08T18:00:00Z,DraftKings,2026-09-10T19:06:24Z,Cleveland Browns,New Orleans Saints,h2h,Cleveland Browns,,160,0.38461538,draftkings|e571bab6736f9338130a78a4f75c3231|h2h|event,0.36905965,https://api.the-odds-api.com/v4/sports/americanfootball_nfl
2026,1,e571bab6736f9338130a78a4f75c3231,2026-11-08T18:00:00Z,DraftKings,2026-09-10T19:06:24Z,Cleveland Browns,New Orleans Saints,h2h,New Orleans Saints,,-192,0.65753425,draftkings|e571bab6736f9338130a78a4f75c3231|h2h|event,0.63094035,https://api.the-odds-api.com/v4/sports/americanfootball_nfl
2026,1,e571bab6736f9338130a78a4f75c3231,2026-11-08T18:00:00Z,DraftKings,2026-09-10T19:06:24Z,Cleveland Browns,New Orleans Saints,spreads,Cleveland Browns,3.5,-105,0.51219512,draftkings|e571bab6736f9338130a78a4f75c3231|spreads|event,0.48916576,https://api.the-odds-api.com/v4/sports/americanfootball_nfl
2026,1,e571bab6736f9338130a78a4f75c3231,2026-11-08T18:00:00Z,DraftKings,2026-09-10T19:06:24Z,Cleveland Browns,New Orleans Saints,spreads,New Orleans Saints,-3.5,-115,0.53488372,draftkings|e571bab6736f9338130a78a4f75c3231|spreads|event,0.51083424,https://api.the-odds-api.com/v4/sports/americanfootball_nfl
2026,1,e571bab6736f9338130a78a4f75c3231,2026-11-08T18:00:00Z,DraftKings,2026-09-10T19:06:24Z,Cleveland Browns,New Orleans Saints,totals,Over,41.5,-110,0.52380952,draftkings|e571bab6736f9338130a78a4f75c3231|totals|41.5,0.5,https://api.the-odds-api.com/v4/sports/americanfootball_nfl
2026,1,e571bab6736f9338130a78a4f75c3231,2026-11-08T18:00:00Z,DraftKings,2026-09-10T19:06:24Z,Cleveland Browns,New Orleans Saints,totals,Under,41.5,-110,0.52380952,draftkings|e571bab6736f9338130a78a4f75c3231|totals|41.5,0.5,https://api.the-odds-api.com/v4/sports/americanfootball_nfl
2026,1,415fc42e72888c63e82f7bce24c65391,2026-11-08T18:00:00Z,DraftKings,2026-09-10T19:06:24Z,Dallas Cowboys,Indianapolis Colts,h2h,Dallas Cowboys,,-125,0.55555556,draftkings|415fc42e72888c63e82f7bce24c65391|h2h|event,0.53246753,https://api.the-odds-api.com/v4/sports/americanfootball_nfl
2026,1,415fc42e72888c63e82f7bce24c65391,2026-11-08T18:00:00Z,DraftKings,2026-09-10T19:06:24Z,Dallas Cowboys,Indianapolis Colts,h2h,Indianapolis Colts,,105,0.48780488,draftkings|415fc42e72888c63e82f7bce24c65391|h2h|event,0.46753247,https://api.the-odds-api.com/v4/sports/americanfootball_nfl
2026,1,415fc42e72888c63e82f7bce24c65391,2026-11-08T18:00:00Z,DraftKings,2026-09-10T19:06:24Z,Dallas Cowboys,Indianapolis Colts,spreads,Dallas Cowboys,-1.5,-110,0.52380952,draftkings|415fc42e72888c63e82f7bce24c65391|spreads|event,0.5,https://api.the-odds-api.com/v4/sports/americanfootball_nfl
2026,1,415fc42e72888c63e82f7bce24c65391,2026-11-08T18:00:00Z,DraftKings,2026-09-10T19:06:24Z,Dallas Cowboys,Indianapolis Colts,spreads,Indianapolis Colts,1.5,-110,0.52380952,draftkings|415fc42e72888c63e82f7bce24c65391|spreads|event,0.5,https://api.the-odds-api.com/v4/sports/americanfootball_nfl
2026,1,415fc42e72888c63e82f7bce24c65391,2026-11-08T18:00:00Z,DraftKings,2026-09-10T19:06:24Z,Dallas Cowboys,Indianapolis Colts,totals,Over,52.5,-110,0.52380952,draftkings|415fc42e72888c63e82f7bce24c65391|totals|52.5,0.5,https://api.the-odds-api.com/v4/sports/americanfootball_nfl
2026,1,415fc42e72888c63e82f7bce24c65391,2026-11-08T18:00:00Z,DraftKings,2026-09-10T19:06:24Z,Dallas Cowboys,Indianapolis Colts,totals,Under,52.5,-110,0.52380952,draftkings|415fc42e72888c63e82f7bce24c65391|totals|52.5,0.5,https://api.the-odds-api.com/v4/sports/americanfootball_nfl
2026,1,415fc42e72888c63e82f7bce24c65391,2026-11-08T18:00:00Z,BetUS,2026-09-10T19:06:58Z,Dallas Cowboys,Indianapolis Colts,spreads,Dallas Cowboys,-1.5,-110,0.52380952,betus|415fc42e72888c63e82f7bce24c65391|spreads|event,0.5,https://api.the-odds-api.com/v4/sports/americanfootball_nfl
2026,1,415fc42e72888c63e82f7bce24c65391,2026-11-08T18:00:00Z,BetUS,2026-09-10T19:06:58Z,Dallas Cowboys,Indianapolis Colts,spreads,Indianapolis Colts,1.5,-110,0.52380952,betus|415fc42e72888c63e82f7bce24c65391|spreads|event,0.5,https://api.the-odds-api.com/v4/sports/americanfootball_nfl
2026,1,415fc42e72888c63e82f7bce24c65391,2026-11-08T18:00:00Z,BetUS,2026-09-10T19:06:58Z,Dallas Cowboys,Indianapolis Colts,totals,Over,52.5,-110,0.52380952,betus|415fc42e72888c63e82f7bce24c65391|totals|52.5,0.5,https://api.the-odds-api.com/v4/sports/americanfootball_nfl
2026,1,415fc42e72888c63e82f7bce24c65391,2026-11-08T18:00:00Z,BetUS,2026-09-10T19:06:58Z,Dallas Cowboys,Indianapolis Colts,totals,Under,52.5,-110,0.52380952,betus|415fc42e72888c63e82f7bce24c65391|totals|52.5,0.5,https://api.the-odds-api.com/v4/sports/americanfootball_nfl
2026,1,44d8c37868b700e90f816db7c5df5cdd,2026-11-08T18:00:00Z,DraftKings,2026-09-10T19:06:24Z,Detroit Lions,Miami Dolphins,h2h,Detroit Lions,,-278,0.73544974,draftkings|44d8c37868b700e90f816db7c5df5cdd|h2h|event,0.70503316,https://api.the-odds-api.com/v4/sports/americanfootball_nfl
2026,1,44d8c37868b700e90f816db7c5df5cdd,2026-11-08T18:00:00Z,DraftKings,2026-09-10T19:06:24Z,Detroit Lions,Miami Dolphins,h2h,Miami Dolphins,,225,0.30769231,draftkings|44d8c37868b700e90f816db7c5df5cdd|h2h|event,0.29496684,https://api.the-odds-api.com/v4/sports/americanfootball_nfl
2026,1,44d8c37868b700e90f816db7c5df5cdd,2026-11-08T18:00:00Z,DraftKings,2026-09-10T19:06:24Z,Detroit Lions,Miami Dolphins,spreads,Detroit Lions,-6.5,-110,0.52380952,draftkings|44d8c37868b700e90f816db7c5df5cdd|spreads|event,0.5,https://api.the-odds-api.com/v4/sports/americanfootball_nfl
2026,1,44d8c37868b700e90f816db7c5df5cdd,2026-11-08T18:00:00Z,DraftKings,2026-09-10T19:06:24Z,Detroit Lions,Miami Dolphins,spreads,Miami Dolphins,6.5,-110,0.52380952,draftkings|44d8c37868b700e90f816db7c5df5cdd|spreads|event,0.5,https://api.the-odds-api.com/v4/sports/americanfootball_nfl
2026,1,44d8c37868b700e90f816db7c5df5cdd,2026-11-08T18:00:00Z,DraftKings,2026-09-10T19:06:24Z,Detroit Lions,Miami Dolphins,totals,Over,47.5,-110,0.52380952,draftkings|44d8c37868b700e90f816db7c5df5cdd|totals|47.5,0.5,https://api.the-odds-api.com/v4/sports/americanfootball_nfl
2026,1,44d8c37868b700e90f816db7c5df5cdd,2026-11-08T18:00:00Z,DraftKings,2026-09-10T19:06:24Z,Detroit Lions,Miami Dolphins,totals,Under,47.5,-110,0.52380952,draftkings|44d8c37868b700e90f816db7c5df5cdd|totals|47.5,0.5,https://api.the-odds-api.com/v4/sports/americanfootball_nfl
2026,1,e354e6a04b1cb9c96e549b863debb92e,2026-11-08T18:00:00Z,DraftKings,2026-09-10T19:06:24Z,New York Jets,Kansas City Chiefs,h2h,Kansas City Chiefs,,-455,0.81981982,draftkings|e354e6a04b1cb9c96e549b863debb92e|h2h|event,0.78674352,https://api.the-odds-api.com/v4/sports/americanfootball_nfl
2026,1,e354e6a04b1cb9c96e549b863debb92e,2026-11-08T18:00:00Z,DraftKings,2026-09-10T19:06:24Z,New York Jets,Kansas City Chiefs,h2h,New York Jets,,350,0.22222222,draftkings|e354e6a04b1cb9c96e549b863debb92e|h2h|event,0.21325648,https://api.the-odds-api.com/v4/sports/americanfootball_nfl
2026,1,e354e6a04b1cb9c96e549b863debb92e,2026-11-08T18:00:00Z,DraftKings,2026-09-10T19:06:24Z,New York Jets,Kansas City Chiefs,spreads,Kansas City Chiefs,-9.5,-110,0.52380952,draftkings|e354e6a04b1cb9c96e549b863debb92e|spreads|event,0.5,https://api.the-odds-api.com/v4/sports/americanfootball_nfl
2026,1,e354e6a04b1cb9c96e549b863debb92e,2026-11-08T18:00:00Z,DraftKings,2026-09-10T19:06:24Z,New York Jets,Kansas City Chiefs,spreads,New York Jets,9.5,-110,0.52380952,draftkings|e354e6a04b1cb9c96e549b863debb92e|spreads|event,0.5,https://api.the-odds-api.com/v4/sports/americanfootball_nfl
2026,1,e354e6a04b1cb9c96e549b863debb92e,2026-11-08T18:00:00Z,DraftKings,2026-09-10T19:06:24Z,New York Jets,Kansas City Chiefs,totals,Over,41.5,-110,0.52380952,draftkings|e354e6a04b1cb9c96e549b863debb92e|totals|41.5,0.5,https://api.the-odds-api.com/v4/sports/americanfootball_nfl
2026,1,e354e6a04b1cb9c96e549b863debb92e,2026-11-08T18:00:00Z,DraftKings,2026-09-10T19:06:24Z,New York Jets,Kansas City Chiefs,totals,Under,41.5,-110,0.52380952,draftkings|e354e6a04b1cb9c96e549b863debb92e|totals|41.5,0.5,https://api.the-odds-api.com/v4/sports/americanfootball_nfl
2026,1,89de07377e0aa8ffaa2ae6a7dc0855cc,2026-11-08T18:00:00Z,DraftKings,2026-09-10T19:06:24Z,Los Angeles Rams,Washington Commanders,h2h,Los Angeles Rams,,-225,0.69230769,draftkings|89de07377e0aa8ffaa2ae6a7dc0855cc|h2h|event,0.66364813,https://api.the-odds-api.com/v4/sports/americanfootball_nfl
2026,1,89de07377e0aa8ffaa2ae6a7dc0855cc,2026-11-08T18:00:00Z,DraftKings,2026-09-10T19:06:24Z,Los Angeles Rams,Washington Commanders,h2h,Washington Commanders,,185,0.35087719,draftkings|89de07377e0aa8ffaa2ae6a7dc0855cc|h2h|event,0.33635187,https://api.the-odds-api.com/v4/sports/americanfootball_nfl
2026,1,89de07377e0aa8ffaa2ae6a7dc0855cc,2026-11-08T18:00:00Z,DraftKings,2026-09-10T19:06:24Z,Los Angeles Rams,Washington Commanders,spreads,Los Angeles Rams,-5.5,-105,0.51219512,draftkings|89de07377e0aa8ffaa2ae6a7dc0855cc|spreads|event,0.48916576,https://api.the-odds-api.com/v4/sports/americanfootball_nfl
2026,1,89de07377e0aa8ffaa2ae6a7dc0855cc,2026-11-08T18:00:00Z,DraftKings,2026-09-10T19:06:24Z,Los Angeles Rams,Washington Commanders,spreads,Washington Commanders,5.5,-115,0.53488372,draftkings|89de07377e0aa8ffaa2ae6a7dc0855cc|spreads|event,0.51083424,https://api.the-odds-api.com/v4/sports/americanfootball_nfl
2026,1,89de07377e0aa8ffaa2ae6a7dc0855cc,2026-11-08T18:00:00Z,DraftKings,2026-09-10T19:06:24Z,Los Angeles Rams,Washington Commanders,totals,Over,50.5,-110,0.52380952,draftkings|89de07377e0aa8ffaa2ae6a7dc0855cc|totals|50.5,0.5,https://api.the-odds-api.com/v4/sports/americanfootball_nfl
2026,1,89de07377e0aa8ffaa2ae6a7dc0855cc,2026-11-08T18:00:00Z,DraftKings,2026-09-10T19:06:24Z,Los Angeles Rams,Washington Commanders,totals,Under,50.5,-110,0.52380952,draftkings|89de07377e0aa8ffaa2ae6a7dc0855cc|totals|50.5,0.5,https://api.the-odds-api.com/v4/sports/americanfootball_nfl
2026,1,fe93e6ab1e553c0169936a0a983c324f,2026-11-08T18:00:00Z,DraftKings,2026-09-10T19:06:24Z,New York Giants,Philadelphia Eagles,h2h,New York Giants,,195,0.33898305,draftkings|fe93e6ab1e553c0169936a0a983c324f|h2h|event,0.32496875,https://api.the-odds-api.com/v4/sports/americanfootball_nfl
2026,1,fe93e6ab1e553c0169936a0a983c324f,2026-11-08T18:00:00Z,DraftKings,2026-09-10T19:06:24Z,New York Giants,Philadelphia Eagles,h2h,Philadelphia Eagles,,-238,0.70414201,draftkings|fe93e6ab1e553c0169936a0a983c324f|h2h|event,0.67503125,https://api.the-odds-api.com/v4/sports/americanfootball_nfl
2026,1,fe93e6ab1e553c0169936a0a983c324f,2026-11-08T18:00:00Z,DraftKings,2026-09-10T19:06:24Z,New York Giants,Philadelphia Eagles,spreads,New York Giants,5.5,-110,0.52380952,draftkings|fe93e6ab1e553c0169936a0a983c324f|spreads|event,0.5,https://api.the-odds-api.com/v4/sports/americanfootball_nfl
2026,1,fe93e6ab1e553c0169936a0a983c324f,2026-11-08T18:00:00Z,DraftKings,2026-09-10T19:06:24Z,New York Giants,Philadelphia Eagles,spreads,Philadelphia Eagles,-5.5,-110,0.52380952,draftkings|fe93e6ab1e553c0169936a0a983c324f|spreads|event,0.5,https://api.the-odds-api.com/v4/sports/americanfootball_nfl
2026,1,fe93e6ab1e553c0169936a0a983c324f,2026-11-08T18:00:00Z,DraftKings,2026-09-10T19:06:24Z,New York Giants,Philadelphia Eagles,totals,Over,44.5,-110,0.52380952,draftkings|fe93e6ab1e553c0169936a0a983c324f|totals|44.5,0.5,https://api.the-odds-api.com/v4/sports/americanfootball_nfl
2026,1,fe93e6ab1e553c0169936a0a983c324f,2026-11-08T18:00:00Z,DraftKings,2026-09-10T19:06:24Z,New York Giants,Philadelphia Eagles,totals,Under,44.5,-110,0.52380952,draftkings|fe93e6ab1e553c0169936a0a983c324f|totals|44.5,0.5,https://api.the-odds-api.com/v4/sports/americanfootball_nfl
2026,1,fe93e6ab1e553c0169936a0a983c324f,2026-11-08T18:00:00Z,BetUS,2026-09-10T19:06:58Z,New York Giants,Philadelphia Eagles,spreads,New York Giants,5.5,-110,0.52380952,betus|fe93e6ab1e553c0169936a0a983c324f|spreads|event,0.5,https://api.the-odds-api.com/v4/sports/americanfootball_nfl
2026,1,fe93e6ab1e553c0169936a0a983c324f,2026-11-08T18:00:00Z,BetUS,2026-09-10T19:06:58Z,New York Giants,Philadelphia Eagles,spreads,Philadelphia Eagles,-5.5,-110,0.52380952,betus|fe93e6ab1e553c0169936a0a983c324f|spreads|event,0.5,https://api.the-odds-api.com/v4/sports/americanfootball_nfl
2026,1,fe93e6ab1e553c0169936a0a983c324f,2026-11-08T18:00:00Z,BetUS,2026-09-10T19:06:58Z,New York Giants,Philadelphia Eagles,totals,Over,44.5,-110,0.52380952,betus|fe93e6ab1e553c0169936a0a983c324f|totals|44.5,0.5,https://api.the-odds-api.com/v4/sports/americanfootball_nfl
2026,1,fe93e6ab1e553c0169936a0a983c324f,2026-11-08T18:00:00Z,BetUS,2026-09-10T19:06:58Z,New York Giants,Philadelphia Eagles,totals,Under,44.5,-110,0.52380952,betus|fe93e6ab1e553c0169936a0a983c324f|totals|44.5,0.5,https://api.the-odds-api.com/v4/sports/americanfootball_nfl
2026,1,39aeac43cea7b12558b91cdab1255a10,2026-11-08T21:05:00Z,DraftKings,2026-09-10T19:06:24Z,Houston Texans,Los Angeles Chargers,h2h,Houston Texans,,114,0.46728972,draftkings|39aeac43cea7b12558b91cdab1255a10|h2h|event,0.44855888,https://api.the-odds-api.com/v4/sports/americanfootball_nfl
2026,1,39aeac43cea7b12558b91cdab1255a10,2026-11-08T21:05:00Z,DraftKings,2026-09-10T19:06:24Z,Houston Texans,Los Angeles Chargers,h2h,Los Angeles Chargers,,-135,0.57446809,draftkings|39aeac43cea7b12558b91cdab1255a10|h2h|event,0.55144112,https://api.the-odds-api.com/v4/sports/americanfootball_nfl
2026,1,39aeac43cea7b12558b91cdab1255a10,2026-11-08T21:05:00Z,DraftKings,2026-09-10T19:06:24Z,Houston Texans,Los Angeles Chargers,spreads,Houston Texans,2.5,-110,0.52380952,draftkings|39aeac43cea7b12558b91cdab1255a10|spreads|event,0.5,https://api.the-odds-api.com/v4/sports/americanfootball_nfl
2026,1,39aeac43cea7b12558b91cdab1255a10,2026-11-08T21:05:00Z,DraftKings,2026-09-10T19:06:24Z,Houston Texans,Los Angeles Chargers,spreads,Los Angeles Chargers,-2.5,-110,0.52380952,draftkings|39aeac43cea7b12558b91cdab1255a10|spreads|event,0.5,https://api.the-odds-api.com/v4/sports/americanfootball_nfl
2026,1,39aeac43cea7b12558b91cdab1255a10,2026-11-08T21:05:00Z,DraftKings,2026-09-10T19:06:24Z,Houston Texans,Los Angeles Chargers,totals,Over,43.5,-110,0.52380952,draftkings|39aeac43cea7b12558b91cdab1255a10|totals|43.5,0.5,https://api.the-odds-api.com/v4/sports/americanfootball_nfl
2026,1,39aeac43cea7b12558b91cdab1255a10,2026-11-08T21:05:00Z,DraftKings,2026-09-10T19:06:24Z,Houston Texans,Los Angeles Chargers,totals,Under,43.5,-110,0.52380952,draftkings|39aeac43cea7b12558b91cdab1255a10|totals|43.5,0.5,https://api.the-odds-api.com/v4/sports/americanfootball_nfl
2026,1,39aeac43cea7b12558b91cdab1255a10,2026-11-08T21:05:00Z,BetUS,2026-09-10T19:06:58Z,Houston Texans,Los Angeles Chargers,spreads,Houston Texans,1.5,-105,0.51219512,betus|39aeac43cea7b12558b91cdab1255a10|spreads|event,0.48916576,https://api.the-odds-api.com/v4/sports/americanfootball_nfl
2026,1,39aeac43cea7b12558b91cdab1255a10,2026-11-08T21:05:00Z,BetUS,2026-09-10T19:06:58Z,Houston Texans,Los Angeles Chargers,spreads,Los Angeles Chargers,-1.5,-115,0.53488372,betus|39aeac43cea7b12558b91cdab1255a10|spreads|event,0.51083424,https://api.the-odds-api.com/v4/sports/americanfootball_nfl
2026,1,39aeac43cea7b12558b91cdab1255a10,2026-11-08T21:05:00Z,BetUS,2026-09-10T19:06:58Z,Houston Texans,Los Angeles Chargers,totals,Over,43.5,-110,0.52380952,betus|39aeac43cea7b12558b91cdab1255a10|totals|43.5,0.5,https://api.the-odds-api.com/v4/sports/americanfootball_nfl
2026,1,39aeac43cea7b12558b91cdab1255a10,2026-11-08T21:05:00Z,BetUS,2026-09-10T19:06:58Z,Houston Texans,Los Angeles Chargers,totals,Under,43.5,-110,0.52380952,betus|39aeac43cea7b12558b91cdab1255a10|totals|43.5,0.5,https://api.the-odds-api.com/v4/sports/americanfootball_nfl
2026,1,ac9d38a18d5c92814233a31aa9a48d78,2026-11-08T21:05:00Z,DraftKings,2026-09-10T19:06:24Z,Las Vegas Raiders,San Francisco 49ers,h2h,Las Vegas Raiders,,330,0.23255814,draftkings|ac9d38a18d5c92814233a31aa9a48d78|h2h|event,0.22316684,https://api.the-odds-api.com/v4/sports/americanfootball_nfl
2026,1,ac9d38a18d5c92814233a31aa9a48d78,2026-11-08T21:05:00Z,DraftKings,2026-09-10T19:06:24Z,Las Vegas Raiders,San Francisco 49ers,h2h,San Francisco 49ers,,-425,0.80952381,draftkings|ac9d38a18d5c92814233a31aa9a48d78|h2h|event,0.77683316,https://api.the-odds-api.com/v4/sports/americanfootball_nfl
2026,1,ac9d38a18d5c92814233a31aa9a48d78,2026-11-08T21:05:00Z,DraftKings,2026-09-10T19:06:24Z,Las Vegas Raiders,San Francisco 49ers,spreads,Las Vegas Raiders,8.5,-110,0.52380952,draftkings|ac9d38a18d5c92814233a31aa9a48d78|spreads|event,0.5,https://api.the-odds-api.com/v4/sports/americanfootball_nfl
2026,1,ac9d38a18d5c92814233a31aa9a48d78,2026-11-08T21:05:00Z,DraftKings,2026-09-10T19:06:24Z,Las Vegas Raiders,San Francisco 49ers,spreads,San Francisco 49ers,-8.5,-110,0.52380952,draftkings|ac9d38a18d5c92814233a31aa9a48d78|spreads|event,0.5,https://api.the-odds-api.com/v4/sports/americanfootball_nfl
2026,1,ac9d38a18d5c92814233a31aa9a48d78,2026-11-08T21:05:00Z,DraftKings,2026-09-10T19:06:24Z,Las Vegas Raiders,San Francisco 49ers,totals,Over,46.5,-110,0.52380952,draftkings|ac9d38a18d5c92814233a31aa9a48d78|totals|46.5,0.5,https://api.the-odds-api.com/v4/sports/americanfootball_nfl
2026,1,ac9d38a18d5c92814233a31aa9a48d78,2026-11-08T21:05:00Z,DraftKings,2026-09-10T19:06:24Z,Las Vegas Raiders,San Francisco 49ers,totals,Under,46.5,-110,0.52380952,draftkings|ac9d38a18d5c92814233a31aa9a48d78|totals|46.5,0.5,https://api.the-odds-api.com/v4/sports/americanfootball_nfl
2026,1,9760d8f19f84bfee300a74ceb656c95d,2026-11-09T01:20:00Z,DraftKings,2026-09-10T19:06:24Z,Tampa Bay Buccaneers,Chicago Bears,h2h,Chicago Bears,,-192,0.65753425,draftkings|9760d8f19f84bfee300a74ceb656c95d|h2h|event,0.63094035,https://api.the-odds-api.com/v4/sports/americanfootball_nfl
2026,1,9760d8f19f84bfee300a74ceb656c95d,2026-11-09T01:20:00Z,DraftKings,2026-09-10T19:06:24Z,Tampa Bay Buccaneers,Chicago Bears,h2h,Tampa Bay Buccaneers,,160,0.38461538,draftkings|9760d8f19f84bfee300a74ceb656c95d|h2h|event,0.36905965,https://api.the-odds-api.com/v4/sports/americanfootball_nfl
2026,1,9760d8f19f84bfee300a74ceb656c95d,2026-11-09T01:20:00Z,DraftKings,2026-09-10T19:06:24Z,Tampa Bay Buccaneers,Chicago Bears,spreads,Chicago Bears,-3.5,-110,0.52380952,draftkings|9760d8f19f84bfee300a74ceb656c95d|spreads|event,0.5,https://api.the-odds-api.com/v4/sports/americanfootball_nfl
2026,1,9760d8f19f84bfee300a74ceb656c95d,2026-11-09T01:20:00Z,DraftKings,2026-09-10T19:06:24Z,Tampa Bay Buccaneers,Chicago Bears,spreads,Tampa Bay Buccaneers,3.5,-110,0.52380952,draftkings|9760d8f19f84bfee300a74ceb656c95d|spreads|event,0.5,https://api.the-odds-api.com/v4/sports/americanfootball_nfl
2026,1,9760d8f19f84bfee300a74ceb656c95d,2026-11-09T01:20:00Z,DraftKings,2026-09-10T19:06:24Z,Tampa Bay Buccaneers,Chicago Bears,totals,Over,48.5,-110,0.52380952,draftkings|9760d8f19f84bfee300a74ceb656c95d|totals|48.5,0.5,https://api.the-odds-api.com/v4/sports/americanfootball_nfl
2026,1,9760d8f19f84bfee300a74ceb656c95d,2026-11-09T01:20:00Z,DraftKings,2026-09-10T19:06:24Z,Tampa Bay Buccaneers,Chicago Bears,totals,Under,48.5,-110,0.52380952,draftkings|9760d8f19f84bfee300a74ceb656c95d|totals|48.5,0.5,https://api.the-odds-api.com/v4/sports/americanfootball_nfl
2026,1,17ad7eff2f7875e20a8109abe40470e3,2026-11-10T01:15:00Z,DraftKings,2026-09-10T19:06:24Z,Buffalo Bills,Minnesota Vikings,h2h,Buffalo Bills,,-170,0.62962963,draftkings|17ad7eff2f7875e20a8109abe40470e3|h2h|event,0.60375697,https://api.the-odds-api.com/v4/sports/americanfootball_nfl
2026,1,17ad7eff2f7875e20a8109abe40470e3,2026-11-10T01:15:00Z,DraftKings,2026-09-10T19:06:24Z,Buffalo Bills,Minnesota Vikings,h2h,Minnesota Vikings,,142,0.41322314,draftkings|17ad7eff2f7875e20a8109abe40470e3|h2h|event,0.39624303,https://api.the-odds-api.com/v4/sports/americanfootball_nfl
2026,1,17ad7eff2f7875e20a8109abe40470e3,2026-11-10T01:15:00Z,DraftKings,2026-09-10T19:06:24Z,Buffalo Bills,Minnesota Vikings,spreads,Buffalo Bills,-3.0,-110,0.52380952,draftkings|17ad7eff2f7875e20a8109abe40470e3|spreads|event,0.5,https://api.the-odds-api.com/v4/sports/americanfootball_nfl
2026,1,17ad7eff2f7875e20a8109abe40470e3,2026-11-10T01:15:00Z,DraftKings,2026-09-10T19:06:24Z,Buffalo Bills,Minnesota Vikings,spreads,Minnesota Vikings,3.0,-110,0.52380952,draftkings|17ad7eff2f7875e20a8109abe40470e3|spreads|event,0.5,https://api.the-odds-api.com/v4/sports/americanfootball_nfl
2026,1,17ad7eff2f7875e20a8109abe40470e3,2026-11-10T01:15:00Z,DraftKings,2026-09-10T19:06:24Z,Buffalo Bills,Minnesota Vikings,totals,Over,48.5,-110,0.52380952,draftkings|17ad7eff2f7875e20a8109abe40470e3|totals|48.5,0.5,https://api.the-odds-api.com/v4/sports/americanfootball_nfl
2026,1,17ad7eff2f7875e20a8109abe40470e3,2026-11-10T01:15:00Z,DraftKings,2026-09-10T19:06:24Z,Buffalo Bills,Minnesota Vikings,totals,Under,48.5,-110,0.52380952,draftkings|17ad7eff2f7875e20a8109abe40470e3|totals|48.5,0.5,https://api.the-odds-api.com/v4/sports/americanfootball_nfl
2026,1,74d39e19225caf211ad2c8eb4110179f,2026-11-13T01:15:00Z,DraftKings,2026-09-10T19:06:24Z,Washington Commanders,New York Giants,h2h,New York Giants,,-125,0.55555556,draftkings|74d39e19225caf211ad2c8eb4110179f|h2h|event,0.53246753,https://api.the-odds-api.com/v4/sports/americanfootball_nfl
2026,1,74d39e19225caf211ad2c8eb4110179f,2026-11-13T01:15:00Z,DraftKings,2026-09-10T19:06:24Z,Washington Commanders,New York Giants,h2h,Washington Commanders,,105,0.48780488,draftkings|74d39e19225caf211ad2c8eb4110179f|h2h|event,0.46753247,https://api.the-odds-api.com/v4/sports/americanfootball_nfl
2026,1,74d39e19225caf211ad2c8eb4110179f,2026-11-13T01:15:00Z,DraftKings,2026-09-10T19:06:24Z,Washington Commanders,New York Giants,spreads,New York Giants,-1.5,-110,0.52380952,draftkings|74d39e19225caf211ad2c8eb4110179f|spreads|event,0.5,https://api.the-odds-api.com/v4/sports/americanfootball_nfl
2026,1,74d39e19225caf211ad2c8eb4110179f,2026-11-13T01:15:00Z,DraftKings,2026-09-10T19:06:24Z,Washington Commanders,New York Giants,spreads,Washington Commanders,1.5,-110,0.52380952,draftkings|74d39e19225caf211ad2c8eb4110179f|spreads|event,0.5,https://api.the-odds-api.com/v4/sports/americanfootball_nfl
2026,1,74d39e19225caf211ad2c8eb4110179f,2026-11-13T01:15:00Z,DraftKings,2026-09-10T19:06:24Z,Washington Commanders,New York Giants,totals,Over,47.5,-110,0.52380952,draftkings|74d39e19225caf211ad2c8eb4110179f|totals|47.5,0.5,https://api.the-odds-api.com/v4/sports/americanfootball_nfl
2026,1,74d39e19225caf211ad2c8eb4110179f,2026-11-13T01:15:00Z,DraftKings,2026-09-10T19:06:24Z,Washington Commanders,New York Giants,totals,Under,47.5,-110,0.52380952,draftkings|74d39e19225caf211ad2c8eb4110179f|totals|47.5,0.5,https://api.the-odds-api.com/v4/sports/americanfootball_nfl
2026,1,3c71d515b726f1096aabb435badb83fd,2026-11-15T18:00:00Z,DraftKings,2026-09-10T19:06:24Z,Kansas City Chiefs,Atlanta Falcons,h2h,Atlanta Falcons,,185,0.35087719,draftkings|3c71d515b726f1096aabb435badb83fd|h2h|event,0.33635187,https://api.the-odds-api.com/v4/sports/americanfootball_nfl
2026,1,3c71d515b726f1096aabb435badb83fd,2026-11-15T18:00:00Z,DraftKings,2026-09-10T19:06:24Z,Kansas City Chiefs,Atlanta Falcons,h2h,Kansas City Chiefs,,-225,0.69230769,draftkings|3c71d515b726f1096aabb435badb83fd|h2h|event,0.66364813,https://api.the-odds-api.com/v4/sports/americanfootball_nfl
2026,1,3c71d515b726f1096aabb435badb83fd,2026-11-15T18:00:00Z,DraftKings,2026-09-10T19:06:24Z,Kansas City Chiefs,Atlanta Falcons,spreads,Atlanta Falcons,4.5,-110,0.52380952,draftkings|3c71d515b726f1096aabb435badb83fd|spreads|event,0.5,https://api.the-odds-api.com/v4/sports/americanfootball_nfl
2026,1,3c71d515b726f1096aabb435badb83fd,2026-11-15T18:00:00Z,DraftKings,2026-09-10T19:06:24Z,Kansas City Chiefs,Atlanta Falcons,spreads,Kansas City Chiefs,-4.5,-110,0.52380952,draftkings|3c71d515b726f1096aabb435badb83fd|spreads|event,0.5,https://api.the-odds-api.com/v4/sports/americanfootball_nfl
2026,1,3c71d515b726f1096aabb435badb83fd,2026-11-15T18:00:00Z,DraftKings,2026-09-10T19:06:24Z,Kansas City Chiefs,Atlanta Falcons,totals,Over,45.5,-110,0.52380952,draftkings|3c71d515b726f1096aabb435badb83fd|totals|45.5,0.5,https://api.the-odds-api.com/v4/sports/americanfootball_nfl
2026,1,3c71d515b726f1096aabb435badb83fd,2026-11-15T18:00:00Z,DraftKings,2026-09-10T19:06:24Z,Kansas City Chiefs,Atlanta Falcons,totals,Under,45.5,-110,0.52380952,draftkings|3c71d515b726f1096aabb435badb83fd|totals|45.5,0.5,https://api.the-odds-api.com/v4/sports/americanfootball_nfl
2026,1,1057d50949844ddf483da9c8c20354be,2026-11-15T18:00:00Z,DraftKings,2026-09-10T19:06:24Z,Buffalo Bills,New York Jets,h2h,Buffalo Bills,,-340,0.77272727,draftkings|1057d50949844ddf483da9c8c20354be|h2h|event,0.74087161,https://api.the-odds-api.com/v4/sports/americanfootball_nfl
2026,1,1057d50949844ddf483da9c8c20354be,2026-11-15T18:00:00Z,DraftKings,2026-09-10T19:06:24Z,Buffalo Bills,New York Jets,h2h,New York Jets,,270,0.27027027,draftkings|1057d50949844ddf483da9c8c20354be|h2h|event,0.25912839,https://api.the-odds-api.com/v4/sports/americanfootball_nfl
2026,1,1057d50949844ddf483da9c8c20354be,2026-11-15T18:00:00Z,DraftKings,2026-09-10T19:06:24Z,Buffalo Bills,New York Jets,spreads,Buffalo Bills,-7.0,-115,0.53488372,draftkings|1057d50949844ddf483da9c8c20354be|spreads|event,0.51083424,https://api.the-odds-api.com/v4/sports/americanfootball_nfl
2026,1,1057d50949844ddf483da9c8c20354be,2026-11-15T18:00:00Z,DraftKings,2026-09-10T19:06:24Z,Buffalo Bills,New York Jets,spreads,New York Jets,7.0,-105,0.51219512,draftkings|1057d50949844ddf483da9c8c20354be|spreads|event,0.48916576,https://api.the-odds-api.com/v4/sports/americanfootball_nfl
2026,1,1057d50949844ddf483da9c8c20354be,2026-11-15T18:00:00Z,DraftKings,2026-09-10T19:06:24Z,Buffalo Bills,New York Jets,totals,Over,46.5,-110,0.52380952,draftkings|1057d50949844ddf483da9c8c20354be|totals|46.5,0.5,https://api.the-odds-api.com/v4/sports/americanfootball_nfl
2026,1,1057d50949844ddf483da9c8c20354be,2026-11-15T18:00:00Z,DraftKings,2026-09-10T19:06:24Z,Buffalo Bills,New York Jets,totals,Under,46.5,-110,0.52380952,draftkings|1057d50949844ddf483da9c8c20354be|totals|46.5,0.5,https://api.the-odds-api.com/v4/sports/americanfootball_nfl
2026,1,e5aa20e1364dd639f042af1c2281bbe2,2026-11-15T18:00:00Z,DraftKings,2026-09-10T19:06:24Z,Carolina Panthers,New Orleans Saints,h2h,Carolina Panthers,,-102,0.5049505,draftkings|e5aa20e1364dd639f042af1c2281bbe2|h2h|event,0.48263588,https://api.the-odds-api.com/v4/sports/americanfootball_nfl
2026,1,e5aa20e1364dd639f042af1c2281bbe2,2026-11-15T18:00:00Z,DraftKings,2026-09-10T19:06:24Z,Carolina Panthers,New Orleans Saints,h2h,New Orleans Saints,,-118,0.5412844,draftkings|e5aa20e1364dd639f042af1c2281bbe2|h2h|event,0.51736412,https://api.the-odds-api.com/v4/sports/americanfootball_nfl
2026,1,e5aa20e1364dd639f042af1c2281bbe2,2026-11-15T18:00:00Z,DraftKings,2026-09-10T19:06:24Z,Carolina Panthers,New Orleans Saints,spreads,Carolina Panthers,1.5,-115,0.53488372,draftkings|e5aa20e1364dd639f042af1c2281bbe2|spreads|event,0.51083424,https://api.the-odds-api.com/v4/sports/americanfootball_nfl
2026,1,e5aa20e1364dd639f042af1c2281bbe2,2026-11-15T18:00:00Z,DraftKings,2026-09-10T19:06:24Z,Carolina Panthers,New Orleans Saints,spreads,New Orleans Saints,-1.5,-105,0.51219512,draftkings|e5aa20e1364dd639f042af1c2281bbe2|spreads|event,0.48916576,https://api.the-odds-api.com/v4/sports/americanfootball_nfl
2026,1,e5aa20e1364dd639f042af1c2281bbe2,2026-11-15T18:00:00Z,DraftKings,2026-09-10T19:06:24Z,Carolina Panthers,New Orleans Saints,totals,Over,43.5,-110,0.52380952,draftkings|e5aa20e1364dd639f042af1c2281bbe2|totals|43.5,0.5,https://api.the-odds-api.com/v4/sports/americanfootball_nfl
2026,1,e5aa20e1364dd639f042af1c2281bbe2,2026-11-15T18:00:00Z,DraftKings,2026-09-10T19:06:24Z,Carolina Panthers,New Orleans Saints,totals,Under,43.5,-110,0.52380952,draftkings|e5aa20e1364dd639f042af1c2281bbe2|totals|43.5,0.5,https://api.the-odds-api.com/v4/sports/americanfootball_nfl
2026,1,e5aa20e1364dd639f042af1c2281bbe2,2026-11-15T18:00:00Z,BetUS,2026-09-10T19:06:57Z,Carolina Panthers,New Orleans Saints,spreads,Carolina Panthers,1.5,-110,0.52380952,betus|e5aa20e1364dd639f042af1c2281bbe2|spreads|event,0.5,https://api.the-odds-api.com/v4/sports/americanfootball_nfl
2026,1,e5aa20e1364dd639f042af1c2281bbe2,2026-11-15T18:00:00Z,BetUS,2026-09-10T19:06:57Z,Carolina Panthers,New Orleans Saints,spreads,New Orleans Saints,-1.5,-110,0.52380952,betus|e5aa20e1364dd639f042af1c2281bbe2|spreads|event,0.5,https://api.the-odds-api.com/v4/sports/americanfootball_nfl
2026,1,e5aa20e1364dd639f042af1c2281bbe2,2026-11-15T18:00:00Z,BetUS,2026-09-10T19:06:57Z,Carolina Panthers,New Orleans Saints,totals,Over,43.5,-110,0.52380952,betus|e5aa20e1364dd639f042af1c2281bbe2|totals|43.5,0.5,https://api.the-odds-api.com/v4/sports/americanfootball_nfl
2026,1,e5aa20e1364dd639f042af1c2281bbe2,2026-11-15T18:00:00Z,BetUS,2026-09-10T19:06:57Z,Carolina Panthers,New Orleans Saints,totals,Under,43.5,-110,0.52380952,betus|e5aa20e1364dd639f042af1c2281bbe2|totals|43.5,0.5,https://api.the-odds-api.com/v4/sports/americanfootball_nfl
2026,1,be0e03cc42fbc9b6962467b22c7bf9dd,2026-11-15T18:00:00Z,DraftKings,2026-09-10T19:06:24Z,Houston Texans,Cleveland Browns,h2h,Cleveland Browns,,170,0.37037037,draftkings|be0e03cc42fbc9b6962467b22c7bf9dd|h2h|event,0.35527082,https://api.the-odds-api.com/v4/sports/americanfootball_nfl
2026,1,be0e03cc42fbc9b6962467b22c7bf9dd,2026-11-15T18:00:00Z,DraftKings,2026-09-10T19:06:24Z,Houston Texans,Cleveland Browns,h2h,Houston Texans,,-205,0.67213115,draftkings|be0e03cc42fbc9b6962467b22c7bf9dd|h2h|event,0.64472918,https://api.the-odds-api.com/v4/sports/americanfootball_nfl
2026,1,be0e03cc42fbc9b6962467b22c7bf9dd,2026-11-15T18:00:00Z,DraftKings,2026-09-10T19:06:24Z,Houston Texans,Cleveland Browns,spreads,Cleveland Browns,4.5,-110,0.52380952,draftkings|be0e03cc42fbc9b6962467b22c7bf9dd|spreads|event,0.5,https://api.the-odds-api.com/v4/sports/americanfootball_nfl
2026,1,be0e03cc42fbc9b6962467b22c7bf9dd,2026-11-15T18:00:00Z,DraftKings,2026-09-10T19:06:24Z,Houston Texans,Cleveland Browns,spreads,Houston Texans,-4.5,-110,0.52380952,draftkings|be0e03cc42fbc9b6962467b22c7bf9dd|spreads|event,0.5,https://api.the-odds-api.com/v4/sports/americanfootball_nfl
2026,1,be0e03cc42fbc9b6962467b22c7bf9dd,2026-11-15T18:00:00Z,DraftKings,2026-09-10T19:06:24Z,Houston Texans,Cleveland Browns,totals,Over,38.5,-110,0.52380952,draftkings|be0e03cc42fbc9b6962467b22c7bf9dd|totals|38.5,0.5,https://api.the-odds-api.com/v4/sports/americanfootball_nfl
2026,1,be0e03cc42fbc9b6962467b22c7bf9dd,2026-11-15T18:00:00Z,DraftKings,2026-09-10T19:06:24Z,Houston Texans,Cleveland Browns,totals,Under,38.5,-110,0.52380952,draftkings|be0e03cc42fbc9b6962467b22c7bf9dd|totals|38.5,0.5,https://api.the-odds-api.com/v4/sports/americanfootball_nfl
2026,1,5d8d85473b87f772a979ecf294acab94,2026-11-15T18:00:00Z,DraftKings,2026-09-10T19:06:24Z,Minnesota Vikings,Green Bay Packers,h2h,Green Bay Packers,,-245,0.71014493,draftkings|5d8d85473b87f772a979ecf294acab94|h2h|event,0.68055556,https://api.the-odds-api.com/v4/sports/americanfootball_nfl
2026,1,5d8d85473b87f772a979ecf294acab94,2026-11-15T18:00:00Z,DraftKings,2026-09-10T19:06:24Z,Minnesota Vikings,Green Bay Packers,h2h,Minnesota Vikings,,200,0.33333333,draftkings|5d8d85473b87f772a979ecf294acab94|h2h|event,0.31944444,https://api.the-odds-api.com/v4/sports/americanfootball_nfl
2026,1,5d8d85473b87f772a979ecf294acab94,2026-11-15T18:00:00Z,DraftKings,2026-09-10T19:06:24Z,Minnesota Vikings,Green Bay Packers,spreads,Green Bay Packers,-4.5,-110,0.52380952,draftkings|5d8d85473b87f772a979ecf294acab94|spreads|event,0.5,https://api.the-odds-api.com/v4/sports/americanfootball_nfl
2026,1,5d8d85473b87f772a979ecf294acab94,2026-11-15T18:00:00Z,DraftKings,2026-09-10T19:06:24Z,Minnesota Vikings,Green Bay Packers,spreads,Minnesota Vikings,4.5,-110,0.52380952,draftkings|5d8d85473b87f772a979ecf294acab94|spreads|event,0.5,https://api.the-odds-api.com/v4/sports/americanfootball_nfl
2026,1,5d8d85473b87f772a979ecf294acab94,2026-11-15T18:00:00Z,DraftKings,2026-09-10T19:06:24Z,Minnesota Vikings,Green Bay Packers,totals,Over,45.5,-110,0.52380952,draftkings|5d8d85473b87f772a979ecf294acab94|totals|45.5,0.5,https://api.the-odds-api.com/v4/sports/americanfootball_nfl
2026,1,5d8d85473b87f772a979ecf294acab94,2026-11-15T18:00:00Z,DraftKings,2026-09-10T19:06:24Z,Minnesota Vikings,Green Bay Packers,totals,Under,45.5,-110,0.52380952,draftkings|5d8d85473b87f772a979ecf294acab94|totals|45.5,0.5,https://api.the-odds-api.com/v4/sports/americanfootball_nfl
2026,1,5d8d85473b87f772a979ecf294acab94,2026-11-15T18:00:00Z,BetUS,2026-09-10T19:06:57Z,Minnesota Vikings,Green Bay Packers,spreads,Green Bay Packers,-4.5,-110,0.52380952,betus|5d8d85473b87f772a979ecf294acab94|spreads|event,0.5,https://api.the-odds-api.com/v4/sports/americanfootball_nfl
2026,1,5d8d85473b87f772a979ecf294acab94,2026-11-15T18:00:00Z,BetUS,2026-09-10T19:06:57Z,Minnesota Vikings,Green Bay Packers,spreads,Minnesota Vikings,4.5,-110,0.52380952,betus|5d8d85473b87f772a979ecf294acab94|spreads|event,0.5,https://api.the-odds-api.com/v4/sports/americanfootball_nfl
2026,1,5d8d85473b87f772a979ecf294acab94,2026-11-15T18:00:00Z,BetUS,2026-09-10T19:06:57Z,Minnesota Vikings,Green Bay Packers,totals,Over,45.5,-110,0.52380952,betus|5d8d85473b87f772a979ecf294acab94|totals|45.5,0.5,https://api.the-odds-api.com/v4/sports/americanfootball_nfl
2026,1,5d8d85473b87f772a979ecf294acab94,2026-11-15T18:00:00Z,BetUS,2026-09-10T19:06:57Z,Minnesota Vikings,Green Bay Packers,totals,Under,45.5,-110,0.52380952,betus|5d8d85473b87f772a979ecf294acab94|totals|45.5,0.5,https://api.the-odds-api.com/v4/sports/americanfootball_nfl
2026,1,b5700b4d938fd94429f60d4622cc9c0a,2026-11-15T18:00:00Z,DraftKings,2026-09-10T19:06:24Z,Miami Dolphins,Indianapolis Colts,h2h,Indianapolis Colts,,-310,0.75609756,draftkings|b5700b4d938fd94429f60d4622cc9c0a|h2h|event,0.72575251,https://api.the-odds-api.com/v4/sports/americanfootball_nfl
2026,1,b5700b4d938fd94429f60d4622cc9c0a,2026-11-15T18:00:00Z,DraftKings,2026-09-10T19:06:24Z,Miami Dolphins,Indianapolis Colts,h2h,Miami Dolphins,,250,0.28571429,draftkings|b5700b4d938fd94429f60d4622cc9c0a|h2h|event,0.27424749,https://api.the-odds-api.com/v4/sports/americanfootball_nfl
2026,1,b5700b4d938fd94429f60d4622cc9c0a,2026-11-15T18:00:00Z,DraftKings,2026-09-10T19:06:24Z,Miami Dolphins,Indianapolis Colts,spreads,Indianapolis Colts,-6.5,-110,0.52380952,draftkings|b5700b4d938fd94429f60d4622cc9c0a|spreads|event,0.5,https://api.the-odds-api.com/v4/sports/americanfootball_nfl
2026,1,b5700b4d938fd94429f60d4622cc9c0a,2026-11-15T18:00:00Z,DraftKings,2026-09-10T19:06:24Z,Miami Dolphins,Indianapolis Colts,spreads,Miami Dolphins,6.5,-110,0.52380952,draftkings|b5700b4d938fd94429f60d4622cc9c0a|spreads|event,0.5,https://api.the-odds-api.com/v4/sports/americanfootball_nfl
2026,1,b5700b4d938fd94429f60d4622cc9c0a,2026-11-15T18:00:00Z,DraftKings,2026-09-10T19:06:24Z,Miami Dolphins,Indianapolis Colts,totals,Over,47.5,-110,0.52380952,draftkings|b5700b4d938fd94429f60d4622cc9c0a|totals|47.5,0.5,https://api.the-odds-api.com/v4/sports/americanfootball_nfl
2026,1,b5700b4d938fd94429f60d4622cc9c0a,2026-11-15T18:00:00Z,DraftKings,2026-09-10T19:06:24Z,Miami Dolphins,Indianapolis Colts,totals,Under,47.5,-110,0.52380952,draftkings|b5700b4d938fd94429f60d4622cc9c0a|totals|47.5,0.5,https://api.the-odds-api.com/v4/sports/americanfootball_nfl
2026,1,28800df7e768ecec14f116454d560f9b,2026-11-15T18:00:00Z,DraftKings,2026-09-10T19:06:24Z,Jacksonville Jaguars,Tennessee Titans,h2h,Jacksonville Jaguars,,-135,0.57446809,draftkings|28800df7e768ecec14f116454d560f9b|h2h|event,0.55144112,https://api.the-odds-api.com/v4/sports/americanfootball_nfl
2026,1,28800df7e768ecec14f116454d560f9b,2026-11-15T18:00:00Z,DraftKings,2026-09-10T19:06:24Z,Jacksonville Jaguars,Tennessee Titans,h2h,Tennessee Titans,,114,0.46728972,draftkings|28800df7e768ecec14f116454d560f9b|h2h|event,0.44855888,https://api.the-odds-api.com/v4/sports/americanfootball_nfl
2026,1,28800df7e768ecec14f116454d560f9b,2026-11-15T18:00:00Z,DraftKings,2026-09-10T19:06:24Z,Jacksonville Jaguars,Tennessee Titans,spreads,Jacksonville Jaguars,-2.5,-110,0.52380952,draftkings|28800df7e768ecec14f116454d560f9b|spreads|event,0.5,https://api.the-odds-api.com/v4/sports/americanfootball_nfl
2026,1,28800df7e768ecec14f116454d560f9b,2026-11-15T18:00:00Z,DraftKings,2026-09-10T19:06:24Z,Jacksonville Jaguars,Tennessee Titans,spreads,Tennessee Titans,2.5,-110,0.52380952,draftkings|28800df7e768ecec14f116454d560f9b|spreads|event,0.5,https://api.the-odds-api.com/v4/sports/americanfootball_nfl
2026,1,28800df7e768ecec14f116454d560f9b,2026-11-15T18:00:00Z,DraftKings,2026-09-10T19:06:24Z,Jacksonville Jaguars,Tennessee Titans,totals,Over,45.5,-110,0.52380952,draftkings|28800df7e768ecec14f116454d560f9b|totals|45.5,0.5,https://api.the-odds-api.com/v4/sports/americanfootball_nfl
2026,1,28800df7e768ecec14f116454d560f9b,2026-11-15T18:00:00Z,DraftKings,2026-09-10T19:06:24Z,Jacksonville Jaguars,Tennessee Titans,totals,Under,45.5,-110,0.52380952,draftkings|28800df7e768ecec14f116454d560f9b|totals|45.5,0.5,https://api.the-odds-api.com/v4/sports/americanfootball_nfl
2026,1,28800df7e768ecec14f116454d560f9b,2026-11-15T18:00:00Z,BetUS,2026-09-10T19:06:57Z,Jacksonville Jaguars,Tennessee Titans,spreads,Jacksonville Jaguars,-2.5,-110,0.52380952,betus|28800df7e768ecec14f116454d560f9b|spreads|event,0.5,https://api.the-odds-api.com/v4/sports/americanfootball_nfl
2026,1,28800df7e768ecec14f116454d560f9b,2026-11-15T18:00:00Z,BetUS,2026-09-10T19:06:57Z,Jacksonville Jaguars,Tennessee Titans,spreads,Tennessee Titans,2.5,-110,0.52380952,betus|28800df7e768ecec14f116454d560f9b|spreads|event,0.5,https://api.the-odds-api.com/v4/sports/americanfootball_nfl
2026,1,28800df7e768ecec14f116454d560f9b,2026-11-15T18:00:00Z,BetUS,2026-09-10T19:06:57Z,Jacksonville Jaguars,Tennessee Titans,totals,Over,45.5,-110,0.52380952,betus|28800df7e768ecec14f116454d560f9b|totals|45.5,0.5,https://api.the-odds-api.com/v4/sports/americanfootball_nfl
2026,1,28800df7e768ecec14f116454d560f9b,2026-11-15T18:00:00Z,BetUS,2026-09-10T19:06:57Z,Jacksonville Jaguars,Tennessee Titans,totals,Under,45.5,-110,0.52380952,betus|28800df7e768ecec14f116454d560f9b|totals|45.5,0.5,https://api.the-odds-api.com/v4/sports/americanfootball_nfl
2026,1,6c932a965110f3f89ec4a5f1a6ac256e,2026-11-15T21:05:00Z,DraftKings,2026-09-10T19:06:24Z,Los Angeles Rams,Arizona Cardinals,h2h,Arizona Cardinals,,360,0.2173913,draftkings|6c932a965110f3f89ec4a5f1a6ac256e|h2h|event,0.20863836,https://api.the-odds-api.com/v4/sports/americanfootball_nfl
2026,1,6c932a965110f3f89ec4a5f1a6ac256e,2026-11-15T21:05:00Z,DraftKings,2026-09-10T19:06:24Z,Los Angeles Rams,Arizona Cardinals,h2h,Los Angeles Rams,,-470,0.8245614,draftkings|6c932a965110f3f89ec4a5f1a6ac256e|h2h|event,0.79136164,https://api.the-odds-api.com/v4/sports/americanfootball_nfl
2026,1,6c932a965110f3f89ec4a5f1a6ac256e,2026-11-15T21:05:00Z,DraftKings,2026-09-10T19:06:24Z,Los Angeles Rams,Arizona Cardinals,spreads,Arizona Cardinals,10.5,-110,0.52380952,draftkings|6c932a965110f3f89ec4a5f1a6ac256e|spreads|event,0.5,https://api.the-odds-api.com/v4/sports/americanfootball_nfl
2026,1,6c932a965110f3f89ec4a5f1a6ac256e,2026-11-15T21:05:00Z,DraftKings,2026-09-10T19:06:24Z,Los Angeles Rams,Arizona Cardinals,spreads,Los Angeles Rams,-10.5,-110,0.52380952,draftkings|6c932a965110f3f89ec4a5f1a6ac256e|spreads|event,0.5,https://api.the-odds-api.com/v4/sports/americanfootball_nfl
2026,1,6c932a965110f3f89ec4a5f1a6ac256e,2026-11-15T21:05:00Z,DraftKings,2026-09-10T19:06:24Z,Los Angeles Rams,Arizona Cardinals,totals,Over,47.5,-110,0.52380952,draftkings|6c932a965110f3f89ec4a5f1a6ac256e|totals|47.5,0.5,https://api.the-odds-api.com/v4/sports/americanfootball_nfl
2026,1,6c932a965110f3f89ec4a5f1a6ac256e,2026-11-15T21:05:00Z,DraftKings,2026-09-10T19:06:24Z,Los Angeles Rams,Arizona Cardinals,totals,Under,47.5,-110,0.52380952,draftkings|6c932a965110f3f89ec4a5f1a6ac256e|totals|47.5,0.5,https://api.the-odds-api.com/v4/sports/americanfootball_nfl
2026,1,7627192fd89b05120ab6c712aa23fd81,2026-11-15T21:25:00Z,DraftKings,2026-09-10T19:06:24Z,San Francisco 49ers,Dallas Cowboys,h2h,Dallas Cowboys,,-120,0.54545455,draftkings|7627192fd89b05120ab6c712aa23fd81|h2h|event,0.52173913,https://api.the-odds-api.com/v4/sports/americanfootball_nfl
2026,1,7627192fd89b05120ab6c712aa23fd81,2026-11-15T21:25:00Z,DraftKings,2026-09-10T19:06:24Z,San Francisco 49ers,Dallas Cowboys,h2h,San Francisco 49ers,,100,0.5,draftkings|7627192fd89b05120ab6c712aa23fd81|h2h|event,0.47826087,https://api.the-odds-api.com/v4/sports/americanfootball_nfl
2026,1,7627192fd89b05120ab6c712aa23fd81,2026-11-15T21:25:00Z,DraftKings,2026-09-10T19:06:24Z,San Francisco 49ers,Dallas Cowboys,spreads,Dallas Cowboys,-1.5,-105,0.51219512,draftkings|7627192fd89b05120ab6c712aa23fd81|spreads|event,0.48916576,https://api.the-odds-api.com/v4/sports/americanfootball_nfl
2026,1,7627192fd89b05120ab6c712aa23fd81,2026-11-15T21:25:00Z,DraftKings,2026-09-10T19:06:24Z,San Francisco 49ers,Dallas Cowboys,spreads,San Francisco 49ers,1.5,-115,0.53488372,draftkings|7627192fd89b05120ab6c712aa23fd81|spreads|event,0.51083424,https://api.the-odds-api.com/v4/sports/americanfootball_nfl
2026,1,7627192fd89b05120ab6c712aa23fd81,2026-11-15T21:25:00Z,DraftKings,2026-09-10T19:06:24Z,San Francisco 49ers,Dallas Cowboys,totals,Over,52.5,-110,0.52380952,draftkings|7627192fd89b05120ab6c712aa23fd81|totals|52.5,0.5,https://api.the-odds-api.com/v4/sports/americanfootball_nfl
2026,1,7627192fd89b05120ab6c712aa23fd81,2026-11-15T21:25:00Z,DraftKings,2026-09-10T19:06:24Z,San Francisco 49ers,Dallas Cowboys,totals,Under,52.5,-110,0.52380952,draftkings|7627192fd89b05120ab6c712aa23fd81|totals|52.5,0.5,https://api.the-odds-api.com/v4/sports/americanfootball_nfl
2026,1,48e497c230e6c9afcb3b600091d28e17,2026-11-16T01:20:00Z,DraftKings,2026-09-10T19:06:24Z,Pittsburgh Steelers,Cincinnati Bengals,h2h,Cincinnati Bengals,,-198,0.66442953,draftkings|48e497c230e6c9afcb3b600091d28e17|h2h|event,0.63690418,https://api.the-odds-api.com/v4/sports/americanfootball_nfl
2026,1,48e497c230e6c9afcb3b600091d28e17,2026-11-16T01:20:00Z,DraftKings,2026-09-10T19:06:24Z,Pittsburgh Steelers,Cincinnati Bengals,h2h,Pittsburgh Steelers,,164,0.37878788,draftkings|48e497c230e6c9afcb3b600091d28e17|h2h|event,0.36309582,https://api.the-odds-api.com/v4/sports/americanfootball_nfl
2026,1,48e497c230e6c9afcb3b600091d28e17,2026-11-16T01:20:00Z,DraftKings,2026-09-10T19:06:24Z,Pittsburgh Steelers,Cincinnati Bengals,spreads,Cincinnati Bengals,-3.5,-110,0.52380952,draftkings|48e497c230e6c9afcb3b600091d28e17|spreads|event,0.5,https://api.the-odds-api.com/v4/sports/americanfootball_nfl
2026,1,48e497c230e6c9afcb3b600091d28e17,2026-11-16T01:20:00Z,DraftKings,2026-09-10T19:06:24Z,Pittsburgh Steelers,Cincinnati Bengals,spreads,Pittsburgh Steelers,3.5,-110,0.52380952,draftkings|48e497c230e6c9afcb3b600091d28e17|spreads|event,0.5,https://api.the-odds-api.com/v4/sports/americanfootball_nfl
2026,1,48e497c230e6c9afcb3b600091d28e17,2026-11-16T01:20:00Z,DraftKings,2026-09-10T19:06:24Z,Pittsburgh Steelers,Cincinnati Bengals,totals,Over,47.5,-110,0.52380952,draftkings|48e497c230e6c9afcb3b600091d28e17|totals|47.5,0.5,https://api.the-odds-api.com/v4/sports/americanfootball_nfl
2026,1,48e497c230e6c9afcb3b600091d28e17,2026-11-16T01:20:00Z,DraftKings,2026-09-10T19:06:24Z,Pittsburgh Steelers,Cincinnati Bengals,totals,Under,47.5,-110,0.52380952,draftkings|48e497c230e6c9afcb3b600091d28e17|totals|47.5,0.5,https://api.the-odds-api.com/v4/sports/americanfootball_nfl
2026,1,48e497c230e6c9afcb3b600091d28e17,2026-11-16T01:20:00Z,BetUS,2026-09-10T19:06:57Z,Pittsburgh Steelers,Cincinnati Bengals,spreads,Cincinnati Bengals,-3.5,-110,0.52380952,betus|48e497c230e6c9afcb3b600091d28e17|spreads|event,0.5,https://api.the-odds-api.com/v4/sports/americanfootball_nfl
2026,1,48e497c230e6c9afcb3b600091d28e17,2026-11-16T01:20:00Z,BetUS,2026-09-10T19:06:57Z,Pittsburgh Steelers,Cincinnati Bengals,spreads,Pittsburgh Steelers,3.5,-110,0.52380952,betus|48e497c230e6c9afcb3b600091d28e17|spreads|event,0.5,https://api.the-odds-api.com/v4/sports/americanfootball_nfl
2026,1,48e497c230e6c9afcb3b600091d28e17,2026-11-16T01:20:00Z,BetUS,2026-09-10T19:06:57Z,Pittsburgh Steelers,Cincinnati Bengals,totals,Over,47.5,-110,0.52380952,betus|48e497c230e6c9afcb3b600091d28e17|totals|47.5,0.5,https://api.the-odds-api.com/v4/sports/americanfootball_nfl
2026,1,48e497c230e6c9afcb3b600091d28e17,2026-11-16T01:20:00Z,BetUS,2026-09-10T19:06:57Z,Pittsburgh Steelers,Cincinnati Bengals,totals,Under,47.5,-110,0.52380952,betus|48e497c230e6c9afcb3b600091d28e17|totals|47.5,0.5,https://api.the-odds-api.com/v4/sports/americanfootball_nfl
2026,1,35e3bdff558b5d1506251e814986f164,2026-11-17T01:15:00Z,DraftKings,2026-09-10T19:06:24Z,Los Angeles Chargers,Baltimore Ravens,h2h,Baltimore Ravens,,-180,0.64285714,draftkings|35e3bdff558b5d1506251e814986f164|h2h|event,0.61643836,https://api.the-odds-api.com/v4/sports/americanfootball_nfl
2026,1,35e3bdff558b5d1506251e814986f164,2026-11-17T01:15:00Z,DraftKings,2026-09-10T19:06:24Z,Los Angeles Chargers,Baltimore Ravens,h2h,Los Angeles Chargers,,150,0.4,draftkings|35e3bdff558b5d1506251e814986f164|h2h|event,0.38356164,https://api.the-odds-api.com/v4/sports/americanfootball_nfl
2026,1,35e3bdff558b5d1506251e814986f164,2026-11-17T01:15:00Z,DraftKings,2026-09-10T19:06:24Z,Los Angeles Chargers,Baltimore Ravens,spreads,Baltimore Ravens,-3.5,-110,0.52380952,draftkings|35e3bdff558b5d1506251e814986f164|spreads|event,0.5,https://api.the-odds-api.com/v4/sports/americanfootball_nfl
2026,1,35e3bdff558b5d1506251e814986f164,2026-11-17T01:15:00Z,DraftKings,2026-09-10T19:06:24Z,Los Angeles Chargers,Baltimore Ravens,spreads,Los Angeles Chargers,3.5,-110,0.52380952,draftkings|35e3bdff558b5d1506251e814986f164|spreads|event,0.5,https://api.the-odds-api.com/v4/sports/americanfootball_nfl
2026,1,35e3bdff558b5d1506251e814986f164,2026-11-17T01:15:00Z,DraftKings,2026-09-10T19:06:24Z,Los Angeles Chargers,Baltimore Ravens,totals,Over,47.5,-110,0.52380952,draftkings|35e3bdff558b5d1506251e814986f164|totals|47.5,0.5,https://api.the-odds-api.com/v4/sports/americanfootball_nfl
2026,1,35e3bdff558b5d1506251e814986f164,2026-11-17T01:15:00Z,DraftKings,2026-09-10T19:06:24Z,Los Angeles Chargers,Baltimore Ravens,totals,Under,47.5,-110,0.52380952,draftkings|35e3bdff558b5d1506251e814986f164|totals|47.5,0.5,https://api.the-odds-api.com/v4/sports/americanfootball_nfl
2026,1,35e3bdff558b5d1506251e814986f164,2026-11-17T01:15:00Z,BetUS,2026-09-10T19:06:57Z,Los Angeles Chargers,Baltimore Ravens,spreads,Baltimore Ravens,-2.5,-110,0.52380952,betus|35e3bdff558b5d1506251e814986f164|spreads|event,0.5,https://api.the-odds-api.com/v4/sports/americanfootball_nfl
2026,1,35e3bdff558b5d1506251e814986f164,2026-11-17T01:15:00Z,BetUS,2026-09-10T19:06:57Z,Los Angeles Chargers,Baltimore Ravens,spreads,Los Angeles Chargers,2.5,-110,0.52380952,betus|35e3bdff558b5d1506251e814986f164|spreads|event,0.5,https://api.the-odds-api.com/v4/sports/americanfootball_nfl
2026,1,35e3bdff558b5d1506251e814986f164,2026-11-17T01:15:00Z,BetUS,2026-09-10T19:06:57Z,Los Angeles Chargers,Baltimore Ravens,totals,Over,48.5,-110,0.52380952,betus|35e3bdff558b5d1506251e814986f164|totals|48.5,0.5,https://api.the-odds-api.com/v4/sports/americanfootball_nfl
2026,1,35e3bdff558b5d1506251e814986f164,2026-11-17T01:15:00Z,BetUS,2026-09-10T19:06:57Z,Los Angeles Chargers,Baltimore Ravens,totals,Under,48.5,-110,0.52380952,betus|35e3bdff558b5d1506251e814986f164|totals|48.5,0.5,https://api.the-odds-api.com/v4/sports/americanfootball_nfl
2026,1,66f9e83cf025d58acee12bce18661fb3,2026-11-20T01:15:00Z,DraftKings,2026-09-10T19:06:24Z,Indianapolis Colts,Houston Texans,h2h,Houston Texans,,-238,0.70414201,draftkings|66f9e83cf025d58acee12bce18661fb3|h2h|event,0.67503125,https://api.the-odds-api.com/v4/sports/americanfootball_nfl
2026,1,66f9e83cf025d58acee12bce18661fb3,2026-11-20T01:15:00Z,DraftKings,2026-09-10T19:06:24Z,Indianapolis Colts,Houston Texans,h2h,Indianapolis Colts,,195,0.33898305,draftkings|66f9e83cf025d58acee12bce18661fb3|h2h|event,0.32496875,https://api.the-odds-api.com/v4/sports/americanfootball_nfl
2026,1,66f9e83cf025d58acee12bce18661fb3,2026-11-20T01:15:00Z,DraftKings,2026-09-10T19:06:24Z,Indianapolis Colts,Houston Texans,spreads,Houston Texans,-5.5,-110,0.52380952,draftkings|66f9e83cf025d58acee12bce18661fb3|spreads|event,0.5,https://api.the-odds-api.com/v4/sports/americanfootball_nfl
2026,1,66f9e83cf025d58acee12bce18661fb3,2026-11-20T01:15:00Z,DraftKings,2026-09-10T19:06:24Z,Indianapolis Colts,Houston Texans,spreads,Indianapolis Colts,5.5,-110,0.52380952,draftkings|66f9e83cf025d58acee12bce18661fb3|spreads|event,0.5,https://api.the-odds-api.com/v4/sports/americanfootball_nfl
2026,1,66f9e83cf025d58acee12bce18661fb3,2026-11-20T01:15:00Z,DraftKings,2026-09-10T19:06:24Z,Indianapolis Colts,Houston Texans,totals,Over,45.5,-110,0.52380952,draftkings|66f9e83cf025d58acee12bce18661fb3|totals|45.5,0.5,https://api.the-odds-api.com/v4/sports/americanfootball_nfl
2026,1,66f9e83cf025d58acee12bce18661fb3,2026-11-20T01:15:00Z,DraftKings,2026-09-10T19:06:24Z,Indianapolis Colts,Houston Texans,totals,Under,45.5,-110,0.52380952,draftkings|66f9e83cf025d58acee12bce18661fb3|totals|45.5,0.5,https://api.the-odds-api.com/v4/sports/americanfootball_nfl
2026,1,403a88701352da05b0710a9e883b803e,2026-11-22T18:00:00Z,DraftKings,2026-09-10T19:06:24Z,Arizona Cardinals,Kansas City Chiefs,h2h,Arizona Cardinals,,440,0.18518519,draftkings|403a88701352da05b0710a9e883b803e|h2h|event,0.17766498,https://api.the-odds-api.com/v4/sports/americanfootball_nfl
2026,1,403a88701352da05b0710a9e883b803e,2026-11-22T18:00:00Z,DraftKings,2026-09-10T19:06:24Z,Arizona Cardinals,Kansas City Chiefs,h2h,Kansas City Chiefs,,-600,0.85714286,draftkings|403a88701352da05b0710a9e883b803e|h2h|event,0.82233502,https://api.the-odds-api.com/v4/sports/americanfootball_nfl
2026,1,403a88701352da05b0710a9e883b803e,2026-11-22T18:00:00Z,DraftKings,2026-09-10T19:06:24Z,Arizona Cardinals,Kansas City Chiefs,spreads,Arizona Cardinals,11.5,-110,0.52380952,draftkings|403a88701352da05b0710a9e883b803e|spreads|event,0.5,https://api.the-odds-api.com/v4/sports/americanfootball_nfl
2026,1,403a88701352da05b0710a9e883b803e,2026-11-22T18:00:00Z,DraftKings,2026-09-10T19:06:24Z,Arizona Cardinals,Kansas City Chiefs,spreads,Kansas City Chiefs,-11.5,-110,0.52380952,draftkings|403a88701352da05b0710a9e883b803e|spreads|event,0.5,https://api.the-odds-api.com/v4/sports/americanfootball_nfl
2026,1,403a88701352da05b0710a9e883b803e,2026-11-22T18:00:00Z,DraftKings,2026-09-10T19:06:24Z,Arizona Cardinals,Kansas City Chiefs,totals,Over,44.5,-110,0.52380952,draftkings|403a88701352da05b0710a9e883b803e|totals|44.5,0.5,https://api.the-odds-api.com/v4/sports/americanfootball_nfl
2026,1,403a88701352da05b0710a9e883b803e,2026-11-22T18:00:00Z,DraftKings,2026-09-10T19:06:24Z,Arizona Cardinals,Kansas City Chiefs,totals,Under,44.5,-110,0.52380952,draftkings|403a88701352da05b0710a9e883b803e|totals|44.5,0.5,https://api.the-odds-api.com/v4/sports/americanfootball_nfl
2026,1,403a88701352da05b0710a9e883b803e,2026-11-22T18:00:00Z,BetUS,2026-09-10T19:06:57Z,Arizona Cardinals,Kansas City Chiefs,spreads,Arizona Cardinals,11.5,-110,0.52380952,betus|403a88701352da05b0710a9e883b803e|spreads|event,0.5,https://api.the-odds-api.com/v4/sports/americanfootball_nfl
2026,1,403a88701352da05b0710a9e883b803e,2026-11-22T18:00:00Z,BetUS,2026-09-10T19:06:57Z,Arizona Cardinals,Kansas City Chiefs,spreads,Kansas City Chiefs,-11.5,-110,0.52380952,betus|403a88701352da05b0710a9e883b803e|spreads|event,0.5,https://api.the-odds-api.com/v4/sports/americanfootball_nfl
2026,1,403a88701352da05b0710a9e883b803e,2026-11-22T18:00:00Z,BetUS,2026-09-10T19:06:57Z,Arizona Cardinals,Kansas City Chiefs,totals,Over,44.5,-110,0.52380952,betus|403a88701352da05b0710a9e883b803e|totals|44.5,0.5,https://api.the-odds-api.com/v4/sports/americanfootball_nfl
2026,1,403a88701352da05b0710a9e883b803e,2026-11-22T18:00:00Z,BetUS,2026-09-10T19:06:57Z,Arizona Cardinals,Kansas City Chiefs,totals,Under,44.5,-110,0.52380952,betus|403a88701352da05b0710a9e883b803e|totals|44.5,0.5,https://api.the-odds-api.com/v4/sports/americanfootball_nfl
2026,1,4527f57f5bc32742d8194af1ccf7da7e,2026-11-22T18:00:00Z,DraftKings,2026-09-10T19:06:24Z,Baltimore Ravens,Carolina Panthers,h2h,Baltimore Ravens,,-218,0.68553459,draftkings|4527f57f5bc32742d8194af1ccf7da7e|h2h|event,0.65747522,https://api.the-odds-api.com/v4/sports/americanfootball_nfl
2026,1,4527f57f5bc32742d8194af1ccf7da7e,2026-11-22T18:00:00Z,DraftKings,2026-09-10T19:06:24Z,Baltimore Ravens,Carolina Panthers,h2h,Carolina Panthers,,180,0.35714286,draftkings|4527f57f5bc32742d8194af1ccf7da7e|h2h|event,0.34252478,https://api.the-odds-api.com/v4/sports/americanfootball_nfl
2026,1,4527f57f5bc32742d8194af1ccf7da7e,2026-11-22T18:00:00Z,DraftKings,2026-09-10T19:06:24Z,Baltimore Ravens,Carolina Panthers,spreads,Baltimore Ravens,-4.5,-110,0.52380952,draftkings|4527f57f5bc32742d8194af1ccf7da7e|spreads|event,0.5,https://api.the-odds-api.com/v4/sports/americanfootball_nfl
2026,1,4527f57f5bc32742d8194af1ccf7da7e,2026-11-22T18:00:00Z,DraftKings,2026-09-10T19:06:24Z,Baltimore Ravens,Carolina Panthers,spreads,Carolina Panthers,4.5,-110,0.52380952,draftkings|4527f57f5bc32742d8194af1ccf7da7e|spreads|event,0.5,https://api.the-odds-api.com/v4/sports/americanfootball_nfl
2026,1,4527f57f5bc32742d8194af1ccf7da7e,2026-11-22T18:00:00Z,DraftKings,2026-09-10T19:06:24Z,Baltimore Ravens,Carolina Panthers,totals,Over,46.5,-110,0.52380952,draftkings|4527f57f5bc32742d8194af1ccf7da7e|totals|46.5,0.5,https://api.the-odds-api.com/v4/sports/americanfootball_nfl
2026,1,4527f57f5bc32742d8194af1ccf7da7e,2026-11-22T18:00:00Z,DraftKings,2026-09-10T19:06:24Z,Baltimore Ravens,Carolina Panthers,totals,Under,46.5,-110,0.52380952,draftkings|4527f57f5bc32742d8194af1ccf7da7e|totals|46.5,0.5,https://api.the-odds-api.com/v4/sports/americanfootball_nfl
2026,1,4527f57f5bc32742d8194af1ccf7da7e,2026-11-22T18:00:00Z,BetUS,2026-09-10T19:06:57Z,Baltimore Ravens,Carolina Panthers,spreads,Baltimore Ravens,-4.5,-110,0.52380952,betus|4527f57f5bc32742d8194af1ccf7da7e|spreads|event,0.5,https://api.the-odds-api.com/v4/sports/americanfootball_nfl
2026,1,4527f57f5bc32742d8194af1ccf7da7e,2026-11-22T18:00:00Z,BetUS,2026-09-10T19:06:57Z,Baltimore Ravens,Carolina Panthers,spreads,Carolina Panthers,4.5,-110,0.52380952,betus|4527f57f5bc32742d8194af1ccf7da7e|spreads|event,0.5,https://api.the-odds-api.com/v4/sports/americanfootball_nfl
2026,1,4527f57f5bc32742d8194af1ccf7da7e,2026-11-22T18:00:00Z,BetUS,2026-09-10T19:06:57Z,Baltimore Ravens,Carolina Panthers,totals,Over,46.5,-110,0.52380952,betus|4527f57f5bc32742d8194af1ccf7da7e|totals|46.5,0.5,https://api.the-odds-api.com/v4/sports/americanfootball_nfl
2026,1,4527f57f5bc32742d8194af1ccf7da7e,2026-11-22T18:00:00Z,BetUS,2026-09-10T19:06:57Z,Baltimore Ravens,Carolina Panthers,totals,Under,46.5,-110,0.52380952,betus|4527f57f5bc32742d8194af1ccf7da7e|totals|46.5,0.5,https://api.the-odds-api.com/v4/sports/americanfootball_nfl
2026,1,4c5b1c0843a260278e95eb93e7787576,2026-11-22T18:00:00Z,DraftKings,2026-09-10T19:06:24Z,Miami Dolphins,Buffalo Bills,h2h,Buffalo Bills,,-650,0.86666667,draftkings|4c5b1c0843a260278e95eb93e7787576|h2h|event,0.83164983,https://api.the-odds-api.com/v4/sports/americanfootball_nfl
2026,1,4c5b1c0843a260278e95eb93e7787576,2026-11-22T18:00:00Z,DraftKings,2026-09-10T19:06:24Z,Miami Dolphins,Buffalo Bills,h2h,Miami Dolphins,,470,0.1754386,draftkings|4c5b1c0843a260278e95eb93e7787576|h2h|event,0.16835017,https://api.the-odds-api.com/v4/sports/americanfootball_nfl
2026,1,4c5b1c0843a260278e95eb93e7787576,2026-11-22T18:00:00Z,DraftKings,2026-09-10T19:06:24Z,Miami Dolphins,Buffalo Bills,spreads,Buffalo Bills,-11.5,-110,0.52380952,draftkings|4c5b1c0843a260278e95eb93e7787576|spreads|event,0.5,https://api.the-odds-api.com/v4/sports/americanfootball_nfl
2026,1,4c5b1c0843a260278e95eb93e7787576,2026-11-22T18:00:00Z,DraftKings,2026-09-10T19:06:24Z,Miami Dolphins,Buffalo Bills,spreads,Miami Dolphins,11.5,-110,0.52380952,draftkings|4c5b1c0843a260278e95eb93e7787576|spreads|event,0.5,https://api.the-odds-api.com/v4/sports/americanfootball_nfl
2026,1,4c5b1c0843a260278e95eb93e7787576,2026-11-22T18:00:00Z,DraftKings,2026-09-10T19:06:24Z,Miami Dolphins,Buffalo Bills,totals,Over,47.5,-110,0.52380952,draftkings|4c5b1c0843a260278e95eb93e7787576|totals|47.5,0.5,https://api.the-odds-api.com/v4/sports/americanfootball_nfl
2026,1,4c5b1c0843a260278e95eb93e7787576,2026-11-22T18:00:00Z,DraftKings,2026-09-10T19:06:24Z,Miami Dolphins,Buffalo Bills,totals,Under,47.5,-110,0.52380952,draftkings|4c5b1c0843a260278e95eb93e7787576|totals|47.5,0.5,https://api.the-odds-api.com/v4/sports/americanfootball_nfl
2026,1,3ea90704fb576633bd1e2fa5aafd9ea3,2026-11-22T18:00:00Z,DraftKings,2026-09-10T19:06:24Z,New Orleans Saints,Chicago Bears,h2h,Chicago Bears,,-290,0.74358974,draftkings|3ea90704fb576633bd1e2fa5aafd9ea3|h2h|event,0.71355123,https://api.the-odds-api.com/v4/sports/americanfootball_nfl
2026,1,3ea90704fb576633bd1e2fa5aafd9ea3,2026-11-22T18:00:00Z,DraftKings,2026-09-10T19:06:24Z,New Orleans Saints,Chicago Bears,h2h,New Orleans Saints,,235,0.29850746,draftkings|3ea90704fb576633bd1e2fa5aafd9ea3|h2h|event,0.28644877,https://api.the-odds-api.com/v4/sports/americanfootball_nfl
2026,1,3ea90704fb576633bd1e2fa5aafd9ea3,2026-11-22T18:00:00Z,DraftKings,2026-09-10T19:06:24Z,New Orleans Saints,Chicago Bears,spreads,Chicago Bears,-6.5,-110,0.52380952,draftkings|3ea90704fb576633bd1e2fa5aafd9ea3|spreads|event,0.5,https://api.the-odds-api.com/v4/sports/americanfootball_nfl
2026,1,3ea90704fb576633bd1e2fa5aafd9ea3,2026-11-22T18:00:00Z,DraftKings,2026-09-10T19:06:24Z,New Orleans Saints,Chicago Bears,spreads,New Orleans Saints,6.5,-110,0.52380952,draftkings|3ea90704fb576633bd1e2fa5aafd9ea3|spreads|event,0.5,https://api.the-odds-api.com/v4/sports/americanfootball_nfl
2026,1,3ea90704fb576633bd1e2fa5aafd9ea3,2026-11-22T18:00:00Z,DraftKings,2026-09-10T19:06:24Z,New Orleans Saints,Chicago Bears,totals,Over,46.5,-110,0.52380952,draftkings|3ea90704fb576633bd1e2fa5aafd9ea3|totals|46.5,0.5,https://api.the-odds-api.com/v4/sports/americanfootball_nfl
2026,1,3ea90704fb576633bd1e2fa5aafd9ea3,2026-11-22T18:00:00Z,DraftKings,2026-09-10T19:06:24Z,New Orleans Saints,Chicago Bears,totals,Under,46.5,-110,0.52380952,draftkings|3ea90704fb576633bd1e2fa5aafd9ea3|totals|46.5,0.5,https://api.the-odds-api.com/v4/sports/americanfootball_nfl
2026,1,5e63079b678f8c13419adc169fff02d3,2026-11-22T18:00:00Z,DraftKings,2026-09-10T19:06:24Z,Tennessee Titans,Dallas Cowboys,h2h,Dallas Cowboys,,-285,0.74025974,draftkings|5e63079b678f8c13419adc169fff02d3|h2h|event,0.70954357,https://api.the-odds-api.com/v4/sports/americanfootball_nfl
2026,1,5e63079b678f8c13419adc169fff02d3,2026-11-22T18:00:00Z,DraftKings,2026-09-10T19:06:24Z,Tennessee Titans,Dallas Cowboys,h2h,Tennessee Titans,,230,0.3030303,draftkings|5e63079b678f8c13419adc169fff02d3|h2h|event,0.29045643,https://api.the-odds-api.com/v4/sports/americanfootball_nfl
2026,1,5e63079b678f8c13419adc169fff02d3,2026-11-22T18:00:00Z,DraftKings,2026-09-10T19:06:24Z,Tennessee Titans,Dallas Cowboys,spreads,Dallas Cowboys,-6.5,-110,0.52380952,draftkings|5e63079b678f8c13419adc169fff02d3|spreads|event,0.5,https://api.the-odds-api.com/v4/sports/americanfootball_nfl
2026,1,5e63079b678f8c13419adc169fff02d3,2026-11-22T18:00:00Z,DraftKings,2026-09-10T19:06:24Z,Tennessee Titans,Dallas Cowboys,spreads,Tennessee Titans,6.5,-110,0.52380952,draftkings|5e63079b678f8c13419adc169fff02d3|spreads|event,0.5,https://api.the-odds-api.com/v4/sports/americanfootball_nfl
2026,1,5e63079b678f8c13419adc169fff02d3,2026-11-22T18:00:00Z,DraftKings,2026-09-10T19:06:24Z,Tennessee Titans,Dallas Cowboys,totals,Over,48.5,-110,0.52380952,draftkings|5e63079b678f8c13419adc169fff02d3|totals|48.5,0.5,https://api.the-odds-api.com/v4/sports/americanfootball_nfl
2026,1,5e63079b678f8c13419adc169fff02d3,2026-11-22T18:00:00Z,DraftKings,2026-09-10T19:06:24Z,Tennessee Titans,Dallas Cowboys,totals,Under,48.5,-110,0.52380952,draftkings|5e63079b678f8c13419adc169fff02d3|totals|48.5,0.5,https://api.the-odds-api.com/v4/sports/americanfootball_nfl
2026,1,41e2dd69bddd65d7e823d9ed61cc2afc,2026-11-22T18:00:00Z,DraftKings,2026-09-10T19:06:24Z,Tampa Bay Buccaneers,Detroit Lions,h2h,Detroit Lions,,-218,0.68553459,draftkings|41e2dd69bddd65d7e823d9ed61cc2afc|h2h|event,0.65747522,https://api.the-odds-api.com/v4/sports/americanfootball_nfl
2026,1,41e2dd69bddd65d7e823d9ed61cc2afc,2026-11-22T18:00:00Z,DraftKings,2026-09-10T19:06:24Z,Tampa Bay Buccaneers,Detroit Lions,h2h,Tampa Bay Buccaneers,,180,0.35714286,draftkings|41e2dd69bddd65d7e823d9ed61cc2afc|h2h|event,0.34252478,https://api.the-odds-api.com/v4/sports/americanfootball_nfl
2026,1,41e2dd69bddd65d7e823d9ed61cc2afc,2026-11-22T18:00:00Z,DraftKings,2026-09-10T19:06:24Z,Tampa Bay Buccaneers,Detroit Lions,spreads,Detroit Lions,-4.5,-110,0.52380952,draftkings|41e2dd69bddd65d7e823d9ed61cc2afc|spreads|event,0.5,https://api.the-odds-api.com/v4/sports/americanfootball_nfl
2026,1,41e2dd69bddd65d7e823d9ed61cc2afc,2026-11-22T18:00:00Z,DraftKings,2026-09-10T19:06:24Z,Tampa Bay Buccaneers,Detroit Lions,spreads,Tampa Bay Buccaneers,4.5,-110,0.52380952,draftkings|41e2dd69bddd65d7e823d9ed61cc2afc|spreads|event,0.5,https://api.the-odds-api.com/v4/sports/americanfootball_nfl
2026,1,41e2dd69bddd65d7e823d9ed61cc2afc,2026-11-22T18:00:00Z,DraftKings,2026-09-10T19:06:24Z,Tampa Bay Buccaneers,Detroit Lions,totals,Over,49.5,-110,0.52380952,draftkings|41e2dd69bddd65d7e823d9ed61cc2afc|totals|49.5,0.5,https://api.the-odds-api.com/v4/sports/americanfootball_nfl
2026,1,41e2dd69bddd65d7e823d9ed61cc2afc,2026-11-22T18:00:00Z,DraftKings,2026-09-10T19:06:24Z,Tampa Bay Buccaneers,Detroit Lions,totals,Under,49.5,-110,0.52380952,draftkings|41e2dd69bddd65d7e823d9ed61cc2afc|totals|49.5,0.5,https://api.the-odds-api.com/v4/sports/americanfootball_nfl
2026,1,8ba112fabf4e87639338a5f437c5abfe,2026-11-22T18:00:00Z,DraftKings,2026-09-10T19:06:24Z,Jacksonville Jaguars,New York Giants,h2h,Jacksonville Jaguars,,-125,0.55555556,draftkings|8ba112fabf4e87639338a5f437c5abfe|h2h|event,0.53246753,https://api.the-odds-api.com/v4/sports/americanfootball_nfl
2026,1,8ba112fabf4e87639338a5f437c5abfe,2026-11-22T18:00:00Z,DraftKings,2026-09-10T19:06:24Z,Jacksonville Jaguars,New York Giants,h2h,New York Giants,,105,0.48780488,draftkings|8ba112fabf4e87639338a5f437c5abfe|h2h|event,0.46753247,https://api.the-odds-api.com/v4/sports/americanfootball_nfl
2026,1,8ba112fabf4e87639338a5f437c5abfe,2026-11-22T18:00:00Z,DraftKings,2026-09-10T19:06:24Z,Jacksonville Jaguars,New York Giants,spreads,Jacksonville Jaguars,-1.5,-110,0.52380952,draftkings|8ba112fabf4e87639338a5f437c5abfe|spreads|event,0.5,https://api.the-odds-api.com/v4/sports/americanfootball_nfl
2026,1,8ba112fabf4e87639338a5f437c5abfe,2026-11-22T18:00:00Z,DraftKings,2026-09-10T19:06:24Z,Jacksonville Jaguars,New York Giants,spreads,New York Giants,1.5,-110,0.52380952,draftkings|8ba112fabf4e87639338a5f437c5abfe|spreads|event,0.5,https://api.the-odds-api.com/v4/sports/americanfootball_nfl
2026,1,8ba112fabf4e87639338a5f437c5abfe,2026-11-22T18:00:00Z,DraftKings,2026-09-10T19:06:24Z,Jacksonville Jaguars,New York Giants,totals,Over,46.5,-110,0.52380952,draftkings|8ba112fabf4e87639338a5f437c5abfe|totals|46.5,0.5,https://api.the-odds-api.com/v4/sports/americanfootball_nfl
2026,1,8ba112fabf4e87639338a5f437c5abfe,2026-11-22T18:00:00Z,DraftKings,2026-09-10T19:06:24Z,Jacksonville Jaguars,New York Giants,totals,Under,46.5,-110,0.52380952,draftkings|8ba112fabf4e87639338a5f437c5abfe|totals|46.5,0.5,https://api.the-odds-api.com/v4/sports/americanfootball_nfl
2026,1,4b20b742b6168aaca4f25d87f11b1526,2026-11-22T21:05:00Z,DraftKings,2026-09-10T19:06:24Z,New York Jets,Los Angeles Chargers,h2h,Los Angeles Chargers,,-425,0.80952381,draftkings|4b20b742b6168aaca4f25d87f11b1526|h2h|event,0.77683316,https://api.the-odds-api.com/v4/sports/americanfootball_nfl
2026,1,4b20b742b6168aaca4f25d87f11b1526,2026-11-22T21:05:00Z,DraftKings,2026-09-10T19:06:24Z,New York Jets,Los Angeles Chargers,h2h,New York Jets,,330,0.23255814,draftkings|4b20b742b6168aaca4f25d87f11b1526|h2h|event,0.22316684,https://api.the-odds-api.com/v4/sports/americanfootball_nfl
2026,1,4b20b742b6168aaca4f25d87f11b1526,2026-11-22T21:05:00Z,DraftKings,2026-09-10T19:06:24Z,New York Jets,Los Angeles Chargers,spreads,Los Angeles Chargers,-9.5,-110,0.52380952,draftkings|4b20b742b6168aaca4f25d87f11b1526|spreads|event,0.5,https://api.the-odds-api.com/v4/sports/americanfootball_nfl
2026,1,4b20b742b6168aaca4f25d87f11b1526,2026-11-22T21:05:00Z,DraftKings,2026-09-10T19:06:24Z,New York Jets,Los Angeles Chargers,spreads,New York Jets,9.5,-110,0.52380952,draftkings|4b20b742b6168aaca4f25d87f11b1526|spreads|event,0.5,https://api.the-odds-api.com/v4/sports/americanfootball_nfl
2026,1,4b20b742b6168aaca4f25d87f11b1526,2026-11-22T21:05:00Z,DraftKings,2026-09-10T19:06:24Z,New York Jets,Los Angeles Chargers,totals,Over,41.5,-110,0.52380952,draftkings|4b20b742b6168aaca4f25d87f11b1526|totals|41.5,0.5,https://api.the-odds-api.com/v4/sports/americanfootball_nfl
2026,1,4b20b742b6168aaca4f25d87f11b1526,2026-11-22T21:05:00Z,DraftKings,2026-09-10T19:06:24Z,New York Jets,Los Angeles Chargers,totals,Under,41.5,-110,0.52380952,draftkings|4b20b742b6168aaca4f25d87f11b1526|totals|41.5,0.5,https://api.the-odds-api.com/v4/sports/americanfootball_nfl
2026,1,1940706a79cbcbafacdcbf231069716b,2026-11-22T21:25:00Z,DraftKings,2026-09-10T19:06:24Z,Las Vegas Raiders,Denver Broncos,h2h,Denver Broncos,,-325,0.76470588,draftkings|1940706a79cbcbafacdcbf231069716b|h2h|event,0.73354232,https://api.the-odds-api.com/v4/sports/americanfootball_nfl
2026,1,1940706a79cbcbafacdcbf231069716b,2026-11-22T21:25:00Z,DraftKings,2026-09-10T19:06:24Z,Las Vegas Raiders,Denver Broncos,h2h,Las Vegas Raiders,,260,0.27777778,draftkings|1940706a79cbcbafacdcbf231069716b|h2h|event,0.26645768,https://api.the-odds-api.com/v4/sports/americanfootball_nfl
2026,1,1940706a79cbcbafacdcbf231069716b,2026-11-22T21:25:00Z,DraftKings,2026-09-10T19:06:24Z,Las Vegas Raiders,Denver Broncos,spreads,Denver Broncos,-7.5,-110,0.52380952,draftkings|1940706a79cbcbafacdcbf231069716b|spreads|event,0.5,https://api.the-odds-api.com/v4/sports/americanfootball_nfl
2026,1,1940706a79cbcbafacdcbf231069716b,2026-11-22T21:25:00Z,DraftKings,2026-09-10T19:06:24Z,Las Vegas Raiders,Denver Broncos,spreads,Las Vegas Raiders,7.5,-110,0.52380952,draftkings|1940706a79cbcbafacdcbf231069716b|spreads|event,0.5,https://api.the-odds-api.com/v4/sports/americanfootball_nfl
2026,1,1940706a79cbcbafacdcbf231069716b,2026-11-22T21:25:00Z,DraftKings,2026-09-10T19:06:24Z,Las Vegas Raiders,Denver Broncos,totals,Over,41.5,-110,0.52380952,draftkings|1940706a79cbcbafacdcbf231069716b|totals|41.5,0.5,https://api.the-odds-api.com/v4/sports/americanfootball_nfl
2026,1,1940706a79cbcbafacdcbf231069716b,2026-11-22T21:25:00Z,DraftKings,2026-09-10T19:06:24Z,Las Vegas Raiders,Denver Broncos,totals,Under,41.5,-110,0.52380952,draftkings|1940706a79cbcbafacdcbf231069716b|totals|41.5,0.5,https://api.the-odds-api.com/v4/sports/americanfootball_nfl
2026,1,cbe45bafcc2615fc1d96cbc12840377a,2026-11-22T21:25:00Z,DraftKings,2026-09-10T19:06:24Z,Pittsburgh Steelers,Philadelphia Eagles,h2h,Philadelphia Eagles,,-238,0.70414201,draftkings|cbe45bafcc2615fc1d96cbc12840377a|h2h|event,0.67503125,https://api.the-odds-api.com/v4/sports/americanfootball_nfl
2026,1,cbe45bafcc2615fc1d96cbc12840377a,2026-11-22T21:25:00Z,DraftKings,2026-09-10T19:06:24Z,Pittsburgh Steelers,Philadelphia Eagles,h2h,Pittsburgh Steelers,,195,0.33898305,draftkings|cbe45bafcc2615fc1d96cbc12840377a|h2h|event,0.32496875,https://api.the-odds-api.com/v4/sports/americanfootball_nfl
2026,1,cbe45bafcc2615fc1d96cbc12840377a,2026-11-22T21:25:00Z,DraftKings,2026-09-10T19:06:24Z,Pittsburgh Steelers,Philadelphia Eagles,spreads,Philadelphia Eagles,-5.5,-110,0.52380952,draftkings|cbe45bafcc2615fc1d96cbc12840377a|spreads|event,0.5,https://api.the-odds-api.com/v4/sports/americanfootball_nfl
2026,1,cbe45bafcc2615fc1d96cbc12840377a,2026-11-22T21:25:00Z,DraftKings,2026-09-10T19:06:24Z,Pittsburgh Steelers,Philadelphia Eagles,spreads,Pittsburgh Steelers,5.5,-110,0.52380952,draftkings|cbe45bafcc2615fc1d96cbc12840377a|spreads|event,0.5,https://api.the-odds-api.com/v4/sports/americanfootball_nfl
2026,1,cbe45bafcc2615fc1d96cbc12840377a,2026-11-22T21:25:00Z,DraftKings,2026-09-10T19:06:24Z,Pittsburgh Steelers,Philadelphia Eagles,totals,Over,42.5,-110,0.52380952,draftkings|cbe45bafcc2615fc1d96cbc12840377a|totals|42.5,0.5,https://api.the-odds-api.com/v4/sports/americanfootball_nfl
2026,1,cbe45bafcc2615fc1d96cbc12840377a,2026-11-22T21:25:00Z,DraftKings,2026-09-10T19:06:24Z,Pittsburgh Steelers,Philadelphia Eagles,totals,Under,42.5,-110,0.52380952,draftkings|cbe45bafcc2615fc1d96cbc12840377a|totals|42.5,0.5,https://api.the-odds-api.com/v4/sports/americanfootball_nfl
2026,1,cbe45bafcc2615fc1d96cbc12840377a,2026-11-22T21:25:00Z,BetUS,2026-09-10T19:06:57Z,Pittsburgh Steelers,Philadelphia Eagles,spreads,Philadelphia Eagles,-5.5,-110,0.52380952,betus|cbe45bafcc2615fc1d96cbc12840377a|spreads|event,0.5,https://api.the-odds-api.com/v4/sports/americanfootball_nfl
2026,1,cbe45bafcc2615fc1d96cbc12840377a,2026-11-22T21:25:00Z,BetUS,2026-09-10T19:06:57Z,Pittsburgh Steelers,Philadelphia Eagles,spreads,Pittsburgh Steelers,5.5,-110,0.52380952,betus|cbe45bafcc2615fc1d96cbc12840377a|spreads|event,0.5,https://api.the-odds-api.com/v4/sports/americanfootball_nfl
2026,1,cbe45bafcc2615fc1d96cbc12840377a,2026-11-22T21:25:00Z,BetUS,2026-09-10T19:06:57Z,Pittsburgh Steelers,Philadelphia Eagles,totals,Over,42.5,-110,0.52380952,betus|cbe45bafcc2615fc1d96cbc12840377a|totals|42.5,0.5,https://api.the-odds-api.com/v4/sports/americanfootball_nfl
2026,1,cbe45bafcc2615fc1d96cbc12840377a,2026-11-22T21:25:00Z,BetUS,2026-09-10T19:06:57Z,Pittsburgh Steelers,Philadelphia Eagles,totals,Under,42.5,-110,0.52380952,betus|cbe45bafcc2615fc1d96cbc12840377a|totals|42.5,0.5,https://api.the-odds-api.com/v4/sports/americanfootball_nfl
2026,1,60e1d27b083a335b722c2c852ea85612,2026-11-23T01:20:00Z,DraftKings,2026-09-10T19:06:24Z,Minnesota Vikings,San Francisco 49ers,h2h,Minnesota Vikings,,160,0.38461538,draftkings|60e1d27b083a335b722c2c852ea85612|h2h|event,0.36905965,https://api.the-odds-api.com/v4/sports/americanfootball_nfl
2026,1,60e1d27b083a335b722c2c852ea85612,2026-11-23T01:20:00Z,DraftKings,2026-09-10T19:06:24Z,Minnesota Vikings,San Francisco 49ers,h2h,San Francisco 49ers,,-192,0.65753425,draftkings|60e1d27b083a335b722c2c852ea85612|h2h|event,0.63094035,https://api.the-odds-api.com/v4/sports/americanfootball_nfl
2026,1,60e1d27b083a335b722c2c852ea85612,2026-11-23T01:20:00Z,DraftKings,2026-09-10T19:06:24Z,Minnesota Vikings,San Francisco 49ers,spreads,Minnesota Vikings,3.5,-110,0.52380952,draftkings|60e1d27b083a335b722c2c852ea85612|spreads|event,0.5,https://api.the-odds-api.com/v4/sports/americanfootball_nfl
2026,1,60e1d27b083a335b722c2c852ea85612,2026-11-23T01:20:00Z,DraftKings,2026-09-10T19:06:24Z,Minnesota Vikings,San Francisco 49ers,spreads,San Francisco 49ers,-3.5,-110,0.52380952,draftkings|60e1d27b083a335b722c2c852ea85612|spreads|event,0.5,https://api.the-odds-api.com/v4/sports/americanfootball_nfl
2026,1,60e1d27b083a335b722c2c852ea85612,2026-11-23T01:20:00Z,DraftKings,2026-09-10T19:06:24Z,Minnesota Vikings,San Francisco 49ers,totals,Over,46.5,-110,0.52380952,draftkings|60e1d27b083a335b722c2c852ea85612|totals|46.5,0.5,https://api.the-odds-api.com/v4/sports/americanfootball_nfl
2026,1,60e1d27b083a335b722c2c852ea85612,2026-11-23T01:20:00Z,DraftKings,2026-09-10T19:06:24Z,Minnesota Vikings,San Francisco 49ers,totals,Under,46.5,-110,0.52380952,draftkings|60e1d27b083a335b722c2c852ea85612|totals|46.5,0.5,https://api.the-odds-api.com/v4/sports/americanfootball_nfl
2026,1,60e1d27b083a335b722c2c852ea85612,2026-11-23T01:20:00Z,BetUS,2026-09-10T19:06:57Z,Minnesota Vikings,San Francisco 49ers,spreads,Minnesota Vikings,3.5,-110,0.52380952,betus|60e1d27b083a335b722c2c852ea85612|spreads|event,0.5,https://api.the-odds-api.com/v4/sports/americanfootball_nfl
2026,1,60e1d27b083a335b722c2c852ea85612,2026-11-23T01:20:00Z,BetUS,2026-09-10T19:06:57Z,Minnesota Vikings,San Francisco 49ers,spreads,San Francisco 49ers,-3.5,-110,0.52380952,betus|60e1d27b083a335b722c2c852ea85612|spreads|event,0.5,https://api.the-odds-api.com/v4/sports/americanfootball_nfl
2026,1,60e1d27b083a335b722c2c852ea85612,2026-11-23T01:20:00Z,BetUS,2026-09-10T19:06:57Z,Minnesota Vikings,San Francisco 49ers,totals,Over,46.5,-110,0.52380952,betus|60e1d27b083a335b722c2c852ea85612|totals|46.5,0.5,https://api.the-odds-api.com/v4/sports/americanfootball_nfl
2026,1,60e1d27b083a335b722c2c852ea85612,2026-11-23T01:20:00Z,BetUS,2026-09-10T19:06:57Z,Minnesota Vikings,San Francisco 49ers,totals,Under,46.5,-110,0.52380952,betus|60e1d27b083a335b722c2c852ea85612|totals|46.5,0.5,https://api.the-odds-api.com/v4/sports/americanfootball_nfl
2026,1,3a60ed1d20004aa4d4772b2c1a2272e7,2026-11-24T01:15:00Z,DraftKings,2026-09-10T19:06:24Z,Cincinnati Bengals,Washington Commanders,h2h,Cincinnati Bengals,,-122,0.54954955,draftkings|3a60ed1d20004aa4d4772b2c1a2272e7|h2h|event,0.52608659,https://api.the-odds-api.com/v4/sports/americanfootball_nfl
2026,1,3a60ed1d20004aa4d4772b2c1a2272e7,2026-11-24T01:15:00Z,DraftKings,2026-09-10T19:06:24Z,Cincinnati Bengals,Washington Commanders,h2h,Washington Commanders,,102,0.4950495,draftkings|3a60ed1d20004aa4d4772b2c1a2272e7|h2h|event,0.47391341,https://api.the-odds-api.com/v4/sports/americanfootball_nfl
2026,1,3a60ed1d20004aa4d4772b2c1a2272e7,2026-11-24T01:15:00Z,DraftKings,2026-09-10T19:06:24Z,Cincinnati Bengals,Washington Commanders,spreads,Cincinnati Bengals,-1.5,-110,0.52380952,draftkings|3a60ed1d20004aa4d4772b2c1a2272e7|spreads|event,0.5,https://api.the-odds-api.com/v4/sports/americanfootball_nfl
2026,1,3a60ed1d20004aa4d4772b2c1a2272e7,2026-11-24T01:15:00Z,DraftKings,2026-09-10T19:06:24Z,Cincinnati Bengals,Washington Commanders,spreads,Washington Commanders,1.5,-110,0.52380952,draftkings|3a60ed1d20004aa4d4772b2c1a2272e7|spreads|event,0.5,https://api.the-odds-api.com/v4/sports/americanfootball_nfl
2026,1,3a60ed1d20004aa4d4772b2c1a2272e7,2026-11-24T01:15:00Z,DraftKings,2026-09-10T19:06:24Z,Cincinnati Bengals,Washington Commanders,totals,Over,52.5,-110,0.52380952,draftkings|3a60ed1d20004aa4d4772b2c1a2272e7|totals|52.5,0.5,https://api.the-odds-api.com/v4/sports/americanfootball_nfl
2026,1,3a60ed1d20004aa4d4772b2c1a2272e7,2026-11-24T01:15:00Z,DraftKings,2026-09-10T19:06:24Z,Cincinnati Bengals,Washington Commanders,totals,Under,52.5,-110,0.52380952,draftkings|3a60ed1d20004aa4d4772b2c1a2272e7|totals|52.5,0.5,https://api.the-odds-api.com/v4/sports/americanfootball_nfl
2026,1,3a60ed1d20004aa4d4772b2c1a2272e7,2026-11-24T01:15:00Z,BetUS,2026-09-10T19:06:57Z,Cincinnati Bengals,Washington Commanders,spreads,Cincinnati Bengals,-1.5,-110,0.52380952,betus|3a60ed1d20004aa4d4772b2c1a2272e7|spreads|event,0.5,https://api.the-odds-api.com/v4/sports/americanfootball_nfl
2026,1,3a60ed1d20004aa4d4772b2c1a2272e7,2026-11-24T01:15:00Z,BetUS,2026-09-10T19:06:57Z,Cincinnati Bengals,Washington Commanders,spreads,Washington Commanders,1.5,-110,0.52380952,betus|3a60ed1d20004aa4d4772b2c1a2272e7|spreads|event,0.5,https://api.the-odds-api.com/v4/sports/americanfootball_nfl
2026,1,3a60ed1d20004aa4d4772b2c1a2272e7,2026-11-24T01:15:00Z,BetUS,2026-09-10T19:06:57Z,Cincinnati Bengals,Washington Commanders,totals,Over,52.5,-110,0.52380952,betus|3a60ed1d20004aa4d4772b2c1a2272e7|totals|52.5,0.5,https://api.the-odds-api.com/v4/sports/americanfootball_nfl
2026,1,3a60ed1d20004aa4d4772b2c1a2272e7,2026-11-24T01:15:00Z,BetUS,2026-09-10T19:06:57Z,Cincinnati Bengals,Washington Commanders,totals,Under,52.5,-110,0.52380952,betus|3a60ed1d20004aa4d4772b2c1a2272e7|totals|52.5,0.5,https://api.the-odds-api.com/v4/sports/americanfootball_nfl
2026,1,5b612899d6dcdf998107f2c6c6e49a58,2026-11-26T01:00:00Z,DraftKings,2026-09-10T19:06:24Z,Green Bay Packers,Los Angeles Rams,h2h,Green Bay Packers,,185,0.35087719,draftkings|5b612899d6dcdf998107f2c6c6e49a58|h2h|event,0.33635187,https://api.the-odds-api.com/v4/sports/americanfootball_nfl
2026,1,5b612899d6dcdf998107f2c6c6e49a58,2026-11-26T01:00:00Z,DraftKings,2026-09-10T19:06:24Z,Green Bay Packers,Los Angeles Rams,h2h,Los Angeles Rams,,-225,0.69230769,draftkings|5b612899d6dcdf998107f2c6c6e49a58|h2h|event,0.66364813,https://api.the-odds-api.com/v4/sports/americanfootball_nfl
2026,1,5b612899d6dcdf998107f2c6c6e49a58,2026-11-26T01:00:00Z,DraftKings,2026-09-10T19:06:24Z,Green Bay Packers,Los Angeles Rams,spreads,Green Bay Packers,4.5,-105,0.51219512,draftkings|5b612899d6dcdf998107f2c6c6e49a58|spreads|event,0.48916576,https://api.the-odds-api.com/v4/sports/americanfootball_nfl
2026,1,5b612899d6dcdf998107f2c6c6e49a58,2026-11-26T01:00:00Z,DraftKings,2026-09-10T19:06:24Z,Green Bay Packers,Los Angeles Rams,spreads,Los Angeles Rams,-4.5,-115,0.53488372,draftkings|5b612899d6dcdf998107f2c6c6e49a58|spreads|event,0.51083424,https://api.the-odds-api.com/v4/sports/americanfootball_nfl
2026,1,5b612899d6dcdf998107f2c6c6e49a58,2026-11-26T01:00:00Z,DraftKings,2026-09-10T19:06:24Z,Green Bay Packers,Los Angeles Rams,totals,Over,48.5,-110,0.52380952,draftkings|5b612899d6dcdf998107f2c6c6e49a58|totals|48.5,0.5,https://api.the-odds-api.com/v4/sports/americanfootball_nfl
2026,1,5b612899d6dcdf998107f2c6c6e49a58,2026-11-26T01:00:00Z,DraftKings,2026-09-10T19:06:24Z,Green Bay Packers,Los Angeles Rams,totals,Under,48.5,-110,0.52380952,draftkings|5b612899d6dcdf998107f2c6c6e49a58|totals|48.5,0.5,https://api.the-odds-api.com/v4/sports/americanfootball_nfl
2026,1,9b825e6518156008da499be041975fdd,2026-11-26T18:00:00Z,DraftKings,2026-09-10T19:06:24Z,Chicago Bears,Detroit Lions,h2h,Chicago Bears,,120,0.45454545,draftkings|9b825e6518156008da499be041975fdd|h2h|event,0.43650793,https://api.the-odds-api.com/v4/sports/americanfootball_nfl
2026,1,9b825e6518156008da499be041975fdd,2026-11-26T18:00:00Z,DraftKings,2026-09-10T19:06:24Z,Chicago Bears,Detroit Lions,h2h,Detroit Lions,,-142,0.58677686,draftkings|9b825e6518156008da499be041975fdd|h2h|event,0.56349207,https://api.the-odds-api.com/v4/sports/americanfootball_nfl
2026,1,9b825e6518156008da499be041975fdd,2026-11-26T18:00:00Z,DraftKings,2026-09-10T19:06:24Z,Chicago Bears,Detroit Lions,spreads,Chicago Bears,2.5,-105,0.51219512,draftkings|9b825e6518156008da499be041975fdd|spreads|event,0.48916576,https://api.the-odds-api.com/v4/sports/americanfootball_nfl
2026,1,9b825e6518156008da499be041975fdd,2026-11-26T18:00:00Z,DraftKings,2026-09-10T19:06:24Z,Chicago Bears,Detroit Lions,spreads,Detroit Lions,-2.5,-115,0.53488372,draftkings|9b825e6518156008da499be041975fdd|spreads|event,0.51083424,https://api.the-odds-api.com/v4/sports/americanfootball_nfl
2026,1,9b825e6518156008da499be041975fdd,2026-11-26T18:00:00Z,DraftKings,2026-09-10T19:06:24Z,Chicago Bears,Detroit Lions,totals,Over,52.5,-110,0.52380952,draftkings|9b825e6518156008da499be041975fdd|totals|52.5,0.5,https://api.the-odds-api.com/v4/sports/americanfootball_nfl
2026,1,9b825e6518156008da499be041975fdd,2026-11-26T18:00:00Z,DraftKings,2026-09-10T19:06:24Z,Chicago Bears,Detroit Lions,totals,Under,52.5,-110,0.52380952,draftkings|9b825e6518156008da499be041975fdd|totals|52.5,0.5,https://api.the-odds-api.com/v4/sports/americanfootball_nfl
2026,1,ffaa06af56a7137d4b078c5c46c0b730,2026-11-26T20:30:00Z,DraftKings,2026-09-10T19:06:24Z,Philadelphia Eagles,Dallas Cowboys,h2h,Dallas Cowboys,,-125,0.55555556,draftkings|ffaa06af56a7137d4b078c5c46c0b730|h2h|event,0.53246753,https://api.the-odds-api.com/v4/sports/americanfootball_nfl
2026,1,ffaa06af56a7137d4b078c5c46c0b730,2026-11-26T20:30:00Z,DraftKings,2026-09-10T19:06:24Z,Philadelphia Eagles,Dallas Cowboys,h2h,Philadelphia Eagles,,105,0.48780488,draftkings|ffaa06af56a7137d4b078c5c46c0b730|h2h|event,0.46753247,https://api.the-odds-api.com/v4/sports/americanfootball_nfl
2026,1,ffaa06af56a7137d4b078c5c46c0b730,2026-11-26T20:30:00Z,DraftKings,2026-09-10T19:06:24Z,Philadelphia Eagles,Dallas Cowboys,spreads,Dallas Cowboys,-1.5,-110,0.52380952,draftkings|ffaa06af56a7137d4b078c5c46c0b730|spreads|event,0.5,https://api.the-odds-api.com/v4/sports/americanfootball_nfl
2026,1,ffaa06af56a7137d4b078c5c46c0b730,2026-11-26T20:30:00Z,DraftKings,2026-09-10T19:06:24Z,Philadelphia Eagles,Dallas Cowboys,spreads,Philadelphia Eagles,1.5,-110,0.52380952,draftkings|ffaa06af56a7137d4b078c5c46c0b730|spreads|event,0.5,https://api.the-odds-api.com/v4/sports/americanfootball_nfl
2026,1,ffaa06af56a7137d4b078c5c46c0b730,2026-11-26T20:30:00Z,DraftKings,2026-09-10T19:06:24Z,Philadelphia Eagles,Dallas Cowboys,totals,Over,49.5,-110,0.52380952,draftkings|ffaa06af56a7137d4b078c5c46c0b730|totals|49.5,0.5,https://api.the-odds-api.com/v4/sports/americanfootball_nfl
2026,1,ffaa06af56a7137d4b078c5c46c0b730,2026-11-26T20:30:00Z,DraftKings,2026-09-10T19:06:24Z,Philadelphia Eagles,Dallas Cowboys,totals,Under,49.5,-110,0.52380952,draftkings|ffaa06af56a7137d4b078c5c46c0b730|totals|49.5,0.5,https://api.the-odds-api.com/v4/sports/americanfootball_nfl
2026,1,ffaa06af56a7137d4b078c5c46c0b730,2026-11-26T20:30:00Z,BetOnline.ag,2026-09-10T19:06:22Z,Philadelphia Eagles,Dallas Cowboys,spreads,Dallas Cowboys,-1.0,-115,0.53488372,betonlineag|ffaa06af56a7137d4b078c5c46c0b730|spreads|event,0.51083424,https://api.the-odds-api.com/v4/sports/americanfootball_nfl
2026,1,ffaa06af56a7137d4b078c5c46c0b730,2026-11-26T20:30:00Z,BetOnline.ag,2026-09-10T19:06:22Z,Philadelphia Eagles,Dallas Cowboys,spreads,Philadelphia Eagles,1.0,-105,0.51219512,betonlineag|ffaa06af56a7137d4b078c5c46c0b730|spreads|event,0.48916576,https://api.the-odds-api.com/v4/sports/americanfootball_nfl
2026,1,ffaa06af56a7137d4b078c5c46c0b730,2026-11-26T20:30:00Z,BetOnline.ag,2026-09-10T19:06:22Z,Philadelphia Eagles,Dallas Cowboys,totals,Over,49.5,-115,0.53488372,betonlineag|ffaa06af56a7137d4b078c5c46c0b730|totals|49.5,0.51083424,https://api.the-odds-api.com/v4/sports/americanfootball_nfl
2026,1,ffaa06af56a7137d4b078c5c46c0b730,2026-11-26T20:30:00Z,BetOnline.ag,2026-09-10T19:06:22Z,Philadelphia Eagles,Dallas Cowboys,totals,Under,49.5,-105,0.51219512,betonlineag|ffaa06af56a7137d4b078c5c46c0b730|totals|49.5,0.48916576,https://api.the-odds-api.com/v4/sports/americanfootball_nfl
2026,1,ffaa06af56a7137d4b078c5c46c0b730,2026-11-26T20:30:00Z,LowVig.ag,2026-09-10T19:06:24Z,Philadelphia Eagles,Dallas Cowboys,spreads,Dallas Cowboys,-1.0,-110,0.52380952,lowvig|ffaa06af56a7137d4b078c5c46c0b730|spreads|event,0.51162791,https://api.the-odds-api.com/v4/sports/americanfootball_nfl
2026,1,ffaa06af56a7137d4b078c5c46c0b730,2026-11-26T20:30:00Z,LowVig.ag,2026-09-10T19:06:24Z,Philadelphia Eagles,Dallas Cowboys,spreads,Philadelphia Eagles,1.0,100,0.5,lowvig|ffaa06af56a7137d4b078c5c46c0b730|spreads|event,0.48837209,https://api.the-odds-api.com/v4/sports/americanfootball_nfl
2026,1,ffaa06af56a7137d4b078c5c46c0b730,2026-11-26T20:30:00Z,LowVig.ag,2026-09-10T19:06:24Z,Philadelphia Eagles,Dallas Cowboys,totals,Over,49.5,-113,0.53051643,lowvig|ffaa06af56a7137d4b078c5c46c0b730|totals|49.5,0.51234512,https://api.the-odds-api.com/v4/sports/americanfootball_nfl
2026,1,ffaa06af56a7137d4b078c5c46c0b730,2026-11-26T20:30:00Z,LowVig.ag,2026-09-10T19:06:24Z,Philadelphia Eagles,Dallas Cowboys,totals,Under,49.5,-102,0.5049505,lowvig|ffaa06af56a7137d4b078c5c46c0b730|totals|49.5,0.48765488,https://api.the-odds-api.com/v4/sports/americanfootball_nfl
2026,1,f36f518585aec40e8cb40e071c0844aa,2026-11-27T01:20:00Z,DraftKings,2026-09-10T19:06:24Z,Kansas City Chiefs,Buffalo Bills,h2h,Buffalo Bills,,-148,0.59677419,draftkings|f36f518585aec40e8cb40e071c0844aa|h2h|event,0.57205963,https://api.the-odds-api.com/v4/sports/americanfootball_nfl
2026,1,f36f518585aec40e8cb40e071c0844aa,2026-11-27T01:20:00Z,DraftKings,2026-09-10T19:06:24Z,Kansas City Chiefs,Buffalo Bills,h2h,Kansas City Chiefs,,124,0.44642857,draftkings|f36f518585aec40e8cb40e071c0844aa|h2h|event,0.42794037,https://api.the-odds-api.com/v4/sports/americanfootball_nfl
2026,1,f36f518585aec40e8cb40e071c0844aa,2026-11-27T01:20:00Z,DraftKings,2026-09-10T19:06:24Z,Kansas City Chiefs,Buffalo Bills,spreads,Buffalo Bills,-2.5,-115,0.53488372,draftkings|f36f518585aec40e8cb40e071c0844aa|spreads|event,0.51083424,https://api.the-odds-api.com/v4/sports/americanfootball_nfl
2026,1,f36f518585aec40e8cb40e071c0844aa,2026-11-27T01:20:00Z,DraftKings,2026-09-10T19:06:24Z,Kansas City Chiefs,Buffalo Bills,spreads,Kansas City Chiefs,2.5,-105,0.51219512,draftkings|f36f518585aec40e8cb40e071c0844aa|spreads|event,0.48916576,https://api.the-odds-api.com/v4/sports/americanfootball_nfl
2026,1,f36f518585aec40e8cb40e071c0844aa,2026-11-27T01:20:00Z,DraftKings,2026-09-10T19:06:24Z,Kansas City Chiefs,Buffalo Bills,totals,Over,50.5,-110,0.52380952,draftkings|f36f518585aec40e8cb40e071c0844aa|totals|50.5,0.5,https://api.the-odds-api.com/v4/sports/americanfootball_nfl
2026,1,f36f518585aec40e8cb40e071c0844aa,2026-11-27T01:20:00Z,DraftKings,2026-09-10T19:06:24Z,Kansas City Chiefs,Buffalo Bills,totals,Under,50.5,-110,0.52380952,draftkings|f36f518585aec40e8cb40e071c0844aa|totals|50.5,0.5,https://api.the-odds-api.com/v4/sports/americanfootball_nfl
2026,1,44a3bcf5bd002583ddef2207a92dd977,2026-11-27T20:00:00Z,DraftKings,2026-09-10T19:06:24Z,Denver Broncos,Pittsburgh Steelers,h2h,Denver Broncos,,-122,0.54954955,draftkings|44a3bcf5bd002583ddef2207a92dd977|h2h|event,0.52608659,https://api.the-odds-api.com/v4/sports/americanfootball_nfl
2026,1,44a3bcf5bd002583ddef2207a92dd977,2026-11-27T20:00:00Z,DraftKings,2026-09-10T19:06:24Z,Denver Broncos,Pittsburgh Steelers,h2h,Pittsburgh Steelers,,102,0.4950495,draftkings|44a3bcf5bd002583ddef2207a92dd977|h2h|event,0.47391341,https://api.the-odds-api.com/v4/sports/americanfootball_nfl
2026,1,44a3bcf5bd002583ddef2207a92dd977,2026-11-27T20:00:00Z,DraftKings,2026-09-10T19:06:24Z,Denver Broncos,Pittsburgh Steelers,spreads,Denver Broncos,-1.5,-110,0.52380952,draftkings|44a3bcf5bd002583ddef2207a92dd977|spreads|event,0.5,https://api.the-odds-api.com/v4/sports/americanfootball_nfl
2026,1,44a3bcf5bd002583ddef2207a92dd977,2026-11-27T20:00:00Z,DraftKings,2026-09-10T19:06:24Z,Denver Broncos,Pittsburgh Steelers,spreads,Pittsburgh Steelers,1.5,-110,0.52380952,draftkings|44a3bcf5bd002583ddef2207a92dd977|spreads|event,0.5,https://api.the-odds-api.com/v4/sports/americanfootball_nfl
2026,1,44a3bcf5bd002583ddef2207a92dd977,2026-11-27T20:00:00Z,DraftKings,2026-09-10T19:06:24Z,Denver Broncos,Pittsburgh Steelers,totals,Over,39.5,-110,0.52380952,draftkings|44a3bcf5bd002583ddef2207a92dd977|totals|39.5,0.5,https://api.the-odds-api.com/v4/sports/americanfootball_nfl
2026,1,44a3bcf5bd002583ddef2207a92dd977,2026-11-27T20:00:00Z,DraftKings,2026-09-10T19:06:24Z,Denver Broncos,Pittsburgh Steelers,totals,Under,39.5,-110,0.52380952,draftkings|44a3bcf5bd002583ddef2207a92dd977|totals|39.5,0.5,https://api.the-odds-api.com/v4/sports/americanfootball_nfl
2026,1,6a05021bdb6bab24b9bb381ffff10f0c,2026-11-29T18:00:00Z,DraftKings,2026-09-10T19:06:24Z,Atlanta Falcons,Minnesota Vikings,h2h,Atlanta Falcons,,180,0.35714286,draftkings|6a05021bdb6bab24b9bb381ffff10f0c|h2h|event,0.34252478,https://api.the-odds-api.com/v4/sports/americanfootball_nfl
2026,1,6a05021bdb6bab24b9bb381ffff10f0c,2026-11-29T18:00:00Z,DraftKings,2026-09-10T19:06:24Z,Atlanta Falcons,Minnesota Vikings,h2h,Minnesota Vikings,,-218,0.68553459,draftkings|6a05021bdb6bab24b9bb381ffff10f0c|h2h|event,0.65747522,https://api.the-odds-api.com/v4/sports/americanfootball_nfl
2026,1,6a05021bdb6bab24b9bb381ffff10f0c,2026-11-29T18:00:00Z,DraftKings,2026-09-10T19:06:24Z,Atlanta Falcons,Minnesota Vikings,spreads,Atlanta Falcons,4.5,-110,0.52380952,draftkings|6a05021bdb6bab24b9bb381ffff10f0c|spreads|event,0.5,https://api.the-odds-api.com/v4/sports/americanfootball_nfl
2026,1,6a05021bdb6bab24b9bb381ffff10f0c,2026-11-29T18:00:00Z,DraftKings,2026-09-10T19:06:24Z,Atlanta Falcons,Minnesota Vikings,spreads,Minnesota Vikings,-4.5,-110,0.52380952,draftkings|6a05021bdb6bab24b9bb381ffff10f0c|spreads|event,0.5,https://api.the-odds-api.com/v4/sports/americanfootball_nfl
2026,1,6a05021bdb6bab24b9bb381ffff10f0c,2026-11-29T18:00:00Z,DraftKings,2026-09-10T19:06:24Z,Atlanta Falcons,Minnesota Vikings,totals,Over,43.5,-110,0.52380952,draftkings|6a05021bdb6bab24b9bb381ffff10f0c|totals|43.5,0.5,https://api.the-odds-api.com/v4/sports/americanfootball_nfl
2026,1,6a05021bdb6bab24b9bb381ffff10f0c,2026-11-29T18:00:00Z,DraftKings,2026-09-10T19:06:24Z,Atlanta Falcons,Minnesota Vikings,totals,Under,43.5,-110,0.52380952,draftkings|6a05021bdb6bab24b9bb381ffff10f0c|totals|43.5,0.5,https://api.the-odds-api.com/v4/sports/americanfootball_nfl
2026,1,60d0c074801985c1062795362a24200e,2026-11-29T18:00:00Z,DraftKings,2026-09-10T19:06:24Z,Baltimore Ravens,Houston Texans,h2h,Baltimore Ravens,,102,0.4950495,draftkings|60d0c074801985c1062795362a24200e|h2h|event,0.47391341,https://api.the-odds-api.com/v4/sports/americanfootball_nfl
2026,1,60d0c074801985c1062795362a24200e,2026-11-29T18:00:00Z,DraftKings,2026-09-10T19:06:24Z,Baltimore Ravens,Houston Texans,h2h,Houston Texans,,-122,0.54954955,draftkings|60d0c074801985c1062795362a24200e|h2h|event,0.52608659,https://api.the-odds-api.com/v4/sports/americanfootball_nfl
2026,1,60d0c074801985c1062795362a24200e,2026-11-29T18:00:00Z,DraftKings,2026-09-10T19:06:24Z,Baltimore Ravens,Houston Texans,spreads,Baltimore Ravens,1.5,-110,0.52380952,draftkings|60d0c074801985c1062795362a24200e|spreads|event,0.5,https://api.the-odds-api.com/v4/sports/americanfootball_nfl
2026,1,60d0c074801985c1062795362a24200e,2026-11-29T18:00:00Z,DraftKings,2026-09-10T19:06:24Z,Baltimore Ravens,Houston Texans,spreads,Houston Texans,-1.5,-110,0.52380952,draftkings|60d0c074801985c1062795362a24200e|spreads|event,0.5,https://api.the-odds-api.com/v4/sports/americanfootball_nfl
2026,1,60d0c074801985c1062795362a24200e,2026-11-29T18:00:00Z,DraftKings,2026-09-10T19:06:24Z,Baltimore Ravens,Houston Texans,totals,Over,45.5,-110,0.52380952,draftkings|60d0c074801985c1062795362a24200e|totals|45.5,0.5,https://api.the-odds-api.com/v4/sports/americanfootball_nfl
2026,1,60d0c074801985c1062795362a24200e,2026-11-29T18:00:00Z,DraftKings,2026-09-10T19:06:24Z,Baltimore Ravens,Houston Texans,totals,Under,45.5,-110,0.52380952,draftkings|60d0c074801985c1062795362a24200e|totals|45.5,0.5,https://api.the-odds-api.com/v4/sports/americanfootball_nfl
2026,1,f7d3ae7a8fe2438cef7d7d7bc67e31db,2026-11-29T18:00:00Z,DraftKings,2026-09-10T19:06:24Z,New Orleans Saints,Cincinnati Bengals,h2h,Cincinnati Bengals,,-290,0.74358974,draftkings|f7d3ae7a8fe2438cef7d7d7bc67e31db|h2h|event,0.71355123,https://api.the-odds-api.com/v4/sports/americanfootball_nfl
2026,1,f7d3ae7a8fe2438cef7d7d7bc67e31db,2026-11-29T18:00:00Z,DraftKings,2026-09-10T19:06:24Z,New Orleans Saints,Cincinnati Bengals,h2h,New Orleans Saints,,235,0.29850746,draftkings|f7d3ae7a8fe2438cef7d7d7bc67e31db|h2h|event,0.28644877,https://api.the-odds-api.com/v4/sports/americanfootball_nfl
2026,1,f7d3ae7a8fe2438cef7d7d7bc67e31db,2026-11-29T18:00:00Z,DraftKings,2026-09-10T19:06:24Z,New Orleans Saints,Cincinnati Bengals,spreads,Cincinnati Bengals,-6.5,-110,0.52380952,draftkings|f7d3ae7a8fe2438cef7d7d7bc67e31db|spreads|event,0.5,https://api.the-odds-api.com/v4/sports/americanfootball_nfl
2026,1,f7d3ae7a8fe2438cef7d7d7bc67e31db,2026-11-29T18:00:00Z,DraftKings,2026-09-10T19:06:24Z,New Orleans Saints,Cincinnati Bengals,spreads,New Orleans Saints,6.5,-110,0.52380952,draftkings|f7d3ae7a8fe2438cef7d7d7bc67e31db|spreads|event,0.5,https://api.the-odds-api.com/v4/sports/americanfootball_nfl
2026,1,f7d3ae7a8fe2438cef7d7d7bc67e31db,2026-11-29T18:00:00Z,DraftKings,2026-09-10T19:06:24Z,New Orleans Saints,Cincinnati Bengals,totals,Over,48.5,-110,0.52380952,draftkings|f7d3ae7a8fe2438cef7d7d7bc67e31db|totals|48.5,0.5,https://api.the-odds-api.com/v4/sports/americanfootball_nfl
2026,1,f7d3ae7a8fe2438cef7d7d7bc67e31db,2026-11-29T18:00:00Z,DraftKings,2026-09-10T19:06:24Z,New Orleans Saints,Cincinnati Bengals,totals,Under,48.5,-110,0.52380952,draftkings|f7d3ae7a8fe2438cef7d7d7bc67e31db|totals|48.5,0.5,https://api.the-odds-api.com/v4/sports/americanfootball_nfl
2026,1,f7d3ae7a8fe2438cef7d7d7bc67e31db,2026-11-29T18:00:00Z,BetUS,2026-09-10T19:06:57Z,New Orleans Saints,Cincinnati Bengals,spreads,Cincinnati Bengals,-6.5,-110,0.52380952,betus|f7d3ae7a8fe2438cef7d7d7bc67e31db|spreads|event,0.5,https://api.the-odds-api.com/v4/sports/americanfootball_nfl
2026,1,f7d3ae7a8fe2438cef7d7d7bc67e31db,2026-11-29T18:00:00Z,BetUS,2026-09-10T19:06:57Z,New Orleans Saints,Cincinnati Bengals,spreads,New Orleans Saints,6.5,-110,0.52380952,betus|f7d3ae7a8fe2438cef7d7d7bc67e31db|spreads|event,0.5,https://api.the-odds-api.com/v4/sports/americanfootball_nfl
2026,1,f7d3ae7a8fe2438cef7d7d7bc67e31db,2026-11-29T18:00:00Z,BetUS,2026-09-10T19:06:57Z,New Orleans Saints,Cincinnati Bengals,totals,Over,48.5,-110,0.52380952,betus|f7d3ae7a8fe2438cef7d7d7bc67e31db|totals|48.5,0.5,https://api.the-odds-api.com/v4/sports/americanfootball_nfl
2026,1,f7d3ae7a8fe2438cef7d7d7bc67e31db,2026-11-29T18:00:00Z,BetUS,2026-09-10T19:06:57Z,New Orleans Saints,Cincinnati Bengals,totals,Under,48.5,-110,0.52380952,betus|f7d3ae7a8fe2438cef7d7d7bc67e31db|totals|48.5,0.5,https://api.the-odds-api.com/v4/sports/americanfootball_nfl
2026,1,eaa993c3d62d6b5aeb6142cdd7862fd5,2026-11-29T18:00:00Z,DraftKings,2026-09-10T19:06:24Z,Las Vegas Raiders,Cleveland Browns,h2h,Cleveland Browns,,-122,0.54954955,draftkings|eaa993c3d62d6b5aeb6142cdd7862fd5|h2h|event,0.52608659,https://api.the-odds-api.com/v4/sports/americanfootball_nfl
2026,1,eaa993c3d62d6b5aeb6142cdd7862fd5,2026-11-29T18:00:00Z,DraftKings,2026-09-10T19:06:24Z,Las Vegas Raiders,Cleveland Browns,h2h,Las Vegas Raiders,,102,0.4950495,draftkings|eaa993c3d62d6b5aeb6142cdd7862fd5|h2h|event,0.47391341,https://api.the-odds-api.com/v4/sports/americanfootball_nfl
2026,1,eaa993c3d62d6b5aeb6142cdd7862fd5,2026-11-29T18:00:00Z,DraftKings,2026-09-10T19:06:24Z,Las Vegas Raiders,Cleveland Browns,spreads,Cleveland Browns,-1.5,-110,0.52380952,draftkings|eaa993c3d62d6b5aeb6142cdd7862fd5|spreads|event,0.5,https://api.the-odds-api.com/v4/sports/americanfootball_nfl
2026,1,eaa993c3d62d6b5aeb6142cdd7862fd5,2026-11-29T18:00:00Z,DraftKings,2026-09-10T19:06:24Z,Las Vegas Raiders,Cleveland Browns,spreads,Las Vegas Raiders,1.5,-110,0.52380952,draftkings|eaa993c3d62d6b5aeb6142cdd7862fd5|spreads|event,0.5,https://api.the-odds-api.com/v4/sports/americanfootball_nfl
2026,1,eaa993c3d62d6b5aeb6142cdd7862fd5,2026-11-29T18:00:00Z,DraftKings,2026-09-10T19:06:24Z,Las Vegas Raiders,Cleveland Browns,totals,Over,39.5,-110,0.52380952,draftkings|eaa993c3d62d6b5aeb6142cdd7862fd5|totals|39.5,0.5,https://api.the-odds-api.com/v4/sports/americanfootball_nfl
2026,1,eaa993c3d62d6b5aeb6142cdd7862fd5,2026-11-29T18:00:00Z,DraftKings,2026-09-10T19:06:24Z,Las Vegas Raiders,Cleveland Browns,totals,Under,39.5,-110,0.52380952,draftkings|eaa993c3d62d6b5aeb6142cdd7862fd5|totals|39.5,0.5,https://api.the-odds-api.com/v4/sports/americanfootball_nfl
2026,1,e9da808e36e1b7475698a57465ad4519,2026-11-29T18:00:00Z,DraftKings,2026-09-10T19:06:24Z,New York Giants,Indianapolis Colts,h2h,Indianapolis Colts,,-142,0.58677686,draftkings|e9da808e36e1b7475698a57465ad4519|h2h|event,0.56349207,https://api.the-odds-api.com/v4/sports/americanfootball_nfl
2026,1,e9da808e36e1b7475698a57465ad4519,2026-11-29T18:00:00Z,DraftKings,2026-09-10T19:06:24Z,New York Giants,Indianapolis Colts,h2h,New York Giants,,120,0.45454545,draftkings|e9da808e36e1b7475698a57465ad4519|h2h|event,0.43650793,https://api.the-odds-api.com/v4/sports/americanfootball_nfl
2026,1,e9da808e36e1b7475698a57465ad4519,2026-11-29T18:00:00Z,DraftKings,2026-09-10T19:06:24Z,New York Giants,Indianapolis Colts,spreads,Indianapolis Colts,-2.5,-110,0.52380952,draftkings|e9da808e36e1b7475698a57465ad4519|spreads|event,0.5,https://api.the-odds-api.com/v4/sports/americanfootball_nfl
2026,1,e9da808e36e1b7475698a57465ad4519,2026-11-29T18:00:00Z,DraftKings,2026-09-10T19:06:24Z,New York Giants,Indianapolis Colts,spreads,New York Giants,2.5,-110,0.52380952,draftkings|e9da808e36e1b7475698a57465ad4519|spreads|event,0.5,https://api.the-odds-api.com/v4/sports/americanfootball_nfl
2026,1,e9da808e36e1b7475698a57465ad4519,2026-11-29T18:00:00Z,DraftKings,2026-09-10T19:06:24Z,New York Giants,Indianapolis Colts,totals,Over,47.5,-110,0.52380952,draftkings|e9da808e36e1b7475698a57465ad4519|totals|47.5,0.5,https://api.the-odds-api.com/v4/sports/americanfootball_nfl
2026,1,e9da808e36e1b7475698a57465ad4519,2026-11-29T18:00:00Z,DraftKings,2026-09-10T19:06:24Z,New York Giants,Indianapolis Colts,totals,Under,47.5,-110,0.52380952,draftkings|e9da808e36e1b7475698a57465ad4519|totals|47.5,0.5,https://api.the-odds-api.com/v4/sports/americanfootball_nfl
2026,1,81a8fee5b649a3ad5ad59e9528f2f376,2026-11-29T18:00:00Z,DraftKings,2026-09-10T19:06:24Z,Tennessee Titans,Jacksonville Jaguars,h2h,Jacksonville Jaguars,,-238,0.70414201,draftkings|81a8fee5b649a3ad5ad59e9528f2f376|h2h|event,0.67503125,https://api.the-odds-api.com/v4/sports/americanfootball_nfl
2026,1,81a8fee5b649a3ad5ad59e9528f2f376,2026-11-29T18:00:00Z,DraftKings,2026-09-10T19:06:24Z,Tennessee Titans,Jacksonville Jaguars,h2h,Tennessee Titans,,195,0.33898305,draftkings|81a8fee5b649a3ad5ad59e9528f2f376|h2h|event,0.32496875,https://api.the-odds-api.com/v4/sports/americanfootball_nfl
2026,1,81a8fee5b649a3ad5ad59e9528f2f376,2026-11-29T18:00:00Z,DraftKings,2026-09-10T19:06:24Z,Tennessee Titans,Jacksonville Jaguars,spreads,Jacksonville Jaguars,-5.5,-110,0.52380952,draftkings|81a8fee5b649a3ad5ad59e9528f2f376|spreads|event,0.5,https://api.the-odds-api.com/v4/sports/americanfootball_nfl
2026,1,81a8fee5b649a3ad5ad59e9528f2f376,2026-11-29T18:00:00Z,DraftKings,2026-09-10T19:06:24Z,Tennessee Titans,Jacksonville Jaguars,spreads,Tennessee Titans,5.5,-110,0.52380952,draftkings|81a8fee5b649a3ad5ad59e9528f2f376|spreads|event,0.5,https://api.the-odds-api.com/v4/sports/americanfootball_nfl
2026,1,81a8fee5b649a3ad5ad59e9528f2f376,2026-11-29T18:00:00Z,DraftKings,2026-09-10T19:06:24Z,Tennessee Titans,Jacksonville Jaguars,totals,Over,45.5,-110,0.52380952,draftkings|81a8fee5b649a3ad5ad59e9528f2f376|totals|45.5,0.5,https://api.the-odds-api.com/v4/sports/americanfootball_nfl
2026,1,81a8fee5b649a3ad5ad59e9528f2f376,2026-11-29T18:00:00Z,DraftKings,2026-09-10T19:06:24Z,Tennessee Titans,Jacksonville Jaguars,totals,Under,45.5,-110,0.52380952,draftkings|81a8fee5b649a3ad5ad59e9528f2f376|totals|45.5,0.5,https://api.the-odds-api.com/v4/sports/americanfootball_nfl
2026,1,81a8fee5b649a3ad5ad59e9528f2f376,2026-11-29T18:00:00Z,BetUS,2026-09-10T19:06:57Z,Tennessee Titans,Jacksonville Jaguars,spreads,Jacksonville Jaguars,-5.5,-110,0.52380952,betus|81a8fee5b649a3ad5ad59e9528f2f376|spreads|event,0.5,https://api.the-odds-api.com/v4/sports/americanfootball_nfl
2026,1,81a8fee5b649a3ad5ad59e9528f2f376,2026-11-29T18:00:00Z,BetUS,2026-09-10T19:06:57Z,Tennessee Titans,Jacksonville Jaguars,spreads,Tennessee Titans,5.5,-110,0.52380952,betus|81a8fee5b649a3ad5ad59e9528f2f376|spreads|event,0.5,https://api.the-odds-api.com/v4/sports/americanfootball_nfl
2026,1,81a8fee5b649a3ad5ad59e9528f2f376,2026-11-29T18:00:00Z,BetUS,2026-09-10T19:06:57Z,Tennessee Titans,Jacksonville Jaguars,totals,Over,45.5,-110,0.52380952,betus|81a8fee5b649a3ad5ad59e9528f2f376|totals|45.5,0.5,https://api.the-odds-api.com/v4/sports/americanfootball_nfl
2026,1,81a8fee5b649a3ad5ad59e9528f2f376,2026-11-29T18:00:00Z,BetUS,2026-09-10T19:06:57Z,Tennessee Titans,Jacksonville Jaguars,totals,Under,45.5,-110,0.52380952,betus|81a8fee5b649a3ad5ad59e9528f2f376|totals|45.5,0.5,https://api.the-odds-api.com/v4/sports/americanfootball_nfl
2026,1,5ea0e3ea5944b0ad5169f21c0787b331,2026-11-29T18:00:00Z,DraftKings,2026-09-10T19:06:24Z,New York Jets,Miami Dolphins,h2h,Miami Dolphins,,-125,0.55555556,draftkings|5ea0e3ea5944b0ad5169f21c0787b331|h2h|event,0.53246753,https://api.the-odds-api.com/v4/sports/americanfootball_nfl
2026,1,5ea0e3ea5944b0ad5169f21c0787b331,2026-11-29T18:00:00Z,DraftKings,2026-09-10T19:06:24Z,New York Jets,Miami Dolphins,h2h,New York Jets,,105,0.48780488,draftkings|5ea0e3ea5944b0ad5169f21c0787b331|h2h|event,0.46753247,https://api.the-odds-api.com/v4/sports/americanfootball_nfl
2026,1,5ea0e3ea5944b0ad5169f21c0787b331,2026-11-29T18:00:00Z,DraftKings,2026-09-10T19:06:24Z,New York Jets,Miami Dolphins,spreads,Miami Dolphins,-1.5,-110,0.52380952,draftkings|5ea0e3ea5944b0ad5169f21c0787b331|spreads|event,0.5,https://api.the-odds-api.com/v4/sports/americanfootball_nfl
2026,1,5ea0e3ea5944b0ad5169f21c0787b331,2026-11-29T18:00:00Z,DraftKings,2026-09-10T19:06:24Z,New York Jets,Miami Dolphins,spreads,New York Jets,1.5,-110,0.52380952,draftkings|5ea0e3ea5944b0ad5169f21c0787b331|spreads|event,0.5,https://api.the-odds-api.com/v4/sports/americanfootball_nfl
2026,1,5ea0e3ea5944b0ad5169f21c0787b331,2026-11-29T18:00:00Z,DraftKings,2026-09-10T19:06:24Z,New York Jets,Miami Dolphins,totals,Over,40.5,-110,0.52380952,draftkings|5ea0e3ea5944b0ad5169f21c0787b331|totals|40.5,0.5,https://api.the-odds-api.com/v4/sports/americanfootball_nfl
2026,1,5ea0e3ea5944b0ad5169f21c0787b331,2026-11-29T18:00:00Z,DraftKings,2026-09-10T19:06:24Z,New York Jets,Miami Dolphins,totals,Under,40.5,-110,0.52380952,draftkings|5ea0e3ea5944b0ad5169f21c0787b331|totals|40.5,0.5,https://api.the-odds-api.com/v4/sports/americanfootball_nfl
2026,1,69a1dbe9de3d3212c3a7a55be5d204ab,2026-11-29T21:25:00Z,DraftKings,2026-09-10T19:06:24Z,Washington Commanders,Arizona Cardinals,h2h,Arizona Cardinals,,180,0.35714286,draftkings|69a1dbe9de3d3212c3a7a55be5d204ab|h2h|event,0.34252478,https://api.the-odds-api.com/v4/sports/americanfootball_nfl
2026,1,69a1dbe9de3d3212c3a7a55be5d204ab,2026-11-29T21:25:00Z,DraftKings,2026-09-10T19:06:24Z,Washington Commanders,Arizona Cardinals,h2h,Washington Commanders,,-218,0.68553459,draftkings|69a1dbe9de3d3212c3a7a55be5d204ab|h2h|event,0.65747522,https://api.the-odds-api.com/v4/sports/americanfootball_nfl
2026,1,69a1dbe9de3d3212c3a7a55be5d204ab,2026-11-29T21:25:00Z,DraftKings,2026-09-10T19:06:24Z,Washington Commanders,Arizona Cardinals,spreads,Arizona Cardinals,4.5,-110,0.52380952,draftkings|69a1dbe9de3d3212c3a7a55be5d204ab|spreads|event,0.5,https://api.the-odds-api.com/v4/sports/americanfootball_nfl
2026,1,69a1dbe9de3d3212c3a7a55be5d204ab,2026-11-29T21:25:00Z,DraftKings,2026-09-10T19:06:24Z,Washington Commanders,Arizona Cardinals,spreads,Washington Commanders,-4.5,-110,0.52380952,draftkings|69a1dbe9de3d3212c3a7a55be5d204ab|spreads|event,0.5,https://api.the-odds-api.com/v4/sports/americanfootball_nfl
2026,1,69a1dbe9de3d3212c3a7a55be5d204ab,2026-11-29T21:25:00Z,DraftKings,2026-09-10T19:06:24Z,Washington Commanders,Arizona Cardinals,totals,Over,47.5,-110,0.52380952,draftkings|69a1dbe9de3d3212c3a7a55be5d204ab|totals|47.5,0.5,https://api.the-odds-api.com/v4/sports/americanfootball_nfl
2026,1,69a1dbe9de3d3212c3a7a55be5d204ab,2026-11-29T21:25:00Z,DraftKings,2026-09-10T19:06:24Z,Washington Commanders,Arizona Cardinals,totals,Under,47.5,-110,0.52380952,draftkings|69a1dbe9de3d3212c3a7a55be5d204ab|totals|47.5,0.5,https://api.the-odds-api.com/v4/sports/americanfootball_nfl
2026,1,69a1dbe9de3d3212c3a7a55be5d204ab,2026-11-29T21:25:00Z,BetUS,2026-09-10T19:06:57Z,Washington Commanders,Arizona Cardinals,spreads,Arizona Cardinals,4.5,-110,0.52380952,betus|69a1dbe9de3d3212c3a7a55be5d204ab|spreads|event,0.5,https://api.the-odds-api.com/v4/sports/americanfootball_nfl
2026,1,69a1dbe9de3d3212c3a7a55be5d204ab,2026-11-29T21:25:00Z,BetUS,2026-09-10T19:06:57Z,Washington Commanders,Arizona Cardinals,spreads,Washington Commanders,-4.5,-110,0.52380952,betus|69a1dbe9de3d3212c3a7a55be5d204ab|spreads|event,0.5,https://api.the-odds-api.com/v4/sports/americanfootball_nfl
2026,1,69a1dbe9de3d3212c3a7a55be5d204ab,2026-11-29T21:25:00Z,BetUS,2026-09-10T19:06:57Z,Washington Commanders,Arizona Cardinals,totals,Over,47.5,-110,0.52380952,betus|69a1dbe9de3d3212c3a7a55be5d204ab|totals|47.5,0.5,https://api.the-odds-api.com/v4/sports/americanfootball_nfl
2026,1,69a1dbe9de3d3212c3a7a55be5d204ab,2026-11-29T21:25:00Z,BetUS,2026-09-10T19:06:57Z,Washington Commanders,Arizona Cardinals,totals,Under,47.5,-110,0.52380952,betus|69a1dbe9de3d3212c3a7a55be5d204ab|totals|47.5,0.5,https://api.the-odds-api.com/v4/sports/americanfootball_nfl
2026,1,2cdaecba7c0bff9b58a48a82e6ee17a7,2026-12-01T01:15:00Z,DraftKings,2026-09-10T19:06:24Z,Carolina Panthers,Tampa Bay Buccaneers,h2h,Carolina Panthers,,160,0.38461538,draftkings|2cdaecba7c0bff9b58a48a82e6ee17a7|h2h|event,0.36905965,https://api.the-odds-api.com/v4/sports/americanfootball_nfl
2026,1,2cdaecba7c0bff9b58a48a82e6ee17a7,2026-12-01T01:15:00Z,DraftKings,2026-09-10T19:06:24Z,Carolina Panthers,Tampa Bay Buccaneers,h2h,Tampa Bay Buccaneers,,-192,0.65753425,draftkings|2cdaecba7c0bff9b58a48a82e6ee17a7|h2h|event,0.63094035,https://api.the-odds-api.com/v4/sports/americanfootball_nfl
2026,1,2cdaecba7c0bff9b58a48a82e6ee17a7,2026-12-01T01:15:00Z,DraftKings,2026-09-10T19:06:24Z,Carolina Panthers,Tampa Bay Buccaneers,spreads,Carolina Panthers,3.5,-110,0.52380952,draftkings|2cdaecba7c0bff9b58a48a82e6ee17a7|spreads|event,0.5,https://api.the-odds-api.com/v4/sports/americanfootball_nfl
2026,1,2cdaecba7c0bff9b58a48a82e6ee17a7,2026-12-01T01:15:00Z,DraftKings,2026-09-10T19:06:24Z,Carolina Panthers,Tampa Bay Buccaneers,spreads,Tampa Bay Buccaneers,-3.5,-110,0.52380952,draftkings|2cdaecba7c0bff9b58a48a82e6ee17a7|spreads|event,0.5,https://api.the-odds-api.com/v4/sports/americanfootball_nfl
2026,1,2cdaecba7c0bff9b58a48a82e6ee17a7,2026-12-01T01:15:00Z,DraftKings,2026-09-10T19:06:24Z,Carolina Panthers,Tampa Bay Buccaneers,totals,Over,44.5,-110,0.52380952,draftkings|2cdaecba7c0bff9b58a48a82e6ee17a7|totals|44.5,0.5,https://api.the-odds-api.com/v4/sports/americanfootball_nfl
2026,1,2cdaecba7c0bff9b58a48a82e6ee17a7,2026-12-01T01:15:00Z,DraftKings,2026-09-10T19:06:24Z,Carolina Panthers,Tampa Bay Buccaneers,totals,Under,44.5,-110,0.52380952,draftkings|2cdaecba7c0bff9b58a48a82e6ee17a7|totals|44.5,0.5,https://api.the-odds-api.com/v4/sports/americanfootball_nfl
2026,1,2cdaecba7c0bff9b58a48a82e6ee17a7,2026-12-01T01:15:00Z,BetUS,2026-09-10T19:06:57Z,Carolina Panthers,Tampa Bay Buccaneers,spreads,Carolina Panthers,3.5,-110,0.52380952,betus|2cdaecba7c0bff9b58a48a82e6ee17a7|spreads|event,0.5,https://api.the-odds-api.com/v4/sports/americanfootball_nfl
2026,1,2cdaecba7c0bff9b58a48a82e6ee17a7,2026-12-01T01:15:00Z,BetUS,2026-09-10T19:06:57Z,Carolina Panthers,Tampa Bay Buccaneers,spreads,Tampa Bay Buccaneers,-3.5,-110,0.52380952,betus|2cdaecba7c0bff9b58a48a82e6ee17a7|spreads|event,0.5,https://api.the-odds-api.com/v4/sports/americanfootball_nfl
2026,1,2cdaecba7c0bff9b58a48a82e6ee17a7,2026-12-01T01:15:00Z,BetUS,2026-09-10T19:06:57Z,Carolina Panthers,Tampa Bay Buccaneers,totals,Over,44.5,-110,0.52380952,betus|2cdaecba7c0bff9b58a48a82e6ee17a7|totals|44.5,0.5,https://api.the-odds-api.com/v4/sports/americanfootball_nfl
2026,1,2cdaecba7c0bff9b58a48a82e6ee17a7,2026-12-01T01:15:00Z,BetUS,2026-09-10T19:06:57Z,Carolina Panthers,Tampa Bay Buccaneers,totals,Under,44.5,-110,0.52380952,betus|2cdaecba7c0bff9b58a48a82e6ee17a7|totals|44.5,0.5,https://api.the-odds-api.com/v4/sports/americanfootball_nfl
2026,1,06e52a676b516186989e3b181a37c8a7,2026-12-04T01:15:00Z,DraftKings,2026-09-10T19:06:24Z,Kansas City Chiefs,Los Angeles Rams,h2h,Kansas City Chiefs,,170,0.37037037,draftkings|06e52a676b516186989e3b181a37c8a7|h2h|event,0.35527082,https://api.the-odds-api.com/v4/sports/americanfootball_nfl
2026,1,06e52a676b516186989e3b181a37c8a7,2026-12-04T01:15:00Z,DraftKings,2026-09-10T19:06:24Z,Kansas City Chiefs,Los Angeles Rams,h2h,Los Angeles Rams,,-205,0.67213115,draftkings|06e52a676b516186989e3b181a37c8a7|h2h|event,0.64472918,https://api.the-odds-api.com/v4/sports/americanfootball_nfl
2026,1,06e52a676b516186989e3b181a37c8a7,2026-12-04T01:15:00Z,DraftKings,2026-09-10T19:06:24Z,Kansas City Chiefs,Los Angeles Rams,spreads,Kansas City Chiefs,3.5,-105,0.51219512,draftkings|06e52a676b516186989e3b181a37c8a7|spreads|event,0.48916576,https://api.the-odds-api.com/v4/sports/americanfootball_nfl
2026,1,06e52a676b516186989e3b181a37c8a7,2026-12-04T01:15:00Z,DraftKings,2026-09-10T19:06:24Z,Kansas City Chiefs,Los Angeles Rams,spreads,Los Angeles Rams,-3.5,-115,0.53488372,draftkings|06e52a676b516186989e3b181a37c8a7|spreads|event,0.51083424,https://api.the-odds-api.com/v4/sports/americanfootball_nfl
2026,1,06e52a676b516186989e3b181a37c8a7,2026-12-04T01:15:00Z,DraftKings,2026-09-10T19:06:24Z,Kansas City Chiefs,Los Angeles Rams,totals,Over,47.5,-110,0.52380952,draftkings|06e52a676b516186989e3b181a37c8a7|totals|47.5,0.5,https://api.the-odds-api.com/v4/sports/americanfootball_nfl
2026,1,06e52a676b516186989e3b181a37c8a7,2026-12-04T01:15:00Z,DraftKings,2026-09-10T19:06:24Z,Kansas City Chiefs,Los Angeles Rams,totals,Under,47.5,-110,0.52380952,draftkings|06e52a676b516186989e3b181a37c8a7|totals|47.5,0.5,https://api.the-odds-api.com/v4/sports/americanfootball_nfl
2026,1,c94419ba8fb818fc36a5b21b526aab75,2026-12-06T18:00:00Z,DraftKings,2026-09-10T19:06:24Z,Detroit Lions,Atlanta Falcons,h2h,Atlanta Falcons,,154,0.39370079,draftkings|c94419ba8fb818fc36a5b21b526aab75|h2h|event,0.37753345,https://api.the-odds-api.com/v4/sports/americanfootball_nfl
2026,1,c94419ba8fb818fc36a5b21b526aab75,2026-12-06T18:00:00Z,DraftKings,2026-09-10T19:06:24Z,Detroit Lions,Atlanta Falcons,h2h,Detroit Lions,,-185,0.64912281,draftkings|c94419ba8fb818fc36a5b21b526aab75|h2h|event,0.62246655,https://api.the-odds-api.com/v4/sports/americanfootball_nfl
2026,1,c94419ba8fb818fc36a5b21b526aab75,2026-12-06T18:00:00Z,DraftKings,2026-09-10T19:06:24Z,Detroit Lions,Atlanta Falcons,spreads,Atlanta Falcons,3.5,-110,0.52380952,draftkings|c94419ba8fb818fc36a5b21b526aab75|spreads|event,0.5,https://api.the-odds-api.com/v4/sports/americanfootball_nfl
2026,1,c94419ba8fb818fc36a5b21b526aab75,2026-12-06T18:00:00Z,DraftKings,2026-09-10T19:06:24Z,Detroit Lions,Atlanta Falcons,spreads,Detroit Lions,-3.5,-110,0.52380952,draftkings|c94419ba8fb818fc36a5b21b526aab75|spreads|event,0.5,https://api.the-odds-api.com/v4/sports/americanfootball_nfl
2026,1,c94419ba8fb818fc36a5b21b526aab75,2026-12-06T18:00:00Z,DraftKings,2026-09-10T19:06:24Z,Detroit Lions,Atlanta Falcons,totals,Over,48.5,-110,0.52380952,draftkings|c94419ba8fb818fc36a5b21b526aab75|totals|48.5,0.5,https://api.the-odds-api.com/v4/sports/americanfootball_nfl
2026,1,c94419ba8fb818fc36a5b21b526aab75,2026-12-06T18:00:00Z,DraftKings,2026-09-10T19:06:24Z,Detroit Lions,Atlanta Falcons,totals,Under,48.5,-110,0.52380952,draftkings|c94419ba8fb818fc36a5b21b526aab75|totals|48.5,0.5,https://api.the-odds-api.com/v4/sports/americanfootball_nfl
2026,1,0236f9aa68d65ea03bd1ca025b749c20,2026-12-06T18:00:00Z,DraftKings,2026-09-10T19:06:24Z,Jacksonville Jaguars,Chicago Bears,h2h,Chicago Bears,,-155,0.60784314,draftkings|0236f9aa68d65ea03bd1ca025b749c20|h2h|event,0.58299264,https://api.the-odds-api.com/v4/sports/americanfootball_nfl
2026,1,0236f9aa68d65ea03bd1ca025b749c20,2026-12-06T18:00:00Z,DraftKings,2026-09-10T19:06:24Z,Jacksonville Jaguars,Chicago Bears,h2h,Jacksonville Jaguars,,130,0.43478261,draftkings|0236f9aa68d65ea03bd1ca025b749c20|h2h|event,0.41700736,https://api.the-odds-api.com/v4/sports/americanfootball_nfl
2026,1,0236f9aa68d65ea03bd1ca025b749c20,2026-12-06T18:00:00Z,DraftKings,2026-09-10T19:06:24Z,Jacksonville Jaguars,Chicago Bears,spreads,Chicago Bears,-3.0,-105,0.51219512,draftkings|0236f9aa68d65ea03bd1ca025b749c20|spreads|event,0.48916576,https://api.the-odds-api.com/v4/sports/americanfootball_nfl
2026,1,0236f9aa68d65ea03bd1ca025b749c20,2026-12-06T18:00:00Z,DraftKings,2026-09-10T19:06:24Z,Jacksonville Jaguars,Chicago Bears,spreads,Jacksonville Jaguars,3.0,-115,0.53488372,draftkings|0236f9aa68d65ea03bd1ca025b749c20|spreads|event,0.51083424,https://api.the-odds-api.com/v4/sports/americanfootball_nfl
2026,1,0236f9aa68d65ea03bd1ca025b749c20,2026-12-06T18:00:00Z,DraftKings,2026-09-10T19:06:24Z,Jacksonville Jaguars,Chicago Bears,totals,Over,47.5,-110,0.52380952,draftkings|0236f9aa68d65ea03bd1ca025b749c20|totals|47.5,0.5,https://api.the-odds-api.com/v4/sports/americanfootball_nfl
2026,1,0236f9aa68d65ea03bd1ca025b749c20,2026-12-06T18:00:00Z,DraftKings,2026-09-10T19:06:24Z,Jacksonville Jaguars,Chicago Bears,totals,Under,47.5,-110,0.52380952,draftkings|0236f9aa68d65ea03bd1ca025b749c20|totals|47.5,0.5,https://api.the-odds-api.com/v4/sports/americanfootball_nfl
2026,1,b447fab53534af892f98a74eae26c1c6,2026-12-06T18:00:00Z,DraftKings,2026-09-10T19:06:24Z,Cincinnati Bengals,Cleveland Browns,h2h,Cincinnati Bengals,,-218,0.68553459,draftkings|b447fab53534af892f98a74eae26c1c6|h2h|event,0.65747522,https://api.the-odds-api.com/v4/sports/americanfootball_nfl
2026,1,b447fab53534af892f98a74eae26c1c6,2026-12-06T18:00:00Z,DraftKings,2026-09-10T19:06:24Z,Cincinnati Bengals,Cleveland Browns,h2h,Cleveland Browns,,180,0.35714286,draftkings|b447fab53534af892f98a74eae26c1c6|h2h|event,0.34252478,https://api.the-odds-api.com/v4/sports/americanfootball_nfl
2026,1,b447fab53534af892f98a74eae26c1c6,2026-12-06T18:00:00Z,DraftKings,2026-09-10T19:06:24Z,Cincinnati Bengals,Cleveland Browns,spreads,Cincinnati Bengals,-4.5,-110,0.52380952,draftkings|b447fab53534af892f98a74eae26c1c6|spreads|event,0.5,https://api.the-odds-api.com/v4/sports/americanfootball_nfl
2026,1,b447fab53534af892f98a74eae26c1c6,2026-12-06T18:00:00Z,DraftKings,2026-09-10T19:06:24Z,Cincinnati Bengals,Cleveland Browns,spreads,Cleveland Browns,4.5,-110,0.52380952,draftkings|b447fab53534af892f98a74eae26c1c6|spreads|event,0.5,https://api.the-odds-api.com/v4/sports/americanfootball_nfl
2026,1,b447fab53534af892f98a74eae26c1c6,2026-12-06T18:00:00Z,DraftKings,2026-09-10T19:06:24Z,Cincinnati Bengals,Cleveland Browns,totals,Over,45.5,-110,0.52380952,draftkings|b447fab53534af892f98a74eae26c1c6|totals|45.5,0.5,https://api.the-odds-api.com/v4/sports/americanfootball_nfl
2026,1,b447fab53534af892f98a74eae26c1c6,2026-12-06T18:00:00Z,DraftKings,2026-09-10T19:06:24Z,Cincinnati Bengals,Cleveland Browns,totals,Under,45.5,-110,0.52380952,draftkings|b447fab53534af892f98a74eae26c1c6|totals|45.5,0.5,https://api.the-odds-api.com/v4/sports/americanfootball_nfl
2026,1,9a55467e1cd6310ae2af20d8154612e1,2026-12-06T18:00:00Z,DraftKings,2026-09-10T19:06:24Z,Miami Dolphins,Denver Broncos,h2h,Denver Broncos,,-455,0.81981982,draftkings|9a55467e1cd6310ae2af20d8154612e1|h2h|event,0.78674352,https://api.the-odds-api.com/v4/sports/americanfootball_nfl
2026,1,9a55467e1cd6310ae2af20d8154612e1,2026-12-06T18:00:00Z,DraftKings,2026-09-10T19:06:24Z,Miami Dolphins,Denver Broncos,h2h,Miami Dolphins,,350,0.22222222,draftkings|9a55467e1cd6310ae2af20d8154612e1|h2h|event,0.21325648,https://api.the-odds-api.com/v4/sports/americanfootball_nfl
2026,1,9a55467e1cd6310ae2af20d8154612e1,2026-12-06T18:00:00Z,DraftKings,2026-09-10T19:06:24Z,Miami Dolphins,Denver Broncos,spreads,Denver Broncos,-9.5,-110,0.52380952,draftkings|9a55467e1cd6310ae2af20d8154612e1|spreads|event,0.5,https://api.the-odds-api.com/v4/sports/americanfootball_nfl
2026,1,9a55467e1cd6310ae2af20d8154612e1,2026-12-06T18:00:00Z,DraftKings,2026-09-10T19:06:24Z,Miami Dolphins,Denver Broncos,spreads,Miami Dolphins,9.5,-110,0.52380952,draftkings|9a55467e1cd6310ae2af20d8154612e1|spreads|event,0.5,https://api.the-odds-api.com/v4/sports/americanfootball_nfl
2026,1,9a55467e1cd6310ae2af20d8154612e1,2026-12-06T18:00:00Z,DraftKings,2026-09-10T19:06:24Z,Miami Dolphins,Denver Broncos,totals,Over,42.5,-110,0.52380952,draftkings|9a55467e1cd6310ae2af20d8154612e1|totals|42.5,0.5,https://api.the-odds-api.com/v4/sports/americanfootball_nfl
2026,1,9a55467e1cd6310ae2af20d8154612e1,2026-12-06T18:00:00Z,DraftKings,2026-09-10T19:06:24Z,Miami Dolphins,Denver Broncos,totals,Under,42.5,-110,0.52380952,draftkings|9a55467e1cd6310ae2af20d8154612e1|totals|42.5,0.5,https://api.the-odds-api.com/v4/sports/americanfootball_nfl
2026,1,1ccb61b811b7aae4270df22a67e6459f,2026-12-06T18:00:00Z,DraftKings,2026-09-10T19:06:24Z,Green Bay Packers,New Orleans Saints,h2h,Green Bay Packers,,-225,0.69230769,draftkings|1ccb61b811b7aae4270df22a67e6459f|h2h|event,0.66364813,https://api.the-odds-api.com/v4/sports/americanfootball_nfl
2026,1,1ccb61b811b7aae4270df22a67e6459f,2026-12-06T18:00:00Z,DraftKings,2026-09-10T19:06:24Z,Green Bay Packers,New Orleans Saints,h2h,New Orleans Saints,,185,0.35087719,draftkings|1ccb61b811b7aae4270df22a67e6459f|h2h|event,0.33635187,https://api.the-odds-api.com/v4/sports/americanfootball_nfl
2026,1,1ccb61b811b7aae4270df22a67e6459f,2026-12-06T18:00:00Z,DraftKings,2026-09-10T19:06:24Z,Green Bay Packers,New Orleans Saints,spreads,Green Bay Packers,-4.5,-110,0.52380952,draftkings|1ccb61b811b7aae4270df22a67e6459f|spreads|event,0.5,https://api.the-odds-api.com/v4/sports/americanfootball_nfl
2026,1,1ccb61b811b7aae4270df22a67e6459f,2026-12-06T18:00:00Z,DraftKings,2026-09-10T19:06:24Z,Green Bay Packers,New Orleans Saints,spreads,New Orleans Saints,4.5,-110,0.52380952,draftkings|1ccb61b811b7aae4270df22a67e6459f|spreads|event,0.5,https://api.the-odds-api.com/v4/sports/americanfootball_nfl
2026,1,1ccb61b811b7aae4270df22a67e6459f,2026-12-06T18:00:00Z,DraftKings,2026-09-10T19:06:24Z,Green Bay Packers,New Orleans Saints,totals,Over,45.5,-110,0.52380952,draftkings|1ccb61b811b7aae4270df22a67e6459f|totals|45.5,0.5,https://api.the-odds-api.com/v4/sports/americanfootball_nfl
2026,1,1ccb61b811b7aae4270df22a67e6459f,2026-12-06T18:00:00Z,DraftKings,2026-09-10T19:06:24Z,Green Bay Packers,New Orleans Saints,totals,Under,45.5,-110,0.52380952,draftkings|1ccb61b811b7aae4270df22a67e6459f|totals|45.5,0.5,https://api.the-odds-api.com/v4/sports/americanfootball_nfl
2026,1,1ccb61b811b7aae4270df22a67e6459f,2026-12-06T18:00:00Z,BetUS,2026-09-10T19:06:57Z,Green Bay Packers,New Orleans Saints,spreads,Green Bay Packers,-4.5,-110,0.52380952,betus|1ccb61b811b7aae4270df22a67e6459f|spreads|event,0.5,https://api.the-odds-api.com/v4/sports/americanfootball_nfl
2026,1,1ccb61b811b7aae4270df22a67e6459f,2026-12-06T18:00:00Z,BetUS,2026-09-10T19:06:57Z,Green Bay Packers,New Orleans Saints,spreads,New Orleans Saints,4.5,-110,0.52380952,betus|1ccb61b811b7aae4270df22a67e6459f|spreads|event,0.5,https://api.the-odds-api.com/v4/sports/americanfootball_nfl
2026,1,1ccb61b811b7aae4270df22a67e6459f,2026-12-06T18:00:00Z,BetUS,2026-09-10T19:06:57Z,Green Bay Packers,New Orleans Saints,totals,Over,45.5,-110,0.52380952,betus|1ccb61b811b7aae4270df22a67e6459f|totals|45.5,0.5,https://api.the-odds-api.com/v4/sports/americanfootball_nfl
2026,1,1ccb61b811b7aae4270df22a67e6459f,2026-12-06T18:00:00Z,BetUS,2026-09-10T19:06:57Z,Green Bay Packers,New Orleans Saints,totals,Under,45.5,-110,0.52380952,betus|1ccb61b811b7aae4270df22a67e6459f|totals|45.5,0.5,https://api.the-odds-api.com/v4/sports/americanfootball_nfl
2026,1,f8a92363386bd337975650879086cca6,2026-12-06T18:00:00Z,DraftKings,2026-09-10T19:06:24Z,Los Angeles Chargers,Tampa Bay Buccaneers,h2h,Los Angeles Chargers,,-142,0.58677686,draftkings|f8a92363386bd337975650879086cca6|h2h|event,0.56349207,https://api.the-odds-api.com/v4/sports/americanfootball_nfl
2026,1,f8a92363386bd337975650879086cca6,2026-12-06T18:00:00Z,DraftKings,2026-09-10T19:06:24Z,Los Angeles Chargers,Tampa Bay Buccaneers,h2h,Tampa Bay Buccaneers,,120,0.45454545,draftkings|f8a92363386bd337975650879086cca6|h2h|event,0.43650793,https://api.the-odds-api.com/v4/sports/americanfootball_nfl
2026,1,f8a92363386bd337975650879086cca6,2026-12-06T18:00:00Z,DraftKings,2026-09-10T19:06:24Z,Los Angeles Chargers,Tampa Bay Buccaneers,spreads,Los Angeles Chargers,-2.5,-110,0.52380952,draftkings|f8a92363386bd337975650879086cca6|spreads|event,0.5,https://api.the-odds-api.com/v4/sports/americanfootball_nfl
2026,1,f8a92363386bd337975650879086cca6,2026-12-06T18:00:00Z,DraftKings,2026-09-10T19:06:24Z,Los Angeles Chargers,Tampa Bay Buccaneers,spreads,Tampa Bay Buccaneers,2.5,-110,0.52380952,draftkings|f8a92363386bd337975650879086cca6|spreads|event,0.5,https://api.the-odds-api.com/v4/sports/americanfootball_nfl
2026,1,f8a92363386bd337975650879086cca6,2026-12-06T18:00:00Z,DraftKings,2026-09-10T19:06:24Z,Los Angeles Chargers,Tampa Bay Buccaneers,totals,Over,46.5,-110,0.52380952,draftkings|f8a92363386bd337975650879086cca6|totals|46.5,0.5,https://api.the-odds-api.com/v4/sports/americanfootball_nfl
2026,1,f8a92363386bd337975650879086cca6,2026-12-06T18:00:00Z,DraftKings,2026-09-10T19:06:24Z,Los Angeles Chargers,Tampa Bay Buccaneers,totals,Under,46.5,-110,0.52380952,draftkings|f8a92363386bd337975650879086cca6|totals|46.5,0.5,https://api.the-odds-api.com/v4/sports/americanfootball_nfl
2026,1,f8a92363386bd337975650879086cca6,2026-12-06T18:00:00Z,BetUS,2026-09-10T19:06:57Z,Los Angeles Chargers,Tampa Bay Buccaneers,spreads,Los Angeles Chargers,-1.5,-110,0.52380952,betus|f8a92363386bd337975650879086cca6|spreads|event,0.5,https://api.the-odds-api.com/v4/sports/americanfootball_nfl
2026,1,f8a92363386bd337975650879086cca6,2026-12-06T18:00:00Z,BetUS,2026-09-10T19:06:57Z,Los Angeles Chargers,Tampa Bay Buccaneers,spreads,Tampa Bay Buccaneers,1.5,-110,0.52380952,betus|f8a92363386bd337975650879086cca6|spreads|event,0.5,https://api.the-odds-api.com/v4/sports/americanfootball_nfl
2026,1,f8a92363386bd337975650879086cca6,2026-12-06T18:00:00Z,BetUS,2026-09-10T19:06:57Z,Los Angeles Chargers,Tampa Bay Buccaneers,totals,Over,46.5,-110,0.52380952,betus|f8a92363386bd337975650879086cca6|totals|46.5,0.5,https://api.the-odds-api.com/v4/sports/americanfootball_nfl
2026,1,f8a92363386bd337975650879086cca6,2026-12-06T18:00:00Z,BetUS,2026-09-10T19:06:57Z,Los Angeles Chargers,Tampa Bay Buccaneers,totals,Under,46.5,-110,0.52380952,betus|f8a92363386bd337975650879086cca6|totals|46.5,0.5,https://api.the-odds-api.com/v4/sports/americanfootball_nfl
2026,1,a5495c3360b3bb13da76ba23a675c9ef,2026-12-06T18:00:00Z,DraftKings,2026-09-10T19:06:24Z,San Francisco 49ers,New York Giants,h2h,New York Giants,,140,0.41666667,draftkings|a5495c3360b3bb13da76ba23a675c9ef|h2h|event,0.40036123,https://api.the-odds-api.com/v4/sports/americanfootball_nfl
2026,1,a5495c3360b3bb13da76ba23a675c9ef,2026-12-06T18:00:00Z,DraftKings,2026-09-10T19:06:24Z,San Francisco 49ers,New York Giants,h2h,San Francisco 49ers,,-166,0.62406015,draftkings|a5495c3360b3bb13da76ba23a675c9ef|h2h|event,0.59963877,https://api.the-odds-api.com/v4/sports/americanfootball_nfl
2026,1,a5495c3360b3bb13da76ba23a675c9ef,2026-12-06T18:00:00Z,DraftKings,2026-09-10T19:06:24Z,San Francisco 49ers,New York Giants,spreads,New York Giants,3.0,-110,0.52380952,draftkings|a5495c3360b3bb13da76ba23a675c9ef|spreads|event,0.5,https://api.the-odds-api.com/v4/sports/americanfootball_nfl
2026,1,a5495c3360b3bb13da76ba23a675c9ef,2026-12-06T18:00:00Z,DraftKings,2026-09-10T19:06:24Z,San Francisco 49ers,New York Giants,spreads,San Francisco 49ers,-3.0,-110,0.52380952,draftkings|a5495c3360b3bb13da76ba23a675c9ef|spreads|event,0.5,https://api.the-odds-api.com/v4/sports/americanfootball_nfl
2026,1,a5495c3360b3bb13da76ba23a675c9ef,2026-12-06T18:00:00Z,DraftKings,2026-09-10T19:06:24Z,San Francisco 49ers,New York Giants,totals,Over,47.5,-110,0.52380952,draftkings|a5495c3360b3bb13da76ba23a675c9ef|totals|47.5,0.5,https://api.the-odds-api.com/v4/sports/americanfootball_nfl
2026,1,a5495c3360b3bb13da76ba23a675c9ef,2026-12-06T18:00:00Z,DraftKings,2026-09-10T19:06:24Z,San Francisco 49ers,New York Giants,totals,Under,47.5,-110,0.52380952,draftkings|a5495c3360b3bb13da76ba23a675c9ef|totals|47.5,0.5,https://api.the-odds-api.com/v4/sports/americanfootball_nfl
2026,1,ae3429e95ee704c7fd001cade20072d0,2026-12-06T18:00:00Z,DraftKings,2026-09-10T19:06:24Z,Washington Commanders,Tennessee Titans,h2h,Tennessee Titans,,105,0.48780488,draftkings|ae3429e95ee704c7fd001cade20072d0|h2h|event,0.46753247,https://api.the-odds-api.com/v4/sports/americanfootball_nfl
2026,1,ae3429e95ee704c7fd001cade20072d0,2026-12-06T18:00:00Z,DraftKings,2026-09-10T19:06:24Z,Washington Commanders,Tennessee Titans,h2h,Washington Commanders,,-125,0.55555556,draftkings|ae3429e95ee704c7fd001cade20072d0|h2h|event,0.53246753,https://api.the-odds-api.com/v4/sports/americanfootball_nfl
2026,1,ae3429e95ee704c7fd001cade20072d0,2026-12-06T18:00:00Z,DraftKings,2026-09-10T19:06:24Z,Washington Commanders,Tennessee Titans,spreads,Tennessee Titans,1.5,-110,0.52380952,draftkings|ae3429e95ee704c7fd001cade20072d0|spreads|event,0.5,https://api.the-odds-api.com/v4/sports/americanfootball_nfl
2026,1,ae3429e95ee704c7fd001cade20072d0,2026-12-06T18:00:00Z,DraftKings,2026-09-10T19:06:24Z,Washington Commanders,Tennessee Titans,spreads,Washington Commanders,-1.5,-110,0.52380952,draftkings|ae3429e95ee704c7fd001cade20072d0|spreads|event,0.5,https://api.the-odds-api.com/v4/sports/americanfootball_nfl
2026,1,ae3429e95ee704c7fd001cade20072d0,2026-12-06T18:00:00Z,DraftKings,2026-09-10T19:06:24Z,Washington Commanders,Tennessee Titans,totals,Over,46.5,-110,0.52380952,draftkings|ae3429e95ee704c7fd001cade20072d0|totals|46.5,0.5,https://api.the-odds-api.com/v4/sports/americanfootball_nfl
2026,1,ae3429e95ee704c7fd001cade20072d0,2026-12-06T18:00:00Z,DraftKings,2026-09-10T19:06:24Z,Washington Commanders,Tennessee Titans,totals,Under,46.5,-110,0.52380952,draftkings|ae3429e95ee704c7fd001cade20072d0|totals|46.5,0.5,https://api.the-odds-api.com/v4/sports/americanfootball_nfl
2026,1,ae3429e95ee704c7fd001cade20072d0,2026-12-06T18:00:00Z,BetUS,2026-09-10T19:06:57Z,Washington Commanders,Tennessee Titans,spreads,Tennessee Titans,1.5,-120,0.54545455,betus|ae3429e95ee704c7fd001cade20072d0|spreads|event,0.52173913,https://api.the-odds-api.com/v4/sports/americanfootball_nfl
2026,1,ae3429e95ee704c7fd001cade20072d0,2026-12-06T18:00:00Z,BetUS,2026-09-10T19:06:57Z,Washington Commanders,Tennessee Titans,spreads,Washington Commanders,-1.5,100,0.5,betus|ae3429e95ee704c7fd001cade20072d0|spreads|event,0.47826087,https://api.the-odds-api.com/v4/sports/americanfootball_nfl
2026,1,ae3429e95ee704c7fd001cade20072d0,2026-12-06T18:00:00Z,BetUS,2026-09-10T19:06:57Z,Washington Commanders,Tennessee Titans,totals,Over,46.5,-110,0.52380952,betus|ae3429e95ee704c7fd001cade20072d0|totals|46.5,0.5,https://api.the-odds-api.com/v4/sports/americanfootball_nfl
2026,1,ae3429e95ee704c7fd001cade20072d0,2026-12-06T18:00:00Z,BetUS,2026-09-10T19:06:57Z,Washington Commanders,Tennessee Titans,totals,Under,46.5,-110,0.52380952,betus|ae3429e95ee704c7fd001cade20072d0|totals|46.5,0.5,https://api.the-odds-api.com/v4/sports/americanfootball_nfl
2026,1,f4897f48a5351881280f7598bd826408,2026-12-06T21:05:00Z,DraftKings,2026-09-10T19:06:24Z,Philadelphia Eagles,Arizona Cardinals,h2h,Arizona Cardinals,,310,0.24390244,draftkings|f4897f48a5351881280f7598bd826408|h2h|event,0.2340979,https://api.the-odds-api.com/v4/sports/americanfootball_nfl
2026,1,f4897f48a5351881280f7598bd826408,2026-12-06T21:05:00Z,DraftKings,2026-09-10T19:06:24Z,Philadelphia Eagles,Arizona Cardinals,h2h,Philadelphia Eagles,,-395,0.7979798,draftkings|f4897f48a5351881280f7598bd826408|h2h|event,0.7659021,https://api.the-odds-api.com/v4/sports/americanfootball_nfl
2026,1,f4897f48a5351881280f7598bd826408,2026-12-06T21:05:00Z,DraftKings,2026-09-10T19:06:24Z,Philadelphia Eagles,Arizona Cardinals,spreads,Arizona Cardinals,8.5,-110,0.52380952,draftkings|f4897f48a5351881280f7598bd826408|spreads|event,0.5,https://api.the-odds-api.com/v4/sports/americanfootball_nfl
2026,1,f4897f48a5351881280f7598bd826408,2026-12-06T21:05:00Z,DraftKings,2026-09-10T19:06:24Z,Philadelphia Eagles,Arizona Cardinals,spreads,Philadelphia Eagles,-8.5,-110,0.52380952,draftkings|f4897f48a5351881280f7598bd826408|spreads|event,0.5,https://api.the-odds-api.com/v4/sports/americanfootball_nfl
2026,1,f4897f48a5351881280f7598bd826408,2026-12-06T21:05:00Z,DraftKings,2026-09-10T19:06:24Z,Philadelphia Eagles,Arizona Cardinals,totals,Over,43.5,-110,0.52380952,draftkings|f4897f48a5351881280f7598bd826408|totals|43.5,0.5,https://api.the-odds-api.com/v4/sports/americanfootball_nfl
2026,1,f4897f48a5351881280f7598bd826408,2026-12-06T21:05:00Z,DraftKings,2026-09-10T19:06:24Z,Philadelphia Eagles,Arizona Cardinals,totals,Under,43.5,-110,0.52380952,draftkings|f4897f48a5351881280f7598bd826408|totals|43.5,0.5,https://api.the-odds-api.com/v4/sports/americanfootball_nfl
2026,1,f4897f48a5351881280f7598bd826408,2026-12-06T21:05:00Z,BetUS,2026-09-10T19:06:57Z,Philadelphia Eagles,Arizona Cardinals,spreads,Arizona Cardinals,8.5,-110,0.52380952,betus|f4897f48a5351881280f7598bd826408|spreads|event,0.5,https://api.the-odds-api.com/v4/sports/americanfootball_nfl
2026,1,f4897f48a5351881280f7598bd826408,2026-12-06T21:05:00Z,BetUS,2026-09-10T19:06:57Z,Philadelphia Eagles,Arizona Cardinals,spreads,Philadelphia Eagles,-8.5,-110,0.52380952,betus|f4897f48a5351881280f7598bd826408|spreads|event,0.5,https://api.the-odds-api.com/v4/sports/americanfootball_nfl
2026,1,f4897f48a5351881280f7598bd826408,2026-12-06T21:05:00Z,BetUS,2026-09-10T19:06:57Z,Philadelphia Eagles,Arizona Cardinals,totals,Over,43.5,-110,0.52380952,betus|f4897f48a5351881280f7598bd826408|totals|43.5,0.5,https://api.the-odds-api.com/v4/sports/americanfootball_nfl
2026,1,f4897f48a5351881280f7598bd826408,2026-12-06T21:05:00Z,BetUS,2026-09-10T19:06:57Z,Philadelphia Eagles,Arizona Cardinals,totals,Under,43.5,-110,0.52380952,betus|f4897f48a5351881280f7598bd826408|totals|43.5,0.5,https://api.the-odds-api.com/v4/sports/americanfootball_nfl
2026,1,c186c605febd6370b292469c9151cfb3,2026-12-06T21:25:00Z,DraftKings,2026-09-10T19:06:24Z,Carolina Panthers,Minnesota Vikings,h2h,Carolina Panthers,,160,0.38461538,draftkings|c186c605febd6370b292469c9151cfb3|h2h|event,0.36905965,https://api.the-odds-api.com/v4/sports/americanfootball_nfl
2026,1,c186c605febd6370b292469c9151cfb3,2026-12-06T21:25:00Z,DraftKings,2026-09-10T19:06:24Z,Carolina Panthers,Minnesota Vikings,h2h,Minnesota Vikings,,-192,0.65753425,draftkings|c186c605febd6370b292469c9151cfb3|h2h|event,0.63094035,https://api.the-odds-api.com/v4/sports/americanfootball_nfl
2026,1,c186c605febd6370b292469c9151cfb3,2026-12-06T21:25:00Z,DraftKings,2026-09-10T19:06:24Z,Carolina Panthers,Minnesota Vikings,spreads,Carolina Panthers,3.5,-110,0.52380952,draftkings|c186c605febd6370b292469c9151cfb3|spreads|event,0.5,https://api.the-odds-api.com/v4/sports/americanfootball_nfl
2026,1,c186c605febd6370b292469c9151cfb3,2026-12-06T21:25:00Z,DraftKings,2026-09-10T19:06:24Z,Carolina Panthers,Minnesota Vikings,spreads,Minnesota Vikings,-3.5,-110,0.52380952,draftkings|c186c605febd6370b292469c9151cfb3|spreads|event,0.5,https://api.the-odds-api.com/v4/sports/americanfootball_nfl
2026,1,c186c605febd6370b292469c9151cfb3,2026-12-06T21:25:00Z,DraftKings,2026-09-10T19:06:24Z,Carolina Panthers,Minnesota Vikings,totals,Over,42.5,-110,0.52380952,draftkings|c186c605febd6370b292469c9151cfb3|totals|42.5,0.5,https://api.the-odds-api.com/v4/sports/americanfootball_nfl
2026,1,c186c605febd6370b292469c9151cfb3,2026-12-06T21:25:00Z,DraftKings,2026-09-10T19:06:24Z,Carolina Panthers,Minnesota Vikings,totals,Under,42.5,-110,0.52380952,draftkings|c186c605febd6370b292469c9151cfb3|totals|42.5,0.5,https://api.the-odds-api.com/v4/sports/americanfootball_nfl
2026,1,c186c605febd6370b292469c9151cfb3,2026-12-06T21:25:00Z,BetUS,2026-09-10T19:06:57Z,Carolina Panthers,Minnesota Vikings,spreads,Carolina Panthers,3.5,-110,0.52380952,betus|c186c605febd6370b292469c9151cfb3|spreads|event,0.5,https://api.the-odds-api.com/v4/sports/americanfootball_nfl
2026,1,c186c605febd6370b292469c9151cfb3,2026-12-06T21:25:00Z,BetUS,2026-09-10T19:06:57Z,Carolina Panthers,Minnesota Vikings,spreads,Minnesota Vikings,-3.5,-110,0.52380952,betus|c186c605febd6370b292469c9151cfb3|spreads|event,0.5,https://api.the-odds-api.com/v4/sports/americanfootball_nfl
2026,1,c186c605febd6370b292469c9151cfb3,2026-12-06T21:25:00Z,BetUS,2026-09-10T19:06:57Z,Carolina Panthers,Minnesota Vikings,totals,Over,42.5,-110,0.52380952,betus|c186c605febd6370b292469c9151cfb3|totals|42.5,0.5,https://api.the-odds-api.com/v4/sports/americanfootball_nfl
2026,1,c186c605febd6370b292469c9151cfb3,2026-12-06T21:25:00Z,BetUS,2026-09-10T19:06:57Z,Carolina Panthers,Minnesota Vikings,totals,Under,42.5,-110,0.52380952,betus|c186c605febd6370b292469c9151cfb3|totals|42.5,0.5,https://api.the-odds-api.com/v4/sports/americanfootball_nfl
2026,1,26bf8e165d2d273ed0772a355f07ab16,2026-12-07T01:20:00Z,DraftKings,2026-09-10T19:06:24Z,Houston Texans,Pittsburgh Steelers,h2h,Houston Texans,,-122,0.54954955,draftkings|26bf8e165d2d273ed0772a355f07ab16|h2h|event,0.52608659,https://api.the-odds-api.com/v4/sports/americanfootball_nfl
2026,1,26bf8e165d2d273ed0772a355f07ab16,2026-12-07T01:20:00Z,DraftKings,2026-09-10T19:06:24Z,Houston Texans,Pittsburgh Steelers,h2h,Pittsburgh Steelers,,102,0.4950495,draftkings|26bf8e165d2d273ed0772a355f07ab16|h2h|event,0.47391341,https://api.the-odds-api.com/v4/sports/americanfootball_nfl
2026,1,26bf8e165d2d273ed0772a355f07ab16,2026-12-07T01:20:00Z,DraftKings,2026-09-10T19:06:24Z,Houston Texans,Pittsburgh Steelers,spreads,Houston Texans,-1.5,-110,0.52380952,draftkings|26bf8e165d2d273ed0772a355f07ab16|spreads|event,0.5,https://api.the-odds-api.com/v4/sports/americanfootball_nfl
2026,1,26bf8e165d2d273ed0772a355f07ab16,2026-12-07T01:20:00Z,DraftKings,2026-09-10T19:06:24Z,Houston Texans,Pittsburgh Steelers,spreads,Pittsburgh Steelers,1.5,-110,0.52380952,draftkings|26bf8e165d2d273ed0772a355f07ab16|spreads|event,0.5,https://api.the-odds-api.com/v4/sports/americanfootball_nfl
2026,1,26bf8e165d2d273ed0772a355f07ab16,2026-12-07T01:20:00Z,DraftKings,2026-09-10T19:06:24Z,Houston Texans,Pittsburgh Steelers,totals,Over,41.5,-110,0.52380952,draftkings|26bf8e165d2d273ed0772a355f07ab16|totals|41.5,0.5,https://api.the-odds-api.com/v4/sports/americanfootball_nfl
2026,1,26bf8e165d2d273ed0772a355f07ab16,2026-12-07T01:20:00Z,DraftKings,2026-09-10T19:06:24Z,Houston Texans,Pittsburgh Steelers,totals,Under,41.5,-110,0.52380952,draftkings|26bf8e165d2d273ed0772a355f07ab16|totals|41.5,0.5,https://api.the-odds-api.com/v4/sports/americanfootball_nfl
2026,1,f7fba6b1804e02292ee0ce4738484258,2026-12-13T18:00:00Z,DraftKings,2026-09-10T19:06:24Z,Atlanta Falcons,Cleveland Browns,h2h,Atlanta Falcons,,105,0.48780488,draftkings|f7fba6b1804e02292ee0ce4738484258|h2h|event,0.46753247,https://api.the-odds-api.com/v4/sports/americanfootball_nfl
2026,1,f7fba6b1804e02292ee0ce4738484258,2026-12-13T18:00:00Z,DraftKings,2026-09-10T19:06:24Z,Atlanta Falcons,Cleveland Browns,h2h,Cleveland Browns,,-125,0.55555556,draftkings|f7fba6b1804e02292ee0ce4738484258|h2h|event,0.53246753,https://api.the-odds-api.com/v4/sports/americanfootball_nfl
2026,1,f7fba6b1804e02292ee0ce4738484258,2026-12-13T18:00:00Z,DraftKings,2026-09-10T19:06:24Z,Atlanta Falcons,Cleveland Browns,spreads,Atlanta Falcons,1.5,-110,0.52380952,draftkings|f7fba6b1804e02292ee0ce4738484258|spreads|event,0.5,https://api.the-odds-api.com/v4/sports/americanfootball_nfl
2026,1,f7fba6b1804e02292ee0ce4738484258,2026-12-13T18:00:00Z,DraftKings,2026-09-10T19:06:24Z,Atlanta Falcons,Cleveland Browns,spreads,Cleveland Browns,-1.5,-110,0.52380952,draftkings|f7fba6b1804e02292ee0ce4738484258|spreads|event,0.5,https://api.the-odds-api.com/v4/sports/americanfootball_nfl
2026,1,f7fba6b1804e02292ee0ce4738484258,2026-12-13T18:00:00Z,DraftKings,2026-09-10T19:06:24Z,Atlanta Falcons,Cleveland Browns,totals,Over,40.5,-110,0.52380952,draftkings|f7fba6b1804e02292ee0ce4738484258|totals|40.5,0.5,https://api.the-odds-api.com/v4/sports/americanfootball_nfl
2026,1,f7fba6b1804e02292ee0ce4738484258,2026-12-13T18:00:00Z,DraftKings,2026-09-10T19:06:24Z,Atlanta Falcons,Cleveland Browns,totals,Under,40.5,-110,0.52380952,draftkings|f7fba6b1804e02292ee0ce4738484258|totals|40.5,0.5,https://api.the-odds-api.com/v4/sports/americanfootball_nfl
2026,1,bec99e2f2b4c80e345731d69ee38d831,2026-12-13T18:00:00Z,DraftKings,2026-09-10T19:06:24Z,Tampa Bay Buccaneers,Baltimore Ravens,h2h,Baltimore Ravens,,-258,0.72067039,draftkings|bec99e2f2b4c80e345731d69ee38d831|h2h|event,0.69079288,https://api.the-odds-api.com/v4/sports/americanfootball_nfl
2026,1,bec99e2f2b4c80e345731d69ee38d831,2026-12-13T18:00:00Z,DraftKings,2026-09-10T19:06:24Z,Tampa Bay Buccaneers,Baltimore Ravens,h2h,Tampa Bay Buccaneers,,210,0.32258065,draftkings|bec99e2f2b4c80e345731d69ee38d831|h2h|event,0.30920712,https://api.the-odds-api.com/v4/sports/americanfootball_nfl
2026,1,bec99e2f2b4c80e345731d69ee38d831,2026-12-13T18:00:00Z,DraftKings,2026-09-10T19:06:24Z,Tampa Bay Buccaneers,Baltimore Ravens,spreads,Baltimore Ravens,-6.0,-110,0.52380952,draftkings|bec99e2f2b4c80e345731d69ee38d831|spreads|event,0.5,https://api.the-odds-api.com/v4/sports/americanfootball_nfl
2026,1,bec99e2f2b4c80e345731d69ee38d831,2026-12-13T18:00:00Z,DraftKings,2026-09-10T19:06:24Z,Tampa Bay Buccaneers,Baltimore Ravens,spreads,Tampa Bay Buccaneers,6.0,-110,0.52380952,draftkings|bec99e2f2b4c80e345731d69ee38d831|spreads|event,0.5,https://api.the-odds-api.com/v4/sports/americanfootball_nfl
2026,1,bec99e2f2b4c80e345731d69ee38d831,2026-12-13T18:00:00Z,DraftKings,2026-09-10T19:06:24Z,Tampa Bay Buccaneers,Baltimore Ravens,totals,Over,48.5,-110,0.52380952,draftkings|bec99e2f2b4c80e345731d69ee38d831|totals|48.5,0.5,https://api.the-odds-api.com/v4/sports/americanfootball_nfl
2026,1,bec99e2f2b4c80e345731d69ee38d831,2026-12-13T18:00:00Z,DraftKings,2026-09-10T19:06:24Z,Tampa Bay Buccaneers,Baltimore Ravens,totals,Under,48.5,-110,0.52380952,draftkings|bec99e2f2b4c80e345731d69ee38d831|totals|48.5,0.5,https://api.the-odds-api.com/v4/sports/americanfootball_nfl
2026,1,bec99e2f2b4c80e345731d69ee38d831,2026-12-13T18:00:00Z,BetUS,2026-09-10T19:06:57Z,Tampa Bay Buccaneers,Baltimore Ravens,spreads,Baltimore Ravens,-6.0,-110,0.52380952,betus|bec99e2f2b4c80e345731d69ee38d831|spreads|event,0.5,https://api.the-odds-api.com/v4/sports/americanfootball_nfl
2026,1,bec99e2f2b4c80e345731d69ee38d831,2026-12-13T18:00:00Z,BetUS,2026-09-10T19:06:57Z,Tampa Bay Buccaneers,Baltimore Ravens,spreads,Tampa Bay Buccaneers,6.0,-110,0.52380952,betus|bec99e2f2b4c80e345731d69ee38d831|spreads|event,0.5,https://api.the-odds-api.com/v4/sports/americanfootball_nfl
2026,1,bec99e2f2b4c80e345731d69ee38d831,2026-12-13T18:00:00Z,BetUS,2026-09-10T19:06:57Z,Tampa Bay Buccaneers,Baltimore Ravens,totals,Over,48.5,-110,0.52380952,betus|bec99e2f2b4c80e345731d69ee38d831|totals|48.5,0.5,https://api.the-odds-api.com/v4/sports/americanfootball_nfl
2026,1,bec99e2f2b4c80e345731d69ee38d831,2026-12-13T18:00:00Z,BetUS,2026-09-10T19:06:57Z,Tampa Bay Buccaneers,Baltimore Ravens,totals,Under,48.5,-110,0.52380952,betus|bec99e2f2b4c80e345731d69ee38d831|totals|48.5,0.5,https://api.the-odds-api.com/v4/sports/americanfootball_nfl
2026,1,dcc7b377d3b3ec990304612bbef47d3d,2026-12-13T18:00:00Z,DraftKings,2026-09-10T19:06:24Z,New Orleans Saints,Carolina Panthers,h2h,Carolina Panthers,,-135,0.57446809,draftkings|dcc7b377d3b3ec990304612bbef47d3d|h2h|event,0.55144112,https://api.the-odds-api.com/v4/sports/americanfootball_nfl
2026,1,dcc7b377d3b3ec990304612bbef47d3d,2026-12-13T18:00:00Z,DraftKings,2026-09-10T19:06:24Z,New Orleans Saints,Carolina Panthers,h2h,New Orleans Saints,,114,0.46728972,draftkings|dcc7b377d3b3ec990304612bbef47d3d|h2h|event,0.44855888,https://api.the-odds-api.com/v4/sports/americanfootball_nfl
2026,1,dcc7b377d3b3ec990304612bbef47d3d,2026-12-13T18:00:00Z,DraftKings,2026-09-10T19:06:24Z,New Orleans Saints,Carolina Panthers,spreads,Carolina Panthers,-2.5,-110,0.52380952,draftkings|dcc7b377d3b3ec990304612bbef47d3d|spreads|event,0.5,https://api.the-odds-api.com/v4/sports/americanfootball_nfl
2026,1,dcc7b377d3b3ec990304612bbef47d3d,2026-12-13T18:00:00Z,DraftKings,2026-09-10T19:06:24Z,New Orleans Saints,Carolina Panthers,spreads,New Orleans Saints,2.5,-110,0.52380952,draftkings|dcc7b377d3b3ec990304612bbef47d3d|spreads|event,0.5,https://api.the-odds-api.com/v4/sports/americanfootball_nfl
2026,1,dcc7b377d3b3ec990304612bbef47d3d,2026-12-13T18:00:00Z,DraftKings,2026-09-10T19:06:24Z,New Orleans Saints,Carolina Panthers,totals,Over,43.5,-110,0.52380952,draftkings|dcc7b377d3b3ec990304612bbef47d3d|totals|43.5,0.5,https://api.the-odds-api.com/v4/sports/americanfootball_nfl
2026,1,dcc7b377d3b3ec990304612bbef47d3d,2026-12-13T18:00:00Z,DraftKings,2026-09-10T19:06:24Z,New Orleans Saints,Carolina Panthers,totals,Under,43.5,-110,0.52380952,draftkings|dcc7b377d3b3ec990304612bbef47d3d|totals|43.5,0.5,https://api.the-odds-api.com/v4/sports/americanfootball_nfl
2026,1,dcc7b377d3b3ec990304612bbef47d3d,2026-12-13T18:00:00Z,BetUS,2026-09-10T19:06:57Z,New Orleans Saints,Carolina Panthers,spreads,Carolina Panthers,-2.5,-110,0.52380952,betus|dcc7b377d3b3ec990304612bbef47d3d|spreads|event,0.5,https://api.the-odds-api.com/v4/sports/americanfootball_nfl
2026,1,dcc7b377d3b3ec990304612bbef47d3d,2026-12-13T18:00:00Z,BetUS,2026-09-10T19:06:57Z,New Orleans Saints,Carolina Panthers,spreads,New Orleans Saints,2.5,-110,0.52380952,betus|dcc7b377d3b3ec990304612bbef47d3d|spreads|event,0.5,https://api.the-odds-api.com/v4/sports/americanfootball_nfl
2026,1,dcc7b377d3b3ec990304612bbef47d3d,2026-12-13T18:00:00Z,BetUS,2026-09-10T19:06:57Z,New Orleans Saints,Carolina Panthers,totals,Over,43.5,-110,0.52380952,betus|dcc7b377d3b3ec990304612bbef47d3d|totals|43.5,0.5,https://api.the-odds-api.com/v4/sports/americanfootball_nfl
2026,1,dcc7b377d3b3ec990304612bbef47d3d,2026-12-13T18:00:00Z,BetUS,2026-09-10T19:06:57Z,New Orleans Saints,Carolina Panthers,totals,Under,43.5,-110,0.52380952,betus|dcc7b377d3b3ec990304612bbef47d3d|totals|43.5,0.5,https://api.the-odds-api.com/v4/sports/americanfootball_nfl
2026,1,2c6added7199a59f1e9dae8492c29da4,2026-12-13T18:00:00Z,DraftKings,2026-09-10T19:06:24Z,Chicago Bears,Miami Dolphins,h2h,Chicago Bears,,-250,0.71428571,draftkings|2c6added7199a59f1e9dae8492c29da4|h2h|event,0.68539326,https://api.the-odds-api.com/v4/sports/americanfootball_nfl
2026,1,2c6added7199a59f1e9dae8492c29da4,2026-12-13T18:00:00Z,DraftKings,2026-09-10T19:06:24Z,Chicago Bears,Miami Dolphins,h2h,Miami Dolphins,,205,0.32786885,draftkings|2c6added7199a59f1e9dae8492c29da4|h2h|event,0.31460674,https://api.the-odds-api.com/v4/sports/americanfootball_nfl
2026,1,2c6added7199a59f1e9dae8492c29da4,2026-12-13T18:00:00Z,DraftKings,2026-09-10T19:06:24Z,Chicago Bears,Miami Dolphins,spreads,Chicago Bears,-5.5,-110,0.52380952,draftkings|2c6added7199a59f1e9dae8492c29da4|spreads|event,0.5,https://api.the-odds-api.com/v4/sports/americanfootball_nfl
2026,1,2c6added7199a59f1e9dae8492c29da4,2026-12-13T18:00:00Z,DraftKings,2026-09-10T19:06:24Z,Chicago Bears,Miami Dolphins,spreads,Miami Dolphins,5.5,-110,0.52380952,draftkings|2c6added7199a59f1e9dae8492c29da4|spreads|event,0.5,https://api.the-odds-api.com/v4/sports/americanfootball_nfl
2026,1,2c6added7199a59f1e9dae8492c29da4,2026-12-13T18:00:00Z,DraftKings,2026-09-10T19:06:24Z,Chicago Bears,Miami Dolphins,totals,Over,46.5,-110,0.52380952,draftkings|2c6added7199a59f1e9dae8492c29da4|totals|46.5,0.5,https://api.the-odds-api.com/v4/sports/americanfootball_nfl
2026,1,2c6added7199a59f1e9dae8492c29da4,2026-12-13T18:00:00Z,DraftKings,2026-09-10T19:06:24Z,Chicago Bears,Miami Dolphins,totals,Under,46.5,-110,0.52380952,draftkings|2c6added7199a59f1e9dae8492c29da4|totals|46.5,0.5,https://api.the-odds-api.com/v4/sports/americanfootball_nfl
2026,1,5185ace33aebc87d39074147940f2fa5,2026-12-13T18:00:00Z,DraftKings,2026-09-10T19:06:24Z,Denver Broncos,New York Jets,h2h,Denver Broncos,,-230,0.6969697,draftkings|5185ace33aebc87d39074147940f2fa5|h2h|event,0.66900702,https://api.the-odds-api.com/v4/sports/americanfootball_nfl
2026,1,5185ace33aebc87d39074147940f2fa5,2026-12-13T18:00:00Z,DraftKings,2026-09-10T19:06:24Z,Denver Broncos,New York Jets,h2h,New York Jets,,190,0.34482759,draftkings|5185ace33aebc87d39074147940f2fa5|h2h|event,0.33099298,https://api.the-odds-api.com/v4/sports/americanfootball_nfl
2026,1,5185ace33aebc87d39074147940f2fa5,2026-12-13T18:00:00Z,DraftKings,2026-09-10T19:06:24Z,Denver Broncos,New York Jets,spreads,Denver Broncos,-5.5,-110,0.52380952,draftkings|5185ace33aebc87d39074147940f2fa5|spreads|event,0.5,https://api.the-odds-api.com/v4/sports/americanfootball_nfl
2026,1,5185ace33aebc87d39074147940f2fa5,2026-12-13T18:00:00Z,DraftKings,2026-09-10T19:06:24Z,Denver Broncos,New York Jets,spreads,New York Jets,5.5,-110,0.52380952,draftkings|5185ace33aebc87d39074147940f2fa5|spreads|event,0.5,https://api.the-odds-api.com/v4/sports/americanfootball_nfl
2026,1,5185ace33aebc87d39074147940f2fa5,2026-12-13T18:00:00Z,DraftKings,2026-09-10T19:06:24Z,Denver Broncos,New York Jets,totals,Over,39.5,-110,0.52380952,draftkings|5185ace33aebc87d39074147940f2fa5|totals|39.5,0.5,https://api.the-odds-api.com/v4/sports/americanfootball_nfl
2026,1,5185ace33aebc87d39074147940f2fa5,2026-12-13T18:00:00Z,DraftKings,2026-09-10T19:06:24Z,Denver Broncos,New York Jets,totals,Under,39.5,-110,0.52380952,draftkings|5185ace33aebc87d39074147940f2fa5|totals|39.5,0.5,https://api.the-odds-api.com/v4/sports/americanfootball_nfl
2026,1,a31f461ccd92e1072f23ccfae281ae9a,2026-12-13T18:00:00Z,DraftKings,2026-09-10T19:06:24Z,Tennessee Titans,Detroit Lions,h2h,Detroit Lions,,-360,0.7826087,draftkings|a31f461ccd92e1072f23ccfae281ae9a|h2h|event,0.75081257,https://api.the-odds-api.com/v4/sports/americanfootball_nfl
2026,1,a31f461ccd92e1072f23ccfae281ae9a,2026-12-13T18:00:00Z,DraftKings,2026-09-10T19:06:24Z,Tennessee Titans,Detroit Lions,h2h,Tennessee Titans,,285,0.25974026,draftkings|a31f461ccd92e1072f23ccfae281ae9a|h2h|event,0.24918743,https://api.the-odds-api.com/v4/sports/americanfootball_nfl
2026,1,a31f461ccd92e1072f23ccfae281ae9a,2026-12-13T18:00:00Z,DraftKings,2026-09-10T19:06:24Z,Tennessee Titans,Detroit Lions,spreads,Detroit Lions,-7.5,-110,0.52380952,draftkings|a31f461ccd92e1072f23ccfae281ae9a|spreads|event,0.5,https://api.the-odds-api.com/v4/sports/americanfootball_nfl
2026,1,a31f461ccd92e1072f23ccfae281ae9a,2026-12-13T18:00:00Z,DraftKings,2026-09-10T19:06:24Z,Tennessee Titans,Detroit Lions,spreads,Tennessee Titans,7.5,-110,0.52380952,draftkings|a31f461ccd92e1072f23ccfae281ae9a|spreads|event,0.5,https://api.the-odds-api.com/v4/sports/americanfootball_nfl
2026,1,a31f461ccd92e1072f23ccfae281ae9a,2026-12-13T18:00:00Z,DraftKings,2026-09-10T19:06:24Z,Tennessee Titans,Detroit Lions,totals,Over,47.5,-110,0.52380952,draftkings|a31f461ccd92e1072f23ccfae281ae9a|totals|47.5,0.5,https://api.the-odds-api.com/v4/sports/americanfootball_nfl
2026,1,a31f461ccd92e1072f23ccfae281ae9a,2026-12-13T18:00:00Z,DraftKings,2026-09-10T19:06:24Z,Tennessee Titans,Detroit Lions,totals,Under,47.5,-110,0.52380952,draftkings|a31f461ccd92e1072f23ccfae281ae9a|totals|47.5,0.5,https://api.the-odds-api.com/v4/sports/americanfootball_nfl
2026,1,5dc9cb8fba610d682dc670ae4e7d59f3,2026-12-13T18:00:00Z,DraftKings,2026-09-10T19:06:24Z,Houston Texans,Washington Commanders,h2h,Houston Texans,,-125,0.55555556,draftkings|5dc9cb8fba610d682dc670ae4e7d59f3|h2h|event,0.53246753,https://api.the-odds-api.com/v4/sports/americanfootball_nfl
2026,1,5dc9cb8fba610d682dc670ae4e7d59f3,2026-12-13T18:00:00Z,DraftKings,2026-09-10T19:06:24Z,Houston Texans,Washington Commanders,h2h,Washington Commanders,,105,0.48780488,draftkings|5dc9cb8fba610d682dc670ae4e7d59f3|h2h|event,0.46753247,https://api.the-odds-api.com/v4/sports/americanfootball_nfl
2026,1,5dc9cb8fba610d682dc670ae4e7d59f3,2026-12-13T18:00:00Z,DraftKings,2026-09-10T19:06:24Z,Houston Texans,Washington Commanders,spreads,Houston Texans,-1.5,-110,0.52380952,draftkings|5dc9cb8fba610d682dc670ae4e7d59f3|spreads|event,0.5,https://api.the-odds-api.com/v4/sports/americanfootball_nfl
2026,1,5dc9cb8fba610d682dc670ae4e7d59f3,2026-12-13T18:00:00Z,DraftKings,2026-09-10T19:06:24Z,Houston Texans,Washington Commanders,spreads,Washington Commanders,1.5,-110,0.52380952,draftkings|5dc9cb8fba610d682dc670ae4e7d59f3|spreads|event,0.5,https://api.the-odds-api.com/v4/sports/americanfootball_nfl
2026,1,5dc9cb8fba610d682dc670ae4e7d59f3,2026-12-13T18:00:00Z,DraftKings,2026-09-10T19:06:24Z,Houston Texans,Washington Commanders,totals,Over,44.5,-110,0.52380952,draftkings|5dc9cb8fba610d682dc670ae4e7d59f3|totals|44.5,0.5,https://api.the-odds-api.com/v4/sports/americanfootball_nfl
2026,1,5dc9cb8fba610d682dc670ae4e7d59f3,2026-12-13T18:00:00Z,DraftKings,2026-09-10T19:06:24Z,Houston Texans,Washington Commanders,totals,Under,44.5,-110,0.52380952,draftkings|5dc9cb8fba610d682dc670ae4e7d59f3|totals|44.5,0.5,https://api.the-odds-api.com/v4/sports/americanfootball_nfl
2026,1,45203f985f8d1567ad19b0617dd267f8,2026-12-13T18:00:00Z,DraftKings,2026-09-10T19:06:24Z,Indianapolis Colts,Philadelphia Eagles,h2h,Indianapolis Colts,,200,0.33333333,draftkings|45203f985f8d1567ad19b0617dd267f8|h2h|event,0.31944444,https://api.the-odds-api.com/v4/sports/americanfootball_nfl
2026,1,45203f985f8d1567ad19b0617dd267f8,2026-12-13T18:00:00Z,DraftKings,2026-09-10T19:06:24Z,Indianapolis Colts,Philadelphia Eagles,h2h,Philadelphia Eagles,,-245,0.71014493,draftkings|45203f985f8d1567ad19b0617dd267f8|h2h|event,0.68055556,https://api.the-odds-api.com/v4/sports/americanfootball_nfl
2026,1,45203f985f8d1567ad19b0617dd267f8,2026-12-13T18:00:00Z,DraftKings,2026-09-10T19:06:24Z,Indianapolis Colts,Philadelphia Eagles,spreads,Indianapolis Colts,5.5,-110,0.52380952,draftkings|45203f985f8d1567ad19b0617dd267f8|spreads|event,0.5,https://api.the-odds-api.com/v4/sports/americanfootball_nfl
2026,1,45203f985f8d1567ad19b0617dd267f8,2026-12-13T18:00:00Z,DraftKings,2026-09-10T19:06:24Z,Indianapolis Colts,Philadelphia Eagles,spreads,Philadelphia Eagles,-5.5,-110,0.52380952,draftkings|45203f985f8d1567ad19b0617dd267f8|spreads|event,0.5,https://api.the-odds-api.com/v4/sports/americanfootball_nfl
2026,1,45203f985f8d1567ad19b0617dd267f8,2026-12-13T18:00:00Z,DraftKings,2026-09-10T19:06:24Z,Indianapolis Colts,Philadelphia Eagles,totals,Over,46.5,-110,0.52380952,draftkings|45203f985f8d1567ad19b0617dd267f8|totals|46.5,0.5,https://api.the-odds-api.com/v4/sports/americanfootball_nfl
2026,1,45203f985f8d1567ad19b0617dd267f8,2026-12-13T18:00:00Z,DraftKings,2026-09-10T19:06:24Z,Indianapolis Colts,Philadelphia Eagles,totals,Under,46.5,-110,0.52380952,draftkings|45203f985f8d1567ad19b0617dd267f8|totals|46.5,0.5,https://api.the-odds-api.com/v4/sports/americanfootball_nfl
2026,1,45203f985f8d1567ad19b0617dd267f8,2026-12-13T18:00:00Z,BetUS,2026-09-10T19:06:57Z,Indianapolis Colts,Philadelphia Eagles,spreads,Indianapolis Colts,5.5,-110,0.52380952,betus|45203f985f8d1567ad19b0617dd267f8|spreads|event,0.5,https://api.the-odds-api.com/v4/sports/americanfootball_nfl
2026,1,45203f985f8d1567ad19b0617dd267f8,2026-12-13T18:00:00Z,BetUS,2026-09-10T19:06:57Z,Indianapolis Colts,Philadelphia Eagles,spreads,Philadelphia Eagles,-5.5,-110,0.52380952,betus|45203f985f8d1567ad19b0617dd267f8|spreads|event,0.5,https://api.the-odds-api.com/v4/sports/americanfootball_nfl
2026,1,45203f985f8d1567ad19b0617dd267f8,2026-12-13T18:00:00Z,BetUS,2026-09-10T19:06:57Z,Indianapolis Colts,Philadelphia Eagles,totals,Over,46.5,-110,0.52380952,betus|45203f985f8d1567ad19b0617dd267f8|totals|46.5,0.5,https://api.the-odds-api.com/v4/sports/americanfootball_nfl
2026,1,45203f985f8d1567ad19b0617dd267f8,2026-12-13T18:00:00Z,BetUS,2026-09-10T19:06:57Z,Indianapolis Colts,Philadelphia Eagles,totals,Under,46.5,-110,0.52380952,betus|45203f985f8d1567ad19b0617dd267f8|totals|46.5,0.5,https://api.the-odds-api.com/v4/sports/americanfootball_nfl
2026,1,484c491dc1dee090d740ba077b7d9709,2026-12-13T21:05:00Z,DraftKings,2026-09-10T19:06:24Z,Los Angeles Chargers,Las Vegas Raiders,h2h,Las Vegas Raiders,,185,0.35087719,draftkings|484c491dc1dee090d740ba077b7d9709|h2h|event,0.33635187,https://api.the-odds-api.com/v4/sports/americanfootball_nfl
2026,1,484c491dc1dee090d740ba077b7d9709,2026-12-13T21:05:00Z,DraftKings,2026-09-10T19:06:24Z,Los Angeles Chargers,Las Vegas Raiders,h2h,Los Angeles Chargers,,-225,0.69230769,draftkings|484c491dc1dee090d740ba077b7d9709|h2h|event,0.66364813,https://api.the-odds-api.com/v4/sports/americanfootball_nfl
2026,1,484c491dc1dee090d740ba077b7d9709,2026-12-13T21:05:00Z,DraftKings,2026-09-10T19:06:24Z,Los Angeles Chargers,Las Vegas Raiders,spreads,Las Vegas Raiders,5.5,-110,0.52380952,draftkings|484c491dc1dee090d740ba077b7d9709|spreads|event,0.5,https://api.the-odds-api.com/v4/sports/americanfootball_nfl
2026,1,484c491dc1dee090d740ba077b7d9709,2026-12-13T21:05:00Z,DraftKings,2026-09-10T19:06:24Z,Los Angeles Chargers,Las Vegas Raiders,spreads,Los Angeles Chargers,-5.5,-110,0.52380952,draftkings|484c491dc1dee090d740ba077b7d9709|spreads|event,0.5,https://api.the-odds-api.com/v4/sports/americanfootball_nfl
2026,1,484c491dc1dee090d740ba077b7d9709,2026-12-13T21:05:00Z,DraftKings,2026-09-10T19:06:24Z,Los Angeles Chargers,Las Vegas Raiders,totals,Over,43.5,-110,0.52380952,draftkings|484c491dc1dee090d740ba077b7d9709|totals|43.5,0.5,https://api.the-odds-api.com/v4/sports/americanfootball_nfl
2026,1,484c491dc1dee090d740ba077b7d9709,2026-12-13T21:05:00Z,DraftKings,2026-09-10T19:06:24Z,Los Angeles Chargers,Las Vegas Raiders,totals,Under,43.5,-110,0.52380952,draftkings|484c491dc1dee090d740ba077b7d9709|totals|43.5,0.5,https://api.the-odds-api.com/v4/sports/americanfootball_nfl
2026,1,180b5fa7ea6bd0d2d9ddb9ba5ee38cc0,2026-12-13T21:25:00Z,DraftKings,2026-09-10T19:06:24Z,Kansas City Chiefs,Cincinnati Bengals,h2h,Cincinnati Bengals,,-125,0.55555556,draftkings|180b5fa7ea6bd0d2d9ddb9ba5ee38cc0|h2h|event,0.53246753,https://api.the-odds-api.com/v4/sports/americanfootball_nfl
2026,1,180b5fa7ea6bd0d2d9ddb9ba5ee38cc0,2026-12-13T21:25:00Z,DraftKings,2026-09-10T19:06:24Z,Kansas City Chiefs,Cincinnati Bengals,h2h,Kansas City Chiefs,,105,0.48780488,draftkings|180b5fa7ea6bd0d2d9ddb9ba5ee38cc0|h2h|event,0.46753247,https://api.the-odds-api.com/v4/sports/americanfootball_nfl
2026,1,180b5fa7ea6bd0d2d9ddb9ba5ee38cc0,2026-12-13T21:25:00Z,DraftKings,2026-09-10T19:06:24Z,Kansas City Chiefs,Cincinnati Bengals,spreads,Cincinnati Bengals,-1.5,-110,0.52380952,draftkings|180b5fa7ea6bd0d2d9ddb9ba5ee38cc0|spreads|event,0.5,https://api.the-odds-api.com/v4/sports/americanfootball_nfl
2026,1,180b5fa7ea6bd0d2d9ddb9ba5ee38cc0,2026-12-13T21:25:00Z,DraftKings,2026-09-10T19:06:24Z,Kansas City Chiefs,Cincinnati Bengals,spreads,Kansas City Chiefs,1.5,-110,0.52380952,draftkings|180b5fa7ea6bd0d2d9ddb9ba5ee38cc0|spreads|event,0.5,https://api.the-odds-api.com/v4/sports/americanfootball_nfl
2026,1,180b5fa7ea6bd0d2d9ddb9ba5ee38cc0,2026-12-13T21:25:00Z,DraftKings,2026-09-10T19:06:24Z,Kansas City Chiefs,Cincinnati Bengals,totals,Over,48.5,-110,0.52380952,draftkings|180b5fa7ea6bd0d2d9ddb9ba5ee38cc0|totals|48.5,0.5,https://api.the-odds-api.com/v4/sports/americanfootball_nfl
2026,1,180b5fa7ea6bd0d2d9ddb9ba5ee38cc0,2026-12-13T21:25:00Z,DraftKings,2026-09-10T19:06:24Z,Kansas City Chiefs,Cincinnati Bengals,totals,Under,48.5,-110,0.52380952,draftkings|180b5fa7ea6bd0d2d9ddb9ba5ee38cc0|totals|48.5,0.5,https://api.the-odds-api.com/v4/sports/americanfootball_nfl
2026,1,180b5fa7ea6bd0d2d9ddb9ba5ee38cc0,2026-12-13T21:25:00Z,BetUS,2026-09-10T19:06:57Z,Kansas City Chiefs,Cincinnati Bengals,spreads,Cincinnati Bengals,-1.5,100,0.5,betus|180b5fa7ea6bd0d2d9ddb9ba5ee38cc0|spreads|event,0.47826087,https://api.the-odds-api.com/v4/sports/americanfootball_nfl
2026,1,180b5fa7ea6bd0d2d9ddb9ba5ee38cc0,2026-12-13T21:25:00Z,BetUS,2026-09-10T19:06:57Z,Kansas City Chiefs,Cincinnati Bengals,spreads,Kansas City Chiefs,1.5,-120,0.54545455,betus|180b5fa7ea6bd0d2d9ddb9ba5ee38cc0|spreads|event,0.52173913,https://api.the-odds-api.com/v4/sports/americanfootball_nfl
2026,1,180b5fa7ea6bd0d2d9ddb9ba5ee38cc0,2026-12-13T21:25:00Z,BetUS,2026-09-10T19:06:57Z,Kansas City Chiefs,Cincinnati Bengals,totals,Over,48.5,-110,0.52380952,betus|180b5fa7ea6bd0d2d9ddb9ba5ee38cc0|totals|48.5,0.5,https://api.the-odds-api.com/v4/sports/americanfootball_nfl
2026,1,180b5fa7ea6bd0d2d9ddb9ba5ee38cc0,2026-12-13T21:25:00Z,BetUS,2026-09-10T19:06:57Z,Kansas City Chiefs,Cincinnati Bengals,totals,Under,48.5,-110,0.52380952,betus|180b5fa7ea6bd0d2d9ddb9ba5ee38cc0|totals|48.5,0.5,https://api.the-odds-api.com/v4/sports/americanfootball_nfl
2026,1,6174916c7e2df8d1b80a88cfbd259d44,2026-12-13T21:25:00Z,DraftKings,2026-09-10T19:06:24Z,Los Angeles Rams,San Francisco 49ers,h2h,Los Angeles Rams,,-130,0.56521739,draftkings|6174916c7e2df8d1b80a88cfbd259d44|h2h|event,0.54274354,https://api.the-odds-api.com/v4/sports/americanfootball_nfl
2026,1,6174916c7e2df8d1b80a88cfbd259d44,2026-12-13T21:25:00Z,DraftKings,2026-09-10T19:06:24Z,Los Angeles Rams,San Francisco 49ers,h2h,San Francisco 49ers,,110,0.47619048,draftkings|6174916c7e2df8d1b80a88cfbd259d44|h2h|event,0.45725646,https://api.the-odds-api.com/v4/sports/americanfootball_nfl
2026,1,6174916c7e2df8d1b80a88cfbd259d44,2026-12-13T21:25:00Z,DraftKings,2026-09-10T19:06:24Z,Los Angeles Rams,San Francisco 49ers,spreads,Los Angeles Rams,-1.5,-115,0.53488372,draftkings|6174916c7e2df8d1b80a88cfbd259d44|spreads|event,0.51083424,https://api.the-odds-api.com/v4/sports/americanfootball_nfl
2026,1,6174916c7e2df8d1b80a88cfbd259d44,2026-12-13T21:25:00Z,DraftKings,2026-09-10T19:06:24Z,Los Angeles Rams,San Francisco 49ers,spreads,San Francisco 49ers,1.5,-105,0.51219512,draftkings|6174916c7e2df8d1b80a88cfbd259d44|spreads|event,0.48916576,https://api.the-odds-api.com/v4/sports/americanfootball_nfl
2026,1,6174916c7e2df8d1b80a88cfbd259d44,2026-12-13T21:25:00Z,DraftKings,2026-09-10T19:06:24Z,Los Angeles Rams,San Francisco 49ers,totals,Over,49.5,-110,0.52380952,draftkings|6174916c7e2df8d1b80a88cfbd259d44|totals|49.5,0.5,https://api.the-odds-api.com/v4/sports/americanfootball_nfl
2026,1,6174916c7e2df8d1b80a88cfbd259d44,2026-12-13T21:25:00Z,DraftKings,2026-09-10T19:06:24Z,Los Angeles Rams,San Francisco 49ers,totals,Under,49.5,-110,0.52380952,draftkings|6174916c7e2df8d1b80a88cfbd259d44|totals|49.5,0.5,https://api.the-odds-api.com/v4/sports/americanfootball_nfl
2026,1,c4877c048defcb80e0ab37c0688f37f6,2026-12-14T01:20:00Z,DraftKings,2026-09-10T19:06:24Z,Buffalo Bills,Green Bay Packers,h2h,Buffalo Bills,,105,0.48780488,draftkings|c4877c048defcb80e0ab37c0688f37f6|h2h|event,0.46753247,https://api.the-odds-api.com/v4/sports/americanfootball_nfl
2026,1,c4877c048defcb80e0ab37c0688f37f6,2026-12-14T01:20:00Z,DraftKings,2026-09-10T19:06:24Z,Buffalo Bills,Green Bay Packers,h2h,Green Bay Packers,,-125,0.55555556,draftkings|c4877c048defcb80e0ab37c0688f37f6|h2h|event,0.53246753,https://api.the-odds-api.com/v4/sports/americanfootball_nfl
2026,1,c4877c048defcb80e0ab37c0688f37f6,2026-12-14T01:20:00Z,DraftKings,2026-09-10T19:06:24Z,Buffalo Bills,Green Bay Packers,spreads,Buffalo Bills,1.5,-110,0.52380952,draftkings|c4877c048defcb80e0ab37c0688f37f6|spreads|event,0.5,https://api.the-odds-api.com/v4/sports/americanfootball_nfl
2026,1,c4877c048defcb80e0ab37c0688f37f6,2026-12-14T01:20:00Z,DraftKings,2026-09-10T19:06:24Z,Buffalo Bills,Green Bay Packers,spreads,Green Bay Packers,-1.5,-110,0.52380952,draftkings|c4877c048defcb80e0ab37c0688f37f6|spreads|event,0.5,https://api.the-odds-api.com/v4/sports/americanfootball_nfl
2026,1,c4877c048defcb80e0ab37c0688f37f6,2026-12-14T01:20:00Z,DraftKings,2026-09-10T19:06:24Z,Buffalo Bills,Green Bay Packers,totals,Over,49.5,-110,0.52380952,draftkings|c4877c048defcb80e0ab37c0688f37f6|totals|49.5,0.5,https://api.the-odds-api.com/v4/sports/americanfootball_nfl
2026,1,c4877c048defcb80e0ab37c0688f37f6,2026-12-14T01:20:00Z,DraftKings,2026-09-10T19:06:24Z,Buffalo Bills,Green Bay Packers,totals,Under,49.5,-110,0.52380952,draftkings|c4877c048defcb80e0ab37c0688f37f6|totals|49.5,0.5,https://api.the-odds-api.com/v4/sports/americanfootball_nfl
2026,1,690e2ee2ed5f0875f7cbaecdc51373f5,2026-12-15T01:15:00Z,DraftKings,2026-09-10T19:06:24Z,Pittsburgh Steelers,Jacksonville Jaguars,h2h,Jacksonville Jaguars,,-162,0.61832061,draftkings|690e2ee2ed5f0875f7cbaecdc51373f5|h2h|event,0.59336976,https://api.the-odds-api.com/v4/sports/americanfootball_nfl
2026,1,690e2ee2ed5f0875f7cbaecdc51373f5,2026-12-15T01:15:00Z,DraftKings,2026-09-10T19:06:24Z,Pittsburgh Steelers,Jacksonville Jaguars,h2h,Pittsburgh Steelers,,136,0.42372881,draftkings|690e2ee2ed5f0875f7cbaecdc51373f5|h2h|event,0.40663024,https://api.the-odds-api.com/v4/sports/americanfootball_nfl
2026,1,690e2ee2ed5f0875f7cbaecdc51373f5,2026-12-15T01:15:00Z,DraftKings,2026-09-10T19:06:24Z,Pittsburgh Steelers,Jacksonville Jaguars,spreads,Jacksonville Jaguars,-3.0,-110,0.52380952,draftkings|690e2ee2ed5f0875f7cbaecdc51373f5|spreads|event,0.5,https://api.the-odds-api.com/v4/sports/americanfootball_nfl
2026,1,690e2ee2ed5f0875f7cbaecdc51373f5,2026-12-15T01:15:00Z,DraftKings,2026-09-10T19:06:24Z,Pittsburgh Steelers,Jacksonville Jaguars,spreads,Pittsburgh Steelers,3.0,-110,0.52380952,draftkings|690e2ee2ed5f0875f7cbaecdc51373f5|spreads|event,0.5,https://api.the-odds-api.com/v4/sports/americanfootball_nfl
2026,1,690e2ee2ed5f0875f7cbaecdc51373f5,2026-12-15T01:15:00Z,DraftKings,2026-09-10T19:06:24Z,Pittsburgh Steelers,Jacksonville Jaguars,totals,Over,44.5,-110,0.52380952,draftkings|690e2ee2ed5f0875f7cbaecdc51373f5|totals|44.5,0.5,https://api.the-odds-api.com/v4/sports/americanfootball_nfl
2026,1,690e2ee2ed5f0875f7cbaecdc51373f5,2026-12-15T01:15:00Z,DraftKings,2026-09-10T19:06:24Z,Pittsburgh Steelers,Jacksonville Jaguars,totals,Under,44.5,-110,0.52380952,draftkings|690e2ee2ed5f0875f7cbaecdc51373f5|totals|44.5,0.5,https://api.the-odds-api.com/v4/sports/americanfootball_nfl
2026,1,690e2ee2ed5f0875f7cbaecdc51373f5,2026-12-15T01:15:00Z,BetUS,2026-09-10T19:06:57Z,Pittsburgh Steelers,Jacksonville Jaguars,spreads,Jacksonville Jaguars,-3.0,-110,0.52380952,betus|690e2ee2ed5f0875f7cbaecdc51373f5|spreads|event,0.5,https://api.the-odds-api.com/v4/sports/americanfootball_nfl
2026,1,690e2ee2ed5f0875f7cbaecdc51373f5,2026-12-15T01:15:00Z,BetUS,2026-09-10T19:06:57Z,Pittsburgh Steelers,Jacksonville Jaguars,spreads,Pittsburgh Steelers,3.0,-110,0.52380952,betus|690e2ee2ed5f0875f7cbaecdc51373f5|spreads|event,0.5,https://api.the-odds-api.com/v4/sports/americanfootball_nfl
2026,1,690e2ee2ed5f0875f7cbaecdc51373f5,2026-12-15T01:15:00Z,BetUS,2026-09-10T19:06:57Z,Pittsburgh Steelers,Jacksonville Jaguars,totals,Over,44.5,-110,0.52380952,betus|690e2ee2ed5f0875f7cbaecdc51373f5|totals|44.5,0.5,https://api.the-odds-api.com/v4/sports/americanfootball_nfl
2026,1,690e2ee2ed5f0875f7cbaecdc51373f5,2026-12-15T01:15:00Z,BetUS,2026-09-10T19:06:57Z,Pittsburgh Steelers,Jacksonville Jaguars,totals,Under,44.5,-110,0.52380952,betus|690e2ee2ed5f0875f7cbaecdc51373f5|totals|44.5,0.5,https://api.the-odds-api.com/v4/sports/americanfootball_nfl
2026,1,790af233087803c297861901ffa271d7,2026-12-18T01:15:00Z,DraftKings,2026-09-10T19:06:24Z,San Francisco 49ers,Los Angeles Chargers,h2h,Los Angeles Chargers,,-142,0.58677686,draftkings|790af233087803c297861901ffa271d7|h2h|event,0.56349207,https://api.the-odds-api.com/v4/sports/americanfootball_nfl
2026,1,790af233087803c297861901ffa271d7,2026-12-18T01:15:00Z,DraftKings,2026-09-10T19:06:24Z,San Francisco 49ers,Los Angeles Chargers,h2h,San Francisco 49ers,,120,0.45454545,draftkings|790af233087803c297861901ffa271d7|h2h|event,0.43650793,https://api.the-odds-api.com/v4/sports/americanfootball_nfl
2026,1,790af233087803c297861901ffa271d7,2026-12-18T01:15:00Z,DraftKings,2026-09-10T19:06:24Z,San Francisco 49ers,Los Angeles Chargers,spreads,Los Angeles Chargers,-2.5,-110,0.52380952,draftkings|790af233087803c297861901ffa271d7|spreads|event,0.5,https://api.the-odds-api.com/v4/sports/americanfootball_nfl
2026,1,790af233087803c297861901ffa271d7,2026-12-18T01:15:00Z,DraftKings,2026-09-10T19:06:24Z,San Francisco 49ers,Los Angeles Chargers,spreads,San Francisco 49ers,2.5,-110,0.52380952,draftkings|790af233087803c297861901ffa271d7|spreads|event,0.5,https://api.the-odds-api.com/v4/sports/americanfootball_nfl
2026,1,790af233087803c297861901ffa271d7,2026-12-18T01:15:00Z,DraftKings,2026-09-10T19:06:24Z,San Francisco 49ers,Los Angeles Chargers,totals,Over,47.5,-110,0.52380952,draftkings|790af233087803c297861901ffa271d7|totals|47.5,0.5,https://api.the-odds-api.com/v4/sports/americanfootball_nfl
2026,1,790af233087803c297861901ffa271d7,2026-12-18T01:15:00Z,DraftKings,2026-09-10T19:06:24Z,San Francisco 49ers,Los Angeles Chargers,totals,Under,47.5,-110,0.52380952,draftkings|790af233087803c297861901ffa271d7|totals|47.5,0.5,https://api.the-odds-api.com/v4/sports/americanfootball_nfl
2026,1,790af233087803c297861901ffa271d7,2026-12-18T01:15:00Z,BetUS,2026-09-10T19:06:57Z,San Francisco 49ers,Los Angeles Chargers,spreads,Los Angeles Chargers,-2.5,-110,0.52380952,betus|790af233087803c297861901ffa271d7|spreads|event,0.5,https://api.the-odds-api.com/v4/sports/americanfootball_nfl
2026,1,790af233087803c297861901ffa271d7,2026-12-18T01:15:00Z,BetUS,2026-09-10T19:06:57Z,San Francisco 49ers,Los Angeles Chargers,spreads,San Francisco 49ers,2.5,-110,0.52380952,betus|790af233087803c297861901ffa271d7|spreads|event,0.5,https://api.the-odds-api.com/v4/sports/americanfootball_nfl
2026,1,790af233087803c297861901ffa271d7,2026-12-18T01:15:00Z,BetUS,2026-09-10T19:06:57Z,San Francisco 49ers,Los Angeles Chargers,totals,Over,47.5,-110,0.52380952,betus|790af233087803c297861901ffa271d7|totals|47.5,0.5,https://api.the-odds-api.com/v4/sports/americanfootball_nfl
2026,1,790af233087803c297861901ffa271d7,2026-12-18T01:15:00Z,BetUS,2026-09-10T19:06:57Z,San Francisco 49ers,Los Angeles Chargers,totals,Under,47.5,-110,0.52380952,betus|790af233087803c297861901ffa271d7|totals|47.5,0.5,https://api.the-odds-api.com/v4/sports/americanfootball_nfl
2026,1,784568b1df055bf7eb8780c110d5e910,2026-12-20T01:20:00Z,DraftKings,2026-09-10T19:06:24Z,Chicago Bears,Buffalo Bills,h2h,Buffalo Bills,,-185,0.64912281,draftkings|784568b1df055bf7eb8780c110d5e910|h2h|event,0.62246655,https://api.the-odds-api.com/v4/sports/americanfootball_nfl
2026,1,784568b1df055bf7eb8780c110d5e910,2026-12-20T01:20:00Z,DraftKings,2026-09-10T19:06:24Z,Chicago Bears,Buffalo Bills,h2h,Chicago Bears,,154,0.39370079,draftkings|784568b1df055bf7eb8780c110d5e910|h2h|event,0.37753345,https://api.the-odds-api.com/v4/sports/americanfootball_nfl
2026,1,784568b1df055bf7eb8780c110d5e910,2026-12-20T01:20:00Z,DraftKings,2026-09-10T19:06:24Z,Chicago Bears,Buffalo Bills,spreads,Buffalo Bills,-3.5,-110,0.52380952,draftkings|784568b1df055bf7eb8780c110d5e910|spreads|event,0.5,https://api.the-odds-api.com/v4/sports/americanfootball_nfl
2026,1,784568b1df055bf7eb8780c110d5e910,2026-12-20T01:20:00Z,DraftKings,2026-09-10T19:06:24Z,Chicago Bears,Buffalo Bills,spreads,Chicago Bears,3.5,-110,0.52380952,draftkings|784568b1df055bf7eb8780c110d5e910|spreads|event,0.5,https://api.the-odds-api.com/v4/sports/americanfootball_nfl
2026,1,784568b1df055bf7eb8780c110d5e910,2026-12-20T01:20:00Z,DraftKings,2026-09-10T19:06:24Z,Chicago Bears,Buffalo Bills,totals,Over,51.5,-110,0.52380952,draftkings|784568b1df055bf7eb8780c110d5e910|totals|51.5,0.5,https://api.the-odds-api.com/v4/sports/americanfootball_nfl
2026,1,784568b1df055bf7eb8780c110d5e910,2026-12-20T01:20:00Z,DraftKings,2026-09-10T19:06:24Z,Chicago Bears,Buffalo Bills,totals,Under,51.5,-110,0.52380952,draftkings|784568b1df055bf7eb8780c110d5e910|totals|51.5,0.5,https://api.the-odds-api.com/v4/sports/americanfootball_nfl
2026,1,5931eee49f5f2656a5344e1388a68816,2026-12-20T18:00:00Z,DraftKings,2026-09-10T19:06:24Z,Atlanta Falcons,Washington Commanders,h2h,Atlanta Falcons,,150,0.4,draftkings|5931eee49f5f2656a5344e1388a68816|h2h|event,0.38356164,https://api.the-odds-api.com/v4/sports/americanfootball_nfl
2026,1,5931eee49f5f2656a5344e1388a68816,2026-12-20T18:00:00Z,DraftKings,2026-09-10T19:06:24Z,Atlanta Falcons,Washington Commanders,h2h,Washington Commanders,,-180,0.64285714,draftkings|5931eee49f5f2656a5344e1388a68816|h2h|event,0.61643836,https://api.the-odds-api.com/v4/sports/americanfootball_nfl
2026,1,5931eee49f5f2656a5344e1388a68816,2026-12-20T18:00:00Z,DraftKings,2026-09-10T19:06:24Z,Atlanta Falcons,Washington Commanders,spreads,Atlanta Falcons,3.5,-110,0.52380952,draftkings|5931eee49f5f2656a5344e1388a68816|spreads|event,0.5,https://api.the-odds-api.com/v4/sports/americanfootball_nfl
2026,1,5931eee49f5f2656a5344e1388a68816,2026-12-20T18:00:00Z,DraftKings,2026-09-10T19:06:24Z,Atlanta Falcons,Washington Commanders,spreads,Washington Commanders,-3.5,-110,0.52380952,draftkings|5931eee49f5f2656a5344e1388a68816|spreads|event,0.5,https://api.the-odds-api.com/v4/sports/americanfootball_nfl
2026,1,5931eee49f5f2656a5344e1388a68816,2026-12-20T18:00:00Z,DraftKings,2026-09-10T19:06:24Z,Atlanta Falcons,Washington Commanders,totals,Over,46.5,-110,0.52380952,draftkings|5931eee49f5f2656a5344e1388a68816|totals|46.5,0.5,https://api.the-odds-api.com/v4/sports/americanfootball_nfl
2026,1,5931eee49f5f2656a5344e1388a68816,2026-12-20T18:00:00Z,DraftKings,2026-09-10T19:06:24Z,Atlanta Falcons,Washington Commanders,totals,Under,46.5,-110,0.52380952,draftkings|5931eee49f5f2656a5344e1388a68816|totals|46.5,0.5,https://api.the-odds-api.com/v4/sports/americanfootball_nfl
2026,1,2f4b1899c1c278947920e0254b682d90,2026-12-20T18:00:00Z,DraftKings,2026-09-10T19:06:24Z,Baltimore Ravens,Pittsburgh Steelers,h2h,Baltimore Ravens,,-148,0.59677419,draftkings|2f4b1899c1c278947920e0254b682d90|h2h|event,0.57205963,https://api.the-odds-api.com/v4/sports/americanfootball_nfl
2026,1,2f4b1899c1c278947920e0254b682d90,2026-12-20T18:00:00Z,DraftKings,2026-09-10T19:06:24Z,Baltimore Ravens,Pittsburgh Steelers,h2h,Pittsburgh Steelers,,124,0.44642857,draftkings|2f4b1899c1c278947920e0254b682d90|h2h|event,0.42794037,https://api.the-odds-api.com/v4/sports/americanfootball_nfl
2026,1,2f4b1899c1c278947920e0254b682d90,2026-12-20T18:00:00Z,DraftKings,2026-09-10T19:06:24Z,Baltimore Ravens,Pittsburgh Steelers,spreads,Baltimore Ravens,-2.5,-120,0.54545455,draftkings|2f4b1899c1c278947920e0254b682d90|spreads|event,0.52173913,https://api.the-odds-api.com/v4/sports/americanfootball_nfl
2026,1,2f4b1899c1c278947920e0254b682d90,2026-12-20T18:00:00Z,DraftKings,2026-09-10T19:06:24Z,Baltimore Ravens,Pittsburgh Steelers,spreads,Pittsburgh Steelers,2.5,100,0.5,draftkings|2f4b1899c1c278947920e0254b682d90|spreads|event,0.47826087,https://api.the-odds-api.com/v4/sports/americanfootball_nfl
2026,1,2f4b1899c1c278947920e0254b682d90,2026-12-20T18:00:00Z,DraftKings,2026-09-10T19:06:24Z,Baltimore Ravens,Pittsburgh Steelers,totals,Over,46.5,-110,0.52380952,draftkings|2f4b1899c1c278947920e0254b682d90|totals|46.5,0.5,https://api.the-odds-api.com/v4/sports/americanfootball_nfl
2026,1,2f4b1899c1c278947920e0254b682d90,2026-12-20T18:00:00Z,DraftKings,2026-09-10T19:06:24Z,Baltimore Ravens,Pittsburgh Steelers,totals,Under,46.5,-110,0.52380952,draftkings|2f4b1899c1c278947920e0254b682d90|totals|46.5,0.5,https://api.the-odds-api.com/v4/sports/americanfootball_nfl
2026,1,2f4b1899c1c278947920e0254b682d90,2026-12-20T18:00:00Z,BetUS,2026-09-10T19:06:57Z,Baltimore Ravens,Pittsburgh Steelers,spreads,Baltimore Ravens,-2.5,-110,0.52380952,betus|2f4b1899c1c278947920e0254b682d90|spreads|event,0.5,https://api.the-odds-api.com/v4/sports/americanfootball_nfl
2026,1,2f4b1899c1c278947920e0254b682d90,2026-12-20T18:00:00Z,BetUS,2026-09-10T19:06:57Z,Baltimore Ravens,Pittsburgh Steelers,spreads,Pittsburgh Steelers,2.5,-110,0.52380952,betus|2f4b1899c1c278947920e0254b682d90|spreads|event,0.5,https://api.the-odds-api.com/v4/sports/americanfootball_nfl
2026,1,2f4b1899c1c278947920e0254b682d90,2026-12-20T18:00:00Z,BetUS,2026-09-10T19:06:57Z,Baltimore Ravens,Pittsburgh Steelers,totals,Over,45.5,-110,0.52380952,betus|2f4b1899c1c278947920e0254b682d90|totals|45.5,0.5,https://api.the-odds-api.com/v4/sports/americanfootball_nfl
2026,1,2f4b1899c1c278947920e0254b682d90,2026-12-20T18:00:00Z,BetUS,2026-09-10T19:06:57Z,Baltimore Ravens,Pittsburgh Steelers,totals,Under,45.5,-110,0.52380952,betus|2f4b1899c1c278947920e0254b682d90|totals|45.5,0.5,https://api.the-odds-api.com/v4/sports/americanfootball_nfl
2026,1,000fc688beb4fc004ecdad115d9adb1c,2026-12-20T18:00:00Z,DraftKings,2026-09-10T19:06:24Z,Cincinnati Bengals,Carolina Panthers,h2h,Carolina Panthers,,124,0.44642857,draftkings|000fc688beb4fc004ecdad115d9adb1c|h2h|event,0.42794037,https://api.the-odds-api.com/v4/sports/americanfootball_nfl
2026,1,000fc688beb4fc004ecdad115d9adb1c,2026-12-20T18:00:00Z,DraftKings,2026-09-10T19:06:24Z,Cincinnati Bengals,Carolina Panthers,h2h,Cincinnati Bengals,,-148,0.59677419,draftkings|000fc688beb4fc004ecdad115d9adb1c|h2h|event,0.57205963,https://api.the-odds-api.com/v4/sports/americanfootball_nfl
2026,1,000fc688beb4fc004ecdad115d9adb1c,2026-12-20T18:00:00Z,DraftKings,2026-09-10T19:06:24Z,Cincinnati Bengals,Carolina Panthers,spreads,Carolina Panthers,2.5,100,0.5,draftkings|000fc688beb4fc004ecdad115d9adb1c|spreads|event,0.47826087,https://api.the-odds-api.com/v4/sports/americanfootball_nfl
2026,1,000fc688beb4fc004ecdad115d9adb1c,2026-12-20T18:00:00Z,DraftKings,2026-09-10T19:06:24Z,Cincinnati Bengals,Carolina Panthers,spreads,Cincinnati Bengals,-2.5,-120,0.54545455,draftkings|000fc688beb4fc004ecdad115d9adb1c|spreads|event,0.52173913,https://api.the-odds-api.com/v4/sports/americanfootball_nfl
2026,1,000fc688beb4fc004ecdad115d9adb1c,2026-12-20T18:00:00Z,DraftKings,2026-09-10T19:06:24Z,Cincinnati Bengals,Carolina Panthers,totals,Over,47.5,-110,0.52380952,draftkings|000fc688beb4fc004ecdad115d9adb1c|totals|47.5,0.5,https://api.the-odds-api.com/v4/sports/americanfootball_nfl
2026,1,000fc688beb4fc004ecdad115d9adb1c,2026-12-20T18:00:00Z,DraftKings,2026-09-10T19:06:24Z,Cincinnati Bengals,Carolina Panthers,totals,Under,47.5,-110,0.52380952,draftkings|000fc688beb4fc004ecdad115d9adb1c|totals|47.5,0.5,https://api.the-odds-api.com/v4/sports/americanfootball_nfl
2026,1,000fc688beb4fc004ecdad115d9adb1c,2026-12-20T18:00:00Z,BetUS,2026-09-10T19:06:57Z,Cincinnati Bengals,Carolina Panthers,spreads,Carolina Panthers,2.5,-110,0.52380952,betus|000fc688beb4fc004ecdad115d9adb1c|spreads|event,0.5,https://api.the-odds-api.com/v4/sports/americanfootball_nfl
2026,1,000fc688beb4fc004ecdad115d9adb1c,2026-12-20T18:00:00Z,BetUS,2026-09-10T19:06:57Z,Cincinnati Bengals,Carolina Panthers,spreads,Cincinnati Bengals,-2.5,-110,0.52380952,betus|000fc688beb4fc004ecdad115d9adb1c|spreads|event,0.5,https://api.the-odds-api.com/v4/sports/americanfootball_nfl
2026,1,000fc688beb4fc004ecdad115d9adb1c,2026-12-20T18:00:00Z,BetUS,2026-09-10T19:06:57Z,Cincinnati Bengals,Carolina Panthers,totals,Over,47.5,-110,0.52380952,betus|000fc688beb4fc004ecdad115d9adb1c|totals|47.5,0.5,https://api.the-odds-api.com/v4/sports/americanfootball_nfl
2026,1,000fc688beb4fc004ecdad115d9adb1c,2026-12-20T18:00:00Z,BetUS,2026-09-10T19:06:57Z,Cincinnati Bengals,Carolina Panthers,totals,Under,47.5,-110,0.52380952,betus|000fc688beb4fc004ecdad115d9adb1c|totals|47.5,0.5,https://api.the-odds-api.com/v4/sports/americanfootball_nfl
2026,1,1cb23c83ae4af84cffcdae6b31d06e83,2026-12-20T18:00:00Z,DraftKings,2026-09-10T19:06:24Z,Cleveland Browns,New York Giants,h2h,Cleveland Browns,,180,0.35714286,draftkings|1cb23c83ae4af84cffcdae6b31d06e83|h2h|event,0.34252478,https://api.the-odds-api.com/v4/sports/americanfootball_nfl
2026,1,1cb23c83ae4af84cffcdae6b31d06e83,2026-12-20T18:00:00Z,DraftKings,2026-09-10T19:06:24Z,Cleveland Browns,New York Giants,h2h,New York Giants,,-218,0.68553459,draftkings|1cb23c83ae4af84cffcdae6b31d06e83|h2h|event,0.65747522,https://api.the-odds-api.com/v4/sports/americanfootball_nfl
2026,1,1cb23c83ae4af84cffcdae6b31d06e83,2026-12-20T18:00:00Z,DraftKings,2026-09-10T19:06:24Z,Cleveland Browns,New York Giants,spreads,Cleveland Browns,4.5,-110,0.52380952,draftkings|1cb23c83ae4af84cffcdae6b31d06e83|spreads|event,0.5,https://api.the-odds-api.com/v4/sports/americanfootball_nfl
2026,1,1cb23c83ae4af84cffcdae6b31d06e83,2026-12-20T18:00:00Z,DraftKings,2026-09-10T19:06:24Z,Cleveland Browns,New York Giants,spreads,New York Giants,-4.5,-110,0.52380952,draftkings|1cb23c83ae4af84cffcdae6b31d06e83|spreads|event,0.5,https://api.the-odds-api.com/v4/sports/americanfootball_nfl
2026,1,1cb23c83ae4af84cffcdae6b31d06e83,2026-12-20T18:00:00Z,DraftKings,2026-09-10T19:06:24Z,Cleveland Browns,New York Giants,totals,Over,40.5,-110,0.52380952,draftkings|1cb23c83ae4af84cffcdae6b31d06e83|totals|40.5,0.5,https://api.the-odds-api.com/v4/sports/americanfootball_nfl
2026,1,1cb23c83ae4af84cffcdae6b31d06e83,2026-12-20T18:00:00Z,DraftKings,2026-09-10T19:06:24Z,Cleveland Browns,New York Giants,totals,Under,40.5,-110,0.52380952,draftkings|1cb23c83ae4af84cffcdae6b31d06e83|totals|40.5,0.5,https://api.the-odds-api.com/v4/sports/americanfootball_nfl
2026,1,99719df35bc2efdcc72096f865ed8841,2026-12-20T18:00:00Z,DraftKings,2026-09-10T19:06:24Z,Miami Dolphins,Green Bay Packers,h2h,Green Bay Packers,,-650,0.86666667,draftkings|99719df35bc2efdcc72096f865ed8841|h2h|event,0.83164983,https://api.the-odds-api.com/v4/sports/americanfootball_nfl
2026,1,99719df35bc2efdcc72096f865ed8841,2026-12-20T18:00:00Z,DraftKings,2026-09-10T19:06:24Z,Miami Dolphins,Green Bay Packers,h2h,Miami Dolphins,,470,0.1754386,draftkings|99719df35bc2efdcc72096f865ed8841|h2h|event,0.16835017,https://api.the-odds-api.com/v4/sports/americanfootball_nfl
2026,1,99719df35bc2efdcc72096f865ed8841,2026-12-20T18:00:00Z,DraftKings,2026-09-10T19:06:24Z,Miami Dolphins,Green Bay Packers,spreads,Green Bay Packers,-10.5,-110,0.52380952,draftkings|99719df35bc2efdcc72096f865ed8841|spreads|event,0.5,https://api.the-odds-api.com/v4/sports/americanfootball_nfl
2026,1,99719df35bc2efdcc72096f865ed8841,2026-12-20T18:00:00Z,DraftKings,2026-09-10T19:06:24Z,Miami Dolphins,Green Bay Packers,spreads,Miami Dolphins,10.5,-110,0.52380952,draftkings|99719df35bc2efdcc72096f865ed8841|spreads|event,0.5,https://api.the-odds-api.com/v4/sports/americanfootball_nfl
2026,1,99719df35bc2efdcc72096f865ed8841,2026-12-20T18:00:00Z,DraftKings,2026-09-10T19:06:24Z,Miami Dolphins,Green Bay Packers,totals,Over,45.5,-110,0.52380952,draftkings|99719df35bc2efdcc72096f865ed8841|totals|45.5,0.5,https://api.the-odds-api.com/v4/sports/americanfootball_nfl
2026,1,99719df35bc2efdcc72096f865ed8841,2026-12-20T18:00:00Z,DraftKings,2026-09-10T19:06:24Z,Miami Dolphins,Green Bay Packers,totals,Under,45.5,-110,0.52380952,draftkings|99719df35bc2efdcc72096f865ed8841|totals|45.5,0.5,https://api.the-odds-api.com/v4/sports/americanfootball_nfl
2026,1,29211b6e78461220a2833184233f70e5,2026-12-20T18:00:00Z,DraftKings,2026-09-10T19:06:24Z,Jacksonville Jaguars,Houston Texans,h2h,Houston Texans,,-155,0.60784314,draftkings|29211b6e78461220a2833184233f70e5|h2h|event,0.58299264,https://api.the-odds-api.com/v4/sports/americanfootball_nfl
2026,1,29211b6e78461220a2833184233f70e5,2026-12-20T18:00:00Z,DraftKings,2026-09-10T19:06:24Z,Jacksonville Jaguars,Houston Texans,h2h,Jacksonville Jaguars,,130,0.43478261,draftkings|29211b6e78461220a2833184233f70e5|h2h|event,0.41700736,https://api.the-odds-api.com/v4/sports/americanfootball_nfl
2026,1,29211b6e78461220a2833184233f70e5,2026-12-20T18:00:00Z,DraftKings,2026-09-10T19:06:24Z,Jacksonville Jaguars,Houston Texans,spreads,Houston Texans,-3.0,-110,0.52380952,draftkings|29211b6e78461220a2833184233f70e5|spreads|event,0.5,https://api.the-odds-api.com/v4/sports/americanfootball_nfl
2026,1,29211b6e78461220a2833184233f70e5,2026-12-20T18:00:00Z,DraftKings,2026-09-10T19:06:24Z,Jacksonville Jaguars,Houston Texans,spreads,Jacksonville Jaguars,3.0,-110,0.52380952,draftkings|29211b6e78461220a2833184233f70e5|spreads|event,0.5,https://api.the-odds-api.com/v4/sports/americanfootball_nfl
2026,1,29211b6e78461220a2833184233f70e5,2026-12-20T18:00:00Z,DraftKings,2026-09-10T19:06:24Z,Jacksonville Jaguars,Houston Texans,totals,Over,43.5,-110,0.52380952,draftkings|29211b6e78461220a2833184233f70e5|totals|43.5,0.5,https://api.the-odds-api.com/v4/sports/americanfootball_nfl
2026,1,29211b6e78461220a2833184233f70e5,2026-12-20T18:00:00Z,DraftKings,2026-09-10T19:06:24Z,Jacksonville Jaguars,Houston Texans,totals,Under,43.5,-110,0.52380952,draftkings|29211b6e78461220a2833184233f70e5|totals|43.5,0.5,https://api.the-odds-api.com/v4/sports/americanfootball_nfl
2026,1,3b696c07ff6a1ef461d023a73db17584,2026-12-20T18:00:00Z,DraftKings,2026-09-10T19:06:24Z,Indianapolis Colts,Tennessee Titans,h2h,Indianapolis Colts,,-125,0.55555556,draftkings|3b696c07ff6a1ef461d023a73db17584|h2h|event,0.53246753,https://api.the-odds-api.com/v4/sports/americanfootball_nfl
2026,1,3b696c07ff6a1ef461d023a73db17584,2026-12-20T18:00:00Z,DraftKings,2026-09-10T19:06:24Z,Indianapolis Colts,Tennessee Titans,h2h,Tennessee Titans,,105,0.48780488,draftkings|3b696c07ff6a1ef461d023a73db17584|h2h|event,0.46753247,https://api.the-odds-api.com/v4/sports/americanfootball_nfl
2026,1,3b696c07ff6a1ef461d023a73db17584,2026-12-20T18:00:00Z,DraftKings,2026-09-10T19:06:24Z,Indianapolis Colts,Tennessee Titans,spreads,Indianapolis Colts,-1.5,-110,0.52380952,draftkings|3b696c07ff6a1ef461d023a73db17584|spreads|event,0.5,https://api.the-odds-api.com/v4/sports/americanfootball_nfl
2026,1,3b696c07ff6a1ef461d023a73db17584,2026-12-20T18:00:00Z,DraftKings,2026-09-10T19:06:24Z,Indianapolis Colts,Tennessee Titans,spreads,Tennessee Titans,1.5,-110,0.52380952,draftkings|3b696c07ff6a1ef461d023a73db17584|spreads|event,0.5,https://api.the-odds-api.com/v4/sports/americanfootball_nfl
2026,1,3b696c07ff6a1ef461d023a73db17584,2026-12-20T18:00:00Z,DraftKings,2026-09-10T19:06:24Z,Indianapolis Colts,Tennessee Titans,totals,Over,47.5,-110,0.52380952,draftkings|3b696c07ff6a1ef461d023a73db17584|totals|47.5,0.5,https://api.the-odds-api.com/v4/sports/americanfootball_nfl
2026,1,3b696c07ff6a1ef461d023a73db17584,2026-12-20T18:00:00Z,DraftKings,2026-09-10T19:06:24Z,Indianapolis Colts,Tennessee Titans,totals,Under,47.5,-110,0.52380952,draftkings|3b696c07ff6a1ef461d023a73db17584|totals|47.5,0.5,https://api.the-odds-api.com/v4/sports/americanfootball_nfl
2026,1,3b696c07ff6a1ef461d023a73db17584,2026-12-20T18:00:00Z,BetUS,2026-09-10T19:06:57Z,Indianapolis Colts,Tennessee Titans,spreads,Indianapolis Colts,-1.5,-110,0.52380952,betus|3b696c07ff6a1ef461d023a73db17584|spreads|event,0.5,https://api.the-odds-api.com/v4/sports/americanfootball_nfl
2026,1,3b696c07ff6a1ef461d023a73db17584,2026-12-20T18:00:00Z,BetUS,2026-09-10T19:06:57Z,Indianapolis Colts,Tennessee Titans,spreads,Tennessee Titans,1.5,-110,0.52380952,betus|3b696c07ff6a1ef461d023a73db17584|spreads|event,0.5,https://api.the-odds-api.com/v4/sports/americanfootball_nfl
2026,1,3b696c07ff6a1ef461d023a73db17584,2026-12-20T18:00:00Z,BetUS,2026-09-10T19:06:57Z,Indianapolis Colts,Tennessee Titans,totals,Over,47.5,-110,0.52380952,betus|3b696c07ff6a1ef461d023a73db17584|totals|47.5,0.5,https://api.the-odds-api.com/v4/sports/americanfootball_nfl
2026,1,3b696c07ff6a1ef461d023a73db17584,2026-12-20T18:00:00Z,BetUS,2026-09-10T19:06:57Z,Indianapolis Colts,Tennessee Titans,totals,Under,47.5,-110,0.52380952,betus|3b696c07ff6a1ef461d023a73db17584|totals|47.5,0.5,https://api.the-odds-api.com/v4/sports/americanfootball_nfl
2026,1,e15a91cebf3480ff0b93b4fbacb09797,2026-12-20T18:00:00Z,DraftKings,2026-09-10T19:06:24Z,New Orleans Saints,Tampa Bay Buccaneers,h2h,New Orleans Saints,,160,0.38461538,draftkings|e15a91cebf3480ff0b93b4fbacb09797|h2h|event,0.36905965,https://api.the-odds-api.com/v4/sports/americanfootball_nfl
2026,1,e15a91cebf3480ff0b93b4fbacb09797,2026-12-20T18:00:00Z,DraftKings,2026-09-10T19:06:24Z,New Orleans Saints,Tampa Bay Buccaneers,h2h,Tampa Bay Buccaneers,,-192,0.65753425,draftkings|e15a91cebf3480ff0b93b4fbacb09797|h2h|event,0.63094035,https://api.the-odds-api.com/v4/sports/americanfootball_nfl
2026,1,e15a91cebf3480ff0b93b4fbacb09797,2026-12-20T18:00:00Z,DraftKings,2026-09-10T19:06:24Z,New Orleans Saints,Tampa Bay Buccaneers,spreads,New Orleans Saints,3.5,-110,0.52380952,draftkings|e15a91cebf3480ff0b93b4fbacb09797|spreads|event,0.5,https://api.the-odds-api.com/v4/sports/americanfootball_nfl
2026,1,e15a91cebf3480ff0b93b4fbacb09797,2026-12-20T18:00:00Z,DraftKings,2026-09-10T19:06:24Z,New Orleans Saints,Tampa Bay Buccaneers,spreads,Tampa Bay Buccaneers,-3.5,-110,0.52380952,draftkings|e15a91cebf3480ff0b93b4fbacb09797|spreads|event,0.5,https://api.the-odds-api.com/v4/sports/americanfootball_nfl
2026,1,e15a91cebf3480ff0b93b4fbacb09797,2026-12-20T18:00:00Z,DraftKings,2026-09-10T19:06:24Z,New Orleans Saints,Tampa Bay Buccaneers,totals,Over,45.5,-110,0.52380952,draftkings|e15a91cebf3480ff0b93b4fbacb09797|totals|45.5,0.5,https://api.the-odds-api.com/v4/sports/americanfootball_nfl
2026,1,e15a91cebf3480ff0b93b4fbacb09797,2026-12-20T18:00:00Z,DraftKings,2026-09-10T19:06:24Z,New Orleans Saints,Tampa Bay Buccaneers,totals,Under,45.5,-110,0.52380952,draftkings|e15a91cebf3480ff0b93b4fbacb09797|totals|45.5,0.5,https://api.the-odds-api.com/v4/sports/americanfootball_nfl
2026,1,e15a91cebf3480ff0b93b4fbacb09797,2026-12-20T18:00:00Z,BetUS,2026-09-10T19:06:57Z,New Orleans Saints,Tampa Bay Buccaneers,spreads,New Orleans Saints,3.5,-105,0.51219512,betus|e15a91cebf3480ff0b93b4fbacb09797|spreads|event,0.48916576,https://api.the-odds-api.com/v4/sports/americanfootball_nfl
2026,1,e15a91cebf3480ff0b93b4fbacb09797,2026-12-20T18:00:00Z,BetUS,2026-09-10T19:06:57Z,New Orleans Saints,Tampa Bay Buccaneers,spreads,Tampa Bay Buccaneers,-3.5,-115,0.53488372,betus|e15a91cebf3480ff0b93b4fbacb09797|spreads|event,0.51083424,https://api.the-odds-api.com/v4/sports/americanfootball_nfl
2026,1,e15a91cebf3480ff0b93b4fbacb09797,2026-12-20T18:00:00Z,BetUS,2026-09-10T19:06:57Z,New Orleans Saints,Tampa Bay Buccaneers,totals,Over,45.5,-110,0.52380952,betus|e15a91cebf3480ff0b93b4fbacb09797|totals|45.5,0.5,https://api.the-odds-api.com/v4/sports/americanfootball_nfl
2026,1,e15a91cebf3480ff0b93b4fbacb09797,2026-12-20T18:00:00Z,BetUS,2026-09-10T19:06:57Z,New Orleans Saints,Tampa Bay Buccaneers,totals,Under,45.5,-110,0.52380952,betus|e15a91cebf3480ff0b93b4fbacb09797|totals|45.5,0.5,https://api.the-odds-api.com/v4/sports/americanfootball_nfl
2026,1,d8cd12e7684fa2aa39f5b188ef6e62e0,2026-12-20T21:05:00Z,DraftKings,2026-09-10T19:06:24Z,New York Jets,Arizona Cardinals,h2h,Arizona Cardinals,,-110,0.52380952,draftkings|d8cd12e7684fa2aa39f5b188ef6e62e0|h2h|event,0.5,https://api.the-odds-api.com/v4/sports/americanfootball_nfl
2026,1,d8cd12e7684fa2aa39f5b188ef6e62e0,2026-12-20T21:05:00Z,DraftKings,2026-09-10T19:06:24Z,New York Jets,Arizona Cardinals,h2h,New York Jets,,-110,0.52380952,draftkings|d8cd12e7684fa2aa39f5b188ef6e62e0|h2h|event,0.5,https://api.the-odds-api.com/v4/sports/americanfootball_nfl
2026,1,d8cd12e7684fa2aa39f5b188ef6e62e0,2026-12-20T21:05:00Z,DraftKings,2026-09-10T19:06:24Z,New York Jets,Arizona Cardinals,spreads,Arizona Cardinals,1.5,-122,0.54954955,draftkings|d8cd12e7684fa2aa39f5b188ef6e62e0|spreads|event,0.52608659,https://api.the-odds-api.com/v4/sports/americanfootball_nfl
2026,1,d8cd12e7684fa2aa39f5b188ef6e62e0,2026-12-20T21:05:00Z,DraftKings,2026-09-10T19:06:24Z,New York Jets,Arizona Cardinals,spreads,New York Jets,-1.5,102,0.4950495,draftkings|d8cd12e7684fa2aa39f5b188ef6e62e0|spreads|event,0.47391341,https://api.the-odds-api.com/v4/sports/americanfootball_nfl
2026,1,d8cd12e7684fa2aa39f5b188ef6e62e0,2026-12-20T21:05:00Z,DraftKings,2026-09-10T19:06:24Z,New York Jets,Arizona Cardinals,totals,Over,41.5,-110,0.52380952,draftkings|d8cd12e7684fa2aa39f5b188ef6e62e0|totals|41.5,0.5,https://api.the-odds-api.com/v4/sports/americanfootball_nfl
2026,1,d8cd12e7684fa2aa39f5b188ef6e62e0,2026-12-20T21:05:00Z,DraftKings,2026-09-10T19:06:24Z,New York Jets,Arizona Cardinals,totals,Under,41.5,-110,0.52380952,draftkings|d8cd12e7684fa2aa39f5b188ef6e62e0|totals|41.5,0.5,https://api.the-odds-api.com/v4/sports/americanfootball_nfl
2026,1,77396e9d565860fbfd05779028223a8a,2026-12-20T21:25:00Z,DraftKings,2026-09-10T19:06:24Z,Dallas Cowboys,Los Angeles Rams,h2h,Dallas Cowboys,,200,0.33333333,draftkings|77396e9d565860fbfd05779028223a8a|h2h|event,0.31944444,https://api.the-odds-api.com/v4/sports/americanfootball_nfl
2026,1,77396e9d565860fbfd05779028223a8a,2026-12-20T21:25:00Z,DraftKings,2026-09-10T19:06:24Z,Dallas Cowboys,Los Angeles Rams,h2h,Los Angeles Rams,,-245,0.71014493,draftkings|77396e9d565860fbfd05779028223a8a|h2h|event,0.68055556,https://api.the-odds-api.com/v4/sports/americanfootball_nfl
2026,1,77396e9d565860fbfd05779028223a8a,2026-12-20T21:25:00Z,DraftKings,2026-09-10T19:06:24Z,Dallas Cowboys,Los Angeles Rams,spreads,Dallas Cowboys,6.0,-112,0.52830189,draftkings|77396e9d565860fbfd05779028223a8a|spreads|event,0.50432976,https://api.the-odds-api.com/v4/sports/americanfootball_nfl
2026,1,77396e9d565860fbfd05779028223a8a,2026-12-20T21:25:00Z,DraftKings,2026-09-10T19:06:24Z,Dallas Cowboys,Los Angeles Rams,spreads,Los Angeles Rams,-6.0,-108,0.51923077,draftkings|77396e9d565860fbfd05779028223a8a|spreads|event,0.49567024,https://api.the-odds-api.com/v4/sports/americanfootball_nfl
2026,1,77396e9d565860fbfd05779028223a8a,2026-12-20T21:25:00Z,DraftKings,2026-09-10T19:06:24Z,Dallas Cowboys,Los Angeles Rams,totals,Over,52.5,-110,0.52380952,draftkings|77396e9d565860fbfd05779028223a8a|totals|52.5,0.5,https://api.the-odds-api.com/v4/sports/americanfootball_nfl
2026,1,77396e9d565860fbfd05779028223a8a,2026-12-20T21:25:00Z,DraftKings,2026-09-10T19:06:24Z,Dallas Cowboys,Los Angeles Rams,totals,Under,52.5,-110,0.52380952,draftkings|77396e9d565860fbfd05779028223a8a|totals|52.5,0.5,https://api.the-odds-api.com/v4/sports/americanfootball_nfl
2026,1,9f507007b9c0a7082c1471a5fa841336,2026-12-20T21:25:00Z,DraftKings,2026-09-10T19:06:24Z,Denver Broncos,Las Vegas Raiders,h2h,Denver Broncos,,-205,0.67213115,draftkings|9f507007b9c0a7082c1471a5fa841336|h2h|event,0.64472918,https://api.the-odds-api.com/v4/sports/americanfootball_nfl
2026,1,9f507007b9c0a7082c1471a5fa841336,2026-12-20T21:25:00Z,DraftKings,2026-09-10T19:06:24Z,Denver Broncos,Las Vegas Raiders,h2h,Las Vegas Raiders,,170,0.37037037,draftkings|9f507007b9c0a7082c1471a5fa841336|h2h|event,0.35527082,https://api.the-odds-api.com/v4/sports/americanfootball_nfl
2026,1,9f507007b9c0a7082c1471a5fa841336,2026-12-20T21:25:00Z,DraftKings,2026-09-10T19:06:24Z,Denver Broncos,Las Vegas Raiders,spreads,Denver Broncos,-4.5,-110,0.52380952,draftkings|9f507007b9c0a7082c1471a5fa841336|spreads|event,0.5,https://api.the-odds-api.com/v4/sports/americanfootball_nfl
2026,1,9f507007b9c0a7082c1471a5fa841336,2026-12-20T21:25:00Z,DraftKings,2026-09-10T19:06:24Z,Denver Broncos,Las Vegas Raiders,spreads,Las Vegas Raiders,4.5,-110,0.52380952,draftkings|9f507007b9c0a7082c1471a5fa841336|spreads|event,0.5,https://api.the-odds-api.com/v4/sports/americanfootball_nfl
2026,1,9f507007b9c0a7082c1471a5fa841336,2026-12-20T21:25:00Z,DraftKings,2026-09-10T19:06:24Z,Denver Broncos,Las Vegas Raiders,totals,Over,41.5,-110,0.52380952,draftkings|9f507007b9c0a7082c1471a5fa841336|totals|41.5,0.5,https://api.the-odds-api.com/v4/sports/americanfootball_nfl
2026,1,9f507007b9c0a7082c1471a5fa841336,2026-12-20T21:25:00Z,DraftKings,2026-09-10T19:06:24Z,Denver Broncos,Las Vegas Raiders,totals,Under,41.5,-110,0.52380952,draftkings|9f507007b9c0a7082c1471a5fa841336|totals|41.5,0.5,https://api.the-odds-api.com/v4/sports/americanfootball_nfl
2026,1,b34897a0368d570291d44e176c0c2331,2026-12-21T01:20:00Z,DraftKings,2026-09-10T19:06:24Z,Detroit Lions,Minnesota Vikings,h2h,Detroit Lions,,-122,0.54954955,draftkings|b34897a0368d570291d44e176c0c2331|h2h|event,0.52608659,https://api.the-odds-api.com/v4/sports/americanfootball_nfl
2026,1,b34897a0368d570291d44e176c0c2331,2026-12-21T01:20:00Z,DraftKings,2026-09-10T19:06:24Z,Detroit Lions,Minnesota Vikings,h2h,Minnesota Vikings,,102,0.4950495,draftkings|b34897a0368d570291d44e176c0c2331|h2h|event,0.47391341,https://api.the-odds-api.com/v4/sports/americanfootball_nfl
2026,1,b34897a0368d570291d44e176c0c2331,2026-12-21T01:20:00Z,DraftKings,2026-09-10T19:06:24Z,Detroit Lions,Minnesota Vikings,spreads,Detroit Lions,-1.5,-110,0.52380952,draftkings|b34897a0368d570291d44e176c0c2331|spreads|event,0.5,https://api.the-odds-api.com/v4/sports/americanfootball_nfl
2026,1,b34897a0368d570291d44e176c0c2331,2026-12-21T01:20:00Z,DraftKings,2026-09-10T19:06:24Z,Detroit Lions,Minnesota Vikings,spreads,Minnesota Vikings,1.5,-110,0.52380952,draftkings|b34897a0368d570291d44e176c0c2331|spreads|event,0.5,https://api.the-odds-api.com/v4/sports/americanfootball_nfl
2026,1,b34897a0368d570291d44e176c0c2331,2026-12-21T01:20:00Z,DraftKings,2026-09-10T19:06:24Z,Detroit Lions,Minnesota Vikings,totals,Over,46.5,-110,0.52380952,draftkings|b34897a0368d570291d44e176c0c2331|totals|46.5,0.5,https://api.the-odds-api.com/v4/sports/americanfootball_nfl
2026,1,b34897a0368d570291d44e176c0c2331,2026-12-21T01:20:00Z,DraftKings,2026-09-10T19:06:24Z,Detroit Lions,Minnesota Vikings,totals,Under,46.5,-110,0.52380952,draftkings|b34897a0368d570291d44e176c0c2331|totals|46.5,0.5,https://api.the-odds-api.com/v4/sports/americanfootball_nfl
2026,1,3f226ec5402c6ec4d84a59be80c2fa67,2026-12-25T01:15:00Z,DraftKings,2026-09-10T19:06:24Z,Houston Texans,Philadelphia Eagles,h2h,Houston Texans,,114,0.46728972,draftkings|3f226ec5402c6ec4d84a59be80c2fa67|h2h|event,0.44855888,https://api.the-odds-api.com/v4/sports/americanfootball_nfl
2026,1,3f226ec5402c6ec4d84a59be80c2fa67,2026-12-25T01:15:00Z,DraftKings,2026-09-10T19:06:24Z,Houston Texans,Philadelphia Eagles,h2h,Philadelphia Eagles,,-135,0.57446809,draftkings|3f226ec5402c6ec4d84a59be80c2fa67|h2h|event,0.55144112,https://api.the-odds-api.com/v4/sports/americanfootball_nfl
2026,1,3f226ec5402c6ec4d84a59be80c2fa67,2026-12-25T01:15:00Z,DraftKings,2026-09-10T19:06:24Z,Houston Texans,Philadelphia Eagles,spreads,Houston Texans,2.5,-112,0.52830189,draftkings|3f226ec5402c6ec4d84a59be80c2fa67|spreads|event,0.50432976,https://api.the-odds-api.com/v4/sports/americanfootball_nfl
2026,1,3f226ec5402c6ec4d84a59be80c2fa67,2026-12-25T01:15:00Z,DraftKings,2026-09-10T19:06:24Z,Houston Texans,Philadelphia Eagles,spreads,Philadelphia Eagles,-2.5,-108,0.51923077,draftkings|3f226ec5402c6ec4d84a59be80c2fa67|spreads|event,0.49567024,https://api.the-odds-api.com/v4/sports/americanfootball_nfl
2026,1,3f226ec5402c6ec4d84a59be80c2fa67,2026-12-25T01:15:00Z,DraftKings,2026-09-10T19:06:24Z,Houston Texans,Philadelphia Eagles,totals,Over,37.5,-110,0.52380952,draftkings|3f226ec5402c6ec4d84a59be80c2fa67|totals|37.5,0.5,https://api.the-odds-api.com/v4/sports/americanfootball_nfl
2026,1,3f226ec5402c6ec4d84a59be80c2fa67,2026-12-25T01:15:00Z,DraftKings,2026-09-10T19:06:24Z,Houston Texans,Philadelphia Eagles,totals,Under,37.5,-110,0.52380952,draftkings|3f226ec5402c6ec4d84a59be80c2fa67|totals|37.5,0.5,https://api.the-odds-api.com/v4/sports/americanfootball_nfl
2026,1,2828c07018dfafbe96aba205809cc7ac,2026-12-25T18:00:00Z,DraftKings,2026-09-10T19:06:24Z,Green Bay Packers,Chicago Bears,h2h,Chicago Bears,,-118,0.5412844,draftkings|2828c07018dfafbe96aba205809cc7ac|h2h|event,0.51736412,https://api.the-odds-api.com/v4/sports/americanfootball_nfl
2026,1,2828c07018dfafbe96aba205809cc7ac,2026-12-25T18:00:00Z,DraftKings,2026-09-10T19:06:24Z,Green Bay Packers,Chicago Bears,h2h,Green Bay Packers,,-102,0.5049505,draftkings|2828c07018dfafbe96aba205809cc7ac|h2h|event,0.48263588,https://api.the-odds-api.com/v4/sports/americanfootball_nfl
2026,1,2828c07018dfafbe96aba205809cc7ac,2026-12-25T18:00:00Z,DraftKings,2026-09-10T19:06:24Z,Green Bay Packers,Chicago Bears,spreads,Chicago Bears,-1.5,-105,0.51219512,draftkings|2828c07018dfafbe96aba205809cc7ac|spreads|event,0.48916576,https://api.the-odds-api.com/v4/sports/americanfootball_nfl
2026,1,2828c07018dfafbe96aba205809cc7ac,2026-12-25T18:00:00Z,DraftKings,2026-09-10T19:06:24Z,Green Bay Packers,Chicago Bears,spreads,Green Bay Packers,1.5,-115,0.53488372,draftkings|2828c07018dfafbe96aba205809cc7ac|spreads|event,0.51083424,https://api.the-odds-api.com/v4/sports/americanfootball_nfl
2026,1,2828c07018dfafbe96aba205809cc7ac,2026-12-25T18:00:00Z,DraftKings,2026-09-10T19:06:24Z,Green Bay Packers,Chicago Bears,totals,Over,47.5,-110,0.52380952,draftkings|2828c07018dfafbe96aba205809cc7ac|totals|47.5,0.5,https://api.the-odds-api.com/v4/sports/americanfootball_nfl
2026,1,2828c07018dfafbe96aba205809cc7ac,2026-12-25T18:00:00Z,DraftKings,2026-09-10T19:06:24Z,Green Bay Packers,Chicago Bears,totals,Under,47.5,-110,0.52380952,draftkings|2828c07018dfafbe96aba205809cc7ac|totals|47.5,0.5,https://api.the-odds-api.com/v4/sports/americanfootball_nfl
2026,1,126f27c71e8130ef87de0d137e833d9b,2026-12-25T21:30:00Z,DraftKings,2026-09-10T19:06:24Z,Buffalo Bills,Denver Broncos,h2h,Buffalo Bills,,-130,0.56521739,draftkings|126f27c71e8130ef87de0d137e833d9b|h2h|event,0.54274354,https://api.the-odds-api.com/v4/sports/americanfootball_nfl
2026,1,126f27c71e8130ef87de0d137e833d9b,2026-12-25T21:30:00Z,DraftKings,2026-09-10T19:06:24Z,Buffalo Bills,Denver Broncos,h2h,Denver Broncos,,110,0.47619048,draftkings|126f27c71e8130ef87de0d137e833d9b|h2h|event,0.45725646,https://api.the-odds-api.com/v4/sports/americanfootball_nfl
2026,1,126f27c71e8130ef87de0d137e833d9b,2026-12-25T21:30:00Z,DraftKings,2026-09-10T19:06:24Z,Buffalo Bills,Denver Broncos,spreads,Buffalo Bills,-1.5,-115,0.53488372,draftkings|126f27c71e8130ef87de0d137e833d9b|spreads|event,0.51083424,https://api.the-odds-api.com/v4/sports/americanfootball_nfl
2026,1,126f27c71e8130ef87de0d137e833d9b,2026-12-25T21:30:00Z,DraftKings,2026-09-10T19:06:24Z,Buffalo Bills,Denver Broncos,spreads,Denver Broncos,1.5,-105,0.51219512,draftkings|126f27c71e8130ef87de0d137e833d9b|spreads|event,0.48916576,https://api.the-odds-api.com/v4/sports/americanfootball_nfl
2026,1,126f27c71e8130ef87de0d137e833d9b,2026-12-25T21:30:00Z,DraftKings,2026-09-10T19:06:24Z,Buffalo Bills,Denver Broncos,totals,Over,46.5,-110,0.52380952,draftkings|126f27c71e8130ef87de0d137e833d9b|totals|46.5,0.5,https://api.the-odds-api.com/v4/sports/americanfootball_nfl
2026,1,126f27c71e8130ef87de0d137e833d9b,2026-12-25T21:30:00Z,DraftKings,2026-09-10T19:06:24Z,Buffalo Bills,Denver Broncos,totals,Under,46.5,-110,0.52380952,draftkings|126f27c71e8130ef87de0d137e833d9b|totals|46.5,0.5,https://api.the-odds-api.com/v4/sports/americanfootball_nfl
2026,1,8fd00347b6d77ce384d83cba814430d7,2026-12-27T18:00:00Z,DraftKings,2026-09-10T19:06:24Z,Arizona Cardinals,New Orleans Saints,h2h,Arizona Cardinals,,200,0.33333333,draftkings|8fd00347b6d77ce384d83cba814430d7|h2h|event,0.31944444,https://api.the-odds-api.com/v4/sports/americanfootball_nfl
2026,1,8fd00347b6d77ce384d83cba814430d7,2026-12-27T18:00:00Z,DraftKings,2026-09-10T19:06:24Z,Arizona Cardinals,New Orleans Saints,h2h,New Orleans Saints,,-245,0.71014493,draftkings|8fd00347b6d77ce384d83cba814430d7|h2h|event,0.68055556,https://api.the-odds-api.com/v4/sports/americanfootball_nfl
2026,1,8fd00347b6d77ce384d83cba814430d7,2026-12-27T18:00:00Z,DraftKings,2026-09-10T19:06:24Z,Arizona Cardinals,New Orleans Saints,spreads,Arizona Cardinals,5.5,-110,0.52380952,draftkings|8fd00347b6d77ce384d83cba814430d7|spreads|event,0.5,https://api.the-odds-api.com/v4/sports/americanfootball_nfl
2026,1,8fd00347b6d77ce384d83cba814430d7,2026-12-27T18:00:00Z,DraftKings,2026-09-10T19:06:24Z,Arizona Cardinals,New Orleans Saints,spreads,New Orleans Saints,-5.5,-110,0.52380952,draftkings|8fd00347b6d77ce384d83cba814430d7|spreads|event,0.5,https://api.the-odds-api.com/v4/sports/americanfootball_nfl
2026,1,8fd00347b6d77ce384d83cba814430d7,2026-12-27T18:00:00Z,DraftKings,2026-09-10T19:06:24Z,Arizona Cardinals,New Orleans Saints,totals,Over,44.5,-110,0.52380952,draftkings|8fd00347b6d77ce384d83cba814430d7|totals|44.5,0.5,https://api.the-odds-api.com/v4/sports/americanfootball_nfl
2026,1,8fd00347b6d77ce384d83cba814430d7,2026-12-27T18:00:00Z,DraftKings,2026-09-10T19:06:24Z,Arizona Cardinals,New Orleans Saints,totals,Under,44.5,-110,0.52380952,draftkings|8fd00347b6d77ce384d83cba814430d7|totals|44.5,0.5,https://api.the-odds-api.com/v4/sports/americanfootball_nfl
2026,1,8fd00347b6d77ce384d83cba814430d7,2026-12-27T18:00:00Z,BetUS,2026-09-10T19:06:57Z,Arizona Cardinals,New Orleans Saints,spreads,Arizona Cardinals,5.5,-110,0.52380952,betus|8fd00347b6d77ce384d83cba814430d7|spreads|event,0.5,https://api.the-odds-api.com/v4/sports/americanfootball_nfl
2026,1,8fd00347b6d77ce384d83cba814430d7,2026-12-27T18:00:00Z,BetUS,2026-09-10T19:06:57Z,Arizona Cardinals,New Orleans Saints,spreads,New Orleans Saints,-5.5,-110,0.52380952,betus|8fd00347b6d77ce384d83cba814430d7|spreads|event,0.5,https://api.the-odds-api.com/v4/sports/americanfootball_nfl
2026,1,8fd00347b6d77ce384d83cba814430d7,2026-12-27T18:00:00Z,BetUS,2026-09-10T19:06:57Z,Arizona Cardinals,New Orleans Saints,totals,Over,44.5,-110,0.52380952,betus|8fd00347b6d77ce384d83cba814430d7|totals|44.5,0.5,https://api.the-odds-api.com/v4/sports/americanfootball_nfl
2026,1,8fd00347b6d77ce384d83cba814430d7,2026-12-27T18:00:00Z,BetUS,2026-09-10T19:06:57Z,Arizona Cardinals,New Orleans Saints,totals,Under,44.5,-110,0.52380952,betus|8fd00347b6d77ce384d83cba814430d7|totals|44.5,0.5,https://api.the-odds-api.com/v4/sports/americanfootball_nfl
2026,1,bd13d00f06ad222b0a1b6ea4d0add763,2026-12-27T18:00:00Z,DraftKings,2026-09-10T19:06:24Z,Tampa Bay Buccaneers,Atlanta Falcons,h2h,Atlanta Falcons,,105,0.48780488,draftkings|bd13d00f06ad222b0a1b6ea4d0add763|h2h|event,0.46753247,https://api.the-odds-api.com/v4/sports/americanfootball_nfl
2026,1,bd13d00f06ad222b0a1b6ea4d0add763,2026-12-27T18:00:00Z,DraftKings,2026-09-10T19:06:24Z,Tampa Bay Buccaneers,Atlanta Falcons,h2h,Tampa Bay Buccaneers,,-125,0.55555556,draftkings|bd13d00f06ad222b0a1b6ea4d0add763|h2h|event,0.53246753,https://api.the-odds-api.com/v4/sports/americanfootball_nfl
2026,1,bd13d00f06ad222b0a1b6ea4d0add763,2026-12-27T18:00:00Z,DraftKings,2026-09-10T19:06:24Z,Tampa Bay Buccaneers,Atlanta Falcons,spreads,Atlanta Falcons,1.5,-110,0.52380952,draftkings|bd13d00f06ad222b0a1b6ea4d0add763|spreads|event,0.5,https://api.the-odds-api.com/v4/sports/americanfootball_nfl
2026,1,bd13d00f06ad222b0a1b6ea4d0add763,2026-12-27T18:00:00Z,DraftKings,2026-09-10T19:06:24Z,Tampa Bay Buccaneers,Atlanta Falcons,spreads,Tampa Bay Buccaneers,-1.5,-110,0.52380952,draftkings|bd13d00f06ad222b0a1b6ea4d0add763|spreads|event,0.5,https://api.the-odds-api.com/v4/sports/americanfootball_nfl
2026,1,bd13d00f06ad222b0a1b6ea4d0add763,2026-12-27T18:00:00Z,DraftKings,2026-09-10T19:06:24Z,Tampa Bay Buccaneers,Atlanta Falcons,totals,Over,45.5,-110,0.52380952,draftkings|bd13d00f06ad222b0a1b6ea4d0add763|totals|45.5,0.5,https://api.the-odds-api.com/v4/sports/americanfootball_nfl
2026,1,bd13d00f06ad222b0a1b6ea4d0add763,2026-12-27T18:00:00Z,DraftKings,2026-09-10T19:06:24Z,Tampa Bay Buccaneers,Atlanta Falcons,totals,Under,45.5,-110,0.52380952,draftkings|bd13d00f06ad222b0a1b6ea4d0add763|totals|45.5,0.5,https://api.the-odds-api.com/v4/sports/americanfootball_nfl
2026,1,0f23afce92c2f0af28973c0a7533763e,2026-12-27T18:00:00Z,DraftKings,2026-09-10T19:06:24Z,Cleveland Browns,Baltimore Ravens,h2h,Baltimore Ravens,,-425,0.80952381,draftkings|0f23afce92c2f0af28973c0a7533763e|h2h|event,0.77683316,https://api.the-odds-api.com/v4/sports/americanfootball_nfl
2026,1,0f23afce92c2f0af28973c0a7533763e,2026-12-27T18:00:00Z,DraftKings,2026-09-10T19:06:24Z,Cleveland Browns,Baltimore Ravens,h2h,Cleveland Browns,,330,0.23255814,draftkings|0f23afce92c2f0af28973c0a7533763e|h2h|event,0.22316684,https://api.the-odds-api.com/v4/sports/americanfootball_nfl
2026,1,0f23afce92c2f0af28973c0a7533763e,2026-12-27T18:00:00Z,DraftKings,2026-09-10T19:06:24Z,Cleveland Browns,Baltimore Ravens,spreads,Baltimore Ravens,-10.0,-110,0.52380952,draftkings|0f23afce92c2f0af28973c0a7533763e|spreads|event,0.5,https://api.the-odds-api.com/v4/sports/americanfootball_nfl
2026,1,0f23afce92c2f0af28973c0a7533763e,2026-12-27T18:00:00Z,DraftKings,2026-09-10T19:06:24Z,Cleveland Browns,Baltimore Ravens,spreads,Cleveland Browns,10.0,-110,0.52380952,draftkings|0f23afce92c2f0af28973c0a7533763e|spreads|event,0.5,https://api.the-odds-api.com/v4/sports/americanfootball_nfl
2026,1,0f23afce92c2f0af28973c0a7533763e,2026-12-27T18:00:00Z,DraftKings,2026-09-10T19:06:24Z,Cleveland Browns,Baltimore Ravens,totals,Over,43.5,-110,0.52380952,draftkings|0f23afce92c2f0af28973c0a7533763e|totals|43.5,0.5,https://api.the-odds-api.com/v4/sports/americanfootball_nfl
2026,1,0f23afce92c2f0af28973c0a7533763e,2026-12-27T18:00:00Z,DraftKings,2026-09-10T19:06:24Z,Cleveland Browns,Baltimore Ravens,totals,Under,43.5,-110,0.52380952,draftkings|0f23afce92c2f0af28973c0a7533763e|totals|43.5,0.5,https://api.the-odds-api.com/v4/sports/americanfootball_nfl
2026,1,0f23afce92c2f0af28973c0a7533763e,2026-12-27T18:00:00Z,BetUS,2026-09-10T19:06:57Z,Cleveland Browns,Baltimore Ravens,spreads,Baltimore Ravens,-9.5,-110,0.52380952,betus|0f23afce92c2f0af28973c0a7533763e|spreads|event,0.5,https://api.the-odds-api.com/v4/sports/americanfootball_nfl
2026,1,0f23afce92c2f0af28973c0a7533763e,2026-12-27T18:00:00Z,BetUS,2026-09-10T19:06:57Z,Cleveland Browns,Baltimore Ravens,spreads,Cleveland Browns,9.5,-110,0.52380952,betus|0f23afce92c2f0af28973c0a7533763e|spreads|event,0.5,https://api.the-odds-api.com/v4/sports/americanfootball_nfl
2026,1,0f23afce92c2f0af28973c0a7533763e,2026-12-27T18:00:00Z,BetUS,2026-09-10T19:06:57Z,Cleveland Browns,Baltimore Ravens,totals,Over,43.5,-110,0.52380952,betus|0f23afce92c2f0af28973c0a7533763e|totals|43.5,0.5,https://api.the-odds-api.com/v4/sports/americanfootball_nfl
2026,1,0f23afce92c2f0af28973c0a7533763e,2026-12-27T18:00:00Z,BetUS,2026-09-10T19:06:57Z,Cleveland Browns,Baltimore Ravens,totals,Under,43.5,-110,0.52380952,betus|0f23afce92c2f0af28973c0a7533763e|totals|43.5,0.5,https://api.the-odds-api.com/v4/sports/americanfootball_nfl
2026,1,74cb0e112d069cdbda1671ae85531f43,2026-12-27T18:00:00Z,DraftKings,2026-09-10T19:06:24Z,Carolina Panthers,Pittsburgh Steelers,h2h,Carolina Panthers,,160,0.38461538,draftkings|74cb0e112d069cdbda1671ae85531f43|h2h|event,0.36905965,https://api.the-odds-api.com/v4/sports/americanfootball_nfl
2026,1,74cb0e112d069cdbda1671ae85531f43,2026-12-27T18:00:00Z,DraftKings,2026-09-10T19:06:24Z,Carolina Panthers,Pittsburgh Steelers,h2h,Pittsburgh Steelers,,-192,0.65753425,draftkings|74cb0e112d069cdbda1671ae85531f43|h2h|event,0.63094035,https://api.the-odds-api.com/v4/sports/americanfootball_nfl
2026,1,74cb0e112d069cdbda1671ae85531f43,2026-12-27T18:00:00Z,DraftKings,2026-09-10T19:06:24Z,Carolina Panthers,Pittsburgh Steelers,spreads,Carolina Panthers,3.5,-110,0.52380952,draftkings|74cb0e112d069cdbda1671ae85531f43|spreads|event,0.5,https://api.the-odds-api.com/v4/sports/americanfootball_nfl
2026,1,74cb0e112d069cdbda1671ae85531f43,2026-12-27T18:00:00Z,DraftKings,2026-09-10T19:06:24Z,Carolina Panthers,Pittsburgh Steelers,spreads,Pittsburgh Steelers,-3.5,-110,0.52380952,draftkings|74cb0e112d069cdbda1671ae85531f43|spreads|event,0.5,https://api.the-odds-api.com/v4/sports/americanfootball_nfl
2026,1,74cb0e112d069cdbda1671ae85531f43,2026-12-27T18:00:00Z,DraftKings,2026-09-10T19:06:24Z,Carolina Panthers,Pittsburgh Steelers,totals,Over,41.5,-110,0.52380952,draftkings|74cb0e112d069cdbda1671ae85531f43|totals|41.5,0.5,https://api.the-odds-api.com/v4/sports/americanfootball_nfl
2026,1,74cb0e112d069cdbda1671ae85531f43,2026-12-27T18:00:00Z,DraftKings,2026-09-10T19:06:24Z,Carolina Panthers,Pittsburgh Steelers,totals,Under,41.5,-110,0.52380952,draftkings|74cb0e112d069cdbda1671ae85531f43|totals|41.5,0.5,https://api.the-odds-api.com/v4/sports/americanfootball_nfl
2026,1,74cb0e112d069cdbda1671ae85531f43,2026-12-27T18:00:00Z,BetUS,2026-09-10T19:06:57Z,Carolina Panthers,Pittsburgh Steelers,spreads,Carolina Panthers,3.5,-110,0.52380952,betus|74cb0e112d069cdbda1671ae85531f43|spreads|event,0.5,https://api.the-odds-api.com/v4/sports/americanfootball_nfl
2026,1,74cb0e112d069cdbda1671ae85531f43,2026-12-27T18:00:00Z,BetUS,2026-09-10T19:06:57Z,Carolina Panthers,Pittsburgh Steelers,spreads,Pittsburgh Steelers,-3.5,-110,0.52380952,betus|74cb0e112d069cdbda1671ae85531f43|spreads|event,0.5,https://api.the-odds-api.com/v4/sports/americanfootball_nfl
2026,1,74cb0e112d069cdbda1671ae85531f43,2026-12-27T18:00:00Z,BetUS,2026-09-10T19:06:57Z,Carolina Panthers,Pittsburgh Steelers,totals,Over,41.5,-110,0.52380952,betus|74cb0e112d069cdbda1671ae85531f43|totals|41.5,0.5,https://api.the-odds-api.com/v4/sports/americanfootball_nfl
2026,1,74cb0e112d069cdbda1671ae85531f43,2026-12-27T18:00:00Z,BetUS,2026-09-10T19:06:57Z,Carolina Panthers,Pittsburgh Steelers,totals,Under,41.5,-110,0.52380952,betus|74cb0e112d069cdbda1671ae85531f43|totals|41.5,0.5,https://api.the-odds-api.com/v4/sports/americanfootball_nfl
2026,1,ca8982dccb6c3ae01525800317287f02,2026-12-27T18:00:00Z,DraftKings,2026-09-10T19:06:24Z,Cincinnati Bengals,Indianapolis Colts,h2h,Cincinnati Bengals,,-125,0.55555556,draftkings|ca8982dccb6c3ae01525800317287f02|h2h|event,0.53246753,https://api.the-odds-api.com/v4/sports/americanfootball_nfl
2026,1,ca8982dccb6c3ae01525800317287f02,2026-12-27T18:00:00Z,DraftKings,2026-09-10T19:06:24Z,Cincinnati Bengals,Indianapolis Colts,h2h,Indianapolis Colts,,105,0.48780488,draftkings|ca8982dccb6c3ae01525800317287f02|h2h|event,0.46753247,https://api.the-odds-api.com/v4/sports/americanfootball_nfl
2026,1,ca8982dccb6c3ae01525800317287f02,2026-12-27T18:00:00Z,DraftKings,2026-09-10T19:06:24Z,Cincinnati Bengals,Indianapolis Colts,spreads,Cincinnati Bengals,-1.5,-110,0.52380952,draftkings|ca8982dccb6c3ae01525800317287f02|spreads|event,0.5,https://api.the-odds-api.com/v4/sports/americanfootball_nfl
2026,1,ca8982dccb6c3ae01525800317287f02,2026-12-27T18:00:00Z,DraftKings,2026-09-10T19:06:24Z,Cincinnati Bengals,Indianapolis Colts,spreads,Indianapolis Colts,1.5,-110,0.52380952,draftkings|ca8982dccb6c3ae01525800317287f02|spreads|event,0.5,https://api.the-odds-api.com/v4/sports/americanfootball_nfl
2026,1,ca8982dccb6c3ae01525800317287f02,2026-12-27T18:00:00Z,DraftKings,2026-09-10T19:06:24Z,Cincinnati Bengals,Indianapolis Colts,totals,Over,52.5,-110,0.52380952,draftkings|ca8982dccb6c3ae01525800317287f02|totals|52.5,0.5,https://api.the-odds-api.com/v4/sports/americanfootball_nfl
2026,1,ca8982dccb6c3ae01525800317287f02,2026-12-27T18:00:00Z,DraftKings,2026-09-10T19:06:24Z,Cincinnati Bengals,Indianapolis Colts,totals,Under,52.5,-110,0.52380952,draftkings|ca8982dccb6c3ae01525800317287f02|totals|52.5,0.5,https://api.the-odds-api.com/v4/sports/americanfootball_nfl
2026,1,ca8982dccb6c3ae01525800317287f02,2026-12-27T18:00:00Z,BetUS,2026-09-10T19:06:57Z,Cincinnati Bengals,Indianapolis Colts,spreads,Cincinnati Bengals,-1.5,-110,0.52380952,betus|ca8982dccb6c3ae01525800317287f02|spreads|event,0.5,https://api.the-odds-api.com/v4/sports/americanfootball_nfl
2026,1,ca8982dccb6c3ae01525800317287f02,2026-12-27T18:00:00Z,BetUS,2026-09-10T19:06:57Z,Cincinnati Bengals,Indianapolis Colts,spreads,Indianapolis Colts,1.5,-110,0.52380952,betus|ca8982dccb6c3ae01525800317287f02|spreads|event,0.5,https://api.the-odds-api.com/v4/sports/americanfootball_nfl
2026,1,ca8982dccb6c3ae01525800317287f02,2026-12-27T18:00:00Z,BetUS,2026-09-10T19:06:57Z,Cincinnati Bengals,Indianapolis Colts,totals,Over,52.5,-110,0.52380952,betus|ca8982dccb6c3ae01525800317287f02|totals|52.5,0.5,https://api.the-odds-api.com/v4/sports/americanfootball_nfl
2026,1,ca8982dccb6c3ae01525800317287f02,2026-12-27T18:00:00Z,BetUS,2026-09-10T19:06:57Z,Cincinnati Bengals,Indianapolis Colts,totals,Under,52.5,-110,0.52380952,betus|ca8982dccb6c3ae01525800317287f02|totals|52.5,0.5,https://api.the-odds-api.com/v4/sports/americanfootball_nfl
2026,1,29425f5c68826d615277cf9be2b82e00,2026-12-27T18:00:00Z,DraftKings,2026-09-10T19:06:24Z,Tennessee Titans,Las Vegas Raiders,h2h,Las Vegas Raiders,,-125,0.55555556,draftkings|29425f5c68826d615277cf9be2b82e00|h2h|event,0.53246753,https://api.the-odds-api.com/v4/sports/americanfootball_nfl
2026,1,29425f5c68826d615277cf9be2b82e00,2026-12-27T18:00:00Z,DraftKings,2026-09-10T19:06:24Z,Tennessee Titans,Las Vegas Raiders,h2h,Tennessee Titans,,105,0.48780488,draftkings|29425f5c68826d615277cf9be2b82e00|h2h|event,0.46753247,https://api.the-odds-api.com/v4/sports/americanfootball_nfl
2026,1,29425f5c68826d615277cf9be2b82e00,2026-12-27T18:00:00Z,DraftKings,2026-09-10T19:06:24Z,Tennessee Titans,Las Vegas Raiders,spreads,Las Vegas Raiders,-1.5,-110,0.52380952,draftkings|29425f5c68826d615277cf9be2b82e00|spreads|event,0.5,https://api.the-odds-api.com/v4/sports/americanfootball_nfl
2026,1,29425f5c68826d615277cf9be2b82e00,2026-12-27T18:00:00Z,DraftKings,2026-09-10T19:06:24Z,Tennessee Titans,Las Vegas Raiders,spreads,Tennessee Titans,1.5,-110,0.52380952,draftkings|29425f5c68826d615277cf9be2b82e00|spreads|event,0.5,https://api.the-odds-api.com/v4/sports/americanfootball_nfl
2026,1,29425f5c68826d615277cf9be2b82e00,2026-12-27T18:00:00Z,DraftKings,2026-09-10T19:06:24Z,Tennessee Titans,Las Vegas Raiders,totals,Over,42.5,-110,0.52380952,draftkings|29425f5c68826d615277cf9be2b82e00|totals|42.5,0.5,https://api.the-odds-api.com/v4/sports/americanfootball_nfl
2026,1,29425f5c68826d615277cf9be2b82e00,2026-12-27T18:00:00Z,DraftKings,2026-09-10T19:06:24Z,Tennessee Titans,Las Vegas Raiders,totals,Under,42.5,-110,0.52380952,draftkings|29425f5c68826d615277cf9be2b82e00|totals|42.5,0.5,https://api.the-odds-api.com/v4/sports/americanfootball_nfl
2026,1,fe2eb511d4c2da3a8e88b85b4f4e9f7e,2026-12-27T18:00:00Z,DraftKings,2026-09-10T19:06:24Z,Los Angeles Chargers,Miami Dolphins,h2h,Los Angeles Chargers,,-360,0.7826087,draftkings|fe2eb511d4c2da3a8e88b85b4f4e9f7e|h2h|event,0.75081257,https://api.the-odds-api.com/v4/sports/americanfootball_nfl
2026,1,fe2eb511d4c2da3a8e88b85b4f4e9f7e,2026-12-27T18:00:00Z,DraftKings,2026-09-10T19:06:24Z,Los Angeles Chargers,Miami Dolphins,h2h,Miami Dolphins,,285,0.25974026,draftkings|fe2eb511d4c2da3a8e88b85b4f4e9f7e|h2h|event,0.24918743,https://api.the-odds-api.com/v4/sports/americanfootball_nfl
2026,1,fe2eb511d4c2da3a8e88b85b4f4e9f7e,2026-12-27T18:00:00Z,DraftKings,2026-09-10T19:06:24Z,Los Angeles Chargers,Miami Dolphins,spreads,Los Angeles Chargers,-7.0,-112,0.52830189,draftkings|fe2eb511d4c2da3a8e88b85b4f4e9f7e|spreads|event,0.50432976,https://api.the-odds-api.com/v4/sports/americanfootball_nfl
2026,1,fe2eb511d4c2da3a8e88b85b4f4e9f7e,2026-12-27T18:00:00Z,DraftKings,2026-09-10T19:06:24Z,Los Angeles Chargers,Miami Dolphins,spreads,Miami Dolphins,7.0,-108,0.51923077,draftkings|fe2eb511d4c2da3a8e88b85b4f4e9f7e|spreads|event,0.49567024,https://api.the-odds-api.com/v4/sports/americanfootball_nfl
2026,1,fe2eb511d4c2da3a8e88b85b4f4e9f7e,2026-12-27T18:00:00Z,DraftKings,2026-09-10T19:06:24Z,Los Angeles Chargers,Miami Dolphins,totals,Over,45.5,-110,0.52380952,draftkings|fe2eb511d4c2da3a8e88b85b4f4e9f7e|totals|45.5,0.5,https://api.the-odds-api.com/v4/sports/americanfootball_nfl
2026,1,fe2eb511d4c2da3a8e88b85b4f4e9f7e,2026-12-27T18:00:00Z,DraftKings,2026-09-10T19:06:24Z,Los Angeles Chargers,Miami Dolphins,totals,Under,45.5,-110,0.52380952,draftkings|fe2eb511d4c2da3a8e88b85b4f4e9f7e|totals|45.5,0.5,https://api.the-odds-api.com/v4/sports/americanfootball_nfl
2026,1,cf5cefa5556bcd0156bd394171ef6c8e,2026-12-27T18:00:00Z,DraftKings,2026-09-10T19:06:24Z,Washington Commanders,Minnesota Vikings,h2h,Minnesota Vikings,,-135,0.57446809,draftkings|cf5cefa5556bcd0156bd394171ef6c8e|h2h|event,0.55144112,https://api.the-odds-api.com/v4/sports/americanfootball_nfl
2026,1,cf5cefa5556bcd0156bd394171ef6c8e,2026-12-27T18:00:00Z,DraftKings,2026-09-10T19:06:24Z,Washington Commanders,Minnesota Vikings,h2h,Washington Commanders,,114,0.46728972,draftkings|cf5cefa5556bcd0156bd394171ef6c8e|h2h|event,0.44855888,https://api.the-odds-api.com/v4/sports/americanfootball_nfl
2026,1,cf5cefa5556bcd0156bd394171ef6c8e,2026-12-27T18:00:00Z,DraftKings,2026-09-10T19:06:24Z,Washington Commanders,Minnesota Vikings,spreads,Minnesota Vikings,-2.5,-110,0.52380952,draftkings|cf5cefa5556bcd0156bd394171ef6c8e|spreads|event,0.5,https://api.the-odds-api.com/v4/sports/americanfootball_nfl
2026,1,cf5cefa5556bcd0156bd394171ef6c8e,2026-12-27T18:00:00Z,DraftKings,2026-09-10T19:06:24Z,Washington Commanders,Minnesota Vikings,spreads,Washington Commanders,2.5,-110,0.52380952,draftkings|cf5cefa5556bcd0156bd394171ef6c8e|spreads|event,0.5,https://api.the-odds-api.com/v4/sports/americanfootball_nfl
2026,1,cf5cefa5556bcd0156bd394171ef6c8e,2026-12-27T18:00:00Z,DraftKings,2026-09-10T19:06:24Z,Washington Commanders,Minnesota Vikings,totals,Over,46.5,-110,0.52380952,draftkings|cf5cefa5556bcd0156bd394171ef6c8e|totals|46.5,0.5,https://api.the-odds-api.com/v4/sports/americanfootball_nfl
2026,1,cf5cefa5556bcd0156bd394171ef6c8e,2026-12-27T18:00:00Z,DraftKings,2026-09-10T19:06:24Z,Washington Commanders,Minnesota Vikings,totals,Under,46.5,-110,0.52380952,draftkings|cf5cefa5556bcd0156bd394171ef6c8e|totals|46.5,0.5,https://api.the-odds-api.com/v4/sports/americanfootball_nfl
2026,1,cf5cefa5556bcd0156bd394171ef6c8e,2026-12-27T18:00:00Z,BetUS,2026-09-10T19:06:57Z,Washington Commanders,Minnesota Vikings,spreads,Minnesota Vikings,-2.5,-110,0.52380952,betus|cf5cefa5556bcd0156bd394171ef6c8e|spreads|event,0.5,https://api.the-odds-api.com/v4/sports/americanfootball_nfl
2026,1,cf5cefa5556bcd0156bd394171ef6c8e,2026-12-27T18:00:00Z,BetUS,2026-09-10T19:06:57Z,Washington Commanders,Minnesota Vikings,spreads,Washington Commanders,2.5,-110,0.52380952,betus|cf5cefa5556bcd0156bd394171ef6c8e|spreads|event,0.5,https://api.the-odds-api.com/v4/sports/americanfootball_nfl
2026,1,cf5cefa5556bcd0156bd394171ef6c8e,2026-12-27T18:00:00Z,BetUS,2026-09-10T19:06:57Z,Washington Commanders,Minnesota Vikings,totals,Over,46.5,-110,0.52380952,betus|cf5cefa5556bcd0156bd394171ef6c8e|totals|46.5,0.5,https://api.the-odds-api.com/v4/sports/americanfootball_nfl
2026,1,cf5cefa5556bcd0156bd394171ef6c8e,2026-12-27T18:00:00Z,BetUS,2026-09-10T19:06:57Z,Washington Commanders,Minnesota Vikings,totals,Under,46.5,-110,0.52380952,betus|cf5cefa5556bcd0156bd394171ef6c8e|totals|46.5,0.5,https://api.the-odds-api.com/v4/sports/americanfootball_nfl
2026,1,fc7cce3ae7c73cc7151357829e11b6d5,2026-12-27T21:25:00Z,DraftKings,2026-09-10T19:06:24Z,San Francisco 49ers,Kansas City Chiefs,h2h,Kansas City Chiefs,,-155,0.60784314,draftkings|fc7cce3ae7c73cc7151357829e11b6d5|h2h|event,0.58299264,https://api.the-odds-api.com/v4/sports/americanfootball_nfl
2026,1,fc7cce3ae7c73cc7151357829e11b6d5,2026-12-27T21:25:00Z,DraftKings,2026-09-10T19:06:24Z,San Francisco 49ers,Kansas City Chiefs,h2h,San Francisco 49ers,,130,0.43478261,draftkings|fc7cce3ae7c73cc7151357829e11b6d5|h2h|event,0.41700736,https://api.the-odds-api.com/v4/sports/americanfootball_nfl
2026,1,fc7cce3ae7c73cc7151357829e11b6d5,2026-12-27T21:25:00Z,DraftKings,2026-09-10T19:06:24Z,San Francisco 49ers,Kansas City Chiefs,spreads,Kansas City Chiefs,-3.0,100,0.5,draftkings|fc7cce3ae7c73cc7151357829e11b6d5|spreads|event,0.47826087,https://api.the-odds-api.com/v4/sports/americanfootball_nfl
2026,1,fc7cce3ae7c73cc7151357829e11b6d5,2026-12-27T21:25:00Z,DraftKings,2026-09-10T19:06:24Z,San Francisco 49ers,Kansas City Chiefs,spreads,San Francisco 49ers,3.0,-120,0.54545455,draftkings|fc7cce3ae7c73cc7151357829e11b6d5|spreads|event,0.52173913,https://api.the-odds-api.com/v4/sports/americanfootball_nfl
2026,1,fc7cce3ae7c73cc7151357829e11b6d5,2026-12-27T21:25:00Z,DraftKings,2026-09-10T19:06:24Z,San Francisco 49ers,Kansas City Chiefs,totals,Over,46.5,-110,0.52380952,draftkings|fc7cce3ae7c73cc7151357829e11b6d5|totals|46.5,0.5,https://api.the-odds-api.com/v4/sports/americanfootball_nfl
2026,1,fc7cce3ae7c73cc7151357829e11b6d5,2026-12-27T21:25:00Z,DraftKings,2026-09-10T19:06:24Z,San Francisco 49ers,Kansas City Chiefs,totals,Under,46.5,-110,0.52380952,draftkings|fc7cce3ae7c73cc7151357829e11b6d5|totals|46.5,0.5,https://api.the-odds-api.com/v4/sports/americanfootball_nfl
2026,1,fc7cce3ae7c73cc7151357829e11b6d5,2026-12-27T21:25:00Z,BetUS,2026-09-10T19:06:57Z,San Francisco 49ers,Kansas City Chiefs,spreads,Kansas City Chiefs,-2.5,-120,0.54545455,betus|fc7cce3ae7c73cc7151357829e11b6d5|spreads|event,0.52173913,https://api.the-odds-api.com/v4/sports/americanfootball_nfl
2026,1,fc7cce3ae7c73cc7151357829e11b6d5,2026-12-27T21:25:00Z,BetUS,2026-09-10T19:06:57Z,San Francisco 49ers,Kansas City Chiefs,spreads,San Francisco 49ers,2.5,100,0.5,betus|fc7cce3ae7c73cc7151357829e11b6d5|spreads|event,0.47826087,https://api.the-odds-api.com/v4/sports/americanfootball_nfl
2026,1,fc7cce3ae7c73cc7151357829e11b6d5,2026-12-27T21:25:00Z,BetUS,2026-09-10T19:06:57Z,San Francisco 49ers,Kansas City Chiefs,totals,Over,46.5,-110,0.52380952,betus|fc7cce3ae7c73cc7151357829e11b6d5|totals|46.5,0.5,https://api.the-odds-api.com/v4/sports/americanfootball_nfl
2026,1,fc7cce3ae7c73cc7151357829e11b6d5,2026-12-27T21:25:00Z,BetUS,2026-09-10T19:06:57Z,San Francisco 49ers,Kansas City Chiefs,totals,Under,46.5,-110,0.52380952,betus|fc7cce3ae7c73cc7151357829e11b6d5|totals|46.5,0.5,https://api.the-odds-api.com/v4/sports/americanfootball_nfl
2026,1,b1c4ec04c3398a9efa25492000858384,2026-12-28T01:20:00Z,DraftKings,2026-09-10T19:06:24Z,Jacksonville Jaguars,Dallas Cowboys,h2h,Dallas Cowboys,,-162,0.61832061,draftkings|b1c4ec04c3398a9efa25492000858384|h2h|event,0.59336976,https://api.the-odds-api.com/v4/sports/americanfootball_nfl
2026,1,b1c4ec04c3398a9efa25492000858384,2026-12-28T01:20:00Z,DraftKings,2026-09-10T19:06:24Z,Jacksonville Jaguars,Dallas Cowboys,h2h,Jacksonville Jaguars,,136,0.42372881,draftkings|b1c4ec04c3398a9efa25492000858384|h2h|event,0.40663024,https://api.the-odds-api.com/v4/sports/americanfootball_nfl
2026,1,b1c4ec04c3398a9efa25492000858384,2026-12-28T01:20:00Z,DraftKings,2026-09-10T19:06:24Z,Jacksonville Jaguars,Dallas Cowboys,spreads,Dallas Cowboys,-3.0,-102,0.5049505,draftkings|b1c4ec04c3398a9efa25492000858384|spreads|event,0.48263588,https://api.the-odds-api.com/v4/sports/americanfootball_nfl
2026,1,b1c4ec04c3398a9efa25492000858384,2026-12-28T01:20:00Z,DraftKings,2026-09-10T19:06:24Z,Jacksonville Jaguars,Dallas Cowboys,spreads,Jacksonville Jaguars,3.0,-118,0.5412844,draftkings|b1c4ec04c3398a9efa25492000858384|spreads|event,0.51736412,https://api.the-odds-api.com/v4/sports/americanfootball_nfl
2026,1,b1c4ec04c3398a9efa25492000858384,2026-12-28T01:20:00Z,DraftKings,2026-09-10T19:06:24Z,Jacksonville Jaguars,Dallas Cowboys,totals,Over,51.5,-110,0.52380952,draftkings|b1c4ec04c3398a9efa25492000858384|totals|51.5,0.5,https://api.the-odds-api.com/v4/sports/americanfootball_nfl
2026,1,b1c4ec04c3398a9efa25492000858384,2026-12-28T01:20:00Z,DraftKings,2026-09-10T19:06:24Z,Jacksonville Jaguars,Dallas Cowboys,totals,Under,51.5,-110,0.52380952,draftkings|b1c4ec04c3398a9efa25492000858384|totals|51.5,0.5,https://api.the-odds-api.com/v4/sports/americanfootball_nfl
2026,1,ca92c191ebf7361ea56f9bbc09a5f51b,2026-12-29T01:15:00Z,DraftKings,2026-09-10T19:06:24Z,New York Giants,Detroit Lions,h2h,Detroit Lions,,-205,0.67213115,draftkings|ca92c191ebf7361ea56f9bbc09a5f51b|h2h|event,0.64472918,https://api.the-odds-api.com/v4/sports/americanfootball_nfl
2026,1,ca92c191ebf7361ea56f9bbc09a5f51b,2026-12-29T01:15:00Z,DraftKings,2026-09-10T19:06:24Z,New York Giants,Detroit Lions,h2h,New York Giants,,170,0.37037037,draftkings|ca92c191ebf7361ea56f9bbc09a5f51b|h2h|event,0.35527082,https://api.the-odds-api.com/v4/sports/americanfootball_nfl
2026,1,ca92c191ebf7361ea56f9bbc09a5f51b,2026-12-29T01:15:00Z,DraftKings,2026-09-10T19:06:24Z,New York Giants,Detroit Lions,spreads,Detroit Lions,-4.5,-110,0.52380952,draftkings|ca92c191ebf7361ea56f9bbc09a5f51b|spreads|event,0.5,https://api.the-odds-api.com/v4/sports/americanfootball_nfl
2026,1,ca92c191ebf7361ea56f9bbc09a5f51b,2026-12-29T01:15:00Z,DraftKings,2026-09-10T19:06:24Z,New York Giants,Detroit Lions,spreads,New York Giants,4.5,-110,0.52380952,draftkings|ca92c191ebf7361ea56f9bbc09a5f51b|spreads|event,0.5,https://api.the-odds-api.com/v4/sports/americanfootball_nfl
2026,1,ca92c191ebf7361ea56f9bbc09a5f51b,2026-12-29T01:15:00Z,DraftKings,2026-09-10T19:06:24Z,New York Giants,Detroit Lions,totals,Over,49.5,-110,0.52380952,draftkings|ca92c191ebf7361ea56f9bbc09a5f51b|totals|49.5,0.5,https://api.the-odds-api.com/v4/sports/americanfootball_nfl
2026,1,ca92c191ebf7361ea56f9bbc09a5f51b,2026-12-29T01:15:00Z,DraftKings,2026-09-10T19:06:24Z,New York Giants,Detroit Lions,totals,Under,49.5,-110,0.52380952,draftkings|ca92c191ebf7361ea56f9bbc09a5f51b|totals|49.5,0.5,https://api.the-odds-api.com/v4/sports/americanfootball_nfl
2026,1,be268ce293cf4fad1c0c867a3ca4c257,2027-01-01T01:15:00Z,DraftKings,2026-09-10T19:06:24Z,Baltimore Ravens,Cincinnati Bengals,h2h,Baltimore Ravens,,114,0.46728972,draftkings|be268ce293cf4fad1c0c867a3ca4c257|h2h|event,0.44855888,https://api.the-odds-api.com/v4/sports/americanfootball_nfl
2026,1,be268ce293cf4fad1c0c867a3ca4c257,2027-01-01T01:15:00Z,DraftKings,2026-09-10T19:06:24Z,Baltimore Ravens,Cincinnati Bengals,h2h,Cincinnati Bengals,,-135,0.57446809,draftkings|be268ce293cf4fad1c0c867a3ca4c257|h2h|event,0.55144112,https://api.the-odds-api.com/v4/sports/americanfootball_nfl
2026,1,be268ce293cf4fad1c0c867a3ca4c257,2027-01-01T01:15:00Z,DraftKings,2026-09-10T19:06:24Z,Baltimore Ravens,Cincinnati Bengals,spreads,Baltimore Ravens,2.5,-110,0.52380952,draftkings|be268ce293cf4fad1c0c867a3ca4c257|spreads|event,0.5,https://api.the-odds-api.com/v4/sports/americanfootball_nfl
2026,1,be268ce293cf4fad1c0c867a3ca4c257,2027-01-01T01:15:00Z,DraftKings,2026-09-10T19:06:24Z,Baltimore Ravens,Cincinnati Bengals,spreads,Cincinnati Bengals,-2.5,-110,0.52380952,draftkings|be268ce293cf4fad1c0c867a3ca4c257|spreads|event,0.5,https://api.the-odds-api.com/v4/sports/americanfootball_nfl
2026,1,be268ce293cf4fad1c0c867a3ca4c257,2027-01-01T01:15:00Z,DraftKings,2026-09-10T19:06:24Z,Baltimore Ravens,Cincinnati Bengals,totals,Over,51.5,-110,0.52380952,draftkings|be268ce293cf4fad1c0c867a3ca4c257|totals|51.5,0.5,https://api.the-odds-api.com/v4/sports/americanfootball_nfl
2026,1,be268ce293cf4fad1c0c867a3ca4c257,2027-01-01T01:15:00Z,DraftKings,2026-09-10T19:06:24Z,Baltimore Ravens,Cincinnati Bengals,totals,Under,51.5,-110,0.52380952,draftkings|be268ce293cf4fad1c0c867a3ca4c257|totals|51.5,0.5,https://api.the-odds-api.com/v4/sports/americanfootball_nfl
2026,1,be268ce293cf4fad1c0c867a3ca4c257,2027-01-01T01:15:00Z,BetUS,2026-09-10T19:06:57Z,Baltimore Ravens,Cincinnati Bengals,spreads,Baltimore Ravens,2.5,-115,0.53488372,betus|be268ce293cf4fad1c0c867a3ca4c257|spreads|event,0.51083424,https://api.the-odds-api.com/v4/sports/americanfootball_nfl
2026,1,be268ce293cf4fad1c0c867a3ca4c257,2027-01-01T01:15:00Z,BetUS,2026-09-10T19:06:57Z,Baltimore Ravens,Cincinnati Bengals,spreads,Cincinnati Bengals,-2.5,-105,0.51219512,betus|be268ce293cf4fad1c0c867a3ca4c257|spreads|event,0.48916576,https://api.the-odds-api.com/v4/sports/americanfootball_nfl
2026,1,be268ce293cf4fad1c0c867a3ca4c257,2027-01-01T01:15:00Z,BetUS,2026-09-10T19:06:57Z,Baltimore Ravens,Cincinnati Bengals,totals,Over,51.5,-110,0.52380952,betus|be268ce293cf4fad1c0c867a3ca4c257|totals|51.5,0.5,https://api.the-odds-api.com/v4/sports/americanfootball_nfl
2026,1,be268ce293cf4fad1c0c867a3ca4c257,2027-01-01T01:15:00Z,BetUS,2026-09-10T19:06:57Z,Baltimore Ravens,Cincinnati Bengals,totals,Under,51.5,-110,0.52380952,betus|be268ce293cf4fad1c0c867a3ca4c257|totals|51.5,0.5,https://api.the-odds-api.com/v4/sports/americanfootball_nfl
2026,1,e5dd9cc3fd5452d55c250949e946743d,2027-01-03T18:00:00Z,DraftKings,2026-09-10T19:06:24Z,New Orleans Saints,Atlanta Falcons,h2h,Atlanta Falcons,,-125,0.55555556,draftkings|e5dd9cc3fd5452d55c250949e946743d|h2h|event,0.53246753,https://api.the-odds-api.com/v4/sports/americanfootball_nfl
2026,1,e5dd9cc3fd5452d55c250949e946743d,2027-01-03T18:00:00Z,DraftKings,2026-09-10T19:06:24Z,New Orleans Saints,Atlanta Falcons,h2h,New Orleans Saints,,105,0.48780488,draftkings|e5dd9cc3fd5452d55c250949e946743d|h2h|event,0.46753247,https://api.the-odds-api.com/v4/sports/americanfootball_nfl
2026,1,e5dd9cc3fd5452d55c250949e946743d,2027-01-03T18:00:00Z,DraftKings,2026-09-10T19:06:24Z,New Orleans Saints,Atlanta Falcons,spreads,Atlanta Falcons,-1.5,-110,0.52380952,draftkings|e5dd9cc3fd5452d55c250949e946743d|spreads|event,0.5,https://api.the-odds-api.com/v4/sports/americanfootball_nfl
2026,1,e5dd9cc3fd5452d55c250949e946743d,2027-01-03T18:00:00Z,DraftKings,2026-09-10T19:06:24Z,New Orleans Saints,Atlanta Falcons,spreads,New Orleans Saints,1.5,-110,0.52380952,draftkings|e5dd9cc3fd5452d55c250949e946743d|spreads|event,0.5,https://api.the-odds-api.com/v4/sports/americanfootball_nfl
2026,1,e5dd9cc3fd5452d55c250949e946743d,2027-01-03T18:00:00Z,DraftKings,2026-09-10T19:06:24Z,New Orleans Saints,Atlanta Falcons,totals,Over,44.5,-110,0.52380952,draftkings|e5dd9cc3fd5452d55c250949e946743d|totals|44.5,0.5,https://api.the-odds-api.com/v4/sports/americanfootball_nfl
2026,1,e5dd9cc3fd5452d55c250949e946743d,2027-01-03T18:00:00Z,DraftKings,2026-09-10T19:06:24Z,New Orleans Saints,Atlanta Falcons,totals,Under,44.5,-110,0.52380952,draftkings|e5dd9cc3fd5452d55c250949e946743d|totals|44.5,0.5,https://api.the-odds-api.com/v4/sports/americanfootball_nfl
2026,1,d9a186d988a3ede2a33e504f4890fe52,2027-01-03T18:00:00Z,DraftKings,2026-09-10T19:06:24Z,Buffalo Bills,Miami Dolphins,h2h,Buffalo Bills,,-380,0.79166667,draftkings|d9a186d988a3ede2a33e504f4890fe52|h2h|event,0.76,https://api.the-odds-api.com/v4/sports/americanfootball_nfl
2026,1,d9a186d988a3ede2a33e504f4890fe52,2027-01-03T18:00:00Z,DraftKings,2026-09-10T19:06:24Z,Buffalo Bills,Miami Dolphins,h2h,Miami Dolphins,,300,0.25,draftkings|d9a186d988a3ede2a33e504f4890fe52|h2h|event,0.24,https://api.the-odds-api.com/v4/sports/americanfootball_nfl
2026,1,d9a186d988a3ede2a33e504f4890fe52,2027-01-03T18:00:00Z,DraftKings,2026-09-10T19:06:24Z,Buffalo Bills,Miami Dolphins,spreads,Buffalo Bills,-7.5,-110,0.52380952,draftkings|d9a186d988a3ede2a33e504f4890fe52|spreads|event,0.5,https://api.the-odds-api.com/v4/sports/americanfootball_nfl
2026,1,d9a186d988a3ede2a33e504f4890fe52,2027-01-03T18:00:00Z,DraftKings,2026-09-10T19:06:24Z,Buffalo Bills,Miami Dolphins,spreads,Miami Dolphins,7.5,-110,0.52380952,draftkings|d9a186d988a3ede2a33e504f4890fe52|spreads|event,0.5,https://api.the-odds-api.com/v4/sports/americanfootball_nfl
2026,1,d9a186d988a3ede2a33e504f4890fe52,2027-01-03T18:00:00Z,DraftKings,2026-09-10T19:06:24Z,Buffalo Bills,Miami Dolphins,totals,Over,47.5,-110,0.52380952,draftkings|d9a186d988a3ede2a33e504f4890fe52|totals|47.5,0.5,https://api.the-odds-api.com/v4/sports/americanfootball_nfl
2026,1,d9a186d988a3ede2a33e504f4890fe52,2027-01-03T18:00:00Z,DraftKings,2026-09-10T19:06:24Z,Buffalo Bills,Miami Dolphins,totals,Under,47.5,-110,0.52380952,draftkings|d9a186d988a3ede2a33e504f4890fe52|totals|47.5,0.5,https://api.the-odds-api.com/v4/sports/americanfootball_nfl
2026,1,f2e03f9b857485bb13211ee0f5eb5935,2027-01-03T18:00:00Z,DraftKings,2026-09-10T19:06:24Z,Indianapolis Colts,Cleveland Browns,h2h,Cleveland Browns,,114,0.46728972,draftkings|f2e03f9b857485bb13211ee0f5eb5935|h2h|event,0.44855888,https://api.the-odds-api.com/v4/sports/americanfootball_nfl
2026,1,f2e03f9b857485bb13211ee0f5eb5935,2027-01-03T18:00:00Z,DraftKings,2026-09-10T19:06:24Z,Indianapolis Colts,Cleveland Browns,h2h,Indianapolis Colts,,-135,0.57446809,draftkings|f2e03f9b857485bb13211ee0f5eb5935|h2h|event,0.55144112,https://api.the-odds-api.com/v4/sports/americanfootball_nfl
2026,1,f2e03f9b857485bb13211ee0f5eb5935,2027-01-03T18:00:00Z,DraftKings,2026-09-10T19:06:24Z,Indianapolis Colts,Cleveland Browns,spreads,Cleveland Browns,2.5,-110,0.52380952,draftkings|f2e03f9b857485bb13211ee0f5eb5935|spreads|event,0.5,https://api.the-odds-api.com/v4/sports/americanfootball_nfl
2026,1,f2e03f9b857485bb13211ee0f5eb5935,2027-01-03T18:00:00Z,DraftKings,2026-09-10T19:06:24Z,Indianapolis Colts,Cleveland Browns,spreads,Indianapolis Colts,-2.5,-110,0.52380952,draftkings|f2e03f9b857485bb13211ee0f5eb5935|spreads|event,0.5,https://api.the-odds-api.com/v4/sports/americanfootball_nfl
2026,1,f2e03f9b857485bb13211ee0f5eb5935,2027-01-03T18:00:00Z,DraftKings,2026-09-10T19:06:24Z,Indianapolis Colts,Cleveland Browns,totals,Over,43.5,-110,0.52380952,draftkings|f2e03f9b857485bb13211ee0f5eb5935|totals|43.5,0.5,https://api.the-odds-api.com/v4/sports/americanfootball_nfl
2026,1,f2e03f9b857485bb13211ee0f5eb5935,2027-01-03T18:00:00Z,DraftKings,2026-09-10T19:06:24Z,Indianapolis Colts,Cleveland Browns,totals,Under,43.5,-110,0.52380952,draftkings|f2e03f9b857485bb13211ee0f5eb5935|totals|43.5,0.5,https://api.the-odds-api.com/v4/sports/americanfootball_nfl
2026,1,c8945d476449633912cf51a346ac98ca,2027-01-03T18:00:00Z,DraftKings,2026-09-10T19:06:24Z,New York Giants,Dallas Cowboys,h2h,Dallas Cowboys,,-218,0.68553459,draftkings|c8945d476449633912cf51a346ac98ca|h2h|event,0.65747522,https://api.the-odds-api.com/v4/sports/americanfootball_nfl
2026,1,c8945d476449633912cf51a346ac98ca,2027-01-03T18:00:00Z,DraftKings,2026-09-10T19:06:24Z,New York Giants,Dallas Cowboys,h2h,New York Giants,,180,0.35714286,draftkings|c8945d476449633912cf51a346ac98ca|h2h|event,0.34252478,https://api.the-odds-api.com/v4/sports/americanfootball_nfl
2026,1,c8945d476449633912cf51a346ac98ca,2027-01-03T18:00:00Z,DraftKings,2026-09-10T19:06:24Z,New York Giants,Dallas Cowboys,spreads,Dallas Cowboys,-4.5,-110,0.52380952,draftkings|c8945d476449633912cf51a346ac98ca|spreads|event,0.5,https://api.the-odds-api.com/v4/sports/americanfootball_nfl
2026,1,c8945d476449633912cf51a346ac98ca,2027-01-03T18:00:00Z,DraftKings,2026-09-10T19:06:24Z,New York Giants,Dallas Cowboys,spreads,New York Giants,4.5,-110,0.52380952,draftkings|c8945d476449633912cf51a346ac98ca|spreads|event,0.5,https://api.the-odds-api.com/v4/sports/americanfootball_nfl
2026,1,c8945d476449633912cf51a346ac98ca,2027-01-03T18:00:00Z,DraftKings,2026-09-10T19:06:24Z,New York Giants,Dallas Cowboys,totals,Over,49.5,-110,0.52380952,draftkings|c8945d476449633912cf51a346ac98ca|totals|49.5,0.5,https://api.the-odds-api.com/v4/sports/americanfootball_nfl
2026,1,c8945d476449633912cf51a346ac98ca,2027-01-03T18:00:00Z,DraftKings,2026-09-10T19:06:24Z,New York Giants,Dallas Cowboys,totals,Under,49.5,-110,0.52380952,draftkings|c8945d476449633912cf51a346ac98ca|totals|49.5,0.5,https://api.the-odds-api.com/v4/sports/americanfootball_nfl
2026,1,c96a3e9e40569b4ed5a546dff131c61d,2027-01-03T18:00:00Z,DraftKings,2026-09-10T19:06:24Z,Washington Commanders,Jacksonville Jaguars,h2h,Jacksonville Jaguars,,-185,0.64912281,draftkings|c96a3e9e40569b4ed5a546dff131c61d|h2h|event,0.62246655,https://api.the-odds-api.com/v4/sports/americanfootball_nfl
2026,1,c96a3e9e40569b4ed5a546dff131c61d,2027-01-03T18:00:00Z,DraftKings,2026-09-10T19:06:24Z,Washington Commanders,Jacksonville Jaguars,h2h,Washington Commanders,,154,0.39370079,draftkings|c96a3e9e40569b4ed5a546dff131c61d|h2h|event,0.37753345,https://api.the-odds-api.com/v4/sports/americanfootball_nfl
2026,1,c96a3e9e40569b4ed5a546dff131c61d,2027-01-03T18:00:00Z,DraftKings,2026-09-10T19:06:24Z,Washington Commanders,Jacksonville Jaguars,spreads,Jacksonville Jaguars,-3.5,-110,0.52380952,draftkings|c96a3e9e40569b4ed5a546dff131c61d|spreads|event,0.5,https://api.the-odds-api.com/v4/sports/americanfootball_nfl
2026,1,c96a3e9e40569b4ed5a546dff131c61d,2027-01-03T18:00:00Z,DraftKings,2026-09-10T19:06:24Z,Washington Commanders,Jacksonville Jaguars,spreads,Washington Commanders,3.5,-110,0.52380952,draftkings|c96a3e9e40569b4ed5a546dff131c61d|spreads|event,0.5,https://api.the-odds-api.com/v4/sports/americanfootball_nfl
2026,1,c96a3e9e40569b4ed5a546dff131c61d,2027-01-03T18:00:00Z,DraftKings,2026-09-10T19:06:24Z,Washington Commanders,Jacksonville Jaguars,totals,Over,48.5,-110,0.52380952,draftkings|c96a3e9e40569b4ed5a546dff131c61d|totals|48.5,0.5,https://api.the-odds-api.com/v4/sports/americanfootball_nfl
2026,1,c96a3e9e40569b4ed5a546dff131c61d,2027-01-03T18:00:00Z,DraftKings,2026-09-10T19:06:24Z,Washington Commanders,Jacksonville Jaguars,totals,Under,48.5,-110,0.52380952,draftkings|c96a3e9e40569b4ed5a546dff131c61d|totals|48.5,0.5,https://api.the-odds-api.com/v4/sports/americanfootball_nfl
2026,1,c96a3e9e40569b4ed5a546dff131c61d,2027-01-03T18:00:00Z,BetUS,2026-09-10T19:06:57Z,Washington Commanders,Jacksonville Jaguars,spreads,Jacksonville Jaguars,-3.5,-110,0.52380952,betus|c96a3e9e40569b4ed5a546dff131c61d|spreads|event,0.5,https://api.the-odds-api.com/v4/sports/americanfootball_nfl
2026,1,c96a3e9e40569b4ed5a546dff131c61d,2027-01-03T18:00:00Z,BetUS,2026-09-10T19:06:57Z,Washington Commanders,Jacksonville Jaguars,spreads,Washington Commanders,3.5,-110,0.52380952,betus|c96a3e9e40569b4ed5a546dff131c61d|spreads|event,0.5,https://api.the-odds-api.com/v4/sports/americanfootball_nfl
2026,1,c96a3e9e40569b4ed5a546dff131c61d,2027-01-03T18:00:00Z,BetUS,2026-09-10T19:06:57Z,Washington Commanders,Jacksonville Jaguars,totals,Over,48.5,-110,0.52380952,betus|c96a3e9e40569b4ed5a546dff131c61d|totals|48.5,0.5,https://api.the-odds-api.com/v4/sports/americanfootball_nfl
2026,1,c96a3e9e40569b4ed5a546dff131c61d,2027-01-03T18:00:00Z,BetUS,2026-09-10T19:06:57Z,Washington Commanders,Jacksonville Jaguars,totals,Under,48.5,-110,0.52380952,betus|c96a3e9e40569b4ed5a546dff131c61d|totals|48.5,0.5,https://api.the-odds-api.com/v4/sports/americanfootball_nfl
2026,1,419106b9bcc9f7ef39cfc2d1ee9a3f87,2027-01-03T18:00:00Z,DraftKings,2026-09-10T19:06:24Z,Los Angeles Rams,Tampa Bay Buccaneers,h2h,Los Angeles Rams,,-205,0.67213115,draftkings|419106b9bcc9f7ef39cfc2d1ee9a3f87|h2h|event,0.64472918,https://api.the-odds-api.com/v4/sports/americanfootball_nfl
2026,1,419106b9bcc9f7ef39cfc2d1ee9a3f87,2027-01-03T18:00:00Z,DraftKings,2026-09-10T19:06:24Z,Los Angeles Rams,Tampa Bay Buccaneers,h2h,Tampa Bay Buccaneers,,170,0.37037037,draftkings|419106b9bcc9f7ef39cfc2d1ee9a3f87|h2h|event,0.35527082,https://api.the-odds-api.com/v4/sports/americanfootball_nfl
2026,1,419106b9bcc9f7ef39cfc2d1ee9a3f87,2027-01-03T18:00:00Z,DraftKings,2026-09-10T19:06:24Z,Los Angeles Rams,Tampa Bay Buccaneers,spreads,Los Angeles Rams,-4.5,-110,0.52380952,draftkings|419106b9bcc9f7ef39cfc2d1ee9a3f87|spreads|event,0.5,https://api.the-odds-api.com/v4/sports/americanfootball_nfl
2026,1,419106b9bcc9f7ef39cfc2d1ee9a3f87,2027-01-03T18:00:00Z,DraftKings,2026-09-10T19:06:24Z,Los Angeles Rams,Tampa Bay Buccaneers,spreads,Tampa Bay Buccaneers,4.5,-110,0.52380952,draftkings|419106b9bcc9f7ef39cfc2d1ee9a3f87|spreads|event,0.5,https://api.the-odds-api.com/v4/sports/americanfootball_nfl
2026,1,419106b9bcc9f7ef39cfc2d1ee9a3f87,2027-01-03T18:00:00Z,DraftKings,2026-09-10T19:06:24Z,Los Angeles Rams,Tampa Bay Buccaneers,totals,Over,48.5,-110,0.52380952,draftkings|419106b9bcc9f7ef39cfc2d1ee9a3f87|totals|48.5,0.5,https://api.the-odds-api.com/v4/sports/americanfootball_nfl
2026,1,419106b9bcc9f7ef39cfc2d1ee9a3f87,2027-01-03T18:00:00Z,DraftKings,2026-09-10T19:06:24Z,Los Angeles Rams,Tampa Bay Buccaneers,totals,Under,48.5,-110,0.52380952,draftkings|419106b9bcc9f7ef39cfc2d1ee9a3f87|totals|48.5,0.5,https://api.the-odds-api.com/v4/sports/americanfootball_nfl
2026,1,bfe51fa0034c9d22a69ffd80e2d717f5,2027-01-03T18:00:00Z,DraftKings,2026-09-10T19:06:24Z,Minnesota Vikings,New York Jets,h2h,Minnesota Vikings,,-185,0.64912281,draftkings|bfe51fa0034c9d22a69ffd80e2d717f5|h2h|event,0.62246655,https://api.the-odds-api.com/v4/sports/americanfootball_nfl
2026,1,bfe51fa0034c9d22a69ffd80e2d717f5,2027-01-03T18:00:00Z,DraftKings,2026-09-10T19:06:24Z,Minnesota Vikings,New York Jets,h2h,New York Jets,,154,0.39370079,draftkings|bfe51fa0034c9d22a69ffd80e2d717f5|h2h|event,0.37753345,https://api.the-odds-api.com/v4/sports/americanfootball_nfl
2026,1,bfe51fa0034c9d22a69ffd80e2d717f5,2027-01-03T18:00:00Z,DraftKings,2026-09-10T19:06:24Z,Minnesota Vikings,New York Jets,spreads,Minnesota Vikings,-3.5,-110,0.52380952,draftkings|bfe51fa0034c9d22a69ffd80e2d717f5|spreads|event,0.5,https://api.the-odds-api.com/v4/sports/americanfootball_nfl
2026,1,bfe51fa0034c9d22a69ffd80e2d717f5,2027-01-03T18:00:00Z,DraftKings,2026-09-10T19:06:24Z,Minnesota Vikings,New York Jets,spreads,New York Jets,3.5,-110,0.52380952,draftkings|bfe51fa0034c9d22a69ffd80e2d717f5|spreads|event,0.5,https://api.the-odds-api.com/v4/sports/americanfootball_nfl
2026,1,bfe51fa0034c9d22a69ffd80e2d717f5,2027-01-03T18:00:00Z,DraftKings,2026-09-10T19:06:24Z,Minnesota Vikings,New York Jets,totals,Over,39.5,-110,0.52380952,draftkings|bfe51fa0034c9d22a69ffd80e2d717f5|totals|39.5,0.5,https://api.the-odds-api.com/v4/sports/americanfootball_nfl
2026,1,bfe51fa0034c9d22a69ffd80e2d717f5,2027-01-03T18:00:00Z,DraftKings,2026-09-10T19:06:24Z,Minnesota Vikings,New York Jets,totals,Under,39.5,-110,0.52380952,draftkings|bfe51fa0034c9d22a69ffd80e2d717f5|totals|39.5,0.5,https://api.the-odds-api.com/v4/sports/americanfootball_nfl
2026,1,d0ffa5ed13cbd7610f9176041464404a,2027-01-03T18:00:00Z,DraftKings,2026-09-10T19:06:24Z,Pittsburgh Steelers,Tennessee Titans,h2h,Pittsburgh Steelers,,-125,0.55555556,draftkings|d0ffa5ed13cbd7610f9176041464404a|h2h|event,0.53246753,https://api.the-odds-api.com/v4/sports/americanfootball_nfl
2026,1,d0ffa5ed13cbd7610f9176041464404a,2027-01-03T18:00:00Z,DraftKings,2026-09-10T19:06:24Z,Pittsburgh Steelers,Tennessee Titans,h2h,Tennessee Titans,,105,0.48780488,draftkings|d0ffa5ed13cbd7610f9176041464404a|h2h|event,0.46753247,https://api.the-odds-api.com/v4/sports/americanfootball_nfl
2026,1,d0ffa5ed13cbd7610f9176041464404a,2027-01-03T18:00:00Z,DraftKings,2026-09-10T19:06:24Z,Pittsburgh Steelers,Tennessee Titans,spreads,Pittsburgh Steelers,-1.5,-110,0.52380952,draftkings|d0ffa5ed13cbd7610f9176041464404a|spreads|event,0.5,https://api.the-odds-api.com/v4/sports/americanfootball_nfl
2026,1,d0ffa5ed13cbd7610f9176041464404a,2027-01-03T18:00:00Z,DraftKings,2026-09-10T19:06:24Z,Pittsburgh Steelers,Tennessee Titans,spreads,Tennessee Titans,1.5,-110,0.52380952,draftkings|d0ffa5ed13cbd7610f9176041464404a|spreads|event,0.5,https://api.the-odds-api.com/v4/sports/americanfootball_nfl
2026,1,d0ffa5ed13cbd7610f9176041464404a,2027-01-03T18:00:00Z,DraftKings,2026-09-10T19:06:24Z,Pittsburgh Steelers,Tennessee Titans,totals,Over,42.5,-110,0.52380952,draftkings|d0ffa5ed13cbd7610f9176041464404a|totals|42.5,0.5,https://api.the-odds-api.com/v4/sports/americanfootball_nfl
2026,1,d0ffa5ed13cbd7610f9176041464404a,2027-01-03T18:00:00Z,DraftKings,2026-09-10T19:06:24Z,Pittsburgh Steelers,Tennessee Titans,totals,Under,42.5,-110,0.52380952,draftkings|d0ffa5ed13cbd7610f9176041464404a|totals|42.5,0.5,https://api.the-odds-api.com/v4/sports/americanfootball_nfl
2026,1,d0ffa5ed13cbd7610f9176041464404a,2027-01-03T18:00:00Z,BetUS,2026-09-10T19:06:57Z,Pittsburgh Steelers,Tennessee Titans,spreads,Pittsburgh Steelers,-1.5,-110,0.52380952,betus|d0ffa5ed13cbd7610f9176041464404a|spreads|event,0.5,https://api.the-odds-api.com/v4/sports/americanfootball_nfl
2026,1,d0ffa5ed13cbd7610f9176041464404a,2027-01-03T18:00:00Z,BetUS,2026-09-10T19:06:57Z,Pittsburgh Steelers,Tennessee Titans,spreads,Tennessee Titans,1.5,-110,0.52380952,betus|d0ffa5ed13cbd7610f9176041464404a|spreads|event,0.5,https://api.the-odds-api.com/v4/sports/americanfootball_nfl
2026,1,d0ffa5ed13cbd7610f9176041464404a,2027-01-03T18:00:00Z,BetUS,2026-09-10T19:06:57Z,Pittsburgh Steelers,Tennessee Titans,totals,Over,42.5,-110,0.52380952,betus|d0ffa5ed13cbd7610f9176041464404a|totals|42.5,0.5,https://api.the-odds-api.com/v4/sports/americanfootball_nfl
2026,1,d0ffa5ed13cbd7610f9176041464404a,2027-01-03T18:00:00Z,BetUS,2026-09-10T19:06:57Z,Pittsburgh Steelers,Tennessee Titans,totals,Under,42.5,-110,0.52380952,betus|d0ffa5ed13cbd7610f9176041464404a|totals|42.5,0.5,https://api.the-odds-api.com/v4/sports/americanfootball_nfl
2026,1,08abdb683fcb6d77f66baed136f47283,2027-01-03T21:05:00Z,DraftKings,2026-09-10T19:06:24Z,Las Vegas Raiders,Arizona Cardinals,h2h,Arizona Cardinals,,110,0.47619048,draftkings|08abdb683fcb6d77f66baed136f47283|h2h|event,0.45725646,https://api.the-odds-api.com/v4/sports/americanfootball_nfl
2026,1,08abdb683fcb6d77f66baed136f47283,2027-01-03T21:05:00Z,DraftKings,2026-09-10T19:06:24Z,Las Vegas Raiders,Arizona Cardinals,h2h,Las Vegas Raiders,,-130,0.56521739,draftkings|08abdb683fcb6d77f66baed136f47283|h2h|event,0.54274354,https://api.the-odds-api.com/v4/sports/americanfootball_nfl
2026,1,08abdb683fcb6d77f66baed136f47283,2027-01-03T21:05:00Z,DraftKings,2026-09-10T19:06:24Z,Las Vegas Raiders,Arizona Cardinals,spreads,Arizona Cardinals,1.5,-105,0.51219512,draftkings|08abdb683fcb6d77f66baed136f47283|spreads|event,0.48916576,https://api.the-odds-api.com/v4/sports/americanfootball_nfl
2026,1,08abdb683fcb6d77f66baed136f47283,2027-01-03T21:05:00Z,DraftKings,2026-09-10T19:06:24Z,Las Vegas Raiders,Arizona Cardinals,spreads,Las Vegas Raiders,-1.5,-115,0.53488372,draftkings|08abdb683fcb6d77f66baed136f47283|spreads|event,0.51083424,https://api.the-odds-api.com/v4/sports/americanfootball_nfl
2026,1,08abdb683fcb6d77f66baed136f47283,2027-01-03T21:05:00Z,DraftKings,2026-09-10T19:06:24Z,Las Vegas Raiders,Arizona Cardinals,totals,Over,42.5,-110,0.52380952,draftkings|08abdb683fcb6d77f66baed136f47283|totals|42.5,0.5,https://api.the-odds-api.com/v4/sports/americanfootball_nfl
2026,1,08abdb683fcb6d77f66baed136f47283,2027-01-03T21:05:00Z,DraftKings,2026-09-10T19:06:24Z,Las Vegas Raiders,Arizona Cardinals,totals,Under,42.5,-110,0.52380952,draftkings|08abdb683fcb6d77f66baed136f47283|totals|42.5,0.5,https://api.the-odds-api.com/v4/sports/americanfootball_nfl
2026,1,12089441cea51add4694cdde98b4a5b7,2027-01-03T21:25:00Z,DraftKings,2026-09-10T19:06:24Z,Detroit Lions,Chicago Bears,h2h,Chicago Bears,,-122,0.54954955,draftkings|12089441cea51add4694cdde98b4a5b7|h2h|event,0.52608659,https://api.the-odds-api.com/v4/sports/americanfootball_nfl
2026,1,12089441cea51add4694cdde98b4a5b7,2027-01-03T21:25:00Z,DraftKings,2026-09-10T19:06:24Z,Detroit Lions,Chicago Bears,h2h,Detroit Lions,,102,0.4950495,draftkings|12089441cea51add4694cdde98b4a5b7|h2h|event,0.47391341,https://api.the-odds-api.com/v4/sports/americanfootball_nfl
2026,1,12089441cea51add4694cdde98b4a5b7,2027-01-03T21:25:00Z,DraftKings,2026-09-10T19:06:24Z,Detroit Lions,Chicago Bears,spreads,Chicago Bears,-1.5,-110,0.52380952,draftkings|12089441cea51add4694cdde98b4a5b7|spreads|event,0.5,https://api.the-odds-api.com/v4/sports/americanfootball_nfl
2026,1,12089441cea51add4694cdde98b4a5b7,2027-01-03T21:25:00Z,DraftKings,2026-09-10T19:06:24Z,Detroit Lions,Chicago Bears,spreads,Detroit Lions,1.5,-110,0.52380952,draftkings|12089441cea51add4694cdde98b4a5b7|spreads|event,0.5,https://api.the-odds-api.com/v4/sports/americanfootball_nfl
2026,1,12089441cea51add4694cdde98b4a5b7,2027-01-03T21:25:00Z,DraftKings,2026-09-10T19:06:24Z,Detroit Lions,Chicago Bears,totals,Over,49.5,-110,0.52380952,draftkings|12089441cea51add4694cdde98b4a5b7|totals|49.5,0.5,https://api.the-odds-api.com/v4/sports/americanfootball_nfl
2026,1,12089441cea51add4694cdde98b4a5b7,2027-01-03T21:25:00Z,DraftKings,2026-09-10T19:06:24Z,Detroit Lions,Chicago Bears,totals,Under,49.5,-110,0.52380952,draftkings|12089441cea51add4694cdde98b4a5b7|totals|49.5,0.5,https://api.the-odds-api.com/v4/sports/americanfootball_nfl
2026,1,67d842cb73300ef923959105698b63bb,2027-01-03T21:25:00Z,DraftKings,2026-09-10T19:06:24Z,Kansas City Chiefs,Los Angeles Chargers,h2h,Kansas City Chiefs,,105,0.48780488,draftkings|67d842cb73300ef923959105698b63bb|h2h|event,0.46753247,https://api.the-odds-api.com/v4/sports/americanfootball_nfl
2026,1,67d842cb73300ef923959105698b63bb,2027-01-03T21:25:00Z,DraftKings,2026-09-10T19:06:24Z,Kansas City Chiefs,Los Angeles Chargers,h2h,Los Angeles Chargers,,-125,0.55555556,draftkings|67d842cb73300ef923959105698b63bb|h2h|event,0.53246753,https://api.the-odds-api.com/v4/sports/americanfootball_nfl
2026,1,67d842cb73300ef923959105698b63bb,2027-01-03T21:25:00Z,DraftKings,2026-09-10T19:06:24Z,Kansas City Chiefs,Los Angeles Chargers,spreads,Kansas City Chiefs,1.5,-110,0.52380952,draftkings|67d842cb73300ef923959105698b63bb|spreads|event,0.5,https://api.the-odds-api.com/v4/sports/americanfootball_nfl
2026,1,67d842cb73300ef923959105698b63bb,2027-01-03T21:25:00Z,DraftKings,2026-09-10T19:06:24Z,Kansas City Chiefs,Los Angeles Chargers,spreads,Los Angeles Chargers,-1.5,-110,0.52380952,draftkings|67d842cb73300ef923959105698b63bb|spreads|event,0.5,https://api.the-odds-api.com/v4/sports/americanfootball_nfl
2026,1,67d842cb73300ef923959105698b63bb,2027-01-03T21:25:00Z,DraftKings,2026-09-10T19:06:24Z,Kansas City Chiefs,Los Angeles Chargers,totals,Over,45.5,-110,0.52380952,draftkings|67d842cb73300ef923959105698b63bb|totals|45.5,0.5,https://api.the-odds-api.com/v4/sports/americanfootball_nfl
2026,1,67d842cb73300ef923959105698b63bb,2027-01-03T21:25:00Z,DraftKings,2026-09-10T19:06:24Z,Kansas City Chiefs,Los Angeles Chargers,totals,Under,45.5,-110,0.52380952,draftkings|67d842cb73300ef923959105698b63bb|totals|45.5,0.5,https://api.the-odds-api.com/v4/sports/americanfootball_nfl
2026,1,67d842cb73300ef923959105698b63bb,2027-01-03T21:25:00Z,BetUS,2026-09-10T19:06:57Z,Kansas City Chiefs,Los Angeles Chargers,spreads,Kansas City Chiefs,1.5,-110,0.52380952,betus|67d842cb73300ef923959105698b63bb|spreads|event,0.5,https://api.the-odds-api.com/v4/sports/americanfootball_nfl
2026,1,67d842cb73300ef923959105698b63bb,2027-01-03T21:25:00Z,BetUS,2026-09-10T19:06:57Z,Kansas City Chiefs,Los Angeles Chargers,spreads,Los Angeles Chargers,-1.5,-110,0.52380952,betus|67d842cb73300ef923959105698b63bb|spreads|event,0.5,https://api.the-odds-api.com/v4/sports/americanfootball_nfl
2026,1,67d842cb73300ef923959105698b63bb,2027-01-03T21:25:00Z,BetUS,2026-09-10T19:06:57Z,Kansas City Chiefs,Los Angeles Chargers,totals,Over,45.5,-110,0.52380952,betus|67d842cb73300ef923959105698b63bb|totals|45.5,0.5,https://api.the-odds-api.com/v4/sports/americanfootball_nfl
2026,1,67d842cb73300ef923959105698b63bb,2027-01-03T21:25:00Z,BetUS,2026-09-10T19:06:57Z,Kansas City Chiefs,Los Angeles Chargers,totals,Under,45.5,-110,0.52380952,betus|67d842cb73300ef923959105698b63bb|totals|45.5,0.5,https://api.the-odds-api.com/v4/sports/americanfootball_nfl
2026,1,e7820b1226edbb1ef1fddce6b20f963d,2027-01-04T01:20:00Z,DraftKings,2026-09-10T19:06:24Z,Philadelphia Eagles,San Francisco 49ers,h2h,Philadelphia Eagles,,105,0.48780488,draftkings|e7820b1226edbb1ef1fddce6b20f963d|h2h|event,0.46753247,https://api.the-odds-api.com/v4/sports/americanfootball_nfl
2026,1,e7820b1226edbb1ef1fddce6b20f963d,2027-01-04T01:20:00Z,DraftKings,2026-09-10T19:06:24Z,Philadelphia Eagles,San Francisco 49ers,h2h,San Francisco 49ers,,-125,0.55555556,draftkings|e7820b1226edbb1ef1fddce6b20f963d|h2h|event,0.53246753,https://api.the-odds-api.com/v4/sports/americanfootball_nfl
2026,1,e7820b1226edbb1ef1fddce6b20f963d,2027-01-04T01:20:00Z,DraftKings,2026-09-10T19:06:24Z,Philadelphia Eagles,San Francisco 49ers,spreads,Philadelphia Eagles,1.5,-110,0.52380952,draftkings|e7820b1226edbb1ef1fddce6b20f963d|spreads|event,0.5,https://api.the-odds-api.com/v4/sports/americanfootball_nfl
2026,1,e7820b1226edbb1ef1fddce6b20f963d,2027-01-04T01:20:00Z,DraftKings,2026-09-10T19:06:24Z,Philadelphia Eagles,San Francisco 49ers,spreads,San Francisco 49ers,-1.5,-110,0.52380952,draftkings|e7820b1226edbb1ef1fddce6b20f963d|spreads|event,0.5,https://api.the-odds-api.com/v4/sports/americanfootball_nfl
2026,1,e7820b1226edbb1ef1fddce6b20f963d,2027-01-04T01:20:00Z,DraftKings,2026-09-10T19:06:24Z,Philadelphia Eagles,San Francisco 49ers,totals,Over,45.5,-110,0.52380952,draftkings|e7820b1226edbb1ef1fddce6b20f963d|totals|45.5,0.5,https://api.the-odds-api.com/v4/sports/americanfootball_nfl
2026,1,e7820b1226edbb1ef1fddce6b20f963d,2027-01-04T01:20:00Z,DraftKings,2026-09-10T19:06:24Z,Philadelphia Eagles,San Francisco 49ers,totals,Under,45.5,-110,0.52380952,draftkings|e7820b1226edbb1ef1fddce6b20f963d|totals|45.5,0.5,https://api.the-odds-api.com/v4/sports/americanfootball_nfl
2026,1,e7820b1226edbb1ef1fddce6b20f963d,2027-01-04T01:20:00Z,BetUS,2026-09-10T19:06:57Z,Philadelphia Eagles,San Francisco 49ers,spreads,Philadelphia Eagles,1.5,-110,0.52380952,betus|e7820b1226edbb1ef1fddce6b20f963d|spreads|event,0.5,https://api.the-odds-api.com/v4/sports/americanfootball_nfl
2026,1,e7820b1226edbb1ef1fddce6b20f963d,2027-01-04T01:20:00Z,BetUS,2026-09-10T19:06:57Z,Philadelphia Eagles,San Francisco 49ers,spreads,San Francisco 49ers,-1.5,-110,0.52380952,betus|e7820b1226edbb1ef1fddce6b20f963d|spreads|event,0.5,https://api.the-odds-api.com/v4/sports/americanfootball_nfl
2026,1,e7820b1226edbb1ef1fddce6b20f963d,2027-01-04T01:20:00Z,BetUS,2026-09-10T19:06:57Z,Philadelphia Eagles,San Francisco 49ers,totals,Over,45.5,-110,0.52380952,betus|e7820b1226edbb1ef1fddce6b20f963d|totals|45.5,0.5,https://api.the-odds-api.com/v4/sports/americanfootball_nfl
2026,1,e7820b1226edbb1ef1fddce6b20f963d,2027-01-04T01:20:00Z,BetUS,2026-09-10T19:06:57Z,Philadelphia Eagles,San Francisco 49ers,totals,Under,45.5,-110,0.52380952,betus|e7820b1226edbb1ef1fddce6b20f963d|totals|45.5,0.5,https://api.the-odds-api.com/v4/sports/americanfootball_nfl
2026,1,37bc346543da471e067b695b862ccfe9,2027-01-05T01:15:00Z,DraftKings,2026-09-10T19:06:24Z,Houston Texans,Green Bay Packers,h2h,Green Bay Packers,,-135,0.57446809,draftkings|37bc346543da471e067b695b862ccfe9|h2h|event,0.55144112,https://api.the-odds-api.com/v4/sports/americanfootball_nfl
2026,1,37bc346543da471e067b695b862ccfe9,2027-01-05T01:15:00Z,DraftKings,2026-09-10T19:06:24Z,Houston Texans,Green Bay Packers,h2h,Houston Texans,,114,0.46728972,draftkings|37bc346543da471e067b695b862ccfe9|h2h|event,0.44855888,https://api.the-odds-api.com/v4/sports/americanfootball_nfl
2026,1,37bc346543da471e067b695b862ccfe9,2027-01-05T01:15:00Z,DraftKings,2026-09-10T19:06:24Z,Houston Texans,Green Bay Packers,spreads,Green Bay Packers,-2.5,-110,0.52380952,draftkings|37bc346543da471e067b695b862ccfe9|spreads|event,0.5,https://api.the-odds-api.com/v4/sports/americanfootball_nfl
2026,1,37bc346543da471e067b695b862ccfe9,2027-01-05T01:15:00Z,DraftKings,2026-09-10T19:06:24Z,Houston Texans,Green Bay Packers,spreads,Houston Texans,2.5,-110,0.52380952,draftkings|37bc346543da471e067b695b862ccfe9|spreads|event,0.5,https://api.the-odds-api.com/v4/sports/americanfootball_nfl
2026,1,37bc346543da471e067b695b862ccfe9,2027-01-05T01:15:00Z,DraftKings,2026-09-10T19:06:24Z,Houston Texans,Green Bay Packers,totals,Over,42.5,-110,0.52380952,draftkings|37bc346543da471e067b695b862ccfe9|totals|42.5,0.5,https://api.the-odds-api.com/v4/sports/americanfootball_nfl
2026,1,37bc346543da471e067b695b862ccfe9,2027-01-05T01:15:00Z,DraftKings,2026-09-10T19:06:24Z,Houston Texans,Green Bay Packers,totals,Under,42.5,-110,0.52380952,draftkings|37bc346543da471e067b695b862ccfe9|totals|42.5,0.5,https://api.the-odds-api.com/v4/sports/americanfootball_nfl
2026,1,7f809a45bc8baedf0cb0259e7da7cd29,2027-01-10T18:00:00Z,DraftKings,2026-09-10T19:06:24Z,Atlanta Falcons,Carolina Panthers,h2h,Atlanta Falcons,,114,0.46728972,draftkings|7f809a45bc8baedf0cb0259e7da7cd29|h2h|event,0.44855888,https://api.the-odds-api.com/v4/sports/americanfootball_nfl
2026,1,7f809a45bc8baedf0cb0259e7da7cd29,2027-01-10T18:00:00Z,DraftKings,2026-09-10T19:06:24Z,Atlanta Falcons,Carolina Panthers,h2h,Carolina Panthers,,-135,0.57446809,draftkings|7f809a45bc8baedf0cb0259e7da7cd29|h2h|event,0.55144112,https://api.the-odds-api.com/v4/sports/americanfootball_nfl
2026,1,7f809a45bc8baedf0cb0259e7da7cd29,2027-01-10T18:00:00Z,DraftKings,2026-09-10T19:06:24Z,Atlanta Falcons,Carolina Panthers,spreads,Atlanta Falcons,2.5,-110,0.52380952,draftkings|7f809a45bc8baedf0cb0259e7da7cd29|spreads|event,0.5,https://api.the-odds-api.com/v4/sports/americanfootball_nfl
2026,1,7f809a45bc8baedf0cb0259e7da7cd29,2027-01-10T18:00:00Z,DraftKings,2026-09-10T19:06:24Z,Atlanta Falcons,Carolina Panthers,spreads,Carolina Panthers,-2.5,-110,0.52380952,draftkings|7f809a45bc8baedf0cb0259e7da7cd29|spreads|event,0.5,https://api.the-odds-api.com/v4/sports/americanfootball_nfl
2026,1,7f809a45bc8baedf0cb0259e7da7cd29,2027-01-10T18:00:00Z,DraftKings,2026-09-10T19:06:24Z,Atlanta Falcons,Carolina Panthers,totals,Over,41.5,-110,0.52380952,draftkings|7f809a45bc8baedf0cb0259e7da7cd29|totals|41.5,0.5,https://api.the-odds-api.com/v4/sports/americanfootball_nfl
2026,1,7f809a45bc8baedf0cb0259e7da7cd29,2027-01-10T18:00:00Z,DraftKings,2026-09-10T19:06:24Z,Atlanta Falcons,Carolina Panthers,totals,Under,41.5,-110,0.52380952,draftkings|7f809a45bc8baedf0cb0259e7da7cd29|totals|41.5,0.5,https://api.the-odds-api.com/v4/sports/americanfootball_nfl
2026,1,d7da5587a88a7fc35c36b453d3264d5a,2027-01-10T18:00:00Z,DraftKings,2026-09-10T19:06:24Z,Pittsburgh Steelers,Baltimore Ravens,h2h,Baltimore Ravens,,-230,0.6969697,draftkings|d7da5587a88a7fc35c36b453d3264d5a|h2h|event,0.66900702,https://api.the-odds-api.com/v4/sports/americanfootball_nfl
2026,1,d7da5587a88a7fc35c36b453d3264d5a,2027-01-10T18:00:00Z,DraftKings,2026-09-10T19:06:24Z,Pittsburgh Steelers,Baltimore Ravens,h2h,Pittsburgh Steelers,,190,0.34482759,draftkings|d7da5587a88a7fc35c36b453d3264d5a|h2h|event,0.33099298,https://api.the-odds-api.com/v4/sports/americanfootball_nfl
2026,1,d7da5587a88a7fc35c36b453d3264d5a,2027-01-10T18:00:00Z,DraftKings,2026-09-10T19:06:24Z,Pittsburgh Steelers,Baltimore Ravens,spreads,Baltimore Ravens,-5.5,-110,0.52380952,draftkings|d7da5587a88a7fc35c36b453d3264d5a|spreads|event,0.5,https://api.the-odds-api.com/v4/sports/americanfootball_nfl
2026,1,d7da5587a88a7fc35c36b453d3264d5a,2027-01-10T18:00:00Z,DraftKings,2026-09-10T19:06:24Z,Pittsburgh Steelers,Baltimore Ravens,spreads,Pittsburgh Steelers,5.5,-110,0.52380952,draftkings|d7da5587a88a7fc35c36b453d3264d5a|spreads|event,0.5,https://api.the-odds-api.com/v4/sports/americanfootball_nfl
2026,1,d7da5587a88a7fc35c36b453d3264d5a,2027-01-10T18:00:00Z,DraftKings,2026-09-10T19:06:24Z,Pittsburgh Steelers,Baltimore Ravens,totals,Over,43.5,-110,0.52380952,draftkings|d7da5587a88a7fc35c36b453d3264d5a|totals|43.5,0.5,https://api.the-odds-api.com/v4/sports/americanfootball_nfl
2026,1,d7da5587a88a7fc35c36b453d3264d5a,2027-01-10T18:00:00Z,DraftKings,2026-09-10T19:06:24Z,Pittsburgh Steelers,Baltimore Ravens,totals,Under,43.5,-110,0.52380952,draftkings|d7da5587a88a7fc35c36b453d3264d5a|totals|43.5,0.5,https://api.the-odds-api.com/v4/sports/americanfootball_nfl
2026,1,d7da5587a88a7fc35c36b453d3264d5a,2027-01-10T18:00:00Z,BetUS,2026-09-10T19:06:57Z,Pittsburgh Steelers,Baltimore Ravens,spreads,Baltimore Ravens,-5.5,-110,0.52380952,betus|d7da5587a88a7fc35c36b453d3264d5a|spreads|event,0.5,https://api.the-odds-api.com/v4/sports/americanfootball_nfl
2026,1,d7da5587a88a7fc35c36b453d3264d5a,2027-01-10T18:00:00Z,BetUS,2026-09-10T19:06:57Z,Pittsburgh Steelers,Baltimore Ravens,spreads,Pittsburgh Steelers,5.5,-110,0.52380952,betus|d7da5587a88a7fc35c36b453d3264d5a|spreads|event,0.5,https://api.the-odds-api.com/v4/sports/americanfootball_nfl
2026,1,d7da5587a88a7fc35c36b453d3264d5a,2027-01-10T18:00:00Z,BetUS,2026-09-10T19:06:57Z,Pittsburgh Steelers,Baltimore Ravens,totals,Over,43.5,-110,0.52380952,betus|d7da5587a88a7fc35c36b453d3264d5a|totals|43.5,0.5,https://api.the-odds-api.com/v4/sports/americanfootball_nfl
2026,1,d7da5587a88a7fc35c36b453d3264d5a,2027-01-10T18:00:00Z,BetUS,2026-09-10T19:06:57Z,Pittsburgh Steelers,Baltimore Ravens,totals,Under,43.5,-110,0.52380952,betus|d7da5587a88a7fc35c36b453d3264d5a|totals|43.5,0.5,https://api.the-odds-api.com/v4/sports/americanfootball_nfl
2026,1,97cbd9ad26dff1af47192120defe112d,2027-01-10T18:00:00Z,DraftKings,2026-09-10T19:06:24Z,New York Jets,Buffalo Bills,h2h,Buffalo Bills,,-485,0.82905983,draftkings|97cbd9ad26dff1af47192120defe112d|h2h|event,0.79577588,https://api.the-odds-api.com/v4/sports/americanfootball_nfl
2026,1,97cbd9ad26dff1af47192120defe112d,2027-01-10T18:00:00Z,DraftKings,2026-09-10T19:06:24Z,New York Jets,Buffalo Bills,h2h,New York Jets,,370,0.21276596,draftkings|97cbd9ad26dff1af47192120defe112d|h2h|event,0.20422412,https://api.the-odds-api.com/v4/sports/americanfootball_nfl
2026,1,97cbd9ad26dff1af47192120defe112d,2027-01-10T18:00:00Z,DraftKings,2026-09-10T19:06:24Z,New York Jets,Buffalo Bills,spreads,Buffalo Bills,-10.0,-110,0.52380952,draftkings|97cbd9ad26dff1af47192120defe112d|spreads|event,0.5,https://api.the-odds-api.com/v4/sports/americanfootball_nfl
2026,1,97cbd9ad26dff1af47192120defe112d,2027-01-10T18:00:00Z,DraftKings,2026-09-10T19:06:24Z,New York Jets,Buffalo Bills,spreads,New York Jets,10.0,-110,0.52380952,draftkings|97cbd9ad26dff1af47192120defe112d|spreads|event,0.5,https://api.the-odds-api.com/v4/sports/americanfootball_nfl
2026,1,97cbd9ad26dff1af47192120defe112d,2027-01-10T18:00:00Z,DraftKings,2026-09-10T19:06:24Z,New York Jets,Buffalo Bills,totals,Over,43.5,-110,0.52380952,draftkings|97cbd9ad26dff1af47192120defe112d|totals|43.5,0.5,https://api.the-odds-api.com/v4/sports/americanfootball_nfl
2026,1,97cbd9ad26dff1af47192120defe112d,2027-01-10T18:00:00Z,DraftKings,2026-09-10T19:06:24Z,New York Jets,Buffalo Bills,totals,Under,43.5,-110,0.52380952,draftkings|97cbd9ad26dff1af47192120defe112d|totals|43.5,0.5,https://api.the-odds-api.com/v4/sports/americanfootball_nfl
2026,1,d190fb7ea85c33b96a495041dad22142,2027-01-10T18:00:00Z,DraftKings,2026-09-10T19:06:24Z,Chicago Bears,Minnesota Vikings,h2h,Chicago Bears,,102,0.4950495,draftkings|d190fb7ea85c33b96a495041dad22142|h2h|event,0.47391341,https://api.the-odds-api.com/v4/sports/americanfootball_nfl
2026,1,d190fb7ea85c33b96a495041dad22142,2027-01-10T18:00:00Z,DraftKings,2026-09-10T19:06:24Z,Chicago Bears,Minnesota Vikings,h2h,Minnesota Vikings,,-122,0.54954955,draftkings|d190fb7ea85c33b96a495041dad22142|h2h|event,0.52608659,https://api.the-odds-api.com/v4/sports/americanfootball_nfl
2026,1,d190fb7ea85c33b96a495041dad22142,2027-01-10T18:00:00Z,DraftKings,2026-09-10T19:06:24Z,Chicago Bears,Minnesota Vikings,spreads,Chicago Bears,1.5,-110,0.52380952,draftkings|d190fb7ea85c33b96a495041dad22142|spreads|event,0.5,https://api.the-odds-api.com/v4/sports/americanfootball_nfl
2026,1,d190fb7ea85c33b96a495041dad22142,2027-01-10T18:00:00Z,DraftKings,2026-09-10T19:06:24Z,Chicago Bears,Minnesota Vikings,spreads,Minnesota Vikings,-1.5,-110,0.52380952,draftkings|d190fb7ea85c33b96a495041dad22142|spreads|event,0.5,https://api.the-odds-api.com/v4/sports/americanfootball_nfl
2026,1,d190fb7ea85c33b96a495041dad22142,2027-01-10T18:00:00Z,DraftKings,2026-09-10T19:06:24Z,Chicago Bears,Minnesota Vikings,totals,Over,43.5,-110,0.52380952,draftkings|d190fb7ea85c33b96a495041dad22142|totals|43.5,0.5,https://api.the-odds-api.com/v4/sports/americanfootball_nfl
2026,1,d190fb7ea85c33b96a495041dad22142,2027-01-10T18:00:00Z,DraftKings,2026-09-10T19:06:24Z,Chicago Bears,Minnesota Vikings,totals,Under,43.5,-110,0.52380952,draftkings|d190fb7ea85c33b96a495041dad22142|totals|43.5,0.5,https://api.the-odds-api.com/v4/sports/americanfootball_nfl
2026,1,8c16104c8afc72b583531508b2aa1c33,2027-01-10T18:00:00Z,DraftKings,2026-09-10T19:06:24Z,Cleveland Browns,Cincinnati Bengals,h2h,Cincinnati Bengals,,-360,0.7826087,draftkings|8c16104c8afc72b583531508b2aa1c33|h2h|event,0.75081257,https://api.the-odds-api.com/v4/sports/americanfootball_nfl
2026,1,8c16104c8afc72b583531508b2aa1c33,2027-01-10T18:00:00Z,DraftKings,2026-09-10T19:06:24Z,Cleveland Browns,Cincinnati Bengals,h2h,Cleveland Browns,,285,0.25974026,draftkings|8c16104c8afc72b583531508b2aa1c33|h2h|event,0.24918743,https://api.the-odds-api.com/v4/sports/americanfootball_nfl
2026,1,8c16104c8afc72b583531508b2aa1c33,2027-01-10T18:00:00Z,DraftKings,2026-09-10T19:06:24Z,Cleveland Browns,Cincinnati Bengals,spreads,Cincinnati Bengals,-7.5,-110,0.52380952,draftkings|8c16104c8afc72b583531508b2aa1c33|spreads|event,0.5,https://api.the-odds-api.com/v4/sports/americanfootball_nfl
2026,1,8c16104c8afc72b583531508b2aa1c33,2027-01-10T18:00:00Z,DraftKings,2026-09-10T19:06:24Z,Cleveland Browns,Cincinnati Bengals,spreads,Cleveland Browns,7.5,-110,0.52380952,draftkings|8c16104c8afc72b583531508b2aa1c33|spreads|event,0.5,https://api.the-odds-api.com/v4/sports/americanfootball_nfl
2026,1,8c16104c8afc72b583531508b2aa1c33,2027-01-10T18:00:00Z,DraftKings,2026-09-10T19:06:24Z,Cleveland Browns,Cincinnati Bengals,totals,Over,43.5,-110,0.52380952,draftkings|8c16104c8afc72b583531508b2aa1c33|totals|43.5,0.5,https://api.the-odds-api.com/v4/sports/americanfootball_nfl
2026,1,8c16104c8afc72b583531508b2aa1c33,2027-01-10T18:00:00Z,DraftKings,2026-09-10T19:06:24Z,Cleveland Browns,Cincinnati Bengals,totals,Under,43.5,-110,0.52380952,draftkings|8c16104c8afc72b583531508b2aa1c33|totals|43.5,0.5,https://api.the-odds-api.com/v4/sports/americanfootball_nfl
2026,1,3f460f14b810d7bf642bdf7b658530c0,2027-01-10T18:00:00Z,DraftKings,2026-09-10T19:06:24Z,Dallas Cowboys,Washington Commanders,h2h,Dallas Cowboys,,-122,0.54954955,draftkings|3f460f14b810d7bf642bdf7b658530c0|h2h|event,0.52608659,https://api.the-odds-api.com/v4/sports/americanfootball_nfl
2026,1,3f460f14b810d7bf642bdf7b658530c0,2027-01-10T18:00:00Z,DraftKings,2026-09-10T19:06:24Z,Dallas Cowboys,Washington Commanders,h2h,Washington Commanders,,102,0.4950495,draftkings|3f460f14b810d7bf642bdf7b658530c0|h2h|event,0.47391341,https://api.the-odds-api.com/v4/sports/americanfootball_nfl
2026,1,3f460f14b810d7bf642bdf7b658530c0,2027-01-10T18:00:00Z,DraftKings,2026-09-10T19:06:24Z,Dallas Cowboys,Washington Commanders,spreads,Dallas Cowboys,-1.5,-110,0.52380952,draftkings|3f460f14b810d7bf642bdf7b658530c0|spreads|event,0.5,https://api.the-odds-api.com/v4/sports/americanfootball_nfl
2026,1,3f460f14b810d7bf642bdf7b658530c0,2027-01-10T18:00:00Z,DraftKings,2026-09-10T19:06:24Z,Dallas Cowboys,Washington Commanders,spreads,Washington Commanders,1.5,-110,0.52380952,draftkings|3f460f14b810d7bf642bdf7b658530c0|spreads|event,0.5,https://api.the-odds-api.com/v4/sports/americanfootball_nfl
2026,1,3f460f14b810d7bf642bdf7b658530c0,2027-01-10T18:00:00Z,DraftKings,2026-09-10T19:06:24Z,Dallas Cowboys,Washington Commanders,totals,Over,49.5,-110,0.52380952,draftkings|3f460f14b810d7bf642bdf7b658530c0|totals|49.5,0.5,https://api.the-odds-api.com/v4/sports/americanfootball_nfl
2026,1,3f460f14b810d7bf642bdf7b658530c0,2027-01-10T18:00:00Z,DraftKings,2026-09-10T19:06:24Z,Dallas Cowboys,Washington Commanders,totals,Under,49.5,-110,0.52380952,draftkings|3f460f14b810d7bf642bdf7b658530c0|totals|49.5,0.5,https://api.the-odds-api.com/v4/sports/americanfootball_nfl
2026,1,71d0d10e384393c1e071c39dd3931c19,2027-01-10T18:00:00Z,DraftKings,2026-09-10T19:06:24Z,Los Angeles Chargers,Denver Broncos,h2h,Denver Broncos,,-122,0.54954955,draftkings|71d0d10e384393c1e071c39dd3931c19|h2h|event,0.52608659,https://api.the-odds-api.com/v4/sports/americanfootball_nfl
2026,1,71d0d10e384393c1e071c39dd3931c19,2027-01-10T18:00:00Z,DraftKings,2026-09-10T19:06:24Z,Los Angeles Chargers,Denver Broncos,h2h,Los Angeles Chargers,,102,0.4950495,draftkings|71d0d10e384393c1e071c39dd3931c19|h2h|event,0.47391341,https://api.the-odds-api.com/v4/sports/americanfootball_nfl
2026,1,71d0d10e384393c1e071c39dd3931c19,2027-01-10T18:00:00Z,DraftKings,2026-09-10T19:06:24Z,Los Angeles Chargers,Denver Broncos,spreads,Denver Broncos,-1.5,-110,0.52380952,draftkings|71d0d10e384393c1e071c39dd3931c19|spreads|event,0.5,https://api.the-odds-api.com/v4/sports/americanfootball_nfl
2026,1,71d0d10e384393c1e071c39dd3931c19,2027-01-10T18:00:00Z,DraftKings,2026-09-10T19:06:24Z,Los Angeles Chargers,Denver Broncos,spreads,Los Angeles Chargers,1.5,-110,0.52380952,draftkings|71d0d10e384393c1e071c39dd3931c19|spreads|event,0.5,https://api.the-odds-api.com/v4/sports/americanfootball_nfl
2026,1,71d0d10e384393c1e071c39dd3931c19,2027-01-10T18:00:00Z,DraftKings,2026-09-10T19:06:24Z,Los Angeles Chargers,Denver Broncos,totals,Over,41.5,-110,0.52380952,draftkings|71d0d10e384393c1e071c39dd3931c19|totals|41.5,0.5,https://api.the-odds-api.com/v4/sports/americanfootball_nfl
2026,1,71d0d10e384393c1e071c39dd3931c19,2027-01-10T18:00:00Z,DraftKings,2026-09-10T19:06:24Z,Los Angeles Chargers,Denver Broncos,totals,Under,41.5,-110,0.52380952,draftkings|71d0d10e384393c1e071c39dd3931c19|totals|41.5,0.5,https://api.the-odds-api.com/v4/sports/americanfootball_nfl
2026,1,8f81778bbdb984be44e24a3d55a49b4d,2027-01-10T18:00:00Z,DraftKings,2026-09-10T19:06:24Z,Detroit Lions,Green Bay Packers,h2h,Detroit Lions,,114,0.46728972,draftkings|8f81778bbdb984be44e24a3d55a49b4d|h2h|event,0.44855888,https://api.the-odds-api.com/v4/sports/americanfootball_nfl
2026,1,8f81778bbdb984be44e24a3d55a49b4d,2027-01-10T18:00:00Z,DraftKings,2026-09-10T19:06:24Z,Detroit Lions,Green Bay Packers,h2h,Green Bay Packers,,-135,0.57446809,draftkings|8f81778bbdb984be44e24a3d55a49b4d|h2h|event,0.55144112,https://api.the-odds-api.com/v4/sports/americanfootball_nfl
2026,1,8f81778bbdb984be44e24a3d55a49b4d,2027-01-10T18:00:00Z,DraftKings,2026-09-10T19:06:24Z,Detroit Lions,Green Bay Packers,spreads,Detroit Lions,2.5,-110,0.52380952,draftkings|8f81778bbdb984be44e24a3d55a49b4d|spreads|event,0.5,https://api.the-odds-api.com/v4/sports/americanfootball_nfl
2026,1,8f81778bbdb984be44e24a3d55a49b4d,2027-01-10T18:00:00Z,DraftKings,2026-09-10T19:06:24Z,Detroit Lions,Green Bay Packers,spreads,Green Bay Packers,-2.5,-110,0.52380952,draftkings|8f81778bbdb984be44e24a3d55a49b4d|spreads|event,0.5,https://api.the-odds-api.com/v4/sports/americanfootball_nfl
2026,1,8f81778bbdb984be44e24a3d55a49b4d,2027-01-10T18:00:00Z,DraftKings,2026-09-10T19:06:24Z,Detroit Lions,Green Bay Packers,totals,Over,47.5,-110,0.52380952,draftkings|8f81778bbdb984be44e24a3d55a49b4d|totals|47.5,0.5,https://api.the-odds-api.com/v4/sports/americanfootball_nfl
2026,1,8f81778bbdb984be44e24a3d55a49b4d,2027-01-10T18:00:00Z,DraftKings,2026-09-10T19:06:24Z,Detroit Lions,Green Bay Packers,totals,Under,47.5,-110,0.52380952,draftkings|8f81778bbdb984be44e24a3d55a49b4d|totals|47.5,0.5,https://api.the-odds-api.com/v4/sports/americanfootball_nfl
2026,1,9bb63096709ba607443c454d2a813b14,2027-01-10T18:00:00Z,DraftKings,2026-09-10T19:06:24Z,Tennessee Titans,Houston Texans,h2h,Houston Texans,,-298,0.74874372,draftkings|9bb63096709ba607443c454d2a813b14|h2h|event,0.71797052,https://api.the-odds-api.com/v4/sports/americanfootball_nfl
2026,1,9bb63096709ba607443c454d2a813b14,2027-01-10T18:00:00Z,DraftKings,2026-09-10T19:06:24Z,Tennessee Titans,Houston Texans,h2h,Tennessee Titans,,240,0.29411765,draftkings|9bb63096709ba607443c454d2a813b14|h2h|event,0.28202948,https://api.the-odds-api.com/v4/sports/americanfootball_nfl
2026,1,9bb63096709ba607443c454d2a813b14,2027-01-10T18:00:00Z,DraftKings,2026-09-10T19:06:24Z,Tennessee Titans,Houston Texans,spreads,Houston Texans,-7.0,-110,0.52380952,draftkings|9bb63096709ba607443c454d2a813b14|spreads|event,0.5,https://api.the-odds-api.com/v4/sports/americanfootball_nfl
2026,1,9bb63096709ba607443c454d2a813b14,2027-01-10T18:00:00Z,DraftKings,2026-09-10T19:06:24Z,Tennessee Titans,Houston Texans,spreads,Tennessee Titans,7.0,-110,0.52380952,draftkings|9bb63096709ba607443c454d2a813b14|spreads|event,0.5,https://api.the-odds-api.com/v4/sports/americanfootball_nfl
2026,1,9bb63096709ba607443c454d2a813b14,2027-01-10T18:00:00Z,DraftKings,2026-09-10T19:06:24Z,Tennessee Titans,Houston Texans,totals,Over,39.5,-110,0.52380952,draftkings|9bb63096709ba607443c454d2a813b14|totals|39.5,0.5,https://api.the-odds-api.com/v4/sports/americanfootball_nfl
2026,1,9bb63096709ba607443c454d2a813b14,2027-01-10T18:00:00Z,DraftKings,2026-09-10T19:06:24Z,Tennessee Titans,Houston Texans,totals,Under,39.5,-110,0.52380952,draftkings|9bb63096709ba607443c454d2a813b14|totals|39.5,0.5,https://api.the-odds-api.com/v4/sports/americanfootball_nfl
2026,1,bea47af467e217653bba8d69888e4d95,2027-01-10T18:00:00Z,DraftKings,2026-09-10T19:06:24Z,Jacksonville Jaguars,Indianapolis Colts,h2h,Indianapolis Colts,,-122,0.54954955,draftkings|bea47af467e217653bba8d69888e4d95|h2h|event,0.52608659,https://api.the-odds-api.com/v4/sports/americanfootball_nfl
2026,1,bea47af467e217653bba8d69888e4d95,2027-01-10T18:00:00Z,DraftKings,2026-09-10T19:06:24Z,Jacksonville Jaguars,Indianapolis Colts,h2h,Jacksonville Jaguars,,102,0.4950495,draftkings|bea47af467e217653bba8d69888e4d95|h2h|event,0.47391341,https://api.the-odds-api.com/v4/sports/americanfootball_nfl
2026,1,bea47af467e217653bba8d69888e4d95,2027-01-10T18:00:00Z,DraftKings,2026-09-10T19:06:24Z,Jacksonville Jaguars,Indianapolis Colts,spreads,Indianapolis Colts,-1.5,-110,0.52380952,draftkings|bea47af467e217653bba8d69888e4d95|spreads|event,0.5,https://api.the-odds-api.com/v4/sports/americanfootball_nfl
2026,1,bea47af467e217653bba8d69888e4d95,2027-01-10T18:00:00Z,DraftKings,2026-09-10T19:06:24Z,Jacksonville Jaguars,Indianapolis Colts,spreads,Jacksonville Jaguars,1.5,-110,0.52380952,draftkings|bea47af467e217653bba8d69888e4d95|spreads|event,0.5,https://api.the-odds-api.com/v4/sports/americanfootball_nfl
2026,1,bea47af467e217653bba8d69888e4d95,2027-01-10T18:00:00Z,DraftKings,2026-09-10T19:06:24Z,Jacksonville Jaguars,Indianapolis Colts,totals,Over,46.5,-110,0.52380952,draftkings|bea47af467e217653bba8d69888e4d95|totals|46.5,0.5,https://api.the-odds-api.com/v4/sports/americanfootball_nfl
2026,1,bea47af467e217653bba8d69888e4d95,2027-01-10T18:00:00Z,DraftKings,2026-09-10T19:06:24Z,Jacksonville Jaguars,Indianapolis Colts,totals,Under,46.5,-110,0.52380952,draftkings|bea47af467e217653bba8d69888e4d95|totals|46.5,0.5,https://api.the-odds-api.com/v4/sports/americanfootball_nfl
2026,1,bea47af467e217653bba8d69888e4d95,2027-01-10T18:00:00Z,BetUS,2026-09-10T19:06:57Z,Jacksonville Jaguars,Indianapolis Colts,spreads,Indianapolis Colts,-1.5,100,0.5,betus|bea47af467e217653bba8d69888e4d95|spreads|event,0.47826087,https://api.the-odds-api.com/v4/sports/americanfootball_nfl
2026,1,bea47af467e217653bba8d69888e4d95,2027-01-10T18:00:00Z,BetUS,2026-09-10T19:06:57Z,Jacksonville Jaguars,Indianapolis Colts,spreads,Jacksonville Jaguars,1.5,-120,0.54545455,betus|bea47af467e217653bba8d69888e4d95|spreads|event,0.52173913,https://api.the-odds-api.com/v4/sports/americanfootball_nfl
2026,1,bea47af467e217653bba8d69888e4d95,2027-01-10T18:00:00Z,BetUS,2026-09-10T19:06:57Z,Jacksonville Jaguars,Indianapolis Colts,totals,Over,46.5,-110,0.52380952,betus|bea47af467e217653bba8d69888e4d95|totals|46.5,0.5,https://api.the-odds-api.com/v4/sports/americanfootball_nfl
2026,1,bea47af467e217653bba8d69888e4d95,2027-01-10T18:00:00Z,BetUS,2026-09-10T19:06:57Z,Jacksonville Jaguars,Indianapolis Colts,totals,Under,46.5,-110,0.52380952,betus|bea47af467e217653bba8d69888e4d95|totals|46.5,0.5,https://api.the-odds-api.com/v4/sports/americanfootball_nfl
2026,1,bb66a6f02c535c0cd8b9c689a5513687,2027-01-10T18:00:00Z,DraftKings,2026-09-10T19:06:24Z,Las Vegas Raiders,Kansas City Chiefs,h2h,Kansas City Chiefs,,-395,0.7979798,draftkings|bb66a6f02c535c0cd8b9c689a5513687|h2h|event,0.7659021,https://api.the-odds-api.com/v4/sports/americanfootball_nfl
2026,1,bb66a6f02c535c0cd8b9c689a5513687,2027-01-10T18:00:00Z,DraftKings,2026-09-10T19:06:24Z,Las Vegas Raiders,Kansas City Chiefs,h2h,Las Vegas Raiders,,310,0.24390244,draftkings|bb66a6f02c535c0cd8b9c689a5513687|h2h|event,0.2340979,https://api.the-odds-api.com/v4/sports/americanfootball_nfl
2026,1,bb66a6f02c535c0cd8b9c689a5513687,2027-01-10T18:00:00Z,DraftKings,2026-09-10T19:06:24Z,Las Vegas Raiders,Kansas City Chiefs,spreads,Kansas City Chiefs,-8.5,-110,0.52380952,draftkings|bb66a6f02c535c0cd8b9c689a5513687|spreads|event,0.5,https://api.the-odds-api.com/v4/sports/americanfootball_nfl
2026,1,bb66a6f02c535c0cd8b9c689a5513687,2027-01-10T18:00:00Z,DraftKings,2026-09-10T19:06:24Z,Las Vegas Raiders,Kansas City Chiefs,spreads,Las Vegas Raiders,8.5,-110,0.52380952,draftkings|bb66a6f02c535c0cd8b9c689a5513687|spreads|event,0.5,https://api.the-odds-api.com/v4/sports/americanfootball_nfl
2026,1,bb66a6f02c535c0cd8b9c689a5513687,2027-01-10T18:00:00Z,DraftKings,2026-09-10T19:06:24Z,Las Vegas Raiders,Kansas City Chiefs,totals,Over,40.5,-110,0.52380952,draftkings|bb66a6f02c535c0cd8b9c689a5513687|totals|40.5,0.5,https://api.the-odds-api.com/v4/sports/americanfootball_nfl
2026,1,bb66a6f02c535c0cd8b9c689a5513687,2027-01-10T18:00:00Z,DraftKings,2026-09-10T19:06:24Z,Las Vegas Raiders,Kansas City Chiefs,totals,Under,40.5,-110,0.52380952,draftkings|bb66a6f02c535c0cd8b9c689a5513687|totals|40.5,0.5,https://api.the-odds-api.com/v4/sports/americanfootball_nfl
2026,1,7b8ce34c0e173e4ff6ccf8e8caa09113,2027-01-10T18:00:00Z,DraftKings,2026-09-10T19:06:24Z,Tampa Bay Buccaneers,New Orleans Saints,h2h,New Orleans Saints,,105,0.48780488,draftkings|7b8ce34c0e173e4ff6ccf8e8caa09113|h2h|event,0.46753247,https://api.the-odds-api.com/v4/sports/americanfootball_nfl
2026,1,7b8ce34c0e173e4ff6ccf8e8caa09113,2027-01-10T18:00:00Z,DraftKings,2026-09-10T19:06:24Z,Tampa Bay Buccaneers,New Orleans Saints,h2h,Tampa Bay Buccaneers,,-125,0.55555556,draftkings|7b8ce34c0e173e4ff6ccf8e8caa09113|h2h|event,0.53246753,https://api.the-odds-api.com/v4/sports/americanfootball_nfl
2026,1,7b8ce34c0e173e4ff6ccf8e8caa09113,2027-01-10T18:00:00Z,DraftKings,2026-09-10T19:06:24Z,Tampa Bay Buccaneers,New Orleans Saints,spreads,New Orleans Saints,1.5,-110,0.52380952,draftkings|7b8ce34c0e173e4ff6ccf8e8caa09113|spreads|event,0.5,https://api.the-odds-api.com/v4/sports/americanfootball_nfl
2026,1,7b8ce34c0e173e4ff6ccf8e8caa09113,2027-01-10T18:00:00Z,DraftKings,2026-09-10T19:06:24Z,Tampa Bay Buccaneers,New Orleans Saints,spreads,Tampa Bay Buccaneers,-1.5,-110,0.52380952,draftkings|7b8ce34c0e173e4ff6ccf8e8caa09113|spreads|event,0.5,https://api.the-odds-api.com/v4/sports/americanfootball_nfl
2026,1,7b8ce34c0e173e4ff6ccf8e8caa09113,2027-01-10T18:00:00Z,DraftKings,2026-09-10T19:06:24Z,Tampa Bay Buccaneers,New Orleans Saints,totals,Over,43.5,-110,0.52380952,draftkings|7b8ce34c0e173e4ff6ccf8e8caa09113|totals|43.5,0.5,https://api.the-odds-api.com/v4/sports/americanfootball_nfl
2026,1,7b8ce34c0e173e4ff6ccf8e8caa09113,2027-01-10T18:00:00Z,DraftKings,2026-09-10T19:06:24Z,Tampa Bay Buccaneers,New Orleans Saints,totals,Under,43.5,-110,0.52380952,draftkings|7b8ce34c0e173e4ff6ccf8e8caa09113|totals|43.5,0.5,https://api.the-odds-api.com/v4/sports/americanfootball_nfl
2026,1,7b8ce34c0e173e4ff6ccf8e8caa09113,2027-01-10T18:00:00Z,BetUS,2026-09-10T19:06:57Z,Tampa Bay Buccaneers,New Orleans Saints,spreads,New Orleans Saints,1.5,-115,0.53488372,betus|7b8ce34c0e173e4ff6ccf8e8caa09113|spreads|event,0.51083424,https://api.the-odds-api.com/v4/sports/americanfootball_nfl
2026,1,7b8ce34c0e173e4ff6ccf8e8caa09113,2027-01-10T18:00:00Z,BetUS,2026-09-10T19:06:57Z,Tampa Bay Buccaneers,New Orleans Saints,spreads,Tampa Bay Buccaneers,-1.5,-105,0.51219512,betus|7b8ce34c0e173e4ff6ccf8e8caa09113|spreads|event,0.48916576,https://api.the-odds-api.com/v4/sports/americanfootball_nfl
2026,1,7b8ce34c0e173e4ff6ccf8e8caa09113,2027-01-10T18:00:00Z,BetUS,2026-09-10T19:06:57Z,Tampa Bay Buccaneers,New Orleans Saints,totals,Over,43.5,-110,0.52380952,betus|7b8ce34c0e173e4ff6ccf8e8caa09113|totals|43.5,0.5,https://api.the-odds-api.com/v4/sports/americanfootball_nfl
2026,1,7b8ce34c0e173e4ff6ccf8e8caa09113,2027-01-10T18:00:00Z,BetUS,2026-09-10T19:06:57Z,Tampa Bay Buccaneers,New Orleans Saints,totals,Under,43.5,-110,0.52380952,betus|7b8ce34c0e173e4ff6ccf8e8caa09113|totals|43.5,0.5,https://api.the-odds-api.com/v4/sports/americanfootball_nfl
2026,1,01baed6f9d6482c5d89d37379c7c63c7,2027-01-10T18:00:00Z,DraftKings,2026-09-10T19:06:24Z,Philadelphia Eagles,New York Giants,h2h,New York Giants,,136,0.42372881,draftkings|01baed6f9d6482c5d89d37379c7c63c7|h2h|event,0.40663024,https://api.the-odds-api.com/v4/sports/americanfootball_nfl
2026,1,01baed6f9d6482c5d89d37379c7c63c7,2027-01-10T18:00:00Z,DraftKings,2026-09-10T19:06:24Z,Philadelphia Eagles,New York Giants,h2h,Philadelphia Eagles,,-162,0.61832061,draftkings|01baed6f9d6482c5d89d37379c7c63c7|h2h|event,0.59336976,https://api.the-odds-api.com/v4/sports/americanfootball_nfl
2026,1,01baed6f9d6482c5d89d37379c7c63c7,2027-01-10T18:00:00Z,DraftKings,2026-09-10T19:06:24Z,Philadelphia Eagles,New York Giants,spreads,New York Giants,3.0,-110,0.52380952,draftkings|01baed6f9d6482c5d89d37379c7c63c7|spreads|event,0.5,https://api.the-odds-api.com/v4/sports/americanfootball_nfl
2026,1,01baed6f9d6482c5d89d37379c7c63c7,2027-01-10T18:00:00Z,DraftKings,2026-09-10T19:06:24Z,Philadelphia Eagles,New York Giants,spreads,Philadelphia Eagles,-3.0,-110,0.52380952,draftkings|01baed6f9d6482c5d89d37379c7c63c7|spreads|event,0.5,https://api.the-odds-api.com/v4/sports/americanfootball_nfl
2026,1,01baed6f9d6482c5d89d37379c7c63c7,2027-01-10T18:00:00Z,DraftKings,2026-09-10T19:06:24Z,Philadelphia Eagles,New York Giants,totals,Over,41.5,-110,0.52380952,draftkings|01baed6f9d6482c5d89d37379c7c63c7|totals|41.5,0.5,https://api.the-odds-api.com/v4/sports/americanfootball_nfl
2026,1,01baed6f9d6482c5d89d37379c7c63c7,2027-01-10T18:00:00Z,DraftKings,2026-09-10T19:06:24Z,Philadelphia Eagles,New York Giants,totals,Under,41.5,-110,0.52380952,draftkings|01baed6f9d6482c5d89d37379c7c63c7|totals|41.5,0.5,https://api.the-odds-api.com/v4/sports/americanfootball_nfl
2026,1,f1480276ab67dcf60686556ba9336695,2027-01-10T21:05:00Z,DraftKings,2026-09-10T19:06:24Z,San Francisco 49ers,Arizona Cardinals,h2h,Arizona Cardinals,,330,0.23255814,draftkings|f1480276ab67dcf60686556ba9336695|h2h|event,0.22316684,https://api.the-odds-api.com/v4/sports/americanfootball_nfl
2026,1,f1480276ab67dcf60686556ba9336695,2027-01-10T21:05:00Z,DraftKings,2026-09-10T19:06:24Z,San Francisco 49ers,Arizona Cardinals,h2h,San Francisco 49ers,,-425,0.80952381,draftkings|f1480276ab67dcf60686556ba9336695|h2h|event,0.77683316,https://api.the-odds-api.com/v4/sports/americanfootball_nfl
2026,1,f1480276ab67dcf60686556ba9336695,2027-01-10T21:05:00Z,DraftKings,2026-09-10T19:06:24Z,San Francisco 49ers,Arizona Cardinals,spreads,Arizona Cardinals,8.5,-110,0.52380952,draftkings|f1480276ab67dcf60686556ba9336695|spreads|event,0.5,https://api.the-odds-api.com/v4/sports/americanfootball_nfl
2026,1,f1480276ab67dcf60686556ba9336695,2027-01-10T21:05:00Z,DraftKings,2026-09-10T19:06:24Z,San Francisco 49ers,Arizona Cardinals,spreads,San Francisco 49ers,-8.5,-110,0.52380952,draftkings|f1480276ab67dcf60686556ba9336695|spreads|event,0.5,https://api.the-odds-api.com/v4/sports/americanfootball_nfl
2026,1,f1480276ab67dcf60686556ba9336695,2027-01-10T21:05:00Z,DraftKings,2026-09-10T19:06:24Z,San Francisco 49ers,Arizona Cardinals,totals,Over,44.5,-110,0.52380952,draftkings|f1480276ab67dcf60686556ba9336695|totals|44.5,0.5,https://api.the-odds-api.com/v4/sports/americanfootball_nfl
2026,1,f1480276ab67dcf60686556ba9336695,2027-01-10T21:05:00Z,DraftKings,2026-09-10T19:06:24Z,San Francisco 49ers,Arizona Cardinals,totals,Under,44.5,-110,0.52380952,draftkings|f1480276ab67dcf60686556ba9336695|totals|44.5,0.5,https://api.the-odds-api.com/v4/sports/americanfootball_nfl
2026,1,f1480276ab67dcf60686556ba9336695,2027-01-10T21:05:00Z,BetUS,2026-09-10T19:06:57Z,San Francisco 49ers,Arizona Cardinals,spreads,Arizona Cardinals,8.5,-110,0.52380952,betus|f1480276ab67dcf60686556ba9336695|spreads|event,0.5,https://api.the-odds-api.com/v4/sports/americanfootball_nfl
2026,1,f1480276ab67dcf60686556ba9336695,2027-01-10T21:05:00Z,BetUS,2026-09-10T19:06:57Z,San Francisco 49ers,Arizona Cardinals,spreads,San Francisco 49ers,-8.5,-110,0.52380952,betus|f1480276ab67dcf60686556ba9336695|spreads|event,0.5,https://api.the-odds-api.com/v4/sports/americanfootball_nfl
2026,1,f1480276ab67dcf60686556ba9336695,2027-01-10T21:05:00Z,BetUS,2026-09-10T19:06:57Z,San Francisco 49ers,Arizona Cardinals,totals,Over,44.5,-110,0.52380952,betus|f1480276ab67dcf60686556ba9336695|totals|44.5,0.5,https://api.the-odds-api.com/v4/sports/americanfootball_nfl
2026,1,f1480276ab67dcf60686556ba9336695,2027-01-10T21:05:00Z,BetUS,2026-09-10T19:06:57Z,San Francisco 49ers,Arizona Cardinals,totals,Under,44.5,-110,0.52380952,betus|f1480276ab67dcf60686556ba9336695|totals|44.5,0.5,https://api.the-odds-api.com/v4/sports/americanfootball_nfl
