Season,Week,Event ID,Commence Time,Bookmaker,Book Key,Last Update,Home,Away,Player,Team,Opponent,Position,Market Key,Market Window,Line,Side,American Odds,Pair Key,Raw Implied,No-Vig Implied,Source URL
2026,3,e5fbd3b3953b896b1bf897ddadb3cc4b,2026-09-25T00:15:00Z,DraftKings,draftkings,2026-09-24T19:56:04Z,Green Bay Packers,Atlanta Falcons,Christian Watson,,,WR,player_reception_yds,Full Game,72.5,Over,-113,draftkings|Christian Watson|player_reception_yds|72.5,0.53051643,0.50210588,https://api.the-odds-api.com/v4/sports/americanfootball_nfl
2026,3,e5fbd3b3953b896b1bf897ddadb3cc4b,2026-09-25T00:15:00Z,DraftKings,draftkings,2026-09-24T19:56:04Z,Green Bay Packers,Atlanta Falcons,Christian Watson,,,WR,player_reception_yds,Full Game,72.5,Under,-111,draftkings|Christian Watson|player_reception_yds|72.5,0.52606635,0.49789412,https://api.the-odds-api.com/v4/sports/americanfootball_nfl
2026,3,e5fbd3b3953b896b1bf897ddadb3cc4b,2026-09-25T00:15:00Z,DraftKings,draftkings,2026-09-24T19:56:04Z,Green Bay Packers,Atlanta Falcons,Drake London,,,WR,player_reception_yds,Full Game,67.5,Over,-111,draftkings|Drake London|player_reception_yds|67.5,0.52606635,0.49789412,https://api.the-odds-api.com/v4/sports/americanfootball_nfl
2026,3,e5fbd3b3953b896b1bf897ddadb3cc4b,2026-09-25T00:15:00Z,DraftKings,draftkings,2026-09-24T19:56:04Z,Green Bay Packers,Atlanta Falcons,Drake London,,,WR,player_reception_yds,Full Game,67.5,Under,-113,draftkings|Drake London|player_reception_yds|67.5,0.53051643,0.50210588,https://api.the-odds-api.com/v4/sports/americanfootball_nfl
2026,3,e5fbd3b3953b896b1bf897ddadb3cc4b,2026-09-25T00:15:00Z,DraftKings,draftkings,2026-09-24T19:56:04Z,Green Bay Packers,Atlanta Falcons,Matthew Golden,,,WR,player_reception_yds,Full Game,54.5,Over,-113,draftkings|Matthew Golden|player_reception_yds|54.5,0.53051643,0.50210588,https://api.the-odds-api.com/v4/sports/americanfootball_nfl
2026,3,e5fbd3b3953b896b1bf897ddadb3cc4b,2026-09-25T00:15:00Z,DraftKings,draftkings,2026-09-24T19:56:04Z,Green Bay Packers,Atlanta Falcons,Matthew Golden,,,WR,player_reception_yds,Full Game,54.5,Under,-111,draftkings|Matthew Golden|player_reception_yds|54.5,0.52606635,0.49789412,https://api.the-odds-api.com/v4/sports/americanfootball_nfl
2026,3,e5fbd3b3953b896b1bf897ddadb3cc4b,2026-09-25T00:15:00Z,DraftKings,draftkings,2026-09-24T19:56:04Z,Green Bay Packers,Atlanta Falcons,Tucker Kraft,,,WR,player_reception_yds,Full Game,46.5,Over,-114,draftkings|Tucker Kraft|player_reception_yds|46.5,0.53271028,0.5042123,https://api.the-odds-api.com/v4/sports/americanfootball_nfl
2026,3,e5fbd3b3953b896b1bf897ddadb3cc4b,2026-09-25T00:15:00Z,DraftKings,draftkings,2026-09-24T19:56:04Z,Green Bay Packers,Atlanta Falcons,Tucker Kraft,,,WR,player_reception_yds,Full Game,46.5,Under,-110,draftkings|Tucker Kraft|player_reception_yds|46.5,0.52380952,0.4957877,https://api.the-odds-api.com/v4/sports/americanfootball_nfl
2026,3,e5fbd3b3953b896b1bf897ddadb3cc4b,2026-09-25T00:15:00Z,DraftKings,draftkings,2026-09-24T19:56:04Z,Green Bay Packers,Atlanta Falcons,Bijan Robinson,,,WR,player_reception_yds,Full Game,39.5,Over,-112,draftkings|Bijan Robinson|player_reception_yds|39.5,0.52830189,0.5,https://api.the-odds-api.com/v4/sports/americanfootball_nfl
2026,3,e5fbd3b3953b896b1bf897ddadb3cc4b,2026-09-25T00:15:00Z,DraftKings,draftkings,2026-09-24T19:56:04Z,Green Bay Packers,Atlanta Falcons,Bijan Robinson,,,WR,player_reception_yds,Full Game,39.5,Under,-112,draftkings|Bijan Robinson|player_reception_yds|39.5,0.52830189,0.5,https://api.the-odds-api.com/v4/sports/americanfootball_nfl
2026,3,e5fbd3b3953b896b1bf897ddadb3cc4b,2026-09-25T00:15:00Z,DraftKings,draftkings,2026-09-24T19:56:04Z,Green Bay Packers,Atlanta Falcons,Kyle Pitts,,,WR,player_reception_yds,Full Game,36.5,Over,-110,draftkings|Kyle Pitts|player_reception_yds|36.5,0.52380952,0.49476987,https://api.the-odds-api.com/v4/sports/americanfootball_nfl
2026,3,e5fbd3b3953b896b1bf897ddadb3cc4b,2026-09-25T00:15:00Z,DraftKings,draftkings,2026-09-24T19:56:04Z,Green Bay Packers,Atlanta Falcons,Kyle Pitts,,,WR,player_reception_yds,Full Game,36.5,Under,-115,draftkings|Kyle Pitts|player_reception_yds|36.5,0.53488372,0.50523013,https://api.the-odds-api.com/v4/sports/americanfootball_nfl
2026,3,e5fbd3b3953b896b1bf897ddadb3cc4b,2026-09-25T00:15:00Z,DraftKings,draftkings,2026-09-24T19:56:04Z,Green Bay Packers,Atlanta Falcons,Jahan Dotson,,,WR,player_reception_yds,Full Game,16.5,Over,-110,draftkings|Jahan Dotson|player_reception_yds|16.5,0.52380952,0.4957877,https://api.the-odds-api.com/v4/sports/americanfootball_nfl
2026,3,e5fbd3b3953b896b1bf897ddadb3cc4b,2026-09-25T00:15:00Z,DraftKings,draftkings,2026-09-24T19:56:04Z,Green Bay Packers,Atlanta Falcons,Jahan Dotson,,,WR,player_reception_yds,Full Game,16.5,Under,-114,draftkings|Jahan Dotson|player_reception_yds|16.5,0.53271028,0.5042123,https://api.the-odds-api.com/v4/sports/americanfootball_nfl
2026,3,e5fbd3b3953b896b1bf897ddadb3cc4b,2026-09-25T00:15:00Z,DraftKings,draftkings,2026-09-24T19:56:04Z,Green Bay Packers,Atlanta Falcons,Skyy Moore,,,WR,player_reception_yds,Full Game,11.5,Over,-106,draftkings|Skyy Moore|player_reception_yds|11.5,0.51456311,0.48734605,https://api.the-odds-api.com/v4/sports/americanfootball_nfl
2026,3,e5fbd3b3953b896b1bf897ddadb3cc4b,2026-09-25T00:15:00Z,DraftKings,draftkings,2026-09-24T19:56:04Z,Green Bay Packers,Atlanta Falcons,Skyy Moore,,,WR,player_reception_yds,Full Game,11.5,Under,-118,draftkings|Skyy Moore|player_reception_yds|11.5,0.5412844,0.51265395,https://api.the-odds-api.com/v4/sports/americanfootball_nfl
2026,3,e5fbd3b3953b896b1bf897ddadb3cc4b,2026-09-25T00:15:00Z,DraftKings,draftkings,2026-09-24T19:56:04Z,Green Bay Packers,Atlanta Falcons,Olamide Zaccheaus,,,WR,player_reception_yds,Full Game,10.5,Over,-106,draftkings|Olamide Zaccheaus|player_reception_yds|10.5,0.51456311,0.48734605,https://api.the-odds-api.com/v4/sports/americanfootball_nfl
2026,3,e5fbd3b3953b896b1bf897ddadb3cc4b,2026-09-25T00:15:00Z,DraftKings,draftkings,2026-09-24T19:56:04Z,Green Bay Packers,Atlanta Falcons,Olamide Zaccheaus,,,WR,player_reception_yds,Full Game,10.5,Under,-118,draftkings|Olamide Zaccheaus|player_reception_yds|10.5,0.5412844,0.51265395,https://api.the-odds-api.com/v4/sports/americanfootball_nfl
2026,3,e5fbd3b3953b896b1bf897ddadb3cc4b,2026-09-25T00:15:00Z,DraftKings,draftkings,2026-09-24T19:56:04Z,Green Bay Packers,Atlanta Falcons,Jonnu Smith,,,WR,player_reception_yds,Full Game,8.5,Over,-114,draftkings|Jonnu Smith|player_reception_yds|8.5,0.53271028,0.5042123,https://api.the-odds-api.com/v4/sports/americanfootball_nfl
2026,3,e5fbd3b3953b896b1bf897ddadb3cc4b,2026-09-25T00:15:00Z,DraftKings,draftkings,2026-09-24T19:56:04Z,Green Bay Packers,Atlanta Falcons,Jonnu Smith,,,WR,player_reception_yds,Full Game,8.5,Under,-110,draftkings|Jonnu Smith|player_reception_yds|8.5,0.52380952,0.4957877,https://api.the-odds-api.com/v4/sports/americanfootball_nfl
2026,3,e5fbd3b3953b896b1bf897ddadb3cc4b,2026-09-25T00:15:00Z,DraftKings,draftkings,2026-09-24T19:56:04Z,Green Bay Packers,Atlanta Falcons,Chris Brooks,,,WR,player_reception_yds,Full Game,7.5,Over,-103,draftkings|Chris Brooks|player_reception_yds|7.5,0.50738916,0.48005542,https://api.the-odds-api.com/v4/sports/americanfootball_nfl
2026,3,e5fbd3b3953b896b1bf897ddadb3cc4b,2026-09-25T00:15:00Z,DraftKings,draftkings,2026-09-24T19:56:04Z,Green Bay Packers,Atlanta Falcons,Chris Brooks,,,WR,player_reception_yds,Full Game,7.5,Under,-122,draftkings|Chris Brooks|player_reception_yds|7.5,0.54954955,0.51994458,https://api.the-odds-api.com/v4/sports/americanfootball_nfl
2026,3,e5fbd3b3953b896b1bf897ddadb3cc4b,2026-09-25T00:15:00Z,DraftKings,draftkings,2026-09-24T19:56:04Z,Green Bay Packers,Atlanta Falcons,MarShawn Lloyd,,,WR,player_reception_yds,Full Game,5.5,Over,-109,draftkings|MarShawn Lloyd|player_reception_yds|5.5,0.5215311,0.49368022,https://api.the-odds-api.com/v4/sports/americanfootball_nfl
2026,3,e5fbd3b3953b896b1bf897ddadb3cc4b,2026-09-25T00:15:00Z,DraftKings,draftkings,2026-09-24T19:56:04Z,Green Bay Packers,Atlanta Falcons,MarShawn Lloyd,,,WR,player_reception_yds,Full Game,5.5,Under,-115,draftkings|MarShawn Lloyd|player_reception_yds|5.5,0.53488372,0.50631978,https://api.the-odds-api.com/v4/sports/americanfootball_nfl
2026,3,e5fbd3b3953b896b1bf897ddadb3cc4b,2026-09-25T00:15:00Z,DraftKings,draftkings,2026-09-24T19:56:04Z,Green Bay Packers,Atlanta Falcons,Bijan Robinson,,,RB,player_rush_yds,Full Game,78.5,Over,-111,draftkings|Bijan Robinson|player_rush_yds|78.5,0.52606635,0.49789412,https://api.the-odds-api.com/v4/sports/americanfootball_nfl
2026,3,e5fbd3b3953b896b1bf897ddadb3cc4b,2026-09-25T00:15:00Z,DraftKings,draftkings,2026-09-24T19:56:04Z,Green Bay Packers,Atlanta Falcons,Bijan Robinson,,,RB,player_rush_yds,Full Game,78.5,Under,-113,draftkings|Bijan Robinson|player_rush_yds|78.5,0.53051643,0.50210588,https://api.the-odds-api.com/v4/sports/americanfootball_nfl
2026,3,e5fbd3b3953b896b1bf897ddadb3cc4b,2026-09-25T00:15:00Z,DraftKings,draftkings,2026-09-24T19:56:04Z,Green Bay Packers,Atlanta Falcons,Kaleb Johnson,,,RB,player_rush_yds,Full Game,38.5,Over,-113,draftkings|Kaleb Johnson|player_rush_yds|38.5,0.53051643,0.50210588,https://api.the-odds-api.com/v4/sports/americanfootball_nfl
2026,3,e5fbd3b3953b896b1bf897ddadb3cc4b,2026-09-25T00:15:00Z,DraftKings,draftkings,2026-09-24T19:56:04Z,Green Bay Packers,Atlanta Falcons,Kaleb Johnson,,,RB,player_rush_yds,Full Game,38.5,Under,-111,draftkings|Kaleb Johnson|player_rush_yds|38.5,0.52606635,0.49789412,https://api.the-odds-api.com/v4/sports/americanfootball_nfl
2026,3,e5fbd3b3953b896b1bf897ddadb3cc4b,2026-09-25T00:15:00Z,DraftKings,draftkings,2026-09-24T19:56:04Z,Green Bay Packers,Atlanta Falcons,MarShawn Lloyd,,,RB,player_rush_yds,Full Game,24.5,Over,-116,draftkings|MarShawn Lloyd|player_rush_yds|24.5,0.53703704,0.50842886,https://api.the-odds-api.com/v4/sports/americanfootball_nfl
2026,3,e5fbd3b3953b896b1bf897ddadb3cc4b,2026-09-25T00:15:00Z,DraftKings,draftkings,2026-09-24T19:56:04Z,Green Bay Packers,Atlanta Falcons,MarShawn Lloyd,,,RB,player_rush_yds,Full Game,24.5,Under,-108,draftkings|MarShawn Lloyd|player_rush_yds|24.5,0.51923077,0.49157114,https://api.the-odds-api.com/v4/sports/americanfootball_nfl
2026,3,e5fbd3b3953b896b1bf897ddadb3cc4b,2026-09-25T00:15:00Z,DraftKings,draftkings,2026-09-24T19:56:04Z,Green Bay Packers,Atlanta Falcons,Brian Robinson Jr.,,,RB,player_rush_yds,Full Game,23.5,Over,-116,draftkings|Brian Robinson Jr.|player_rush_yds|23.5,0.53703704,0.50842886,https://api.the-odds-api.com/v4/sports/americanfootball_nfl
2026,3,e5fbd3b3953b896b1bf897ddadb3cc4b,2026-09-25T00:15:00Z,DraftKings,draftkings,2026-09-24T19:56:04Z,Green Bay Packers,Atlanta Falcons,Brian Robinson Jr.,,,RB,player_rush_yds,Full Game,23.5,Under,-108,draftkings|Brian Robinson Jr.|player_rush_yds|23.5,0.51923077,0.49157114,https://api.the-odds-api.com/v4/sports/americanfootball_nfl
2026,3,e5fbd3b3953b896b1bf897ddadb3cc4b,2026-09-25T00:15:00Z,DraftKings,draftkings,2026-09-24T19:56:04Z,Green Bay Packers,Atlanta Falcons,Chris Brooks,,,RB,player_rush_yds,Full Game,14.5,Over,-108,draftkings|Chris Brooks|player_rush_yds|14.5,0.51923077,0.49157114,https://api.the-odds-api.com/v4/sports/americanfootball_nfl
2026,3,e5fbd3b3953b896b1bf897ddadb3cc4b,2026-09-25T00:15:00Z,DraftKings,draftkings,2026-09-24T19:56:04Z,Green Bay Packers,Atlanta Falcons,Chris Brooks,,,RB,player_rush_yds,Full Game,14.5,Under,-116,draftkings|Chris Brooks|player_rush_yds|14.5,0.53703704,0.50842886,https://api.the-odds-api.com/v4/sports/americanfootball_nfl
2026,3,e5fbd3b3953b896b1bf897ddadb3cc4b,2026-09-25T00:15:00Z,DraftKings,draftkings,2026-09-24T19:56:04Z,Green Bay Packers,Atlanta Falcons,Jordan Love,,,RB,player_rush_yds,Full Game,7.5,Over,-119,draftkings|Jordan Love|player_rush_yds|7.5,0.543379,0.51477105,https://api.the-odds-api.com/v4/sports/americanfootball_nfl
2026,3,e5fbd3b3953b896b1bf897ddadb3cc4b,2026-09-25T00:15:00Z,DraftKings,draftkings,2026-09-24T19:56:04Z,Green Bay Packers,Atlanta Falcons,Jordan Love,,,RB,player_rush_yds,Full Game,7.5,Under,-105,draftkings|Jordan Love|player_rush_yds|7.5,0.51219512,0.48522895,https://api.the-odds-api.com/v4/sports/americanfootball_nfl
2026,3,e5fbd3b3953b896b1bf897ddadb3cc4b,2026-09-25T00:15:00Z,DraftKings,draftkings,2026-09-24T19:56:04Z,Green Bay Packers,Atlanta Falcons,Michael Penix Jr.,,,RB,player_rush_yds,Full Game,4.5,Over,-110,draftkings|Michael Penix Jr.|player_rush_yds|4.5,0.52380952,0.4957877,https://api.the-odds-api.com/v4/sports/americanfootball_nfl
2026,3,e5fbd3b3953b896b1bf897ddadb3cc4b,2026-09-25T00:15:00Z,DraftKings,draftkings,2026-09-24T19:56:04Z,Green Bay Packers,Atlanta Falcons,Michael Penix Jr.,,,RB,player_rush_yds,Full Game,4.5,Under,-114,draftkings|Michael Penix Jr.|player_rush_yds|4.5,0.53271028,0.5042123,https://api.the-odds-api.com/v4/sports/americanfootball_nfl
2026,3,e5fbd3b3953b896b1bf897ddadb3cc4b,2026-09-25T00:15:00Z,FanDuel,fanduel,2026-09-24T19:58:59Z,Green Bay Packers,Atlanta Falcons,Skyy Moore,,,WR,player_reception_yds,Full Game,12.5,Over,-113,fanduel|Skyy Moore|player_reception_yds|12.5,0.53051643,0.5,https://api.the-odds-api.com/v4/sports/americanfootball_nfl
2026,3,e5fbd3b3953b896b1bf897ddadb3cc4b,2026-09-25T00:15:00Z,FanDuel,fanduel,2026-09-24T19:58:59Z,Green Bay Packers,Atlanta Falcons,Skyy Moore,,,WR,player_reception_yds,Full Game,12.5,Under,-113,fanduel|Skyy Moore|player_reception_yds|12.5,0.53051643,0.5,https://api.the-odds-api.com/v4/sports/americanfootball_nfl
2026,3,e5fbd3b3953b896b1bf897ddadb3cc4b,2026-09-25T00:15:00Z,FanDuel,fanduel,2026-09-24T19:58:59Z,Green Bay Packers,Atlanta Falcons,Olamide Zaccheaus,,,WR,player_reception_yds,Full Game,10.5,Over,-113,fanduel|Olamide Zaccheaus|player_reception_yds|10.5,0.53051643,0.5,https://api.the-odds-api.com/v4/sports/americanfootball_nfl
2026,3,e5fbd3b3953b896b1bf897ddadb3cc4b,2026-09-25T00:15:00Z,FanDuel,fanduel,2026-09-24T19:58:59Z,Green Bay Packers,Atlanta Falcons,Olamide Zaccheaus,,,WR,player_reception_yds,Full Game,10.5,Under,-113,fanduel|Olamide Zaccheaus|player_reception_yds|10.5,0.53051643,0.5,https://api.the-odds-api.com/v4/sports/americanfootball_nfl
2026,3,e5fbd3b3953b896b1bf897ddadb3cc4b,2026-09-25T00:15:00Z,FanDuel,fanduel,2026-09-24T19:58:59Z,Green Bay Packers,Atlanta Falcons,Christian Watson,,,WR,player_reception_yds,Full Game,71.5,Over,-113,fanduel|Christian Watson|player_reception_yds|71.5,0.53051643,0.5,https://api.the-odds-api.com/v4/sports/americanfootball_nfl
2026,3,e5fbd3b3953b896b1bf897ddadb3cc4b,2026-09-25T00:15:00Z,FanDuel,fanduel,2026-09-24T19:58:59Z,Green Bay Packers,Atlanta Falcons,Christian Watson,,,WR,player_reception_yds,Full Game,71.5,Under,-113,fanduel|Christian Watson|player_reception_yds|71.5,0.53051643,0.5,https://api.the-odds-api.com/v4/sports/americanfootball_nfl
2026,3,e5fbd3b3953b896b1bf897ddadb3cc4b,2026-09-25T00:15:00Z,FanDuel,fanduel,2026-09-24T19:58:59Z,Green Bay Packers,Atlanta Falcons,Matthew Golden,,,WR,player_reception_yds,Full Game,54.5,Over,-113,fanduel|Matthew Golden|player_reception_yds|54.5,0.53051643,0.5,https://api.the-odds-api.com/v4/sports/americanfootball_nfl
2026,3,e5fbd3b3953b896b1bf897ddadb3cc4b,2026-09-25T00:15:00Z,FanDuel,fanduel,2026-09-24T19:58:59Z,Green Bay Packers,Atlanta Falcons,Matthew Golden,,,WR,player_reception_yds,Full Game,54.5,Under,-113,fanduel|Matthew Golden|player_reception_yds|54.5,0.53051643,0.5,https://api.the-odds-api.com/v4/sports/americanfootball_nfl
2026,3,e5fbd3b3953b896b1bf897ddadb3cc4b,2026-09-25T00:15:00Z,FanDuel,fanduel,2026-09-24T19:58:59Z,Green Bay Packers,Atlanta Falcons,Jonnu Smith,,,WR,player_reception_yds,Full Game,8.5,Over,-113,fanduel|Jonnu Smith|player_reception_yds|8.5,0.53051643,0.5,https://api.the-odds-api.com/v4/sports/americanfootball_nfl
2026,3,e5fbd3b3953b896b1bf897ddadb3cc4b,2026-09-25T00:15:00Z,FanDuel,fanduel,2026-09-24T19:58:59Z,Green Bay Packers,Atlanta Falcons,Jonnu Smith,,,WR,player_reception_yds,Full Game,8.5,Under,-113,fanduel|Jonnu Smith|player_reception_yds|8.5,0.53051643,0.5,https://api.the-odds-api.com/v4/sports/americanfootball_nfl
2026,3,e5fbd3b3953b896b1bf897ddadb3cc4b,2026-09-25T00:15:00Z,FanDuel,fanduel,2026-09-24T19:58:59Z,Green Bay Packers,Atlanta Falcons,Tucker Kraft,,,WR,player_reception_yds,Full Game,46.5,Over,-113,fanduel|Tucker Kraft|player_reception_yds|46.5,0.53051643,0.5,https://api.the-odds-api.com/v4/sports/americanfootball_nfl
2026,3,e5fbd3b3953b896b1bf897ddadb3cc4b,2026-09-25T00:15:00Z,FanDuel,fanduel,2026-09-24T19:58:59Z,Green Bay Packers,Atlanta Falcons,Tucker Kraft,,,WR,player_reception_yds,Full Game,46.5,Under,-113,fanduel|Tucker Kraft|player_reception_yds|46.5,0.53051643,0.5,https://api.the-odds-api.com/v4/sports/americanfootball_nfl
2026,3,e5fbd3b3953b896b1bf897ddadb3cc4b,2026-09-25T00:15:00Z,FanDuel,fanduel,2026-09-24T19:58:59Z,Green Bay Packers,Atlanta Falcons,Austin Hooper,,,WR,player_reception_yds,Full Game,7.5,Over,108,fanduel|Austin Hooper|player_reception_yds|7.5,0.48076923,0.4532988,https://api.the-odds-api.com/v4/sports/americanfootball_nfl
2026,3,e5fbd3b3953b896b1bf897ddadb3cc4b,2026-09-25T00:15:00Z,FanDuel,fanduel,2026-09-24T19:58:59Z,Green Bay Packers,Atlanta Falcons,Austin Hooper,,,WR,player_reception_yds,Full Game,7.5,Under,-138,fanduel|Austin Hooper|player_reception_yds|7.5,0.57983193,0.5467012,https://api.the-odds-api.com/v4/sports/americanfootball_nfl
2026,3,e5fbd3b3953b896b1bf897ddadb3cc4b,2026-09-25T00:15:00Z,FanDuel,fanduel,2026-09-24T19:58:59Z,Green Bay Packers,Atlanta Falcons,Chris Brooks,,,WR,player_reception_yds,Full Game,6.5,Over,-106,fanduel|Chris Brooks|player_reception_yds|6.5,0.51456311,0.48542881,https://api.the-odds-api.com/v4/sports/americanfootball_nfl
2026,3,e5fbd3b3953b896b1bf897ddadb3cc4b,2026-09-25T00:15:00Z,FanDuel,fanduel,2026-09-24T19:58:59Z,Green Bay Packers,Atlanta Falcons,Chris Brooks,,,WR,player_reception_yds,Full Game,6.5,Under,-120,fanduel|Chris Brooks|player_reception_yds|6.5,0.54545455,0.51457119,https://api.the-odds-api.com/v4/sports/americanfootball_nfl
2026,3,e5fbd3b3953b896b1bf897ddadb3cc4b,2026-09-25T00:15:00Z,FanDuel,fanduel,2026-09-24T19:58:59Z,Green Bay Packers,Atlanta Falcons,Drake London,,,WR,player_reception_yds,Full Game,65.5,Over,-113,fanduel|Drake London|player_reception_yds|65.5,0.53051643,0.5,https://api.the-odds-api.com/v4/sports/americanfootball_nfl
2026,3,e5fbd3b3953b896b1bf897ddadb3cc4b,2026-09-25T00:15:00Z,FanDuel,fanduel,2026-09-24T19:58:59Z,Green Bay Packers,Atlanta Falcons,Drake London,,,WR,player_reception_yds,Full Game,65.5,Under,-113,fanduel|Drake London|player_reception_yds|65.5,0.53051643,0.5,https://api.the-odds-api.com/v4/sports/americanfootball_nfl
2026,3,e5fbd3b3953b896b1bf897ddadb3cc4b,2026-09-25T00:15:00Z,FanDuel,fanduel,2026-09-24T19:58:59Z,Green Bay Packers,Atlanta Falcons,MarShawn Lloyd,,,WR,player_reception_yds,Full Game,5.5,Over,-113,fanduel|MarShawn Lloyd|player_reception_yds|5.5,0.53051643,0.5,https://api.the-odds-api.com/v4/sports/americanfootball_nfl
2026,3,e5fbd3b3953b896b1bf897ddadb3cc4b,2026-09-25T00:15:00Z,FanDuel,fanduel,2026-09-24T19:58:59Z,Green Bay Packers,Atlanta Falcons,MarShawn Lloyd,,,WR,player_reception_yds,Full Game,5.5,Under,-113,fanduel|MarShawn Lloyd|player_reception_yds|5.5,0.53051643,0.5,https://api.the-odds-api.com/v4/sports/americanfootball_nfl
2026,3,e5fbd3b3953b896b1bf897ddadb3cc4b,2026-09-25T00:15:00Z,FanDuel,fanduel,2026-09-24T19:58:59Z,Green Bay Packers,Atlanta Falcons,Bijan Robinson,,,WR,player_reception_yds,Full Game,37.5,Over,-113,fanduel|Bijan Robinson|player_reception_yds|37.5,0.53051643,0.5,https://api.the-odds-api.com/v4/sports/americanfootball_nfl
2026,3,e5fbd3b3953b896b1bf897ddadb3cc4b,2026-09-25T00:15:00Z,FanDuel,fanduel,2026-09-24T19:58:59Z,Green Bay Packers,Atlanta Falcons,Bijan Robinson,,,WR,player_reception_yds,Full Game,37.5,Under,-113,fanduel|Bijan Robinson|player_reception_yds|37.5,0.53051643,0.5,https://api.the-odds-api.com/v4/sports/americanfootball_nfl
2026,3,e5fbd3b3953b896b1bf897ddadb3cc4b,2026-09-25T00:15:00Z,FanDuel,fanduel,2026-09-24T19:58:59Z,Green Bay Packers,Atlanta Falcons,Kyle Pitts,,,WR,player_reception_yds,Full Game,36.5,Over,-113,fanduel|Kyle Pitts|player_reception_yds|36.5,0.53051643,0.5,https://api.the-odds-api.com/v4/sports/americanfootball_nfl
2026,3,e5fbd3b3953b896b1bf897ddadb3cc4b,2026-09-25T00:15:00Z,FanDuel,fanduel,2026-09-24T19:58:59Z,Green Bay Packers,Atlanta Falcons,Kyle Pitts,,,WR,player_reception_yds,Full Game,36.5,Under,-113,fanduel|Kyle Pitts|player_reception_yds|36.5,0.53051643,0.5,https://api.the-odds-api.com/v4/sports/americanfootball_nfl
2026,3,e5fbd3b3953b896b1bf897ddadb3cc4b,2026-09-25T00:15:00Z,FanDuel,fanduel,2026-09-24T19:58:59Z,Green Bay Packers,Atlanta Falcons,Jahan Dotson,,,WR,player_reception_yds,Full Game,17.5,Over,-113,fanduel|Jahan Dotson|player_reception_yds|17.5,0.53051643,0.5,https://api.the-odds-api.com/v4/sports/americanfootball_nfl
2026,3,e5fbd3b3953b896b1bf897ddadb3cc4b,2026-09-25T00:15:00Z,FanDuel,fanduel,2026-09-24T19:58:59Z,Green Bay Packers,Atlanta Falcons,Jahan Dotson,,,WR,player_reception_yds,Full Game,17.5,Under,-113,fanduel|Jahan Dotson|player_reception_yds|17.5,0.53051643,0.5,https://api.the-odds-api.com/v4/sports/americanfootball_nfl
2026,3,e5fbd3b3953b896b1bf897ddadb3cc4b,2026-09-25T00:15:00Z,FanDuel,fanduel,2026-09-24T19:58:59Z,Green Bay Packers,Atlanta Falcons,Michael Penix Jr.,,,RB,player_rush_yds,Full Game,5.5,Over,-102,fanduel|Michael Penix Jr.|player_rush_yds|5.5,0.5049505,0.47614108,https://api.the-odds-api.com/v4/sports/americanfootball_nfl
2026,3,e5fbd3b3953b896b1bf897ddadb3cc4b,2026-09-25T00:15:00Z,FanDuel,fanduel,2026-09-24T19:58:59Z,Green Bay Packers,Atlanta Falcons,Michael Penix Jr.,,,RB,player_rush_yds,Full Game,5.5,Under,-125,fanduel|Michael Penix Jr.|player_rush_yds|5.5,0.55555556,0.52385892,https://api.the-odds-api.com/v4/sports/americanfootball_nfl
2026,3,e5fbd3b3953b896b1bf897ddadb3cc4b,2026-09-25T00:15:00Z,FanDuel,fanduel,2026-09-24T19:58:59Z,Green Bay Packers,Atlanta Falcons,Chris Brooks,,,RB,player_rush_yds,Full Game,14.5,Over,-113,fanduel|Chris Brooks|player_rush_yds|14.5,0.53051643,0.5,https://api.the-odds-api.com/v4/sports/americanfootball_nfl
2026,3,e5fbd3b3953b896b1bf897ddadb3cc4b,2026-09-25T00:15:00Z,FanDuel,fanduel,2026-09-24T19:58:59Z,Green Bay Packers,Atlanta Falcons,Chris Brooks,,,RB,player_rush_yds,Full Game,14.5,Under,-113,fanduel|Chris Brooks|player_rush_yds|14.5,0.53051643,0.5,https://api.the-odds-api.com/v4/sports/americanfootball_nfl
2026,3,e5fbd3b3953b896b1bf897ddadb3cc4b,2026-09-25T00:15:00Z,FanDuel,fanduel,2026-09-24T19:58:59Z,Green Bay Packers,Atlanta Falcons,MarShawn Lloyd,,,RB,player_rush_yds,Full Game,25.5,Over,-113,fanduel|MarShawn Lloyd|player_rush_yds|25.5,0.53051643,0.5,https://api.the-odds-api.com/v4/sports/americanfootball_nfl
2026,3,e5fbd3b3953b896b1bf897ddadb3cc4b,2026-09-25T00:15:00Z,FanDuel,fanduel,2026-09-24T19:58:59Z,Green Bay Packers,Atlanta Falcons,MarShawn Lloyd,,,RB,player_rush_yds,Full Game,25.5,Under,-113,fanduel|MarShawn Lloyd|player_rush_yds|25.5,0.53051643,0.5,https://api.the-odds-api.com/v4/sports/americanfootball_nfl
2026,3,e5fbd3b3953b896b1bf897ddadb3cc4b,2026-09-25T00:15:00Z,FanDuel,fanduel,2026-09-24T19:58:59Z,Green Bay Packers,Atlanta Falcons,Jordan Love,,,RB,player_rush_yds,Full Game,7.5,Over,-113,fanduel|Jordan Love|player_rush_yds|7.5,0.53051643,0.5,https://api.the-odds-api.com/v4/sports/americanfootball_nfl
2026,3,e5fbd3b3953b896b1bf897ddadb3cc4b,2026-09-25T00:15:00Z,FanDuel,fanduel,2026-09-24T19:58:59Z,Green Bay Packers,Atlanta Falcons,Jordan Love,,,RB,player_rush_yds,Full Game,7.5,Under,-113,fanduel|Jordan Love|player_rush_yds|7.5,0.53051643,0.5,https://api.the-odds-api.com/v4/sports/americanfootball_nfl
2026,3,e5fbd3b3953b896b1bf897ddadb3cc4b,2026-09-25T00:15:00Z,FanDuel,fanduel,2026-09-24T19:58:59Z,Green Bay Packers,Atlanta Falcons,Brian Robinson Jr.,,,RB,player_rush_yds,Full Game,24.5,Over,-113,fanduel|Brian Robinson Jr.|player_rush_yds|24.5,0.53051643,0.5,https://api.the-odds-api.com/v4/sports/americanfootball_nfl
2026,3,e5fbd3b3953b896b1bf897ddadb3cc4b,2026-09-25T00:15:00Z,FanDuel,fanduel,2026-09-24T19:58:59Z,Green Bay Packers,Atlanta Falcons,Brian Robinson Jr.,,,RB,player_rush_yds,Full Game,24.5,Under,-113,fanduel|Brian Robinson Jr.|player_rush_yds|24.5,0.53051643,0.5,https://api.the-odds-api.com/v4/sports/americanfootball_nfl
2026,3,e5fbd3b3953b896b1bf897ddadb3cc4b,2026-09-25T00:15:00Z,FanDuel,fanduel,2026-09-24T19:58:59Z,Green Bay Packers,Atlanta Falcons,Bijan Robinson,,,RB,player_rush_yds,Full Game,77.5,Over,-113,fanduel|Bijan Robinson|player_rush_yds|77.5,0.53051643,0.5,https://api.the-odds-api.com/v4/sports/americanfootball_nfl
2026,3,e5fbd3b3953b896b1bf897ddadb3cc4b,2026-09-25T00:15:00Z,FanDuel,fanduel,2026-09-24T19:58:59Z,Green Bay Packers,Atlanta Falcons,Bijan Robinson,,,RB,player_rush_yds,Full Game,77.5,Under,-113,fanduel|Bijan Robinson|player_rush_yds|77.5,0.53051643,0.5,https://api.the-odds-api.com/v4/sports/americanfootball_nfl
2026,3,e5fbd3b3953b896b1bf897ddadb3cc4b,2026-09-25T00:15:00Z,FanDuel,fanduel,2026-09-24T19:58:59Z,Green Bay Packers,Atlanta Falcons,Kaleb Johnson,,,RB,player_rush_yds,Full Game,36.5,Over,-113,fanduel|Kaleb Johnson|player_rush_yds|36.5,0.53051643,0.5,https://api.the-odds-api.com/v4/sports/americanfootball_nfl
2026,3,e5fbd3b3953b896b1bf897ddadb3cc4b,2026-09-25T00:15:00Z,FanDuel,fanduel,2026-09-24T19:58:59Z,Green Bay Packers,Atlanta Falcons,Kaleb Johnson,,,RB,player_rush_yds,Full Game,36.5,Under,-113,fanduel|Kaleb Johnson|player_rush_yds|36.5,0.53051643,0.5,https://api.the-odds-api.com/v4/sports/americanfootball_nfl
2026,3,e5fbd3b3953b896b1bf897ddadb3cc4b,2026-09-25T00:15:00Z,BetRivers,betrivers,2026-09-24T19:58:49Z,Green Bay Packers,Atlanta Falcons,Matthew Golden,,,WR,player_reception_yds,Full Game,55.5,Over,-115,betrivers|Matthew Golden|player_reception_yds|55.5,0.53488372,0.5,https://api.the-odds-api.com/v4/sports/americanfootball_nfl
2026,3,e5fbd3b3953b896b1bf897ddadb3cc4b,2026-09-25T00:15:00Z,BetRivers,betrivers,2026-09-24T19:58:49Z,Green Bay Packers,Atlanta Falcons,Matthew Golden,,,WR,player_reception_yds,Full Game,55.5,Under,-115,betrivers|Matthew Golden|player_reception_yds|55.5,0.53488372,0.5,https://api.the-odds-api.com/v4/sports/americanfootball_nfl
2026,3,e5fbd3b3953b896b1bf897ddadb3cc4b,2026-09-25T00:15:00Z,BetRivers,betrivers,2026-09-24T19:58:49Z,Green Bay Packers,Atlanta Falcons,Skyy Moore,,,WR,player_reception_yds,Full Game,10.5,Over,-118,betrivers|Skyy Moore|player_reception_yds|10.5,0.5412844,0.50502331,https://api.the-odds-api.com/v4/sports/americanfootball_nfl
2026,3,e5fbd3b3953b896b1bf897ddadb3cc4b,2026-09-25T00:15:00Z,BetRivers,betrivers,2026-09-24T19:58:49Z,Green Bay Packers,Atlanta Falcons,Skyy Moore,,,WR,player_reception_yds,Full Game,10.5,Under,-113,betrivers|Skyy Moore|player_reception_yds|10.5,0.53051643,0.49497669,https://api.the-odds-api.com/v4/sports/americanfootball_nfl
2026,3,e5fbd3b3953b896b1bf897ddadb3cc4b,2026-09-25T00:15:00Z,BetRivers,betrivers,2026-09-24T19:58:49Z,Green Bay Packers,Atlanta Falcons,Kyle Pitts,,,WR,player_reception_yds,Full Game,36.5,Over,-113,betrivers|Kyle Pitts|player_reception_yds|36.5,0.53051643,0.49497669,https://api.the-odds-api.com/v4/sports/americanfootball_nfl
2026,3,e5fbd3b3953b896b1bf897ddadb3cc4b,2026-09-25T00:15:00Z,BetRivers,betrivers,2026-09-24T19:58:49Z,Green Bay Packers,Atlanta Falcons,Kyle Pitts,,,WR,player_reception_yds,Full Game,36.5,Under,-118,betrivers|Kyle Pitts|player_reception_yds|36.5,0.5412844,0.50502331,https://api.the-odds-api.com/v4/sports/americanfootball_nfl
2026,3,e5fbd3b3953b896b1bf897ddadb3cc4b,2026-09-25T00:15:00Z,BetRivers,betrivers,2026-09-24T19:58:49Z,Green Bay Packers,Atlanta Falcons,Drake London,,,WR,player_reception_yds,Full Game,66.5,Over,-113,betrivers|Drake London|player_reception_yds|66.5,0.53051643,0.49497669,https://api.the-odds-api.com/v4/sports/americanfootball_nfl
2026,3,e5fbd3b3953b896b1bf897ddadb3cc4b,2026-09-25T00:15:00Z,BetRivers,betrivers,2026-09-24T19:58:49Z,Green Bay Packers,Atlanta Falcons,Drake London,,,WR,player_reception_yds,Full Game,66.5,Under,-118,betrivers|Drake London|player_reception_yds|66.5,0.5412844,0.50502331,https://api.the-odds-api.com/v4/sports/americanfootball_nfl
2026,3,e5fbd3b3953b896b1bf897ddadb3cc4b,2026-09-25T00:15:00Z,BetRivers,betrivers,2026-09-24T19:58:49Z,Green Bay Packers,Atlanta Falcons,Tucker Kraft,,,WR,player_reception_yds,Full Game,46.5,Over,-114,betrivers|Tucker Kraft|player_reception_yds|46.5,0.53271028,0.4969865,https://api.the-odds-api.com/v4/sports/americanfootball_nfl
2026,3,e5fbd3b3953b896b1bf897ddadb3cc4b,2026-09-25T00:15:00Z,BetRivers,betrivers,2026-09-24T19:58:49Z,Green Bay Packers,Atlanta Falcons,Tucker Kraft,,,WR,player_reception_yds,Full Game,46.5,Under,-117,betrivers|Tucker Kraft|player_reception_yds|46.5,0.53917051,0.5030135,https://api.the-odds-api.com/v4/sports/americanfootball_nfl
2026,3,e5fbd3b3953b896b1bf897ddadb3cc4b,2026-09-25T00:15:00Z,BetRivers,betrivers,2026-09-24T19:58:49Z,Green Bay Packers,Atlanta Falcons,Chris Brooks,,,WR,player_reception_yds,Full Game,7.5,Over,-109,betrivers|Chris Brooks|player_reception_yds|7.5,0.5215311,0.48692048,https://api.the-odds-api.com/v4/sports/americanfootball_nfl
2026,3,e5fbd3b3953b896b1bf897ddadb3cc4b,2026-09-25T00:15:00Z,BetRivers,betrivers,2026-09-24T19:58:49Z,Green Bay Packers,Atlanta Falcons,Chris Brooks,,,WR,player_reception_yds,Full Game,7.5,Under,-122,betrivers|Chris Brooks|player_reception_yds|7.5,0.54954955,0.51307952,https://api.the-odds-api.com/v4/sports/americanfootball_nfl
2026,3,e5fbd3b3953b896b1bf897ddadb3cc4b,2026-09-25T00:15:00Z,BetRivers,betrivers,2026-09-24T19:58:49Z,Green Bay Packers,Atlanta Falcons,Christian Watson,,,WR,player_reception_yds,Full Game,68.5,Over,-114,betrivers|Christian Watson|player_reception_yds|68.5,0.53271028,0.4969865,https://api.the-odds-api.com/v4/sports/americanfootball_nfl
2026,3,e5fbd3b3953b896b1bf897ddadb3cc4b,2026-09-25T00:15:00Z,BetRivers,betrivers,2026-09-24T19:58:49Z,Green Bay Packers,Atlanta Falcons,Christian Watson,,,WR,player_reception_yds,Full Game,68.5,Under,-117,betrivers|Christian Watson|player_reception_yds|68.5,0.53917051,0.5030135,https://api.the-odds-api.com/v4/sports/americanfootball_nfl
2026,3,e5fbd3b3953b896b1bf897ddadb3cc4b,2026-09-25T00:15:00Z,BetRivers,betrivers,2026-09-24T19:58:49Z,Green Bay Packers,Atlanta Falcons,Olamide Zaccheaus,,,WR,player_reception_yds,Full Game,8.5,Over,-118,betrivers|Olamide Zaccheaus|player_reception_yds|8.5,0.5412844,0.50502331,https://api.the-odds-api.com/v4/sports/americanfootball_nfl
2026,3,e5fbd3b3953b896b1bf897ddadb3cc4b,2026-09-25T00:15:00Z,BetRivers,betrivers,2026-09-24T19:58:49Z,Green Bay Packers,Atlanta Falcons,Olamide Zaccheaus,,,WR,player_reception_yds,Full Game,8.5,Under,-113,betrivers|Olamide Zaccheaus|player_reception_yds|8.5,0.53051643,0.49497669,https://api.the-odds-api.com/v4/sports/americanfootball_nfl
2026,3,e5fbd3b3953b896b1bf897ddadb3cc4b,2026-09-25T00:15:00Z,BetRivers,betrivers,2026-09-24T19:58:49Z,Green Bay Packers,Atlanta Falcons,Jahan Dotson,,,WR,player_reception_yds,Full Game,16.5,Over,-115,betrivers|Jahan Dotson|player_reception_yds|16.5,0.53488372,0.5,https://api.the-odds-api.com/v4/sports/americanfootball_nfl
2026,3,e5fbd3b3953b896b1bf897ddadb3cc4b,2026-09-25T00:15:00Z,BetRivers,betrivers,2026-09-24T19:58:49Z,Green Bay Packers,Atlanta Falcons,Jahan Dotson,,,WR,player_reception_yds,Full Game,16.5,Under,-115,betrivers|Jahan Dotson|player_reception_yds|16.5,0.53488372,0.5,https://api.the-odds-api.com/v4/sports/americanfootball_nfl
2026,3,e5fbd3b3953b896b1bf897ddadb3cc4b,2026-09-25T00:15:00Z,BetRivers,betrivers,2026-09-24T19:58:49Z,Green Bay Packers,Atlanta Falcons,MarShawn Lloyd,,,WR,player_reception_yds,Full Game,5.5,Over,-124,betrivers|MarShawn Lloyd|player_reception_yds|5.5,0.55357143,0.51600512,https://api.the-odds-api.com/v4/sports/americanfootball_nfl
2026,3,e5fbd3b3953b896b1bf897ddadb3cc4b,2026-09-25T00:15:00Z,BetRivers,betrivers,2026-09-24T19:58:49Z,Green Bay Packers,Atlanta Falcons,MarShawn Lloyd,,,WR,player_reception_yds,Full Game,5.5,Under,-108,betrivers|MarShawn Lloyd|player_reception_yds|5.5,0.51923077,0.48399488,https://api.the-odds-api.com/v4/sports/americanfootball_nfl
2026,3,e5fbd3b3953b896b1bf897ddadb3cc4b,2026-09-25T00:15:00Z,BetRivers,betrivers,2026-09-24T19:58:49Z,Green Bay Packers,Atlanta Falcons,Bijan Robinson,,,WR,player_reception_yds,Full Game,38.5,Over,-118,betrivers|Bijan Robinson|player_reception_yds|38.5,0.5412844,0.50502331,https://api.the-odds-api.com/v4/sports/americanfootball_nfl
2026,3,e5fbd3b3953b896b1bf897ddadb3cc4b,2026-09-25T00:15:00Z,BetRivers,betrivers,2026-09-24T19:58:49Z,Green Bay Packers,Atlanta Falcons,Bijan Robinson,,,WR,player_reception_yds,Full Game,38.5,Under,-113,betrivers|Bijan Robinson|player_reception_yds|38.5,0.53051643,0.49497669,https://api.the-odds-api.com/v4/sports/americanfootball_nfl
2026,3,e5fbd3b3953b896b1bf897ddadb3cc4b,2026-09-25T00:15:00Z,BetRivers,betrivers,2026-09-24T19:58:49Z,Green Bay Packers,Atlanta Falcons,Jonnu Smith,,,WR,player_reception_yds,Full Game,8.5,Over,-117,betrivers|Jonnu Smith|player_reception_yds|8.5,0.53917051,0.50404515,https://api.the-odds-api.com/v4/sports/americanfootball_nfl
2026,3,e5fbd3b3953b896b1bf897ddadb3cc4b,2026-09-25T00:15:00Z,BetRivers,betrivers,2026-09-24T19:58:49Z,Green Bay Packers,Atlanta Falcons,Jonnu Smith,,,WR,player_reception_yds,Full Game,8.5,Under,-113,betrivers|Jonnu Smith|player_reception_yds|8.5,0.53051643,0.49595485,https://api.the-odds-api.com/v4/sports/americanfootball_nfl
2026,3,e5fbd3b3953b896b1bf897ddadb3cc4b,2026-09-25T00:15:00Z,BetRivers,betrivers,2026-09-24T19:58:49Z,Green Bay Packers,Atlanta Falcons,MarShawn Lloyd,,,RB,player_rush_yds,Full Game,26.5,Over,-118,betrivers|MarShawn Lloyd|player_rush_yds|26.5,0.5412844,0.50606894,https://api.the-odds-api.com/v4/sports/americanfootball_nfl
2026,3,e5fbd3b3953b896b1bf897ddadb3cc4b,2026-09-25T00:15:00Z,BetRivers,betrivers,2026-09-24T19:58:49Z,Green Bay Packers,Atlanta Falcons,MarShawn Lloyd,,,RB,player_rush_yds,Full Game,26.5,Under,-112,betrivers|MarShawn Lloyd|player_rush_yds|26.5,0.52830189,0.49393106,https://api.the-odds-api.com/v4/sports/americanfootball_nfl
2026,3,e5fbd3b3953b896b1bf897ddadb3cc4b,2026-09-25T00:15:00Z,BetRivers,betrivers,2026-09-24T19:58:49Z,Green Bay Packers,Atlanta Falcons,Jordan Love,,,RB,player_rush_yds,Full Game,8.5,Over,-115,betrivers|Jordan Love|player_rush_yds|8.5,0.53488372,0.50101792,https://api.the-odds-api.com/v4/sports/americanfootball_nfl
2026,3,e5fbd3b3953b896b1bf897ddadb3cc4b,2026-09-25T00:15:00Z,BetRivers,betrivers,2026-09-24T19:58:49Z,Green Bay Packers,Atlanta Falcons,Jordan Love,,,RB,player_rush_yds,Full Game,8.5,Under,-114,betrivers|Jordan Love|player_rush_yds|8.5,0.53271028,0.49898208,https://api.the-odds-api.com/v4/sports/americanfootball_nfl
2026,3,e5fbd3b3953b896b1bf897ddadb3cc4b,2026-09-25T00:15:00Z,BetRivers,betrivers,2026-09-24T19:58:49Z,Green Bay Packers,Atlanta Falcons,Chris Brooks,,,RB,player_rush_yds,Full Game,14.5,Over,-112,betrivers|Chris Brooks|player_rush_yds|14.5,0.52830189,0.49201278,https://api.the-odds-api.com/v4/sports/americanfootball_nfl
2026,3,e5fbd3b3953b896b1bf897ddadb3cc4b,2026-09-25T00:15:00Z,BetRivers,betrivers,2026-09-24T19:58:49Z,Green Bay Packers,Atlanta Falcons,Chris Brooks,,,RB,player_rush_yds,Full Game,14.5,Under,-120,betrivers|Chris Brooks|player_rush_yds|14.5,0.54545455,0.50798722,https://api.the-odds-api.com/v4/sports/americanfootball_nfl
2026,3,e5fbd3b3953b896b1bf897ddadb3cc4b,2026-09-25T00:15:00Z,BetRivers,betrivers,2026-09-24T19:58:49Z,Green Bay Packers,Atlanta Falcons,Michael Penix Jr.,,,RB,player_rush_yds,Full Game,4.5,Over,-122,betrivers|Michael Penix Jr.|player_rush_yds|4.5,0.54954955,0.51307952,https://api.the-odds-api.com/v4/sports/americanfootball_nfl
2026,3,e5fbd3b3953b896b1bf897ddadb3cc4b,2026-09-25T00:15:00Z,BetRivers,betrivers,2026-09-24T19:58:49Z,Green Bay Packers,Atlanta Falcons,Michael Penix Jr.,,,RB,player_rush_yds,Full Game,4.5,Under,-109,betrivers|Michael Penix Jr.|player_rush_yds|4.5,0.5215311,0.48692048,https://api.the-odds-api.com/v4/sports/americanfootball_nfl
2026,3,e5fbd3b3953b896b1bf897ddadb3cc4b,2026-09-25T00:15:00Z,BetRivers,betrivers,2026-09-24T19:58:49Z,Green Bay Packers,Atlanta Falcons,Brian Robinson Jr.,,,RB,player_rush_yds,Full Game,24.5,Over,-114,betrivers|Brian Robinson Jr.|player_rush_yds|24.5,0.53271028,0.4969865,https://api.the-odds-api.com/v4/sports/americanfootball_nfl
2026,3,e5fbd3b3953b896b1bf897ddadb3cc4b,2026-09-25T00:15:00Z,BetRivers,betrivers,2026-09-24T19:58:49Z,Green Bay Packers,Atlanta Falcons,Brian Robinson Jr.,,,RB,player_rush_yds,Full Game,24.5,Under,-117,betrivers|Brian Robinson Jr.|player_rush_yds|24.5,0.53917051,0.5030135,https://api.the-odds-api.com/v4/sports/americanfootball_nfl
2026,3,e5fbd3b3953b896b1bf897ddadb3cc4b,2026-09-25T00:15:00Z,BetRivers,betrivers,2026-09-24T19:58:49Z,Green Bay Packers,Atlanta Falcons,Kaleb Johnson,,,RB,player_rush_yds,Full Game,39.5,Over,-112,betrivers|Kaleb Johnson|player_rush_yds|39.5,0.52830189,0.49201278,https://api.the-odds-api.com/v4/sports/americanfootball_nfl
2026,3,e5fbd3b3953b896b1bf897ddadb3cc4b,2026-09-25T00:15:00Z,BetRivers,betrivers,2026-09-24T19:58:49Z,Green Bay Packers,Atlanta Falcons,Kaleb Johnson,,,RB,player_rush_yds,Full Game,39.5,Under,-120,betrivers|Kaleb Johnson|player_rush_yds|39.5,0.54545455,0.50798722,https://api.the-odds-api.com/v4/sports/americanfootball_nfl
2026,3,e5fbd3b3953b896b1bf897ddadb3cc4b,2026-09-25T00:15:00Z,BetRivers,betrivers,2026-09-24T19:58:49Z,Green Bay Packers,Atlanta Falcons,Bijan Robinson,,,RB,player_rush_yds,Full Game,78.5,Over,-114,betrivers|Bijan Robinson|player_rush_yds|78.5,0.53271028,0.4969865,https://api.the-odds-api.com/v4/sports/americanfootball_nfl
2026,3,e5fbd3b3953b896b1bf897ddadb3cc4b,2026-09-25T00:15:00Z,BetRivers,betrivers,2026-09-24T19:58:49Z,Green Bay Packers,Atlanta Falcons,Bijan Robinson,,,RB,player_rush_yds,Full Game,78.5,Under,-117,betrivers|Bijan Robinson|player_rush_yds|78.5,0.53917051,0.5030135,https://api.the-odds-api.com/v4/sports/americanfootball_nfl
2026,3,e5fbd3b3953b896b1bf897ddadb3cc4b,2026-09-25T00:15:00Z,BetOnline.ag,betonlineag,2026-09-24T19:58:30Z,Green Bay Packers,Atlanta Falcons,MarShawn Lloyd,,,WR,player_reception_yds,Full Game,5.5,Over,-115,betonlineag|MarShawn Lloyd|player_reception_yds|5.5,0.53488372,0.50309533,https://api.the-odds-api.com/v4/sports/americanfootball_nfl
2026,3,e5fbd3b3953b896b1bf897ddadb3cc4b,2026-09-25T00:15:00Z,BetOnline.ag,betonlineag,2026-09-24T19:58:30Z,Green Bay Packers,Atlanta Falcons,MarShawn Lloyd,,,WR,player_reception_yds,Full Game,5.5,Under,-112,betonlineag|MarShawn Lloyd|player_reception_yds|5.5,0.52830189,0.49690467,https://api.the-odds-api.com/v4/sports/americanfootball_nfl
2026,3,e5fbd3b3953b896b1bf897ddadb3cc4b,2026-09-25T00:15:00Z,BetOnline.ag,betonlineag,2026-09-24T19:58:30Z,Green Bay Packers,Atlanta Falcons,Chris Brooks,,,WR,player_reception_yds,Full Game,7.5,Over,-106,betonlineag|Chris Brooks|player_reception_yds|7.5,0.51456311,0.48356074,https://api.the-odds-api.com/v4/sports/americanfootball_nfl
2026,3,e5fbd3b3953b896b1bf897ddadb3cc4b,2026-09-25T00:15:00Z,BetOnline.ag,betonlineag,2026-09-24T19:58:30Z,Green Bay Packers,Atlanta Falcons,Chris Brooks,,,WR,player_reception_yds,Full Game,7.5,Under,-122,betonlineag|Chris Brooks|player_reception_yds|7.5,0.54954955,0.51643926,https://api.the-odds-api.com/v4/sports/americanfootball_nfl
2026,3,e5fbd3b3953b896b1bf897ddadb3cc4b,2026-09-25T00:15:00Z,BetOnline.ag,betonlineag,2026-09-24T19:58:30Z,Green Bay Packers,Atlanta Falcons,Skyy Moore,,,WR,player_reception_yds,Full Game,9.5,Over,-130,betonlineag|Skyy Moore|player_reception_yds|9.5,0.56521739,0.53061224,https://api.the-odds-api.com/v4/sports/americanfootball_nfl
2026,3,e5fbd3b3953b896b1bf897ddadb3cc4b,2026-09-25T00:15:00Z,BetOnline.ag,betonlineag,2026-09-24T19:58:30Z,Green Bay Packers,Atlanta Falcons,Skyy Moore,,,WR,player_reception_yds,Full Game,9.5,Under,100,betonlineag|Skyy Moore|player_reception_yds|9.5,0.5,0.46938776,https://api.the-odds-api.com/v4/sports/americanfootball_nfl
2026,3,e5fbd3b3953b896b1bf897ddadb3cc4b,2026-09-25T00:15:00Z,BetOnline.ag,betonlineag,2026-09-24T19:58:30Z,Green Bay Packers,Atlanta Falcons,Olamide Zaccheaus,,,WR,player_reception_yds,Full Game,10.5,Over,-110,betonlineag|Olamide Zaccheaus|player_reception_yds|10.5,0.52380952,0.49179655,https://api.the-odds-api.com/v4/sports/americanfootball_nfl
2026,3,e5fbd3b3953b896b1bf897ddadb3cc4b,2026-09-25T00:15:00Z,BetOnline.ag,betonlineag,2026-09-24T19:58:30Z,Green Bay Packers,Atlanta Falcons,Olamide Zaccheaus,,,WR,player_reception_yds,Full Game,10.5,Under,-118,betonlineag|Olamide Zaccheaus|player_reception_yds|10.5,0.5412844,0.50820345,https://api.the-odds-api.com/v4/sports/americanfootball_nfl
2026,3,e5fbd3b3953b896b1bf897ddadb3cc4b,2026-09-25T00:15:00Z,BetOnline.ag,betonlineag,2026-09-24T19:58:30Z,Green Bay Packers,Atlanta Falcons,Kyle Pitts,,,WR,player_reception_yds,Full Game,38.5,Over,-118,betonlineag|Kyle Pitts|player_reception_yds|38.5,0.5412844,0.50820345,https://api.the-odds-api.com/v4/sports/americanfootball_nfl
2026,3,e5fbd3b3953b896b1bf897ddadb3cc4b,2026-09-25T00:15:00Z,BetOnline.ag,betonlineag,2026-09-24T19:58:30Z,Green Bay Packers,Atlanta Falcons,Kyle Pitts,,,WR,player_reception_yds,Full Game,38.5,Under,-110,betonlineag|Kyle Pitts|player_reception_yds|38.5,0.52380952,0.49179655,https://api.the-odds-api.com/v4/sports/americanfootball_nfl
2026,3,e5fbd3b3953b896b1bf897ddadb3cc4b,2026-09-25T00:15:00Z,BetOnline.ag,betonlineag,2026-09-24T19:58:30Z,Green Bay Packers,Atlanta Falcons,Bijan Robinson,,,WR,player_reception_yds,Full Game,38.5,Over,-115,betonlineag|Bijan Robinson|player_reception_yds|38.5,0.53488372,0.50309533,https://api.the-odds-api.com/v4/sports/americanfootball_nfl
2026,3,e5fbd3b3953b896b1bf897ddadb3cc4b,2026-09-25T00:15:00Z,BetOnline.ag,betonlineag,2026-09-24T19:58:30Z,Green Bay Packers,Atlanta Falcons,Bijan Robinson,,,WR,player_reception_yds,Full Game,38.5,Under,-112,betonlineag|Bijan Robinson|player_reception_yds|38.5,0.52830189,0.49690467,https://api.the-odds-api.com/v4/sports/americanfootball_nfl
2026,3,e5fbd3b3953b896b1bf897ddadb3cc4b,2026-09-25T00:15:00Z,BetOnline.ag,betonlineag,2026-09-24T19:58:30Z,Green Bay Packers,Atlanta Falcons,Drake London,,,WR,player_reception_yds,Full Game,68.5,Over,-114,betonlineag|Drake London|player_reception_yds|68.5,0.53271028,0.5,https://api.the-odds-api.com/v4/sports/americanfootball_nfl
2026,3,e5fbd3b3953b896b1bf897ddadb3cc4b,2026-09-25T00:15:00Z,BetOnline.ag,betonlineag,2026-09-24T19:58:30Z,Green Bay Packers,Atlanta Falcons,Drake London,,,WR,player_reception_yds,Full Game,68.5,Under,-114,betonlineag|Drake London|player_reception_yds|68.5,0.53271028,0.5,https://api.the-odds-api.com/v4/sports/americanfootball_nfl
2026,3,e5fbd3b3953b896b1bf897ddadb3cc4b,2026-09-25T00:15:00Z,BetOnline.ag,betonlineag,2026-09-24T19:58:30Z,Green Bay Packers,Atlanta Falcons,Jahan Dotson,,,WR,player_reception_yds,Full Game,16.5,Over,-114,betonlineag|Jahan Dotson|player_reception_yds|16.5,0.53271028,0.5,https://api.the-odds-api.com/v4/sports/americanfootball_nfl
2026,3,e5fbd3b3953b896b1bf897ddadb3cc4b,2026-09-25T00:15:00Z,BetOnline.ag,betonlineag,2026-09-24T19:58:30Z,Green Bay Packers,Atlanta Falcons,Jahan Dotson,,,WR,player_reception_yds,Full Game,16.5,Under,-114,betonlineag|Jahan Dotson|player_reception_yds|16.5,0.53271028,0.5,https://api.the-odds-api.com/v4/sports/americanfootball_nfl
2026,3,e5fbd3b3953b896b1bf897ddadb3cc4b,2026-09-25T00:15:00Z,BetOnline.ag,betonlineag,2026-09-24T19:58:30Z,Green Bay Packers,Atlanta Falcons,Jonnu Smith,,,WR,player_reception_yds,Full Game,9.5,Over,-114,betonlineag|Jonnu Smith|player_reception_yds|9.5,0.53271028,0.5,https://api.the-odds-api.com/v4/sports/americanfootball_nfl
2026,3,e5fbd3b3953b896b1bf897ddadb3cc4b,2026-09-25T00:15:00Z,BetOnline.ag,betonlineag,2026-09-24T19:58:30Z,Green Bay Packers,Atlanta Falcons,Jonnu Smith,,,WR,player_reception_yds,Full Game,9.5,Under,-114,betonlineag|Jonnu Smith|player_reception_yds|9.5,0.53271028,0.5,https://api.the-odds-api.com/v4/sports/americanfootball_nfl
2026,3,e5fbd3b3953b896b1bf897ddadb3cc4b,2026-09-25T00:15:00Z,BetOnline.ag,betonlineag,2026-09-24T19:58:30Z,Green Bay Packers,Atlanta Falcons,Matthew Golden,,,WR,player_reception_yds,Full Game,56.5,Over,-114,betonlineag|Matthew Golden|player_reception_yds|56.5,0.53271028,0.5,https://api.the-odds-api.com/v4/sports/americanfootball_nfl
2026,3,e5fbd3b3953b896b1bf897ddadb3cc4b,2026-09-25T00:15:00Z,BetOnline.ag,betonlineag,2026-09-24T19:58:30Z,Green Bay Packers,Atlanta Falcons,Matthew Golden,,,WR,player_reception_yds,Full Game,56.5,Under,-114,betonlineag|Matthew Golden|player_reception_yds|56.5,0.53271028,0.5,https://api.the-odds-api.com/v4/sports/americanfootball_nfl
2026,3,e5fbd3b3953b896b1bf897ddadb3cc4b,2026-09-25T00:15:00Z,BetOnline.ag,betonlineag,2026-09-24T19:58:30Z,Green Bay Packers,Atlanta Falcons,Tucker Kraft,,,WR,player_reception_yds,Full Game,48.5,Over,-114,betonlineag|Tucker Kraft|player_reception_yds|48.5,0.53271028,0.5,https://api.the-odds-api.com/v4/sports/americanfootball_nfl
2026,3,e5fbd3b3953b896b1bf897ddadb3cc4b,2026-09-25T00:15:00Z,BetOnline.ag,betonlineag,2026-09-24T19:58:30Z,Green Bay Packers,Atlanta Falcons,Tucker Kraft,,,WR,player_reception_yds,Full Game,48.5,Under,-114,betonlineag|Tucker Kraft|player_reception_yds|48.5,0.53271028,0.5,https://api.the-odds-api.com/v4/sports/americanfootball_nfl
2026,3,e5fbd3b3953b896b1bf897ddadb3cc4b,2026-09-25T00:15:00Z,BetOnline.ag,betonlineag,2026-09-24T19:58:30Z,Green Bay Packers,Atlanta Falcons,Christian Watson,,,WR,player_reception_yds,Full Game,73.5,Over,-114,betonlineag|Christian Watson|player_reception_yds|73.5,0.53271028,0.5,https://api.the-odds-api.com/v4/sports/americanfootball_nfl
2026,3,e5fbd3b3953b896b1bf897ddadb3cc4b,2026-09-25T00:15:00Z,BetOnline.ag,betonlineag,2026-09-24T19:58:30Z,Green Bay Packers,Atlanta Falcons,Christian Watson,,,WR,player_reception_yds,Full Game,73.5,Under,-114,betonlineag|Christian Watson|player_reception_yds|73.5,0.53271028,0.5,https://api.the-odds-api.com/v4/sports/americanfootball_nfl
2026,3,e5fbd3b3953b896b1bf897ddadb3cc4b,2026-09-25T00:15:00Z,BetOnline.ag,betonlineag,2026-09-24T19:58:30Z,Green Bay Packers,Atlanta Falcons,Brian Robinson Jr.,,,RB,player_rush_yds,Full Game,24.5,Over,-114,betonlineag|Brian Robinson Jr.|player_rush_yds|24.5,0.53271028,0.5,https://api.the-odds-api.com/v4/sports/americanfootball_nfl
2026,3,e5fbd3b3953b896b1bf897ddadb3cc4b,2026-09-25T00:15:00Z,BetOnline.ag,betonlineag,2026-09-24T19:58:30Z,Green Bay Packers,Atlanta Falcons,Brian Robinson Jr.,,,RB,player_rush_yds,Full Game,24.5,Under,-114,betonlineag|Brian Robinson Jr.|player_rush_yds|24.5,0.53271028,0.5,https://api.the-odds-api.com/v4/sports/americanfootball_nfl
2026,3,e5fbd3b3953b896b1bf897ddadb3cc4b,2026-09-25T00:15:00Z,BetOnline.ag,betonlineag,2026-09-24T19:58:30Z,Green Bay Packers,Atlanta Falcons,Bijan Robinson,,,RB,player_rush_yds,Full Game,80.5,Over,-114,betonlineag|Bijan Robinson|player_rush_yds|80.5,0.53271028,0.5,https://api.the-odds-api.com/v4/sports/americanfootball_nfl
2026,3,e5fbd3b3953b896b1bf897ddadb3cc4b,2026-09-25T00:15:00Z,BetOnline.ag,betonlineag,2026-09-24T19:58:30Z,Green Bay Packers,Atlanta Falcons,Bijan Robinson,,,RB,player_rush_yds,Full Game,80.5,Under,-114,betonlineag|Bijan Robinson|player_rush_yds|80.5,0.53271028,0.5,https://api.the-odds-api.com/v4/sports/americanfootball_nfl
2026,3,e5fbd3b3953b896b1bf897ddadb3cc4b,2026-09-25T00:15:00Z,BetOnline.ag,betonlineag,2026-09-24T19:58:30Z,Green Bay Packers,Atlanta Falcons,Michael Penix Jr.,,,RB,player_rush_yds,Full Game,4.5,Over,-108,betonlineag|Michael Penix Jr.|player_rush_yds|4.5,0.51923077,0.48768473,https://api.the-odds-api.com/v4/sports/americanfootball_nfl
2026,3,e5fbd3b3953b896b1bf897ddadb3cc4b,2026-09-25T00:15:00Z,BetOnline.ag,betonlineag,2026-09-24T19:58:30Z,Green Bay Packers,Atlanta Falcons,Michael Penix Jr.,,,RB,player_rush_yds,Full Game,4.5,Under,-120,betonlineag|Michael Penix Jr.|player_rush_yds|4.5,0.54545455,0.51231527,https://api.the-odds-api.com/v4/sports/americanfootball_nfl
2026,3,e5fbd3b3953b896b1bf897ddadb3cc4b,2026-09-25T00:15:00Z,BetOnline.ag,betonlineag,2026-09-24T19:58:30Z,Green Bay Packers,Atlanta Falcons,Jordan Love,,,RB,player_rush_yds,Full Game,7.5,Over,-119,betonlineag|Jordan Love|player_rush_yds|7.5,0.543379,0.5102581,https://api.the-odds-api.com/v4/sports/americanfootball_nfl
2026,3,e5fbd3b3953b896b1bf897ddadb3cc4b,2026-09-25T00:15:00Z,BetOnline.ag,betonlineag,2026-09-24T19:58:30Z,Green Bay Packers,Atlanta Falcons,Jordan Love,,,RB,player_rush_yds,Full Game,7.5,Under,-109,betonlineag|Jordan Love|player_rush_yds|7.5,0.5215311,0.4897419,https://api.the-odds-api.com/v4/sports/americanfootball_nfl
2026,3,e5fbd3b3953b896b1bf897ddadb3cc4b,2026-09-25T00:15:00Z,BetOnline.ag,betonlineag,2026-09-24T19:58:30Z,Green Bay Packers,Atlanta Falcons,Kaleb Johnson,,,RB,player_rush_yds,Full Game,37.5,Over,-118,betonlineag|Kaleb Johnson|player_rush_yds|37.5,0.5412844,0.50820345,https://api.the-odds-api.com/v4/sports/americanfootball_nfl
2026,3,e5fbd3b3953b896b1bf897ddadb3cc4b,2026-09-25T00:15:00Z,BetOnline.ag,betonlineag,2026-09-24T19:58:30Z,Green Bay Packers,Atlanta Falcons,Kaleb Johnson,,,RB,player_rush_yds,Full Game,37.5,Under,-110,betonlineag|Kaleb Johnson|player_rush_yds|37.5,0.52380952,0.49179655,https://api.the-odds-api.com/v4/sports/americanfootball_nfl
2026,3,e5fbd3b3953b896b1bf897ddadb3cc4b,2026-09-25T00:15:00Z,BetOnline.ag,betonlineag,2026-09-24T19:58:30Z,Green Bay Packers,Atlanta Falcons,Chris Brooks,,,RB,player_rush_yds,Full Game,13.5,Over,-114,betonlineag|Chris Brooks|player_rush_yds|13.5,0.53271028,0.5,https://api.the-odds-api.com/v4/sports/americanfootball_nfl
2026,3,e5fbd3b3953b896b1bf897ddadb3cc4b,2026-09-25T00:15:00Z,BetOnline.ag,betonlineag,2026-09-24T19:58:30Z,Green Bay Packers,Atlanta Falcons,Chris Brooks,,,RB,player_rush_yds,Full Game,13.5,Under,-114,betonlineag|Chris Brooks|player_rush_yds|13.5,0.53271028,0.5,https://api.the-odds-api.com/v4/sports/americanfootball_nfl
2026,3,e5fbd3b3953b896b1bf897ddadb3cc4b,2026-09-25T00:15:00Z,BetOnline.ag,betonlineag,2026-09-24T19:58:30Z,Green Bay Packers,Atlanta Falcons,MarShawn Lloyd,,,RB,player_rush_yds,Full Game,24.5,Over,-114,betonlineag|MarShawn Lloyd|player_rush_yds|24.5,0.53271028,0.5,https://api.the-odds-api.com/v4/sports/americanfootball_nfl
2026,3,e5fbd3b3953b896b1bf897ddadb3cc4b,2026-09-25T00:15:00Z,BetOnline.ag,betonlineag,2026-09-24T19:58:30Z,Green Bay Packers,Atlanta Falcons,MarShawn Lloyd,,,RB,player_rush_yds,Full Game,24.5,Under,-114,betonlineag|MarShawn Lloyd|player_rush_yds|24.5,0.53271028,0.5,https://api.the-odds-api.com/v4/sports/americanfootball_nfl
2026,3,e5fbd3b3953b896b1bf897ddadb3cc4b,2026-09-25T00:15:00Z,BetMGM,betmgm,2026-09-24T19:58:20Z,Green Bay Packers,Atlanta Falcons,Chris Brooks,,,WR,player_reception_yds,Full Game,6.5,Over,-110,betmgm|Chris Brooks|player_reception_yds|6.5,0.52380952,0.48987854,https://api.the-odds-api.com/v4/sports/americanfootball_nfl
2026,3,e5fbd3b3953b896b1bf897ddadb3cc4b,2026-09-25T00:15:00Z,BetMGM,betmgm,2026-09-24T19:58:20Z,Green Bay Packers,Atlanta Falcons,Chris Brooks,,,WR,player_reception_yds,Full Game,6.5,Under,-120,betmgm|Chris Brooks|player_reception_yds|6.5,0.54545455,0.51012146,https://api.the-odds-api.com/v4/sports/americanfootball_nfl
2026,3,e5fbd3b3953b896b1bf897ddadb3cc4b,2026-09-25T00:15:00Z,BetMGM,betmgm,2026-09-24T19:58:20Z,Green Bay Packers,Atlanta Falcons,MarShawn Lloyd,,,WR,player_reception_yds,Full Game,5.5,Over,-120,betmgm|MarShawn Lloyd|player_reception_yds|5.5,0.54545455,0.51012146,https://api.the-odds-api.com/v4/sports/americanfootball_nfl
2026,3,e5fbd3b3953b896b1bf897ddadb3cc4b,2026-09-25T00:15:00Z,BetMGM,betmgm,2026-09-24T19:58:20Z,Green Bay Packers,Atlanta Falcons,MarShawn Lloyd,,,WR,player_reception_yds,Full Game,5.5,Under,-110,betmgm|MarShawn Lloyd|player_reception_yds|5.5,0.52380952,0.48987854,https://api.the-odds-api.com/v4/sports/americanfootball_nfl
2026,3,e5fbd3b3953b896b1bf897ddadb3cc4b,2026-09-25T00:15:00Z,BetMGM,betmgm,2026-09-24T19:58:20Z,Green Bay Packers,Atlanta Falcons,Jahan Dotson,,,WR,player_reception_yds,Full Game,18.5,Over,-105,betmgm|Jahan Dotson|player_reception_yds|18.5,0.51219512,0.47969543,https://api.the-odds-api.com/v4/sports/americanfootball_nfl
2026,3,e5fbd3b3953b896b1bf897ddadb3cc4b,2026-09-25T00:15:00Z,BetMGM,betmgm,2026-09-24T19:58:20Z,Green Bay Packers,Atlanta Falcons,Jahan Dotson,,,WR,player_reception_yds,Full Game,18.5,Under,-125,betmgm|Jahan Dotson|player_reception_yds|18.5,0.55555556,0.52030457,https://api.the-odds-api.com/v4/sports/americanfootball_nfl
2026,3,e5fbd3b3953b896b1bf897ddadb3cc4b,2026-09-25T00:15:00Z,BetMGM,betmgm,2026-09-24T19:58:20Z,Green Bay Packers,Atlanta Falcons,Drake London,,,WR,player_reception_yds,Full Game,65.5,Over,-115,betmgm|Drake London|player_reception_yds|65.5,0.53488372,0.5,https://api.the-odds-api.com/v4/sports/americanfootball_nfl
2026,3,e5fbd3b3953b896b1bf897ddadb3cc4b,2026-09-25T00:15:00Z,BetMGM,betmgm,2026-09-24T19:58:20Z,Green Bay Packers,Atlanta Falcons,Drake London,,,WR,player_reception_yds,Full Game,65.5,Under,-115,betmgm|Drake London|player_reception_yds|65.5,0.53488372,0.5,https://api.the-odds-api.com/v4/sports/americanfootball_nfl
2026,3,e5fbd3b3953b896b1bf897ddadb3cc4b,2026-09-25T00:15:00Z,BetMGM,betmgm,2026-09-24T19:58:20Z,Green Bay Packers,Atlanta Falcons,Tucker Kraft,,,WR,player_reception_yds,Full Game,44.5,Over,-150,betmgm|Tucker Kraft|player_reception_yds|44.5,0.6,0.55752212,https://api.the-odds-api.com/v4/sports/americanfootball_nfl
2026,3,e5fbd3b3953b896b1bf897ddadb3cc4b,2026-09-25T00:15:00Z,BetMGM,betmgm,2026-09-24T19:58:20Z,Green Bay Packers,Atlanta Falcons,Tucker Kraft,,,WR,player_reception_yds,Full Game,44.5,Under,110,betmgm|Tucker Kraft|player_reception_yds|44.5,0.47619048,0.44247788,https://api.the-odds-api.com/v4/sports/americanfootball_nfl
2026,3,e5fbd3b3953b896b1bf897ddadb3cc4b,2026-09-25T00:15:00Z,BetMGM,betmgm,2026-09-24T19:58:20Z,Green Bay Packers,Atlanta Falcons,Kyle Pitts,,,WR,player_reception_yds,Full Game,35.5,Over,-115,betmgm|Kyle Pitts|player_reception_yds|35.5,0.53488372,0.5,https://api.the-odds-api.com/v4/sports/americanfootball_nfl
2026,3,e5fbd3b3953b896b1bf897ddadb3cc4b,2026-09-25T00:15:00Z,BetMGM,betmgm,2026-09-24T19:58:20Z,Green Bay Packers,Atlanta Falcons,Kyle Pitts,,,WR,player_reception_yds,Full Game,35.5,Under,-115,betmgm|Kyle Pitts|player_reception_yds|35.5,0.53488372,0.5,https://api.the-odds-api.com/v4/sports/americanfootball_nfl
2026,3,e5fbd3b3953b896b1bf897ddadb3cc4b,2026-09-25T00:15:00Z,BetMGM,betmgm,2026-09-24T19:58:20Z,Green Bay Packers,Atlanta Falcons,Bijan Robinson,,,WR,player_reception_yds,Full Game,38.5,Over,-115,betmgm|Bijan Robinson|player_reception_yds|38.5,0.53488372,0.5,https://api.the-odds-api.com/v4/sports/americanfootball_nfl
2026,3,e5fbd3b3953b896b1bf897ddadb3cc4b,2026-09-25T00:15:00Z,BetMGM,betmgm,2026-09-24T19:58:20Z,Green Bay Packers,Atlanta Falcons,Bijan Robinson,,,WR,player_reception_yds,Full Game,38.5,Under,-115,betmgm|Bijan Robinson|player_reception_yds|38.5,0.53488372,0.5,https://api.the-odds-api.com/v4/sports/americanfootball_nfl
2026,3,e5fbd3b3953b896b1bf897ddadb3cc4b,2026-09-25T00:15:00Z,BetMGM,betmgm,2026-09-24T19:58:20Z,Green Bay Packers,Atlanta Falcons,Matthew Golden,,,WR,player_reception_yds,Full Game,52.5,Over,-135,betmgm|Matthew Golden|player_reception_yds|52.5,0.57446809,0.53465347,https://api.the-odds-api.com/v4/sports/americanfootball_nfl
2026,3,e5fbd3b3953b896b1bf897ddadb3cc4b,2026-09-25T00:15:00Z,BetMGM,betmgm,2026-09-24T19:58:20Z,Green Bay Packers,Atlanta Falcons,Matthew Golden,,,WR,player_reception_yds,Full Game,52.5,Under,100,betmgm|Matthew Golden|player_reception_yds|52.5,0.5,0.46534653,https://api.the-odds-api.com/v4/sports/americanfootball_nfl
2026,3,e5fbd3b3953b896b1bf897ddadb3cc4b,2026-09-25T00:15:00Z,BetMGM,betmgm,2026-09-24T19:58:20Z,Green Bay Packers,Atlanta Falcons,Olamide Zaccheaus,,,WR,player_reception_yds,Full Game,9.5,Over,-118,betmgm|Olamide Zaccheaus|player_reception_yds|9.5,0.5412844,0.50712889,https://api.the-odds-api.com/v4/sports/americanfootball_nfl
2026,3,e5fbd3b3953b896b1bf897ddadb3cc4b,2026-09-25T00:15:00Z,BetMGM,betmgm,2026-09-24T19:58:20Z,Green Bay Packers,Atlanta Falcons,Olamide Zaccheaus,,,WR,player_reception_yds,Full Game,9.5,Under,-111,betmgm|Olamide Zaccheaus|player_reception_yds|9.5,0.52606635,0.49287111,https://api.the-odds-api.com/v4/sports/americanfootball_nfl
2026,3,e5fbd3b3953b896b1bf897ddadb3cc4b,2026-09-25T00:15:00Z,BetMGM,betmgm,2026-09-24T19:58:20Z,Green Bay Packers,Atlanta Falcons,Jonnu Smith,,,WR,player_reception_yds,Full Game,7.5,Over,-125,betmgm|Jonnu Smith|player_reception_yds|7.5,0.55555556,0.52030457,https://api.the-odds-api.com/v4/sports/americanfootball_nfl
2026,3,e5fbd3b3953b896b1bf897ddadb3cc4b,2026-09-25T00:15:00Z,BetMGM,betmgm,2026-09-24T19:58:20Z,Green Bay Packers,Atlanta Falcons,Jonnu Smith,,,WR,player_reception_yds,Full Game,7.5,Under,-105,betmgm|Jonnu Smith|player_reception_yds|7.5,0.51219512,0.47969543,https://api.the-odds-api.com/v4/sports/americanfootball_nfl
2026,3,e5fbd3b3953b896b1bf897ddadb3cc4b,2026-09-25T00:15:00Z,BetMGM,betmgm,2026-09-24T19:58:20Z,Green Bay Packers,Atlanta Falcons,Skyy Moore,,,WR,player_reception_yds,Full Game,10.5,Over,-120,betmgm|Skyy Moore|player_reception_yds|10.5,0.54545455,0.50904705,https://api.the-odds-api.com/v4/sports/americanfootball_nfl
2026,3,e5fbd3b3953b896b1bf897ddadb3cc4b,2026-09-25T00:15:00Z,BetMGM,betmgm,2026-09-24T19:58:20Z,Green Bay Packers,Atlanta Falcons,Skyy Moore,,,WR,player_reception_yds,Full Game,10.5,Under,-111,betmgm|Skyy Moore|player_reception_yds|10.5,0.52606635,0.49095295,https://api.the-odds-api.com/v4/sports/americanfootball_nfl
2026,3,e5fbd3b3953b896b1bf897ddadb3cc4b,2026-09-25T00:15:00Z,BetMGM,betmgm,2026-09-24T19:58:20Z,Green Bay Packers,Atlanta Falcons,Christian Watson,,,WR,player_reception_yds,Full Game,69.5,Over,-115,betmgm|Christian Watson|player_reception_yds|69.5,0.53488372,0.5,https://api.the-odds-api.com/v4/sports/americanfootball_nfl
2026,3,e5fbd3b3953b896b1bf897ddadb3cc4b,2026-09-25T00:15:00Z,BetMGM,betmgm,2026-09-24T19:58:20Z,Green Bay Packers,Atlanta Falcons,Christian Watson,,,WR,player_reception_yds,Full Game,69.5,Under,-115,betmgm|Christian Watson|player_reception_yds|69.5,0.53488372,0.5,https://api.the-odds-api.com/v4/sports/americanfootball_nfl
2026,3,e5fbd3b3953b896b1bf897ddadb3cc4b,2026-09-25T00:15:00Z,BetMGM,betmgm,2026-09-24T19:58:20Z,Green Bay Packers,Atlanta Falcons,Jordan Love,,,RB,player_rush_yds,Full Game,7.5,Over,-120,betmgm|Jordan Love|player_rush_yds|7.5,0.54545455,0.51012146,https://api.the-odds-api.com/v4/sports/americanfootball_nfl
2026,3,e5fbd3b3953b896b1bf897ddadb3cc4b,2026-09-25T00:15:00Z,BetMGM,betmgm,2026-09-24T19:58:20Z,Green Bay Packers,Atlanta Falcons,Jordan Love,,,RB,player_rush_yds,Full Game,7.5,Under,-110,betmgm|Jordan Love|player_rush_yds|7.5,0.52380952,0.48987854,https://api.the-odds-api.com/v4/sports/americanfootball_nfl
2026,3,e5fbd3b3953b896b1bf897ddadb3cc4b,2026-09-25T00:15:00Z,BetMGM,betmgm,2026-09-24T19:58:20Z,Green Bay Packers,Atlanta Falcons,Brian Robinson Jr.,,,RB,player_rush_yds,Full Game,23.5,Over,-115,betmgm|Brian Robinson Jr.|player_rush_yds|23.5,0.53488372,0.5,https://api.the-odds-api.com/v4/sports/americanfootball_nfl
2026,3,e5fbd3b3953b896b1bf897ddadb3cc4b,2026-09-25T00:15:00Z,BetMGM,betmgm,2026-09-24T19:58:20Z,Green Bay Packers,Atlanta Falcons,Brian Robinson Jr.,,,RB,player_rush_yds,Full Game,23.5,Under,-115,betmgm|Brian Robinson Jr.|player_rush_yds|23.5,0.53488372,0.5,https://api.the-odds-api.com/v4/sports/americanfootball_nfl
2026,3,e5fbd3b3953b896b1bf897ddadb3cc4b,2026-09-25T00:15:00Z,BetMGM,betmgm,2026-09-24T19:58:20Z,Green Bay Packers,Atlanta Falcons,Bijan Robinson,,,RB,player_rush_yds,Full Game,78.5,Over,-115,betmgm|Bijan Robinson|player_rush_yds|78.5,0.53488372,0.5,https://api.the-odds-api.com/v4/sports/americanfootball_nfl
2026,3,e5fbd3b3953b896b1bf897ddadb3cc4b,2026-09-25T00:15:00Z,BetMGM,betmgm,2026-09-24T19:58:20Z,Green Bay Packers,Atlanta Falcons,Bijan Robinson,,,RB,player_rush_yds,Full Game,78.5,Under,-115,betmgm|Bijan Robinson|player_rush_yds|78.5,0.53488372,0.5,https://api.the-odds-api.com/v4/sports/americanfootball_nfl
2026,3,e5fbd3b3953b896b1bf897ddadb3cc4b,2026-09-25T00:15:00Z,BetMGM,betmgm,2026-09-24T19:58:20Z,Green Bay Packers,Atlanta Falcons,Kaleb Johnson,,,RB,player_rush_yds,Full Game,37.5,Over,-111,betmgm|Kaleb Johnson|player_rush_yds|37.5,0.52606635,0.49095295,https://api.the-odds-api.com/v4/sports/americanfootball_nfl
2026,3,e5fbd3b3953b896b1bf897ddadb3cc4b,2026-09-25T00:15:00Z,BetMGM,betmgm,2026-09-24T19:58:20Z,Green Bay Packers,Atlanta Falcons,Kaleb Johnson,,,RB,player_rush_yds,Full Game,37.5,Under,-120,betmgm|Kaleb Johnson|player_rush_yds|37.5,0.54545455,0.50904705,https://api.the-odds-api.com/v4/sports/americanfootball_nfl
2026,3,e5fbd3b3953b896b1bf897ddadb3cc4b,2026-09-25T00:15:00Z,BetMGM,betmgm,2026-09-24T19:58:20Z,Green Bay Packers,Atlanta Falcons,Chris Brooks,,,RB,player_rush_yds,Full Game,14.5,Over,-110,betmgm|Chris Brooks|player_rush_yds|14.5,0.52380952,0.48987854,https://api.the-odds-api.com/v4/sports/americanfootball_nfl
2026,3,e5fbd3b3953b896b1bf897ddadb3cc4b,2026-09-25T00:15:00Z,BetMGM,betmgm,2026-09-24T19:58:20Z,Green Bay Packers,Atlanta Falcons,Chris Brooks,,,RB,player_rush_yds,Full Game,14.5,Under,-120,betmgm|Chris Brooks|player_rush_yds|14.5,0.54545455,0.51012146,https://api.the-odds-api.com/v4/sports/americanfootball_nfl
2026,3,e5fbd3b3953b896b1bf897ddadb3cc4b,2026-09-25T00:15:00Z,BetMGM,betmgm,2026-09-24T19:58:20Z,Green Bay Packers,Atlanta Falcons,MarShawn Lloyd,,,RB,player_rush_yds,Full Game,25.5,Over,-115,betmgm|MarShawn Lloyd|player_rush_yds|25.5,0.53488372,0.5,https://api.the-odds-api.com/v4/sports/americanfootball_nfl
2026,3,e5fbd3b3953b896b1bf897ddadb3cc4b,2026-09-25T00:15:00Z,BetMGM,betmgm,2026-09-24T19:58:20Z,Green Bay Packers,Atlanta Falcons,MarShawn Lloyd,,,RB,player_rush_yds,Full Game,25.5,Under,-115,betmgm|MarShawn Lloyd|player_rush_yds|25.5,0.53488372,0.5,https://api.the-odds-api.com/v4/sports/americanfootball_nfl
2026,3,e5fbd3b3953b896b1bf897ddadb3cc4b,2026-09-25T00:15:00Z,Bovada,bovada,2026-09-24T19:57:45Z,Green Bay Packers,Atlanta Falcons,Bijan Robinson,,,WR,player_reception_yds,Full Game,29.5,Over,-190,bovada|Bijan Robinson|player_reception_yds|29.5,0.65517241,0.61614824,https://api.the-odds-api.com/v4/sports/americanfootball_nfl
2026,3,e5fbd3b3953b896b1bf897ddadb3cc4b,2026-09-25T00:15:00Z,Bovada,bovada,2026-09-24T19:57:45Z,Green Bay Packers,Atlanta Falcons,Bijan Robinson,,,WR,player_reception_yds,Full Game,29.5,Under,145,bovada|Bijan Robinson|player_reception_yds|29.5,0.40816327,0.38385176,https://api.the-odds-api.com/v4/sports/americanfootball_nfl
2026,3,e5fbd3b3953b896b1bf897ddadb3cc4b,2026-09-25T00:15:00Z,Bovada,bovada,2026-09-24T19:57:45Z,Green Bay Packers,Atlanta Falcons,Bijan Robinson,,,WR,player_reception_yds,Full Game,34.5,Over,-135,bovada|Bijan Robinson|player_reception_yds|34.5,0.57446809,0.5407914,https://api.the-odds-api.com/v4/sports/americanfootball_nfl
2026,3,e5fbd3b3953b896b1bf897ddadb3cc4b,2026-09-25T00:15:00Z,Bovada,bovada,2026-09-24T19:57:45Z,Green Bay Packers,Atlanta Falcons,Bijan Robinson,,,WR,player_reception_yds,Full Game,34.5,Under,105,bovada|Bijan Robinson|player_reception_yds|34.5,0.48780488,0.4592086,https://api.the-odds-api.com/v4/sports/americanfootball_nfl
2026,3,e5fbd3b3953b896b1bf897ddadb3cc4b,2026-09-25T00:15:00Z,Bovada,bovada,2026-09-24T19:57:45Z,Green Bay Packers,Atlanta Falcons,Bijan Robinson,,,WR,player_reception_yds,Full Game,39.5,Over,-105,bovada|Bijan Robinson|player_reception_yds|39.5,0.51219512,0.47969543,https://api.the-odds-api.com/v4/sports/americanfootball_nfl
2026,3,e5fbd3b3953b896b1bf897ddadb3cc4b,2026-09-25T00:15:00Z,Bovada,bovada,2026-09-24T19:57:45Z,Green Bay Packers,Atlanta Falcons,Bijan Robinson,,,WR,player_reception_yds,Full Game,39.5,Under,-125,bovada|Bijan Robinson|player_reception_yds|39.5,0.55555556,0.52030457,https://api.the-odds-api.com/v4/sports/americanfootball_nfl
2026,3,e5fbd3b3953b896b1bf897ddadb3cc4b,2026-09-25T00:15:00Z,Bovada,bovada,2026-09-24T19:57:45Z,Green Bay Packers,Atlanta Falcons,Bijan Robinson,,,WR,player_reception_yds,Full Game,44.5,Over,125,bovada|Bijan Robinson|player_reception_yds|44.5,0.44444444,0.41650294,https://api.the-odds-api.com/v4/sports/americanfootball_nfl
2026,3,e5fbd3b3953b896b1bf897ddadb3cc4b,2026-09-25T00:15:00Z,Bovada,bovada,2026-09-24T19:57:45Z,Green Bay Packers,Atlanta Falcons,Bijan Robinson,,,WR,player_reception_yds,Full Game,44.5,Under,-165,bovada|Bijan Robinson|player_reception_yds|44.5,0.62264151,0.58349706,https://api.the-odds-api.com/v4/sports/americanfootball_nfl
2026,3,e5fbd3b3953b896b1bf897ddadb3cc4b,2026-09-25T00:15:00Z,Bovada,bovada,2026-09-24T19:57:45Z,Green Bay Packers,Atlanta Falcons,Bijan Robinson,,,WR,player_reception_yds,Full Game,49.5,Over,160,bovada|Bijan Robinson|player_reception_yds|49.5,0.38461538,0.3604119,https://api.the-odds-api.com/v4/sports/americanfootball_nfl
2026,3,e5fbd3b3953b896b1bf897ddadb3cc4b,2026-09-25T00:15:00Z,Bovada,bovada,2026-09-24T19:57:45Z,Green Bay Packers,Atlanta Falcons,Bijan Robinson,,,WR,player_reception_yds,Full Game,49.5,Under,-215,bovada|Bijan Robinson|player_reception_yds|49.5,0.68253968,0.6395881,https://api.the-odds-api.com/v4/sports/americanfootball_nfl
2026,3,e5fbd3b3953b896b1bf897ddadb3cc4b,2026-09-25T00:15:00Z,Bovada,bovada,2026-09-24T19:57:45Z,Green Bay Packers,Atlanta Falcons,Chris Brooks,,,WR,player_reception_yds,Full Game,7.5,Over,-105,bovada|Chris Brooks|player_reception_yds|7.5,0.51219512,0.47969543,https://api.the-odds-api.com/v4/sports/americanfootball_nfl
2026,3,e5fbd3b3953b896b1bf897ddadb3cc4b,2026-09-25T00:15:00Z,Bovada,bovada,2026-09-24T19:57:45Z,Green Bay Packers,Atlanta Falcons,Chris Brooks,,,WR,player_reception_yds,Full Game,7.5,Under,-125,bovada|Chris Brooks|player_reception_yds|7.5,0.55555556,0.52030457,https://api.the-odds-api.com/v4/sports/americanfootball_nfl
2026,3,e5fbd3b3953b896b1bf897ddadb3cc4b,2026-09-25T00:15:00Z,Bovada,bovada,2026-09-24T19:57:45Z,Green Bay Packers,Atlanta Falcons,Christian Watson,,,WR,player_reception_yds,Full Game,62.5,Over,-180,bovada|Christian Watson|player_reception_yds|62.5,0.64285714,0.60170697,https://api.the-odds-api.com/v4/sports/americanfootball_nfl
2026,3,e5fbd3b3953b896b1bf897ddadb3cc4b,2026-09-25T00:15:00Z,Bovada,bovada,2026-09-24T19:57:45Z,Green Bay Packers,Atlanta Falcons,Christian Watson,,,WR,player_reception_yds,Full Game,62.5,Under,135,bovada|Christian Watson|player_reception_yds|62.5,0.42553191,0.39829303,https://api.the-odds-api.com/v4/sports/americanfootball_nfl
2026,3,e5fbd3b3953b896b1bf897ddadb3cc4b,2026-09-25T00:15:00Z,Bovada,bovada,2026-09-24T19:57:45Z,Green Bay Packers,Atlanta Falcons,Christian Watson,,,WR,player_reception_yds,Full Game,67.5,Over,-145,bovada|Christian Watson|player_reception_yds|67.5,0.59183673,0.55414012,https://api.the-odds-api.com/v4/sports/americanfootball_nfl
2026,3,e5fbd3b3953b896b1bf897ddadb3cc4b,2026-09-25T00:15:00Z,Bovada,bovada,2026-09-24T19:57:45Z,Green Bay Packers,Atlanta Falcons,Christian Watson,,,WR,player_reception_yds,Full Game,67.5,Under,110,bovada|Christian Watson|player_reception_yds|67.5,0.47619048,0.44585988,https://api.the-odds-api.com/v4/sports/americanfootball_nfl
2026,3,e5fbd3b3953b896b1bf897ddadb3cc4b,2026-09-25T00:15:00Z,Bovada,bovada,2026-09-24T19:57:45Z,Green Bay Packers,Atlanta Falcons,Christian Watson,,,WR,player_reception_yds,Full Game,72.5,Over,-115,bovada|Christian Watson|player_reception_yds|72.5,0.53488372,0.5,https://api.the-odds-api.com/v4/sports/americanfootball_nfl
2026,3,e5fbd3b3953b896b1bf897ddadb3cc4b,2026-09-25T00:15:00Z,Bovada,bovada,2026-09-24T19:57:45Z,Green Bay Packers,Atlanta Falcons,Christian Watson,,,WR,player_reception_yds,Full Game,72.5,Under,-115,bovada|Christian Watson|player_reception_yds|72.5,0.53488372,0.5,https://api.the-odds-api.com/v4/sports/americanfootball_nfl
2026,3,e5fbd3b3953b896b1bf897ddadb3cc4b,2026-09-25T00:15:00Z,Bovada,bovada,2026-09-24T19:57:45Z,Green Bay Packers,Atlanta Falcons,Christian Watson,,,WR,player_reception_yds,Full Game,77.5,Over,105,bovada|Christian Watson|player_reception_yds|77.5,0.48780488,0.4592086,https://api.the-odds-api.com/v4/sports/americanfootball_nfl
2026,3,e5fbd3b3953b896b1bf897ddadb3cc4b,2026-09-25T00:15:00Z,Bovada,bovada,2026-09-24T19:57:45Z,Green Bay Packers,Atlanta Falcons,Christian Watson,,,WR,player_reception_yds,Full Game,77.5,Under,-135,bovada|Christian Watson|player_reception_yds|77.5,0.57446809,0.5407914,https://api.the-odds-api.com/v4/sports/americanfootball_nfl
2026,3,e5fbd3b3953b896b1bf897ddadb3cc4b,2026-09-25T00:15:00Z,Bovada,bovada,2026-09-24T19:57:45Z,Green Bay Packers,Atlanta Falcons,Christian Watson,,,WR,player_reception_yds,Full Game,82.5,Over,130,bovada|Christian Watson|player_reception_yds|82.5,0.43478261,0.40847201,https://api.the-odds-api.com/v4/sports/americanfootball_nfl
2026,3,e5fbd3b3953b896b1bf897ddadb3cc4b,2026-09-25T00:15:00Z,Bovada,bovada,2026-09-24T19:57:45Z,Green Bay Packers,Atlanta Falcons,Christian Watson,,,WR,player_reception_yds,Full Game,82.5,Under,-170,bovada|Christian Watson|player_reception_yds|82.5,0.62962963,0.59152799,https://api.the-odds-api.com/v4/sports/americanfootball_nfl
2026,3,e5fbd3b3953b896b1bf897ddadb3cc4b,2026-09-25T00:15:00Z,Bovada,bovada,2026-09-24T19:57:45Z,Green Bay Packers,Atlanta Falcons,Drake London,,,WR,player_reception_yds,Full Game,57.5,Over,-180,bovada|Drake London|player_reception_yds|57.5,0.64285714,0.60170697,https://api.the-odds-api.com/v4/sports/americanfootball_nfl
2026,3,e5fbd3b3953b896b1bf897ddadb3cc4b,2026-09-25T00:15:00Z,Bovada,bovada,2026-09-24T19:57:45Z,Green Bay Packers,Atlanta Falcons,Drake London,,,WR,player_reception_yds,Full Game,57.5,Under,135,bovada|Drake London|player_reception_yds|57.5,0.42553191,0.39829303,https://api.the-odds-api.com/v4/sports/americanfootball_nfl
2026,3,e5fbd3b3953b896b1bf897ddadb3cc4b,2026-09-25T00:15:00Z,Bovada,bovada,2026-09-24T19:57:45Z,Green Bay Packers,Atlanta Falcons,Drake London,,,WR,player_reception_yds,Full Game,62.5,Over,-145,bovada|Drake London|player_reception_yds|62.5,0.59183673,0.55414012,https://api.the-odds-api.com/v4/sports/americanfootball_nfl
2026,3,e5fbd3b3953b896b1bf897ddadb3cc4b,2026-09-25T00:15:00Z,Bovada,bovada,2026-09-24T19:57:45Z,Green Bay Packers,Atlanta Falcons,Drake London,,,WR,player_reception_yds,Full Game,62.5,Under,110,bovada|Drake London|player_reception_yds|62.5,0.47619048,0.44585988,https://api.the-odds-api.com/v4/sports/americanfootball_nfl
2026,3,e5fbd3b3953b896b1bf897ddadb3cc4b,2026-09-25T00:15:00Z,Bovada,bovada,2026-09-24T19:57:45Z,Green Bay Packers,Atlanta Falcons,Drake London,,,WR,player_reception_yds,Full Game,67.5,Over,-115,bovada|Drake London|player_reception_yds|67.5,0.53488372,0.5,https://api.the-odds-api.com/v4/sports/americanfootball_nfl
2026,3,e5fbd3b3953b896b1bf897ddadb3cc4b,2026-09-25T00:15:00Z,Bovada,bovada,2026-09-24T19:57:45Z,Green Bay Packers,Atlanta Falcons,Drake London,,,WR,player_reception_yds,Full Game,67.5,Under,-115,bovada|Drake London|player_reception_yds|67.5,0.53488372,0.5,https://api.the-odds-api.com/v4/sports/americanfootball_nfl
2026,3,e5fbd3b3953b896b1bf897ddadb3cc4b,2026-09-25T00:15:00Z,Bovada,bovada,2026-09-24T19:57:45Z,Green Bay Packers,Atlanta Falcons,Drake London,,,WR,player_reception_yds,Full Game,72.5,Over,110,bovada|Drake London|player_reception_yds|72.5,0.47619048,0.44585988,https://api.the-odds-api.com/v4/sports/americanfootball_nfl
2026,3,e5fbd3b3953b896b1bf897ddadb3cc4b,2026-09-25T00:15:00Z,Bovada,bovada,2026-09-24T19:57:45Z,Green Bay Packers,Atlanta Falcons,Drake London,,,WR,player_reception_yds,Full Game,72.5,Under,-145,bovada|Drake London|player_reception_yds|72.5,0.59183673,0.55414012,https://api.the-odds-api.com/v4/sports/americanfootball_nfl
2026,3,e5fbd3b3953b896b1bf897ddadb3cc4b,2026-09-25T00:15:00Z,Bovada,bovada,2026-09-24T19:57:45Z,Green Bay Packers,Atlanta Falcons,Drake London,,,WR,player_reception_yds,Full Game,77.5,Over,130,bovada|Drake London|player_reception_yds|77.5,0.43478261,0.40847201,https://api.the-odds-api.com/v4/sports/americanfootball_nfl
2026,3,e5fbd3b3953b896b1bf897ddadb3cc4b,2026-09-25T00:15:00Z,Bovada,bovada,2026-09-24T19:57:45Z,Green Bay Packers,Atlanta Falcons,Drake London,,,WR,player_reception_yds,Full Game,77.5,Under,-170,bovada|Drake London|player_reception_yds|77.5,0.62962963,0.59152799,https://api.the-odds-api.com/v4/sports/americanfootball_nfl
2026,3,e5fbd3b3953b896b1bf897ddadb3cc4b,2026-09-25T00:15:00Z,Bovada,bovada,2026-09-24T19:57:45Z,Green Bay Packers,Atlanta Falcons,Jahan Dotson,,,WR,player_reception_yds,Full Game,16.5,Over,-115,bovada|Jahan Dotson|player_reception_yds|16.5,0.53488372,0.5,https://api.the-odds-api.com/v4/sports/americanfootball_nfl
2026,3,e5fbd3b3953b896b1bf897ddadb3cc4b,2026-09-25T00:15:00Z,Bovada,bovada,2026-09-24T19:57:45Z,Green Bay Packers,Atlanta Falcons,Jahan Dotson,,,WR,player_reception_yds,Full Game,16.5,Under,-115,bovada|Jahan Dotson|player_reception_yds|16.5,0.53488372,0.5,https://api.the-odds-api.com/v4/sports/americanfootball_nfl
2026,3,e5fbd3b3953b896b1bf897ddadb3cc4b,2026-09-25T00:15:00Z,Bovada,bovada,2026-09-24T19:57:45Z,Green Bay Packers,Atlanta Falcons,Jonnu Smith,,,WR,player_reception_yds,Full Game,8.5,Over,-130,bovada|Jonnu Smith|player_reception_yds|8.5,0.56521739,0.53061224,https://api.the-odds-api.com/v4/sports/americanfootball_nfl
2026,3,e5fbd3b3953b896b1bf897ddadb3cc4b,2026-09-25T00:15:00Z,Bovada,bovada,2026-09-24T19:57:45Z,Green Bay Packers,Atlanta Falcons,Jonnu Smith,,,WR,player_reception_yds,Full Game,8.5,Under,100,bovada|Jonnu Smith|player_reception_yds|8.5,0.5,0.46938776,https://api.the-odds-api.com/v4/sports/americanfootball_nfl
2026,3,e5fbd3b3953b896b1bf897ddadb3cc4b,2026-09-25T00:15:00Z,Bovada,bovada,2026-09-24T19:57:45Z,Green Bay Packers,Atlanta Falcons,Kyle Pitts,,,WR,player_reception_yds,Full Game,26.5,Over,-230,bovada|Kyle Pitts|player_reception_yds|26.5,0.6969697,0.65299685,https://api.the-odds-api.com/v4/sports/americanfootball_nfl
2026,3,e5fbd3b3953b896b1bf897ddadb3cc4b,2026-09-25T00:15:00Z,Bovada,bovada,2026-09-24T19:57:45Z,Green Bay Packers,Atlanta Falcons,Kyle Pitts,,,WR,player_reception_yds,Full Game,26.5,Under,170,bovada|Kyle Pitts|player_reception_yds|26.5,0.37037037,0.34700315,https://api.the-odds-api.com/v4/sports/americanfootball_nfl
2026,3,e5fbd3b3953b896b1bf897ddadb3cc4b,2026-09-25T00:15:00Z,Bovada,bovada,2026-09-24T19:57:45Z,Green Bay Packers,Atlanta Falcons,Kyle Pitts,,,WR,player_reception_yds,Full Game,31.5,Over,-165,bovada|Kyle Pitts|player_reception_yds|31.5,0.62264151,0.58349706,https://api.the-odds-api.com/v4/sports/americanfootball_nfl
2026,3,e5fbd3b3953b896b1bf897ddadb3cc4b,2026-09-25T00:15:00Z,Bovada,bovada,2026-09-24T19:57:45Z,Green Bay Packers,Atlanta Falcons,Kyle Pitts,,,WR,player_reception_yds,Full Game,31.5,Under,125,bovada|Kyle Pitts|player_reception_yds|31.5,0.44444444,0.41650294,https://api.the-odds-api.com/v4/sports/americanfootball_nfl
2026,3,e5fbd3b3953b896b1bf897ddadb3cc4b,2026-09-25T00:15:00Z,Bovada,bovada,2026-09-24T19:57:45Z,Green Bay Packers,Atlanta Falcons,Kyle Pitts,,,WR,player_reception_yds,Full Game,36.5,Over,-120,bovada|Kyle Pitts|player_reception_yds|36.5,0.54545455,0.51012146,https://api.the-odds-api.com/v4/sports/americanfootball_nfl
2026,3,e5fbd3b3953b896b1bf897ddadb3cc4b,2026-09-25T00:15:00Z,Bovada,bovada,2026-09-24T19:57:45Z,Green Bay Packers,Atlanta Falcons,Kyle Pitts,,,WR,player_reception_yds,Full Game,36.5,Under,-110,bovada|Kyle Pitts|player_reception_yds|36.5,0.52380952,0.48987854,https://api.the-odds-api.com/v4/sports/americanfootball_nfl
2026,3,e5fbd3b3953b896b1bf897ddadb3cc4b,2026-09-25T00:15:00Z,Bovada,bovada,2026-09-24T19:57:45Z,Green Bay Packers,Atlanta Falcons,Kyle Pitts,,,WR,player_reception_yds,Full Game,41.5,Over,110,bovada|Kyle Pitts|player_reception_yds|41.5,0.47619048,0.44585988,https://api.the-odds-api.com/v4/sports/americanfootball_nfl
2026,3,e5fbd3b3953b896b1bf897ddadb3cc4b,2026-09-25T00:15:00Z,Bovada,bovada,2026-09-24T19:57:45Z,Green Bay Packers,Atlanta Falcons,Kyle Pitts,,,WR,player_reception_yds,Full Game,41.5,Under,-145,bovada|Kyle Pitts|player_reception_yds|41.5,0.59183673,0.55414012,https://api.the-odds-api.com/v4/sports/americanfootball_nfl
2026,3,e5fbd3b3953b896b1bf897ddadb3cc4b,2026-09-25T00:15:00Z,Bovada,bovada,2026-09-24T19:57:45Z,Green Bay Packers,Atlanta Falcons,Kyle Pitts,,,WR,player_reception_yds,Full Game,46.5,Over,145,bovada|Kyle Pitts|player_reception_yds|46.5,0.40816327,0.38385176,https://api.the-odds-api.com/v4/sports/americanfootball_nfl
2026,3,e5fbd3b3953b896b1bf897ddadb3cc4b,2026-09-25T00:15:00Z,Bovada,bovada,2026-09-24T19:57:45Z,Green Bay Packers,Atlanta Falcons,Kyle Pitts,,,WR,player_reception_yds,Full Game,46.5,Under,-190,bovada|Kyle Pitts|player_reception_yds|46.5,0.65517241,0.61614824,https://api.the-odds-api.com/v4/sports/americanfootball_nfl
2026,3,e5fbd3b3953b896b1bf897ddadb3cc4b,2026-09-25T00:15:00Z,Bovada,bovada,2026-09-24T19:57:45Z,Green Bay Packers,Atlanta Falcons,MarShawn Lloyd,,,WR,player_reception_yds,Full Game,5.5,Over,-110,bovada|MarShawn Lloyd|player_reception_yds|5.5,0.52380952,0.48987854,https://api.the-odds-api.com/v4/sports/americanfootball_nfl
2026,3,e5fbd3b3953b896b1bf897ddadb3cc4b,2026-09-25T00:15:00Z,Bovada,bovada,2026-09-24T19:57:45Z,Green Bay Packers,Atlanta Falcons,MarShawn Lloyd,,,WR,player_reception_yds,Full Game,5.5,Under,-120,bovada|MarShawn Lloyd|player_reception_yds|5.5,0.54545455,0.51012146,https://api.the-odds-api.com/v4/sports/americanfootball_nfl
2026,3,e5fbd3b3953b896b1bf897ddadb3cc4b,2026-09-25T00:15:00Z,Bovada,bovada,2026-09-24T19:57:45Z,Green Bay Packers,Atlanta Falcons,Matthew Golden,,,WR,player_reception_yds,Full Game,44.5,Over,-210,bovada|Matthew Golden|player_reception_yds|44.5,0.67741935,0.63335305,https://api.the-odds-api.com/v4/sports/americanfootball_nfl
2026,3,e5fbd3b3953b896b1bf897ddadb3cc4b,2026-09-25T00:15:00Z,Bovada,bovada,2026-09-24T19:57:45Z,Green Bay Packers,Atlanta Falcons,Matthew Golden,,,WR,player_reception_yds,Full Game,44.5,Under,155,bovada|Matthew Golden|player_reception_yds|44.5,0.39215686,0.36664695,https://api.the-odds-api.com/v4/sports/americanfootball_nfl
2026,3,e5fbd3b3953b896b1bf897ddadb3cc4b,2026-09-25T00:15:00Z,Bovada,bovada,2026-09-24T19:57:45Z,Green Bay Packers,Atlanta Falcons,Matthew Golden,,,WR,player_reception_yds,Full Game,49.5,Over,-160,bovada|Matthew Golden|player_reception_yds|49.5,0.61538462,0.5751634,https://api.the-odds-api.com/v4/sports/americanfootball_nfl
2026,3,e5fbd3b3953b896b1bf897ddadb3cc4b,2026-09-25T00:15:00Z,Bovada,bovada,2026-09-24T19:57:45Z,Green Bay Packers,Atlanta Falcons,Matthew Golden,,,WR,player_reception_yds,Full Game,49.5,Under,120,bovada|Matthew Golden|player_reception_yds|49.5,0.45454545,0.4248366,https://api.the-odds-api.com/v4/sports/americanfootball_nfl
2026,3,e5fbd3b3953b896b1bf897ddadb3cc4b,2026-09-25T00:15:00Z,Bovada,bovada,2026-09-24T19:57:45Z,Green Bay Packers,Atlanta Falcons,Matthew Golden,,,WR,player_reception_yds,Full Game,54.5,Over,-125,bovada|Matthew Golden|player_reception_yds|54.5,0.55555556,0.52030457,https://api.the-odds-api.com/v4/sports/americanfootball_nfl
2026,3,e5fbd3b3953b896b1bf897ddadb3cc4b,2026-09-25T00:15:00Z,Bovada,bovada,2026-09-24T19:57:45Z,Green Bay Packers,Atlanta Falcons,Matthew Golden,,,WR,player_reception_yds,Full Game,54.5,Under,-105,bovada|Matthew Golden|player_reception_yds|54.5,0.51219512,0.47969543,https://api.the-odds-api.com/v4/sports/americanfootball_nfl
2026,3,e5fbd3b3953b896b1bf897ddadb3cc4b,2026-09-25T00:15:00Z,Bovada,bovada,2026-09-24T19:57:45Z,Green Bay Packers,Atlanta Falcons,Matthew Golden,,,WR,player_reception_yds,Full Game,59.5,Over,100,bovada|Matthew Golden|player_reception_yds|59.5,0.5,0.46938776,https://api.the-odds-api.com/v4/sports/americanfootball_nfl
2026,3,e5fbd3b3953b896b1bf897ddadb3cc4b,2026-09-25T00:15:00Z,Bovada,bovada,2026-09-24T19:57:45Z,Green Bay Packers,Atlanta Falcons,Matthew Golden,,,WR,player_reception_yds,Full Game,59.5,Under,-130,bovada|Matthew Golden|player_reception_yds|59.5,0.56521739,0.53061224,https://api.the-odds-api.com/v4/sports/americanfootball_nfl
2026,3,e5fbd3b3953b896b1bf897ddadb3cc4b,2026-09-25T00:15:00Z,Bovada,bovada,2026-09-24T19:57:45Z,Green Bay Packers,Atlanta Falcons,Matthew Golden,,,WR,player_reception_yds,Full Game,64.5,Over,125,bovada|Matthew Golden|player_reception_yds|64.5,0.44444444,0.41650294,https://api.the-odds-api.com/v4/sports/americanfootball_nfl
2026,3,e5fbd3b3953b896b1bf897ddadb3cc4b,2026-09-25T00:15:00Z,Bovada,bovada,2026-09-24T19:57:45Z,Green Bay Packers,Atlanta Falcons,Matthew Golden,,,WR,player_reception_yds,Full Game,64.5,Under,-165,bovada|Matthew Golden|player_reception_yds|64.5,0.62264151,0.58349706,https://api.the-odds-api.com/v4/sports/americanfootball_nfl
2026,3,e5fbd3b3953b896b1bf897ddadb3cc4b,2026-09-25T00:15:00Z,Bovada,bovada,2026-09-24T19:57:45Z,Green Bay Packers,Atlanta Falcons,Olamide Zaccheaus,,,WR,player_reception_yds,Full Game,10.5,Over,-110,bovada|Olamide Zaccheaus|player_reception_yds|10.5,0.52380952,0.48987854,https://api.the-odds-api.com/v4/sports/americanfootball_nfl
2026,3,e5fbd3b3953b896b1bf897ddadb3cc4b,2026-09-25T00:15:00Z,Bovada,bovada,2026-09-24T19:57:45Z,Green Bay Packers,Atlanta Falcons,Olamide Zaccheaus,,,WR,player_reception_yds,Full Game,10.5,Under,-120,bovada|Olamide Zaccheaus|player_reception_yds|10.5,0.54545455,0.51012146,https://api.the-odds-api.com/v4/sports/americanfootball_nfl
2026,3,e5fbd3b3953b896b1bf897ddadb3cc4b,2026-09-25T00:15:00Z,Bovada,bovada,2026-09-24T19:57:45Z,Green Bay Packers,Atlanta Falcons,Skyy Moore,,,WR,player_reception_yds,Full Game,11.5,Over,-110,bovada|Skyy Moore|player_reception_yds|11.5,0.52380952,0.48987854,https://api.the-odds-api.com/v4/sports/americanfootball_nfl
2026,3,e5fbd3b3953b896b1bf897ddadb3cc4b,2026-09-25T00:15:00Z,Bovada,bovada,2026-09-24T19:57:45Z,Green Bay Packers,Atlanta Falcons,Skyy Moore,,,WR,player_reception_yds,Full Game,11.5,Under,-120,bovada|Skyy Moore|player_reception_yds|11.5,0.54545455,0.51012146,https://api.the-odds-api.com/v4/sports/americanfootball_nfl
2026,3,e5fbd3b3953b896b1bf897ddadb3cc4b,2026-09-25T00:15:00Z,Bovada,bovada,2026-09-24T19:57:45Z,Green Bay Packers,Atlanta Falcons,Tucker Kraft,,,WR,player_reception_yds,Full Game,36.5,Over,-220,bovada|Tucker Kraft|player_reception_yds|36.5,0.6875,0.64562569,https://api.the-odds-api.com/v4/sports/americanfootball_nfl
2026,3,e5fbd3b3953b896b1bf897ddadb3cc4b,2026-09-25T00:15:00Z,Bovada,bovada,2026-09-24T19:57:45Z,Green Bay Packers,Atlanta Falcons,Tucker Kraft,,,WR,player_reception_yds,Full Game,36.5,Under,165,bovada|Tucker Kraft|player_reception_yds|36.5,0.37735849,0.35437431,https://api.the-odds-api.com/v4/sports/americanfootball_nfl
2026,3,e5fbd3b3953b896b1bf897ddadb3cc4b,2026-09-25T00:15:00Z,Bovada,bovada,2026-09-24T19:57:45Z,Green Bay Packers,Atlanta Falcons,Tucker Kraft,,,WR,player_reception_yds,Full Game,41.5,Over,-165,bovada|Tucker Kraft|player_reception_yds|41.5,0.62264151,0.58349706,https://api.the-odds-api.com/v4/sports/americanfootball_nfl
2026,3,e5fbd3b3953b896b1bf897ddadb3cc4b,2026-09-25T00:15:00Z,Bovada,bovada,2026-09-24T19:57:45Z,Green Bay Packers,Atlanta Falcons,Tucker Kraft,,,WR,player_reception_yds,Full Game,41.5,Under,125,bovada|Tucker Kraft|player_reception_yds|41.5,0.44444444,0.41650294,https://api.the-odds-api.com/v4/sports/americanfootball_nfl
2026,3,e5fbd3b3953b896b1bf897ddadb3cc4b,2026-09-25T00:15:00Z,Bovada,bovada,2026-09-24T19:57:45Z,Green Bay Packers,Atlanta Falcons,Tucker Kraft,,,WR,player_reception_yds,Full Game,46.5,Over,-125,bovada|Tucker Kraft|player_reception_yds|46.5,0.55555556,0.52030457,https://api.the-odds-api.com/v4/sports/americanfootball_nfl
2026,3,e5fbd3b3953b896b1bf897ddadb3cc4b,2026-09-25T00:15:00Z,Bovada,bovada,2026-09-24T19:57:45Z,Green Bay Packers,Atlanta Falcons,Tucker Kraft,,,WR,player_reception_yds,Full Game,46.5,Under,-105,bovada|Tucker Kraft|player_reception_yds|46.5,0.51219512,0.47969543,https://api.the-odds-api.com/v4/sports/americanfootball_nfl
2026,3,e5fbd3b3953b896b1bf897ddadb3cc4b,2026-09-25T00:15:00Z,Bovada,bovada,2026-09-24T19:57:45Z,Green Bay Packers,Atlanta Falcons,Tucker Kraft,,,WR,player_reception_yds,Full Game,51.5,Over,105,bovada|Tucker Kraft|player_reception_yds|51.5,0.48780488,0.4592086,https://api.the-odds-api.com/v4/sports/americanfootball_nfl
2026,3,e5fbd3b3953b896b1bf897ddadb3cc4b,2026-09-25T00:15:00Z,Bovada,bovada,2026-09-24T19:57:45Z,Green Bay Packers,Atlanta Falcons,Tucker Kraft,,,WR,player_reception_yds,Full Game,51.5,Under,-135,bovada|Tucker Kraft|player_reception_yds|51.5,0.57446809,0.5407914,https://api.the-odds-api.com/v4/sports/americanfootball_nfl
2026,3,e5fbd3b3953b896b1bf897ddadb3cc4b,2026-09-25T00:15:00Z,Bovada,bovada,2026-09-24T19:57:45Z,Green Bay Packers,Atlanta Falcons,Tucker Kraft,,,WR,player_reception_yds,Full Game,56.5,Over,130,bovada|Tucker Kraft|player_reception_yds|56.5,0.43478261,0.40847201,https://api.the-odds-api.com/v4/sports/americanfootball_nfl
2026,3,e5fbd3b3953b896b1bf897ddadb3cc4b,2026-09-25T00:15:00Z,Bovada,bovada,2026-09-24T19:57:45Z,Green Bay Packers,Atlanta Falcons,Tucker Kraft,,,WR,player_reception_yds,Full Game,56.5,Under,-170,bovada|Tucker Kraft|player_reception_yds|56.5,0.62962963,0.59152799,https://api.the-odds-api.com/v4/sports/americanfootball_nfl
2026,3,e5fbd3b3953b896b1bf897ddadb3cc4b,2026-09-25T00:15:00Z,Bovada,bovada,2026-09-24T19:57:45Z,Green Bay Packers,Atlanta Falcons,Bijan Robinson,,,RB,player_rush_yds,Full Game,58.5,Over,-390,bovada|Bijan Robinson|player_rush_yds|58.5,0.79591837,0.74650802,https://api.the-odds-api.com/v4/sports/americanfootball_nfl
2026,3,e5fbd3b3953b896b1bf897ddadb3cc4b,2026-09-25T00:15:00Z,Bovada,bovada,2026-09-24T19:57:45Z,Green Bay Packers,Atlanta Falcons,Bijan Robinson,,,RB,player_rush_yds,Full Game,58.5,Under,270,bovada|Bijan Robinson|player_rush_yds|58.5,0.27027027,0.25349198,https://api.the-odds-api.com/v4/sports/americanfootball_nfl
2026,3,e5fbd3b3953b896b1bf897ddadb3cc4b,2026-09-25T00:15:00Z,Bovada,bovada,2026-09-24T19:57:45Z,Green Bay Packers,Atlanta Falcons,Bijan Robinson,,,RB,player_rush_yds,Full Game,68.5,Over,-210,bovada|Bijan Robinson|player_rush_yds|68.5,0.67741935,0.63335305,https://api.the-odds-api.com/v4/sports/americanfootball_nfl
2026,3,e5fbd3b3953b896b1bf897ddadb3cc4b,2026-09-25T00:15:00Z,Bovada,bovada,2026-09-24T19:57:45Z,Green Bay Packers,Atlanta Falcons,Bijan Robinson,,,RB,player_rush_yds,Full Game,68.5,Under,155,bovada|Bijan Robinson|player_rush_yds|68.5,0.39215686,0.36664695,https://api.the-odds-api.com/v4/sports/americanfootball_nfl
2026,3,e5fbd3b3953b896b1bf897ddadb3cc4b,2026-09-25T00:15:00Z,Bovada,bovada,2026-09-24T19:57:45Z,Green Bay Packers,Atlanta Falcons,Bijan Robinson,,,RB,player_rush_yds,Full Game,78.5,Over,-125,bovada|Bijan Robinson|player_rush_yds|78.5,0.55555556,0.52030457,https://api.the-odds-api.com/v4/sports/americanfootball_nfl
2026,3,e5fbd3b3953b896b1bf897ddadb3cc4b,2026-09-25T00:15:00Z,Bovada,bovada,2026-09-24T19:57:45Z,Green Bay Packers,Atlanta Falcons,Bijan Robinson,,,RB,player_rush_yds,Full Game,78.5,Under,-105,bovada|Bijan Robinson|player_rush_yds|78.5,0.51219512,0.47969543,https://api.the-odds-api.com/v4/sports/americanfootball_nfl
2026,3,e5fbd3b3953b896b1bf897ddadb3cc4b,2026-09-25T00:15:00Z,Bovada,bovada,2026-09-24T19:57:45Z,Green Bay Packers,Atlanta Falcons,Bijan Robinson,,,RB,player_rush_yds,Full Game,88.5,Over,125,bovada|Bijan Robinson|player_rush_yds|88.5,0.44444444,0.41650294,https://api.the-odds-api.com/v4/sports/americanfootball_nfl
2026,3,e5fbd3b3953b896b1bf897ddadb3cc4b,2026-09-25T00:15:00Z,Bovada,bovada,2026-09-24T19:57:45Z,Green Bay Packers,Atlanta Falcons,Bijan Robinson,,,RB,player_rush_yds,Full Game,88.5,Under,-165,bovada|Bijan Robinson|player_rush_yds|88.5,0.62264151,0.58349706,https://api.the-odds-api.com/v4/sports/americanfootball_nfl
2026,3,e5fbd3b3953b896b1bf897ddadb3cc4b,2026-09-25T00:15:00Z,Bovada,bovada,2026-09-24T19:57:45Z,Green Bay Packers,Atlanta Falcons,Bijan Robinson,,,RB,player_rush_yds,Full Game,98.5,Over,190,bovada|Bijan Robinson|player_rush_yds|98.5,0.34482759,0.32315979,https://api.the-odds-api.com/v4/sports/americanfootball_nfl
2026,3,e5fbd3b3953b896b1bf897ddadb3cc4b,2026-09-25T00:15:00Z,Bovada,bovada,2026-09-24T19:57:45Z,Green Bay Packers,Atlanta Falcons,Bijan Robinson,,,RB,player_rush_yds,Full Game,98.5,Under,-260,bovada|Bijan Robinson|player_rush_yds|98.5,0.72222222,0.67684021,https://api.the-odds-api.com/v4/sports/americanfootball_nfl
2026,3,e5fbd3b3953b896b1bf897ddadb3cc4b,2026-09-25T00:15:00Z,Bovada,bovada,2026-09-24T19:57:45Z,Green Bay Packers,Atlanta Falcons,Chris Brooks,,,RB,player_rush_yds,Full Game,14.5,Over,-110,bovada|Chris Brooks|player_rush_yds|14.5,0.52380952,0.48987854,https://api.the-odds-api.com/v4/sports/americanfootball_nfl
2026,3,e5fbd3b3953b896b1bf897ddadb3cc4b,2026-09-25T00:15:00Z,Bovada,bovada,2026-09-24T19:57:45Z,Green Bay Packers,Atlanta Falcons,Chris Brooks,,,RB,player_rush_yds,Full Game,14.5,Under,-120,bovada|Chris Brooks|player_rush_yds|14.5,0.54545455,0.51012146,https://api.the-odds-api.com/v4/sports/americanfootball_nfl
2026,3,e5fbd3b3953b896b1bf897ddadb3cc4b,2026-09-25T00:15:00Z,Bovada,bovada,2026-09-24T19:57:45Z,Green Bay Packers,Atlanta Falcons,Jordan Love,,,RB,player_rush_yds,Full Game,7.5,Over,-120,bovada|Jordan Love|player_rush_yds|7.5,0.54545455,0.51012146,https://api.the-odds-api.com/v4/sports/americanfootball_nfl
2026,3,e5fbd3b3953b896b1bf897ddadb3cc4b,2026-09-25T00:15:00Z,Bovada,bovada,2026-09-24T19:57:45Z,Green Bay Packers,Atlanta Falcons,Jordan Love,,,RB,player_rush_yds,Full Game,7.5,Under,-110,bovada|Jordan Love|player_rush_yds|7.5,0.52380952,0.48987854,https://api.the-odds-api.com/v4/sports/americanfootball_nfl
2026,3,e5fbd3b3953b896b1bf897ddadb3cc4b,2026-09-25T00:15:00Z,Bovada,bovada,2026-09-24T19:57:45Z,Green Bay Packers,Atlanta Falcons,Kaleb Johnson,,,RB,player_rush_yds,Full Game,28.5,Over,-260,bovada|Kaleb Johnson|player_rush_yds|28.5,0.72222222,0.67684021,https://api.the-odds-api.com/v4/sports/americanfootball_nfl
2026,3,e5fbd3b3953b896b1bf897ddadb3cc4b,2026-09-25T00:15:00Z,Bovada,bovada,2026-09-24T19:57:45Z,Green Bay Packers,Atlanta Falcons,Kaleb Johnson,,,RB,player_rush_yds,Full Game,28.5,Under,190,bovada|Kaleb Johnson|player_rush_yds|28.5,0.34482759,0.32315979,https://api.the-odds-api.com/v4/sports/americanfootball_nfl
2026,3,e5fbd3b3953b896b1bf897ddadb3cc4b,2026-09-25T00:15:00Z,Bovada,bovada,2026-09-24T19:57:45Z,Green Bay Packers,Atlanta Falcons,Kaleb Johnson,,,RB,player_rush_yds,Full Game,33.5,Over,-170,bovada|Kaleb Johnson|player_rush_yds|33.5,0.62962963,0.59152799,https://api.the-odds-api.com/v4/sports/americanfootball_nfl
2026,3,e5fbd3b3953b896b1bf897ddadb3cc4b,2026-09-25T00:15:00Z,Bovada,bovada,2026-09-24T19:57:45Z,Green Bay Packers,Atlanta Falcons,Kaleb Johnson,,,RB,player_rush_yds,Full Game,33.5,Under,130,bovada|Kaleb Johnson|player_rush_yds|33.5,0.43478261,0.40847201,https://api.the-odds-api.com/v4/sports/americanfootball_nfl
2026,3,e5fbd3b3953b896b1bf897ddadb3cc4b,2026-09-25T00:15:00Z,Bovada,bovada,2026-09-24T19:57:45Z,Green Bay Packers,Atlanta Falcons,Kaleb Johnson,,,RB,player_rush_yds,Full Game,38.5,Over,-120,bovada|Kaleb Johnson|player_rush_yds|38.5,0.54545455,0.51012146,https://api.the-odds-api.com/v4/sports/americanfootball_nfl
2026,3,e5fbd3b3953b896b1bf897ddadb3cc4b,2026-09-25T00:15:00Z,Bovada,bovada,2026-09-24T19:57:45Z,Green Bay Packers,Atlanta Falcons,Kaleb Johnson,,,RB,player_rush_yds,Full Game,38.5,Under,-110,bovada|Kaleb Johnson|player_rush_yds|38.5,0.52380952,0.48987854,https://api.the-odds-api.com/v4/sports/americanfootball_nfl
2026,3,e5fbd3b3953b896b1bf897ddadb3cc4b,2026-09-25T00:15:00Z,Bovada,bovada,2026-09-24T19:57:45Z,Green Bay Packers,Atlanta Falcons,Kaleb Johnson,,,RB,player_rush_yds,Full Game,43.5,Over,115,bovada|Kaleb Johnson|player_rush_yds|43.5,0.46511628,0.43668122,https://api.the-odds-api.com/v4/sports/americanfootball_nfl
2026,3,e5fbd3b3953b896b1bf897ddadb3cc4b,2026-09-25T00:15:00Z,Bovada,bovada,2026-09-24T19:57:45Z,Green Bay Packers,Atlanta Falcons,Kaleb Johnson,,,RB,player_rush_yds,Full Game,43.5,Under,-150,bovada|Kaleb Johnson|player_rush_yds|43.5,0.6,0.56331878,https://api.the-odds-api.com/v4/sports/americanfootball_nfl
2026,3,e5fbd3b3953b896b1bf897ddadb3cc4b,2026-09-25T00:15:00Z,Bovada,bovada,2026-09-24T19:57:45Z,Green Bay Packers,Atlanta Falcons,Kaleb Johnson,,,RB,player_rush_yds,Full Game,48.5,Over,155,bovada|Kaleb Johnson|player_rush_yds|48.5,0.39215686,0.36664695,https://api.the-odds-api.com/v4/sports/americanfootball_nfl
2026,3,e5fbd3b3953b896b1bf897ddadb3cc4b,2026-09-25T00:15:00Z,Bovada,bovada,2026-09-24T19:57:45Z,Green Bay Packers,Atlanta Falcons,Kaleb Johnson,,,RB,player_rush_yds,Full Game,48.5,Under,-210,bovada|Kaleb Johnson|player_rush_yds|48.5,0.67741935,0.63335305,https://api.the-odds-api.com/v4/sports/americanfootball_nfl
2026,3,e5fbd3b3953b896b1bf897ddadb3cc4b,2026-09-25T00:15:00Z,Bovada,bovada,2026-09-24T19:57:45Z,Green Bay Packers,Atlanta Falcons,MarShawn Lloyd,,,RB,player_rush_yds,Full Game,24.5,Over,-125,bovada|MarShawn Lloyd|player_rush_yds|24.5,0.55555556,0.52030457,https://api.the-odds-api.com/v4/sports/americanfootball_nfl
2026,3,e5fbd3b3953b896b1bf897ddadb3cc4b,2026-09-25T00:15:00Z,Bovada,bovada,2026-09-24T19:57:45Z,Green Bay Packers,Atlanta Falcons,MarShawn Lloyd,,,RB,player_rush_yds,Full Game,24.5,Under,-105,bovada|MarShawn Lloyd|player_rush_yds|24.5,0.51219512,0.47969543,https://api.the-odds-api.com/v4/sports/americanfootball_nfl
2026,3,e5fbd3b3953b896b1bf897ddadb3cc4b,2026-09-25T00:15:00Z,Bovada,bovada,2026-09-24T19:57:45Z,Green Bay Packers,Atlanta Falcons,Michael Penix Jr.,,,RB,player_rush_yds,Full Game,4.5,Over,-115,bovada|Michael Penix Jr.|player_rush_yds|4.5,0.53488372,0.5,https://api.the-odds-api.com/v4/sports/americanfootball_nfl
2026,3,e5fbd3b3953b896b1bf897ddadb3cc4b,2026-09-25T00:15:00Z,Bovada,bovada,2026-09-24T19:57:45Z,Green Bay Packers,Atlanta Falcons,Michael Penix Jr.,,,RB,player_rush_yds,Full Game,4.5,Under,-115,bovada|Michael Penix Jr.|player_rush_yds|4.5,0.53488372,0.5,https://api.the-odds-api.com/v4/sports/americanfootball_nfl
2026,3,e5fbd3b3953b896b1bf897ddadb3cc4b,2026-09-25T00:15:00Z,PrizePicks,prizepicks,2026-09-24T19:58:24Z,Green Bay Packers,Atlanta Falcons,Christian Watson,,,WR,player_reception_yds,Full Game,71.5,Over,-137,prizepicks|Christian Watson|player_reception_yds|71.5,0.57805907,0.5,https://api.the-odds-api.com/v4/sports/americanfootball_nfl
2026,3,e5fbd3b3953b896b1bf897ddadb3cc4b,2026-09-25T00:15:00Z,PrizePicks,prizepicks,2026-09-24T19:58:24Z,Green Bay Packers,Atlanta Falcons,Christian Watson,,,WR,player_reception_yds,Full Game,71.5,Under,-137,prizepicks|Christian Watson|player_reception_yds|71.5,0.57805907,0.5,https://api.the-odds-api.com/v4/sports/americanfootball_nfl
2026,3,e5fbd3b3953b896b1bf897ddadb3cc4b,2026-09-25T00:15:00Z,PrizePicks,prizepicks,2026-09-24T19:58:24Z,Green Bay Packers,Atlanta Falcons,Drake London,,,WR,player_reception_yds,Full Game,66.5,Over,-137,prizepicks|Drake London|player_reception_yds|66.5,0.57805907,0.5,https://api.the-odds-api.com/v4/sports/americanfootball_nfl
2026,3,e5fbd3b3953b896b1bf897ddadb3cc4b,2026-09-25T00:15:00Z,PrizePicks,prizepicks,2026-09-24T19:58:24Z,Green Bay Packers,Atlanta Falcons,Drake London,,,WR,player_reception_yds,Full Game,66.5,Under,-137,prizepicks|Drake London|player_reception_yds|66.5,0.57805907,0.5,https://api.the-odds-api.com/v4/sports/americanfootball_nfl
2026,3,e5fbd3b3953b896b1bf897ddadb3cc4b,2026-09-25T00:15:00Z,PrizePicks,prizepicks,2026-09-24T19:58:24Z,Green Bay Packers,Atlanta Falcons,Matthew Golden,,,WR,player_reception_yds,Full Game,56.5,Over,-137,prizepicks|Matthew Golden|player_reception_yds|56.5,0.57805907,0.5,https://api.the-odds-api.com/v4/sports/americanfootball_nfl
2026,3,e5fbd3b3953b896b1bf897ddadb3cc4b,2026-09-25T00:15:00Z,PrizePicks,prizepicks,2026-09-24T19:58:24Z,Green Bay Packers,Atlanta Falcons,Matthew Golden,,,WR,player_reception_yds,Full Game,56.5,Under,-137,prizepicks|Matthew Golden|player_reception_yds|56.5,0.57805907,0.5,https://api.the-odds-api.com/v4/sports/americanfootball_nfl
2026,3,e5fbd3b3953b896b1bf897ddadb3cc4b,2026-09-25T00:15:00Z,PrizePicks,prizepicks,2026-09-24T19:58:24Z,Green Bay Packers,Atlanta Falcons,Tucker Kraft,,,WR,player_reception_yds,Full Game,46.5,Over,-137,prizepicks|Tucker Kraft|player_reception_yds|46.5,0.57805907,0.5,https://api.the-odds-api.com/v4/sports/americanfootball_nfl
2026,3,e5fbd3b3953b896b1bf897ddadb3cc4b,2026-09-25T00:15:00Z,PrizePicks,prizepicks,2026-09-24T19:58:24Z,Green Bay Packers,Atlanta Falcons,Tucker Kraft,,,WR,player_reception_yds,Full Game,46.5,Under,-137,prizepicks|Tucker Kraft|player_reception_yds|46.5,0.57805907,0.5,https://api.the-odds-api.com/v4/sports/americanfootball_nfl
2026,3,e5fbd3b3953b896b1bf897ddadb3cc4b,2026-09-25T00:15:00Z,PrizePicks,prizepicks,2026-09-24T19:58:24Z,Green Bay Packers,Atlanta Falcons,Bijan Robinson,,,WR,player_reception_yds,Full Game,39.5,Over,-137,prizepicks|Bijan Robinson|player_reception_yds|39.5,0.57805907,0.5,https://api.the-odds-api.com/v4/sports/americanfootball_nfl
2026,3,e5fbd3b3953b896b1bf897ddadb3cc4b,2026-09-25T00:15:00Z,PrizePicks,prizepicks,2026-09-24T19:58:24Z,Green Bay Packers,Atlanta Falcons,Bijan Robinson,,,WR,player_reception_yds,Full Game,39.5,Under,-137,prizepicks|Bijan Robinson|player_reception_yds|39.5,0.57805907,0.5,https://api.the-odds-api.com/v4/sports/americanfootball_nfl
2026,3,e5fbd3b3953b896b1bf897ddadb3cc4b,2026-09-25T00:15:00Z,PrizePicks,prizepicks,2026-09-24T19:58:24Z,Green Bay Packers,Atlanta Falcons,Kyle Pitts,,,WR,player_reception_yds,Full Game,37.5,Over,-137,prizepicks|Kyle Pitts|player_reception_yds|37.5,0.57805907,0.5,https://api.the-odds-api.com/v4/sports/americanfootball_nfl
2026,3,e5fbd3b3953b896b1bf897ddadb3cc4b,2026-09-25T00:15:00Z,PrizePicks,prizepicks,2026-09-24T19:58:24Z,Green Bay Packers,Atlanta Falcons,Kyle Pitts,,,WR,player_reception_yds,Full Game,37.5,Under,-137,prizepicks|Kyle Pitts|player_reception_yds|37.5,0.57805907,0.5,https://api.the-odds-api.com/v4/sports/americanfootball_nfl
2026,3,e5fbd3b3953b896b1bf897ddadb3cc4b,2026-09-25T00:15:00Z,PrizePicks,prizepicks,2026-09-24T19:58:24Z,Green Bay Packers,Atlanta Falcons,Jahan Dotson,,,WR,player_reception_yds,Full Game,16.5,Over,-137,prizepicks|Jahan Dotson|player_reception_yds|16.5,0.57805907,0.5,https://api.the-odds-api.com/v4/sports/americanfootball_nfl
2026,3,e5fbd3b3953b896b1bf897ddadb3cc4b,2026-09-25T00:15:00Z,PrizePicks,prizepicks,2026-09-24T19:58:24Z,Green Bay Packers,Atlanta Falcons,Jahan Dotson,,,WR,player_reception_yds,Full Game,16.5,Under,-137,prizepicks|Jahan Dotson|player_reception_yds|16.5,0.57805907,0.5,https://api.the-odds-api.com/v4/sports/americanfootball_nfl
2026,3,e5fbd3b3953b896b1bf897ddadb3cc4b,2026-09-25T00:15:00Z,PrizePicks,prizepicks,2026-09-24T19:58:24Z,Green Bay Packers,Atlanta Falcons,Skyy Moore,,,WR,player_reception_yds,Full Game,11.5,Over,-137,prizepicks|Skyy Moore|player_reception_yds|11.5,0.57805907,0.5,https://api.the-odds-api.com/v4/sports/americanfootball_nfl
2026,3,e5fbd3b3953b896b1bf897ddadb3cc4b,2026-09-25T00:15:00Z,PrizePicks,prizepicks,2026-09-24T19:58:24Z,Green Bay Packers,Atlanta Falcons,Skyy Moore,,,WR,player_reception_yds,Full Game,11.5,Under,-137,prizepicks|Skyy Moore|player_reception_yds|11.5,0.57805907,0.5,https://api.the-odds-api.com/v4/sports/americanfootball_nfl
2026,3,e5fbd3b3953b896b1bf897ddadb3cc4b,2026-09-25T00:15:00Z,PrizePicks,prizepicks,2026-09-24T19:58:24Z,Green Bay Packers,Atlanta Falcons,Olamide Zaccheaus,,,WR,player_reception_yds,Full Game,10.5,Over,-137,prizepicks|Olamide Zaccheaus|player_reception_yds|10.5,0.57805907,0.5,https://api.the-odds-api.com/v4/sports/americanfootball_nfl
2026,3,e5fbd3b3953b896b1bf897ddadb3cc4b,2026-09-25T00:15:00Z,PrizePicks,prizepicks,2026-09-24T19:58:24Z,Green Bay Packers,Atlanta Falcons,Olamide Zaccheaus,,,WR,player_reception_yds,Full Game,10.5,Under,-137,prizepicks|Olamide Zaccheaus|player_reception_yds|10.5,0.57805907,0.5,https://api.the-odds-api.com/v4/sports/americanfootball_nfl
2026,3,e5fbd3b3953b896b1bf897ddadb3cc4b,2026-09-25T00:15:00Z,PrizePicks,prizepicks,2026-09-24T19:58:24Z,Green Bay Packers,Atlanta Falcons,Jonnu Smith,,,WR,player_reception_yds,Full Game,8.5,Over,-137,prizepicks|Jonnu Smith|player_reception_yds|8.5,0.57805907,0.5,https://api.the-odds-api.com/v4/sports/americanfootball_nfl
2026,3,e5fbd3b3953b896b1bf897ddadb3cc4b,2026-09-25T00:15:00Z,PrizePicks,prizepicks,2026-09-24T19:58:24Z,Green Bay Packers,Atlanta Falcons,Jonnu Smith,,,WR,player_reception_yds,Full Game,8.5,Under,-137,prizepicks|Jonnu Smith|player_reception_yds|8.5,0.57805907,0.5,https://api.the-odds-api.com/v4/sports/americanfootball_nfl
2026,3,e5fbd3b3953b896b1bf897ddadb3cc4b,2026-09-25T00:15:00Z,PrizePicks,prizepicks,2026-09-24T19:58:24Z,Green Bay Packers,Atlanta Falcons,Chris Brooks,,,WR,player_reception_yds,Full Game,7.5,Over,-137,prizepicks|Chris Brooks|player_reception_yds|7.5,0.57805907,0.5,https://api.the-odds-api.com/v4/sports/americanfootball_nfl
2026,3,e5fbd3b3953b896b1bf897ddadb3cc4b,2026-09-25T00:15:00Z,PrizePicks,prizepicks,2026-09-24T19:58:24Z,Green Bay Packers,Atlanta Falcons,Chris Brooks,,,WR,player_reception_yds,Full Game,7.5,Under,-137,prizepicks|Chris Brooks|player_reception_yds|7.5,0.57805907,0.5,https://api.the-odds-api.com/v4/sports/americanfootball_nfl
2026,3,e5fbd3b3953b896b1bf897ddadb3cc4b,2026-09-25T00:15:00Z,PrizePicks,prizepicks,2026-09-24T19:58:24Z,Green Bay Packers,Atlanta Falcons,MarShawn Lloyd,,,WR,player_reception_yds,Full Game,5.5,Over,-137,prizepicks|MarShawn Lloyd|player_reception_yds|5.5,0.57805907,0.5,https://api.the-odds-api.com/v4/sports/americanfootball_nfl
2026,3,e5fbd3b3953b896b1bf897ddadb3cc4b,2026-09-25T00:15:00Z,PrizePicks,prizepicks,2026-09-24T19:58:24Z,Green Bay Packers,Atlanta Falcons,MarShawn Lloyd,,,WR,player_reception_yds,Full Game,5.5,Under,-137,prizepicks|MarShawn Lloyd|player_reception_yds|5.5,0.57805907,0.5,https://api.the-odds-api.com/v4/sports/americanfootball_nfl
2026,3,e5fbd3b3953b896b1bf897ddadb3cc4b,2026-09-25T00:15:00Z,PrizePicks,prizepicks,2026-09-24T19:58:24Z,Green Bay Packers,Atlanta Falcons,Austin Hooper,,,WR,player_reception_yds,Full Game,5.5,Over,-137,prizepicks|Austin Hooper|player_reception_yds|5.5,0.57805907,0.5,https://api.the-odds-api.com/v4/sports/americanfootball_nfl
2026,3,e5fbd3b3953b896b1bf897ddadb3cc4b,2026-09-25T00:15:00Z,PrizePicks,prizepicks,2026-09-24T19:58:24Z,Green Bay Packers,Atlanta Falcons,Austin Hooper,,,WR,player_reception_yds,Full Game,5.5,Under,-137,prizepicks|Austin Hooper|player_reception_yds|5.5,0.57805907,0.5,https://api.the-odds-api.com/v4/sports/americanfootball_nfl
2026,3,e5fbd3b3953b896b1bf897ddadb3cc4b,2026-09-25T00:15:00Z,PrizePicks,prizepicks,2026-09-24T19:58:24Z,Green Bay Packers,Atlanta Falcons,Bijan Robinson,,,RB,player_rush_yds,Full Game,54.5,Over,-137,prizepicks|Bijan Robinson|player_rush_yds|54.5,0.57805907,1.0,https://api.the-odds-api.com/v4/sports/americanfootball_nfl
2026,3,e5fbd3b3953b896b1bf897ddadb3cc4b,2026-09-25T00:15:00Z,PrizePicks,prizepicks,2026-09-24T19:58:24Z,Green Bay Packers,Atlanta Falcons,Bijan Robinson,,,RB,player_rush_yds,Full Game,77.5,Over,-137,prizepicks|Bijan Robinson|player_rush_yds|77.5,0.57805907,0.5,https://api.the-odds-api.com/v4/sports/americanfootball_nfl
2026,3,e5fbd3b3953b896b1bf897ddadb3cc4b,2026-09-25T00:15:00Z,PrizePicks,prizepicks,2026-09-24T19:58:24Z,Green Bay Packers,Atlanta Falcons,Bijan Robinson,,,RB,player_rush_yds,Full Game,77.5,Under,-137,prizepicks|Bijan Robinson|player_rush_yds|77.5,0.57805907,0.5,https://api.the-odds-api.com/v4/sports/americanfootball_nfl
2026,3,e5fbd3b3953b896b1bf897ddadb3cc4b,2026-09-25T00:15:00Z,PrizePicks,prizepicks,2026-09-24T19:58:24Z,Green Bay Packers,Atlanta Falcons,Kaleb Johnson,,,RB,player_rush_yds,Full Game,38.5,Over,-137,prizepicks|Kaleb Johnson|player_rush_yds|38.5,0.57805907,0.5,https://api.the-odds-api.com/v4/sports/americanfootball_nfl
2026,3,e5fbd3b3953b896b1bf897ddadb3cc4b,2026-09-25T00:15:00Z,PrizePicks,prizepicks,2026-09-24T19:58:24Z,Green Bay Packers,Atlanta Falcons,Kaleb Johnson,,,RB,player_rush_yds,Full Game,38.5,Under,-137,prizepicks|Kaleb Johnson|player_rush_yds|38.5,0.57805907,0.5,https://api.the-odds-api.com/v4/sports/americanfootball_nfl
2026,3,e5fbd3b3953b896b1bf897ddadb3cc4b,2026-09-25T00:15:00Z,PrizePicks,prizepicks,2026-09-24T19:58:24Z,Green Bay Packers,Atlanta Falcons,MarShawn Lloyd,,,RB,player_rush_yds,Full Game,24.5,Over,-137,prizepicks|MarShawn Lloyd|player_rush_yds|24.5,0.57805907,0.5,https://api.the-odds-api.com/v4/sports/americanfootball_nfl
2026,3,e5fbd3b3953b896b1bf897ddadb3cc4b,2026-09-25T00:15:00Z,PrizePicks,prizepicks,2026-09-24T19:58:24Z,Green Bay Packers,Atlanta Falcons,MarShawn Lloyd,,,RB,player_rush_yds,Full Game,24.5,Under,-137,prizepicks|MarShawn Lloyd|player_rush_yds|24.5,0.57805907,0.5,https://api.the-odds-api.com/v4/sports/americanfootball_nfl
2026,3,e5fbd3b3953b896b1bf897ddadb3cc4b,2026-09-25T00:15:00Z,PrizePicks,prizepicks,2026-09-24T19:58:24Z,Green Bay Packers,Atlanta Falcons,Brian Robinson Jr.,,,RB,player_rush_yds,Full Game,23.5,Over,-137,prizepicks|Brian Robinson Jr.|player_rush_yds|23.5,0.57805907,0.5,https://api.the-odds-api.com/v4/sports/americanfootball_nfl
2026,3,e5fbd3b3953b896b1bf897ddadb3cc4b,2026-09-25T00:15:00Z,PrizePicks,prizepicks,2026-09-24T19:58:24Z,Green Bay Packers,Atlanta Falcons,Brian Robinson Jr.,,,RB,player_rush_yds,Full Game,23.5,Under,-137,prizepicks|Brian Robinson Jr.|player_rush_yds|23.5,0.57805907,0.5,https://api.the-odds-api.com/v4/sports/americanfootball_nfl
2026,3,e5fbd3b3953b896b1bf897ddadb3cc4b,2026-09-25T00:15:00Z,PrizePicks,prizepicks,2026-09-24T19:58:24Z,Green Bay Packers,Atlanta Falcons,Chris Brooks,,,RB,player_rush_yds,Full Game,14.5,Over,-137,prizepicks|Chris Brooks|player_rush_yds|14.5,0.57805907,0.5,https://api.the-odds-api.com/v4/sports/americanfootball_nfl
2026,3,e5fbd3b3953b896b1bf897ddadb3cc4b,2026-09-25T00:15:00Z,PrizePicks,prizepicks,2026-09-24T19:58:24Z,Green Bay Packers,Atlanta Falcons,Chris Brooks,,,RB,player_rush_yds,Full Game,14.5,Under,-137,prizepicks|Chris Brooks|player_rush_yds|14.5,0.57805907,0.5,https://api.the-odds-api.com/v4/sports/americanfootball_nfl
2026,3,e5fbd3b3953b896b1bf897ddadb3cc4b,2026-09-25T00:15:00Z,PrizePicks,prizepicks,2026-09-24T19:58:24Z,Green Bay Packers,Atlanta Falcons,Jordan Love,,,RB,player_rush_yds,Full Game,7.5,Over,-137,prizepicks|Jordan Love|player_rush_yds|7.5,0.57805907,0.5,https://api.the-odds-api.com/v4/sports/americanfootball_nfl
2026,3,e5fbd3b3953b896b1bf897ddadb3cc4b,2026-09-25T00:15:00Z,PrizePicks,prizepicks,2026-09-24T19:58:24Z,Green Bay Packers,Atlanta Falcons,Jordan Love,,,RB,player_rush_yds,Full Game,7.5,Under,-137,prizepicks|Jordan Love|player_rush_yds|7.5,0.57805907,0.5,https://api.the-odds-api.com/v4/sports/americanfootball_nfl
2026,3,e5fbd3b3953b896b1bf897ddadb3cc4b,2026-09-25T00:15:00Z,PrizePicks,prizepicks,2026-09-24T19:58:24Z,Green Bay Packers,Atlanta Falcons,Michael Penix Jr.,,,RB,player_rush_yds,Full Game,4.5,Over,-137,prizepicks|Michael Penix Jr.|player_rush_yds|4.5,0.57805907,0.5,https://api.the-odds-api.com/v4/sports/americanfootball_nfl
2026,3,e5fbd3b3953b896b1bf897ddadb3cc4b,2026-09-25T00:15:00Z,PrizePicks,prizepicks,2026-09-24T19:58:24Z,Green Bay Packers,Atlanta Falcons,Michael Penix Jr.,,,RB,player_rush_yds,Full Game,4.5,Under,-137,prizepicks|Michael Penix Jr.|player_rush_yds|4.5,0.57805907,0.5,https://api.the-odds-api.com/v4/sports/americanfootball_nfl
2026,3,e5fbd3b3953b896b1bf897ddadb3cc4b,2026-09-25T00:15:00Z,Underdog,underdog,2026-09-24T19:58:23Z,Green Bay Packers,Atlanta Falcons,Bijan Robinson,,,WR,player_reception_yds,Full Game,37.5,Over,-137,underdog|Bijan Robinson|player_reception_yds|37.5,0.57805907,0.5,https://api.the-odds-api.com/v4/sports/americanfootball_nfl
2026,3,e5fbd3b3953b896b1bf897ddadb3cc4b,2026-09-25T00:15:00Z,Underdog,underdog,2026-09-24T19:58:23Z,Green Bay Packers,Atlanta Falcons,Bijan Robinson,,,WR,player_reception_yds,Full Game,37.5,Under,-137,underdog|Bijan Robinson|player_reception_yds|37.5,0.57805907,0.5,https://api.the-odds-api.com/v4/sports/americanfootball_nfl
2026,3,e5fbd3b3953b896b1bf897ddadb3cc4b,2026-09-25T00:15:00Z,Underdog,underdog,2026-09-24T19:58:23Z,Green Bay Packers,Atlanta Falcons,Drake London,,,WR,player_reception_yds,Full Game,66.5,Over,-137,underdog|Drake London|player_reception_yds|66.5,0.57805907,0.5,https://api.the-odds-api.com/v4/sports/americanfootball_nfl
2026,3,e5fbd3b3953b896b1bf897ddadb3cc4b,2026-09-25T00:15:00Z,Underdog,underdog,2026-09-24T19:58:23Z,Green Bay Packers,Atlanta Falcons,Drake London,,,WR,player_reception_yds,Full Game,66.5,Under,-137,underdog|Drake London|player_reception_yds|66.5,0.57805907,0.5,https://api.the-odds-api.com/v4/sports/americanfootball_nfl
2026,3,e5fbd3b3953b896b1bf897ddadb3cc4b,2026-09-25T00:15:00Z,Underdog,underdog,2026-09-24T19:58:23Z,Green Bay Packers,Atlanta Falcons,Tucker Kraft,,,WR,player_reception_yds,Full Game,46.5,Over,-137,underdog|Tucker Kraft|player_reception_yds|46.5,0.57805907,0.5,https://api.the-odds-api.com/v4/sports/americanfootball_nfl
2026,3,e5fbd3b3953b896b1bf897ddadb3cc4b,2026-09-25T00:15:00Z,Underdog,underdog,2026-09-24T19:58:23Z,Green Bay Packers,Atlanta Falcons,Tucker Kraft,,,WR,player_reception_yds,Full Game,46.5,Under,-137,underdog|Tucker Kraft|player_reception_yds|46.5,0.57805907,0.5,https://api.the-odds-api.com/v4/sports/americanfootball_nfl
2026,3,e5fbd3b3953b896b1bf897ddadb3cc4b,2026-09-25T00:15:00Z,Underdog,underdog,2026-09-24T19:58:23Z,Green Bay Packers,Atlanta Falcons,Matthew Golden,,,WR,player_reception_yds,Full Game,54.5,Over,-137,underdog|Matthew Golden|player_reception_yds|54.5,0.57805907,0.5,https://api.the-odds-api.com/v4/sports/americanfootball_nfl
2026,3,e5fbd3b3953b896b1bf897ddadb3cc4b,2026-09-25T00:15:00Z,Underdog,underdog,2026-09-24T19:58:23Z,Green Bay Packers,Atlanta Falcons,Matthew Golden,,,WR,player_reception_yds,Full Game,54.5,Under,-137,underdog|Matthew Golden|player_reception_yds|54.5,0.57805907,0.5,https://api.the-odds-api.com/v4/sports/americanfootball_nfl
2026,3,e5fbd3b3953b896b1bf897ddadb3cc4b,2026-09-25T00:15:00Z,Underdog,underdog,2026-09-24T19:58:23Z,Green Bay Packers,Atlanta Falcons,Kyle Pitts,,,WR,player_reception_yds,Full Game,36.5,Over,-137,underdog|Kyle Pitts|player_reception_yds|36.5,0.57805907,0.5,https://api.the-odds-api.com/v4/sports/americanfootball_nfl
2026,3,e5fbd3b3953b896b1bf897ddadb3cc4b,2026-09-25T00:15:00Z,Underdog,underdog,2026-09-24T19:58:23Z,Green Bay Packers,Atlanta Falcons,Kyle Pitts,,,WR,player_reception_yds,Full Game,36.5,Under,-137,underdog|Kyle Pitts|player_reception_yds|36.5,0.57805907,0.5,https://api.the-odds-api.com/v4/sports/americanfootball_nfl
2026,3,e5fbd3b3953b896b1bf897ddadb3cc4b,2026-09-25T00:15:00Z,Underdog,underdog,2026-09-24T19:58:23Z,Green Bay Packers,Atlanta Falcons,Jonnu Smith,,,WR,player_reception_yds,Full Game,8.5,Over,-137,underdog|Jonnu Smith|player_reception_yds|8.5,0.57805907,0.5,https://api.the-odds-api.com/v4/sports/americanfootball_nfl
2026,3,e5fbd3b3953b896b1bf897ddadb3cc4b,2026-09-25T00:15:00Z,Underdog,underdog,2026-09-24T19:58:23Z,Green Bay Packers,Atlanta Falcons,Jonnu Smith,,,WR,player_reception_yds,Full Game,8.5,Under,-137,underdog|Jonnu Smith|player_reception_yds|8.5,0.57805907,0.5,https://api.the-odds-api.com/v4/sports/americanfootball_nfl
2026,3,e5fbd3b3953b896b1bf897ddadb3cc4b,2026-09-25T00:15:00Z,Underdog,underdog,2026-09-24T19:58:23Z,Green Bay Packers,Atlanta Falcons,Jahan Dotson,,,WR,player_reception_yds,Full Game,17.5,Over,-137,underdog|Jahan Dotson|player_reception_yds|17.5,0.57805907,0.5,https://api.the-odds-api.com/v4/sports/americanfootball_nfl
2026,3,e5fbd3b3953b896b1bf897ddadb3cc4b,2026-09-25T00:15:00Z,Underdog,underdog,2026-09-24T19:58:23Z,Green Bay Packers,Atlanta Falcons,Jahan Dotson,,,WR,player_reception_yds,Full Game,17.5,Under,-137,underdog|Jahan Dotson|player_reception_yds|17.5,0.57805907,0.5,https://api.the-odds-api.com/v4/sports/americanfootball_nfl
2026,3,e5fbd3b3953b896b1bf897ddadb3cc4b,2026-09-25T00:15:00Z,Underdog,underdog,2026-09-24T19:58:23Z,Green Bay Packers,Atlanta Falcons,Olamide Zaccheaus,,,WR,player_reception_yds,Full Game,10.5,Over,-137,underdog|Olamide Zaccheaus|player_reception_yds|10.5,0.57805907,0.5,https://api.the-odds-api.com/v4/sports/americanfootball_nfl
2026,3,e5fbd3b3953b896b1bf897ddadb3cc4b,2026-09-25T00:15:00Z,Underdog,underdog,2026-09-24T19:58:23Z,Green Bay Packers,Atlanta Falcons,Olamide Zaccheaus,,,WR,player_reception_yds,Full Game,10.5,Under,-137,underdog|Olamide Zaccheaus|player_reception_yds|10.5,0.57805907,0.5,https://api.the-odds-api.com/v4/sports/americanfootball_nfl
2026,3,e5fbd3b3953b896b1bf897ddadb3cc4b,2026-09-25T00:15:00Z,Underdog,underdog,2026-09-24T19:58:23Z,Green Bay Packers,Atlanta Falcons,Chris Brooks,,,WR,player_reception_yds,Full Game,6.5,Over,-137,underdog|Chris Brooks|player_reception_yds|6.5,0.57805907,0.5,https://api.the-odds-api.com/v4/sports/americanfootball_nfl
2026,3,e5fbd3b3953b896b1bf897ddadb3cc4b,2026-09-25T00:15:00Z,Underdog,underdog,2026-09-24T19:58:23Z,Green Bay Packers,Atlanta Falcons,Chris Brooks,,,WR,player_reception_yds,Full Game,6.5,Under,-137,underdog|Chris Brooks|player_reception_yds|6.5,0.57805907,0.5,https://api.the-odds-api.com/v4/sports/americanfootball_nfl
2026,3,e5fbd3b3953b896b1bf897ddadb3cc4b,2026-09-25T00:15:00Z,Underdog,underdog,2026-09-24T19:58:23Z,Green Bay Packers,Atlanta Falcons,MarShawn Lloyd,,,WR,player_reception_yds,Full Game,5.5,Over,-137,underdog|MarShawn Lloyd|player_reception_yds|5.5,0.57805907,0.5,https://api.the-odds-api.com/v4/sports/americanfootball_nfl
2026,3,e5fbd3b3953b896b1bf897ddadb3cc4b,2026-09-25T00:15:00Z,Underdog,underdog,2026-09-24T19:58:23Z,Green Bay Packers,Atlanta Falcons,MarShawn Lloyd,,,WR,player_reception_yds,Full Game,5.5,Under,-137,underdog|MarShawn Lloyd|player_reception_yds|5.5,0.57805907,0.5,https://api.the-odds-api.com/v4/sports/americanfootball_nfl
2026,3,e5fbd3b3953b896b1bf897ddadb3cc4b,2026-09-25T00:15:00Z,Underdog,underdog,2026-09-24T19:58:23Z,Green Bay Packers,Atlanta Falcons,Skyy Moore,,,WR,player_reception_yds,Full Game,12.5,Over,-137,underdog|Skyy Moore|player_reception_yds|12.5,0.57805907,0.5,https://api.the-odds-api.com/v4/sports/americanfootball_nfl
2026,3,e5fbd3b3953b896b1bf897ddadb3cc4b,2026-09-25T00:15:00Z,Underdog,underdog,2026-09-24T19:58:23Z,Green Bay Packers,Atlanta Falcons,Skyy Moore,,,WR,player_reception_yds,Full Game,12.5,Under,-137,underdog|Skyy Moore|player_reception_yds|12.5,0.57805907,0.5,https://api.the-odds-api.com/v4/sports/americanfootball_nfl
2026,3,e5fbd3b3953b896b1bf897ddadb3cc4b,2026-09-25T00:15:00Z,Underdog,underdog,2026-09-24T19:58:23Z,Green Bay Packers,Atlanta Falcons,Christian Watson,,,WR,player_reception_yds,Full Game,71.5,Over,-137,underdog|Christian Watson|player_reception_yds|71.5,0.57805907,0.5,https://api.the-odds-api.com/v4/sports/americanfootball_nfl
2026,3,e5fbd3b3953b896b1bf897ddadb3cc4b,2026-09-25T00:15:00Z,Underdog,underdog,2026-09-24T19:58:23Z,Green Bay Packers,Atlanta Falcons,Christian Watson,,,WR,player_reception_yds,Full Game,71.5,Under,-137,underdog|Christian Watson|player_reception_yds|71.5,0.57805907,0.5,https://api.the-odds-api.com/v4/sports/americanfootball_nfl
2026,3,e5fbd3b3953b896b1bf897ddadb3cc4b,2026-09-25T00:15:00Z,Underdog,underdog,2026-09-24T19:58:23Z,Green Bay Packers,Atlanta Falcons,Bijan Robinson,,,RB,player_rush_yds,Full Game,77.5,Over,-137,underdog|Bijan Robinson|player_rush_yds|77.5,0.57805907,0.5,https://api.the-odds-api.com/v4/sports/americanfootball_nfl
2026,3,e5fbd3b3953b896b1bf897ddadb3cc4b,2026-09-25T00:15:00Z,Underdog,underdog,2026-09-24T19:58:23Z,Green Bay Packers,Atlanta Falcons,Bijan Robinson,,,RB,player_rush_yds,Full Game,77.5,Under,-137,underdog|Bijan Robinson|player_rush_yds|77.5,0.57805907,0.5,https://api.the-odds-api.com/v4/sports/americanfootball_nfl
2026,3,e5fbd3b3953b896b1bf897ddadb3cc4b,2026-09-25T00:15:00Z,Underdog,underdog,2026-09-24T19:58:23Z,Green Bay Packers,Atlanta Falcons,Kaleb Johnson,,,RB,player_rush_yds,Full Game,38.5,Over,-137,underdog|Kaleb Johnson|player_rush_yds|38.5,0.57805907,0.5,https://api.the-odds-api.com/v4/sports/americanfootball_nfl
2026,3,e5fbd3b3953b896b1bf897ddadb3cc4b,2026-09-25T00:15:00Z,Underdog,underdog,2026-09-24T19:58:23Z,Green Bay Packers,Atlanta Falcons,Kaleb Johnson,,,RB,player_rush_yds,Full Game,38.5,Under,-137,underdog|Kaleb Johnson|player_rush_yds|38.5,0.57805907,0.5,https://api.the-odds-api.com/v4/sports/americanfootball_nfl
2026,3,e5fbd3b3953b896b1bf897ddadb3cc4b,2026-09-25T00:15:00Z,Underdog,underdog,2026-09-24T19:58:23Z,Green Bay Packers,Atlanta Falcons,Brian Robinson Jr.,,,RB,player_rush_yds,Full Game,24.5,Over,-137,underdog|Brian Robinson Jr.|player_rush_yds|24.5,0.57805907,0.5,https://api.the-odds-api.com/v4/sports/americanfootball_nfl
2026,3,e5fbd3b3953b896b1bf897ddadb3cc4b,2026-09-25T00:15:00Z,Underdog,underdog,2026-09-24T19:58:23Z,Green Bay Packers,Atlanta Falcons,Brian Robinson Jr.,,,RB,player_rush_yds,Full Game,24.5,Under,-137,underdog|Brian Robinson Jr.|player_rush_yds|24.5,0.57805907,0.5,https://api.the-odds-api.com/v4/sports/americanfootball_nfl
2026,3,e5fbd3b3953b896b1bf897ddadb3cc4b,2026-09-25T00:15:00Z,Underdog,underdog,2026-09-24T19:58:23Z,Green Bay Packers,Atlanta Falcons,Jordan Love,,,RB,player_rush_yds,Full Game,7.5,Over,-137,underdog|Jordan Love|player_rush_yds|7.5,0.57805907,0.5,https://api.the-odds-api.com/v4/sports/americanfootball_nfl
2026,3,e5fbd3b3953b896b1bf897ddadb3cc4b,2026-09-25T00:15:00Z,Underdog,underdog,2026-09-24T19:58:23Z,Green Bay Packers,Atlanta Falcons,Jordan Love,,,RB,player_rush_yds,Full Game,7.5,Under,-137,underdog|Jordan Love|player_rush_yds|7.5,0.57805907,0.5,https://api.the-odds-api.com/v4/sports/americanfootball_nfl
2026,3,e5fbd3b3953b896b1bf897ddadb3cc4b,2026-09-25T00:15:00Z,Underdog,underdog,2026-09-24T19:58:23Z,Green Bay Packers,Atlanta Falcons,Chris Brooks,,,RB,player_rush_yds,Full Game,14.5,Over,-137,underdog|Chris Brooks|player_rush_yds|14.5,0.57805907,0.5,https://api.the-odds-api.com/v4/sports/americanfootball_nfl
2026,3,e5fbd3b3953b896b1bf897ddadb3cc4b,2026-09-25T00:15:00Z,Underdog,underdog,2026-09-24T19:58:23Z,Green Bay Packers,Atlanta Falcons,Chris Brooks,,,RB,player_rush_yds,Full Game,14.5,Under,-137,underdog|Chris Brooks|player_rush_yds|14.5,0.57805907,0.5,https://api.the-odds-api.com/v4/sports/americanfootball_nfl
2026,3,e5fbd3b3953b896b1bf897ddadb3cc4b,2026-09-25T00:15:00Z,Underdog,underdog,2026-09-24T19:58:23Z,Green Bay Packers,Atlanta Falcons,MarShawn Lloyd,,,RB,player_rush_yds,Full Game,25.5,Over,-137,underdog|MarShawn Lloyd|player_rush_yds|25.5,0.57805907,0.5,https://api.the-odds-api.com/v4/sports/americanfootball_nfl
2026,3,e5fbd3b3953b896b1bf897ddadb3cc4b,2026-09-25T00:15:00Z,Underdog,underdog,2026-09-24T19:58:23Z,Green Bay Packers,Atlanta Falcons,MarShawn Lloyd,,,RB,player_rush_yds,Full Game,25.5,Under,-137,underdog|MarShawn Lloyd|player_rush_yds|25.5,0.57805907,0.5,https://api.the-odds-api.com/v4/sports/americanfootball_nfl
2026,3,e5fbd3b3953b896b1bf897ddadb3cc4b,2026-09-25T00:15:00Z,DraftKings Pick6,pick6,2026-09-24T19:58:54Z,Green Bay Packers,Atlanta Falcons,Tucker Kraft,,,WR,player_reception_yds,Full Game,46.5,Over,-137,pick6|Tucker Kraft|player_reception_yds|46.5,0.57805907,0.5,https://api.the-odds-api.com/v4/sports/americanfootball_nfl
2026,3,e5fbd3b3953b896b1bf897ddadb3cc4b,2026-09-25T00:15:00Z,DraftKings Pick6,pick6,2026-09-24T19:58:54Z,Green Bay Packers,Atlanta Falcons,Tucker Kraft,,,WR,player_reception_yds,Full Game,46.5,Under,-137,pick6|Tucker Kraft|player_reception_yds|46.5,0.57805907,0.5,https://api.the-odds-api.com/v4/sports/americanfootball_nfl
2026,3,e5fbd3b3953b896b1bf897ddadb3cc4b,2026-09-25T00:15:00Z,DraftKings Pick6,pick6,2026-09-24T19:58:54Z,Green Bay Packers,Atlanta Falcons,Kyle Pitts,,,WR,player_reception_yds,Full Game,36.5,Over,-137,pick6|Kyle Pitts|player_reception_yds|36.5,0.57805907,0.5,https://api.the-odds-api.com/v4/sports/americanfootball_nfl
2026,3,e5fbd3b3953b896b1bf897ddadb3cc4b,2026-09-25T00:15:00Z,DraftKings Pick6,pick6,2026-09-24T19:58:54Z,Green Bay Packers,Atlanta Falcons,Kyle Pitts,,,WR,player_reception_yds,Full Game,36.5,Under,-137,pick6|Kyle Pitts|player_reception_yds|36.5,0.57805907,0.5,https://api.the-odds-api.com/v4/sports/americanfootball_nfl
2026,3,e5fbd3b3953b896b1bf897ddadb3cc4b,2026-09-25T00:15:00Z,DraftKings Pick6,pick6,2026-09-24T19:58:54Z,Green Bay Packers,Atlanta Falcons,Jahan Dotson,,,WR,player_reception_yds,Full Game,16.5,Over,-137,pick6|Jahan Dotson|player_reception_yds|16.5,0.57805907,0.5,https://api.the-odds-api.com/v4/sports/americanfootball_nfl
2026,3,e5fbd3b3953b896b1bf897ddadb3cc4b,2026-09-25T00:15:00Z,DraftKings Pick6,pick6,2026-09-24T19:58:54Z,Green Bay Packers,Atlanta Falcons,Jahan Dotson,,,WR,player_reception_yds,Full Game,16.5,Under,-137,pick6|Jahan Dotson|player_reception_yds|16.5,0.57805907,0.5,https://api.the-odds-api.com/v4/sports/americanfootball_nfl
2026,3,e5fbd3b3953b896b1bf897ddadb3cc4b,2026-09-25T00:15:00Z,DraftKings Pick6,pick6,2026-09-24T19:58:54Z,Green Bay Packers,Atlanta Falcons,Skyy Moore,,,WR,player_reception_yds,Full Game,11.5,Over,-137,pick6|Skyy Moore|player_reception_yds|11.5,0.57805907,0.5,https://api.the-odds-api.com/v4/sports/americanfootball_nfl
2026,3,e5fbd3b3953b896b1bf897ddadb3cc4b,2026-09-25T00:15:00Z,DraftKings Pick6,pick6,2026-09-24T19:58:54Z,Green Bay Packers,Atlanta Falcons,Skyy Moore,,,WR,player_reception_yds,Full Game,11.5,Under,-137,pick6|Skyy Moore|player_reception_yds|11.5,0.57805907,0.5,https://api.the-odds-api.com/v4/sports/americanfootball_nfl
2026,3,e5fbd3b3953b896b1bf897ddadb3cc4b,2026-09-25T00:15:00Z,DraftKings Pick6,pick6,2026-09-24T19:58:54Z,Green Bay Packers,Atlanta Falcons,Olamide Zaccheaus,,,WR,player_reception_yds,Full Game,10.5,Over,-137,pick6|Olamide Zaccheaus|player_reception_yds|10.5,0.57805907,0.5,https://api.the-odds-api.com/v4/sports/americanfootball_nfl
2026,3,e5fbd3b3953b896b1bf897ddadb3cc4b,2026-09-25T00:15:00Z,DraftKings Pick6,pick6,2026-09-24T19:58:54Z,Green Bay Packers,Atlanta Falcons,Olamide Zaccheaus,,,WR,player_reception_yds,Full Game,10.5,Under,-137,pick6|Olamide Zaccheaus|player_reception_yds|10.5,0.57805907,0.5,https://api.the-odds-api.com/v4/sports/americanfootball_nfl
2026,3,e5fbd3b3953b896b1bf897ddadb3cc4b,2026-09-25T00:15:00Z,DraftKings Pick6,pick6,2026-09-24T19:58:54Z,Green Bay Packers,Atlanta Falcons,Jonnu Smith,,,WR,player_reception_yds,Full Game,8.5,Over,-137,pick6|Jonnu Smith|player_reception_yds|8.5,0.57805907,0.5,https://api.the-odds-api.com/v4/sports/americanfootball_nfl
2026,3,e5fbd3b3953b896b1bf897ddadb3cc4b,2026-09-25T00:15:00Z,DraftKings Pick6,pick6,2026-09-24T19:58:54Z,Green Bay Packers,Atlanta Falcons,Jonnu Smith,,,WR,player_reception_yds,Full Game,8.5,Under,-137,pick6|Jonnu Smith|player_reception_yds|8.5,0.57805907,0.5,https://api.the-odds-api.com/v4/sports/americanfootball_nfl
2026,3,e5fbd3b3953b896b1bf897ddadb3cc4b,2026-09-25T00:15:00Z,DraftKings Pick6,pick6,2026-09-24T19:58:54Z,Green Bay Packers,Atlanta Falcons,Christian Watson,,,WR,player_reception_yds,Full Game,72.5,Over,-137,pick6|Christian Watson|player_reception_yds|72.5,0.57805907,0.5,https://api.the-odds-api.com/v4/sports/americanfootball_nfl
2026,3,e5fbd3b3953b896b1bf897ddadb3cc4b,2026-09-25T00:15:00Z,DraftKings Pick6,pick6,2026-09-24T19:58:54Z,Green Bay Packers,Atlanta Falcons,Christian Watson,,,WR,player_reception_yds,Full Game,72.5,Under,-137,pick6|Christian Watson|player_reception_yds|72.5,0.57805907,0.5,https://api.the-odds-api.com/v4/sports/americanfootball_nfl
2026,3,e5fbd3b3953b896b1bf897ddadb3cc4b,2026-09-25T00:15:00Z,DraftKings Pick6,pick6,2026-09-24T19:58:54Z,Green Bay Packers,Atlanta Falcons,Drake London,,,WR,player_reception_yds,Full Game,67.5,Over,-137,pick6|Drake London|player_reception_yds|67.5,0.57805907,0.5,https://api.the-odds-api.com/v4/sports/americanfootball_nfl
2026,3,e5fbd3b3953b896b1bf897ddadb3cc4b,2026-09-25T00:15:00Z,DraftKings Pick6,pick6,2026-09-24T19:58:54Z,Green Bay Packers,Atlanta Falcons,Drake London,,,WR,player_reception_yds,Full Game,67.5,Under,-137,pick6|Drake London|player_reception_yds|67.5,0.57805907,0.5,https://api.the-odds-api.com/v4/sports/americanfootball_nfl
2026,3,e5fbd3b3953b896b1bf897ddadb3cc4b,2026-09-25T00:15:00Z,DraftKings Pick6,pick6,2026-09-24T19:58:54Z,Green Bay Packers,Atlanta Falcons,Matthew Golden,,,WR,player_reception_yds,Full Game,54.5,Over,-137,pick6|Matthew Golden|player_reception_yds|54.5,0.57805907,0.5,https://api.the-odds-api.com/v4/sports/americanfootball_nfl
2026,3,e5fbd3b3953b896b1bf897ddadb3cc4b,2026-09-25T00:15:00Z,DraftKings Pick6,pick6,2026-09-24T19:58:54Z,Green Bay Packers,Atlanta Falcons,Matthew Golden,,,WR,player_reception_yds,Full Game,54.5,Under,-137,pick6|Matthew Golden|player_reception_yds|54.5,0.57805907,0.5,https://api.the-odds-api.com/v4/sports/americanfootball_nfl
2026,3,e5fbd3b3953b896b1bf897ddadb3cc4b,2026-09-25T00:15:00Z,DraftKings Pick6,pick6,2026-09-24T19:58:54Z,Green Bay Packers,Atlanta Falcons,Chris Brooks,,,WR,player_reception_yds,Full Game,7.5,Over,-137,pick6|Chris Brooks|player_reception_yds|7.5,0.57805907,0.5,https://api.the-odds-api.com/v4/sports/americanfootball_nfl
2026,3,e5fbd3b3953b896b1bf897ddadb3cc4b,2026-09-25T00:15:00Z,DraftKings Pick6,pick6,2026-09-24T19:58:54Z,Green Bay Packers,Atlanta Falcons,Chris Brooks,,,WR,player_reception_yds,Full Game,7.5,Under,-137,pick6|Chris Brooks|player_reception_yds|7.5,0.57805907,0.5,https://api.the-odds-api.com/v4/sports/americanfootball_nfl
2026,3,e5fbd3b3953b896b1bf897ddadb3cc4b,2026-09-25T00:15:00Z,DraftKings Pick6,pick6,2026-09-24T19:58:54Z,Green Bay Packers,Atlanta Falcons,MarShawn Lloyd,,,WR,player_reception_yds,Full Game,5.5,Over,-137,pick6|MarShawn Lloyd|player_reception_yds|5.5,0.57805907,0.5,https://api.the-odds-api.com/v4/sports/americanfootball_nfl
2026,3,e5fbd3b3953b896b1bf897ddadb3cc4b,2026-09-25T00:15:00Z,DraftKings Pick6,pick6,2026-09-24T19:58:54Z,Green Bay Packers,Atlanta Falcons,MarShawn Lloyd,,,WR,player_reception_yds,Full Game,5.5,Under,-137,pick6|MarShawn Lloyd|player_reception_yds|5.5,0.57805907,0.5,https://api.the-odds-api.com/v4/sports/americanfootball_nfl
2026,3,e5fbd3b3953b896b1bf897ddadb3cc4b,2026-09-25T00:15:00Z,DraftKings Pick6,pick6,2026-09-24T19:58:54Z,Green Bay Packers,Atlanta Falcons,Bijan Robinson,,,WR,player_reception_yds,Full Game,39.5,Over,-137,pick6|Bijan Robinson|player_reception_yds|39.5,0.57805907,0.5,https://api.the-odds-api.com/v4/sports/americanfootball_nfl
2026,3,e5fbd3b3953b896b1bf897ddadb3cc4b,2026-09-25T00:15:00Z,DraftKings Pick6,pick6,2026-09-24T19:58:54Z,Green Bay Packers,Atlanta Falcons,Bijan Robinson,,,WR,player_reception_yds,Full Game,39.5,Under,-137,pick6|Bijan Robinson|player_reception_yds|39.5,0.57805907,0.5,https://api.the-odds-api.com/v4/sports/americanfootball_nfl
2026,3,e5fbd3b3953b896b1bf897ddadb3cc4b,2026-09-25T00:15:00Z,DraftKings Pick6,pick6,2026-09-24T19:58:54Z,Green Bay Packers,Atlanta Falcons,Bijan Robinson,,,RB,player_rush_yds,Full Game,78.5,Over,-137,pick6|Bijan Robinson|player_rush_yds|78.5,0.57805907,0.5,https://api.the-odds-api.com/v4/sports/americanfootball_nfl
2026,3,e5fbd3b3953b896b1bf897ddadb3cc4b,2026-09-25T00:15:00Z,DraftKings Pick6,pick6,2026-09-24T19:58:54Z,Green Bay Packers,Atlanta Falcons,Bijan Robinson,,,RB,player_rush_yds,Full Game,78.5,Under,-137,pick6|Bijan Robinson|player_rush_yds|78.5,0.57805907,0.5,https://api.the-odds-api.com/v4/sports/americanfootball_nfl
2026,3,e5fbd3b3953b896b1bf897ddadb3cc4b,2026-09-25T00:15:00Z,DraftKings Pick6,pick6,2026-09-24T19:58:54Z,Green Bay Packers,Atlanta Falcons,Kaleb Johnson,,,RB,player_rush_yds,Full Game,38.5,Over,-137,pick6|Kaleb Johnson|player_rush_yds|38.5,0.57805907,0.5,https://api.the-odds-api.com/v4/sports/americanfootball_nfl
2026,3,e5fbd3b3953b896b1bf897ddadb3cc4b,2026-09-25T00:15:00Z,DraftKings Pick6,pick6,2026-09-24T19:58:54Z,Green Bay Packers,Atlanta Falcons,Kaleb Johnson,,,RB,player_rush_yds,Full Game,38.5,Under,-137,pick6|Kaleb Johnson|player_rush_yds|38.5,0.57805907,0.5,https://api.the-odds-api.com/v4/sports/americanfootball_nfl
2026,3,e5fbd3b3953b896b1bf897ddadb3cc4b,2026-09-25T00:15:00Z,DraftKings Pick6,pick6,2026-09-24T19:58:54Z,Green Bay Packers,Atlanta Falcons,MarShawn Lloyd,,,RB,player_rush_yds,Full Game,24.5,Over,-137,pick6|MarShawn Lloyd|player_rush_yds|24.5,0.57805907,0.5,https://api.the-odds-api.com/v4/sports/americanfootball_nfl
2026,3,e5fbd3b3953b896b1bf897ddadb3cc4b,2026-09-25T00:15:00Z,DraftKings Pick6,pick6,2026-09-24T19:58:54Z,Green Bay Packers,Atlanta Falcons,MarShawn Lloyd,,,RB,player_rush_yds,Full Game,24.5,Under,-137,pick6|MarShawn Lloyd|player_rush_yds|24.5,0.57805907,0.5,https://api.the-odds-api.com/v4/sports/americanfootball_nfl
2026,3,e5fbd3b3953b896b1bf897ddadb3cc4b,2026-09-25T00:15:00Z,DraftKings Pick6,pick6,2026-09-24T19:58:54Z,Green Bay Packers,Atlanta Falcons,Brian Robinson Jr.,,,RB,player_rush_yds,Full Game,23.5,Over,-137,pick6|Brian Robinson Jr.|player_rush_yds|23.5,0.57805907,0.5,https://api.the-odds-api.com/v4/sports/americanfootball_nfl
2026,3,e5fbd3b3953b896b1bf897ddadb3cc4b,2026-09-25T00:15:00Z,DraftKings Pick6,pick6,2026-09-24T19:58:54Z,Green Bay Packers,Atlanta Falcons,Brian Robinson Jr.,,,RB,player_rush_yds,Full Game,23.5,Under,-137,pick6|Brian Robinson Jr.|player_rush_yds|23.5,0.57805907,0.5,https://api.the-odds-api.com/v4/sports/americanfootball_nfl
2026,3,e5fbd3b3953b896b1bf897ddadb3cc4b,2026-09-25T00:15:00Z,DraftKings Pick6,pick6,2026-09-24T19:58:54Z,Green Bay Packers,Atlanta Falcons,Chris Brooks,,,RB,player_rush_yds,Full Game,14.5,Over,-137,pick6|Chris Brooks|player_rush_yds|14.5,0.57805907,0.5,https://api.the-odds-api.com/v4/sports/americanfootball_nfl
2026,3,e5fbd3b3953b896b1bf897ddadb3cc4b,2026-09-25T00:15:00Z,DraftKings Pick6,pick6,2026-09-24T19:58:54Z,Green Bay Packers,Atlanta Falcons,Chris Brooks,,,RB,player_rush_yds,Full Game,14.5,Under,-137,pick6|Chris Brooks|player_rush_yds|14.5,0.57805907,0.5,https://api.the-odds-api.com/v4/sports/americanfootball_nfl
2026,3,e5fbd3b3953b896b1bf897ddadb3cc4b,2026-09-25T00:15:00Z,DraftKings Pick6,pick6,2026-09-24T19:58:54Z,Green Bay Packers,Atlanta Falcons,Jordan Love,,,RB,player_rush_yds,Full Game,7.5,Over,-137,pick6|Jordan Love|player_rush_yds|7.5,0.57805907,0.5,https://api.the-odds-api.com/v4/sports/americanfootball_nfl
2026,3,e5fbd3b3953b896b1bf897ddadb3cc4b,2026-09-25T00:15:00Z,DraftKings Pick6,pick6,2026-09-24T19:58:54Z,Green Bay Packers,Atlanta Falcons,Jordan Love,,,RB,player_rush_yds,Full Game,7.5,Under,-137,pick6|Jordan Love|player_rush_yds|7.5,0.57805907,0.5,https://api.the-odds-api.com/v4/sports/americanfootball_nfl
2026,3,b225458a282e140c44c45651255f2f6c,2026-09-27T17:00:00Z,DraftKings,draftkings,2026-09-24T19:58:21Z,Buffalo Bills,Los Angeles Chargers,Dalton Kincaid,,,WR,player_reception_yds,Full Game,57.5,Over,-114,draftkings|Dalton Kincaid|player_reception_yds|57.5,0.53271028,0.5042123,https://api.the-odds-api.com/v4/sports/americanfootball_nfl
2026,3,b225458a282e140c44c45651255f2f6c,2026-09-27T17:00:00Z,DraftKings,draftkings,2026-09-24T19:58:21Z,Buffalo Bills,Los Angeles Chargers,Dalton Kincaid,,,WR,player_reception_yds,Full Game,57.5,Under,-110,draftkings|Dalton Kincaid|player_reception_yds|57.5,0.52380952,0.4957877,https://api.the-odds-api.com/v4/sports/americanfootball_nfl
2026,3,b225458a282e140c44c45651255f2f6c,2026-09-27T17:00:00Z,DraftKings,draftkings,2026-09-24T19:58:21Z,Buffalo Bills,Los Angeles Chargers,Ladd McConkey,,,WR,player_reception_yds,Full Game,54.5,Over,-111,draftkings|Ladd McConkey|player_reception_yds|54.5,0.52606635,0.49789412,https://api.the-odds-api.com/v4/sports/americanfootball_nfl
2026,3,b225458a282e140c44c45651255f2f6c,2026-09-27T17:00:00Z,DraftKings,draftkings,2026-09-24T19:58:21Z,Buffalo Bills,Los Angeles Chargers,Ladd McConkey,,,WR,player_reception_yds,Full Game,54.5,Under,-113,draftkings|Ladd McConkey|player_reception_yds|54.5,0.53051643,0.50210588,https://api.the-odds-api.com/v4/sports/americanfootball_nfl
2026,3,b225458a282e140c44c45651255f2f6c,2026-09-27T17:00:00Z,DraftKings,draftkings,2026-09-24T19:58:21Z,Buffalo Bills,Los Angeles Chargers,DJ Moore,,,WR,player_reception_yds,Full Game,48.5,Over,-114,draftkings|DJ Moore|player_reception_yds|48.5,0.53271028,0.5042123,https://api.the-odds-api.com/v4/sports/americanfootball_nfl
2026,3,b225458a282e140c44c45651255f2f6c,2026-09-27T17:00:00Z,DraftKings,draftkings,2026-09-24T19:58:21Z,Buffalo Bills,Los Angeles Chargers,DJ Moore,,,WR,player_reception_yds,Full Game,48.5,Under,-110,draftkings|DJ Moore|player_reception_yds|48.5,0.52380952,0.4957877,https://api.the-odds-api.com/v4/sports/americanfootball_nfl
2026,3,b225458a282e140c44c45651255f2f6c,2026-09-27T17:00:00Z,DraftKings,draftkings,2026-09-24T19:58:21Z,Buffalo Bills,Los Angeles Chargers,Khalil Shakir,,,WR,player_reception_yds,Full Game,40.5,Over,-112,draftkings|Khalil Shakir|player_reception_yds|40.5,0.52830189,0.5,https://api.the-odds-api.com/v4/sports/americanfootball_nfl
2026,3,b225458a282e140c44c45651255f2f6c,2026-09-27T17:00:00Z,DraftKings,draftkings,2026-09-24T19:58:21Z,Buffalo Bills,Los Angeles Chargers,Khalil Shakir,,,WR,player_reception_yds,Full Game,40.5,Under,-112,draftkings|Khalil Shakir|player_reception_yds|40.5,0.52830189,0.5,https://api.the-odds-api.com/v4/sports/americanfootball_nfl
2026,3,b225458a282e140c44c45651255f2f6c,2026-09-27T17:00:00Z,DraftKings,draftkings,2026-09-24T19:58:21Z,Buffalo Bills,Los Angeles Chargers,Oronde Gadsden II,,,WR,player_reception_yds,Full Game,35.5,Over,-111,draftkings|Oronde Gadsden II|player_reception_yds|35.5,0.52606635,0.49789412,https://api.the-odds-api.com/v4/sports/americanfootball_nfl
2026,3,b225458a282e140c44c45651255f2f6c,2026-09-27T17:00:00Z,DraftKings,draftkings,2026-09-24T19:58:21Z,Buffalo Bills,Los Angeles Chargers,Oronde Gadsden II,,,WR,player_reception_yds,Full Game,35.5,Under,-113,draftkings|Oronde Gadsden II|player_reception_yds|35.5,0.53051643,0.50210588,https://api.the-odds-api.com/v4/sports/americanfootball_nfl
2026,3,b225458a282e140c44c45651255f2f6c,2026-09-27T17:00:00Z,DraftKings,draftkings,2026-09-24T19:58:21Z,Buffalo Bills,Los Angeles Chargers,Quentin Johnston,,,WR,player_reception_yds,Full Game,35.5,Over,-110,draftkings|Quentin Johnston|player_reception_yds|35.5,0.52380952,0.4957877,https://api.the-odds-api.com/v4/sports/americanfootball_nfl
2026,3,b225458a282e140c44c45651255f2f6c,2026-09-27T17:00:00Z,DraftKings,draftkings,2026-09-24T19:58:21Z,Buffalo Bills,Los Angeles Chargers,Quentin Johnston,,,WR,player_reception_yds,Full Game,35.5,Under,-114,draftkings|Quentin Johnston|player_reception_yds|35.5,0.53271028,0.5042123,https://api.the-odds-api.com/v4/sports/americanfootball_nfl
2026,3,b225458a282e140c44c45651255f2f6c,2026-09-27T17:00:00Z,DraftKings,draftkings,2026-09-24T19:58:21Z,Buffalo Bills,Los Angeles Chargers,Tre Harris,,,WR,player_reception_yds,Full Game,29.5,Over,-115,draftkings|Tre Harris|player_reception_yds|29.5,0.53488372,0.50631978,https://api.the-odds-api.com/v4/sports/americanfootball_nfl
2026,3,b225458a282e140c44c45651255f2f6c,2026-09-27T17:00:00Z,DraftKings,draftkings,2026-09-24T19:58:21Z,Buffalo Bills,Los Angeles Chargers,Tre Harris,,,WR,player_reception_yds,Full Game,29.5,Under,-109,draftkings|Tre Harris|player_reception_yds|29.5,0.5215311,0.49368022,https://api.the-odds-api.com/v4/sports/americanfootball_nfl
2026,3,b225458a282e140c44c45651255f2f6c,2026-09-27T17:00:00Z,DraftKings,draftkings,2026-09-24T19:58:21Z,Buffalo Bills,Los Angeles Chargers,James Cook,,,WR,player_reception_yds,Full Game,11.5,Over,-111,draftkings|James Cook|player_reception_yds|11.5,0.52606635,0.49789412,https://api.the-odds-api.com/v4/sports/americanfootball_nfl
2026,3,b225458a282e140c44c45651255f2f6c,2026-09-27T17:00:00Z,DraftKings,draftkings,2026-09-24T19:58:21Z,Buffalo Bills,Los Angeles Chargers,James Cook,,,WR,player_reception_yds,Full Game,11.5,Under,-113,draftkings|James Cook|player_reception_yds|11.5,0.53051643,0.50210588,https://api.the-odds-api.com/v4/sports/americanfootball_nfl
2026,3,b225458a282e140c44c45651255f2f6c,2026-09-27T17:00:00Z,DraftKings,draftkings,2026-09-24T19:58:21Z,Buffalo Bills,Los Angeles Chargers,Omarion Hampton,,,WR,player_reception_yds,Full Game,10.5,Over,-117,draftkings|Omarion Hampton|player_reception_yds|10.5,0.53917051,0.51054008,https://api.the-odds-api.com/v4/sports/americanfootball_nfl
2026,3,b225458a282e140c44c45651255f2f6c,2026-09-27T17:00:00Z,DraftKings,draftkings,2026-09-24T19:58:21Z,Buffalo Bills,Los Angeles Chargers,Omarion Hampton,,,WR,player_reception_yds,Full Game,10.5,Under,-107,draftkings|Omarion Hampton|player_reception_yds|10.5,0.51690821,0.48945992,https://api.the-odds-api.com/v4/sports/americanfootball_nfl
2026,3,b225458a282e140c44c45651255f2f6c,2026-09-27T17:00:00Z,DraftKings,draftkings,2026-09-24T19:58:21Z,Buffalo Bills,Los Angeles Chargers,James Cook,,,RB,player_rush_yds,Full Game,78.5,Over,-112,draftkings|James Cook|player_rush_yds|78.5,0.52830189,0.5,https://api.the-odds-api.com/v4/sports/americanfootball_nfl
2026,3,b225458a282e140c44c45651255f2f6c,2026-09-27T17:00:00Z,DraftKings,draftkings,2026-09-24T19:58:21Z,Buffalo Bills,Los Angeles Chargers,James Cook,,,RB,player_rush_yds,Full Game,78.5,Under,-112,draftkings|James Cook|player_rush_yds|78.5,0.52830189,0.5,https://api.the-odds-api.com/v4/sports/americanfootball_nfl
2026,3,b225458a282e140c44c45651255f2f6c,2026-09-27T17:00:00Z,DraftKings,draftkings,2026-09-24T19:58:21Z,Buffalo Bills,Los Angeles Chargers,Omarion Hampton,,,RB,player_rush_yds,Full Game,61.5,Over,-109,draftkings|Omarion Hampton|player_rush_yds|61.5,0.5215311,0.49368022,https://api.the-odds-api.com/v4/sports/americanfootball_nfl
2026,3,b225458a282e140c44c45651255f2f6c,2026-09-27T17:00:00Z,DraftKings,draftkings,2026-09-24T19:58:21Z,Buffalo Bills,Los Angeles Chargers,Omarion Hampton,,,RB,player_rush_yds,Full Game,61.5,Under,-115,draftkings|Omarion Hampton|player_rush_yds|61.5,0.53488372,0.50631978,https://api.the-odds-api.com/v4/sports/americanfootball_nfl
2026,3,b225458a282e140c44c45651255f2f6c,2026-09-27T17:00:00Z,DraftKings,draftkings,2026-09-24T19:58:21Z,Buffalo Bills,Los Angeles Chargers,Josh Allen,,,RB,player_rush_yds,Full Game,34.5,Over,-113,draftkings|Josh Allen|player_rush_yds|34.5,0.53051643,0.50210588,https://api.the-odds-api.com/v4/sports/americanfootball_nfl
2026,3,b225458a282e140c44c45651255f2f6c,2026-09-27T17:00:00Z,DraftKings,draftkings,2026-09-24T19:58:21Z,Buffalo Bills,Los Angeles Chargers,Josh Allen,,,RB,player_rush_yds,Full Game,34.5,Under,-111,draftkings|Josh Allen|player_rush_yds|34.5,0.52606635,0.49789412,https://api.the-odds-api.com/v4/sports/americanfootball_nfl
2026,3,b225458a282e140c44c45651255f2f6c,2026-09-27T17:00:00Z,DraftKings,draftkings,2026-09-24T19:58:21Z,Buffalo Bills,Los Angeles Chargers,Justin Herbert,,,RB,player_rush_yds,Full Game,19.5,Over,-107,draftkings|Justin Herbert|player_rush_yds|19.5,0.51690821,0.48945992,https://api.the-odds-api.com/v4/sports/americanfootball_nfl
2026,3,b225458a282e140c44c45651255f2f6c,2026-09-27T17:00:00Z,DraftKings,draftkings,2026-09-24T19:58:21Z,Buffalo Bills,Los Angeles Chargers,Justin Herbert,,,RB,player_rush_yds,Full Game,19.5,Under,-117,draftkings|Justin Herbert|player_rush_yds|19.5,0.53917051,0.51054008,https://api.the-odds-api.com/v4/sports/americanfootball_nfl
2026,3,b225458a282e140c44c45651255f2f6c,2026-09-27T17:00:00Z,DraftKings,draftkings,2026-09-24T19:58:21Z,Buffalo Bills,Los Angeles Chargers,Keaton Mitchell,,,RB,player_rush_yds,Full Game,14.5,Over,-107,draftkings|Keaton Mitchell|player_rush_yds|14.5,0.51690821,0.48945992,https://api.the-odds-api.com/v4/sports/americanfootball_nfl
2026,3,b225458a282e140c44c45651255f2f6c,2026-09-27T17:00:00Z,DraftKings,draftkings,2026-09-24T19:58:21Z,Buffalo Bills,Los Angeles Chargers,Keaton Mitchell,,,RB,player_rush_yds,Full Game,14.5,Under,-117,draftkings|Keaton Mitchell|player_rush_yds|14.5,0.53917051,0.51054008,https://api.the-odds-api.com/v4/sports/americanfootball_nfl
2026,3,b225458a282e140c44c45651255f2f6c,2026-09-27T17:00:00Z,FanDuel,fanduel,2026-09-24T19:59:07Z,Buffalo Bills,Los Angeles Chargers,Omarion Hampton,,,WR,player_reception_yds,Full Game,11.5,Over,-114,fanduel|Omarion Hampton|player_reception_yds|11.5,0.53271028,0.5,https://api.the-odds-api.com/v4/sports/americanfootball_nfl
2026,3,b225458a282e140c44c45651255f2f6c,2026-09-27T17:00:00Z,FanDuel,fanduel,2026-09-24T19:59:07Z,Buffalo Bills,Los Angeles Chargers,Omarion Hampton,,,WR,player_reception_yds,Full Game,11.5,Under,-114,fanduel|Omarion Hampton|player_reception_yds|11.5,0.53271028,0.5,https://api.the-odds-api.com/v4/sports/americanfootball_nfl
2026,3,b225458a282e140c44c45651255f2f6c,2026-09-27T17:00:00Z,FanDuel,fanduel,2026-09-24T19:59:07Z,Buffalo Bills,Los Angeles Chargers,Quentin Johnston,,,WR,player_reception_yds,Full Game,35.5,Over,-114,fanduel|Quentin Johnston|player_reception_yds|35.5,0.53271028,0.5,https://api.the-odds-api.com/v4/sports/americanfootball_nfl
2026,3,b225458a282e140c44c45651255f2f6c,2026-09-27T17:00:00Z,FanDuel,fanduel,2026-09-24T19:59:07Z,Buffalo Bills,Los Angeles Chargers,Quentin Johnston,,,WR,player_reception_yds,Full Game,35.5,Under,-114,fanduel|Quentin Johnston|player_reception_yds|35.5,0.53271028,0.5,https://api.the-odds-api.com/v4/sports/americanfootball_nfl
2026,3,b225458a282e140c44c45651255f2f6c,2026-09-27T17:00:00Z,FanDuel,fanduel,2026-09-24T19:59:07Z,Buffalo Bills,Los Angeles Chargers,Tre Harris,,,WR,player_reception_yds,Full Game,31.5,Over,-114,fanduel|Tre Harris|player_reception_yds|31.5,0.53271028,0.5,https://api.the-odds-api.com/v4/sports/americanfootball_nfl
2026,3,b225458a282e140c44c45651255f2f6c,2026-09-27T17:00:00Z,FanDuel,fanduel,2026-09-24T19:59:07Z,Buffalo Bills,Los Angeles Chargers,Tre Harris,,,WR,player_reception_yds,Full Game,31.5,Under,-114,fanduel|Tre Harris|player_reception_yds|31.5,0.53271028,0.5,https://api.the-odds-api.com/v4/sports/americanfootball_nfl
2026,3,b225458a282e140c44c45651255f2f6c,2026-09-27T17:00:00Z,FanDuel,fanduel,2026-09-24T19:59:07Z,Buffalo Bills,Los Angeles Chargers,Oronde Gadsden II,,,WR,player_reception_yds,Full Game,35.5,Over,-114,fanduel|Oronde Gadsden II|player_reception_yds|35.5,0.53271028,0.5,https://api.the-odds-api.com/v4/sports/americanfootball_nfl
2026,3,b225458a282e140c44c45651255f2f6c,2026-09-27T17:00:00Z,FanDuel,fanduel,2026-09-24T19:59:07Z,Buffalo Bills,Los Angeles Chargers,Oronde Gadsden II,,,WR,player_reception_yds,Full Game,35.5,Under,-114,fanduel|Oronde Gadsden II|player_reception_yds|35.5,0.53271028,0.5,https://api.the-odds-api.com/v4/sports/americanfootball_nfl
2026,3,b225458a282e140c44c45651255f2f6c,2026-09-27T17:00:00Z,FanDuel,fanduel,2026-09-24T19:59:07Z,Buffalo Bills,Los Angeles Chargers,DJ Moore,,,WR,player_reception_yds,Full Game,49.5,Over,-114,fanduel|DJ Moore|player_reception_yds|49.5,0.53271028,0.5,https://api.the-odds-api.com/v4/sports/americanfootball_nfl
2026,3,b225458a282e140c44c45651255f2f6c,2026-09-27T17:00:00Z,FanDuel,fanduel,2026-09-24T19:59:07Z,Buffalo Bills,Los Angeles Chargers,DJ Moore,,,WR,player_reception_yds,Full Game,49.5,Under,-114,fanduel|DJ Moore|player_reception_yds|49.5,0.53271028,0.5,https://api.the-odds-api.com/v4/sports/americanfootball_nfl
2026,3,b225458a282e140c44c45651255f2f6c,2026-09-27T17:00:00Z,FanDuel,fanduel,2026-09-24T19:59:07Z,Buffalo Bills,Los Angeles Chargers,Ladd McConkey,,,WR,player_reception_yds,Full Game,54.5,Over,-114,fanduel|Ladd McConkey|player_reception_yds|54.5,0.53271028,0.5,https://api.the-odds-api.com/v4/sports/americanfootball_nfl
2026,3,b225458a282e140c44c45651255f2f6c,2026-09-27T17:00:00Z,FanDuel,fanduel,2026-09-24T19:59:07Z,Buffalo Bills,Los Angeles Chargers,Ladd McConkey,,,WR,player_reception_yds,Full Game,54.5,Under,-114,fanduel|Ladd McConkey|player_reception_yds|54.5,0.53271028,0.5,https://api.the-odds-api.com/v4/sports/americanfootball_nfl
2026,3,b225458a282e140c44c45651255f2f6c,2026-09-27T17:00:00Z,FanDuel,fanduel,2026-09-24T19:59:07Z,Buffalo Bills,Los Angeles Chargers,James Cook,,,WR,player_reception_yds,Full Game,10.5,Over,-114,fanduel|James Cook|player_reception_yds|10.5,0.53271028,0.5,https://api.the-odds-api.com/v4/sports/americanfootball_nfl
2026,3,b225458a282e140c44c45651255f2f6c,2026-09-27T17:00:00Z,FanDuel,fanduel,2026-09-24T19:59:07Z,Buffalo Bills,Los Angeles Chargers,James Cook,,,WR,player_reception_yds,Full Game,10.5,Under,-114,fanduel|James Cook|player_reception_yds|10.5,0.53271028,0.5,https://api.the-odds-api.com/v4/sports/americanfootball_nfl
2026,3,b225458a282e140c44c45651255f2f6c,2026-09-27T17:00:00Z,FanDuel,fanduel,2026-09-24T19:59:07Z,Buffalo Bills,Los Angeles Chargers,Dalton Kincaid,,,WR,player_reception_yds,Full Game,56.5,Over,-114,fanduel|Dalton Kincaid|player_reception_yds|56.5,0.53271028,0.5,https://api.the-odds-api.com/v4/sports/americanfootball_nfl
2026,3,b225458a282e140c44c45651255f2f6c,2026-09-27T17:00:00Z,FanDuel,fanduel,2026-09-24T19:59:07Z,Buffalo Bills,Los Angeles Chargers,Dalton Kincaid,,,WR,player_reception_yds,Full Game,56.5,Under,-114,fanduel|Dalton Kincaid|player_reception_yds|56.5,0.53271028,0.5,https://api.the-odds-api.com/v4/sports/americanfootball_nfl
2026,3,b225458a282e140c44c45651255f2f6c,2026-09-27T17:00:00Z,FanDuel,fanduel,2026-09-24T19:59:07Z,Buffalo Bills,Los Angeles Chargers,Khalil Shakir,,,WR,player_reception_yds,Full Game,43.5,Over,-114,fanduel|Khalil Shakir|player_reception_yds|43.5,0.53271028,0.5,https://api.the-odds-api.com/v4/sports/americanfootball_nfl
2026,3,b225458a282e140c44c45651255f2f6c,2026-09-27T17:00:00Z,FanDuel,fanduel,2026-09-24T19:59:07Z,Buffalo Bills,Los Angeles Chargers,Khalil Shakir,,,WR,player_reception_yds,Full Game,43.5,Under,-114,fanduel|Khalil Shakir|player_reception_yds|43.5,0.53271028,0.5,https://api.the-odds-api.com/v4/sports/americanfootball_nfl
2026,3,b225458a282e140c44c45651255f2f6c,2026-09-27T17:00:00Z,FanDuel,fanduel,2026-09-24T19:59:07Z,Buffalo Bills,Los Angeles Chargers,Justin Herbert,,,RB,player_rush_yds,Full Game,19.5,Over,-114,fanduel|Justin Herbert|player_rush_yds|19.5,0.53271028,0.5,https://api.the-odds-api.com/v4/sports/americanfootball_nfl
2026,3,b225458a282e140c44c45651255f2f6c,2026-09-27T17:00:00Z,FanDuel,fanduel,2026-09-24T19:59:07Z,Buffalo Bills,Los Angeles Chargers,Justin Herbert,,,RB,player_rush_yds,Full Game,19.5,Under,-114,fanduel|Justin Herbert|player_rush_yds|19.5,0.53271028,0.5,https://api.the-odds-api.com/v4/sports/americanfootball_nfl
2026,3,b225458a282e140c44c45651255f2f6c,2026-09-27T17:00:00Z,FanDuel,fanduel,2026-09-24T19:59:07Z,Buffalo Bills,Los Angeles Chargers,Omarion Hampton,,,RB,player_rush_yds,Full Game,60.5,Over,-114,fanduel|Omarion Hampton|player_rush_yds|60.5,0.53271028,0.5,https://api.the-odds-api.com/v4/sports/americanfootball_nfl
2026,3,b225458a282e140c44c45651255f2f6c,2026-09-27T17:00:00Z,FanDuel,fanduel,2026-09-24T19:59:07Z,Buffalo Bills,Los Angeles Chargers,Omarion Hampton,,,RB,player_rush_yds,Full Game,60.5,Under,-114,fanduel|Omarion Hampton|player_rush_yds|60.5,0.53271028,0.5,https://api.the-odds-api.com/v4/sports/americanfootball_nfl
2026,3,b225458a282e140c44c45651255f2f6c,2026-09-27T17:00:00Z,FanDuel,fanduel,2026-09-24T19:59:07Z,Buffalo Bills,Los Angeles Chargers,James Cook,,,RB,player_rush_yds,Full Game,79.5,Over,-114,fanduel|James Cook|player_rush_yds|79.5,0.53271028,0.5,https://api.the-odds-api.com/v4/sports/americanfootball_nfl
2026,3,b225458a282e140c44c45651255f2f6c,2026-09-27T17:00:00Z,FanDuel,fanduel,2026-09-24T19:59:07Z,Buffalo Bills,Los Angeles Chargers,James Cook,,,RB,player_rush_yds,Full Game,79.5,Under,-114,fanduel|James Cook|player_rush_yds|79.5,0.53271028,0.5,https://api.the-odds-api.com/v4/sports/americanfootball_nfl
2026,3,b225458a282e140c44c45651255f2f6c,2026-09-27T17:00:00Z,FanDuel,fanduel,2026-09-24T19:59:07Z,Buffalo Bills,Los Angeles Chargers,Keaton Mitchell,,,RB,player_rush_yds,Full Game,14.5,Over,-114,fanduel|Keaton Mitchell|player_rush_yds|14.5,0.53271028,0.5,https://api.the-odds-api.com/v4/sports/americanfootball_nfl
2026,3,b225458a282e140c44c45651255f2f6c,2026-09-27T17:00:00Z,FanDuel,fanduel,2026-09-24T19:59:07Z,Buffalo Bills,Los Angeles Chargers,Keaton Mitchell,,,RB,player_rush_yds,Full Game,14.5,Under,-114,fanduel|Keaton Mitchell|player_rush_yds|14.5,0.53271028,0.5,https://api.the-odds-api.com/v4/sports/americanfootball_nfl
2026,3,b225458a282e140c44c45651255f2f6c,2026-09-27T17:00:00Z,FanDuel,fanduel,2026-09-24T19:59:07Z,Buffalo Bills,Los Angeles Chargers,Josh Allen,,,RB,player_rush_yds,Full Game,32.5,Over,-114,fanduel|Josh Allen|player_rush_yds|32.5,0.53271028,0.5,https://api.the-odds-api.com/v4/sports/americanfootball_nfl
2026,3,b225458a282e140c44c45651255f2f6c,2026-09-27T17:00:00Z,FanDuel,fanduel,2026-09-24T19:59:07Z,Buffalo Bills,Los Angeles Chargers,Josh Allen,,,RB,player_rush_yds,Full Game,32.5,Under,-114,fanduel|Josh Allen|player_rush_yds|32.5,0.53271028,0.5,https://api.the-odds-api.com/v4/sports/americanfootball_nfl
2026,3,b225458a282e140c44c45651255f2f6c,2026-09-27T17:00:00Z,BetRivers,betrivers,2026-09-24T19:59:03Z,Buffalo Bills,Los Angeles Chargers,Quentin Johnston,,,WR,player_reception_yds,Full Game,35.5,Over,-117,betrivers|Quentin Johnston|player_reception_yds|35.5,0.53917051,0.5030135,https://api.the-odds-api.com/v4/sports/americanfootball_nfl
2026,3,b225458a282e140c44c45651255f2f6c,2026-09-27T17:00:00Z,BetRivers,betrivers,2026-09-24T19:59:03Z,Buffalo Bills,Los Angeles Chargers,Quentin Johnston,,,WR,player_reception_yds,Full Game,35.5,Under,-114,betrivers|Quentin Johnston|player_reception_yds|35.5,0.53271028,0.4969865,https://api.the-odds-api.com/v4/sports/americanfootball_nfl
2026,3,b225458a282e140c44c45651255f2f6c,2026-09-27T17:00:00Z,BetRivers,betrivers,2026-09-24T19:59:03Z,Buffalo Bills,Los Angeles Chargers,Oronde Gadsden II,,,WR,player_reception_yds,Full Game,35.5,Over,-118,betrivers|Oronde Gadsden II|player_reception_yds|35.5,0.5412844,0.50502331,https://api.the-odds-api.com/v4/sports/americanfootball_nfl
2026,3,b225458a282e140c44c45651255f2f6c,2026-09-27T17:00:00Z,BetRivers,betrivers,2026-09-24T19:59:03Z,Buffalo Bills,Los Angeles Chargers,Oronde Gadsden II,,,WR,player_reception_yds,Full Game,35.5,Under,-113,betrivers|Oronde Gadsden II|player_reception_yds|35.5,0.53051643,0.49497669,https://api.the-odds-api.com/v4/sports/americanfootball_nfl
2026,3,b225458a282e140c44c45651255f2f6c,2026-09-27T17:00:00Z,BetRivers,betrivers,2026-09-24T19:59:03Z,Buffalo Bills,Los Angeles Chargers,DJ Moore,,,WR,player_reception_yds,Full Game,50.5,Over,-113,betrivers|DJ Moore|player_reception_yds|50.5,0.53051643,0.49497669,https://api.the-odds-api.com/v4/sports/americanfootball_nfl
2026,3,b225458a282e140c44c45651255f2f6c,2026-09-27T17:00:00Z,BetRivers,betrivers,2026-09-24T19:59:03Z,Buffalo Bills,Los Angeles Chargers,DJ Moore,,,WR,player_reception_yds,Full Game,50.5,Under,-118,betrivers|DJ Moore|player_reception_yds|50.5,0.5412844,0.50502331,https://api.the-odds-api.com/v4/sports/americanfootball_nfl
2026,3,b225458a282e140c44c45651255f2f6c,2026-09-27T17:00:00Z,BetRivers,betrivers,2026-09-24T19:59:03Z,Buffalo Bills,Los Angeles Chargers,Tre Harris,,,WR,player_reception_yds,Full Game,31.5,Over,-112,betrivers|Tre Harris|player_reception_yds|31.5,0.52830189,0.49201278,https://api.the-odds-api.com/v4/sports/americanfootball_nfl
2026,3,b225458a282e140c44c45651255f2f6c,2026-09-27T17:00:00Z,BetRivers,betrivers,2026-09-24T19:59:03Z,Buffalo Bills,Los Angeles Chargers,Tre Harris,,,WR,player_reception_yds,Full Game,31.5,Under,-120,betrivers|Tre Harris|player_reception_yds|31.5,0.54545455,0.50798722,https://api.the-odds-api.com/v4/sports/americanfootball_nfl
2026,3,b225458a282e140c44c45651255f2f6c,2026-09-27T17:00:00Z,BetRivers,betrivers,2026-09-24T19:59:03Z,Buffalo Bills,Los Angeles Chargers,Khalil Shakir,,,WR,player_reception_yds,Full Game,41.5,Over,-115,betrivers|Khalil Shakir|player_reception_yds|41.5,0.53488372,0.5,https://api.the-odds-api.com/v4/sports/americanfootball_nfl
2026,3,b225458a282e140c44c45651255f2f6c,2026-09-27T17:00:00Z,BetRivers,betrivers,2026-09-24T19:59:03Z,Buffalo Bills,Los Angeles Chargers,Khalil Shakir,,,WR,player_reception_yds,Full Game,41.5,Under,-115,betrivers|Khalil Shakir|player_reception_yds|41.5,0.53488372,0.5,https://api.the-odds-api.com/v4/sports/americanfootball_nfl
2026,3,b225458a282e140c44c45651255f2f6c,2026-09-27T17:00:00Z,BetRivers,betrivers,2026-09-24T19:59:03Z,Buffalo Bills,Los Angeles Chargers,Dalton Kincaid,,,WR,player_reception_yds,Full Game,54.5,Over,-114,betrivers|Dalton Kincaid|player_reception_yds|54.5,0.53271028,0.4969865,https://api.the-odds-api.com/v4/sports/americanfootball_nfl
2026,3,b225458a282e140c44c45651255f2f6c,2026-09-27T17:00:00Z,BetRivers,betrivers,2026-09-24T19:59:03Z,Buffalo Bills,Los Angeles Chargers,Dalton Kincaid,,,WR,player_reception_yds,Full Game,54.5,Under,-117,betrivers|Dalton Kincaid|player_reception_yds|54.5,0.53917051,0.5030135,https://api.the-odds-api.com/v4/sports/americanfootball_nfl
2026,3,b225458a282e140c44c45651255f2f6c,2026-09-27T17:00:00Z,BetRivers,betrivers,2026-09-24T19:59:03Z,Buffalo Bills,Los Angeles Chargers,Ladd McConkey,,,WR,player_reception_yds,Full Game,55.5,Over,-117,betrivers|Ladd McConkey|player_reception_yds|55.5,0.53917051,0.5030135,https://api.the-odds-api.com/v4/sports/americanfootball_nfl
2026,3,b225458a282e140c44c45651255f2f6c,2026-09-27T17:00:00Z,BetRivers,betrivers,2026-09-24T19:59:03Z,Buffalo Bills,Los Angeles Chargers,Ladd McConkey,,,WR,player_reception_yds,Full Game,55.5,Under,-114,betrivers|Ladd McConkey|player_reception_yds|55.5,0.53271028,0.4969865,https://api.the-odds-api.com/v4/sports/americanfootball_nfl
2026,3,b225458a282e140c44c45651255f2f6c,2026-09-27T17:00:00Z,BetRivers,betrivers,2026-09-24T19:59:03Z,Buffalo Bills,Los Angeles Chargers,James Cook,,,WR,player_reception_yds,Full Game,11.5,Over,-115,betrivers|James Cook|player_reception_yds|11.5,0.53488372,0.5,https://api.the-odds-api.com/v4/sports/americanfootball_nfl
2026,3,b225458a282e140c44c45651255f2f6c,2026-09-27T17:00:00Z,BetRivers,betrivers,2026-09-24T19:59:03Z,Buffalo Bills,Los Angeles Chargers,James Cook,,,WR,player_reception_yds,Full Game,11.5,Under,-115,betrivers|James Cook|player_reception_yds|11.5,0.53488372,0.5,https://api.the-odds-api.com/v4/sports/americanfootball_nfl
2026,3,b225458a282e140c44c45651255f2f6c,2026-09-27T17:00:00Z,BetRivers,betrivers,2026-09-24T19:59:03Z,Buffalo Bills,Los Angeles Chargers,Omarion Hampton,,,WR,player_reception_yds,Full Game,10.5,Over,-112,betrivers|Omarion Hampton|player_reception_yds|10.5,0.52830189,0.49201278,https://api.the-odds-api.com/v4/sports/americanfootball_nfl
2026,3,b225458a282e140c44c45651255f2f6c,2026-09-27T17:00:00Z,BetRivers,betrivers,2026-09-24T19:59:03Z,Buffalo Bills,Los Angeles Chargers,Omarion Hampton,,,WR,player_reception_yds,Full Game,10.5,Under,-120,betrivers|Omarion Hampton|player_reception_yds|10.5,0.54545455,0.50798722,https://api.the-odds-api.com/v4/sports/americanfootball_nfl
2026,3,b225458a282e140c44c45651255f2f6c,2026-09-27T17:00:00Z,BetRivers,betrivers,2026-09-24T19:59:03Z,Buffalo Bills,Los Angeles Chargers,Justin Herbert,,,RB,player_rush_yds,Full Game,18.5,Over,-118,betrivers|Justin Herbert|player_rush_yds|18.5,0.5412844,0.50502331,https://api.the-odds-api.com/v4/sports/americanfootball_nfl
2026,3,b225458a282e140c44c45651255f2f6c,2026-09-27T17:00:00Z,BetRivers,betrivers,2026-09-24T19:59:03Z,Buffalo Bills,Los Angeles Chargers,Justin Herbert,,,RB,player_rush_yds,Full Game,18.5,Under,-113,betrivers|Justin Herbert|player_rush_yds|18.5,0.53051643,0.49497669,https://api.the-odds-api.com/v4/sports/americanfootball_nfl
2026,3,b225458a282e140c44c45651255f2f6c,2026-09-27T17:00:00Z,BetRivers,betrivers,2026-09-24T19:59:03Z,Buffalo Bills,Los Angeles Chargers,Keaton Mitchell,,,RB,player_rush_yds,Full Game,14.5,Over,-115,betrivers|Keaton Mitchell|player_rush_yds|14.5,0.53488372,0.5,https://api.the-odds-api.com/v4/sports/americanfootball_nfl
2026,3,b225458a282e140c44c45651255f2f6c,2026-09-27T17:00:00Z,BetRivers,betrivers,2026-09-24T19:59:03Z,Buffalo Bills,Los Angeles Chargers,Keaton Mitchell,,,RB,player_rush_yds,Full Game,14.5,Under,-115,betrivers|Keaton Mitchell|player_rush_yds|14.5,0.53488372,0.5,https://api.the-odds-api.com/v4/sports/americanfootball_nfl
2026,3,b225458a282e140c44c45651255f2f6c,2026-09-27T17:00:00Z,BetRivers,betrivers,2026-09-24T19:59:03Z,Buffalo Bills,Los Angeles Chargers,Omarion Hampton,,,RB,player_rush_yds,Full Game,59.5,Over,-115,betrivers|Omarion Hampton|player_rush_yds|59.5,0.53488372,0.5,https://api.the-odds-api.com/v4/sports/americanfootball_nfl
2026,3,b225458a282e140c44c45651255f2f6c,2026-09-27T17:00:00Z,BetRivers,betrivers,2026-09-24T19:59:03Z,Buffalo Bills,Los Angeles Chargers,Omarion Hampton,,,RB,player_rush_yds,Full Game,59.5,Under,-115,betrivers|Omarion Hampton|player_rush_yds|59.5,0.53488372,0.5,https://api.the-odds-api.com/v4/sports/americanfootball_nfl
2026,3,b225458a282e140c44c45651255f2f6c,2026-09-27T17:00:00Z,BetRivers,betrivers,2026-09-24T19:59:03Z,Buffalo Bills,Los Angeles Chargers,Josh Allen,,,RB,player_rush_yds,Full Game,33.5,Over,-115,betrivers|Josh Allen|player_rush_yds|33.5,0.53488372,0.5,https://api.the-odds-api.com/v4/sports/americanfootball_nfl
2026,3,b225458a282e140c44c45651255f2f6c,2026-09-27T17:00:00Z,BetRivers,betrivers,2026-09-24T19:59:03Z,Buffalo Bills,Los Angeles Chargers,Josh Allen,,,RB,player_rush_yds,Full Game,33.5,Under,-115,betrivers|Josh Allen|player_rush_yds|33.5,0.53488372,0.5,https://api.the-odds-api.com/v4/sports/americanfootball_nfl
2026,3,b225458a282e140c44c45651255f2f6c,2026-09-27T17:00:00Z,BetRivers,betrivers,2026-09-24T19:59:03Z,Buffalo Bills,Los Angeles Chargers,James Cook,,,RB,player_rush_yds,Full Game,83.5,Over,-113,betrivers|James Cook|player_rush_yds|83.5,0.53051643,0.49497669,https://api.the-odds-api.com/v4/sports/americanfootball_nfl
2026,3,b225458a282e140c44c45651255f2f6c,2026-09-27T17:00:00Z,BetRivers,betrivers,2026-09-24T19:59:03Z,Buffalo Bills,Los Angeles Chargers,James Cook,,,RB,player_rush_yds,Full Game,83.5,Under,-118,betrivers|James Cook|player_rush_yds|83.5,0.5412844,0.50502331,https://api.the-odds-api.com/v4/sports/americanfootball_nfl
2026,3,b225458a282e140c44c45651255f2f6c,2026-09-27T17:00:00Z,BetOnline.ag,betonlineag,2026-09-24T19:58:40Z,Buffalo Bills,Los Angeles Chargers,DJ Moore,,,WR,player_reception_yds,Full Game,49.5,Over,-114,betonlineag|DJ Moore|player_reception_yds|49.5,0.53271028,0.5,https://api.the-odds-api.com/v4/sports/americanfootball_nfl
2026,3,b225458a282e140c44c45651255f2f6c,2026-09-27T17:00:00Z,BetOnline.ag,betonlineag,2026-09-24T19:58:40Z,Buffalo Bills,Los Angeles Chargers,DJ Moore,,,WR,player_reception_yds,Full Game,49.5,Under,-114,betonlineag|DJ Moore|player_reception_yds|49.5,0.53271028,0.5,https://api.the-odds-api.com/v4/sports/americanfootball_nfl
2026,3,b225458a282e140c44c45651255f2f6c,2026-09-27T17:00:00Z,BetOnline.ag,betonlineag,2026-09-24T19:58:40Z,Buffalo Bills,Los Angeles Chargers,Quentin Johnston,,,WR,player_reception_yds,Full Game,35.5,Over,-114,betonlineag|Quentin Johnston|player_reception_yds|35.5,0.53271028,0.5,https://api.the-odds-api.com/v4/sports/americanfootball_nfl
2026,3,b225458a282e140c44c45651255f2f6c,2026-09-27T17:00:00Z,BetOnline.ag,betonlineag,2026-09-24T19:58:40Z,Buffalo Bills,Los Angeles Chargers,Quentin Johnston,,,WR,player_reception_yds,Full Game,35.5,Under,-114,betonlineag|Quentin Johnston|player_reception_yds|35.5,0.53271028,0.5,https://api.the-odds-api.com/v4/sports/americanfootball_nfl
2026,3,b225458a282e140c44c45651255f2f6c,2026-09-27T17:00:00Z,BetOnline.ag,betonlineag,2026-09-24T19:58:40Z,Buffalo Bills,Los Angeles Chargers,Ladd McConkey,,,WR,player_reception_yds,Full Game,54.5,Over,-116,betonlineag|Ladd McConkey|player_reception_yds|54.5,0.53703704,0.50515975,https://api.the-odds-api.com/v4/sports/americanfootball_nfl
2026,3,b225458a282e140c44c45651255f2f6c,2026-09-27T17:00:00Z,BetOnline.ag,betonlineag,2026-09-24T19:58:40Z,Buffalo Bills,Los Angeles Chargers,Ladd McConkey,,,WR,player_reception_yds,Full Game,54.5,Under,-111,betonlineag|Ladd McConkey|player_reception_yds|54.5,0.52606635,0.49484025,https://api.the-odds-api.com/v4/sports/americanfootball_nfl
2026,3,b225458a282e140c44c45651255f2f6c,2026-09-27T17:00:00Z,BetOnline.ag,betonlineag,2026-09-24T19:58:40Z,Buffalo Bills,Los Angeles Chargers,Tre Harris,,,WR,player_reception_yds,Full Game,30.5,Over,-118,betonlineag|Tre Harris|player_reception_yds|30.5,0.5412844,0.50820345,https://api.the-odds-api.com/v4/sports/americanfootball_nfl
2026,3,b225458a282e140c44c45651255f2f6c,2026-09-27T17:00:00Z,BetOnline.ag,betonlineag,2026-09-24T19:58:40Z,Buffalo Bills,Los Angeles Chargers,Tre Harris,,,WR,player_reception_yds,Full Game,30.5,Under,-110,betonlineag|Tre Harris|player_reception_yds|30.5,0.52380952,0.49179655,https://api.the-odds-api.com/v4/sports/americanfootball_nfl
2026,3,b225458a282e140c44c45651255f2f6c,2026-09-27T17:00:00Z,BetOnline.ag,betonlineag,2026-09-24T19:58:40Z,Buffalo Bills,Los Angeles Chargers,James Cook,,,WR,player_reception_yds,Full Game,11.5,Over,-116,betonlineag|James Cook|player_reception_yds|11.5,0.53703704,0.50515975,https://api.the-odds-api.com/v4/sports/americanfootball_nfl
2026,3,b225458a282e140c44c45651255f2f6c,2026-09-27T17:00:00Z,BetOnline.ag,betonlineag,2026-09-24T19:58:40Z,Buffalo Bills,Los Angeles Chargers,James Cook,,,WR,player_reception_yds,Full Game,11.5,Under,-111,betonlineag|James Cook|player_reception_yds|11.5,0.52606635,0.49484025,https://api.the-odds-api.com/v4/sports/americanfootball_nfl
2026,3,b225458a282e140c44c45651255f2f6c,2026-09-27T17:00:00Z,BetOnline.ag,betonlineag,2026-09-24T19:58:40Z,Buffalo Bills,Los Angeles Chargers,Oronde Gadsden II,,,WR,player_reception_yds,Full Game,35.5,Over,-112,betonlineag|Oronde Gadsden II|player_reception_yds|35.5,0.52830189,0.49690467,https://api.the-odds-api.com/v4/sports/americanfootball_nfl
2026,3,b225458a282e140c44c45651255f2f6c,2026-09-27T17:00:00Z,BetOnline.ag,betonlineag,2026-09-24T19:58:40Z,Buffalo Bills,Los Angeles Chargers,Oronde Gadsden II,,,WR,player_reception_yds,Full Game,35.5,Under,-115,betonlineag|Oronde Gadsden II|player_reception_yds|35.5,0.53488372,0.50309533,https://api.the-odds-api.com/v4/sports/americanfootball_nfl
2026,3,b225458a282e140c44c45651255f2f6c,2026-09-27T17:00:00Z,BetOnline.ag,betonlineag,2026-09-24T19:58:40Z,Buffalo Bills,Los Angeles Chargers,Omarion Hampton,,,WR,player_reception_yds,Full Game,10.5,Over,-119,betonlineag|Omarion Hampton|player_reception_yds|10.5,0.543379,0.5102581,https://api.the-odds-api.com/v4/sports/americanfootball_nfl
2026,3,b225458a282e140c44c45651255f2f6c,2026-09-27T17:00:00Z,BetOnline.ag,betonlineag,2026-09-24T19:58:40Z,Buffalo Bills,Los Angeles Chargers,Omarion Hampton,,,WR,player_reception_yds,Full Game,10.5,Under,-109,betonlineag|Omarion Hampton|player_reception_yds|10.5,0.5215311,0.4897419,https://api.the-odds-api.com/v4/sports/americanfootball_nfl
2026,3,b225458a282e140c44c45651255f2f6c,2026-09-27T17:00:00Z,BetOnline.ag,betonlineag,2026-09-24T19:58:40Z,Buffalo Bills,Los Angeles Chargers,Dalton Kincaid,,,WR,player_reception_yds,Full Game,56.5,Over,-114,betonlineag|Dalton Kincaid|player_reception_yds|56.5,0.53271028,0.5,https://api.the-odds-api.com/v4/sports/americanfootball_nfl
2026,3,b225458a282e140c44c45651255f2f6c,2026-09-27T17:00:00Z,BetOnline.ag,betonlineag,2026-09-24T19:58:40Z,Buffalo Bills,Los Angeles Chargers,Dalton Kincaid,,,WR,player_reception_yds,Full Game,56.5,Under,-114,betonlineag|Dalton Kincaid|player_reception_yds|56.5,0.53271028,0.5,https://api.the-odds-api.com/v4/sports/americanfootball_nfl
2026,3,b225458a282e140c44c45651255f2f6c,2026-09-27T17:00:00Z,BetOnline.ag,betonlineag,2026-09-24T19:58:40Z,Buffalo Bills,Los Angeles Chargers,Khalil Shakir,,,WR,player_reception_yds,Full Game,41.5,Over,-114,betonlineag|Khalil Shakir|player_reception_yds|41.5,0.53271028,0.5,https://api.the-odds-api.com/v4/sports/americanfootball_nfl
2026,3,b225458a282e140c44c45651255f2f6c,2026-09-27T17:00:00Z,BetOnline.ag,betonlineag,2026-09-24T19:58:40Z,Buffalo Bills,Los Angeles Chargers,Khalil Shakir,,,WR,player_reception_yds,Full Game,41.5,Under,-114,betonlineag|Khalil Shakir|player_reception_yds|41.5,0.53271028,0.5,https://api.the-odds-api.com/v4/sports/americanfootball_nfl
2026,3,b225458a282e140c44c45651255f2f6c,2026-09-27T17:00:00Z,BetOnline.ag,betonlineag,2026-09-24T19:58:40Z,Buffalo Bills,Los Angeles Chargers,Justin Herbert,,,RB,player_rush_yds,Full Game,19.5,Over,-111,betonlineag|Justin Herbert|player_rush_yds|19.5,0.52606635,0.49484025,https://api.the-odds-api.com/v4/sports/americanfootball_nfl
2026,3,b225458a282e140c44c45651255f2f6c,2026-09-27T17:00:00Z,BetOnline.ag,betonlineag,2026-09-24T19:58:40Z,Buffalo Bills,Los Angeles Chargers,Justin Herbert,,,RB,player_rush_yds,Full Game,19.5,Under,-116,betonlineag|Justin Herbert|player_rush_yds|19.5,0.53703704,0.50515975,https://api.the-odds-api.com/v4/sports/americanfootball_nfl
2026,3,b225458a282e140c44c45651255f2f6c,2026-09-27T17:00:00Z,BetOnline.ag,betonlineag,2026-09-24T19:58:40Z,Buffalo Bills,Los Angeles Chargers,Josh Allen,,,RB,player_rush_yds,Full Game,34.5,Over,-115,betonlineag|Josh Allen|player_rush_yds|34.5,0.53488372,0.50309533,https://api.the-odds-api.com/v4/sports/americanfootball_nfl
2026,3,b225458a282e140c44c45651255f2f6c,2026-09-27T17:00:00Z,BetOnline.ag,betonlineag,2026-09-24T19:58:40Z,Buffalo Bills,Los Angeles Chargers,Josh Allen,,,RB,player_rush_yds,Full Game,34.5,Under,-112,betonlineag|Josh Allen|player_rush_yds|34.5,0.52830189,0.49690467,https://api.the-odds-api.com/v4/sports/americanfootball_nfl
2026,3,b225458a282e140c44c45651255f2f6c,2026-09-27T17:00:00Z,BetOnline.ag,betonlineag,2026-09-24T19:58:40Z,Buffalo Bills,Los Angeles Chargers,Omarion Hampton,,,RB,player_rush_yds,Full Game,60.5,Over,-109,betonlineag|Omarion Hampton|player_rush_yds|60.5,0.5215311,0.4897419,https://api.the-odds-api.com/v4/sports/americanfootball_nfl
2026,3,b225458a282e140c44c45651255f2f6c,2026-09-27T17:00:00Z,BetOnline.ag,betonlineag,2026-09-24T19:58:40Z,Buffalo Bills,Los Angeles Chargers,Omarion Hampton,,,RB,player_rush_yds,Full Game,60.5,Under,-119,betonlineag|Omarion Hampton|player_rush_yds|60.5,0.543379,0.5102581,https://api.the-odds-api.com/v4/sports/americanfootball_nfl
2026,3,b225458a282e140c44c45651255f2f6c,2026-09-27T17:00:00Z,BetOnline.ag,betonlineag,2026-09-24T19:58:40Z,Buffalo Bills,Los Angeles Chargers,James Cook,,,RB,player_rush_yds,Full Game,78.5,Over,-114,betonlineag|James Cook|player_rush_yds|78.5,0.53271028,0.5,https://api.the-odds-api.com/v4/sports/americanfootball_nfl
2026,3,b225458a282e140c44c45651255f2f6c,2026-09-27T17:00:00Z,BetOnline.ag,betonlineag,2026-09-24T19:58:40Z,Buffalo Bills,Los Angeles Chargers,James Cook,,,RB,player_rush_yds,Full Game,78.5,Under,-114,betonlineag|James Cook|player_rush_yds|78.5,0.53271028,0.5,https://api.the-odds-api.com/v4/sports/americanfootball_nfl
2026,3,b225458a282e140c44c45651255f2f6c,2026-09-27T17:00:00Z,BetOnline.ag,betonlineag,2026-09-24T19:58:40Z,Buffalo Bills,Los Angeles Chargers,Keaton Mitchell,,,RB,player_rush_yds,Full Game,14.5,Over,-111,betonlineag|Keaton Mitchell|player_rush_yds|14.5,0.52606635,0.49484025,https://api.the-odds-api.com/v4/sports/americanfootball_nfl
2026,3,b225458a282e140c44c45651255f2f6c,2026-09-27T17:00:00Z,BetOnline.ag,betonlineag,2026-09-24T19:58:40Z,Buffalo Bills,Los Angeles Chargers,Keaton Mitchell,,,RB,player_rush_yds,Full Game,14.5,Under,-116,betonlineag|Keaton Mitchell|player_rush_yds|14.5,0.53703704,0.50515975,https://api.the-odds-api.com/v4/sports/americanfootball_nfl
2026,3,b225458a282e140c44c45651255f2f6c,2026-09-27T17:00:00Z,PrizePicks,prizepicks,2026-09-24T19:58:41Z,Buffalo Bills,Los Angeles Chargers,Dalton Kincaid,,,WR,player_reception_yds,Full Game,56.5,Over,-137,prizepicks|Dalton Kincaid|player_reception_yds|56.5,0.57805907,0.5,https://api.the-odds-api.com/v4/sports/americanfootball_nfl
2026,3,b225458a282e140c44c45651255f2f6c,2026-09-27T17:00:00Z,PrizePicks,prizepicks,2026-09-24T19:58:41Z,Buffalo Bills,Los Angeles Chargers,Dalton Kincaid,,,WR,player_reception_yds,Full Game,56.5,Under,-137,prizepicks|Dalton Kincaid|player_reception_yds|56.5,0.57805907,0.5,https://api.the-odds-api.com/v4/sports/americanfootball_nfl
2026,3,b225458a282e140c44c45651255f2f6c,2026-09-27T17:00:00Z,PrizePicks,prizepicks,2026-09-24T19:58:41Z,Buffalo Bills,Los Angeles Chargers,Ladd McConkey,,,WR,player_reception_yds,Full Game,55.5,Over,-137,prizepicks|Ladd McConkey|player_reception_yds|55.5,0.57805907,0.5,https://api.the-odds-api.com/v4/sports/americanfootball_nfl
2026,3,b225458a282e140c44c45651255f2f6c,2026-09-27T17:00:00Z,PrizePicks,prizepicks,2026-09-24T19:58:41Z,Buffalo Bills,Los Angeles Chargers,Ladd McConkey,,,WR,player_reception_yds,Full Game,55.5,Under,-137,prizepicks|Ladd McConkey|player_reception_yds|55.5,0.57805907,0.5,https://api.the-odds-api.com/v4/sports/americanfootball_nfl
2026,3,b225458a282e140c44c45651255f2f6c,2026-09-27T17:00:00Z,PrizePicks,prizepicks,2026-09-24T19:58:41Z,Buffalo Bills,Los Angeles Chargers,DJ Moore,,,WR,player_reception_yds,Full Game,49.5,Over,-137,prizepicks|DJ Moore|player_reception_yds|49.5,0.57805907,0.5,https://api.the-odds-api.com/v4/sports/americanfootball_nfl
2026,3,b225458a282e140c44c45651255f2f6c,2026-09-27T17:00:00Z,PrizePicks,prizepicks,2026-09-24T19:58:41Z,Buffalo Bills,Los Angeles Chargers,DJ Moore,,,WR,player_reception_yds,Full Game,49.5,Under,-137,prizepicks|DJ Moore|player_reception_yds|49.5,0.57805907,0.5,https://api.the-odds-api.com/v4/sports/americanfootball_nfl
2026,3,b225458a282e140c44c45651255f2f6c,2026-09-27T17:00:00Z,PrizePicks,prizepicks,2026-09-24T19:58:41Z,Buffalo Bills,Los Angeles Chargers,Khalil Shakir,,,WR,player_reception_yds,Full Game,41.5,Over,-137,prizepicks|Khalil Shakir|player_reception_yds|41.5,0.57805907,0.5,https://api.the-odds-api.com/v4/sports/americanfootball_nfl
2026,3,b225458a282e140c44c45651255f2f6c,2026-09-27T17:00:00Z,PrizePicks,prizepicks,2026-09-24T19:58:41Z,Buffalo Bills,Los Angeles Chargers,Khalil Shakir,,,WR,player_reception_yds,Full Game,41.5,Under,-137,prizepicks|Khalil Shakir|player_reception_yds|41.5,0.57805907,0.5,https://api.the-odds-api.com/v4/sports/americanfootball_nfl
2026,3,b225458a282e140c44c45651255f2f6c,2026-09-27T17:00:00Z,PrizePicks,prizepicks,2026-09-24T19:58:41Z,Buffalo Bills,Los Angeles Chargers,Quentin Johnston,,,WR,player_reception_yds,Full Game,35.5,Over,-137,prizepicks|Quentin Johnston|player_reception_yds|35.5,0.57805907,0.5,https://api.the-odds-api.com/v4/sports/americanfootball_nfl
2026,3,b225458a282e140c44c45651255f2f6c,2026-09-27T17:00:00Z,PrizePicks,prizepicks,2026-09-24T19:58:41Z,Buffalo Bills,Los Angeles Chargers,Quentin Johnston,,,WR,player_reception_yds,Full Game,35.5,Under,-137,prizepicks|Quentin Johnston|player_reception_yds|35.5,0.57805907,0.5,https://api.the-odds-api.com/v4/sports/americanfootball_nfl
2026,3,b225458a282e140c44c45651255f2f6c,2026-09-27T17:00:00Z,PrizePicks,prizepicks,2026-09-24T19:58:41Z,Buffalo Bills,Los Angeles Chargers,Oronde Gadsden II,,,WR,player_reception_yds,Full Game,35.5,Over,-137,prizepicks|Oronde Gadsden II|player_reception_yds|35.5,0.57805907,0.5,https://api.the-odds-api.com/v4/sports/americanfootball_nfl
2026,3,b225458a282e140c44c45651255f2f6c,2026-09-27T17:00:00Z,PrizePicks,prizepicks,2026-09-24T19:58:41Z,Buffalo Bills,Los Angeles Chargers,Oronde Gadsden II,,,WR,player_reception_yds,Full Game,35.5,Under,-137,prizepicks|Oronde Gadsden II|player_reception_yds|35.5,0.57805907,0.5,https://api.the-odds-api.com/v4/sports/americanfootball_nfl
2026,3,b225458a282e140c44c45651255f2f6c,2026-09-27T17:00:00Z,PrizePicks,prizepicks,2026-09-24T19:58:41Z,Buffalo Bills,Los Angeles Chargers,Tre Harris,,,WR,player_reception_yds,Full Game,30.5,Over,-137,prizepicks|Tre Harris|player_reception_yds|30.5,0.57805907,0.5,https://api.the-odds-api.com/v4/sports/americanfootball_nfl
2026,3,b225458a282e140c44c45651255f2f6c,2026-09-27T17:00:00Z,PrizePicks,prizepicks,2026-09-24T19:58:41Z,Buffalo Bills,Los Angeles Chargers,Tre Harris,,,WR,player_reception_yds,Full Game,30.5,Under,-137,prizepicks|Tre Harris|player_reception_yds|30.5,0.57805907,0.5,https://api.the-odds-api.com/v4/sports/americanfootball_nfl
2026,3,b225458a282e140c44c45651255f2f6c,2026-09-27T17:00:00Z,PrizePicks,prizepicks,2026-09-24T19:58:41Z,Buffalo Bills,Los Angeles Chargers,Omarion Hampton,,,WR,player_reception_yds,Full Game,11.5,Over,-137,prizepicks|Omarion Hampton|player_reception_yds|11.5,0.57805907,0.5,https://api.the-odds-api.com/v4/sports/americanfootball_nfl
2026,3,b225458a282e140c44c45651255f2f6c,2026-09-27T17:00:00Z,PrizePicks,prizepicks,2026-09-24T19:58:41Z,Buffalo Bills,Los Angeles Chargers,Omarion Hampton,,,WR,player_reception_yds,Full Game,11.5,Under,-137,prizepicks|Omarion Hampton|player_reception_yds|11.5,0.57805907,0.5,https://api.the-odds-api.com/v4/sports/americanfootball_nfl
2026,3,b225458a282e140c44c45651255f2f6c,2026-09-27T17:00:00Z,PrizePicks,prizepicks,2026-09-24T19:58:41Z,Buffalo Bills,Los Angeles Chargers,James Cook,,,WR,player_reception_yds,Full Game,11.5,Over,-137,prizepicks|James Cook|player_reception_yds|11.5,0.57805907,0.5,https://api.the-odds-api.com/v4/sports/americanfootball_nfl
2026,3,b225458a282e140c44c45651255f2f6c,2026-09-27T17:00:00Z,PrizePicks,prizepicks,2026-09-24T19:58:41Z,Buffalo Bills,Los Angeles Chargers,James Cook,,,WR,player_reception_yds,Full Game,11.5,Under,-137,prizepicks|James Cook|player_reception_yds|11.5,0.57805907,0.5,https://api.the-odds-api.com/v4/sports/americanfootball_nfl
2026,3,b225458a282e140c44c45651255f2f6c,2026-09-27T17:00:00Z,PrizePicks,prizepicks,2026-09-24T19:58:41Z,Buffalo Bills,Los Angeles Chargers,Dawson Knox,,,WR,player_reception_yds,Full Game,11.5,Over,-137,prizepicks|Dawson Knox|player_reception_yds|11.5,0.57805907,0.5,https://api.the-odds-api.com/v4/sports/americanfootball_nfl
2026,3,b225458a282e140c44c45651255f2f6c,2026-09-27T17:00:00Z,PrizePicks,prizepicks,2026-09-24T19:58:41Z,Buffalo Bills,Los Angeles Chargers,Dawson Knox,,,WR,player_reception_yds,Full Game,11.5,Under,-137,prizepicks|Dawson Knox|player_reception_yds|11.5,0.57805907,0.5,https://api.the-odds-api.com/v4/sports/americanfootball_nfl
2026,3,b225458a282e140c44c45651255f2f6c,2026-09-27T17:00:00Z,PrizePicks,prizepicks,2026-09-24T19:58:41Z,Buffalo Bills,Los Angeles Chargers,James Cook,,,RB,player_rush_yds,Full Game,79.5,Over,-137,prizepicks|James Cook|player_rush_yds|79.5,0.57805907,0.5,https://api.the-odds-api.com/v4/sports/americanfootball_nfl
2026,3,b225458a282e140c44c45651255f2f6c,2026-09-27T17:00:00Z,PrizePicks,prizepicks,2026-09-24T19:58:41Z,Buffalo Bills,Los Angeles Chargers,James Cook,,,RB,player_rush_yds,Full Game,79.5,Under,-137,prizepicks|James Cook|player_rush_yds|79.5,0.57805907,0.5,https://api.the-odds-api.com/v4/sports/americanfootball_nfl
2026,3,b225458a282e140c44c45651255f2f6c,2026-09-27T17:00:00Z,PrizePicks,prizepicks,2026-09-24T19:58:41Z,Buffalo Bills,Los Angeles Chargers,Omarion Hampton,,,RB,player_rush_yds,Full Game,58.5,Over,-137,prizepicks|Omarion Hampton|player_rush_yds|58.5,0.57805907,0.5,https://api.the-odds-api.com/v4/sports/americanfootball_nfl
2026,3,b225458a282e140c44c45651255f2f6c,2026-09-27T17:00:00Z,PrizePicks,prizepicks,2026-09-24T19:58:41Z,Buffalo Bills,Los Angeles Chargers,Omarion Hampton,,,RB,player_rush_yds,Full Game,58.5,Under,-137,prizepicks|Omarion Hampton|player_rush_yds|58.5,0.57805907,0.5,https://api.the-odds-api.com/v4/sports/americanfootball_nfl
2026,3,b225458a282e140c44c45651255f2f6c,2026-09-27T17:00:00Z,PrizePicks,prizepicks,2026-09-24T19:58:41Z,Buffalo Bills,Los Angeles Chargers,Josh Allen,,,RB,player_rush_yds,Full Game,33.5,Over,-137,prizepicks|Josh Allen|player_rush_yds|33.5,0.57805907,0.5,https://api.the-odds-api.com/v4/sports/americanfootball_nfl
2026,3,b225458a282e140c44c45651255f2f6c,2026-09-27T17:00:00Z,PrizePicks,prizepicks,2026-09-24T19:58:41Z,Buffalo Bills,Los Angeles Chargers,Josh Allen,,,RB,player_rush_yds,Full Game,33.5,Under,-137,prizepicks|Josh Allen|player_rush_yds|33.5,0.57805907,0.5,https://api.the-odds-api.com/v4/sports/americanfootball_nfl
2026,3,b225458a282e140c44c45651255f2f6c,2026-09-27T17:00:00Z,PrizePicks,prizepicks,2026-09-24T19:58:41Z,Buffalo Bills,Los Angeles Chargers,Justin Herbert,,,RB,player_rush_yds,Full Game,19.5,Over,-137,prizepicks|Justin Herbert|player_rush_yds|19.5,0.57805907,0.5,https://api.the-odds-api.com/v4/sports/americanfootball_nfl
2026,3,b225458a282e140c44c45651255f2f6c,2026-09-27T17:00:00Z,PrizePicks,prizepicks,2026-09-24T19:58:41Z,Buffalo Bills,Los Angeles Chargers,Justin Herbert,,,RB,player_rush_yds,Full Game,19.5,Under,-137,prizepicks|Justin Herbert|player_rush_yds|19.5,0.57805907,0.5,https://api.the-odds-api.com/v4/sports/americanfootball_nfl
2026,3,b225458a282e140c44c45651255f2f6c,2026-09-27T17:00:00Z,PrizePicks,prizepicks,2026-09-24T19:58:41Z,Buffalo Bills,Los Angeles Chargers,Keaton Mitchell,,,RB,player_rush_yds,Full Game,14.5,Over,-137,prizepicks|Keaton Mitchell|player_rush_yds|14.5,0.57805907,0.5,https://api.the-odds-api.com/v4/sports/americanfootball_nfl
2026,3,b225458a282e140c44c45651255f2f6c,2026-09-27T17:00:00Z,PrizePicks,prizepicks,2026-09-24T19:58:41Z,Buffalo Bills,Los Angeles Chargers,Keaton Mitchell,,,RB,player_rush_yds,Full Game,14.5,Under,-137,prizepicks|Keaton Mitchell|player_rush_yds|14.5,0.57805907,0.5,https://api.the-odds-api.com/v4/sports/americanfootball_nfl
2026,3,b225458a282e140c44c45651255f2f6c,2026-09-27T17:00:00Z,Underdog,underdog,2026-09-24T19:58:25Z,Buffalo Bills,Los Angeles Chargers,James Cook,,,WR,player_reception_yds,Full Game,10.5,Over,-137,underdog|James Cook|player_reception_yds|10.5,0.57805907,0.5,https://api.the-odds-api.com/v4/sports/americanfootball_nfl
2026,3,b225458a282e140c44c45651255f2f6c,2026-09-27T17:00:00Z,Underdog,underdog,2026-09-24T19:58:25Z,Buffalo Bills,Los Angeles Chargers,James Cook,,,WR,player_reception_yds,Full Game,10.5,Under,-137,underdog|James Cook|player_reception_yds|10.5,0.57805907,0.5,https://api.the-odds-api.com/v4/sports/americanfootball_nfl
2026,3,b225458a282e140c44c45651255f2f6c,2026-09-27T17:00:00Z,Underdog,underdog,2026-09-24T19:58:25Z,Buffalo Bills,Los Angeles Chargers,Omarion Hampton,,,WR,player_reception_yds,Full Game,11.5,Over,-137,underdog|Omarion Hampton|player_reception_yds|11.5,0.57805907,0.5,https://api.the-odds-api.com/v4/sports/americanfootball_nfl
2026,3,b225458a282e140c44c45651255f2f6c,2026-09-27T17:00:00Z,Underdog,underdog,2026-09-24T19:58:25Z,Buffalo Bills,Los Angeles Chargers,Omarion Hampton,,,WR,player_reception_yds,Full Game,11.5,Under,-137,underdog|Omarion Hampton|player_reception_yds|11.5,0.57805907,0.5,https://api.the-odds-api.com/v4/sports/americanfootball_nfl
2026,3,b225458a282e140c44c45651255f2f6c,2026-09-27T17:00:00Z,Underdog,underdog,2026-09-24T19:58:25Z,Buffalo Bills,Los Angeles Chargers,Ladd McConkey,,,WR,player_reception_yds,Full Game,54.5,Over,-137,underdog|Ladd McConkey|player_reception_yds|54.5,0.57805907,0.5,https://api.the-odds-api.com/v4/sports/americanfootball_nfl
2026,3,b225458a282e140c44c45651255f2f6c,2026-09-27T17:00:00Z,Underdog,underdog,2026-09-24T19:58:25Z,Buffalo Bills,Los Angeles Chargers,Ladd McConkey,,,WR,player_reception_yds,Full Game,54.5,Under,-137,underdog|Ladd McConkey|player_reception_yds|54.5,0.57805907,0.5,https://api.the-odds-api.com/v4/sports/americanfootball_nfl
2026,3,b225458a282e140c44c45651255f2f6c,2026-09-27T17:00:00Z,Underdog,underdog,2026-09-24T19:58:25Z,Buffalo Bills,Los Angeles Chargers,Khalil Shakir,,,WR,player_reception_yds,Full Game,40.5,Over,-137,underdog|Khalil Shakir|player_reception_yds|40.5,0.57805907,0.5,https://api.the-odds-api.com/v4/sports/americanfootball_nfl
2026,3,b225458a282e140c44c45651255f2f6c,2026-09-27T17:00:00Z,Underdog,underdog,2026-09-24T19:58:25Z,Buffalo Bills,Los Angeles Chargers,Khalil Shakir,,,WR,player_reception_yds,Full Game,40.5,Under,-137,underdog|Khalil Shakir|player_reception_yds|40.5,0.57805907,0.5,https://api.the-odds-api.com/v4/sports/americanfootball_nfl
2026,3,b225458a282e140c44c45651255f2f6c,2026-09-27T17:00:00Z,Underdog,underdog,2026-09-24T19:58:25Z,Buffalo Bills,Los Angeles Chargers,DJ Moore,,,WR,player_reception_yds,Full Game,49.5,Over,-137,underdog|DJ Moore|player_reception_yds|49.5,0.57805907,0.5,https://api.the-odds-api.com/v4/sports/americanfootball_nfl
2026,3,b225458a282e140c44c45651255f2f6c,2026-09-27T17:00:00Z,Underdog,underdog,2026-09-24T19:58:25Z,Buffalo Bills,Los Angeles Chargers,DJ Moore,,,WR,player_reception_yds,Full Game,49.5,Under,-137,underdog|DJ Moore|player_reception_yds|49.5,0.57805907,0.5,https://api.the-odds-api.com/v4/sports/americanfootball_nfl
2026,3,b225458a282e140c44c45651255f2f6c,2026-09-27T17:00:00Z,Underdog,underdog,2026-09-24T19:58:25Z,Buffalo Bills,Los Angeles Chargers,Dalton Kincaid,,,WR,player_reception_yds,Full Game,56.5,Over,-137,underdog|Dalton Kincaid|player_reception_yds|56.5,0.57805907,0.5,https://api.the-odds-api.com/v4/sports/americanfootball_nfl
2026,3,b225458a282e140c44c45651255f2f6c,2026-09-27T17:00:00Z,Underdog,underdog,2026-09-24T19:58:25Z,Buffalo Bills,Los Angeles Chargers,Dalton Kincaid,,,WR,player_reception_yds,Full Game,56.5,Under,-137,underdog|Dalton Kincaid|player_reception_yds|56.5,0.57805907,0.5,https://api.the-odds-api.com/v4/sports/americanfootball_nfl
2026,3,b225458a282e140c44c45651255f2f6c,2026-09-27T17:00:00Z,Underdog,underdog,2026-09-24T19:58:25Z,Buffalo Bills,Los Angeles Chargers,Quentin Johnston,,,WR,player_reception_yds,Full Game,35.5,Over,-137,underdog|Quentin Johnston|player_reception_yds|35.5,0.57805907,0.5,https://api.the-odds-api.com/v4/sports/americanfootball_nfl
2026,3,b225458a282e140c44c45651255f2f6c,2026-09-27T17:00:00Z,Underdog,underdog,2026-09-24T19:58:25Z,Buffalo Bills,Los Angeles Chargers,Quentin Johnston,,,WR,player_reception_yds,Full Game,35.5,Under,-137,underdog|Quentin Johnston|player_reception_yds|35.5,0.57805907,0.5,https://api.the-odds-api.com/v4/sports/americanfootball_nfl
2026,3,b225458a282e140c44c45651255f2f6c,2026-09-27T17:00:00Z,Underdog,underdog,2026-09-24T19:58:25Z,Buffalo Bills,Los Angeles Chargers,Dawson Knox,,,WR,player_reception_yds,Full Game,11.5,Over,-137,underdog|Dawson Knox|player_reception_yds|11.5,0.57805907,0.5,https://api.the-odds-api.com/v4/sports/americanfootball_nfl
2026,3,b225458a282e140c44c45651255f2f6c,2026-09-27T17:00:00Z,Underdog,underdog,2026-09-24T19:58:25Z,Buffalo Bills,Los Angeles Chargers,Dawson Knox,,,WR,player_reception_yds,Full Game,11.5,Under,-137,underdog|Dawson Knox|player_reception_yds|11.5,0.57805907,0.5,https://api.the-odds-api.com/v4/sports/americanfootball_nfl
2026,3,b225458a282e140c44c45651255f2f6c,2026-09-27T17:00:00Z,Underdog,underdog,2026-09-24T19:58:25Z,Buffalo Bills,Los Angeles Chargers,Oronde Gadsden II,,,WR,player_reception_yds,Full Game,35.5,Over,-137,underdog|Oronde Gadsden II|player_reception_yds|35.5,0.57805907,0.5,https://api.the-odds-api.com/v4/sports/americanfootball_nfl
2026,3,b225458a282e140c44c45651255f2f6c,2026-09-27T17:00:00Z,Underdog,underdog,2026-09-24T19:58:25Z,Buffalo Bills,Los Angeles Chargers,Oronde Gadsden II,,,WR,player_reception_yds,Full Game,35.5,Under,-137,underdog|Oronde Gadsden II|player_reception_yds|35.5,0.57805907,0.5,https://api.the-odds-api.com/v4/sports/americanfootball_nfl
2026,3,b225458a282e140c44c45651255f2f6c,2026-09-27T17:00:00Z,Underdog,underdog,2026-09-24T19:58:25Z,Buffalo Bills,Los Angeles Chargers,Tre Harris,,,WR,player_reception_yds,Full Game,31.5,Over,-137,underdog|Tre Harris|player_reception_yds|31.5,0.57805907,0.5,https://api.the-odds-api.com/v4/sports/americanfootball_nfl
2026,3,b225458a282e140c44c45651255f2f6c,2026-09-27T17:00:00Z,Underdog,underdog,2026-09-24T19:58:25Z,Buffalo Bills,Los Angeles Chargers,Tre Harris,,,WR,player_reception_yds,Full Game,31.5,Under,-137,underdog|Tre Harris|player_reception_yds|31.5,0.57805907,0.5,https://api.the-odds-api.com/v4/sports/americanfootball_nfl
2026,3,b225458a282e140c44c45651255f2f6c,2026-09-27T17:00:00Z,Underdog,underdog,2026-09-24T19:58:25Z,Buffalo Bills,Los Angeles Chargers,James Cook,,,RB,player_rush_yds,Full Game,79.5,Over,-137,underdog|James Cook|player_rush_yds|79.5,0.57805907,0.5,https://api.the-odds-api.com/v4/sports/americanfootball_nfl
2026,3,b225458a282e140c44c45651255f2f6c,2026-09-27T17:00:00Z,Underdog,underdog,2026-09-24T19:58:25Z,Buffalo Bills,Los Angeles Chargers,James Cook,,,RB,player_rush_yds,Full Game,79.5,Under,-137,underdog|James Cook|player_rush_yds|79.5,0.57805907,0.5,https://api.the-odds-api.com/v4/sports/americanfootball_nfl
2026,3,b225458a282e140c44c45651255f2f6c,2026-09-27T17:00:00Z,Underdog,underdog,2026-09-24T19:58:25Z,Buffalo Bills,Los Angeles Chargers,Omarion Hampton,,,RB,player_rush_yds,Full Game,60.5,Over,-137,underdog|Omarion Hampton|player_rush_yds|60.5,0.57805907,0.5,https://api.the-odds-api.com/v4/sports/americanfootball_nfl
2026,3,b225458a282e140c44c45651255f2f6c,2026-09-27T17:00:00Z,Underdog,underdog,2026-09-24T19:58:25Z,Buffalo Bills,Los Angeles Chargers,Omarion Hampton,,,RB,player_rush_yds,Full Game,60.5,Under,-137,underdog|Omarion Hampton|player_rush_yds|60.5,0.57805907,0.5,https://api.the-odds-api.com/v4/sports/americanfootball_nfl
2026,3,b225458a282e140c44c45651255f2f6c,2026-09-27T17:00:00Z,Underdog,underdog,2026-09-24T19:58:25Z,Buffalo Bills,Los Angeles Chargers,Josh Allen,,,RB,player_rush_yds,Full Game,32.5,Over,-137,underdog|Josh Allen|player_rush_yds|32.5,0.57805907,0.5,https://api.the-odds-api.com/v4/sports/americanfootball_nfl
2026,3,b225458a282e140c44c45651255f2f6c,2026-09-27T17:00:00Z,Underdog,underdog,2026-09-24T19:58:25Z,Buffalo Bills,Los Angeles Chargers,Josh Allen,,,RB,player_rush_yds,Full Game,32.5,Under,-137,underdog|Josh Allen|player_rush_yds|32.5,0.57805907,0.5,https://api.the-odds-api.com/v4/sports/americanfootball_nfl
2026,3,b225458a282e140c44c45651255f2f6c,2026-09-27T17:00:00Z,Underdog,underdog,2026-09-24T19:58:25Z,Buffalo Bills,Los Angeles Chargers,Justin Herbert,,,RB,player_rush_yds,Full Game,19.5,Over,-137,underdog|Justin Herbert|player_rush_yds|19.5,0.57805907,0.5,https://api.the-odds-api.com/v4/sports/americanfootball_nfl
2026,3,b225458a282e140c44c45651255f2f6c,2026-09-27T17:00:00Z,Underdog,underdog,2026-09-24T19:58:25Z,Buffalo Bills,Los Angeles Chargers,Justin Herbert,,,RB,player_rush_yds,Full Game,19.5,Under,-137,underdog|Justin Herbert|player_rush_yds|19.5,0.57805907,0.5,https://api.the-odds-api.com/v4/sports/americanfootball_nfl
2026,3,b225458a282e140c44c45651255f2f6c,2026-09-27T17:00:00Z,Bovada,bovada,2026-09-24T19:57:44Z,Buffalo Bills,Los Angeles Chargers,DJ Moore,,,WR,player_reception_yds,Full Game,48.5,Over,-115,bovada|DJ Moore|player_reception_yds|48.5,0.53488372,0.5,https://api.the-odds-api.com/v4/sports/americanfootball_nfl
2026,3,b225458a282e140c44c45651255f2f6c,2026-09-27T17:00:00Z,Bovada,bovada,2026-09-24T19:57:44Z,Buffalo Bills,Los Angeles Chargers,DJ Moore,,,WR,player_reception_yds,Full Game,48.5,Under,-115,bovada|DJ Moore|player_reception_yds|48.5,0.53488372,0.5,https://api.the-odds-api.com/v4/sports/americanfootball_nfl
2026,3,b225458a282e140c44c45651255f2f6c,2026-09-27T17:00:00Z,Bovada,bovada,2026-09-24T19:57:44Z,Buffalo Bills,Los Angeles Chargers,Dalton Kincaid,,,WR,player_reception_yds,Full Game,57.5,Over,-115,bovada|Dalton Kincaid|player_reception_yds|57.5,0.53488372,0.5,https://api.the-odds-api.com/v4/sports/americanfootball_nfl
2026,3,b225458a282e140c44c45651255f2f6c,2026-09-27T17:00:00Z,Bovada,bovada,2026-09-24T19:57:44Z,Buffalo Bills,Los Angeles Chargers,Dalton Kincaid,,,WR,player_reception_yds,Full Game,57.5,Under,-115,bovada|Dalton Kincaid|player_reception_yds|57.5,0.53488372,0.5,https://api.the-odds-api.com/v4/sports/americanfootball_nfl
2026,3,b225458a282e140c44c45651255f2f6c,2026-09-27T17:00:00Z,Bovada,bovada,2026-09-24T19:57:44Z,Buffalo Bills,Los Angeles Chargers,James Cook,,,WR,player_reception_yds,Full Game,11.5,Over,-115,bovada|James Cook|player_reception_yds|11.5,0.53488372,0.5,https://api.the-odds-api.com/v4/sports/americanfootball_nfl
2026,3,b225458a282e140c44c45651255f2f6c,2026-09-27T17:00:00Z,Bovada,bovada,2026-09-24T19:57:44Z,Buffalo Bills,Los Angeles Chargers,James Cook,,,WR,player_reception_yds,Full Game,11.5,Under,-115,bovada|James Cook|player_reception_yds|11.5,0.53488372,0.5,https://api.the-odds-api.com/v4/sports/americanfootball_nfl
2026,3,b225458a282e140c44c45651255f2f6c,2026-09-27T17:00:00Z,Bovada,bovada,2026-09-24T19:57:44Z,Buffalo Bills,Los Angeles Chargers,Khalil Shakir,,,WR,player_reception_yds,Full Game,40.5,Over,-115,bovada|Khalil Shakir|player_reception_yds|40.5,0.53488372,0.5,https://api.the-odds-api.com/v4/sports/americanfootball_nfl
2026,3,b225458a282e140c44c45651255f2f6c,2026-09-27T17:00:00Z,Bovada,bovada,2026-09-24T19:57:44Z,Buffalo Bills,Los Angeles Chargers,Khalil Shakir,,,WR,player_reception_yds,Full Game,40.5,Under,-115,bovada|Khalil Shakir|player_reception_yds|40.5,0.53488372,0.5,https://api.the-odds-api.com/v4/sports/americanfootball_nfl
2026,3,b225458a282e140c44c45651255f2f6c,2026-09-27T17:00:00Z,Bovada,bovada,2026-09-24T19:57:44Z,Buffalo Bills,Los Angeles Chargers,Ladd McConkey,,,WR,player_reception_yds,Full Game,54.5,Over,-115,bovada|Ladd McConkey|player_reception_yds|54.5,0.53488372,0.5,https://api.the-odds-api.com/v4/sports/americanfootball_nfl
2026,3,b225458a282e140c44c45651255f2f6c,2026-09-27T17:00:00Z,Bovada,bovada,2026-09-24T19:57:44Z,Buffalo Bills,Los Angeles Chargers,Ladd McConkey,,,WR,player_reception_yds,Full Game,54.5,Under,-115,bovada|Ladd McConkey|player_reception_yds|54.5,0.53488372,0.5,https://api.the-odds-api.com/v4/sports/americanfootball_nfl
2026,3,b225458a282e140c44c45651255f2f6c,2026-09-27T17:00:00Z,Bovada,bovada,2026-09-24T19:57:44Z,Buffalo Bills,Los Angeles Chargers,Omarion Hampton,,,WR,player_reception_yds,Full Game,10.5,Over,-120,bovada|Omarion Hampton|player_reception_yds|10.5,0.54545455,0.51012146,https://api.the-odds-api.com/v4/sports/americanfootball_nfl
2026,3,b225458a282e140c44c45651255f2f6c,2026-09-27T17:00:00Z,Bovada,bovada,2026-09-24T19:57:44Z,Buffalo Bills,Los Angeles Chargers,Omarion Hampton,,,WR,player_reception_yds,Full Game,10.5,Under,-110,bovada|Omarion Hampton|player_reception_yds|10.5,0.52380952,0.48987854,https://api.the-odds-api.com/v4/sports/americanfootball_nfl
2026,3,b225458a282e140c44c45651255f2f6c,2026-09-27T17:00:00Z,Bovada,bovada,2026-09-24T19:57:44Z,Buffalo Bills,Los Angeles Chargers,Oronde Gadsden II,,,WR,player_reception_yds,Full Game,35.5,Over,-115,bovada|Oronde Gadsden II|player_reception_yds|35.5,0.53488372,0.5,https://api.the-odds-api.com/v4/sports/americanfootball_nfl
2026,3,b225458a282e140c44c45651255f2f6c,2026-09-27T17:00:00Z,Bovada,bovada,2026-09-24T19:57:44Z,Buffalo Bills,Los Angeles Chargers,Oronde Gadsden II,,,WR,player_reception_yds,Full Game,35.5,Under,-115,bovada|Oronde Gadsden II|player_reception_yds|35.5,0.53488372,0.5,https://api.the-odds-api.com/v4/sports/americanfootball_nfl
2026,3,b225458a282e140c44c45651255f2f6c,2026-09-27T17:00:00Z,Bovada,bovada,2026-09-24T19:57:44Z,Buffalo Bills,Los Angeles Chargers,Quentin Johnston,,,WR,player_reception_yds,Full Game,35.5,Over,-115,bovada|Quentin Johnston|player_reception_yds|35.5,0.53488372,0.5,https://api.the-odds-api.com/v4/sports/americanfootball_nfl
2026,3,b225458a282e140c44c45651255f2f6c,2026-09-27T17:00:00Z,Bovada,bovada,2026-09-24T19:57:44Z,Buffalo Bills,Los Angeles Chargers,Quentin Johnston,,,WR,player_reception_yds,Full Game,35.5,Under,-115,bovada|Quentin Johnston|player_reception_yds|35.5,0.53488372,0.5,https://api.the-odds-api.com/v4/sports/americanfootball_nfl
2026,3,b225458a282e140c44c45651255f2f6c,2026-09-27T17:00:00Z,Bovada,bovada,2026-09-24T19:57:44Z,Buffalo Bills,Los Angeles Chargers,Tre Harris,,,WR,player_reception_yds,Full Game,29.5,Over,-120,bovada|Tre Harris|player_reception_yds|29.5,0.54545455,0.51012146,https://api.the-odds-api.com/v4/sports/americanfootball_nfl
2026,3,b225458a282e140c44c45651255f2f6c,2026-09-27T17:00:00Z,Bovada,bovada,2026-09-24T19:57:44Z,Buffalo Bills,Los Angeles Chargers,Tre Harris,,,WR,player_reception_yds,Full Game,29.5,Under,-110,bovada|Tre Harris|player_reception_yds|29.5,0.52380952,0.48987854,https://api.the-odds-api.com/v4/sports/americanfootball_nfl
2026,3,b225458a282e140c44c45651255f2f6c,2026-09-27T17:00:00Z,Bovada,bovada,2026-09-24T19:57:44Z,Buffalo Bills,Los Angeles Chargers,James Cook,,,RB,player_rush_yds,Full Game,78.5,Over,-115,bovada|James Cook|player_rush_yds|78.5,0.53488372,0.5,https://api.the-odds-api.com/v4/sports/americanfootball_nfl
2026,3,b225458a282e140c44c45651255f2f6c,2026-09-27T17:00:00Z,Bovada,bovada,2026-09-24T19:57:44Z,Buffalo Bills,Los Angeles Chargers,James Cook,,,RB,player_rush_yds,Full Game,78.5,Under,-115,bovada|James Cook|player_rush_yds|78.5,0.53488372,0.5,https://api.the-odds-api.com/v4/sports/americanfootball_nfl
2026,3,b225458a282e140c44c45651255f2f6c,2026-09-27T17:00:00Z,Bovada,bovada,2026-09-24T19:57:44Z,Buffalo Bills,Los Angeles Chargers,Josh Allen,,,RB,player_rush_yds,Full Game,34.5,Over,-115,bovada|Josh Allen|player_rush_yds|34.5,0.53488372,0.5,https://api.the-odds-api.com/v4/sports/americanfootball_nfl
2026,3,b225458a282e140c44c45651255f2f6c,2026-09-27T17:00:00Z,Bovada,bovada,2026-09-24T19:57:44Z,Buffalo Bills,Los Angeles Chargers,Josh Allen,,,RB,player_rush_yds,Full Game,34.5,Under,-115,bovada|Josh Allen|player_rush_yds|34.5,0.53488372,0.5,https://api.the-odds-api.com/v4/sports/americanfootball_nfl
2026,3,b225458a282e140c44c45651255f2f6c,2026-09-27T17:00:00Z,Bovada,bovada,2026-09-24T19:57:44Z,Buffalo Bills,Los Angeles Chargers,Justin Herbert,,,RB,player_rush_yds,Full Game,19.5,Over,-110,bovada|Justin Herbert|player_rush_yds|19.5,0.52380952,0.48987854,https://api.the-odds-api.com/v4/sports/americanfootball_nfl
2026,3,b225458a282e140c44c45651255f2f6c,2026-09-27T17:00:00Z,Bovada,bovada,2026-09-24T19:57:44Z,Buffalo Bills,Los Angeles Chargers,Justin Herbert,,,RB,player_rush_yds,Full Game,19.5,Under,-120,bovada|Justin Herbert|player_rush_yds|19.5,0.54545455,0.51012146,https://api.the-odds-api.com/v4/sports/americanfootball_nfl
2026,3,b225458a282e140c44c45651255f2f6c,2026-09-27T17:00:00Z,Bovada,bovada,2026-09-24T19:57:44Z,Buffalo Bills,Los Angeles Chargers,Omarion Hampton,,,RB,player_rush_yds,Full Game,61.5,Over,-110,bovada|Omarion Hampton|player_rush_yds|61.5,0.52380952,0.48987854,https://api.the-odds-api.com/v4/sports/americanfootball_nfl
2026,3,b225458a282e140c44c45651255f2f6c,2026-09-27T17:00:00Z,Bovada,bovada,2026-09-24T19:57:44Z,Buffalo Bills,Los Angeles Chargers,Omarion Hampton,,,RB,player_rush_yds,Full Game,61.5,Under,-120,bovada|Omarion Hampton|player_rush_yds|61.5,0.54545455,0.51012146,https://api.the-odds-api.com/v4/sports/americanfootball_nfl
2026,3,613b8cd3a5fab58f7be4e3fd6f76223e,2026-09-27T17:00:00Z,DraftKings,draftkings,2026-09-24T19:58:22Z,Cleveland Browns,Carolina Panthers,Jalen Coker,,,WR,player_reception_yds,Full Game,61.5,Over,-110,draftkings|Jalen Coker|player_reception_yds|61.5,0.52380952,0.4957877,https://api.the-odds-api.com/v4/sports/americanfootball_nfl
2026,3,613b8cd3a5fab58f7be4e3fd6f76223e,2026-09-27T17:00:00Z,DraftKings,draftkings,2026-09-24T19:58:22Z,Cleveland Browns,Carolina Panthers,Jalen Coker,,,WR,player_reception_yds,Full Game,61.5,Under,-114,draftkings|Jalen Coker|player_reception_yds|61.5,0.53271028,0.5042123,https://api.the-odds-api.com/v4/sports/americanfootball_nfl
2026,3,613b8cd3a5fab58f7be4e3fd6f76223e,2026-09-27T17:00:00Z,DraftKings,draftkings,2026-09-24T19:58:22Z,Cleveland Browns,Carolina Panthers,Tetairoa McMillan,,,WR,player_reception_yds,Full Game,60.5,Over,-114,draftkings|Tetairoa McMillan|player_reception_yds|60.5,0.53271028,0.5042123,https://api.the-odds-api.com/v4/sports/americanfootball_nfl
2026,3,613b8cd3a5fab58f7be4e3fd6f76223e,2026-09-27T17:00:00Z,DraftKings,draftkings,2026-09-24T19:58:22Z,Cleveland Browns,Carolina Panthers,Tetairoa McMillan,,,WR,player_reception_yds,Full Game,60.5,Under,-110,draftkings|Tetairoa McMillan|player_reception_yds|60.5,0.52380952,0.4957877,https://api.the-odds-api.com/v4/sports/americanfootball_nfl
2026,3,613b8cd3a5fab58f7be4e3fd6f76223e,2026-09-27T17:00:00Z,DraftKings,draftkings,2026-09-24T19:58:22Z,Cleveland Browns,Carolina Panthers,Denzel Boston,,,WR,player_reception_yds,Full Game,47.5,Over,-114,draftkings|Denzel Boston|player_reception_yds|47.5,0.53271028,0.5042123,https://api.the-odds-api.com/v4/sports/americanfootball_nfl
2026,3,613b8cd3a5fab58f7be4e3fd6f76223e,2026-09-27T17:00:00Z,DraftKings,draftkings,2026-09-24T19:58:22Z,Cleveland Browns,Carolina Panthers,Denzel Boston,,,WR,player_reception_yds,Full Game,47.5,Under,-110,draftkings|Denzel Boston|player_reception_yds|47.5,0.52380952,0.4957877,https://api.the-odds-api.com/v4/sports/americanfootball_nfl
2026,3,613b8cd3a5fab58f7be4e3fd6f76223e,2026-09-27T17:00:00Z,DraftKings,draftkings,2026-09-24T19:58:22Z,Cleveland Browns,Carolina Panthers,Harold Fannin Jr.,,,WR,player_reception_yds,Full Game,38.5,Over,-112,draftkings|Harold Fannin Jr.|player_reception_yds|38.5,0.52830189,0.5,https://api.the-odds-api.com/v4/sports/americanfootball_nfl
2026,3,613b8cd3a5fab58f7be4e3fd6f76223e,2026-09-27T17:00:00Z,DraftKings,draftkings,2026-09-24T19:58:22Z,Cleveland Browns,Carolina Panthers,Harold Fannin Jr.,,,WR,player_reception_yds,Full Game,38.5,Under,-112,draftkings|Harold Fannin Jr.|player_reception_yds|38.5,0.52830189,0.5,https://api.the-odds-api.com/v4/sports/americanfootball_nfl
2026,3,613b8cd3a5fab58f7be4e3fd6f76223e,2026-09-27T17:00:00Z,DraftKings,draftkings,2026-09-24T19:58:22Z,Cleveland Browns,Carolina Panthers,KC Concepcion,,,WR,player_reception_yds,Full Game,32.5,Over,-112,draftkings|KC Concepcion|player_reception_yds|32.5,0.52830189,0.5,https://api.the-odds-api.com/v4/sports/americanfootball_nfl
2026,3,613b8cd3a5fab58f7be4e3fd6f76223e,2026-09-27T17:00:00Z,DraftKings,draftkings,2026-09-24T19:58:22Z,Cleveland Browns,Carolina Panthers,KC Concepcion,,,WR,player_reception_yds,Full Game,32.5,Under,-112,draftkings|KC Concepcion|player_reception_yds|32.5,0.52830189,0.5,https://api.the-odds-api.com/v4/sports/americanfootball_nfl
2026,3,613b8cd3a5fab58f7be4e3fd6f76223e,2026-09-27T17:00:00Z,DraftKings,draftkings,2026-09-24T19:58:22Z,Cleveland Browns,Carolina Panthers,Darren Waller,,,WR,player_reception_yds,Full Game,20.5,Over,-109,draftkings|Darren Waller|player_reception_yds|20.5,0.5215311,0.49368022,https://api.the-odds-api.com/v4/sports/americanfootball_nfl
2026,3,613b8cd3a5fab58f7be4e3fd6f76223e,2026-09-27T17:00:00Z,DraftKings,draftkings,2026-09-24T19:58:22Z,Cleveland Browns,Carolina Panthers,Darren Waller,,,WR,player_reception_yds,Full Game,20.5,Under,-115,draftkings|Darren Waller|player_reception_yds|20.5,0.53488372,0.50631978,https://api.the-odds-api.com/v4/sports/americanfootball_nfl
2026,3,613b8cd3a5fab58f7be4e3fd6f76223e,2026-09-27T17:00:00Z,DraftKings,draftkings,2026-09-24T19:58:22Z,Cleveland Browns,Carolina Panthers,Chuba Hubbard,,,WR,player_reception_yds,Full Game,15.5,Over,-110,draftkings|Chuba Hubbard|player_reception_yds|15.5,0.52380952,0.4957877,https://api.the-odds-api.com/v4/sports/americanfootball_nfl
2026,3,613b8cd3a5fab58f7be4e3fd6f76223e,2026-09-27T17:00:00Z,DraftKings,draftkings,2026-09-24T19:58:22Z,Cleveland Browns,Carolina Panthers,Chuba Hubbard,,,WR,player_reception_yds,Full Game,15.5,Under,-114,draftkings|Chuba Hubbard|player_reception_yds|15.5,0.53271028,0.5042123,https://api.the-odds-api.com/v4/sports/americanfootball_nfl
2026,3,613b8cd3a5fab58f7be4e3fd6f76223e,2026-09-27T17:00:00Z,DraftKings,draftkings,2026-09-24T19:58:22Z,Cleveland Browns,Carolina Panthers,Quinshon Judkins,,,WR,player_reception_yds,Full Game,13.5,Over,-116,draftkings|Quinshon Judkins|player_reception_yds|13.5,0.53703704,0.50842886,https://api.the-odds-api.com/v4/sports/americanfootball_nfl
2026,3,613b8cd3a5fab58f7be4e3fd6f76223e,2026-09-27T17:00:00Z,DraftKings,draftkings,2026-09-24T19:58:22Z,Cleveland Browns,Carolina Panthers,Quinshon Judkins,,,WR,player_reception_yds,Full Game,13.5,Under,-108,draftkings|Quinshon Judkins|player_reception_yds|13.5,0.51923077,0.49157114,https://api.the-odds-api.com/v4/sports/americanfootball_nfl
2026,3,613b8cd3a5fab58f7be4e3fd6f76223e,2026-09-27T17:00:00Z,DraftKings,draftkings,2026-09-24T19:58:22Z,Cleveland Browns,Carolina Panthers,Xavier Legette,,,WR,player_reception_yds,Full Game,12.5,Over,-115,draftkings|Xavier Legette|player_reception_yds|12.5,0.53488372,0.50631978,https://api.the-odds-api.com/v4/sports/americanfootball_nfl
2026,3,613b8cd3a5fab58f7be4e3fd6f76223e,2026-09-27T17:00:00Z,DraftKings,draftkings,2026-09-24T19:58:22Z,Cleveland Browns,Carolina Panthers,Xavier Legette,,,WR,player_reception_yds,Full Game,12.5,Under,-109,draftkings|Xavier Legette|player_reception_yds|12.5,0.5215311,0.49368022,https://api.the-odds-api.com/v4/sports/americanfootball_nfl
2026,3,613b8cd3a5fab58f7be4e3fd6f76223e,2026-09-27T17:00:00Z,DraftKings,draftkings,2026-09-24T19:58:22Z,Cleveland Browns,Carolina Panthers,Tommy Tremble,,,WR,player_reception_yds,Full Game,9.5,Over,-119,draftkings|Tommy Tremble|player_reception_yds|9.5,0.543379,0.51477105,https://api.the-odds-api.com/v4/sports/americanfootball_nfl
2026,3,613b8cd3a5fab58f7be4e3fd6f76223e,2026-09-27T17:00:00Z,DraftKings,draftkings,2026-09-24T19:58:22Z,Cleveland Browns,Carolina Panthers,Tommy Tremble,,,WR,player_reception_yds,Full Game,9.5,Under,-105,draftkings|Tommy Tremble|player_reception_yds|9.5,0.51219512,0.48522895,https://api.the-odds-api.com/v4/sports/americanfootball_nfl
2026,3,613b8cd3a5fab58f7be4e3fd6f76223e,2026-09-27T17:00:00Z,DraftKings,draftkings,2026-09-24T19:58:22Z,Cleveland Browns,Carolina Panthers,Chuba Hubbard,,,RB,player_rush_yds,Full Game,70.5,Over,-112,draftkings|Chuba Hubbard|player_rush_yds|70.5,0.52830189,0.5,https://api.the-odds-api.com/v4/sports/americanfootball_nfl
2026,3,613b8cd3a5fab58f7be4e3fd6f76223e,2026-09-27T17:00:00Z,DraftKings,draftkings,2026-09-24T19:58:22Z,Cleveland Browns,Carolina Panthers,Chuba Hubbard,,,RB,player_rush_yds,Full Game,70.5,Under,-112,draftkings|Chuba Hubbard|player_rush_yds|70.5,0.52830189,0.5,https://api.the-odds-api.com/v4/sports/americanfootball_nfl
2026,3,613b8cd3a5fab58f7be4e3fd6f76223e,2026-09-27T17:00:00Z,DraftKings,draftkings,2026-09-24T19:58:22Z,Cleveland Browns,Carolina Panthers,Quinshon Judkins,,,RB,player_rush_yds,Full Game,60.5,Over,-111,draftkings|Quinshon Judkins|player_rush_yds|60.5,0.52606635,0.49789412,https://api.the-odds-api.com/v4/sports/americanfootball_nfl
2026,3,613b8cd3a5fab58f7be4e3fd6f76223e,2026-09-27T17:00:00Z,DraftKings,draftkings,2026-09-24T19:58:22Z,Cleveland Browns,Carolina Panthers,Quinshon Judkins,,,RB,player_rush_yds,Full Game,60.5,Under,-113,draftkings|Quinshon Judkins|player_rush_yds|60.5,0.53051643,0.50210588,https://api.the-odds-api.com/v4/sports/americanfootball_nfl
2026,3,613b8cd3a5fab58f7be4e3fd6f76223e,2026-09-27T17:00:00Z,DraftKings,draftkings,2026-09-24T19:58:22Z,Cleveland Browns,Carolina Panthers,Deshaun Watson,,,RB,player_rush_yds,Full Game,26.5,Over,-115,draftkings|Deshaun Watson|player_rush_yds|26.5,0.53488372,0.50631978,https://api.the-odds-api.com/v4/sports/americanfootball_nfl
2026,3,613b8cd3a5fab58f7be4e3fd6f76223e,2026-09-27T17:00:00Z,DraftKings,draftkings,2026-09-24T19:58:22Z,Cleveland Browns,Carolina Panthers,Deshaun Watson,,,RB,player_rush_yds,Full Game,26.5,Under,-109,draftkings|Deshaun Watson|player_rush_yds|26.5,0.5215311,0.49368022,https://api.the-odds-api.com/v4/sports/americanfootball_nfl
2026,3,613b8cd3a5fab58f7be4e3fd6f76223e,2026-09-27T17:00:00Z,DraftKings,draftkings,2026-09-24T19:58:22Z,Cleveland Browns,Carolina Panthers,Bryce Young,,,RB,player_rush_yds,Full Game,15.5,Over,-107,draftkings|Bryce Young|player_rush_yds|15.5,0.51690821,0.48945992,https://api.the-odds-api.com/v4/sports/americanfootball_nfl
2026,3,613b8cd3a5fab58f7be4e3fd6f76223e,2026-09-27T17:00:00Z,DraftKings,draftkings,2026-09-24T19:58:22Z,Cleveland Browns,Carolina Panthers,Bryce Young,,,RB,player_rush_yds,Full Game,15.5,Under,-117,draftkings|Bryce Young|player_rush_yds|15.5,0.53917051,0.51054008,https://api.the-odds-api.com/v4/sports/americanfootball_nfl
2026,3,613b8cd3a5fab58f7be4e3fd6f76223e,2026-09-27T17:00:00Z,FanDuel,fanduel,2026-09-24T19:58:56Z,Cleveland Browns,Carolina Panthers,Jalen Coker,,,WR,player_reception_yds,Full Game,61.5,Over,-114,fanduel|Jalen Coker|player_reception_yds|61.5,0.53271028,0.5,https://api.the-odds-api.com/v4/sports/americanfootball_nfl
2026,3,613b8cd3a5fab58f7be4e3fd6f76223e,2026-09-27T17:00:00Z,FanDuel,fanduel,2026-09-24T19:58:56Z,Cleveland Browns,Carolina Panthers,Jalen Coker,,,WR,player_reception_yds,Full Game,61.5,Under,-114,fanduel|Jalen Coker|player_reception_yds|61.5,0.53271028,0.5,https://api.the-odds-api.com/v4/sports/americanfootball_nfl
2026,3,613b8cd3a5fab58f7be4e3fd6f76223e,2026-09-27T17:00:00Z,FanDuel,fanduel,2026-09-24T19:58:56Z,Cleveland Browns,Carolina Panthers,Tommy Tremble,,,WR,player_reception_yds,Full Game,9.5,Over,-114,fanduel|Tommy Tremble|player_reception_yds|9.5,0.53271028,0.5,https://api.the-odds-api.com/v4/sports/americanfootball_nfl
2026,3,613b8cd3a5fab58f7be4e3fd6f76223e,2026-09-27T17:00:00Z,FanDuel,fanduel,2026-09-24T19:58:56Z,Cleveland Browns,Carolina Panthers,Tommy Tremble,,,WR,player_reception_yds,Full Game,9.5,Under,-114,fanduel|Tommy Tremble|player_reception_yds|9.5,0.53271028,0.5,https://api.the-odds-api.com/v4/sports/americanfootball_nfl
2026,3,613b8cd3a5fab58f7be4e3fd6f76223e,2026-09-27T17:00:00Z,FanDuel,fanduel,2026-09-24T19:58:56Z,Cleveland Browns,Carolina Panthers,Darren Waller,,,WR,player_reception_yds,Full Game,20.5,Over,-114,fanduel|Darren Waller|player_reception_yds|20.5,0.53271028,0.5,https://api.the-odds-api.com/v4/sports/americanfootball_nfl
2026,3,613b8cd3a5fab58f7be4e3fd6f76223e,2026-09-27T17:00:00Z,FanDuel,fanduel,2026-09-24T19:58:56Z,Cleveland Browns,Carolina Panthers,Darren Waller,,,WR,player_reception_yds,Full Game,20.5,Under,-114,fanduel|Darren Waller|player_reception_yds|20.5,0.53271028,0.5,https://api.the-odds-api.com/v4/sports/americanfootball_nfl
2026,3,613b8cd3a5fab58f7be4e3fd6f76223e,2026-09-27T17:00:00Z,FanDuel,fanduel,2026-09-24T19:58:56Z,Cleveland Browns,Carolina Panthers,Harold Fannin Jr.,,,WR,player_reception_yds,Full Game,37.5,Over,-114,fanduel|Harold Fannin Jr.|player_reception_yds|37.5,0.53271028,0.5,https://api.the-odds-api.com/v4/sports/americanfootball_nfl
2026,3,613b8cd3a5fab58f7be4e3fd6f76223e,2026-09-27T17:00:00Z,FanDuel,fanduel,2026-09-24T19:58:56Z,Cleveland Browns,Carolina Panthers,Harold Fannin Jr.,,,WR,player_reception_yds,Full Game,37.5,Under,-114,fanduel|Harold Fannin Jr.|player_reception_yds|37.5,0.53271028,0.5,https://api.the-odds-api.com/v4/sports/americanfootball_nfl
2026,3,613b8cd3a5fab58f7be4e3fd6f76223e,2026-09-27T17:00:00Z,FanDuel,fanduel,2026-09-24T19:58:56Z,Cleveland Browns,Carolina Panthers,Tetairoa McMillan,,,WR,player_reception_yds,Full Game,61.5,Over,-114,fanduel|Tetairoa McMillan|player_reception_yds|61.5,0.53271028,0.5,https://api.the-odds-api.com/v4/sports/americanfootball_nfl
2026,3,613b8cd3a5fab58f7be4e3fd6f76223e,2026-09-27T17:00:00Z,FanDuel,fanduel,2026-09-24T19:58:56Z,Cleveland Browns,Carolina Panthers,Tetairoa McMillan,,,WR,player_reception_yds,Full Game,61.5,Under,-114,fanduel|Tetairoa McMillan|player_reception_yds|61.5,0.53271028,0.5,https://api.the-odds-api.com/v4/sports/americanfootball_nfl
2026,3,613b8cd3a5fab58f7be4e3fd6f76223e,2026-09-27T17:00:00Z,FanDuel,fanduel,2026-09-24T19:58:56Z,Cleveland Browns,Carolina Panthers,KC Concepcion,,,WR,player_reception_yds,Full Game,33.5,Over,-114,fanduel|KC Concepcion|player_reception_yds|33.5,0.53271028,0.5,https://api.the-odds-api.com/v4/sports/americanfootball_nfl
2026,3,613b8cd3a5fab58f7be4e3fd6f76223e,2026-09-27T17:00:00Z,FanDuel,fanduel,2026-09-24T19:58:56Z,Cleveland Browns,Carolina Panthers,KC Concepcion,,,WR,player_reception_yds,Full Game,33.5,Under,-114,fanduel|KC Concepcion|player_reception_yds|33.5,0.53271028,0.5,https://api.the-odds-api.com/v4/sports/americanfootball_nfl
2026,3,613b8cd3a5fab58f7be4e3fd6f76223e,2026-09-27T17:00:00Z,FanDuel,fanduel,2026-09-24T19:58:56Z,Cleveland Browns,Carolina Panthers,Quinshon Judkins,,,WR,player_reception_yds,Full Game,12.5,Over,-114,fanduel|Quinshon Judkins|player_reception_yds|12.5,0.53271028,0.5,https://api.the-odds-api.com/v4/sports/americanfootball_nfl
2026,3,613b8cd3a5fab58f7be4e3fd6f76223e,2026-09-27T17:00:00Z,FanDuel,fanduel,2026-09-24T19:58:56Z,Cleveland Browns,Carolina Panthers,Quinshon Judkins,,,WR,player_reception_yds,Full Game,12.5,Under,-114,fanduel|Quinshon Judkins|player_reception_yds|12.5,0.53271028,0.5,https://api.the-odds-api.com/v4/sports/americanfootball_nfl
2026,3,613b8cd3a5fab58f7be4e3fd6f76223e,2026-09-27T17:00:00Z,FanDuel,fanduel,2026-09-24T19:58:56Z,Cleveland Browns,Carolina Panthers,Jerry Jeudy,,,WR,player_reception_yds,Full Game,19.5,Over,-114,fanduel|Jerry Jeudy|player_reception_yds|19.5,0.53271028,0.5,https://api.the-odds-api.com/v4/sports/americanfootball_nfl
2026,3,613b8cd3a5fab58f7be4e3fd6f76223e,2026-09-27T17:00:00Z,FanDuel,fanduel,2026-09-24T19:58:56Z,Cleveland Browns,Carolina Panthers,Jerry Jeudy,,,WR,player_reception_yds,Full Game,19.5,Under,-114,fanduel|Jerry Jeudy|player_reception_yds|19.5,0.53271028,0.5,https://api.the-odds-api.com/v4/sports/americanfootball_nfl
2026,3,613b8cd3a5fab58f7be4e3fd6f76223e,2026-09-27T17:00:00Z,FanDuel,fanduel,2026-09-24T19:58:56Z,Cleveland Browns,Carolina Panthers,Denzel Boston,,,WR,player_reception_yds,Full Game,48.5,Over,-114,fanduel|Denzel Boston|player_reception_yds|48.5,0.53271028,0.5,https://api.the-odds-api.com/v4/sports/americanfootball_nfl
2026,3,613b8cd3a5fab58f7be4e3fd6f76223e,2026-09-27T17:00:00Z,FanDuel,fanduel,2026-09-24T19:58:56Z,Cleveland Browns,Carolina Panthers,Denzel Boston,,,WR,player_reception_yds,Full Game,48.5,Under,-114,fanduel|Denzel Boston|player_reception_yds|48.5,0.53271028,0.5,https://api.the-odds-api.com/v4/sports/americanfootball_nfl
2026,3,613b8cd3a5fab58f7be4e3fd6f76223e,2026-09-27T17:00:00Z,FanDuel,fanduel,2026-09-24T19:58:56Z,Cleveland Browns,Carolina Panthers,Quinshon Judkins,,,RB,player_rush_yds,Full Game,59.5,Over,-114,fanduel|Quinshon Judkins|player_rush_yds|59.5,0.53271028,0.5,https://api.the-odds-api.com/v4/sports/americanfootball_nfl
2026,3,613b8cd3a5fab58f7be4e3fd6f76223e,2026-09-27T17:00:00Z,FanDuel,fanduel,2026-09-24T19:58:56Z,Cleveland Browns,Carolina Panthers,Quinshon Judkins,,,RB,player_rush_yds,Full Game,59.5,Under,-114,fanduel|Quinshon Judkins|player_rush_yds|59.5,0.53271028,0.5,https://api.the-odds-api.com/v4/sports/americanfootball_nfl
2026,3,613b8cd3a5fab58f7be4e3fd6f76223e,2026-09-27T17:00:00Z,FanDuel,fanduel,2026-09-24T19:58:56Z,Cleveland Browns,Carolina Panthers,Chuba Hubbard,,,RB,player_rush_yds,Full Game,71.5,Over,-114,fanduel|Chuba Hubbard|player_rush_yds|71.5,0.53271028,0.5,https://api.the-odds-api.com/v4/sports/americanfootball_nfl
2026,3,613b8cd3a5fab58f7be4e3fd6f76223e,2026-09-27T17:00:00Z,FanDuel,fanduel,2026-09-24T19:58:56Z,Cleveland Browns,Carolina Panthers,Chuba Hubbard,,,RB,player_rush_yds,Full Game,71.5,Under,-114,fanduel|Chuba Hubbard|player_rush_yds|71.5,0.53271028,0.5,https://api.the-odds-api.com/v4/sports/americanfootball_nfl
2026,3,613b8cd3a5fab58f7be4e3fd6f76223e,2026-09-27T17:00:00Z,FanDuel,fanduel,2026-09-24T19:58:56Z,Cleveland Browns,Carolina Panthers,KC Concepcion,,,RB,player_rush_yds,Full Game,5.5,Over,-102,fanduel|KC Concepcion|player_rush_yds|5.5,0.5049505,0.47352989,https://api.the-odds-api.com/v4/sports/americanfootball_nfl
2026,3,613b8cd3a5fab58f7be4e3fd6f76223e,2026-09-27T17:00:00Z,FanDuel,fanduel,2026-09-24T19:58:56Z,Cleveland Browns,Carolina Panthers,KC Concepcion,,,RB,player_rush_yds,Full Game,5.5,Under,-128,fanduel|KC Concepcion|player_rush_yds|5.5,0.56140351,0.52647011,https://api.the-odds-api.com/v4/sports/americanfootball_nfl
2026,3,613b8cd3a5fab58f7be4e3fd6f76223e,2026-09-27T17:00:00Z,FanDuel,fanduel,2026-09-24T19:58:56Z,Cleveland Browns,Carolina Panthers,Deshaun Watson,,,RB,player_rush_yds,Full Game,25.5,Over,-114,fanduel|Deshaun Watson|player_rush_yds|25.5,0.53271028,0.5,https://api.the-odds-api.com/v4/sports/americanfootball_nfl
2026,3,613b8cd3a5fab58f7be4e3fd6f76223e,2026-09-27T17:00:00Z,FanDuel,fanduel,2026-09-24T19:58:56Z,Cleveland Browns,Carolina Panthers,Deshaun Watson,,,RB,player_rush_yds,Full Game,25.5,Under,-114,fanduel|Deshaun Watson|player_rush_yds|25.5,0.53271028,0.5,https://api.the-odds-api.com/v4/sports/americanfootball_nfl
2026,3,613b8cd3a5fab58f7be4e3fd6f76223e,2026-09-27T17:00:00Z,FanDuel,fanduel,2026-09-24T19:58:56Z,Cleveland Browns,Carolina Panthers,Bryce Young,,,RB,player_rush_yds,Full Game,14.5,Over,-114,fanduel|Bryce Young|player_rush_yds|14.5,0.53271028,0.5,https://api.the-odds-api.com/v4/sports/americanfootball_nfl
2026,3,613b8cd3a5fab58f7be4e3fd6f76223e,2026-09-27T17:00:00Z,FanDuel,fanduel,2026-09-24T19:58:56Z,Cleveland Browns,Carolina Panthers,Bryce Young,,,RB,player_rush_yds,Full Game,14.5,Under,-114,fanduel|Bryce Young|player_rush_yds|14.5,0.53271028,0.5,https://api.the-odds-api.com/v4/sports/americanfootball_nfl
2026,3,613b8cd3a5fab58f7be4e3fd6f76223e,2026-09-27T17:00:00Z,BetRivers,betrivers,2026-09-24T19:58:34Z,Cleveland Browns,Carolina Panthers,Chuba Hubbard,,,WR,player_reception_yds,Full Game,14.5,Over,-117,betrivers|Chuba Hubbard|player_reception_yds|14.5,0.53917051,0.5030135,https://api.the-odds-api.com/v4/sports/americanfootball_nfl
2026,3,613b8cd3a5fab58f7be4e3fd6f76223e,2026-09-27T17:00:00Z,BetRivers,betrivers,2026-09-24T19:58:34Z,Cleveland Browns,Carolina Panthers,Chuba Hubbard,,,WR,player_reception_yds,Full Game,14.5,Under,-114,betrivers|Chuba Hubbard|player_reception_yds|14.5,0.53271028,0.4969865,https://api.the-odds-api.com/v4/sports/americanfootball_nfl
2026,3,613b8cd3a5fab58f7be4e3fd6f76223e,2026-09-27T17:00:00Z,BetRivers,betrivers,2026-09-24T19:58:34Z,Cleveland Browns,Carolina Panthers,Harold Fannin Jr.,,,WR,player_reception_yds,Full Game,38.5,Over,-120,betrivers|Harold Fannin Jr.|player_reception_yds|38.5,0.54545455,0.50798722,https://api.the-odds-api.com/v4/sports/americanfootball_nfl
2026,3,613b8cd3a5fab58f7be4e3fd6f76223e,2026-09-27T17:00:00Z,BetRivers,betrivers,2026-09-24T19:58:34Z,Cleveland Browns,Carolina Panthers,Harold Fannin Jr.,,,WR,player_reception_yds,Full Game,38.5,Under,-112,betrivers|Harold Fannin Jr.|player_reception_yds|38.5,0.52830189,0.49201278,https://api.the-odds-api.com/v4/sports/americanfootball_nfl
2026,3,613b8cd3a5fab58f7be4e3fd6f76223e,2026-09-27T17:00:00Z,BetRivers,betrivers,2026-09-24T19:58:34Z,Cleveland Browns,Carolina Panthers,Tetairoa McMillan,,,WR,player_reception_yds,Full Game,60.5,Over,-115,betrivers|Tetairoa McMillan|player_reception_yds|60.5,0.53488372,0.5,https://api.the-odds-api.com/v4/sports/americanfootball_nfl
2026,3,613b8cd3a5fab58f7be4e3fd6f76223e,2026-09-27T17:00:00Z,BetRivers,betrivers,2026-09-24T19:58:34Z,Cleveland Browns,Carolina Panthers,Tetairoa McMillan,,,WR,player_reception_yds,Full Game,60.5,Under,-115,betrivers|Tetairoa McMillan|player_reception_yds|60.5,0.53488372,0.5,https://api.the-odds-api.com/v4/sports/americanfootball_nfl
2026,3,613b8cd3a5fab58f7be4e3fd6f76223e,2026-09-27T17:00:00Z,BetRivers,betrivers,2026-09-24T19:58:34Z,Cleveland Browns,Carolina Panthers,KC Concepcion,,,WR,player_reception_yds,Full Game,33.5,Over,-117,betrivers|KC Concepcion|player_reception_yds|33.5,0.53917051,0.5030135,https://api.the-odds-api.com/v4/sports/americanfootball_nfl
2026,3,613b8cd3a5fab58f7be4e3fd6f76223e,2026-09-27T17:00:00Z,BetRivers,betrivers,2026-09-24T19:58:34Z,Cleveland Browns,Carolina Panthers,KC Concepcion,,,WR,player_reception_yds,Full Game,33.5,Under,-114,betrivers|KC Concepcion|player_reception_yds|33.5,0.53271028,0.4969865,https://api.the-odds-api.com/v4/sports/americanfootball_nfl
2026,3,613b8cd3a5fab58f7be4e3fd6f76223e,2026-09-27T17:00:00Z,BetRivers,betrivers,2026-09-24T19:58:34Z,Cleveland Browns,Carolina Panthers,Jerry Jeudy,,,WR,player_reception_yds,Full Game,19.5,Over,-117,betrivers|Jerry Jeudy|player_reception_yds|19.5,0.53917051,0.5030135,https://api.the-odds-api.com/v4/sports/americanfootball_nfl
2026,3,613b8cd3a5fab58f7be4e3fd6f76223e,2026-09-27T17:00:00Z,BetRivers,betrivers,2026-09-24T19:58:34Z,Cleveland Browns,Carolina Panthers,Jerry Jeudy,,,WR,player_reception_yds,Full Game,19.5,Under,-114,betrivers|Jerry Jeudy|player_reception_yds|19.5,0.53271028,0.4969865,https://api.the-odds-api.com/v4/sports/americanfootball_nfl
2026,3,613b8cd3a5fab58f7be4e3fd6f76223e,2026-09-27T17:00:00Z,BetRivers,betrivers,2026-09-24T19:58:34Z,Cleveland Browns,Carolina Panthers,Denzel Boston,,,WR,player_reception_yds,Full Game,45.5,Over,-117,betrivers|Denzel Boston|player_reception_yds|45.5,0.53917051,0.5030135,https://api.the-odds-api.com/v4/sports/americanfootball_nfl
2026,3,613b8cd3a5fab58f7be4e3fd6f76223e,2026-09-27T17:00:00Z,BetRivers,betrivers,2026-09-24T19:58:34Z,Cleveland Browns,Carolina Panthers,Denzel Boston,,,WR,player_reception_yds,Full Game,45.5,Under,-114,betrivers|Denzel Boston|player_reception_yds|45.5,0.53271028,0.4969865,https://api.the-odds-api.com/v4/sports/americanfootball_nfl
2026,3,613b8cd3a5fab58f7be4e3fd6f76223e,2026-09-27T17:00:00Z,BetRivers,betrivers,2026-09-24T19:58:34Z,Cleveland Browns,Carolina Panthers,Quinshon Judkins,,,WR,player_reception_yds,Full Game,12.5,Over,-115,betrivers|Quinshon Judkins|player_reception_yds|12.5,0.53488372,0.5,https://api.the-odds-api.com/v4/sports/americanfootball_nfl
2026,3,613b8cd3a5fab58f7be4e3fd6f76223e,2026-09-27T17:00:00Z,BetRivers,betrivers,2026-09-24T19:58:34Z,Cleveland Browns,Carolina Panthers,Quinshon Judkins,,,WR,player_reception_yds,Full Game,12.5,Under,-115,betrivers|Quinshon Judkins|player_reception_yds|12.5,0.53488372,0.5,https://api.the-odds-api.com/v4/sports/americanfootball_nfl
2026,3,613b8cd3a5fab58f7be4e3fd6f76223e,2026-09-27T17:00:00Z,BetRivers,betrivers,2026-09-24T19:58:34Z,Cleveland Browns,Carolina Panthers,Darren Waller,,,WR,player_reception_yds,Full Game,20.5,Over,-117,betrivers|Darren Waller|player_reception_yds|20.5,0.53917051,0.5030135,https://api.the-odds-api.com/v4/sports/americanfootball_nfl
2026,3,613b8cd3a5fab58f7be4e3fd6f76223e,2026-09-27T17:00:00Z,BetRivers,betrivers,2026-09-24T19:58:34Z,Cleveland Browns,Carolina Panthers,Darren Waller,,,WR,player_reception_yds,Full Game,20.5,Under,-114,betrivers|Darren Waller|player_reception_yds|20.5,0.53271028,0.4969865,https://api.the-odds-api.com/v4/sports/americanfootball_nfl
2026,3,613b8cd3a5fab58f7be4e3fd6f76223e,2026-09-27T17:00:00Z,BetRivers,betrivers,2026-09-24T19:58:34Z,Cleveland Browns,Carolina Panthers,Tommy Tremble,,,WR,player_reception_yds,Full Game,10.5,Over,-121,betrivers|Tommy Tremble|player_reception_yds|10.5,0.54751131,0.51106195,https://api.the-odds-api.com/v4/sports/americanfootball_nfl
2026,3,613b8cd3a5fab58f7be4e3fd6f76223e,2026-09-27T17:00:00Z,BetRivers,betrivers,2026-09-24T19:58:34Z,Cleveland Browns,Carolina Panthers,Tommy Tremble,,,WR,player_reception_yds,Full Game,10.5,Under,-110,betrivers|Tommy Tremble|player_reception_yds|10.5,0.52380952,0.48893805,https://api.the-odds-api.com/v4/sports/americanfootball_nfl
2026,3,613b8cd3a5fab58f7be4e3fd6f76223e,2026-09-27T17:00:00Z,BetRivers,betrivers,2026-09-24T19:58:34Z,Cleveland Browns,Carolina Panthers,Jalen Coker,,,WR,player_reception_yds,Full Game,59.5,Over,-117,betrivers|Jalen Coker|player_reception_yds|59.5,0.53917051,0.5030135,https://api.the-odds-api.com/v4/sports/americanfootball_nfl
2026,3,613b8cd3a5fab58f7be4e3fd6f76223e,2026-09-27T17:00:00Z,BetRivers,betrivers,2026-09-24T19:58:34Z,Cleveland Browns,Carolina Panthers,Jalen Coker,,,WR,player_reception_yds,Full Game,59.5,Under,-114,betrivers|Jalen Coker|player_reception_yds|59.5,0.53271028,0.4969865,https://api.the-odds-api.com/v4/sports/americanfootball_nfl
2026,3,613b8cd3a5fab58f7be4e3fd6f76223e,2026-09-27T17:00:00Z,BetRivers,betrivers,2026-09-24T19:58:34Z,Cleveland Browns,Carolina Panthers,Bryce Young,,,RB,player_rush_yds,Full Game,13.5,Over,-121,betrivers|Bryce Young|player_rush_yds|13.5,0.54751131,0.51106195,https://api.the-odds-api.com/v4/sports/americanfootball_nfl
2026,3,613b8cd3a5fab58f7be4e3fd6f76223e,2026-09-27T17:00:00Z,BetRivers,betrivers,2026-09-24T19:58:34Z,Cleveland Browns,Carolina Panthers,Bryce Young,,,RB,player_rush_yds,Full Game,13.5,Under,-110,betrivers|Bryce Young|player_rush_yds|13.5,0.52380952,0.48893805,https://api.the-odds-api.com/v4/sports/americanfootball_nfl
2026,3,613b8cd3a5fab58f7be4e3fd6f76223e,2026-09-27T17:00:00Z,BetRivers,betrivers,2026-09-24T19:58:34Z,Cleveland Browns,Carolina Panthers,Chuba Hubbard,,,RB,player_rush_yds,Full Game,71.5,Over,-113,betrivers|Chuba Hubbard|player_rush_yds|71.5,0.53051643,0.49595485,https://api.the-odds-api.com/v4/sports/americanfootball_nfl
2026,3,613b8cd3a5fab58f7be4e3fd6f76223e,2026-09-27T17:00:00Z,BetRivers,betrivers,2026-09-24T19:58:34Z,Cleveland Browns,Carolina Panthers,Chuba Hubbard,,,RB,player_rush_yds,Full Game,71.5,Under,-117,betrivers|Chuba Hubbard|player_rush_yds|71.5,0.53917051,0.50404515,https://api.the-odds-api.com/v4/sports/americanfootball_nfl
2026,3,613b8cd3a5fab58f7be4e3fd6f76223e,2026-09-27T17:00:00Z,BetRivers,betrivers,2026-09-24T19:58:34Z,Cleveland Browns,Carolina Panthers,Quinshon Judkins,,,RB,player_rush_yds,Full Game,59.5,Over,-115,betrivers|Quinshon Judkins|player_rush_yds|59.5,0.53488372,0.5,https://api.the-odds-api.com/v4/sports/americanfootball_nfl
2026,3,613b8cd3a5fab58f7be4e3fd6f76223e,2026-09-27T17:00:00Z,BetRivers,betrivers,2026-09-24T19:58:34Z,Cleveland Browns,Carolina Panthers,Quinshon Judkins,,,RB,player_rush_yds,Full Game,59.5,Under,-115,betrivers|Quinshon Judkins|player_rush_yds|59.5,0.53488372,0.5,https://api.the-odds-api.com/v4/sports/americanfootball_nfl
2026,3,613b8cd3a5fab58f7be4e3fd6f76223e,2026-09-27T17:00:00Z,BetRivers,betrivers,2026-09-24T19:58:34Z,Cleveland Browns,Carolina Panthers,Deshaun Watson,,,RB,player_rush_yds,Full Game,26.5,Over,-120,betrivers|Deshaun Watson|player_rush_yds|26.5,0.54545455,0.50798722,https://api.the-odds-api.com/v4/sports/americanfootball_nfl
2026,3,613b8cd3a5fab58f7be4e3fd6f76223e,2026-09-27T17:00:00Z,BetRivers,betrivers,2026-09-24T19:58:34Z,Cleveland Browns,Carolina Panthers,Deshaun Watson,,,RB,player_rush_yds,Full Game,26.5,Under,-112,betrivers|Deshaun Watson|player_rush_yds|26.5,0.52830189,0.49201278,https://api.the-odds-api.com/v4/sports/americanfootball_nfl
2026,3,613b8cd3a5fab58f7be4e3fd6f76223e,2026-09-27T17:00:00Z,BetOnline.ag,betonlineag,2026-09-24T19:58:50Z,Cleveland Browns,Carolina Panthers,Quinshon Judkins,,,WR,player_reception_yds,Full Game,12.5,Over,-114,betonlineag|Quinshon Judkins|player_reception_yds|12.5,0.53271028,0.5,https://api.the-odds-api.com/v4/sports/americanfootball_nfl
2026,3,613b8cd3a5fab58f7be4e3fd6f76223e,2026-09-27T17:00:00Z,BetOnline.ag,betonlineag,2026-09-24T19:58:50Z,Cleveland Browns,Carolina Panthers,Quinshon Judkins,,,WR,player_reception_yds,Full Game,12.5,Under,-114,betonlineag|Quinshon Judkins|player_reception_yds|12.5,0.53271028,0.5,https://api.the-odds-api.com/v4/sports/americanfootball_nfl
2026,3,613b8cd3a5fab58f7be4e3fd6f76223e,2026-09-27T17:00:00Z,BetOnline.ag,betonlineag,2026-09-24T19:58:50Z,Cleveland Browns,Carolina Panthers,Harold Fannin Jr.,,,WR,player_reception_yds,Full Game,37.5,Over,-115,betonlineag|Harold Fannin Jr.|player_reception_yds|37.5,0.53488372,0.50309533,https://api.the-odds-api.com/v4/sports/americanfootball_nfl
2026,3,613b8cd3a5fab58f7be4e3fd6f76223e,2026-09-27T17:00:00Z,BetOnline.ag,betonlineag,2026-09-24T19:58:50Z,Cleveland Browns,Carolina Panthers,Harold Fannin Jr.,,,WR,player_reception_yds,Full Game,37.5,Under,-112,betonlineag|Harold Fannin Jr.|player_reception_yds|37.5,0.52830189,0.49690467,https://api.the-odds-api.com/v4/sports/americanfootball_nfl
2026,3,613b8cd3a5fab58f7be4e3fd6f76223e,2026-09-27T17:00:00Z,BetOnline.ag,betonlineag,2026-09-24T19:58:50Z,Cleveland Browns,Carolina Panthers,KC Concepcion,,,WR,player_reception_yds,Full Game,33.5,Over,-114,betonlineag|KC Concepcion|player_reception_yds|33.5,0.53271028,0.5,https://api.the-odds-api.com/v4/sports/americanfootball_nfl
2026,3,613b8cd3a5fab58f7be4e3fd6f76223e,2026-09-27T17:00:00Z,BetOnline.ag,betonlineag,2026-09-24T19:58:50Z,Cleveland Browns,Carolina Panthers,KC Concepcion,,,WR,player_reception_yds,Full Game,33.5,Under,-114,betonlineag|KC Concepcion|player_reception_yds|33.5,0.53271028,0.5,https://api.the-odds-api.com/v4/sports/americanfootball_nfl
2026,3,613b8cd3a5fab58f7be4e3fd6f76223e,2026-09-27T17:00:00Z,BetOnline.ag,betonlineag,2026-09-24T19:58:50Z,Cleveland Browns,Carolina Panthers,Chuba Hubbard,,,WR,player_reception_yds,Full Game,15.5,Over,-112,betonlineag|Chuba Hubbard|player_reception_yds|15.5,0.52830189,0.49690467,https://api.the-odds-api.com/v4/sports/americanfootball_nfl
2026,3,613b8cd3a5fab58f7be4e3fd6f76223e,2026-09-27T17:00:00Z,BetOnline.ag,betonlineag,2026-09-24T19:58:50Z,Cleveland Browns,Carolina Panthers,Chuba Hubbard,,,WR,player_reception_yds,Full Game,15.5,Under,-115,betonlineag|Chuba Hubbard|player_reception_yds|15.5,0.53488372,0.50309533,https://api.the-odds-api.com/v4/sports/americanfootball_nfl
2026,3,613b8cd3a5fab58f7be4e3fd6f76223e,2026-09-27T17:00:00Z,BetOnline.ag,betonlineag,2026-09-24T19:58:50Z,Cleveland Browns,Carolina Panthers,Darren Waller,,,WR,player_reception_yds,Full Game,20.5,Over,-111,betonlineag|Darren Waller|player_reception_yds|20.5,0.52606635,0.49484025,https://api.the-odds-api.com/v4/sports/americanfootball_nfl
2026,3,613b8cd3a5fab58f7be4e3fd6f76223e,2026-09-27T17:00:00Z,BetOnline.ag,betonlineag,2026-09-24T19:58:50Z,Cleveland Browns,Carolina Panthers,Darren Waller,,,WR,player_reception_yds,Full Game,20.5,Under,-116,betonlineag|Darren Waller|player_reception_yds|20.5,0.53703704,0.50515975,https://api.the-odds-api.com/v4/sports/americanfootball_nfl
2026,3,613b8cd3a5fab58f7be4e3fd6f76223e,2026-09-27T17:00:00Z,BetOnline.ag,betonlineag,2026-09-24T19:58:50Z,Cleveland Browns,Carolina Panthers,Jerry Jeudy,,,WR,player_reception_yds,Full Game,19.5,Over,-114,betonlineag|Jerry Jeudy|player_reception_yds|19.5,0.53271028,0.5,https://api.the-odds-api.com/v4/sports/americanfootball_nfl
2026,3,613b8cd3a5fab58f7be4e3fd6f76223e,2026-09-27T17:00:00Z,BetOnline.ag,betonlineag,2026-09-24T19:58:50Z,Cleveland Browns,Carolina Panthers,Jerry Jeudy,,,WR,player_reception_yds,Full Game,19.5,Under,-114,betonlineag|Jerry Jeudy|player_reception_yds|19.5,0.53271028,0.5,https://api.the-odds-api.com/v4/sports/americanfootball_nfl
2026,3,613b8cd3a5fab58f7be4e3fd6f76223e,2026-09-27T17:00:00Z,BetOnline.ag,betonlineag,2026-09-24T19:58:50Z,Cleveland Browns,Carolina Panthers,Tommy Tremble,,,WR,player_reception_yds,Full Game,9.5,Over,-119,betonlineag|Tommy Tremble|player_reception_yds|9.5,0.543379,0.5102581,https://api.the-odds-api.com/v4/sports/americanfootball_nfl
2026,3,613b8cd3a5fab58f7be4e3fd6f76223e,2026-09-27T17:00:00Z,BetOnline.ag,betonlineag,2026-09-24T19:58:50Z,Cleveland Browns,Carolina Panthers,Tommy Tremble,,,WR,player_reception_yds,Full Game,9.5,Under,-109,betonlineag|Tommy Tremble|player_reception_yds|9.5,0.5215311,0.4897419,https://api.the-odds-api.com/v4/sports/americanfootball_nfl
2026,3,613b8cd3a5fab58f7be4e3fd6f76223e,2026-09-27T17:00:00Z,BetOnline.ag,betonlineag,2026-09-24T19:58:50Z,Cleveland Browns,Carolina Panthers,Tetairoa McMillan,,,WR,player_reception_yds,Full Game,59.5,Over,-116,betonlineag|Tetairoa McMillan|player_reception_yds|59.5,0.53703704,0.50515975,https://api.the-odds-api.com/v4/sports/americanfootball_nfl
2026,3,613b8cd3a5fab58f7be4e3fd6f76223e,2026-09-27T17:00:00Z,BetOnline.ag,betonlineag,2026-09-24T19:58:50Z,Cleveland Browns,Carolina Panthers,Tetairoa McMillan,,,WR,player_reception_yds,Full Game,59.5,Under,-111,betonlineag|Tetairoa McMillan|player_reception_yds|59.5,0.52606635,0.49484025,https://api.the-odds-api.com/v4/sports/americanfootball_nfl
2026,3,613b8cd3a5fab58f7be4e3fd6f76223e,2026-09-27T17:00:00Z,BetOnline.ag,betonlineag,2026-09-24T19:58:50Z,Cleveland Browns,Carolina Panthers,Denzel Boston,,,WR,player_reception_yds,Full Game,48.5,Over,-114,betonlineag|Denzel Boston|player_reception_yds|48.5,0.53271028,0.5,https://api.the-odds-api.com/v4/sports/americanfootball_nfl
2026,3,613b8cd3a5fab58f7be4e3fd6f76223e,2026-09-27T17:00:00Z,BetOnline.ag,betonlineag,2026-09-24T19:58:50Z,Cleveland Browns,Carolina Panthers,Denzel Boston,,,WR,player_reception_yds,Full Game,48.5,Under,-114,betonlineag|Denzel Boston|player_reception_yds|48.5,0.53271028,0.5,https://api.the-odds-api.com/v4/sports/americanfootball_nfl
2026,3,613b8cd3a5fab58f7be4e3fd6f76223e,2026-09-27T17:00:00Z,BetOnline.ag,betonlineag,2026-09-24T19:58:50Z,Cleveland Browns,Carolina Panthers,Bryce Young,,,RB,player_rush_yds,Full Game,14.5,Over,-118,betonlineag|Bryce Young|player_rush_yds|14.5,0.5412844,0.50820345,https://api.the-odds-api.com/v4/sports/americanfootball_nfl
2026,3,613b8cd3a5fab58f7be4e3fd6f76223e,2026-09-27T17:00:00Z,BetOnline.ag,betonlineag,2026-09-24T19:58:50Z,Cleveland Browns,Carolina Panthers,Bryce Young,,,RB,player_rush_yds,Full Game,14.5,Under,-110,betonlineag|Bryce Young|player_rush_yds|14.5,0.52380952,0.49179655,https://api.the-odds-api.com/v4/sports/americanfootball_nfl
2026,3,613b8cd3a5fab58f7be4e3fd6f76223e,2026-09-27T17:00:00Z,BetOnline.ag,betonlineag,2026-09-24T19:58:50Z,Cleveland Browns,Carolina Panthers,Deshaun Watson,,,RB,player_rush_yds,Full Game,25.5,Over,-116,betonlineag|Deshaun Watson|player_rush_yds|25.5,0.53703704,0.50515975,https://api.the-odds-api.com/v4/sports/americanfootball_nfl
2026,3,613b8cd3a5fab58f7be4e3fd6f76223e,2026-09-27T17:00:00Z,BetOnline.ag,betonlineag,2026-09-24T19:58:50Z,Cleveland Browns,Carolina Panthers,Deshaun Watson,,,RB,player_rush_yds,Full Game,25.5,Under,-111,betonlineag|Deshaun Watson|player_rush_yds|25.5,0.52606635,0.49484025,https://api.the-odds-api.com/v4/sports/americanfootball_nfl
2026,3,613b8cd3a5fab58f7be4e3fd6f76223e,2026-09-27T17:00:00Z,BetOnline.ag,betonlineag,2026-09-24T19:58:50Z,Cleveland Browns,Carolina Panthers,Chuba Hubbard,,,RB,player_rush_yds,Full Game,71.5,Over,-115,betonlineag|Chuba Hubbard|player_rush_yds|71.5,0.53488372,0.50309533,https://api.the-odds-api.com/v4/sports/americanfootball_nfl
2026,3,613b8cd3a5fab58f7be4e3fd6f76223e,2026-09-27T17:00:00Z,BetOnline.ag,betonlineag,2026-09-24T19:58:50Z,Cleveland Browns,Carolina Panthers,Chuba Hubbard,,,RB,player_rush_yds,Full Game,71.5,Under,-112,betonlineag|Chuba Hubbard|player_rush_yds|71.5,0.52830189,0.49690467,https://api.the-odds-api.com/v4/sports/americanfootball_nfl
2026,3,613b8cd3a5fab58f7be4e3fd6f76223e,2026-09-27T17:00:00Z,BetOnline.ag,betonlineag,2026-09-24T19:58:50Z,Cleveland Browns,Carolina Panthers,Quinshon Judkins,,,RB,player_rush_yds,Full Game,59.5,Over,-114,betonlineag|Quinshon Judkins|player_rush_yds|59.5,0.53271028,0.5,https://api.the-odds-api.com/v4/sports/americanfootball_nfl
2026,3,613b8cd3a5fab58f7be4e3fd6f76223e,2026-09-27T17:00:00Z,BetOnline.ag,betonlineag,2026-09-24T19:58:50Z,Cleveland Browns,Carolina Panthers,Quinshon Judkins,,,RB,player_rush_yds,Full Game,59.5,Under,-114,betonlineag|Quinshon Judkins|player_rush_yds|59.5,0.53271028,0.5,https://api.the-odds-api.com/v4/sports/americanfootball_nfl
2026,3,613b8cd3a5fab58f7be4e3fd6f76223e,2026-09-27T17:00:00Z,Underdog,underdog,2026-09-24T19:58:11Z,Cleveland Browns,Carolina Panthers,Darren Waller,,,WR,player_reception_yds,Full Game,20.5,Over,-137,underdog|Darren Waller|player_reception_yds|20.5,0.57805907,0.5,https://api.the-odds-api.com/v4/sports/americanfootball_nfl
2026,3,613b8cd3a5fab58f7be4e3fd6f76223e,2026-09-27T17:00:00Z,Underdog,underdog,2026-09-24T19:58:11Z,Cleveland Browns,Carolina Panthers,Darren Waller,,,WR,player_reception_yds,Full Game,20.5,Under,-137,underdog|Darren Waller|player_reception_yds|20.5,0.57805907,0.5,https://api.the-odds-api.com/v4/sports/americanfootball_nfl
2026,3,613b8cd3a5fab58f7be4e3fd6f76223e,2026-09-27T17:00:00Z,Underdog,underdog,2026-09-24T19:58:11Z,Cleveland Browns,Carolina Panthers,Chuba Hubbard,,,WR,player_reception_yds,Full Game,15.5,Over,-137,underdog|Chuba Hubbard|player_reception_yds|15.5,0.57805907,0.5,https://api.the-odds-api.com/v4/sports/americanfootball_nfl
2026,3,613b8cd3a5fab58f7be4e3fd6f76223e,2026-09-27T17:00:00Z,Underdog,underdog,2026-09-24T19:58:11Z,Cleveland Browns,Carolina Panthers,Chuba Hubbard,,,WR,player_reception_yds,Full Game,15.5,Under,-137,underdog|Chuba Hubbard|player_reception_yds|15.5,0.57805907,0.5,https://api.the-odds-api.com/v4/sports/americanfootball_nfl
2026,3,613b8cd3a5fab58f7be4e3fd6f76223e,2026-09-27T17:00:00Z,Underdog,underdog,2026-09-24T19:58:11Z,Cleveland Browns,Carolina Panthers,Tetairoa McMillan,,,WR,player_reception_yds,Full Game,61.5,Over,-137,underdog|Tetairoa McMillan|player_reception_yds|61.5,0.57805907,0.5,https://api.the-odds-api.com/v4/sports/americanfootball_nfl
2026,3,613b8cd3a5fab58f7be4e3fd6f76223e,2026-09-27T17:00:00Z,Underdog,underdog,2026-09-24T19:58:11Z,Cleveland Browns,Carolina Panthers,Tetairoa McMillan,,,WR,player_reception_yds,Full Game,61.5,Under,-137,underdog|Tetairoa McMillan|player_reception_yds|61.5,0.57805907,0.5,https://api.the-odds-api.com/v4/sports/americanfootball_nfl
2026,3,613b8cd3a5fab58f7be4e3fd6f76223e,2026-09-27T17:00:00Z,Underdog,underdog,2026-09-24T19:58:11Z,Cleveland Browns,Carolina Panthers,Quinshon Judkins,,,WR,player_reception_yds,Full Game,12.5,Over,-137,underdog|Quinshon Judkins|player_reception_yds|12.5,0.57805907,0.5,https://api.the-odds-api.com/v4/sports/americanfootball_nfl
2026,3,613b8cd3a5fab58f7be4e3fd6f76223e,2026-09-27T17:00:00Z,Underdog,underdog,2026-09-24T19:58:11Z,Cleveland Browns,Carolina Panthers,Quinshon Judkins,,,WR,player_reception_yds,Full Game,12.5,Under,-137,underdog|Quinshon Judkins|player_reception_yds|12.5,0.57805907,0.5,https://api.the-odds-api.com/v4/sports/americanfootball_nfl
2026,3,613b8cd3a5fab58f7be4e3fd6f76223e,2026-09-27T17:00:00Z,Underdog,underdog,2026-09-24T19:58:11Z,Cleveland Browns,Carolina Panthers,Jerry Jeudy,,,WR,player_reception_yds,Full Game,19.5,Over,-137,underdog|Jerry Jeudy|player_reception_yds|19.5,0.57805907,0.5,https://api.the-odds-api.com/v4/sports/americanfootball_nfl
2026,3,613b8cd3a5fab58f7be4e3fd6f76223e,2026-09-27T17:00:00Z,Underdog,underdog,2026-09-24T19:58:11Z,Cleveland Browns,Carolina Panthers,Jerry Jeudy,,,WR,player_reception_yds,Full Game,19.5,Under,-137,underdog|Jerry Jeudy|player_reception_yds|19.5,0.57805907,0.5,https://api.the-odds-api.com/v4/sports/americanfootball_nfl
2026,3,613b8cd3a5fab58f7be4e3fd6f76223e,2026-09-27T17:00:00Z,Underdog,underdog,2026-09-24T19:58:11Z,Cleveland Browns,Carolina Panthers,Xavier Legette,,,WR,player_reception_yds,Full Game,12.5,Over,-137,underdog|Xavier Legette|player_reception_yds|12.5,0.57805907,0.5,https://api.the-odds-api.com/v4/sports/americanfootball_nfl
2026,3,613b8cd3a5fab58f7be4e3fd6f76223e,2026-09-27T17:00:00Z,Underdog,underdog,2026-09-24T19:58:11Z,Cleveland Browns,Carolina Panthers,Xavier Legette,,,WR,player_reception_yds,Full Game,12.5,Under,-137,underdog|Xavier Legette|player_reception_yds|12.5,0.57805907,0.5,https://api.the-odds-api.com/v4/sports/americanfootball_nfl
2026,3,613b8cd3a5fab58f7be4e3fd6f76223e,2026-09-27T17:00:00Z,Underdog,underdog,2026-09-24T19:58:11Z,Cleveland Browns,Carolina Panthers,Raheim Sanders,,,WR,player_reception_yds,Full Game,2.5,Over,-137,underdog|Raheim Sanders|player_reception_yds|2.5,0.57805907,0.5,https://api.the-odds-api.com/v4/sports/americanfootball_nfl
2026,3,613b8cd3a5fab58f7be4e3fd6f76223e,2026-09-27T17:00:00Z,Underdog,underdog,2026-09-24T19:58:11Z,Cleveland Browns,Carolina Panthers,Raheim Sanders,,,WR,player_reception_yds,Full Game,2.5,Under,-137,underdog|Raheim Sanders|player_reception_yds|2.5,0.57805907,0.5,https://api.the-odds-api.com/v4/sports/americanfootball_nfl
2026,3,613b8cd3a5fab58f7be4e3fd6f76223e,2026-09-27T17:00:00Z,Underdog,underdog,2026-09-24T19:58:11Z,Cleveland Browns,Carolina Panthers,Jalen Coker,,,WR,player_reception_yds,Full Game,61.5,Over,-137,underdog|Jalen Coker|player_reception_yds|61.5,0.57805907,0.5,https://api.the-odds-api.com/v4/sports/americanfootball_nfl
2026,3,613b8cd3a5fab58f7be4e3fd6f76223e,2026-09-27T17:00:00Z,Underdog,underdog,2026-09-24T19:58:11Z,Cleveland Browns,Carolina Panthers,Jalen Coker,,,WR,player_reception_yds,Full Game,61.5,Under,-137,underdog|Jalen Coker|player_reception_yds|61.5,0.57805907,0.5,https://api.the-odds-api.com/v4/sports/americanfootball_nfl
2026,3,613b8cd3a5fab58f7be4e3fd6f76223e,2026-09-27T17:00:00Z,Underdog,underdog,2026-09-24T19:58:11Z,Cleveland Browns,Carolina Panthers,Tommy Tremble,,,WR,player_reception_yds,Full Game,9.5,Over,-137,underdog|Tommy Tremble|player_reception_yds|9.5,0.57805907,0.5,https://api.the-odds-api.com/v4/sports/americanfootball_nfl
2026,3,613b8cd3a5fab58f7be4e3fd6f76223e,2026-09-27T17:00:00Z,Underdog,underdog,2026-09-24T19:58:11Z,Cleveland Browns,Carolina Panthers,Tommy Tremble,,,WR,player_reception_yds,Full Game,9.5,Under,-137,underdog|Tommy Tremble|player_reception_yds|9.5,0.57805907,0.5,https://api.the-odds-api.com/v4/sports/americanfootball_nfl
2026,3,613b8cd3a5fab58f7be4e3fd6f76223e,2026-09-27T17:00:00Z,Underdog,underdog,2026-09-24T19:58:11Z,Cleveland Browns,Carolina Panthers,Harold Fannin Jr.,,,WR,player_reception_yds,Full Game,37.5,Over,-137,underdog|Harold Fannin Jr.|player_reception_yds|37.5,0.57805907,0.5,https://api.the-odds-api.com/v4/sports/americanfootball_nfl
2026,3,613b8cd3a5fab58f7be4e3fd6f76223e,2026-09-27T17:00:00Z,Underdog,underdog,2026-09-24T19:58:11Z,Cleveland Browns,Carolina Panthers,Harold Fannin Jr.,,,WR,player_reception_yds,Full Game,37.5,Under,-137,underdog|Harold Fannin Jr.|player_reception_yds|37.5,0.57805907,0.5,https://api.the-odds-api.com/v4/sports/americanfootball_nfl
2026,3,613b8cd3a5fab58f7be4e3fd6f76223e,2026-09-27T17:00:00Z,Underdog,underdog,2026-09-24T19:58:11Z,Cleveland Browns,Carolina Panthers,Mitchell Evans,,,WR,player_reception_yds,Full Game,3.5,Over,-137,underdog|Mitchell Evans|player_reception_yds|3.5,0.57805907,0.5,https://api.the-odds-api.com/v4/sports/americanfootball_nfl
2026,3,613b8cd3a5fab58f7be4e3fd6f76223e,2026-09-27T17:00:00Z,Underdog,underdog,2026-09-24T19:58:11Z,Cleveland Browns,Carolina Panthers,Mitchell Evans,,,WR,player_reception_yds,Full Game,3.5,Under,-137,underdog|Mitchell Evans|player_reception_yds|3.5,0.57805907,0.5,https://api.the-odds-api.com/v4/sports/americanfootball_nfl
2026,3,613b8cd3a5fab58f7be4e3fd6f76223e,2026-09-27T17:00:00Z,Underdog,underdog,2026-09-24T19:58:11Z,Cleveland Browns,Carolina Panthers,Blake Whiteheart,,,WR,player_reception_yds,Full Game,4.5,Over,-137,underdog|Blake Whiteheart|player_reception_yds|4.5,0.57805907,0.5,https://api.the-odds-api.com/v4/sports/americanfootball_nfl
2026,3,613b8cd3a5fab58f7be4e3fd6f76223e,2026-09-27T17:00:00Z,Underdog,underdog,2026-09-24T19:58:11Z,Cleveland Browns,Carolina Panthers,Blake Whiteheart,,,WR,player_reception_yds,Full Game,4.5,Under,-137,underdog|Blake Whiteheart|player_reception_yds|4.5,0.57805907,0.5,https://api.the-odds-api.com/v4/sports/americanfootball_nfl
2026,3,613b8cd3a5fab58f7be4e3fd6f76223e,2026-09-27T17:00:00Z,Underdog,underdog,2026-09-24T19:58:11Z,Cleveland Browns,Carolina Panthers,Denzel Boston,,,WR,player_reception_yds,Full Game,48.5,Over,-137,underdog|Denzel Boston|player_reception_yds|48.5,0.57805907,0.5,https://api.the-odds-api.com/v4/sports/americanfootball_nfl
2026,3,613b8cd3a5fab58f7be4e3fd6f76223e,2026-09-27T17:00:00Z,Underdog,underdog,2026-09-24T19:58:11Z,Cleveland Browns,Carolina Panthers,Denzel Boston,,,WR,player_reception_yds,Full Game,48.5,Under,-137,underdog|Denzel Boston|player_reception_yds|48.5,0.57805907,0.5,https://api.the-odds-api.com/v4/sports/americanfootball_nfl
2026,3,613b8cd3a5fab58f7be4e3fd6f76223e,2026-09-27T17:00:00Z,Underdog,underdog,2026-09-24T19:58:11Z,Cleveland Browns,Carolina Panthers,KC Concepcion,,,WR,player_reception_yds,Full Game,33.5,Over,-137,underdog|KC Concepcion|player_reception_yds|33.5,0.57805907,0.5,https://api.the-odds-api.com/v4/sports/americanfootball_nfl
2026,3,613b8cd3a5fab58f7be4e3fd6f76223e,2026-09-27T17:00:00Z,Underdog,underdog,2026-09-24T19:58:11Z,Cleveland Browns,Carolina Panthers,KC Concepcion,,,WR,player_reception_yds,Full Game,33.5,Under,-137,underdog|KC Concepcion|player_reception_yds|33.5,0.57805907,0.5,https://api.the-odds-api.com/v4/sports/americanfootball_nfl
2026,3,613b8cd3a5fab58f7be4e3fd6f76223e,2026-09-27T17:00:00Z,Underdog,underdog,2026-09-24T19:58:11Z,Cleveland Browns,Carolina Panthers,Chuba Hubbard,,,RB,player_rush_yds,Full Game,71.5,Over,-137,underdog|Chuba Hubbard|player_rush_yds|71.5,0.57805907,0.5,https://api.the-odds-api.com/v4/sports/americanfootball_nfl
2026,3,613b8cd3a5fab58f7be4e3fd6f76223e,2026-09-27T17:00:00Z,Underdog,underdog,2026-09-24T19:58:11Z,Cleveland Browns,Carolina Panthers,Chuba Hubbard,,,RB,player_rush_yds,Full Game,71.5,Under,-137,underdog|Chuba Hubbard|player_rush_yds|71.5,0.57805907,0.5,https://api.the-odds-api.com/v4/sports/americanfootball_nfl
2026,3,613b8cd3a5fab58f7be4e3fd6f76223e,2026-09-27T17:00:00Z,Underdog,underdog,2026-09-24T19:58:11Z,Cleveland Browns,Carolina Panthers,Quinshon Judkins,,,RB,player_rush_yds,Full Game,59.5,Over,-137,underdog|Quinshon Judkins|player_rush_yds|59.5,0.57805907,0.5,https://api.the-odds-api.com/v4/sports/americanfootball_nfl
2026,3,613b8cd3a5fab58f7be4e3fd6f76223e,2026-09-27T17:00:00Z,Underdog,underdog,2026-09-24T19:58:11Z,Cleveland Browns,Carolina Panthers,Quinshon Judkins,,,RB,player_rush_yds,Full Game,59.5,Under,-137,underdog|Quinshon Judkins|player_rush_yds|59.5,0.57805907,0.5,https://api.the-odds-api.com/v4/sports/americanfootball_nfl
2026,3,613b8cd3a5fab58f7be4e3fd6f76223e,2026-09-27T17:00:00Z,Underdog,underdog,2026-09-24T19:58:11Z,Cleveland Browns,Carolina Panthers,Bryce Young,,,RB,player_rush_yds,Full Game,14.5,Over,-137,underdog|Bryce Young|player_rush_yds|14.5,0.57805907,0.5,https://api.the-odds-api.com/v4/sports/americanfootball_nfl
2026,3,613b8cd3a5fab58f7be4e3fd6f76223e,2026-09-27T17:00:00Z,Underdog,underdog,2026-09-24T19:58:11Z,Cleveland Browns,Carolina Panthers,Bryce Young,,,RB,player_rush_yds,Full Game,14.5,Under,-137,underdog|Bryce Young|player_rush_yds|14.5,0.57805907,0.5,https://api.the-odds-api.com/v4/sports/americanfootball_nfl
2026,3,613b8cd3a5fab58f7be4e3fd6f76223e,2026-09-27T17:00:00Z,Underdog,underdog,2026-09-24T19:58:11Z,Cleveland Browns,Carolina Panthers,Deshaun Watson,,,RB,player_rush_yds,Full Game,25.5,Over,-137,underdog|Deshaun Watson|player_rush_yds|25.5,0.57805907,0.5,https://api.the-odds-api.com/v4/sports/americanfootball_nfl
2026,3,613b8cd3a5fab58f7be4e3fd6f76223e,2026-09-27T17:00:00Z,Underdog,underdog,2026-09-24T19:58:11Z,Cleveland Browns,Carolina Panthers,Deshaun Watson,,,RB,player_rush_yds,Full Game,25.5,Under,-137,underdog|Deshaun Watson|player_rush_yds|25.5,0.57805907,0.5,https://api.the-odds-api.com/v4/sports/americanfootball_nfl
2026,3,613b8cd3a5fab58f7be4e3fd6f76223e,2026-09-27T17:00:00Z,Bovada,bovada,2026-09-24T19:57:30Z,Cleveland Browns,Carolina Panthers,Chuba Hubbard,,,WR,player_reception_yds,Full Game,15.5,Over,-115,bovada|Chuba Hubbard|player_reception_yds|15.5,0.53488372,0.5,https://api.the-odds-api.com/v4/sports/americanfootball_nfl
2026,3,613b8cd3a5fab58f7be4e3fd6f76223e,2026-09-27T17:00:00Z,Bovada,bovada,2026-09-24T19:57:30Z,Cleveland Browns,Carolina Panthers,Chuba Hubbard,,,WR,player_reception_yds,Full Game,15.5,Under,-115,bovada|Chuba Hubbard|player_reception_yds|15.5,0.53488372,0.5,https://api.the-odds-api.com/v4/sports/americanfootball_nfl
2026,3,613b8cd3a5fab58f7be4e3fd6f76223e,2026-09-27T17:00:00Z,Bovada,bovada,2026-09-24T19:57:30Z,Cleveland Browns,Carolina Panthers,Darren Waller,,,WR,player_reception_yds,Full Game,20.5,Over,-110,bovada|Darren Waller|player_reception_yds|20.5,0.52380952,0.48987854,https://api.the-odds-api.com/v4/sports/americanfootball_nfl
2026,3,613b8cd3a5fab58f7be4e3fd6f76223e,2026-09-27T17:00:00Z,Bovada,bovada,2026-09-24T19:57:30Z,Cleveland Browns,Carolina Panthers,Darren Waller,,,WR,player_reception_yds,Full Game,20.5,Under,-120,bovada|Darren Waller|player_reception_yds|20.5,0.54545455,0.51012146,https://api.the-odds-api.com/v4/sports/americanfootball_nfl
2026,3,613b8cd3a5fab58f7be4e3fd6f76223e,2026-09-27T17:00:00Z,Bovada,bovada,2026-09-24T19:57:30Z,Cleveland Browns,Carolina Panthers,Denzel Boston,,,WR,player_reception_yds,Full Game,47.5,Over,-115,bovada|Denzel Boston|player_reception_yds|47.5,0.53488372,0.5,https://api.the-odds-api.com/v4/sports/americanfootball_nfl
2026,3,613b8cd3a5fab58f7be4e3fd6f76223e,2026-09-27T17:00:00Z,Bovada,bovada,2026-09-24T19:57:30Z,Cleveland Browns,Carolina Panthers,Denzel Boston,,,WR,player_reception_yds,Full Game,47.5,Under,-115,bovada|Denzel Boston|player_reception_yds|47.5,0.53488372,0.5,https://api.the-odds-api.com/v4/sports/americanfootball_nfl
2026,3,613b8cd3a5fab58f7be4e3fd6f76223e,2026-09-27T17:00:00Z,Bovada,bovada,2026-09-24T19:57:30Z,Cleveland Browns,Carolina Panthers,Harold Fannin Jr.,,,WR,player_reception_yds,Full Game,38.5,Over,-115,bovada|Harold Fannin Jr.|player_reception_yds|38.5,0.53488372,0.5,https://api.the-odds-api.com/v4/sports/americanfootball_nfl
2026,3,613b8cd3a5fab58f7be4e3fd6f76223e,2026-09-27T17:00:00Z,Bovada,bovada,2026-09-24T19:57:30Z,Cleveland Browns,Carolina Panthers,Harold Fannin Jr.,,,WR,player_reception_yds,Full Game,38.5,Under,-115,bovada|Harold Fannin Jr.|player_reception_yds|38.5,0.53488372,0.5,https://api.the-odds-api.com/v4/sports/americanfootball_nfl
2026,3,613b8cd3a5fab58f7be4e3fd6f76223e,2026-09-27T17:00:00Z,Bovada,bovada,2026-09-24T19:57:30Z,Cleveland Browns,Carolina Panthers,Jalen Coker,,,WR,player_reception_yds,Full Game,61.5,Over,-115,bovada|Jalen Coker|player_reception_yds|61.5,0.53488372,0.5,https://api.the-odds-api.com/v4/sports/americanfootball_nfl
2026,3,613b8cd3a5fab58f7be4e3fd6f76223e,2026-09-27T17:00:00Z,Bovada,bovada,2026-09-24T19:57:30Z,Cleveland Browns,Carolina Panthers,Jalen Coker,,,WR,player_reception_yds,Full Game,61.5,Under,-115,bovada|Jalen Coker|player_reception_yds|61.5,0.53488372,0.5,https://api.the-odds-api.com/v4/sports/americanfootball_nfl
2026,3,613b8cd3a5fab58f7be4e3fd6f76223e,2026-09-27T17:00:00Z,Bovada,bovada,2026-09-24T19:57:30Z,Cleveland Browns,Carolina Panthers,KC Concepcion,,,WR,player_reception_yds,Full Game,32.5,Over,-115,bovada|KC Concepcion|player_reception_yds|32.5,0.53488372,0.5,https://api.the-odds-api.com/v4/sports/americanfootball_nfl
2026,3,613b8cd3a5fab58f7be4e3fd6f76223e,2026-09-27T17:00:00Z,Bovada,bovada,2026-09-24T19:57:30Z,Cleveland Browns,Carolina Panthers,KC Concepcion,,,WR,player_reception_yds,Full Game,32.5,Under,-115,bovada|KC Concepcion|player_reception_yds|32.5,0.53488372,0.5,https://api.the-odds-api.com/v4/sports/americanfootball_nfl
2026,3,613b8cd3a5fab58f7be4e3fd6f76223e,2026-09-27T17:00:00Z,Bovada,bovada,2026-09-24T19:57:30Z,Cleveland Browns,Carolina Panthers,Quinshon Judkins,,,WR,player_reception_yds,Full Game,13.5,Over,-120,bovada|Quinshon Judkins|player_reception_yds|13.5,0.54545455,0.51012146,https://api.the-odds-api.com/v4/sports/americanfootball_nfl
2026,3,613b8cd3a5fab58f7be4e3fd6f76223e,2026-09-27T17:00:00Z,Bovada,bovada,2026-09-24T19:57:30Z,Cleveland Browns,Carolina Panthers,Quinshon Judkins,,,WR,player_reception_yds,Full Game,13.5,Under,-110,bovada|Quinshon Judkins|player_reception_yds|13.5,0.52380952,0.48987854,https://api.the-odds-api.com/v4/sports/americanfootball_nfl
2026,3,613b8cd3a5fab58f7be4e3fd6f76223e,2026-09-27T17:00:00Z,Bovada,bovada,2026-09-24T19:57:30Z,Cleveland Browns,Carolina Panthers,Tetairoa McMillan,,,WR,player_reception_yds,Full Game,60.5,Over,-115,bovada|Tetairoa McMillan|player_reception_yds|60.5,0.53488372,0.5,https://api.the-odds-api.com/v4/sports/americanfootball_nfl
2026,3,613b8cd3a5fab58f7be4e3fd6f76223e,2026-09-27T17:00:00Z,Bovada,bovada,2026-09-24T19:57:30Z,Cleveland Browns,Carolina Panthers,Tetairoa McMillan,,,WR,player_reception_yds,Full Game,60.5,Under,-115,bovada|Tetairoa McMillan|player_reception_yds|60.5,0.53488372,0.5,https://api.the-odds-api.com/v4/sports/americanfootball_nfl
2026,3,613b8cd3a5fab58f7be4e3fd6f76223e,2026-09-27T17:00:00Z,Bovada,bovada,2026-09-24T19:57:30Z,Cleveland Browns,Carolina Panthers,Xavier Legette,,,WR,player_reception_yds,Full Game,12.5,Over,-120,bovada|Xavier Legette|player_reception_yds|12.5,0.54545455,0.51012146,https://api.the-odds-api.com/v4/sports/americanfootball_nfl
2026,3,613b8cd3a5fab58f7be4e3fd6f76223e,2026-09-27T17:00:00Z,Bovada,bovada,2026-09-24T19:57:30Z,Cleveland Browns,Carolina Panthers,Xavier Legette,,,WR,player_reception_yds,Full Game,12.5,Under,-110,bovada|Xavier Legette|player_reception_yds|12.5,0.52380952,0.48987854,https://api.the-odds-api.com/v4/sports/americanfootball_nfl
2026,3,613b8cd3a5fab58f7be4e3fd6f76223e,2026-09-27T17:00:00Z,Bovada,bovada,2026-09-24T19:57:30Z,Cleveland Browns,Carolina Panthers,Bryce Young,,,RB,player_rush_yds,Full Game,15.5,Over,-110,bovada|Bryce Young|player_rush_yds|15.5,0.52380952,0.48987854,https://api.the-odds-api.com/v4/sports/americanfootball_nfl
2026,3,613b8cd3a5fab58f7be4e3fd6f76223e,2026-09-27T17:00:00Z,Bovada,bovada,2026-09-24T19:57:30Z,Cleveland Browns,Carolina Panthers,Bryce Young,,,RB,player_rush_yds,Full Game,15.5,Under,-120,bovada|Bryce Young|player_rush_yds|15.5,0.54545455,0.51012146,https://api.the-odds-api.com/v4/sports/americanfootball_nfl
2026,3,613b8cd3a5fab58f7be4e3fd6f76223e,2026-09-27T17:00:00Z,Bovada,bovada,2026-09-24T19:57:30Z,Cleveland Browns,Carolina Panthers,Chuba Hubbard,,,RB,player_rush_yds,Full Game,70.5,Over,-115,bovada|Chuba Hubbard|player_rush_yds|70.5,0.53488372,0.5,https://api.the-odds-api.com/v4/sports/americanfootball_nfl
2026,3,613b8cd3a5fab58f7be4e3fd6f76223e,2026-09-27T17:00:00Z,Bovada,bovada,2026-09-24T19:57:30Z,Cleveland Browns,Carolina Panthers,Chuba Hubbard,,,RB,player_rush_yds,Full Game,70.5,Under,-115,bovada|Chuba Hubbard|player_rush_yds|70.5,0.53488372,0.5,https://api.the-odds-api.com/v4/sports/americanfootball_nfl
2026,3,613b8cd3a5fab58f7be4e3fd6f76223e,2026-09-27T17:00:00Z,Bovada,bovada,2026-09-24T19:57:30Z,Cleveland Browns,Carolina Panthers,Quinshon Judkins,,,RB,player_rush_yds,Full Game,60.5,Over,-115,bovada|Quinshon Judkins|player_rush_yds|60.5,0.53488372,0.5,https://api.the-odds-api.com/v4/sports/americanfootball_nfl
2026,3,613b8cd3a5fab58f7be4e3fd6f76223e,2026-09-27T17:00:00Z,Bovada,bovada,2026-09-24T19:57:30Z,Cleveland Browns,Carolina Panthers,Quinshon Judkins,,,RB,player_rush_yds,Full Game,60.5,Under,-115,bovada|Quinshon Judkins|player_rush_yds|60.5,0.53488372,0.5,https://api.the-odds-api.com/v4/sports/americanfootball_nfl
2026,3,613b8cd3a5fab58f7be4e3fd6f76223e,2026-09-27T17:00:00Z,PrizePicks,prizepicks,2026-09-24T19:58:24Z,Cleveland Browns,Carolina Panthers,Tetairoa McMillan,,,WR,player_reception_yds,Full Game,59.5,Over,-137,prizepicks|Tetairoa McMillan|player_reception_yds|59.5,0.57805907,0.5,https://api.the-odds-api.com/v4/sports/americanfootball_nfl
2026,3,613b8cd3a5fab58f7be4e3fd6f76223e,2026-09-27T17:00:00Z,PrizePicks,prizepicks,2026-09-24T19:58:24Z,Cleveland Browns,Carolina Panthers,Tetairoa McMillan,,,WR,player_reception_yds,Full Game,59.5,Under,-137,prizepicks|Tetairoa McMillan|player_reception_yds|59.5,0.57805907,0.5,https://api.the-odds-api.com/v4/sports/americanfootball_nfl
2026,3,613b8cd3a5fab58f7be4e3fd6f76223e,2026-09-27T17:00:00Z,PrizePicks,prizepicks,2026-09-24T19:58:24Z,Cleveland Browns,Carolina Panthers,Jalen Coker,,,WR,player_reception_yds,Full Game,59.5,Over,-137,prizepicks|Jalen Coker|player_reception_yds|59.5,0.57805907,0.5,https://api.the-odds-api.com/v4/sports/americanfootball_nfl
2026,3,613b8cd3a5fab58f7be4e3fd6f76223e,2026-09-27T17:00:00Z,PrizePicks,prizepicks,2026-09-24T19:58:24Z,Cleveland Browns,Carolina Panthers,Jalen Coker,,,WR,player_reception_yds,Full Game,59.5,Under,-137,prizepicks|Jalen Coker|player_reception_yds|59.5,0.57805907,0.5,https://api.the-odds-api.com/v4/sports/americanfootball_nfl
2026,3,613b8cd3a5fab58f7be4e3fd6f76223e,2026-09-27T17:00:00Z,PrizePicks,prizepicks,2026-09-24T19:58:24Z,Cleveland Browns,Carolina Panthers,Denzel Boston,,,WR,player_reception_yds,Full Game,47.5,Over,-137,prizepicks|Denzel Boston|player_reception_yds|47.5,0.57805907,0.5,https://api.the-odds-api.com/v4/sports/americanfootball_nfl
2026,3,613b8cd3a5fab58f7be4e3fd6f76223e,2026-09-27T17:00:00Z,PrizePicks,prizepicks,2026-09-24T19:58:24Z,Cleveland Browns,Carolina Panthers,Denzel Boston,,,WR,player_reception_yds,Full Game,47.5,Under,-137,prizepicks|Denzel Boston|player_reception_yds|47.5,0.57805907,0.5,https://api.the-odds-api.com/v4/sports/americanfootball_nfl
2026,3,613b8cd3a5fab58f7be4e3fd6f76223e,2026-09-27T17:00:00Z,PrizePicks,prizepicks,2026-09-24T19:58:24Z,Cleveland Browns,Carolina Panthers,Harold Fannin Jr.,,,WR,player_reception_yds,Full Game,37.5,Over,-137,prizepicks|Harold Fannin Jr.|player_reception_yds|37.5,0.57805907,0.5,https://api.the-odds-api.com/v4/sports/americanfootball_nfl
2026,3,613b8cd3a5fab58f7be4e3fd6f76223e,2026-09-27T17:00:00Z,PrizePicks,prizepicks,2026-09-24T19:58:24Z,Cleveland Browns,Carolina Panthers,Harold Fannin Jr.,,,WR,player_reception_yds,Full Game,37.5,Under,-137,prizepicks|Harold Fannin Jr.|player_reception_yds|37.5,0.57805907,0.5,https://api.the-odds-api.com/v4/sports/americanfootball_nfl
2026,3,613b8cd3a5fab58f7be4e3fd6f76223e,2026-09-27T17:00:00Z,PrizePicks,prizepicks,2026-09-24T19:58:24Z,Cleveland Browns,Carolina Panthers,KC Concepcion,,,WR,player_reception_yds,Full Game,33.5,Over,-137,prizepicks|KC Concepcion|player_reception_yds|33.5,0.57805907,0.5,https://api.the-odds-api.com/v4/sports/americanfootball_nfl
2026,3,613b8cd3a5fab58f7be4e3fd6f76223e,2026-09-27T17:00:00Z,PrizePicks,prizepicks,2026-09-24T19:58:24Z,Cleveland Browns,Carolina Panthers,KC Concepcion,,,WR,player_reception_yds,Full Game,33.5,Under,-137,prizepicks|KC Concepcion|player_reception_yds|33.5,0.57805907,0.5,https://api.the-odds-api.com/v4/sports/americanfootball_nfl
2026,3,613b8cd3a5fab58f7be4e3fd6f76223e,2026-09-27T17:00:00Z,PrizePicks,prizepicks,2026-09-24T19:58:24Z,Cleveland Browns,Carolina Panthers,Darren Waller,,,WR,player_reception_yds,Full Game,20.5,Over,-137,prizepicks|Darren Waller|player_reception_yds|20.5,0.57805907,0.5,https://api.the-odds-api.com/v4/sports/americanfootball_nfl
2026,3,613b8cd3a5fab58f7be4e3fd6f76223e,2026-09-27T17:00:00Z,PrizePicks,prizepicks,2026-09-24T19:58:24Z,Cleveland Browns,Carolina Panthers,Darren Waller,,,WR,player_reception_yds,Full Game,20.5,Under,-137,prizepicks|Darren Waller|player_reception_yds|20.5,0.57805907,0.5,https://api.the-odds-api.com/v4/sports/americanfootball_nfl
2026,3,613b8cd3a5fab58f7be4e3fd6f76223e,2026-09-27T17:00:00Z,PrizePicks,prizepicks,2026-09-24T19:58:24Z,Cleveland Browns,Carolina Panthers,Jerry Jeudy,,,WR,player_reception_yds,Full Game,19.5,Over,-137,prizepicks|Jerry Jeudy|player_reception_yds|19.5,0.57805907,0.5,https://api.the-odds-api.com/v4/sports/americanfootball_nfl
2026,3,613b8cd3a5fab58f7be4e3fd6f76223e,2026-09-27T17:00:00Z,PrizePicks,prizepicks,2026-09-24T19:58:24Z,Cleveland Browns,Carolina Panthers,Jerry Jeudy,,,WR,player_reception_yds,Full Game,19.5,Under,-137,prizepicks|Jerry Jeudy|player_reception_yds|19.5,0.57805907,0.5,https://api.the-odds-api.com/v4/sports/americanfootball_nfl
2026,3,613b8cd3a5fab58f7be4e3fd6f76223e,2026-09-27T17:00:00Z,PrizePicks,prizepicks,2026-09-24T19:58:24Z,Cleveland Browns,Carolina Panthers,Chuba Hubbard,,,WR,player_reception_yds,Full Game,15.5,Over,-137,prizepicks|Chuba Hubbard|player_reception_yds|15.5,0.57805907,0.5,https://api.the-odds-api.com/v4/sports/americanfootball_nfl
2026,3,613b8cd3a5fab58f7be4e3fd6f76223e,2026-09-27T17:00:00Z,PrizePicks,prizepicks,2026-09-24T19:58:24Z,Cleveland Browns,Carolina Panthers,Chuba Hubbard,,,WR,player_reception_yds,Full Game,15.5,Under,-137,prizepicks|Chuba Hubbard|player_reception_yds|15.5,0.57805907,0.5,https://api.the-odds-api.com/v4/sports/americanfootball_nfl
2026,3,613b8cd3a5fab58f7be4e3fd6f76223e,2026-09-27T17:00:00Z,PrizePicks,prizepicks,2026-09-24T19:58:24Z,Cleveland Browns,Carolina Panthers,Quinshon Judkins,,,WR,player_reception_yds,Full Game,12.5,Over,-137,prizepicks|Quinshon Judkins|player_reception_yds|12.5,0.57805907,0.5,https://api.the-odds-api.com/v4/sports/americanfootball_nfl
2026,3,613b8cd3a5fab58f7be4e3fd6f76223e,2026-09-27T17:00:00Z,PrizePicks,prizepicks,2026-09-24T19:58:24Z,Cleveland Browns,Carolina Panthers,Quinshon Judkins,,,WR,player_reception_yds,Full Game,12.5,Under,-137,prizepicks|Quinshon Judkins|player_reception_yds|12.5,0.57805907,0.5,https://api.the-odds-api.com/v4/sports/americanfootball_nfl
2026,3,613b8cd3a5fab58f7be4e3fd6f76223e,2026-09-27T17:00:00Z,PrizePicks,prizepicks,2026-09-24T19:58:24Z,Cleveland Browns,Carolina Panthers,Xavier Legette,,,WR,player_reception_yds,Full Game,12.5,Over,-137,prizepicks|Xavier Legette|player_reception_yds|12.5,0.57805907,0.5,https://api.the-odds-api.com/v4/sports/americanfootball_nfl
2026,3,613b8cd3a5fab58f7be4e3fd6f76223e,2026-09-27T17:00:00Z,PrizePicks,prizepicks,2026-09-24T19:58:24Z,Cleveland Browns,Carolina Panthers,Xavier Legette,,,WR,player_reception_yds,Full Game,12.5,Under,-137,prizepicks|Xavier Legette|player_reception_yds|12.5,0.57805907,0.5,https://api.the-odds-api.com/v4/sports/americanfootball_nfl
2026,3,613b8cd3a5fab58f7be4e3fd6f76223e,2026-09-27T17:00:00Z,PrizePicks,prizepicks,2026-09-24T19:58:24Z,Cleveland Browns,Carolina Panthers,Tommy Tremble,,,WR,player_reception_yds,Full Game,9.5,Over,-137,prizepicks|Tommy Tremble|player_reception_yds|9.5,0.57805907,0.5,https://api.the-odds-api.com/v4/sports/americanfootball_nfl
2026,3,613b8cd3a5fab58f7be4e3fd6f76223e,2026-09-27T17:00:00Z,PrizePicks,prizepicks,2026-09-24T19:58:24Z,Cleveland Browns,Carolina Panthers,Tommy Tremble,,,WR,player_reception_yds,Full Game,9.5,Under,-137,prizepicks|Tommy Tremble|player_reception_yds|9.5,0.57805907,0.5,https://api.the-odds-api.com/v4/sports/americanfootball_nfl
2026,3,613b8cd3a5fab58f7be4e3fd6f76223e,2026-09-27T17:00:00Z,PrizePicks,prizepicks,2026-09-24T19:58:24Z,Cleveland Browns,Carolina Panthers,Blake Whiteheart,,,WR,player_reception_yds,Full Game,4.5,Over,-137,prizepicks|Blake Whiteheart|player_reception_yds|4.5,0.57805907,0.5,https://api.the-odds-api.com/v4/sports/americanfootball_nfl
2026,3,613b8cd3a5fab58f7be4e3fd6f76223e,2026-09-27T17:00:00Z,PrizePicks,prizepicks,2026-09-24T19:58:24Z,Cleveland Browns,Carolina Panthers,Blake Whiteheart,,,WR,player_reception_yds,Full Game,4.5,Under,-137,prizepicks|Blake Whiteheart|player_reception_yds|4.5,0.57805907,0.5,https://api.the-odds-api.com/v4/sports/americanfootball_nfl
2026,3,613b8cd3a5fab58f7be4e3fd6f76223e,2026-09-27T17:00:00Z,PrizePicks,prizepicks,2026-09-24T19:58:24Z,Cleveland Browns,Carolina Panthers,Mitchell Evans,,,WR,player_reception_yds,Full Game,3.5,Over,-137,prizepicks|Mitchell Evans|player_reception_yds|3.5,0.57805907,0.5,https://api.the-odds-api.com/v4/sports/americanfootball_nfl
2026,3,613b8cd3a5fab58f7be4e3fd6f76223e,2026-09-27T17:00:00Z,PrizePicks,prizepicks,2026-09-24T19:58:24Z,Cleveland Browns,Carolina Panthers,Mitchell Evans,,,WR,player_reception_yds,Full Game,3.5,Under,-137,prizepicks|Mitchell Evans|player_reception_yds|3.5,0.57805907,0.5,https://api.the-odds-api.com/v4/sports/americanfootball_nfl
2026,3,613b8cd3a5fab58f7be4e3fd6f76223e,2026-09-27T17:00:00Z,PrizePicks,prizepicks,2026-09-24T19:58:24Z,Cleveland Browns,Carolina Panthers,Raheim Sanders,,,WR,player_reception_yds,Full Game,2.5,Over,-137,prizepicks|Raheim Sanders|player_reception_yds|2.5,0.57805907,0.5,https://api.the-odds-api.com/v4/sports/americanfootball_nfl
2026,3,613b8cd3a5fab58f7be4e3fd6f76223e,2026-09-27T17:00:00Z,PrizePicks,prizepicks,2026-09-24T19:58:24Z,Cleveland Browns,Carolina Panthers,Raheim Sanders,,,WR,player_reception_yds,Full Game,2.5,Under,-137,prizepicks|Raheim Sanders|player_reception_yds|2.5,0.57805907,0.5,https://api.the-odds-api.com/v4/sports/americanfootball_nfl
2026,3,613b8cd3a5fab58f7be4e3fd6f76223e,2026-09-27T17:00:00Z,PrizePicks,prizepicks,2026-09-24T19:58:24Z,Cleveland Browns,Carolina Panthers,Chuba Hubbard,,,RB,player_rush_yds,Full Game,71.5,Over,-137,prizepicks|Chuba Hubbard|player_rush_yds|71.5,0.57805907,0.5,https://api.the-odds-api.com/v4/sports/americanfootball_nfl
2026,3,613b8cd3a5fab58f7be4e3fd6f76223e,2026-09-27T17:00:00Z,PrizePicks,prizepicks,2026-09-24T19:58:24Z,Cleveland Browns,Carolina Panthers,Chuba Hubbard,,,RB,player_rush_yds,Full Game,71.5,Under,-137,prizepicks|Chuba Hubbard|player_rush_yds|71.5,0.57805907,0.5,https://api.the-odds-api.com/v4/sports/americanfootball_nfl
2026,3,613b8cd3a5fab58f7be4e3fd6f76223e,2026-09-27T17:00:00Z,PrizePicks,prizepicks,2026-09-24T19:58:24Z,Cleveland Browns,Carolina Panthers,Quinshon Judkins,,,RB,player_rush_yds,Full Game,59.5,Over,-137,prizepicks|Quinshon Judkins|player_rush_yds|59.5,0.57805907,0.5,https://api.the-odds-api.com/v4/sports/americanfootball_nfl
2026,3,613b8cd3a5fab58f7be4e3fd6f76223e,2026-09-27T17:00:00Z,PrizePicks,prizepicks,2026-09-24T19:58:24Z,Cleveland Browns,Carolina Panthers,Quinshon Judkins,,,RB,player_rush_yds,Full Game,59.5,Under,-137,prizepicks|Quinshon Judkins|player_rush_yds|59.5,0.57805907,0.5,https://api.the-odds-api.com/v4/sports/americanfootball_nfl
2026,3,613b8cd3a5fab58f7be4e3fd6f76223e,2026-09-27T17:00:00Z,PrizePicks,prizepicks,2026-09-24T19:58:24Z,Cleveland Browns,Carolina Panthers,Deshaun Watson,,,RB,player_rush_yds,Full Game,25.5,Over,-137,prizepicks|Deshaun Watson|player_rush_yds|25.5,0.57805907,0.5,https://api.the-odds-api.com/v4/sports/americanfootball_nfl
2026,3,613b8cd3a5fab58f7be4e3fd6f76223e,2026-09-27T17:00:00Z,PrizePicks,prizepicks,2026-09-24T19:58:24Z,Cleveland Browns,Carolina Panthers,Deshaun Watson,,,RB,player_rush_yds,Full Game,25.5,Under,-137,prizepicks|Deshaun Watson|player_rush_yds|25.5,0.57805907,0.5,https://api.the-odds-api.com/v4/sports/americanfootball_nfl
2026,3,613b8cd3a5fab58f7be4e3fd6f76223e,2026-09-27T17:00:00Z,PrizePicks,prizepicks,2026-09-24T19:58:24Z,Cleveland Browns,Carolina Panthers,Bryce Young,,,RB,player_rush_yds,Full Game,14.5,Over,-137,prizepicks|Bryce Young|player_rush_yds|14.5,0.57805907,0.5,https://api.the-odds-api.com/v4/sports/americanfootball_nfl
2026,3,613b8cd3a5fab58f7be4e3fd6f76223e,2026-09-27T17:00:00Z,PrizePicks,prizepicks,2026-09-24T19:58:24Z,Cleveland Browns,Carolina Panthers,Bryce Young,,,RB,player_rush_yds,Full Game,14.5,Under,-137,prizepicks|Bryce Young|player_rush_yds|14.5,0.57805907,0.5,https://api.the-odds-api.com/v4/sports/americanfootball_nfl
2026,3,613b8cd3a5fab58f7be4e3fd6f76223e,2026-09-27T17:00:00Z,PrizePicks,prizepicks,2026-09-24T19:58:24Z,Cleveland Browns,Carolina Panthers,KC Concepcion,,,RB,player_rush_yds,Full Game,3.5,Over,-137,prizepicks|KC Concepcion|player_rush_yds|3.5,0.57805907,0.5,https://api.the-odds-api.com/v4/sports/americanfootball_nfl
2026,3,613b8cd3a5fab58f7be4e3fd6f76223e,2026-09-27T17:00:00Z,PrizePicks,prizepicks,2026-09-24T19:58:24Z,Cleveland Browns,Carolina Panthers,KC Concepcion,,,RB,player_rush_yds,Full Game,3.5,Under,-137,prizepicks|KC Concepcion|player_rush_yds|3.5,0.57805907,0.5,https://api.the-odds-api.com/v4/sports/americanfootball_nfl
2026,3,71123be049587b6facce3a20c53e5d09,2026-09-27T17:00:00Z,DraftKings,draftkings,2026-09-24T19:58:37Z,Pittsburgh Steelers,Cincinnati Bengals,Ja'Marr Chase,,,WR,player_reception_yds,Full Game,75.5,Over,-114,draftkings|Ja'Marr Chase|player_reception_yds|75.5,0.53271028,0.5042123,https://api.the-odds-api.com/v4/sports/americanfootball_nfl
2026,3,71123be049587b6facce3a20c53e5d09,2026-09-27T17:00:00Z,DraftKings,draftkings,2026-09-24T19:58:37Z,Pittsburgh Steelers,Cincinnati Bengals,Ja'Marr Chase,,,WR,player_reception_yds,Full Game,75.5,Under,-110,draftkings|Ja'Marr Chase|player_reception_yds|75.5,0.52380952,0.4957877,https://api.the-odds-api.com/v4/sports/americanfootball_nfl
2026,3,71123be049587b6facce3a20c53e5d09,2026-09-27T17:00:00Z,DraftKings,draftkings,2026-09-24T19:58:37Z,Pittsburgh Steelers,Cincinnati Bengals,Tee Higgins,,,WR,player_reception_yds,Full Game,54.5,Over,-113,draftkings|Tee Higgins|player_reception_yds|54.5,0.53051643,0.50210588,https://api.the-odds-api.com/v4/sports/americanfootball_nfl
2026,3,71123be049587b6facce3a20c53e5d09,2026-09-27T17:00:00Z,DraftKings,draftkings,2026-09-24T19:58:37Z,Pittsburgh Steelers,Cincinnati Bengals,Tee Higgins,,,WR,player_reception_yds,Full Game,54.5,Under,-111,draftkings|Tee Higgins|player_reception_yds|54.5,0.52606635,0.49789412,https://api.the-odds-api.com/v4/sports/americanfootball_nfl
2026,3,71123be049587b6facce3a20c53e5d09,2026-09-27T17:00:00Z,DraftKings,draftkings,2026-09-24T19:58:37Z,Pittsburgh Steelers,Cincinnati Bengals,DK Metcalf,,,WR,player_reception_yds,Full Game,51.5,Over,-113,draftkings|DK Metcalf|player_reception_yds|51.5,0.53051643,0.50210588,https://api.the-odds-api.com/v4/sports/americanfootball_nfl
2026,3,71123be049587b6facce3a20c53e5d09,2026-09-27T17:00:00Z,DraftKings,draftkings,2026-09-24T19:58:37Z,Pittsburgh Steelers,Cincinnati Bengals,DK Metcalf,,,WR,player_reception_yds,Full Game,51.5,Under,-111,draftkings|DK Metcalf|player_reception_yds|51.5,0.52606635,0.49789412,https://api.the-odds-api.com/v4/sports/americanfootball_nfl
2026,3,71123be049587b6facce3a20c53e5d09,2026-09-27T17:00:00Z,DraftKings,draftkings,2026-09-24T19:58:37Z,Pittsburgh Steelers,Cincinnati Bengals,Pat Freiermuth,,,WR,player_reception_yds,Full Game,35.5,Over,-109,draftkings|Pat Freiermuth|player_reception_yds|35.5,0.5215311,0.49368022,https://api.the-odds-api.com/v4/sports/americanfootball_nfl
2026,3,71123be049587b6facce3a20c53e5d09,2026-09-27T17:00:00Z,DraftKings,draftkings,2026-09-24T19:58:37Z,Pittsburgh Steelers,Cincinnati Bengals,Pat Freiermuth,,,WR,player_reception_yds,Full Game,35.5,Under,-115,draftkings|Pat Freiermuth|player_reception_yds|35.5,0.53488372,0.50631978,https://api.the-odds-api.com/v4/sports/americanfootball_nfl
2026,3,71123be049587b6facce3a20c53e5d09,2026-09-27T17:00:00Z,DraftKings,draftkings,2026-09-24T19:58:37Z,Pittsburgh Steelers,Cincinnati Bengals,Mike Gesicki,,,WR,player_reception_yds,Full Game,23.5,Over,-113,draftkings|Mike Gesicki|player_reception_yds|23.5,0.53051643,0.50210588,https://api.the-odds-api.com/v4/sports/americanfootball_nfl
2026,3,71123be049587b6facce3a20c53e5d09,2026-09-27T17:00:00Z,DraftKings,draftkings,2026-09-24T19:58:37Z,Pittsburgh Steelers,Cincinnati Bengals,Mike Gesicki,,,WR,player_reception_yds,Full Game,23.5,Under,-111,draftkings|Mike Gesicki|player_reception_yds|23.5,0.52606635,0.49789412,https://api.the-odds-api.com/v4/sports/americanfootball_nfl
2026,3,71123be049587b6facce3a20c53e5d09,2026-09-27T17:00:00Z,DraftKings,draftkings,2026-09-24T19:58:37Z,Pittsburgh Steelers,Cincinnati Bengals,Chase Brown,,,WR,player_reception_yds,Full Game,21.5,Over,-116,draftkings|Chase Brown|player_reception_yds|21.5,0.53703704,0.50842886,https://api.the-odds-api.com/v4/sports/americanfootball_nfl
2026,3,71123be049587b6facce3a20c53e5d09,2026-09-27T17:00:00Z,DraftKings,draftkings,2026-09-24T19:58:37Z,Pittsburgh Steelers,Cincinnati Bengals,Chase Brown,,,WR,player_reception_yds,Full Game,21.5,Under,-108,draftkings|Chase Brown|player_reception_yds|21.5,0.51923077,0.49157114,https://api.the-odds-api.com/v4/sports/americanfootball_nfl
2026,3,71123be049587b6facce3a20c53e5d09,2026-09-27T17:00:00Z,DraftKings,draftkings,2026-09-24T19:58:37Z,Pittsburgh Steelers,Cincinnati Bengals,Chase Brown,,,RB,player_rush_yds,Full Game,62.5,Over,-115,draftkings|Chase Brown|player_rush_yds|62.5,0.53488372,0.50631978,https://api.the-odds-api.com/v4/sports/americanfootball_nfl
2026,3,71123be049587b6facce3a20c53e5d09,2026-09-27T17:00:00Z,DraftKings,draftkings,2026-09-24T19:58:37Z,Pittsburgh Steelers,Cincinnati Bengals,Chase Brown,,,RB,player_rush_yds,Full Game,62.5,Under,-109,draftkings|Chase Brown|player_rush_yds|62.5,0.5215311,0.49368022,https://api.the-odds-api.com/v4/sports/americanfootball_nfl
2026,3,71123be049587b6facce3a20c53e5d09,2026-09-27T17:00:00Z,FanDuel,fanduel,2026-09-24T19:59:20Z,Pittsburgh Steelers,Cincinnati Bengals,DK Metcalf,,,WR,player_reception_yds,Full Game,52.5,Over,-114,fanduel|DK Metcalf|player_reception_yds|52.5,0.53271028,0.5,https://api.the-odds-api.com/v4/sports/americanfootball_nfl
2026,3,71123be049587b6facce3a20c53e5d09,2026-09-27T17:00:00Z,FanDuel,fanduel,2026-09-24T19:59:20Z,Pittsburgh Steelers,Cincinnati Bengals,DK Metcalf,,,WR,player_reception_yds,Full Game,52.5,Under,-114,fanduel|DK Metcalf|player_reception_yds|52.5,0.53271028,0.5,https://api.the-odds-api.com/v4/sports/americanfootball_nfl
2026,3,71123be049587b6facce3a20c53e5d09,2026-09-27T17:00:00Z,FanDuel,fanduel,2026-09-24T19:59:20Z,Pittsburgh Steelers,Cincinnati Bengals,Pat Freiermuth,,,WR,player_reception_yds,Full Game,33.5,Over,-114,fanduel|Pat Freiermuth|player_reception_yds|33.5,0.53271028,0.5,https://api.the-odds-api.com/v4/sports/americanfootball_nfl
2026,3,71123be049587b6facce3a20c53e5d09,2026-09-27T17:00:00Z,FanDuel,fanduel,2026-09-24T19:59:20Z,Pittsburgh Steelers,Cincinnati Bengals,Pat Freiermuth,,,WR,player_reception_yds,Full Game,33.5,Under,-114,fanduel|Pat Freiermuth|player_reception_yds|33.5,0.53271028,0.5,https://api.the-odds-api.com/v4/sports/americanfootball_nfl
2026,3,71123be049587b6facce3a20c53e5d09,2026-09-27T17:00:00Z,FanDuel,fanduel,2026-09-24T19:59:20Z,Pittsburgh Steelers,Cincinnati Bengals,Tee Higgins,,,WR,player_reception_yds,Full Game,53.5,Over,-114,fanduel|Tee Higgins|player_reception_yds|53.5,0.53271028,0.5,https://api.the-odds-api.com/v4/sports/americanfootball_nfl
2026,3,71123be049587b6facce3a20c53e5d09,2026-09-27T17:00:00Z,FanDuel,fanduel,2026-09-24T19:59:20Z,Pittsburgh Steelers,Cincinnati Bengals,Tee Higgins,,,WR,player_reception_yds,Full Game,53.5,Under,-114,fanduel|Tee Higgins|player_reception_yds|53.5,0.53271028,0.5,https://api.the-odds-api.com/v4/sports/americanfootball_nfl
2026,3,71123be049587b6facce3a20c53e5d09,2026-09-27T17:00:00Z,FanDuel,fanduel,2026-09-24T19:59:20Z,Pittsburgh Steelers,Cincinnati Bengals,Mike Gesicki,,,WR,player_reception_yds,Full Game,23.5,Over,-114,fanduel|Mike Gesicki|player_reception_yds|23.5,0.53271028,0.5,https://api.the-odds-api.com/v4/sports/americanfootball_nfl
2026,3,71123be049587b6facce3a20c53e5d09,2026-09-27T17:00:00Z,FanDuel,fanduel,2026-09-24T19:59:20Z,Pittsburgh Steelers,Cincinnati Bengals,Mike Gesicki,,,WR,player_reception_yds,Full Game,23.5,Under,-114,fanduel|Mike Gesicki|player_reception_yds|23.5,0.53271028,0.5,https://api.the-odds-api.com/v4/sports/americanfootball_nfl
2026,3,71123be049587b6facce3a20c53e5d09,2026-09-27T17:00:00Z,FanDuel,fanduel,2026-09-24T19:59:20Z,Pittsburgh Steelers,Cincinnati Bengals,Chase Brown,,,WR,player_reception_yds,Full Game,21.5,Over,-114,fanduel|Chase Brown|player_reception_yds|21.5,0.53271028,0.5,https://api.the-odds-api.com/v4/sports/americanfootball_nfl
2026,3,71123be049587b6facce3a20c53e5d09,2026-09-27T17:00:00Z,FanDuel,fanduel,2026-09-24T19:59:20Z,Pittsburgh Steelers,Cincinnati Bengals,Chase Brown,,,WR,player_reception_yds,Full Game,21.5,Under,-114,fanduel|Chase Brown|player_reception_yds|21.5,0.53271028,0.5,https://api.the-odds-api.com/v4/sports/americanfootball_nfl
2026,3,71123be049587b6facce3a20c53e5d09,2026-09-27T17:00:00Z,FanDuel,fanduel,2026-09-24T19:59:20Z,Pittsburgh Steelers,Cincinnati Bengals,Ja'Marr Chase,,,WR,player_reception_yds,Full Game,74.5,Over,-114,fanduel|Ja'Marr Chase|player_reception_yds|74.5,0.53271028,0.5,https://api.the-odds-api.com/v4/sports/americanfootball_nfl
2026,3,71123be049587b6facce3a20c53e5d09,2026-09-27T17:00:00Z,FanDuel,fanduel,2026-09-24T19:59:20Z,Pittsburgh Steelers,Cincinnati Bengals,Ja'Marr Chase,,,WR,player_reception_yds,Full Game,74.5,Under,-114,fanduel|Ja'Marr Chase|player_reception_yds|74.5,0.53271028,0.5,https://api.the-odds-api.com/v4/sports/americanfootball_nfl
2026,3,71123be049587b6facce3a20c53e5d09,2026-09-27T17:00:00Z,FanDuel,fanduel,2026-09-24T19:59:20Z,Pittsburgh Steelers,Cincinnati Bengals,Jaylen Warren,,,RB,player_rush_yds,Full Game,57.5,Over,-114,fanduel|Jaylen Warren|player_rush_yds|57.5,0.53271028,0.5,https://api.the-odds-api.com/v4/sports/americanfootball_nfl
2026,3,71123be049587b6facce3a20c53e5d09,2026-09-27T17:00:00Z,FanDuel,fanduel,2026-09-24T19:59:20Z,Pittsburgh Steelers,Cincinnati Bengals,Jaylen Warren,,,RB,player_rush_yds,Full Game,57.5,Under,-114,fanduel|Jaylen Warren|player_rush_yds|57.5,0.53271028,0.5,https://api.the-odds-api.com/v4/sports/americanfootball_nfl
2026,3,71123be049587b6facce3a20c53e5d09,2026-09-27T17:00:00Z,FanDuel,fanduel,2026-09-24T19:59:20Z,Pittsburgh Steelers,Cincinnati Bengals,Samaje Perine,,,RB,player_rush_yds,Full Game,14.5,Over,-114,fanduel|Samaje Perine|player_rush_yds|14.5,0.53271028,0.5,https://api.the-odds-api.com/v4/sports/americanfootball_nfl
2026,3,71123be049587b6facce3a20c53e5d09,2026-09-27T17:00:00Z,FanDuel,fanduel,2026-09-24T19:59:20Z,Pittsburgh Steelers,Cincinnati Bengals,Samaje Perine,,,RB,player_rush_yds,Full Game,14.5,Under,-114,fanduel|Samaje Perine|player_rush_yds|14.5,0.53271028,0.5,https://api.the-odds-api.com/v4/sports/americanfootball_nfl
2026,3,71123be049587b6facce3a20c53e5d09,2026-09-27T17:00:00Z,FanDuel,fanduel,2026-09-24T19:59:20Z,Pittsburgh Steelers,Cincinnati Bengals,Chase Brown,,,RB,player_rush_yds,Full Game,63.5,Over,-114,fanduel|Chase Brown|player_rush_yds|63.5,0.53271028,0.5,https://api.the-odds-api.com/v4/sports/americanfootball_nfl
2026,3,71123be049587b6facce3a20c53e5d09,2026-09-27T17:00:00Z,FanDuel,fanduel,2026-09-24T19:59:20Z,Pittsburgh Steelers,Cincinnati Bengals,Chase Brown,,,RB,player_rush_yds,Full Game,63.5,Under,-114,fanduel|Chase Brown|player_rush_yds|63.5,0.53271028,0.5,https://api.the-odds-api.com/v4/sports/americanfootball_nfl
2026,3,71123be049587b6facce3a20c53e5d09,2026-09-27T17:00:00Z,FanDuel,fanduel,2026-09-24T19:59:20Z,Pittsburgh Steelers,Cincinnati Bengals,Aaron Rodgers,,,RB,player_rush_yds,Full Game,0.5,Over,-110,fanduel|Aaron Rodgers|player_rush_yds|0.5,0.52380952,0.49179655,https://api.the-odds-api.com/v4/sports/americanfootball_nfl
2026,3,71123be049587b6facce3a20c53e5d09,2026-09-27T17:00:00Z,FanDuel,fanduel,2026-09-24T19:59:20Z,Pittsburgh Steelers,Cincinnati Bengals,Aaron Rodgers,,,RB,player_rush_yds,Full Game,0.5,Under,-118,fanduel|Aaron Rodgers|player_rush_yds|0.5,0.5412844,0.50820345,https://api.the-odds-api.com/v4/sports/americanfootball_nfl
2026,3,71123be049587b6facce3a20c53e5d09,2026-09-27T17:00:00Z,FanDuel,fanduel,2026-09-24T19:59:20Z,Pittsburgh Steelers,Cincinnati Bengals,Joe Burrow,,,RB,player_rush_yds,Full Game,5.5,Over,-114,fanduel|Joe Burrow|player_rush_yds|5.5,0.53271028,0.5,https://api.the-odds-api.com/v4/sports/americanfootball_nfl
2026,3,71123be049587b6facce3a20c53e5d09,2026-09-27T17:00:00Z,FanDuel,fanduel,2026-09-24T19:59:20Z,Pittsburgh Steelers,Cincinnati Bengals,Joe Burrow,,,RB,player_rush_yds,Full Game,5.5,Under,-114,fanduel|Joe Burrow|player_rush_yds|5.5,0.53271028,0.5,https://api.the-odds-api.com/v4/sports/americanfootball_nfl
2026,3,71123be049587b6facce3a20c53e5d09,2026-09-27T17:00:00Z,BetRivers,betrivers,2026-09-24T19:58:20Z,Pittsburgh Steelers,Cincinnati Bengals,Ja'Marr Chase,,,WR,player_reception_yds,Full Game,74.5,Over,-114,betrivers|Ja'Marr Chase|player_reception_yds|74.5,0.53271028,0.4969865,https://api.the-odds-api.com/v4/sports/americanfootball_nfl
2026,3,71123be049587b6facce3a20c53e5d09,2026-09-27T17:00:00Z,BetRivers,betrivers,2026-09-24T19:58:20Z,Pittsburgh Steelers,Cincinnati Bengals,Ja'Marr Chase,,,WR,player_reception_yds,Full Game,74.5,Under,-117,betrivers|Ja'Marr Chase|player_reception_yds|74.5,0.53917051,0.5030135,https://api.the-odds-api.com/v4/sports/americanfootball_nfl
2026,3,71123be049587b6facce3a20c53e5d09,2026-09-27T17:00:00Z,BetRivers,betrivers,2026-09-24T19:58:20Z,Pittsburgh Steelers,Cincinnati Bengals,Mike Gesicki,,,WR,player_reception_yds,Full Game,25.5,Over,-113,betrivers|Mike Gesicki|player_reception_yds|25.5,0.53051643,0.49497669,https://api.the-odds-api.com/v4/sports/americanfootball_nfl
2026,3,71123be049587b6facce3a20c53e5d09,2026-09-27T17:00:00Z,BetRivers,betrivers,2026-09-24T19:58:20Z,Pittsburgh Steelers,Cincinnati Bengals,Mike Gesicki,,,WR,player_reception_yds,Full Game,25.5,Under,-118,betrivers|Mike Gesicki|player_reception_yds|25.5,0.5412844,0.50502331,https://api.the-odds-api.com/v4/sports/americanfootball_nfl
2026,3,71123be049587b6facce3a20c53e5d09,2026-09-27T17:00:00Z,BetRivers,betrivers,2026-09-24T19:58:20Z,Pittsburgh Steelers,Cincinnati Bengals,DK Metcalf,,,WR,player_reception_yds,Full Game,52.5,Over,-117,betrivers|DK Metcalf|player_reception_yds|52.5,0.53917051,0.5030135,https://api.the-odds-api.com/v4/sports/americanfootball_nfl
2026,3,71123be049587b6facce3a20c53e5d09,2026-09-27T17:00:00Z,BetRivers,betrivers,2026-09-24T19:58:20Z,Pittsburgh Steelers,Cincinnati Bengals,DK Metcalf,,,WR,player_reception_yds,Full Game,52.5,Under,-114,betrivers|DK Metcalf|player_reception_yds|52.5,0.53271028,0.4969865,https://api.the-odds-api.com/v4/sports/americanfootball_nfl
2026,3,71123be049587b6facce3a20c53e5d09,2026-09-27T17:00:00Z,BetRivers,betrivers,2026-09-24T19:58:20Z,Pittsburgh Steelers,Cincinnati Bengals,Chase Brown,,,WR,player_reception_yds,Full Game,22.5,Over,-117,betrivers|Chase Brown|player_reception_yds|22.5,0.53917051,0.5030135,https://api.the-odds-api.com/v4/sports/americanfootball_nfl
2026,3,71123be049587b6facce3a20c53e5d09,2026-09-27T17:00:00Z,BetRivers,betrivers,2026-09-24T19:58:20Z,Pittsburgh Steelers,Cincinnati Bengals,Chase Brown,,,WR,player_reception_yds,Full Game,22.5,Under,-114,betrivers|Chase Brown|player_reception_yds|22.5,0.53271028,0.4969865,https://api.the-odds-api.com/v4/sports/americanfootball_nfl
2026,3,71123be049587b6facce3a20c53e5d09,2026-09-27T17:00:00Z,BetRivers,betrivers,2026-09-24T19:58:20Z,Pittsburgh Steelers,Cincinnati Bengals,Tee Higgins,,,WR,player_reception_yds,Full Game,54.5,Over,-113,betrivers|Tee Higgins|player_reception_yds|54.5,0.53051643,0.49497669,https://api.the-odds-api.com/v4/sports/americanfootball_nfl
2026,3,71123be049587b6facce3a20c53e5d09,2026-09-27T17:00:00Z,BetRivers,betrivers,2026-09-24T19:58:20Z,Pittsburgh Steelers,Cincinnati Bengals,Tee Higgins,,,WR,player_reception_yds,Full Game,54.5,Under,-118,betrivers|Tee Higgins|player_reception_yds|54.5,0.5412844,0.50502331,https://api.the-odds-api.com/v4/sports/americanfootball_nfl
2026,3,71123be049587b6facce3a20c53e5d09,2026-09-27T17:00:00Z,BetRivers,betrivers,2026-09-24T19:58:20Z,Pittsburgh Steelers,Cincinnati Bengals,Pat Freiermuth,,,WR,player_reception_yds,Full Game,36.5,Over,-115,betrivers|Pat Freiermuth|player_reception_yds|36.5,0.53488372,0.5,https://api.the-odds-api.com/v4/sports/americanfootball_nfl
2026,3,71123be049587b6facce3a20c53e5d09,2026-09-27T17:00:00Z,BetRivers,betrivers,2026-09-24T19:58:20Z,Pittsburgh Steelers,Cincinnati Bengals,Pat Freiermuth,,,WR,player_reception_yds,Full Game,36.5,Under,-115,betrivers|Pat Freiermuth|player_reception_yds|36.5,0.53488372,0.5,https://api.the-odds-api.com/v4/sports/americanfootball_nfl
2026,3,71123be049587b6facce3a20c53e5d09,2026-09-27T17:00:00Z,BetRivers,betrivers,2026-09-24T19:58:20Z,Pittsburgh Steelers,Cincinnati Bengals,Chase Brown,,,RB,player_rush_yds,Full Game,62.5,Over,-114,betrivers|Chase Brown|player_rush_yds|62.5,0.53271028,0.49898208,https://api.the-odds-api.com/v4/sports/americanfootball_nfl
2026,3,71123be049587b6facce3a20c53e5d09,2026-09-27T17:00:00Z,BetRivers,betrivers,2026-09-24T19:58:20Z,Pittsburgh Steelers,Cincinnati Bengals,Chase Brown,,,RB,player_rush_yds,Full Game,62.5,Under,-115,betrivers|Chase Brown|player_rush_yds|62.5,0.53488372,0.50101792,https://api.the-odds-api.com/v4/sports/americanfootball_nfl
2026,3,71123be049587b6facce3a20c53e5d09,2026-09-27T17:00:00Z,BetOnline.ag,betonlineag,2026-09-24T19:58:41Z,Pittsburgh Steelers,Cincinnati Bengals,Chase Brown,,,WR,player_reception_yds,Full Game,21.5,Over,-115,betonlineag|Chase Brown|player_reception_yds|21.5,0.53488372,0.50309533,https://api.the-odds-api.com/v4/sports/americanfootball_nfl
2026,3,71123be049587b6facce3a20c53e5d09,2026-09-27T17:00:00Z,BetOnline.ag,betonlineag,2026-09-24T19:58:41Z,Pittsburgh Steelers,Cincinnati Bengals,Chase Brown,,,WR,player_reception_yds,Full Game,21.5,Under,-112,betonlineag|Chase Brown|player_reception_yds|21.5,0.52830189,0.49690467,https://api.the-odds-api.com/v4/sports/americanfootball_nfl
2026,3,71123be049587b6facce3a20c53e5d09,2026-09-27T17:00:00Z,BetOnline.ag,betonlineag,2026-09-24T19:58:41Z,Pittsburgh Steelers,Cincinnati Bengals,DK Metcalf,,,WR,player_reception_yds,Full Game,51.5,Over,-115,betonlineag|DK Metcalf|player_reception_yds|51.5,0.53488372,0.50309533,https://api.the-odds-api.com/v4/sports/americanfootball_nfl
2026,3,71123be049587b6facce3a20c53e5d09,2026-09-27T17:00:00Z,BetOnline.ag,betonlineag,2026-09-24T19:58:41Z,Pittsburgh Steelers,Cincinnati Bengals,DK Metcalf,,,WR,player_reception_yds,Full Game,51.5,Under,-112,betonlineag|DK Metcalf|player_reception_yds|51.5,0.52830189,0.49690467,https://api.the-odds-api.com/v4/sports/americanfootball_nfl
2026,3,71123be049587b6facce3a20c53e5d09,2026-09-27T17:00:00Z,BetOnline.ag,betonlineag,2026-09-24T19:58:41Z,Pittsburgh Steelers,Cincinnati Bengals,Tee Higgins,,,WR,player_reception_yds,Full Game,54.5,Over,-116,betonlineag|Tee Higgins|player_reception_yds|54.5,0.53703704,0.50515975,https://api.the-odds-api.com/v4/sports/americanfootball_nfl
2026,3,71123be049587b6facce3a20c53e5d09,2026-09-27T17:00:00Z,BetOnline.ag,betonlineag,2026-09-24T19:58:41Z,Pittsburgh Steelers,Cincinnati Bengals,Tee Higgins,,,WR,player_reception_yds,Full Game,54.5,Under,-111,betonlineag|Tee Higgins|player_reception_yds|54.5,0.52606635,0.49484025,https://api.the-odds-api.com/v4/sports/americanfootball_nfl
2026,3,71123be049587b6facce3a20c53e5d09,2026-09-27T17:00:00Z,BetOnline.ag,betonlineag,2026-09-24T19:58:41Z,Pittsburgh Steelers,Cincinnati Bengals,Pat Freiermuth,,,WR,player_reception_yds,Full Game,35.5,Over,-110,betonlineag|Pat Freiermuth|player_reception_yds|35.5,0.52380952,0.49179655,https://api.the-odds-api.com/v4/sports/americanfootball_nfl
2026,3,71123be049587b6facce3a20c53e5d09,2026-09-27T17:00:00Z,BetOnline.ag,betonlineag,2026-09-24T19:58:41Z,Pittsburgh Steelers,Cincinnati Bengals,Pat Freiermuth,,,WR,player_reception_yds,Full Game,35.5,Under,-118,betonlineag|Pat Freiermuth|player_reception_yds|35.5,0.5412844,0.50820345,https://api.the-odds-api.com/v4/sports/americanfootball_nfl
2026,3,71123be049587b6facce3a20c53e5d09,2026-09-27T17:00:00Z,BetOnline.ag,betonlineag,2026-09-24T19:58:41Z,Pittsburgh Steelers,Cincinnati Bengals,Ja'Marr Chase,,,WR,player_reception_yds,Full Game,74.5,Over,-116,betonlineag|Ja'Marr Chase|player_reception_yds|74.5,0.53703704,0.50515975,https://api.the-odds-api.com/v4/sports/americanfootball_nfl
2026,3,71123be049587b6facce3a20c53e5d09,2026-09-27T17:00:00Z,BetOnline.ag,betonlineag,2026-09-24T19:58:41Z,Pittsburgh Steelers,Cincinnati Bengals,Ja'Marr Chase,,,WR,player_reception_yds,Full Game,74.5,Under,-111,betonlineag|Ja'Marr Chase|player_reception_yds|74.5,0.52606635,0.49484025,https://api.the-odds-api.com/v4/sports/americanfootball_nfl
2026,3,71123be049587b6facce3a20c53e5d09,2026-09-27T17:00:00Z,BetOnline.ag,betonlineag,2026-09-24T19:58:41Z,Pittsburgh Steelers,Cincinnati Bengals,Mike Gesicki,,,WR,player_reception_yds,Full Game,23.5,Over,-114,betonlineag|Mike Gesicki|player_reception_yds|23.5,0.53271028,0.5,https://api.the-odds-api.com/v4/sports/americanfootball_nfl
2026,3,71123be049587b6facce3a20c53e5d09,2026-09-27T17:00:00Z,BetOnline.ag,betonlineag,2026-09-24T19:58:41Z,Pittsburgh Steelers,Cincinnati Bengals,Mike Gesicki,,,WR,player_reception_yds,Full Game,23.5,Under,-114,betonlineag|Mike Gesicki|player_reception_yds|23.5,0.53271028,0.5,https://api.the-odds-api.com/v4/sports/americanfootball_nfl
2026,3,71123be049587b6facce3a20c53e5d09,2026-09-27T17:00:00Z,BetOnline.ag,betonlineag,2026-09-24T19:57:14Z,Pittsburgh Steelers,Cincinnati Bengals,Chase Brown,,,RB,player_rush_yds,Full Game,63.5,Over,-114,betonlineag|Chase Brown|player_rush_yds|63.5,0.53271028,0.5,https://api.the-odds-api.com/v4/sports/americanfootball_nfl
2026,3,71123be049587b6facce3a20c53e5d09,2026-09-27T17:00:00Z,BetOnline.ag,betonlineag,2026-09-24T19:57:14Z,Pittsburgh Steelers,Cincinnati Bengals,Chase Brown,,,RB,player_rush_yds,Full Game,63.5,Under,-114,betonlineag|Chase Brown|player_rush_yds|63.5,0.53271028,0.5,https://api.the-odds-api.com/v4/sports/americanfootball_nfl
2026,3,71123be049587b6facce3a20c53e5d09,2026-09-27T17:00:00Z,BetMGM,betmgm,2026-09-24T19:57:10Z,Pittsburgh Steelers,Cincinnati Bengals,Tee Higgins,,,WR,player_reception_yds,Full Game,55.5,Over,-115,betmgm|Tee Higgins|player_reception_yds|55.5,0.53488372,0.5,https://api.the-odds-api.com/v4/sports/americanfootball_nfl
2026,3,71123be049587b6facce3a20c53e5d09,2026-09-27T17:00:00Z,BetMGM,betmgm,2026-09-24T19:57:10Z,Pittsburgh Steelers,Cincinnati Bengals,Tee Higgins,,,WR,player_reception_yds,Full Game,55.5,Under,-115,betmgm|Tee Higgins|player_reception_yds|55.5,0.53488372,0.5,https://api.the-odds-api.com/v4/sports/americanfootball_nfl
2026,3,71123be049587b6facce3a20c53e5d09,2026-09-27T17:00:00Z,BetMGM,betmgm,2026-09-24T19:57:10Z,Pittsburgh Steelers,Cincinnati Bengals,Chase Brown,,,WR,player_reception_yds,Full Game,22.5,Over,-111,betmgm|Chase Brown|player_reception_yds|22.5,0.52606635,0.49095295,https://api.the-odds-api.com/v4/sports/americanfootball_nfl
2026,3,71123be049587b6facce3a20c53e5d09,2026-09-27T17:00:00Z,BetMGM,betmgm,2026-09-24T19:57:10Z,Pittsburgh Steelers,Cincinnati Bengals,Chase Brown,,,WR,player_reception_yds,Full Game,22.5,Under,-120,betmgm|Chase Brown|player_reception_yds|22.5,0.54545455,0.50904705,https://api.the-odds-api.com/v4/sports/americanfootball_nfl
2026,3,71123be049587b6facce3a20c53e5d09,2026-09-27T17:00:00Z,BetMGM,betmgm,2026-09-24T19:57:10Z,Pittsburgh Steelers,Cincinnati Bengals,Ja'Marr Chase,,,WR,player_reception_yds,Full Game,77.5,Over,-115,betmgm|Ja'Marr Chase|player_reception_yds|77.5,0.53488372,0.5,https://api.the-odds-api.com/v4/sports/americanfootball_nfl
2026,3,71123be049587b6facce3a20c53e5d09,2026-09-27T17:00:00Z,BetMGM,betmgm,2026-09-24T19:57:10Z,Pittsburgh Steelers,Cincinnati Bengals,Ja'Marr Chase,,,WR,player_reception_yds,Full Game,77.5,Under,-115,betmgm|Ja'Marr Chase|player_reception_yds|77.5,0.53488372,0.5,https://api.the-odds-api.com/v4/sports/americanfootball_nfl
2026,3,71123be049587b6facce3a20c53e5d09,2026-09-27T17:00:00Z,BetMGM,betmgm,2026-09-24T19:57:10Z,Pittsburgh Steelers,Cincinnati Bengals,Chase Brown,,,RB,player_rush_yds,Full Game,63.5,Over,-115,betmgm|Chase Brown|player_rush_yds|63.5,0.53488372,0.5,https://api.the-odds-api.com/v4/sports/americanfootball_nfl
2026,3,71123be049587b6facce3a20c53e5d09,2026-09-27T17:00:00Z,BetMGM,betmgm,2026-09-24T19:57:10Z,Pittsburgh Steelers,Cincinnati Bengals,Chase Brown,,,RB,player_rush_yds,Full Game,63.5,Under,-115,betmgm|Chase Brown|player_rush_yds|63.5,0.53488372,0.5,https://api.the-odds-api.com/v4/sports/americanfootball_nfl
2026,3,71123be049587b6facce3a20c53e5d09,2026-09-27T17:00:00Z,Underdog,underdog,2026-09-24T19:58:23Z,Pittsburgh Steelers,Cincinnati Bengals,Chase Brown,,,WR,player_reception_yds,Full Game,21.5,Over,-137,underdog|Chase Brown|player_reception_yds|21.5,0.57805907,0.5,https://api.the-odds-api.com/v4/sports/americanfootball_nfl
2026,3,71123be049587b6facce3a20c53e5d09,2026-09-27T17:00:00Z,Underdog,underdog,2026-09-24T19:58:23Z,Pittsburgh Steelers,Cincinnati Bengals,Chase Brown,,,WR,player_reception_yds,Full Game,21.5,Under,-137,underdog|Chase Brown|player_reception_yds|21.5,0.57805907,0.5,https://api.the-odds-api.com/v4/sports/americanfootball_nfl
2026,3,71123be049587b6facce3a20c53e5d09,2026-09-27T17:00:00Z,Underdog,underdog,2026-09-24T19:58:23Z,Pittsburgh Steelers,Cincinnati Bengals,Ja'Marr Chase,,,WR,player_reception_yds,Full Game,74.5,Over,-137,underdog|Ja'Marr Chase|player_reception_yds|74.5,0.57805907,0.5,https://api.the-odds-api.com/v4/sports/americanfootball_nfl
2026,3,71123be049587b6facce3a20c53e5d09,2026-09-27T17:00:00Z,Underdog,underdog,2026-09-24T19:58:23Z,Pittsburgh Steelers,Cincinnati Bengals,Ja'Marr Chase,,,WR,player_reception_yds,Full Game,74.5,Under,-137,underdog|Ja'Marr Chase|player_reception_yds|74.5,0.57805907,0.5,https://api.the-odds-api.com/v4/sports/americanfootball_nfl
2026,3,71123be049587b6facce3a20c53e5d09,2026-09-27T17:00:00Z,Underdog,underdog,2026-09-24T19:58:23Z,Pittsburgh Steelers,Cincinnati Bengals,Tee Higgins,,,WR,player_reception_yds,Full Game,53.5,Over,-137,underdog|Tee Higgins|player_reception_yds|53.5,0.57805907,0.5,https://api.the-odds-api.com/v4/sports/americanfootball_nfl
2026,3,71123be049587b6facce3a20c53e5d09,2026-09-27T17:00:00Z,Underdog,underdog,2026-09-24T19:58:23Z,Pittsburgh Steelers,Cincinnati Bengals,Tee Higgins,,,WR,player_reception_yds,Full Game,53.5,Under,-137,underdog|Tee Higgins|player_reception_yds|53.5,0.57805907,0.5,https://api.the-odds-api.com/v4/sports/americanfootball_nfl
2026,3,71123be049587b6facce3a20c53e5d09,2026-09-27T17:00:00Z,Underdog,underdog,2026-09-24T19:58:23Z,Pittsburgh Steelers,Cincinnati Bengals,Jaylen Warren,,,WR,player_reception_yds,Full Game,23.5,Over,-137,underdog|Jaylen Warren|player_reception_yds|23.5,0.57805907,0.5,https://api.the-odds-api.com/v4/sports/americanfootball_nfl
2026,3,71123be049587b6facce3a20c53e5d09,2026-09-27T17:00:00Z,Underdog,underdog,2026-09-24T19:58:23Z,Pittsburgh Steelers,Cincinnati Bengals,Jaylen Warren,,,WR,player_reception_yds,Full Game,23.5,Under,-137,underdog|Jaylen Warren|player_reception_yds|23.5,0.57805907,0.5,https://api.the-odds-api.com/v4/sports/americanfootball_nfl
2026,3,71123be049587b6facce3a20c53e5d09,2026-09-27T17:00:00Z,Underdog,underdog,2026-09-24T19:58:23Z,Pittsburgh Steelers,Cincinnati Bengals,Mike Gesicki,,,WR,player_reception_yds,Full Game,23.5,Over,-137,underdog|Mike Gesicki|player_reception_yds|23.5,0.57805907,0.5,https://api.the-odds-api.com/v4/sports/americanfootball_nfl
2026,3,71123be049587b6facce3a20c53e5d09,2026-09-27T17:00:00Z,Underdog,underdog,2026-09-24T19:58:23Z,Pittsburgh Steelers,Cincinnati Bengals,Mike Gesicki,,,WR,player_reception_yds,Full Game,23.5,Under,-137,underdog|Mike Gesicki|player_reception_yds|23.5,0.57805907,0.5,https://api.the-odds-api.com/v4/sports/americanfootball_nfl
2026,3,71123be049587b6facce3a20c53e5d09,2026-09-27T17:00:00Z,Underdog,underdog,2026-09-24T19:58:23Z,Pittsburgh Steelers,Cincinnati Bengals,Pat Freiermuth,,,WR,player_reception_yds,Full Game,33.5,Over,-137,underdog|Pat Freiermuth|player_reception_yds|33.5,0.57805907,0.5,https://api.the-odds-api.com/v4/sports/americanfootball_nfl
2026,3,71123be049587b6facce3a20c53e5d09,2026-09-27T17:00:00Z,Underdog,underdog,2026-09-24T19:58:23Z,Pittsburgh Steelers,Cincinnati Bengals,Pat Freiermuth,,,WR,player_reception_yds,Full Game,33.5,Under,-137,underdog|Pat Freiermuth|player_reception_yds|33.5,0.57805907,0.5,https://api.the-odds-api.com/v4/sports/americanfootball_nfl
2026,3,71123be049587b6facce3a20c53e5d09,2026-09-27T17:00:00Z,Underdog,underdog,2026-09-24T19:58:23Z,Pittsburgh Steelers,Cincinnati Bengals,Samaje Perine,,,WR,player_reception_yds,Full Game,6.5,Over,-137,underdog|Samaje Perine|player_reception_yds|6.5,0.57805907,0.5,https://api.the-odds-api.com/v4/sports/americanfootball_nfl
2026,3,71123be049587b6facce3a20c53e5d09,2026-09-27T17:00:00Z,Underdog,underdog,2026-09-24T19:58:23Z,Pittsburgh Steelers,Cincinnati Bengals,Samaje Perine,,,WR,player_reception_yds,Full Game,6.5,Under,-137,underdog|Samaje Perine|player_reception_yds|6.5,0.57805907,0.5,https://api.the-odds-api.com/v4/sports/americanfootball_nfl
2026,3,71123be049587b6facce3a20c53e5d09,2026-09-27T17:00:00Z,Underdog,underdog,2026-09-24T19:58:23Z,Pittsburgh Steelers,Cincinnati Bengals,Drew Sample,,,WR,player_reception_yds,Full Game,6.5,Over,-137,underdog|Drew Sample|player_reception_yds|6.5,0.57805907,0.5,https://api.the-odds-api.com/v4/sports/americanfootball_nfl
2026,3,71123be049587b6facce3a20c53e5d09,2026-09-27T17:00:00Z,Underdog,underdog,2026-09-24T19:58:23Z,Pittsburgh Steelers,Cincinnati Bengals,Drew Sample,,,WR,player_reception_yds,Full Game,6.5,Under,-137,underdog|Drew Sample|player_reception_yds|6.5,0.57805907,0.5,https://api.the-odds-api.com/v4/sports/americanfootball_nfl
2026,3,71123be049587b6facce3a20c53e5d09,2026-09-27T17:00:00Z,Underdog,underdog,2026-09-24T19:58:23Z,Pittsburgh Steelers,Cincinnati Bengals,Darnell Washington,,,WR,player_reception_yds,Full Game,11.5,Over,-137,underdog|Darnell Washington|player_reception_yds|11.5,0.57805907,0.5,https://api.the-odds-api.com/v4/sports/americanfootball_nfl
2026,3,71123be049587b6facce3a20c53e5d09,2026-09-27T17:00:00Z,Underdog,underdog,2026-09-24T19:58:23Z,Pittsburgh Steelers,Cincinnati Bengals,Darnell Washington,,,WR,player_reception_yds,Full Game,11.5,Under,-137,underdog|Darnell Washington|player_reception_yds|11.5,0.57805907,0.5,https://api.the-odds-api.com/v4/sports/americanfootball_nfl
2026,3,71123be049587b6facce3a20c53e5d09,2026-09-27T17:00:00Z,Underdog,underdog,2026-09-24T19:58:23Z,Pittsburgh Steelers,Cincinnati Bengals,Erick All,,,WR,player_reception_yds,Full Game,5.5,Over,-137,underdog|Erick All|player_reception_yds|5.5,0.57805907,0.5,https://api.the-odds-api.com/v4/sports/americanfootball_nfl
2026,3,71123be049587b6facce3a20c53e5d09,2026-09-27T17:00:00Z,Underdog,underdog,2026-09-24T19:58:23Z,Pittsburgh Steelers,Cincinnati Bengals,Erick All,,,WR,player_reception_yds,Full Game,5.5,Under,-137,underdog|Erick All|player_reception_yds|5.5,0.57805907,0.5,https://api.the-odds-api.com/v4/sports/americanfootball_nfl
2026,3,71123be049587b6facce3a20c53e5d09,2026-09-27T17:00:00Z,Underdog,underdog,2026-09-24T19:58:23Z,Pittsburgh Steelers,Cincinnati Bengals,Jaylen Warren,,,RB,player_rush_yds,Full Game,57.5,Over,-137,underdog|Jaylen Warren|player_rush_yds|57.5,0.57805907,0.5,https://api.the-odds-api.com/v4/sports/americanfootball_nfl
2026,3,71123be049587b6facce3a20c53e5d09,2026-09-27T17:00:00Z,Underdog,underdog,2026-09-24T19:58:23Z,Pittsburgh Steelers,Cincinnati Bengals,Jaylen Warren,,,RB,player_rush_yds,Full Game,57.5,Under,-137,underdog|Jaylen Warren|player_rush_yds|57.5,0.57805907,0.5,https://api.the-odds-api.com/v4/sports/americanfootball_nfl
2026,3,71123be049587b6facce3a20c53e5d09,2026-09-27T17:00:00Z,Underdog,underdog,2026-09-24T19:58:23Z,Pittsburgh Steelers,Cincinnati Bengals,Joe Burrow,,,RB,player_rush_yds,Full Game,5.5,Over,-137,underdog|Joe Burrow|player_rush_yds|5.5,0.57805907,0.5,https://api.the-odds-api.com/v4/sports/americanfootball_nfl
2026,3,71123be049587b6facce3a20c53e5d09,2026-09-27T17:00:00Z,Underdog,underdog,2026-09-24T19:58:23Z,Pittsburgh Steelers,Cincinnati Bengals,Joe Burrow,,,RB,player_rush_yds,Full Game,5.5,Under,-137,underdog|Joe Burrow|player_rush_yds|5.5,0.57805907,0.5,https://api.the-odds-api.com/v4/sports/americanfootball_nfl
2026,3,71123be049587b6facce3a20c53e5d09,2026-09-27T17:00:00Z,Underdog,underdog,2026-09-24T19:58:23Z,Pittsburgh Steelers,Cincinnati Bengals,Samaje Perine,,,RB,player_rush_yds,Full Game,14.5,Over,-137,underdog|Samaje Perine|player_rush_yds|14.5,0.57805907,0.5,https://api.the-odds-api.com/v4/sports/americanfootball_nfl
2026,3,71123be049587b6facce3a20c53e5d09,2026-09-27T17:00:00Z,Underdog,underdog,2026-09-24T19:58:23Z,Pittsburgh Steelers,Cincinnati Bengals,Samaje Perine,,,RB,player_rush_yds,Full Game,14.5,Under,-137,underdog|Samaje Perine|player_rush_yds|14.5,0.57805907,0.5,https://api.the-odds-api.com/v4/sports/americanfootball_nfl
2026,3,71123be049587b6facce3a20c53e5d09,2026-09-27T17:00:00Z,Underdog,underdog,2026-09-24T19:58:23Z,Pittsburgh Steelers,Cincinnati Bengals,Aaron Rodgers,,,RB,player_rush_yds,Full Game,0.5,Over,-137,underdog|Aaron Rodgers|player_rush_yds|0.5,0.57805907,0.5,https://api.the-odds-api.com/v4/sports/americanfootball_nfl
2026,3,71123be049587b6facce3a20c53e5d09,2026-09-27T17:00:00Z,Underdog,underdog,2026-09-24T19:58:23Z,Pittsburgh Steelers,Cincinnati Bengals,Aaron Rodgers,,,RB,player_rush_yds,Full Game,0.5,Under,-137,underdog|Aaron Rodgers|player_rush_yds|0.5,0.57805907,0.5,https://api.the-odds-api.com/v4/sports/americanfootball_nfl
2026,3,71123be049587b6facce3a20c53e5d09,2026-09-27T17:00:00Z,Bovada,bovada,2026-09-24T19:57:47Z,Pittsburgh Steelers,Cincinnati Bengals,Chase Brown,,,WR,player_reception_yds,Full Game,21.5,Over,-120,bovada|Chase Brown|player_reception_yds|21.5,0.54545455,0.51012146,https://api.the-odds-api.com/v4/sports/americanfootball_nfl
2026,3,71123be049587b6facce3a20c53e5d09,2026-09-27T17:00:00Z,Bovada,bovada,2026-09-24T19:57:47Z,Pittsburgh Steelers,Cincinnati Bengals,Chase Brown,,,WR,player_reception_yds,Full Game,21.5,Under,-110,bovada|Chase Brown|player_reception_yds|21.5,0.52380952,0.48987854,https://api.the-odds-api.com/v4/sports/americanfootball_nfl
2026,3,71123be049587b6facce3a20c53e5d09,2026-09-27T17:00:00Z,Bovada,bovada,2026-09-24T19:57:47Z,Pittsburgh Steelers,Cincinnati Bengals,DK Metcalf,,,WR,player_reception_yds,Full Game,51.5,Over,-115,bovada|DK Metcalf|player_reception_yds|51.5,0.53488372,0.5,https://api.the-odds-api.com/v4/sports/americanfootball_nfl
2026,3,71123be049587b6facce3a20c53e5d09,2026-09-27T17:00:00Z,Bovada,bovada,2026-09-24T19:57:47Z,Pittsburgh Steelers,Cincinnati Bengals,DK Metcalf,,,WR,player_reception_yds,Full Game,51.5,Under,-115,bovada|DK Metcalf|player_reception_yds|51.5,0.53488372,0.5,https://api.the-odds-api.com/v4/sports/americanfootball_nfl
2026,3,71123be049587b6facce3a20c53e5d09,2026-09-27T17:00:00Z,Bovada,bovada,2026-09-24T19:57:47Z,Pittsburgh Steelers,Cincinnati Bengals,Ja'Marr Chase,,,WR,player_reception_yds,Full Game,75.5,Over,-115,bovada|Ja'Marr Chase|player_reception_yds|75.5,0.53488372,0.5,https://api.the-odds-api.com/v4/sports/americanfootball_nfl
2026,3,71123be049587b6facce3a20c53e5d09,2026-09-27T17:00:00Z,Bovada,bovada,2026-09-24T19:57:47Z,Pittsburgh Steelers,Cincinnati Bengals,Ja'Marr Chase,,,WR,player_reception_yds,Full Game,75.5,Under,-115,bovada|Ja'Marr Chase|player_reception_yds|75.5,0.53488372,0.5,https://api.the-odds-api.com/v4/sports/americanfootball_nfl
2026,3,71123be049587b6facce3a20c53e5d09,2026-09-27T17:00:00Z,Bovada,bovada,2026-09-24T19:57:47Z,Pittsburgh Steelers,Cincinnati Bengals,Mike Gesicki,,,WR,player_reception_yds,Full Game,23.5,Over,-115,bovada|Mike Gesicki|player_reception_yds|23.5,0.53488372,0.5,https://api.the-odds-api.com/v4/sports/americanfootball_nfl
2026,3,71123be049587b6facce3a20c53e5d09,2026-09-27T17:00:00Z,Bovada,bovada,2026-09-24T19:57:47Z,Pittsburgh Steelers,Cincinnati Bengals,Mike Gesicki,,,WR,player_reception_yds,Full Game,23.5,Under,-115,bovada|Mike Gesicki|player_reception_yds|23.5,0.53488372,0.5,https://api.the-odds-api.com/v4/sports/americanfootball_nfl
2026,3,71123be049587b6facce3a20c53e5d09,2026-09-27T17:00:00Z,Bovada,bovada,2026-09-24T19:57:47Z,Pittsburgh Steelers,Cincinnati Bengals,Pat Freiermuth,,,WR,player_reception_yds,Full Game,35.5,Over,-110,bovada|Pat Freiermuth|player_reception_yds|35.5,0.52380952,0.48987854,https://api.the-odds-api.com/v4/sports/americanfootball_nfl
2026,3,71123be049587b6facce3a20c53e5d09,2026-09-27T17:00:00Z,Bovada,bovada,2026-09-24T19:57:47Z,Pittsburgh Steelers,Cincinnati Bengals,Pat Freiermuth,,,WR,player_reception_yds,Full Game,35.5,Under,-120,bovada|Pat Freiermuth|player_reception_yds|35.5,0.54545455,0.51012146,https://api.the-odds-api.com/v4/sports/americanfootball_nfl
2026,3,71123be049587b6facce3a20c53e5d09,2026-09-27T17:00:00Z,Bovada,bovada,2026-09-24T19:57:47Z,Pittsburgh Steelers,Cincinnati Bengals,Tee Higgins,,,WR,player_reception_yds,Full Game,54.5,Over,-115,bovada|Tee Higgins|player_reception_yds|54.5,0.53488372,0.5,https://api.the-odds-api.com/v4/sports/americanfootball_nfl
2026,3,71123be049587b6facce3a20c53e5d09,2026-09-27T17:00:00Z,Bovada,bovada,2026-09-24T19:57:47Z,Pittsburgh Steelers,Cincinnati Bengals,Tee Higgins,,,WR,player_reception_yds,Full Game,54.5,Under,-115,bovada|Tee Higgins|player_reception_yds|54.5,0.53488372,0.5,https://api.the-odds-api.com/v4/sports/americanfootball_nfl
2026,3,71123be049587b6facce3a20c53e5d09,2026-09-27T17:00:00Z,Bovada,bovada,2026-09-24T19:57:47Z,Pittsburgh Steelers,Cincinnati Bengals,Chase Brown,,,RB,player_rush_yds,Full Game,62.5,Over,-120,bovada|Chase Brown|player_rush_yds|62.5,0.54545455,0.51012146,https://api.the-odds-api.com/v4/sports/americanfootball_nfl
2026,3,71123be049587b6facce3a20c53e5d09,2026-09-27T17:00:00Z,Bovada,bovada,2026-09-24T19:57:47Z,Pittsburgh Steelers,Cincinnati Bengals,Chase Brown,,,RB,player_rush_yds,Full Game,62.5,Under,-110,bovada|Chase Brown|player_rush_yds|62.5,0.52380952,0.48987854,https://api.the-odds-api.com/v4/sports/americanfootball_nfl
2026,3,71123be049587b6facce3a20c53e5d09,2026-09-27T17:00:00Z,PrizePicks,prizepicks,2026-09-24T19:58:10Z,Pittsburgh Steelers,Cincinnati Bengals,Ja'Marr Chase,,,WR,player_reception_yds,Full Game,77.5,Over,-137,prizepicks|Ja'Marr Chase|player_reception_yds|77.5,0.57805907,0.5,https://api.the-odds-api.com/v4/sports/americanfootball_nfl
2026,3,71123be049587b6facce3a20c53e5d09,2026-09-27T17:00:00Z,PrizePicks,prizepicks,2026-09-24T19:58:10Z,Pittsburgh Steelers,Cincinnati Bengals,Ja'Marr Chase,,,WR,player_reception_yds,Full Game,77.5,Under,-137,prizepicks|Ja'Marr Chase|player_reception_yds|77.5,0.57805907,0.5,https://api.the-odds-api.com/v4/sports/americanfootball_nfl
2026,3,71123be049587b6facce3a20c53e5d09,2026-09-27T17:00:00Z,PrizePicks,prizepicks,2026-09-24T19:58:10Z,Pittsburgh Steelers,Cincinnati Bengals,Tee Higgins,,,WR,player_reception_yds,Full Game,55.5,Over,-137,prizepicks|Tee Higgins|player_reception_yds|55.5,0.57805907,0.5,https://api.the-odds-api.com/v4/sports/americanfootball_nfl
2026,3,71123be049587b6facce3a20c53e5d09,2026-09-27T17:00:00Z,PrizePicks,prizepicks,2026-09-24T19:58:10Z,Pittsburgh Steelers,Cincinnati Bengals,Tee Higgins,,,WR,player_reception_yds,Full Game,55.5,Under,-137,prizepicks|Tee Higgins|player_reception_yds|55.5,0.57805907,0.5,https://api.the-odds-api.com/v4/sports/americanfootball_nfl
2026,3,71123be049587b6facce3a20c53e5d09,2026-09-27T17:00:00Z,PrizePicks,prizepicks,2026-09-24T19:58:10Z,Pittsburgh Steelers,Cincinnati Bengals,DK Metcalf,,,WR,player_reception_yds,Full Game,53.5,Over,-137,prizepicks|DK Metcalf|player_reception_yds|53.5,0.57805907,0.5,https://api.the-odds-api.com/v4/sports/americanfootball_nfl
2026,3,71123be049587b6facce3a20c53e5d09,2026-09-27T17:00:00Z,PrizePicks,prizepicks,2026-09-24T19:58:10Z,Pittsburgh Steelers,Cincinnati Bengals,DK Metcalf,,,WR,player_reception_yds,Full Game,53.5,Under,-137,prizepicks|DK Metcalf|player_reception_yds|53.5,0.57805907,0.5,https://api.the-odds-api.com/v4/sports/americanfootball_nfl
2026,3,71123be049587b6facce3a20c53e5d09,2026-09-27T17:00:00Z,PrizePicks,prizepicks,2026-09-24T19:58:10Z,Pittsburgh Steelers,Cincinnati Bengals,Pat Freiermuth,,,WR,player_reception_yds,Full Game,35.5,Over,-137,prizepicks|Pat Freiermuth|player_reception_yds|35.5,0.57805907,0.5,https://api.the-odds-api.com/v4/sports/americanfootball_nfl
2026,3,71123be049587b6facce3a20c53e5d09,2026-09-27T17:00:00Z,PrizePicks,prizepicks,2026-09-24T19:58:10Z,Pittsburgh Steelers,Cincinnati Bengals,Pat Freiermuth,,,WR,player_reception_yds,Full Game,35.5,Under,-137,prizepicks|Pat Freiermuth|player_reception_yds|35.5,0.57805907,0.5,https://api.the-odds-api.com/v4/sports/americanfootball_nfl
2026,3,71123be049587b6facce3a20c53e5d09,2026-09-27T17:00:00Z,PrizePicks,prizepicks,2026-09-24T19:58:10Z,Pittsburgh Steelers,Cincinnati Bengals,Jaylen Warren,,,WR,player_reception_yds,Full Game,23.5,Over,-137,prizepicks|Jaylen Warren|player_reception_yds|23.5,0.57805907,0.5,https://api.the-odds-api.com/v4/sports/americanfootball_nfl
2026,3,71123be049587b6facce3a20c53e5d09,2026-09-27T17:00:00Z,PrizePicks,prizepicks,2026-09-24T19:58:10Z,Pittsburgh Steelers,Cincinnati Bengals,Jaylen Warren,,,WR,player_reception_yds,Full Game,23.5,Under,-137,prizepicks|Jaylen Warren|player_reception_yds|23.5,0.57805907,0.5,https://api.the-odds-api.com/v4/sports/americanfootball_nfl
2026,3,71123be049587b6facce3a20c53e5d09,2026-09-27T17:00:00Z,PrizePicks,prizepicks,2026-09-24T19:58:10Z,Pittsburgh Steelers,Cincinnati Bengals,Mike Gesicki,,,WR,player_reception_yds,Full Game,23.5,Over,-137,prizepicks|Mike Gesicki|player_reception_yds|23.5,0.57805907,0.5,https://api.the-odds-api.com/v4/sports/americanfootball_nfl
2026,3,71123be049587b6facce3a20c53e5d09,2026-09-27T17:00:00Z,PrizePicks,prizepicks,2026-09-24T19:58:10Z,Pittsburgh Steelers,Cincinnati Bengals,Mike Gesicki,,,WR,player_reception_yds,Full Game,23.5,Under,-137,prizepicks|Mike Gesicki|player_reception_yds|23.5,0.57805907,0.5,https://api.the-odds-api.com/v4/sports/americanfootball_nfl
2026,3,71123be049587b6facce3a20c53e5d09,2026-09-27T17:00:00Z,PrizePicks,prizepicks,2026-09-24T19:58:10Z,Pittsburgh Steelers,Cincinnati Bengals,Chase Brown,,,WR,player_reception_yds,Full Game,21.5,Over,-137,prizepicks|Chase Brown|player_reception_yds|21.5,0.57805907,0.5,https://api.the-odds-api.com/v4/sports/americanfootball_nfl
2026,3,71123be049587b6facce3a20c53e5d09,2026-09-27T17:00:00Z,PrizePicks,prizepicks,2026-09-24T19:58:10Z,Pittsburgh Steelers,Cincinnati Bengals,Chase Brown,,,WR,player_reception_yds,Full Game,21.5,Under,-137,prizepicks|Chase Brown|player_reception_yds|21.5,0.57805907,0.5,https://api.the-odds-api.com/v4/sports/americanfootball_nfl
2026,3,71123be049587b6facce3a20c53e5d09,2026-09-27T17:00:00Z,PrizePicks,prizepicks,2026-09-24T19:58:10Z,Pittsburgh Steelers,Cincinnati Bengals,Darnell Washington,,,WR,player_reception_yds,Full Game,11.5,Over,-137,prizepicks|Darnell Washington|player_reception_yds|11.5,0.57805907,0.5,https://api.the-odds-api.com/v4/sports/americanfootball_nfl
2026,3,71123be049587b6facce3a20c53e5d09,2026-09-27T17:00:00Z,PrizePicks,prizepicks,2026-09-24T19:58:10Z,Pittsburgh Steelers,Cincinnati Bengals,Darnell Washington,,,WR,player_reception_yds,Full Game,11.5,Under,-137,prizepicks|Darnell Washington|player_reception_yds|11.5,0.57805907,0.5,https://api.the-odds-api.com/v4/sports/americanfootball_nfl
2026,3,71123be049587b6facce3a20c53e5d09,2026-09-27T17:00:00Z,PrizePicks,prizepicks,2026-09-24T19:58:10Z,Pittsburgh Steelers,Cincinnati Bengals,Samaje Perine,,,WR,player_reception_yds,Full Game,6.5,Over,-137,prizepicks|Samaje Perine|player_reception_yds|6.5,0.57805907,0.5,https://api.the-odds-api.com/v4/sports/americanfootball_nfl
2026,3,71123be049587b6facce3a20c53e5d09,2026-09-27T17:00:00Z,PrizePicks,prizepicks,2026-09-24T19:58:10Z,Pittsburgh Steelers,Cincinnati Bengals,Samaje Perine,,,WR,player_reception_yds,Full Game,6.5,Under,-137,prizepicks|Samaje Perine|player_reception_yds|6.5,0.57805907,0.5,https://api.the-odds-api.com/v4/sports/americanfootball_nfl
2026,3,71123be049587b6facce3a20c53e5d09,2026-09-27T17:00:00Z,PrizePicks,prizepicks,2026-09-24T19:58:10Z,Pittsburgh Steelers,Cincinnati Bengals,Drew Sample,,,WR,player_reception_yds,Full Game,6.5,Over,-137,prizepicks|Drew Sample|player_reception_yds|6.5,0.57805907,0.5,https://api.the-odds-api.com/v4/sports/americanfootball_nfl
2026,3,71123be049587b6facce3a20c53e5d09,2026-09-27T17:00:00Z,PrizePicks,prizepicks,2026-09-24T19:58:10Z,Pittsburgh Steelers,Cincinnati Bengals,Drew Sample,,,WR,player_reception_yds,Full Game,6.5,Under,-137,prizepicks|Drew Sample|player_reception_yds|6.5,0.57805907,0.5,https://api.the-odds-api.com/v4/sports/americanfootball_nfl
2026,3,71123be049587b6facce3a20c53e5d09,2026-09-27T17:00:00Z,PrizePicks,prizepicks,2026-09-24T19:58:10Z,Pittsburgh Steelers,Cincinnati Bengals,Erick All,,,WR,player_reception_yds,Full Game,5.5,Over,-137,prizepicks|Erick All|player_reception_yds|5.5,0.57805907,0.5,https://api.the-odds-api.com/v4/sports/americanfootball_nfl
2026,3,71123be049587b6facce3a20c53e5d09,2026-09-27T17:00:00Z,PrizePicks,prizepicks,2026-09-24T19:58:10Z,Pittsburgh Steelers,Cincinnati Bengals,Erick All,,,WR,player_reception_yds,Full Game,5.5,Under,-137,prizepicks|Erick All|player_reception_yds|5.5,0.57805907,0.5,https://api.the-odds-api.com/v4/sports/americanfootball_nfl
2026,3,71123be049587b6facce3a20c53e5d09,2026-09-27T17:00:00Z,PrizePicks,prizepicks,2026-09-24T19:58:10Z,Pittsburgh Steelers,Cincinnati Bengals,Chase Brown,,,RB,player_rush_yds,Full Game,63.5,Over,-137,prizepicks|Chase Brown|player_rush_yds|63.5,0.57805907,0.5,https://api.the-odds-api.com/v4/sports/americanfootball_nfl
2026,3,71123be049587b6facce3a20c53e5d09,2026-09-27T17:00:00Z,PrizePicks,prizepicks,2026-09-24T19:58:10Z,Pittsburgh Steelers,Cincinnati Bengals,Chase Brown,,,RB,player_rush_yds,Full Game,63.5,Under,-137,prizepicks|Chase Brown|player_rush_yds|63.5,0.57805907,0.5,https://api.the-odds-api.com/v4/sports/americanfootball_nfl
2026,3,71123be049587b6facce3a20c53e5d09,2026-09-27T17:00:00Z,PrizePicks,prizepicks,2026-09-24T19:58:10Z,Pittsburgh Steelers,Cincinnati Bengals,Jaylen Warren,,,RB,player_rush_yds,Full Game,57.5,Over,-137,prizepicks|Jaylen Warren|player_rush_yds|57.5,0.57805907,0.5,https://api.the-odds-api.com/v4/sports/americanfootball_nfl
2026,3,71123be049587b6facce3a20c53e5d09,2026-09-27T17:00:00Z,PrizePicks,prizepicks,2026-09-24T19:58:10Z,Pittsburgh Steelers,Cincinnati Bengals,Jaylen Warren,,,RB,player_rush_yds,Full Game,57.5,Under,-137,prizepicks|Jaylen Warren|player_rush_yds|57.5,0.57805907,0.5,https://api.the-odds-api.com/v4/sports/americanfootball_nfl
2026,3,71123be049587b6facce3a20c53e5d09,2026-09-27T17:00:00Z,PrizePicks,prizepicks,2026-09-24T19:58:10Z,Pittsburgh Steelers,Cincinnati Bengals,Samaje Perine,,,RB,player_rush_yds,Full Game,14.5,Over,-137,prizepicks|Samaje Perine|player_rush_yds|14.5,0.57805907,0.5,https://api.the-odds-api.com/v4/sports/americanfootball_nfl
2026,3,71123be049587b6facce3a20c53e5d09,2026-09-27T17:00:00Z,PrizePicks,prizepicks,2026-09-24T19:58:10Z,Pittsburgh Steelers,Cincinnati Bengals,Samaje Perine,,,RB,player_rush_yds,Full Game,14.5,Under,-137,prizepicks|Samaje Perine|player_rush_yds|14.5,0.57805907,0.5,https://api.the-odds-api.com/v4/sports/americanfootball_nfl
2026,3,71123be049587b6facce3a20c53e5d09,2026-09-27T17:00:00Z,PrizePicks,prizepicks,2026-09-24T19:58:10Z,Pittsburgh Steelers,Cincinnati Bengals,Joe Burrow,,,RB,player_rush_yds,Full Game,8.5,Over,-137,prizepicks|Joe Burrow|player_rush_yds|8.5,0.57805907,0.5,https://api.the-odds-api.com/v4/sports/americanfootball_nfl
2026,3,71123be049587b6facce3a20c53e5d09,2026-09-27T17:00:00Z,PrizePicks,prizepicks,2026-09-24T19:58:10Z,Pittsburgh Steelers,Cincinnati Bengals,Joe Burrow,,,RB,player_rush_yds,Full Game,8.5,Under,-137,prizepicks|Joe Burrow|player_rush_yds|8.5,0.57805907,0.5,https://api.the-odds-api.com/v4/sports/americanfootball_nfl
2026,3,71123be049587b6facce3a20c53e5d09,2026-09-27T17:00:00Z,PrizePicks,prizepicks,2026-09-24T19:58:10Z,Pittsburgh Steelers,Cincinnati Bengals,Aaron Rodgers,,,RB,player_rush_yds,Full Game,0.5,Over,-137,prizepicks|Aaron Rodgers|player_rush_yds|0.5,0.57805907,0.5,https://api.the-odds-api.com/v4/sports/americanfootball_nfl
2026,3,71123be049587b6facce3a20c53e5d09,2026-09-27T17:00:00Z,PrizePicks,prizepicks,2026-09-24T19:58:10Z,Pittsburgh Steelers,Cincinnati Bengals,Aaron Rodgers,,,RB,player_rush_yds,Full Game,0.5,Under,-137,prizepicks|Aaron Rodgers|player_rush_yds|0.5,0.57805907,0.5,https://api.the-odds-api.com/v4/sports/americanfootball_nfl
2026,3,07f552badfa8a565d1be22123713e4da,2026-09-27T17:00:00Z,DraftKings,draftkings,2026-09-24T19:58:36Z,Detroit Lions,New York Jets,Amon-Ra St. Brown,,,WR,player_reception_yds,Full Game,78.5,Over,-111,draftkings|Amon-Ra St. Brown|player_reception_yds|78.5,0.52606635,0.49789412,https://api.the-odds-api.com/v4/sports/americanfootball_nfl
2026,3,07f552badfa8a565d1be22123713e4da,2026-09-27T17:00:00Z,DraftKings,draftkings,2026-09-24T19:58:36Z,Detroit Lions,New York Jets,Amon-Ra St. Brown,,,WR,player_reception_yds,Full Game,78.5,Under,-113,draftkings|Amon-Ra St. Brown|player_reception_yds|78.5,0.53051643,0.50210588,https://api.the-odds-api.com/v4/sports/americanfootball_nfl
2026,3,07f552badfa8a565d1be22123713e4da,2026-09-27T17:00:00Z,DraftKings,draftkings,2026-09-24T19:58:36Z,Detroit Lions,New York Jets,Garrett Wilson,,,WR,player_reception_yds,Full Game,66.5,Over,-112,draftkings|Garrett Wilson|player_reception_yds|66.5,0.52830189,0.50106013,https://api.the-odds-api.com/v4/sports/americanfootball_nfl
2026,3,07f552badfa8a565d1be22123713e4da,2026-09-27T17:00:00Z,DraftKings,draftkings,2026-09-24T19:58:36Z,Detroit Lions,New York Jets,Garrett Wilson,,,WR,player_reception_yds,Full Game,66.5,Under,-111,draftkings|Garrett Wilson|player_reception_yds|66.5,0.52606635,0.49893987,https://api.the-odds-api.com/v4/sports/americanfootball_nfl
2026,3,07f552badfa8a565d1be22123713e4da,2026-09-27T17:00:00Z,DraftKings,draftkings,2026-09-24T19:58:36Z,Detroit Lions,New York Jets,Jameson Williams,,,WR,player_reception_yds,Full Game,51.5,Over,-109,draftkings|Jameson Williams|player_reception_yds|51.5,0.5215311,0.49368022,https://api.the-odds-api.com/v4/sports/americanfootball_nfl
2026,3,07f552badfa8a565d1be22123713e4da,2026-09-27T17:00:00Z,DraftKings,draftkings,2026-09-24T19:58:36Z,Detroit Lions,New York Jets,Jameson Williams,,,WR,player_reception_yds,Full Game,51.5,Under,-115,draftkings|Jameson Williams|player_reception_yds|51.5,0.53488372,0.50631978,https://api.the-odds-api.com/v4/sports/americanfootball_nfl
2026,3,07f552badfa8a565d1be22123713e4da,2026-09-27T17:00:00Z,DraftKings,draftkings,2026-09-24T19:58:36Z,Detroit Lions,New York Jets,Adonai Mitchell,,,WR,player_reception_yds,Full Game,48.5,Over,-111,draftkings|Adonai Mitchell|player_reception_yds|48.5,0.52606635,0.49789412,https://api.the-odds-api.com/v4/sports/americanfootball_nfl
2026,3,07f552badfa8a565d1be22123713e4da,2026-09-27T17:00:00Z,DraftKings,draftkings,2026-09-24T19:58:36Z,Detroit Lions,New York Jets,Adonai Mitchell,,,WR,player_reception_yds,Full Game,48.5,Under,-113,draftkings|Adonai Mitchell|player_reception_yds|48.5,0.53051643,0.50210588,https://api.the-odds-api.com/v4/sports/americanfootball_nfl
2026,3,07f552badfa8a565d1be22123713e4da,2026-09-27T17:00:00Z,DraftKings,draftkings,2026-09-24T19:58:36Z,Detroit Lions,New York Jets,Sam LaPorta,,,WR,player_reception_yds,Full Game,45.5,Over,-110,draftkings|Sam LaPorta|player_reception_yds|45.5,0.52380952,0.4957877,https://api.the-odds-api.com/v4/sports/americanfootball_nfl
2026,3,07f552badfa8a565d1be22123713e4da,2026-09-27T17:00:00Z,DraftKings,draftkings,2026-09-24T19:58:36Z,Detroit Lions,New York Jets,Sam LaPorta,,,WR,player_reception_yds,Full Game,45.5,Under,-114,draftkings|Sam LaPorta|player_reception_yds|45.5,0.53271028,0.5042123,https://api.the-odds-api.com/v4/sports/americanfootball_nfl
2026,3,07f552badfa8a565d1be22123713e4da,2026-09-27T17:00:00Z,DraftKings,draftkings,2026-09-24T19:58:36Z,Detroit Lions,New York Jets,Jahmyr Gibbs,,,WR,player_reception_yds,Full Game,34.5,Over,-111,draftkings|Jahmyr Gibbs|player_reception_yds|34.5,0.52606635,0.49789412,https://api.the-odds-api.com/v4/sports/americanfootball_nfl
2026,3,07f552badfa8a565d1be22123713e4da,2026-09-27T17:00:00Z,DraftKings,draftkings,2026-09-24T19:58:36Z,Detroit Lions,New York Jets,Jahmyr Gibbs,,,WR,player_reception_yds,Full Game,34.5,Under,-113,draftkings|Jahmyr Gibbs|player_reception_yds|34.5,0.53051643,0.50210588,https://api.the-odds-api.com/v4/sports/americanfootball_nfl
2026,3,07f552badfa8a565d1be22123713e4da,2026-09-27T17:00:00Z,DraftKings,draftkings,2026-09-24T19:58:36Z,Detroit Lions,New York Jets,Breece Hall,,,WR,player_reception_yds,Full Game,21.5,Over,-112,draftkings|Breece Hall|player_reception_yds|21.5,0.52830189,0.5,https://api.the-odds-api.com/v4/sports/americanfootball_nfl
2026,3,07f552badfa8a565d1be22123713e4da,2026-09-27T17:00:00Z,DraftKings,draftkings,2026-09-24T19:58:36Z,Detroit Lions,New York Jets,Breece Hall,,,WR,player_reception_yds,Full Game,21.5,Under,-112,draftkings|Breece Hall|player_reception_yds|21.5,0.52830189,0.5,https://api.the-odds-api.com/v4/sports/americanfootball_nfl
2026,3,07f552badfa8a565d1be22123713e4da,2026-09-27T17:00:00Z,DraftKings,draftkings,2026-09-24T19:58:36Z,Detroit Lions,New York Jets,Jahmyr Gibbs,,,RB,player_rush_yds,Full Game,88.5,Over,-110,draftkings|Jahmyr Gibbs|player_rush_yds|88.5,0.52380952,0.4957877,https://api.the-odds-api.com/v4/sports/americanfootball_nfl
2026,3,07f552badfa8a565d1be22123713e4da,2026-09-27T17:00:00Z,DraftKings,draftkings,2026-09-24T19:58:36Z,Detroit Lions,New York Jets,Jahmyr Gibbs,,,RB,player_rush_yds,Full Game,88.5,Under,-114,draftkings|Jahmyr Gibbs|player_rush_yds|88.5,0.53271028,0.5042123,https://api.the-odds-api.com/v4/sports/americanfootball_nfl
2026,3,07f552badfa8a565d1be22123713e4da,2026-09-27T17:00:00Z,DraftKings,draftkings,2026-09-24T19:58:36Z,Detroit Lions,New York Jets,Breece Hall,,,RB,player_rush_yds,Full Game,57.5,Over,-113,draftkings|Breece Hall|player_rush_yds|57.5,0.53051643,0.50210588,https://api.the-odds-api.com/v4/sports/americanfootball_nfl
2026,3,07f552badfa8a565d1be22123713e4da,2026-09-27T17:00:00Z,DraftKings,draftkings,2026-09-24T19:58:36Z,Detroit Lions,New York Jets,Breece Hall,,,RB,player_rush_yds,Full Game,57.5,Under,-111,draftkings|Breece Hall|player_rush_yds|57.5,0.52606635,0.49789412,https://api.the-odds-api.com/v4/sports/americanfootball_nfl
2026,3,07f552badfa8a565d1be22123713e4da,2026-09-27T17:00:00Z,FanDuel,fanduel,2026-09-24T19:58:53Z,Detroit Lions,New York Jets,Garrett Wilson,,,WR,player_reception_yds,Full Game,64.5,Over,-114,fanduel|Garrett Wilson|player_reception_yds|64.5,0.53271028,0.5,https://api.the-odds-api.com/v4/sports/americanfootball_nfl
2026,3,07f552badfa8a565d1be22123713e4da,2026-09-27T17:00:00Z,FanDuel,fanduel,2026-09-24T19:58:53Z,Detroit Lions,New York Jets,Garrett Wilson,,,WR,player_reception_yds,Full Game,64.5,Under,-114,fanduel|Garrett Wilson|player_reception_yds|64.5,0.53271028,0.5,https://api.the-odds-api.com/v4/sports/americanfootball_nfl
2026,3,07f552badfa8a565d1be22123713e4da,2026-09-27T17:00:00Z,FanDuel,fanduel,2026-09-24T19:58:53Z,Detroit Lions,New York Jets,Sam LaPorta,,,WR,player_reception_yds,Full Game,45.5,Over,-114,fanduel|Sam LaPorta|player_reception_yds|45.5,0.53271028,0.5,https://api.the-odds-api.com/v4/sports/americanfootball_nfl
2026,3,07f552badfa8a565d1be22123713e4da,2026-09-27T17:00:00Z,FanDuel,fanduel,2026-09-24T19:58:53Z,Detroit Lions,New York Jets,Sam LaPorta,,,WR,player_reception_yds,Full Game,45.5,Under,-114,fanduel|Sam LaPorta|player_reception_yds|45.5,0.53271028,0.5,https://api.the-odds-api.com/v4/sports/americanfootball_nfl
2026,3,07f552badfa8a565d1be22123713e4da,2026-09-27T17:00:00Z,FanDuel,fanduel,2026-09-24T19:58:53Z,Detroit Lions,New York Jets,Jahmyr Gibbs,,,WR,player_reception_yds,Full Game,35.5,Over,-114,fanduel|Jahmyr Gibbs|player_reception_yds|35.5,0.53271028,0.5,https://api.the-odds-api.com/v4/sports/americanfootball_nfl
2026,3,07f552badfa8a565d1be22123713e4da,2026-09-27T17:00:00Z,FanDuel,fanduel,2026-09-24T19:58:53Z,Detroit Lions,New York Jets,Jahmyr Gibbs,,,WR,player_reception_yds,Full Game,35.5,Under,-114,fanduel|Jahmyr Gibbs|player_reception_yds|35.5,0.53271028,0.5,https://api.the-odds-api.com/v4/sports/americanfootball_nfl
2026,3,07f552badfa8a565d1be22123713e4da,2026-09-27T17:00:00Z,FanDuel,fanduel,2026-09-24T19:58:53Z,Detroit Lions,New York Jets,Jameson Williams,,,WR,player_reception_yds,Full Game,54.5,Over,-114,fanduel|Jameson Williams|player_reception_yds|54.5,0.53271028,0.5,https://api.the-odds-api.com/v4/sports/americanfootball_nfl
2026,3,07f552badfa8a565d1be22123713e4da,2026-09-27T17:00:00Z,FanDuel,fanduel,2026-09-24T19:58:53Z,Detroit Lions,New York Jets,Jameson Williams,,,WR,player_reception_yds,Full Game,54.5,Under,-114,fanduel|Jameson Williams|player_reception_yds|54.5,0.53271028,0.5,https://api.the-odds-api.com/v4/sports/americanfootball_nfl
2026,3,07f552badfa8a565d1be22123713e4da,2026-09-27T17:00:00Z,FanDuel,fanduel,2026-09-24T19:58:53Z,Detroit Lions,New York Jets,Breece Hall,,,WR,player_reception_yds,Full Game,21.5,Over,-114,fanduel|Breece Hall|player_reception_yds|21.5,0.53271028,0.5,https://api.the-odds-api.com/v4/sports/americanfootball_nfl
2026,3,07f552badfa8a565d1be22123713e4da,2026-09-27T17:00:00Z,FanDuel,fanduel,2026-09-24T19:58:53Z,Detroit Lions,New York Jets,Breece Hall,,,WR,player_reception_yds,Full Game,21.5,Under,-114,fanduel|Breece Hall|player_reception_yds|21.5,0.53271028,0.5,https://api.the-odds-api.com/v4/sports/americanfootball_nfl
2026,3,07f552badfa8a565d1be22123713e4da,2026-09-27T17:00:00Z,FanDuel,fanduel,2026-09-24T19:58:53Z,Detroit Lions,New York Jets,Adonai Mitchell,,,WR,player_reception_yds,Full Game,47.5,Over,-114,fanduel|Adonai Mitchell|player_reception_yds|47.5,0.53271028,0.5,https://api.the-odds-api.com/v4/sports/americanfootball_nfl
2026,3,07f552badfa8a565d1be22123713e4da,2026-09-27T17:00:00Z,FanDuel,fanduel,2026-09-24T19:58:53Z,Detroit Lions,New York Jets,Adonai Mitchell,,,WR,player_reception_yds,Full Game,47.5,Under,-114,fanduel|Adonai Mitchell|player_reception_yds|47.5,0.53271028,0.5,https://api.the-odds-api.com/v4/sports/americanfootball_nfl
2026,3,07f552badfa8a565d1be22123713e4da,2026-09-27T17:00:00Z,FanDuel,fanduel,2026-09-24T19:58:53Z,Detroit Lions,New York Jets,Amon-Ra St. Brown,,,WR,player_reception_yds,Full Game,75.5,Over,-114,fanduel|Amon-Ra St. Brown|player_reception_yds|75.5,0.53271028,0.5,https://api.the-odds-api.com/v4/sports/americanfootball_nfl
2026,3,07f552badfa8a565d1be22123713e4da,2026-09-27T17:00:00Z,FanDuel,fanduel,2026-09-24T19:58:53Z,Detroit Lions,New York Jets,Amon-Ra St. Brown,,,WR,player_reception_yds,Full Game,75.5,Under,-114,fanduel|Amon-Ra St. Brown|player_reception_yds|75.5,0.53271028,0.5,https://api.the-odds-api.com/v4/sports/americanfootball_nfl
2026,3,07f552badfa8a565d1be22123713e4da,2026-09-27T17:00:00Z,FanDuel,fanduel,2026-09-24T19:58:53Z,Detroit Lions,New York Jets,Breece Hall,,,RB,player_rush_yds,Full Game,57.5,Over,-114,fanduel|Breece Hall|player_rush_yds|57.5,0.53271028,0.5,https://api.the-odds-api.com/v4/sports/americanfootball_nfl
2026,3,07f552badfa8a565d1be22123713e4da,2026-09-27T17:00:00Z,FanDuel,fanduel,2026-09-24T19:58:53Z,Detroit Lions,New York Jets,Breece Hall,,,RB,player_rush_yds,Full Game,57.5,Under,-114,fanduel|Breece Hall|player_rush_yds|57.5,0.53271028,0.5,https://api.the-odds-api.com/v4/sports/americanfootball_nfl
2026,3,07f552badfa8a565d1be22123713e4da,2026-09-27T17:00:00Z,FanDuel,fanduel,2026-09-24T19:58:53Z,Detroit Lions,New York Jets,Jahmyr Gibbs,,,RB,player_rush_yds,Full Game,87.5,Over,-114,fanduel|Jahmyr Gibbs|player_rush_yds|87.5,0.53271028,0.5,https://api.the-odds-api.com/v4/sports/americanfootball_nfl
2026,3,07f552badfa8a565d1be22123713e4da,2026-09-27T17:00:00Z,FanDuel,fanduel,2026-09-24T19:58:53Z,Detroit Lions,New York Jets,Jahmyr Gibbs,,,RB,player_rush_yds,Full Game,87.5,Under,-114,fanduel|Jahmyr Gibbs|player_rush_yds|87.5,0.53271028,0.5,https://api.the-odds-api.com/v4/sports/americanfootball_nfl
2026,3,07f552badfa8a565d1be22123713e4da,2026-09-27T17:00:00Z,BetRivers,betrivers,2026-09-24T19:59:14Z,Detroit Lions,New York Jets,Jameson Williams,,,WR,player_reception_yds,Full Game,50.5,Over,-118,betrivers|Jameson Williams|player_reception_yds|50.5,0.5412844,0.50502331,https://api.the-odds-api.com/v4/sports/americanfootball_nfl
2026,3,07f552badfa8a565d1be22123713e4da,2026-09-27T17:00:00Z,BetRivers,betrivers,2026-09-24T19:59:14Z,Detroit Lions,New York Jets,Jameson Williams,,,WR,player_reception_yds,Full Game,50.5,Under,-113,betrivers|Jameson Williams|player_reception_yds|50.5,0.53051643,0.49497669,https://api.the-odds-api.com/v4/sports/americanfootball_nfl
2026,3,07f552badfa8a565d1be22123713e4da,2026-09-27T17:00:00Z,BetRivers,betrivers,2026-09-24T19:59:14Z,Detroit Lions,New York Jets,Amon-Ra St. Brown,,,WR,player_reception_yds,Full Game,78.5,Over,-114,betrivers|Amon-Ra St. Brown|player_reception_yds|78.5,0.53271028,0.49898208,https://api.the-odds-api.com/v4/sports/americanfootball_nfl
2026,3,07f552badfa8a565d1be22123713e4da,2026-09-27T17:00:00Z,BetRivers,betrivers,2026-09-24T19:59:14Z,Detroit Lions,New York Jets,Amon-Ra St. Brown,,,WR,player_reception_yds,Full Game,78.5,Under,-115,betrivers|Amon-Ra St. Brown|player_reception_yds|78.5,0.53488372,0.50101792,https://api.the-odds-api.com/v4/sports/americanfootball_nfl
2026,3,07f552badfa8a565d1be22123713e4da,2026-09-27T17:00:00Z,BetRivers,betrivers,2026-09-24T19:59:14Z,Detroit Lions,New York Jets,Breece Hall,,,WR,player_reception_yds,Full Game,21.5,Over,-118,betrivers|Breece Hall|player_reception_yds|21.5,0.5412844,0.50502331,https://api.the-odds-api.com/v4/sports/americanfootball_nfl
2026,3,07f552badfa8a565d1be22123713e4da,2026-09-27T17:00:00Z,BetRivers,betrivers,2026-09-24T19:59:14Z,Detroit Lions,New York Jets,Breece Hall,,,WR,player_reception_yds,Full Game,21.5,Under,-113,betrivers|Breece Hall|player_reception_yds|21.5,0.53051643,0.49497669,https://api.the-odds-api.com/v4/sports/americanfootball_nfl
2026,3,07f552badfa8a565d1be22123713e4da,2026-09-27T17:00:00Z,BetRivers,betrivers,2026-09-24T19:59:14Z,Detroit Lions,New York Jets,Garrett Wilson,,,WR,player_reception_yds,Full Game,66.5,Over,-114,betrivers|Garrett Wilson|player_reception_yds|66.5,0.53271028,0.4969865,https://api.the-odds-api.com/v4/sports/americanfootball_nfl
2026,3,07f552badfa8a565d1be22123713e4da,2026-09-27T17:00:00Z,BetRivers,betrivers,2026-09-24T19:59:14Z,Detroit Lions,New York Jets,Garrett Wilson,,,WR,player_reception_yds,Full Game,66.5,Under,-117,betrivers|Garrett Wilson|player_reception_yds|66.5,0.53917051,0.5030135,https://api.the-odds-api.com/v4/sports/americanfootball_nfl
2026,3,07f552badfa8a565d1be22123713e4da,2026-09-27T17:00:00Z,BetRivers,betrivers,2026-09-24T19:59:14Z,Detroit Lions,New York Jets,Sam LaPorta,,,WR,player_reception_yds,Full Game,46.5,Over,-114,betrivers|Sam LaPorta|player_reception_yds|46.5,0.53271028,0.4969865,https://api.the-odds-api.com/v4/sports/americanfootball_nfl
2026,3,07f552badfa8a565d1be22123713e4da,2026-09-27T17:00:00Z,BetRivers,betrivers,2026-09-24T19:59:14Z,Detroit Lions,New York Jets,Sam LaPorta,,,WR,player_reception_yds,Full Game,46.5,Under,-117,betrivers|Sam LaPorta|player_reception_yds|46.5,0.53917051,0.5030135,https://api.the-odds-api.com/v4/sports/americanfootball_nfl
2026,3,07f552badfa8a565d1be22123713e4da,2026-09-27T17:00:00Z,BetRivers,betrivers,2026-09-24T19:59:14Z,Detroit Lions,New York Jets,Jahmyr Gibbs,,,WR,player_reception_yds,Full Game,33.5,Over,-117,betrivers|Jahmyr Gibbs|player_reception_yds|33.5,0.53917051,0.5030135,https://api.the-odds-api.com/v4/sports/americanfootball_nfl
2026,3,07f552badfa8a565d1be22123713e4da,2026-09-27T17:00:00Z,BetRivers,betrivers,2026-09-24T19:59:14Z,Detroit Lions,New York Jets,Jahmyr Gibbs,,,WR,player_reception_yds,Full Game,33.5,Under,-114,betrivers|Jahmyr Gibbs|player_reception_yds|33.5,0.53271028,0.4969865,https://api.the-odds-api.com/v4/sports/americanfootball_nfl
2026,3,07f552badfa8a565d1be22123713e4da,2026-09-27T17:00:00Z,BetRivers,betrivers,2026-09-24T19:59:14Z,Detroit Lions,New York Jets,Adonai Mitchell,,,WR,player_reception_yds,Full Game,46.5,Over,-113,betrivers|Adonai Mitchell|player_reception_yds|46.5,0.53051643,0.49497669,https://api.the-odds-api.com/v4/sports/americanfootball_nfl
2026,3,07f552badfa8a565d1be22123713e4da,2026-09-27T17:00:00Z,BetRivers,betrivers,2026-09-24T19:59:14Z,Detroit Lions,New York Jets,Adonai Mitchell,,,WR,player_reception_yds,Full Game,46.5,Under,-118,betrivers|Adonai Mitchell|player_reception_yds|46.5,0.5412844,0.50502331,https://api.the-odds-api.com/v4/sports/americanfootball_nfl
2026,3,07f552badfa8a565d1be22123713e4da,2026-09-27T17:00:00Z,BetRivers,betrivers,2026-09-24T19:59:14Z,Detroit Lions,New York Jets,Jahmyr Gibbs,,,RB,player_rush_yds,Full Game,87.5,Over,-113,betrivers|Jahmyr Gibbs|player_rush_yds|87.5,0.53051643,0.49497669,https://api.the-odds-api.com/v4/sports/americanfootball_nfl
2026,3,07f552badfa8a565d1be22123713e4da,2026-09-27T17:00:00Z,BetRivers,betrivers,2026-09-24T19:59:14Z,Detroit Lions,New York Jets,Jahmyr Gibbs,,,RB,player_rush_yds,Full Game,87.5,Under,-118,betrivers|Jahmyr Gibbs|player_rush_yds|87.5,0.5412844,0.50502331,https://api.the-odds-api.com/v4/sports/americanfootball_nfl
2026,3,07f552badfa8a565d1be22123713e4da,2026-09-27T17:00:00Z,BetRivers,betrivers,2026-09-24T19:59:14Z,Detroit Lions,New York Jets,Breece Hall,,,RB,player_rush_yds,Full Game,57.5,Over,-118,betrivers|Breece Hall|player_rush_yds|57.5,0.5412844,0.50502331,https://api.the-odds-api.com/v4/sports/americanfootball_nfl
2026,3,07f552badfa8a565d1be22123713e4da,2026-09-27T17:00:00Z,BetRivers,betrivers,2026-09-24T19:59:14Z,Detroit Lions,New York Jets,Breece Hall,,,RB,player_rush_yds,Full Game,57.5,Under,-113,betrivers|Breece Hall|player_rush_yds|57.5,0.53051643,0.49497669,https://api.the-odds-api.com/v4/sports/americanfootball_nfl
2026,3,07f552badfa8a565d1be22123713e4da,2026-09-27T17:00:00Z,BetOnline.ag,betonlineag,2026-09-24T19:57:53Z,Detroit Lions,New York Jets,Jahmyr Gibbs,,,WR,player_reception_yds,Full Game,35.5,Over,-114,betonlineag|Jahmyr Gibbs|player_reception_yds|35.5,0.53271028,0.5,https://api.the-odds-api.com/v4/sports/americanfootball_nfl
2026,3,07f552badfa8a565d1be22123713e4da,2026-09-27T17:00:00Z,BetOnline.ag,betonlineag,2026-09-24T19:57:53Z,Detroit Lions,New York Jets,Jahmyr Gibbs,,,WR,player_reception_yds,Full Game,35.5,Under,-114,betonlineag|Jahmyr Gibbs|player_reception_yds|35.5,0.53271028,0.5,https://api.the-odds-api.com/v4/sports/americanfootball_nfl
2026,3,07f552badfa8a565d1be22123713e4da,2026-09-27T17:00:00Z,BetOnline.ag,betonlineag,2026-09-24T19:57:53Z,Detroit Lions,New York Jets,Sam LaPorta,,,WR,player_reception_yds,Full Game,45.5,Over,-114,betonlineag|Sam LaPorta|player_reception_yds|45.5,0.53271028,0.5,https://api.the-odds-api.com/v4/sports/americanfootball_nfl
2026,3,07f552badfa8a565d1be22123713e4da,2026-09-27T17:00:00Z,BetOnline.ag,betonlineag,2026-09-24T19:57:53Z,Detroit Lions,New York Jets,Sam LaPorta,,,WR,player_reception_yds,Full Game,45.5,Under,-114,betonlineag|Sam LaPorta|player_reception_yds|45.5,0.53271028,0.5,https://api.the-odds-api.com/v4/sports/americanfootball_nfl
2026,3,07f552badfa8a565d1be22123713e4da,2026-09-27T17:00:00Z,BetOnline.ag,betonlineag,2026-09-24T19:57:53Z,Detroit Lions,New York Jets,Breece Hall,,,WR,player_reception_yds,Full Game,21.5,Over,-112,betonlineag|Breece Hall|player_reception_yds|21.5,0.52830189,0.49690467,https://api.the-odds-api.com/v4/sports/americanfootball_nfl
2026,3,07f552badfa8a565d1be22123713e4da,2026-09-27T17:00:00Z,BetOnline.ag,betonlineag,2026-09-24T19:57:53Z,Detroit Lions,New York Jets,Breece Hall,,,WR,player_reception_yds,Full Game,21.5,Under,-115,betonlineag|Breece Hall|player_reception_yds|21.5,0.53488372,0.50309533,https://api.the-odds-api.com/v4/sports/americanfootball_nfl
2026,3,07f552badfa8a565d1be22123713e4da,2026-09-27T17:00:00Z,BetOnline.ag,betonlineag,2026-09-24T19:57:53Z,Detroit Lions,New York Jets,Adonai Mitchell,,,WR,player_reception_yds,Full Game,48.5,Over,-114,betonlineag|Adonai Mitchell|player_reception_yds|48.5,0.53271028,0.5,https://api.the-odds-api.com/v4/sports/americanfootball_nfl
2026,3,07f552badfa8a565d1be22123713e4da,2026-09-27T17:00:00Z,BetOnline.ag,betonlineag,2026-09-24T19:57:53Z,Detroit Lions,New York Jets,Adonai Mitchell,,,WR,player_reception_yds,Full Game,48.5,Under,-114,betonlineag|Adonai Mitchell|player_reception_yds|48.5,0.53271028,0.5,https://api.the-odds-api.com/v4/sports/americanfootball_nfl
2026,3,07f552badfa8a565d1be22123713e4da,2026-09-27T17:00:00Z,BetOnline.ag,betonlineag,2026-09-24T19:57:53Z,Detroit Lions,New York Jets,Amon-Ra St. Brown,,,WR,player_reception_yds,Full Game,78.5,Over,-116,betonlineag|Amon-Ra St. Brown|player_reception_yds|78.5,0.53703704,0.50515975,https://api.the-odds-api.com/v4/sports/americanfootball_nfl
2026,3,07f552badfa8a565d1be22123713e4da,2026-09-27T17:00:00Z,BetOnline.ag,betonlineag,2026-09-24T19:57:53Z,Detroit Lions,New York Jets,Amon-Ra St. Brown,,,WR,player_reception_yds,Full Game,78.5,Under,-111,betonlineag|Amon-Ra St. Brown|player_reception_yds|78.5,0.52606635,0.49484025,https://api.the-odds-api.com/v4/sports/americanfootball_nfl
2026,3,07f552badfa8a565d1be22123713e4da,2026-09-27T17:00:00Z,BetOnline.ag,betonlineag,2026-09-24T19:57:53Z,Detroit Lions,New York Jets,Garrett Wilson,,,WR,player_reception_yds,Full Game,67.5,Over,-118,betonlineag|Garrett Wilson|player_reception_yds|67.5,0.5412844,0.50820345,https://api.the-odds-api.com/v4/sports/americanfootball_nfl
2026,3,07f552badfa8a565d1be22123713e4da,2026-09-27T17:00:00Z,BetOnline.ag,betonlineag,2026-09-24T19:57:53Z,Detroit Lions,New York Jets,Garrett Wilson,,,WR,player_reception_yds,Full Game,67.5,Under,-110,betonlineag|Garrett Wilson|player_reception_yds|67.5,0.52380952,0.49179655,https://api.the-odds-api.com/v4/sports/americanfootball_nfl
2026,3,07f552badfa8a565d1be22123713e4da,2026-09-27T17:00:00Z,BetOnline.ag,betonlineag,2026-09-24T19:57:53Z,Detroit Lions,New York Jets,Jameson Williams,,,WR,player_reception_yds,Full Game,53.5,Over,-110,betonlineag|Jameson Williams|player_reception_yds|53.5,0.52380952,0.49179655,https://api.the-odds-api.com/v4/sports/americanfootball_nfl
2026,3,07f552badfa8a565d1be22123713e4da,2026-09-27T17:00:00Z,BetOnline.ag,betonlineag,2026-09-24T19:57:53Z,Detroit Lions,New York Jets,Jameson Williams,,,WR,player_reception_yds,Full Game,53.5,Under,-118,betonlineag|Jameson Williams|player_reception_yds|53.5,0.5412844,0.50820345,https://api.the-odds-api.com/v4/sports/americanfootball_nfl
2026,3,07f552badfa8a565d1be22123713e4da,2026-09-27T17:00:00Z,BetOnline.ag,betonlineag,2026-09-24T19:57:53Z,Detroit Lions,New York Jets,Breece Hall,,,RB,player_rush_yds,Full Game,57.5,Over,-115,betonlineag|Breece Hall|player_rush_yds|57.5,0.53488372,0.50309533,https://api.the-odds-api.com/v4/sports/americanfootball_nfl
2026,3,07f552badfa8a565d1be22123713e4da,2026-09-27T17:00:00Z,BetOnline.ag,betonlineag,2026-09-24T19:57:53Z,Detroit Lions,New York Jets,Breece Hall,,,RB,player_rush_yds,Full Game,57.5,Under,-112,betonlineag|Breece Hall|player_rush_yds|57.5,0.52830189,0.49690467,https://api.the-odds-api.com/v4/sports/americanfootball_nfl
2026,3,07f552badfa8a565d1be22123713e4da,2026-09-27T17:00:00Z,BetOnline.ag,betonlineag,2026-09-24T19:57:53Z,Detroit Lions,New York Jets,Jahmyr Gibbs,,,RB,player_rush_yds,Full Game,90.5,Over,-115,betonlineag|Jahmyr Gibbs|player_rush_yds|90.5,0.53488372,0.50309533,https://api.the-odds-api.com/v4/sports/americanfootball_nfl
2026,3,07f552badfa8a565d1be22123713e4da,2026-09-27T17:00:00Z,BetOnline.ag,betonlineag,2026-09-24T19:57:53Z,Detroit Lions,New York Jets,Jahmyr Gibbs,,,RB,player_rush_yds,Full Game,90.5,Under,-112,betonlineag|Jahmyr Gibbs|player_rush_yds|90.5,0.52830189,0.49690467,https://api.the-odds-api.com/v4/sports/americanfootball_nfl
2026,3,07f552badfa8a565d1be22123713e4da,2026-09-27T17:00:00Z,PrizePicks,prizepicks,2026-09-24T19:58:39Z,Detroit Lions,New York Jets,Amon-Ra St. Brown,,,WR,player_reception_yds,Full Game,78.5,Over,-137,prizepicks|Amon-Ra St. Brown|player_reception_yds|78.5,0.57805907,0.5,https://api.the-odds-api.com/v4/sports/americanfootball_nfl
2026,3,07f552badfa8a565d1be22123713e4da,2026-09-27T17:00:00Z,PrizePicks,prizepicks,2026-09-24T19:58:39Z,Detroit Lions,New York Jets,Amon-Ra St. Brown,,,WR,player_reception_yds,Full Game,78.5,Under,-137,prizepicks|Amon-Ra St. Brown|player_reception_yds|78.5,0.57805907,0.5,https://api.the-odds-api.com/v4/sports/americanfootball_nfl
2026,3,07f552badfa8a565d1be22123713e4da,2026-09-27T17:00:00Z,PrizePicks,prizepicks,2026-09-24T19:58:39Z,Detroit Lions,New York Jets,Garrett Wilson,,,WR,player_reception_yds,Full Game,61.5,Over,-137,prizepicks|Garrett Wilson|player_reception_yds|61.5,0.57805907,0.5,https://api.the-odds-api.com/v4/sports/americanfootball_nfl
2026,3,07f552badfa8a565d1be22123713e4da,2026-09-27T17:00:00Z,PrizePicks,prizepicks,2026-09-24T19:58:39Z,Detroit Lions,New York Jets,Garrett Wilson,,,WR,player_reception_yds,Full Game,61.5,Under,-137,prizepicks|Garrett Wilson|player_reception_yds|61.5,0.57805907,0.5,https://api.the-odds-api.com/v4/sports/americanfootball_nfl
2026,3,07f552badfa8a565d1be22123713e4da,2026-09-27T17:00:00Z,PrizePicks,prizepicks,2026-09-24T19:58:39Z,Detroit Lions,New York Jets,Jameson Williams,,,WR,player_reception_yds,Full Game,53.5,Over,-137,prizepicks|Jameson Williams|player_reception_yds|53.5,0.57805907,0.5,https://api.the-odds-api.com/v4/sports/americanfootball_nfl
2026,3,07f552badfa8a565d1be22123713e4da,2026-09-27T17:00:00Z,PrizePicks,prizepicks,2026-09-24T19:58:39Z,Detroit Lions,New York Jets,Jameson Williams,,,WR,player_reception_yds,Full Game,53.5,Under,-137,prizepicks|Jameson Williams|player_reception_yds|53.5,0.57805907,0.5,https://api.the-odds-api.com/v4/sports/americanfootball_nfl
2026,3,07f552badfa8a565d1be22123713e4da,2026-09-27T17:00:00Z,PrizePicks,prizepicks,2026-09-24T19:58:39Z,Detroit Lions,New York Jets,Adonai Mitchell,,,WR,player_reception_yds,Full Game,48.5,Over,-137,prizepicks|Adonai Mitchell|player_reception_yds|48.5,0.57805907,0.5,https://api.the-odds-api.com/v4/sports/americanfootball_nfl
2026,3,07f552badfa8a565d1be22123713e4da,2026-09-27T17:00:00Z,PrizePicks,prizepicks,2026-09-24T19:58:39Z,Detroit Lions,New York Jets,Adonai Mitchell,,,WR,player_reception_yds,Full Game,48.5,Under,-137,prizepicks|Adonai Mitchell|player_reception_yds|48.5,0.57805907,0.5,https://api.the-odds-api.com/v4/sports/americanfootball_nfl
2026,3,07f552badfa8a565d1be22123713e4da,2026-09-27T17:00:00Z,PrizePicks,prizepicks,2026-09-24T19:58:39Z,Detroit Lions,New York Jets,Sam LaPorta,,,WR,player_reception_yds,Full Game,45.5,Over,-137,prizepicks|Sam LaPorta|player_reception_yds|45.5,0.57805907,0.5,https://api.the-odds-api.com/v4/sports/americanfootball_nfl
2026,3,07f552badfa8a565d1be22123713e4da,2026-09-27T17:00:00Z,PrizePicks,prizepicks,2026-09-24T19:58:39Z,Detroit Lions,New York Jets,Sam LaPorta,,,WR,player_reception_yds,Full Game,45.5,Under,-137,prizepicks|Sam LaPorta|player_reception_yds|45.5,0.57805907,0.5,https://api.the-odds-api.com/v4/sports/americanfootball_nfl
2026,3,07f552badfa8a565d1be22123713e4da,2026-09-27T17:00:00Z,PrizePicks,prizepicks,2026-09-24T19:58:39Z,Detroit Lions,New York Jets,Jahmyr Gibbs,,,WR,player_reception_yds,Full Game,35.5,Over,-137,prizepicks|Jahmyr Gibbs|player_reception_yds|35.5,0.57805907,0.5,https://api.the-odds-api.com/v4/sports/americanfootball_nfl
2026,3,07f552badfa8a565d1be22123713e4da,2026-09-27T17:00:00Z,PrizePicks,prizepicks,2026-09-24T19:58:39Z,Detroit Lions,New York Jets,Jahmyr Gibbs,,,WR,player_reception_yds,Full Game,35.5,Under,-137,prizepicks|Jahmyr Gibbs|player_reception_yds|35.5,0.57805907,0.5,https://api.the-odds-api.com/v4/sports/americanfootball_nfl
2026,3,07f552badfa8a565d1be22123713e4da,2026-09-27T17:00:00Z,PrizePicks,prizepicks,2026-09-24T19:58:39Z,Detroit Lions,New York Jets,Kenyon Sadiq,,,WR,player_reception_yds,Full Game,26.5,Over,-137,prizepicks|Kenyon Sadiq|player_reception_yds|26.5,0.57805907,0.5,https://api.the-odds-api.com/v4/sports/americanfootball_nfl
2026,3,07f552badfa8a565d1be22123713e4da,2026-09-27T17:00:00Z,PrizePicks,prizepicks,2026-09-24T19:58:39Z,Detroit Lions,New York Jets,Kenyon Sadiq,,,WR,player_reception_yds,Full Game,26.5,Under,-137,prizepicks|Kenyon Sadiq|player_reception_yds|26.5,0.57805907,0.5,https://api.the-odds-api.com/v4/sports/americanfootball_nfl
2026,3,07f552badfa8a565d1be22123713e4da,2026-09-27T17:00:00Z,PrizePicks,prizepicks,2026-09-24T19:58:39Z,Detroit Lions,New York Jets,Breece Hall,,,WR,player_reception_yds,Full Game,21.5,Over,-137,prizepicks|Breece Hall|player_reception_yds|21.5,0.57805907,0.5,https://api.the-odds-api.com/v4/sports/americanfootball_nfl
2026,3,07f552badfa8a565d1be22123713e4da,2026-09-27T17:00:00Z,PrizePicks,prizepicks,2026-09-24T19:58:39Z,Detroit Lions,New York Jets,Breece Hall,,,WR,player_reception_yds,Full Game,21.5,Under,-137,prizepicks|Breece Hall|player_reception_yds|21.5,0.57805907,0.5,https://api.the-odds-api.com/v4/sports/americanfootball_nfl
2026,3,07f552badfa8a565d1be22123713e4da,2026-09-27T17:00:00Z,PrizePicks,prizepicks,2026-09-24T19:58:39Z,Detroit Lions,New York Jets,Isaiah Williams,,,WR,player_reception_yds,Full Game,19.5,Over,-137,prizepicks|Isaiah Williams|player_reception_yds|19.5,0.57805907,0.5,https://api.the-odds-api.com/v4/sports/americanfootball_nfl
2026,3,07f552badfa8a565d1be22123713e4da,2026-09-27T17:00:00Z,PrizePicks,prizepicks,2026-09-24T19:58:39Z,Detroit Lions,New York Jets,Isaiah Williams,,,WR,player_reception_yds,Full Game,19.5,Under,-137,prizepicks|Isaiah Williams|player_reception_yds|19.5,0.57805907,0.5,https://api.the-odds-api.com/v4/sports/americanfootball_nfl
2026,3,07f552badfa8a565d1be22123713e4da,2026-09-27T17:00:00Z,PrizePicks,prizepicks,2026-09-24T19:58:39Z,Detroit Lions,New York Jets,Isaac TeSlaa,,,WR,player_reception_yds,Full Game,17.5,Over,-137,prizepicks|Isaac TeSlaa|player_reception_yds|17.5,0.57805907,0.5,https://api.the-odds-api.com/v4/sports/americanfootball_nfl
2026,3,07f552badfa8a565d1be22123713e4da,2026-09-27T17:00:00Z,PrizePicks,prizepicks,2026-09-24T19:58:39Z,Detroit Lions,New York Jets,Isaac TeSlaa,,,WR,player_reception_yds,Full Game,17.5,Under,-137,prizepicks|Isaac TeSlaa|player_reception_yds|17.5,0.57805907,0.5,https://api.the-odds-api.com/v4/sports/americanfootball_nfl
2026,3,07f552badfa8a565d1be22123713e4da,2026-09-27T17:00:00Z,PrizePicks,prizepicks,2026-09-24T19:58:39Z,Detroit Lions,New York Jets,Jeremy Ruckert,,,WR,player_reception_yds,Full Game,7.5,Over,-137,prizepicks|Jeremy Ruckert|player_reception_yds|7.5,0.57805907,0.5,https://api.the-odds-api.com/v4/sports/americanfootball_nfl
2026,3,07f552badfa8a565d1be22123713e4da,2026-09-27T17:00:00Z,PrizePicks,prizepicks,2026-09-24T19:58:39Z,Detroit Lions,New York Jets,Jeremy Ruckert,,,WR,player_reception_yds,Full Game,7.5,Under,-137,prizepicks|Jeremy Ruckert|player_reception_yds|7.5,0.57805907,0.5,https://api.the-odds-api.com/v4/sports/americanfootball_nfl
2026,3,07f552badfa8a565d1be22123713e4da,2026-09-27T17:00:00Z,PrizePicks,prizepicks,2026-09-24T19:58:39Z,Detroit Lions,New York Jets,Sione Vaki,,,WR,player_reception_yds,Full Game,3.5,Over,-137,prizepicks|Sione Vaki|player_reception_yds|3.5,0.57805907,0.5,https://api.the-odds-api.com/v4/sports/americanfootball_nfl
2026,3,07f552badfa8a565d1be22123713e4da,2026-09-27T17:00:00Z,PrizePicks,prizepicks,2026-09-24T19:58:39Z,Detroit Lions,New York Jets,Sione Vaki,,,WR,player_reception_yds,Full Game,3.5,Under,-137,prizepicks|Sione Vaki|player_reception_yds|3.5,0.57805907,0.5,https://api.the-odds-api.com/v4/sports/americanfootball_nfl
2026,3,07f552badfa8a565d1be22123713e4da,2026-09-27T17:00:00Z,PrizePicks,prizepicks,2026-09-24T19:58:39Z,Detroit Lions,New York Jets,Braelon Allen,,,WR,player_reception_yds,Full Game,2.5,Over,-137,prizepicks|Braelon Allen|player_reception_yds|2.5,0.57805907,0.5,https://api.the-odds-api.com/v4/sports/americanfootball_nfl
2026,3,07f552badfa8a565d1be22123713e4da,2026-09-27T17:00:00Z,PrizePicks,prizepicks,2026-09-24T19:58:39Z,Detroit Lions,New York Jets,Braelon Allen,,,WR,player_reception_yds,Full Game,2.5,Under,-137,prizepicks|Braelon Allen|player_reception_yds|2.5,0.57805907,0.5,https://api.the-odds-api.com/v4/sports/americanfootball_nfl
2026,3,07f552badfa8a565d1be22123713e4da,2026-09-27T17:00:00Z,PrizePicks,prizepicks,2026-09-24T19:58:39Z,Detroit Lions,New York Jets,Jahmyr Gibbs,,,RB,player_rush_yds,Full Game,87.5,Over,-137,prizepicks|Jahmyr Gibbs|player_rush_yds|87.5,0.57805907,0.5,https://api.the-odds-api.com/v4/sports/americanfootball_nfl
2026,3,07f552badfa8a565d1be22123713e4da,2026-09-27T17:00:00Z,PrizePicks,prizepicks,2026-09-24T19:58:39Z,Detroit Lions,New York Jets,Jahmyr Gibbs,,,RB,player_rush_yds,Full Game,87.5,Under,-137,prizepicks|Jahmyr Gibbs|player_rush_yds|87.5,0.57805907,0.5,https://api.the-odds-api.com/v4/sports/americanfootball_nfl
2026,3,07f552badfa8a565d1be22123713e4da,2026-09-27T17:00:00Z,PrizePicks,prizepicks,2026-09-24T19:58:39Z,Detroit Lions,New York Jets,Breece Hall,,,RB,player_rush_yds,Full Game,57.5,Over,-137,prizepicks|Breece Hall|player_rush_yds|57.5,0.57805907,0.5,https://api.the-odds-api.com/v4/sports/americanfootball_nfl
2026,3,07f552badfa8a565d1be22123713e4da,2026-09-27T17:00:00Z,PrizePicks,prizepicks,2026-09-24T19:58:39Z,Detroit Lions,New York Jets,Breece Hall,,,RB,player_rush_yds,Full Game,57.5,Under,-137,prizepicks|Breece Hall|player_rush_yds|57.5,0.57805907,0.5,https://api.the-odds-api.com/v4/sports/americanfootball_nfl
2026,3,07f552badfa8a565d1be22123713e4da,2026-09-27T17:00:00Z,PrizePicks,prizepicks,2026-09-24T19:58:39Z,Detroit Lions,New York Jets,Braelon Allen,,,RB,player_rush_yds,Full Game,16.5,Over,-137,prizepicks|Braelon Allen|player_rush_yds|16.5,0.57805907,0.5,https://api.the-odds-api.com/v4/sports/americanfootball_nfl
2026,3,07f552badfa8a565d1be22123713e4da,2026-09-27T17:00:00Z,PrizePicks,prizepicks,2026-09-24T19:58:39Z,Detroit Lions,New York Jets,Braelon Allen,,,RB,player_rush_yds,Full Game,16.5,Under,-137,prizepicks|Braelon Allen|player_rush_yds|16.5,0.57805907,0.5,https://api.the-odds-api.com/v4/sports/americanfootball_nfl
2026,3,07f552badfa8a565d1be22123713e4da,2026-09-27T17:00:00Z,PrizePicks,prizepicks,2026-09-24T19:58:39Z,Detroit Lions,New York Jets,Geno Smith,,,RB,player_rush_yds,Full Game,11.5,Over,-137,prizepicks|Geno Smith|player_rush_yds|11.5,0.57805907,0.5,https://api.the-odds-api.com/v4/sports/americanfootball_nfl
2026,3,07f552badfa8a565d1be22123713e4da,2026-09-27T17:00:00Z,PrizePicks,prizepicks,2026-09-24T19:58:39Z,Detroit Lions,New York Jets,Geno Smith,,,RB,player_rush_yds,Full Game,11.5,Under,-137,prizepicks|Geno Smith|player_rush_yds|11.5,0.57805907,0.5,https://api.the-odds-api.com/v4/sports/americanfootball_nfl
2026,3,07f552badfa8a565d1be22123713e4da,2026-09-27T17:00:00Z,BetMGM,betmgm,2026-09-24T19:58:20Z,Detroit Lions,New York Jets,Jahmyr Gibbs,,,WR,player_reception_yds,Full Game,38.5,Over,-115,betmgm|Jahmyr Gibbs|player_reception_yds|38.5,0.53488372,0.5,https://api.the-odds-api.com/v4/sports/americanfootball_nfl
2026,3,07f552badfa8a565d1be22123713e4da,2026-09-27T17:00:00Z,BetMGM,betmgm,2026-09-24T19:58:20Z,Detroit Lions,New York Jets,Jahmyr Gibbs,,,WR,player_reception_yds,Full Game,38.5,Under,-115,betmgm|Jahmyr Gibbs|player_reception_yds|38.5,0.53488372,0.5,https://api.the-odds-api.com/v4/sports/americanfootball_nfl
2026,3,07f552badfa8a565d1be22123713e4da,2026-09-27T17:00:00Z,BetMGM,betmgm,2026-09-24T19:58:20Z,Detroit Lions,New York Jets,Sam LaPorta,,,WR,player_reception_yds,Full Game,46.5,Over,-115,betmgm|Sam LaPorta|player_reception_yds|46.5,0.53488372,0.5,https://api.the-odds-api.com/v4/sports/americanfootball_nfl
2026,3,07f552badfa8a565d1be22123713e4da,2026-09-27T17:00:00Z,BetMGM,betmgm,2026-09-24T19:58:20Z,Detroit Lions,New York Jets,Sam LaPorta,,,WR,player_reception_yds,Full Game,46.5,Under,-115,betmgm|Sam LaPorta|player_reception_yds|46.5,0.53488372,0.5,https://api.the-odds-api.com/v4/sports/americanfootball_nfl
2026,3,07f552badfa8a565d1be22123713e4da,2026-09-27T17:00:00Z,BetMGM,betmgm,2026-09-24T19:58:20Z,Detroit Lions,New York Jets,Amon-Ra St. Brown,,,WR,player_reception_yds,Full Game,80.5,Over,-115,betmgm|Amon-Ra St. Brown|player_reception_yds|80.5,0.53488372,0.5,https://api.the-odds-api.com/v4/sports/americanfootball_nfl
2026,3,07f552badfa8a565d1be22123713e4da,2026-09-27T17:00:00Z,BetMGM,betmgm,2026-09-24T19:58:20Z,Detroit Lions,New York Jets,Amon-Ra St. Brown,,,WR,player_reception_yds,Full Game,80.5,Under,-115,betmgm|Amon-Ra St. Brown|player_reception_yds|80.5,0.53488372,0.5,https://api.the-odds-api.com/v4/sports/americanfootball_nfl
2026,3,07f552badfa8a565d1be22123713e4da,2026-09-27T17:00:00Z,BetMGM,betmgm,2026-09-24T19:58:20Z,Detroit Lions,New York Jets,Jameson Williams,,,WR,player_reception_yds,Full Game,54.5,Over,-115,betmgm|Jameson Williams|player_reception_yds|54.5,0.53488372,0.5,https://api.the-odds-api.com/v4/sports/americanfootball_nfl
2026,3,07f552badfa8a565d1be22123713e4da,2026-09-27T17:00:00Z,BetMGM,betmgm,2026-09-24T19:58:20Z,Detroit Lions,New York Jets,Jameson Williams,,,WR,player_reception_yds,Full Game,54.5,Under,-115,betmgm|Jameson Williams|player_reception_yds|54.5,0.53488372,0.5,https://api.the-odds-api.com/v4/sports/americanfootball_nfl
2026,3,07f552badfa8a565d1be22123713e4da,2026-09-27T17:00:00Z,BetMGM,betmgm,2026-09-24T19:58:20Z,Detroit Lions,New York Jets,Breece Hall,,,WR,player_reception_yds,Full Game,20.5,Over,-115,betmgm|Breece Hall|player_reception_yds|20.5,0.53488372,0.5,https://api.the-odds-api.com/v4/sports/americanfootball_nfl
2026,3,07f552badfa8a565d1be22123713e4da,2026-09-27T17:00:00Z,BetMGM,betmgm,2026-09-24T19:58:20Z,Detroit Lions,New York Jets,Breece Hall,,,WR,player_reception_yds,Full Game,20.5,Under,-115,betmgm|Breece Hall|player_reception_yds|20.5,0.53488372,0.5,https://api.the-odds-api.com/v4/sports/americanfootball_nfl
2026,3,07f552badfa8a565d1be22123713e4da,2026-09-27T17:00:00Z,BetMGM,betmgm,2026-09-24T19:58:20Z,Detroit Lions,New York Jets,Garrett Wilson,,,WR,player_reception_yds,Full Game,63.5,Over,-115,betmgm|Garrett Wilson|player_reception_yds|63.5,0.53488372,0.5,https://api.the-odds-api.com/v4/sports/americanfootball_nfl
2026,3,07f552badfa8a565d1be22123713e4da,2026-09-27T17:00:00Z,BetMGM,betmgm,2026-09-24T19:58:20Z,Detroit Lions,New York Jets,Garrett Wilson,,,WR,player_reception_yds,Full Game,63.5,Under,-115,betmgm|Garrett Wilson|player_reception_yds|63.5,0.53488372,0.5,https://api.the-odds-api.com/v4/sports/americanfootball_nfl
2026,3,07f552badfa8a565d1be22123713e4da,2026-09-27T17:00:00Z,BetMGM,betmgm,2026-09-24T19:58:20Z,Detroit Lions,New York Jets,Adonai Mitchell,,,WR,player_reception_yds,Full Game,45.5,Over,-115,betmgm|Adonai Mitchell|player_reception_yds|45.5,0.53488372,0.5,https://api.the-odds-api.com/v4/sports/americanfootball_nfl
2026,3,07f552badfa8a565d1be22123713e4da,2026-09-27T17:00:00Z,BetMGM,betmgm,2026-09-24T19:58:20Z,Detroit Lions,New York Jets,Adonai Mitchell,,,WR,player_reception_yds,Full Game,45.5,Under,-115,betmgm|Adonai Mitchell|player_reception_yds|45.5,0.53488372,0.5,https://api.the-odds-api.com/v4/sports/americanfootball_nfl
2026,3,07f552badfa8a565d1be22123713e4da,2026-09-27T17:00:00Z,BetMGM,betmgm,2026-09-24T19:58:20Z,Detroit Lions,New York Jets,Jahmyr Gibbs,,,RB,player_rush_yds,Full Game,87.5,Over,-115,betmgm|Jahmyr Gibbs|player_rush_yds|87.5,0.53488372,0.5,https://api.the-odds-api.com/v4/sports/americanfootball_nfl
2026,3,07f552badfa8a565d1be22123713e4da,2026-09-27T17:00:00Z,BetMGM,betmgm,2026-09-24T19:58:20Z,Detroit Lions,New York Jets,Jahmyr Gibbs,,,RB,player_rush_yds,Full Game,87.5,Under,-115,betmgm|Jahmyr Gibbs|player_rush_yds|87.5,0.53488372,0.5,https://api.the-odds-api.com/v4/sports/americanfootball_nfl
2026,3,07f552badfa8a565d1be22123713e4da,2026-09-27T17:00:00Z,BetMGM,betmgm,2026-09-24T19:58:20Z,Detroit Lions,New York Jets,Breece Hall,,,RB,player_rush_yds,Full Game,53.5,Over,-120,betmgm|Breece Hall|player_rush_yds|53.5,0.54545455,0.50904705,https://api.the-odds-api.com/v4/sports/americanfootball_nfl
2026,3,07f552badfa8a565d1be22123713e4da,2026-09-27T17:00:00Z,BetMGM,betmgm,2026-09-24T19:58:20Z,Detroit Lions,New York Jets,Breece Hall,,,RB,player_rush_yds,Full Game,53.5,Under,-111,betmgm|Breece Hall|player_rush_yds|53.5,0.52606635,0.49095295,https://api.the-odds-api.com/v4/sports/americanfootball_nfl
2026,3,07f552badfa8a565d1be22123713e4da,2026-09-27T17:00:00Z,Underdog,underdog,2026-09-24T19:58:39Z,Detroit Lions,New York Jets,Jahmyr Gibbs,,,WR,player_reception_yds,Full Game,35.5,Over,-137,underdog|Jahmyr Gibbs|player_reception_yds|35.5,0.57805907,0.5,https://api.the-odds-api.com/v4/sports/americanfootball_nfl
2026,3,07f552badfa8a565d1be22123713e4da,2026-09-27T17:00:00Z,Underdog,underdog,2026-09-24T19:58:39Z,Detroit Lions,New York Jets,Jahmyr Gibbs,,,WR,player_reception_yds,Full Game,35.5,Under,-137,underdog|Jahmyr Gibbs|player_reception_yds|35.5,0.57805907,0.5,https://api.the-odds-api.com/v4/sports/americanfootball_nfl
2026,3,07f552badfa8a565d1be22123713e4da,2026-09-27T17:00:00Z,Underdog,underdog,2026-09-24T19:58:39Z,Detroit Lions,New York Jets,Breece Hall,,,WR,player_reception_yds,Full Game,21.5,Over,-137,underdog|Breece Hall|player_reception_yds|21.5,0.57805907,0.5,https://api.the-odds-api.com/v4/sports/americanfootball_nfl
2026,3,07f552badfa8a565d1be22123713e4da,2026-09-27T17:00:00Z,Underdog,underdog,2026-09-24T19:58:39Z,Detroit Lions,New York Jets,Breece Hall,,,WR,player_reception_yds,Full Game,21.5,Under,-137,underdog|Breece Hall|player_reception_yds|21.5,0.57805907,0.5,https://api.the-odds-api.com/v4/sports/americanfootball_nfl
2026,3,07f552badfa8a565d1be22123713e4da,2026-09-27T17:00:00Z,Underdog,underdog,2026-09-24T19:58:39Z,Detroit Lions,New York Jets,Amon-Ra St. Brown,,,WR,player_reception_yds,Full Game,75.5,Over,-137,underdog|Amon-Ra St. Brown|player_reception_yds|75.5,0.57805907,0.5,https://api.the-odds-api.com/v4/sports/americanfootball_nfl
2026,3,07f552badfa8a565d1be22123713e4da,2026-09-27T17:00:00Z,Underdog,underdog,2026-09-24T19:58:39Z,Detroit Lions,New York Jets,Amon-Ra St. Brown,,,WR,player_reception_yds,Full Game,75.5,Under,-137,underdog|Amon-Ra St. Brown|player_reception_yds|75.5,0.57805907,0.5,https://api.the-odds-api.com/v4/sports/americanfootball_nfl
2026,3,07f552badfa8a565d1be22123713e4da,2026-09-27T17:00:00Z,Underdog,underdog,2026-09-24T19:58:39Z,Detroit Lions,New York Jets,Jameson Williams,,,WR,player_reception_yds,Full Game,54.5,Over,-137,underdog|Jameson Williams|player_reception_yds|54.5,0.57805907,0.5,https://api.the-odds-api.com/v4/sports/americanfootball_nfl
2026,3,07f552badfa8a565d1be22123713e4da,2026-09-27T17:00:00Z,Underdog,underdog,2026-09-24T19:58:39Z,Detroit Lions,New York Jets,Jameson Williams,,,WR,player_reception_yds,Full Game,54.5,Under,-137,underdog|Jameson Williams|player_reception_yds|54.5,0.57805907,0.5,https://api.the-odds-api.com/v4/sports/americanfootball_nfl
2026,3,07f552badfa8a565d1be22123713e4da,2026-09-27T17:00:00Z,Underdog,underdog,2026-09-24T19:58:39Z,Detroit Lions,New York Jets,Sam LaPorta,,,WR,player_reception_yds,Full Game,45.5,Over,-137,underdog|Sam LaPorta|player_reception_yds|45.5,0.57805907,0.5,https://api.the-odds-api.com/v4/sports/americanfootball_nfl
2026,3,07f552badfa8a565d1be22123713e4da,2026-09-27T17:00:00Z,Underdog,underdog,2026-09-24T19:58:39Z,Detroit Lions,New York Jets,Sam LaPorta,,,WR,player_reception_yds,Full Game,45.5,Under,-137,underdog|Sam LaPorta|player_reception_yds|45.5,0.57805907,0.5,https://api.the-odds-api.com/v4/sports/americanfootball_nfl
2026,3,07f552badfa8a565d1be22123713e4da,2026-09-27T17:00:00Z,Underdog,underdog,2026-09-24T19:58:39Z,Detroit Lions,New York Jets,Braelon Allen,,,WR,player_reception_yds,Full Game,2.5,Over,-137,underdog|Braelon Allen|player_reception_yds|2.5,0.57805907,0.5,https://api.the-odds-api.com/v4/sports/americanfootball_nfl
2026,3,07f552badfa8a565d1be22123713e4da,2026-09-27T17:00:00Z,Underdog,underdog,2026-09-24T19:58:39Z,Detroit Lions,New York Jets,Braelon Allen,,,WR,player_reception_yds,Full Game,2.5,Under,-137,underdog|Braelon Allen|player_reception_yds|2.5,0.57805907,0.5,https://api.the-odds-api.com/v4/sports/americanfootball_nfl
2026,3,07f552badfa8a565d1be22123713e4da,2026-09-27T17:00:00Z,Underdog,underdog,2026-09-24T19:58:39Z,Detroit Lions,New York Jets,Adonai Mitchell,,,WR,player_reception_yds,Full Game,47.5,Over,-137,underdog|Adonai Mitchell|player_reception_yds|47.5,0.57805907,0.5,https://api.the-odds-api.com/v4/sports/americanfootball_nfl
2026,3,07f552badfa8a565d1be22123713e4da,2026-09-27T17:00:00Z,Underdog,underdog,2026-09-24T19:58:39Z,Detroit Lions,New York Jets,Adonai Mitchell,,,WR,player_reception_yds,Full Game,47.5,Under,-137,underdog|Adonai Mitchell|player_reception_yds|47.5,0.57805907,0.5,https://api.the-odds-api.com/v4/sports/americanfootball_nfl
2026,3,07f552badfa8a565d1be22123713e4da,2026-09-27T17:00:00Z,Underdog,underdog,2026-09-24T19:58:39Z,Detroit Lions,New York Jets,Isaac TeSlaa,,,WR,player_reception_yds,Full Game,17.5,Over,-137,underdog|Isaac TeSlaa|player_reception_yds|17.5,0.57805907,0.5,https://api.the-odds-api.com/v4/sports/americanfootball_nfl
2026,3,07f552badfa8a565d1be22123713e4da,2026-09-27T17:00:00Z,Underdog,underdog,2026-09-24T19:58:39Z,Detroit Lions,New York Jets,Isaac TeSlaa,,,WR,player_reception_yds,Full Game,17.5,Under,-137,underdog|Isaac TeSlaa|player_reception_yds|17.5,0.57805907,0.5,https://api.the-odds-api.com/v4/sports/americanfootball_nfl
2026,3,07f552badfa8a565d1be22123713e4da,2026-09-27T17:00:00Z,Underdog,underdog,2026-09-24T19:58:39Z,Detroit Lions,New York Jets,Jeremy Ruckert,,,WR,player_reception_yds,Full Game,7.5,Over,-137,underdog|Jeremy Ruckert|player_reception_yds|7.5,0.57805907,0.5,https://api.the-odds-api.com/v4/sports/americanfootball_nfl
2026,3,07f552badfa8a565d1be22123713e4da,2026-09-27T17:00:00Z,Underdog,underdog,2026-09-24T19:58:39Z,Detroit Lions,New York Jets,Jeremy Ruckert,,,WR,player_reception_yds,Full Game,7.5,Under,-137,underdog|Jeremy Ruckert|player_reception_yds|7.5,0.57805907,0.5,https://api.the-odds-api.com/v4/sports/americanfootball_nfl
2026,3,07f552badfa8a565d1be22123713e4da,2026-09-27T17:00:00Z,Underdog,underdog,2026-09-24T19:58:39Z,Detroit Lions,New York Jets,Kenyon Sadiq,,,WR,player_reception_yds,Full Game,26.5,Over,-137,underdog|Kenyon Sadiq|player_reception_yds|26.5,0.57805907,0.5,https://api.the-odds-api.com/v4/sports/americanfootball_nfl
2026,3,07f552badfa8a565d1be22123713e4da,2026-09-27T17:00:00Z,Underdog,underdog,2026-09-24T19:58:39Z,Detroit Lions,New York Jets,Kenyon Sadiq,,,WR,player_reception_yds,Full Game,26.5,Under,-137,underdog|Kenyon Sadiq|player_reception_yds|26.5,0.57805907,0.5,https://api.the-odds-api.com/v4/sports/americanfootball_nfl
2026,3,07f552badfa8a565d1be22123713e4da,2026-09-27T17:00:00Z,Underdog,underdog,2026-09-24T19:58:39Z,Detroit Lions,New York Jets,Sione Vaki,,,WR,player_reception_yds,Full Game,3.5,Over,-137,underdog|Sione Vaki|player_reception_yds|3.5,0.57805907,0.5,https://api.the-odds-api.com/v4/sports/americanfootball_nfl
2026,3,07f552badfa8a565d1be22123713e4da,2026-09-27T17:00:00Z,Underdog,underdog,2026-09-24T19:58:39Z,Detroit Lions,New York Jets,Sione Vaki,,,WR,player_reception_yds,Full Game,3.5,Under,-137,underdog|Sione Vaki|player_reception_yds|3.5,0.57805907,0.5,https://api.the-odds-api.com/v4/sports/americanfootball_nfl
2026,3,07f552badfa8a565d1be22123713e4da,2026-09-27T17:00:00Z,Underdog,underdog,2026-09-24T19:58:39Z,Detroit Lions,New York Jets,Isaiah Williams,,,WR,player_reception_yds,Full Game,19.5,Over,-137,underdog|Isaiah Williams|player_reception_yds|19.5,0.57805907,0.5,https://api.the-odds-api.com/v4/sports/americanfootball_nfl
2026,3,07f552badfa8a565d1be22123713e4da,2026-09-27T17:00:00Z,Underdog,underdog,2026-09-24T19:58:39Z,Detroit Lions,New York Jets,Isaiah Williams,,,WR,player_reception_yds,Full Game,19.5,Under,-137,underdog|Isaiah Williams|player_reception_yds|19.5,0.57805907,0.5,https://api.the-odds-api.com/v4/sports/americanfootball_nfl
2026,3,07f552badfa8a565d1be22123713e4da,2026-09-27T17:00:00Z,Underdog,underdog,2026-09-24T19:58:39Z,Detroit Lions,New York Jets,Geno Smith,,,RB,player_rush_yds,Full Game,12.5,Over,-137,underdog|Geno Smith|player_rush_yds|12.5,0.57805907,0.5,https://api.the-odds-api.com/v4/sports/americanfootball_nfl
2026,3,07f552badfa8a565d1be22123713e4da,2026-09-27T17:00:00Z,Underdog,underdog,2026-09-24T19:58:39Z,Detroit Lions,New York Jets,Geno Smith,,,RB,player_rush_yds,Full Game,12.5,Under,-137,underdog|Geno Smith|player_rush_yds|12.5,0.57805907,0.5,https://api.the-odds-api.com/v4/sports/americanfootball_nfl
2026,3,07f552badfa8a565d1be22123713e4da,2026-09-27T17:00:00Z,Underdog,underdog,2026-09-24T19:58:39Z,Detroit Lions,New York Jets,Jahmyr Gibbs,,,RB,player_rush_yds,Full Game,87.5,Over,-137,underdog|Jahmyr Gibbs|player_rush_yds|87.5,0.57805907,0.5,https://api.the-odds-api.com/v4/sports/americanfootball_nfl
2026,3,07f552badfa8a565d1be22123713e4da,2026-09-27T17:00:00Z,Underdog,underdog,2026-09-24T19:58:39Z,Detroit Lions,New York Jets,Jahmyr Gibbs,,,RB,player_rush_yds,Full Game,87.5,Under,-137,underdog|Jahmyr Gibbs|player_rush_yds|87.5,0.57805907,0.5,https://api.the-odds-api.com/v4/sports/americanfootball_nfl
2026,3,07f552badfa8a565d1be22123713e4da,2026-09-27T17:00:00Z,Underdog,underdog,2026-09-24T19:58:39Z,Detroit Lions,New York Jets,Braelon Allen,,,RB,player_rush_yds,Full Game,16.5,Over,-137,underdog|Braelon Allen|player_rush_yds|16.5,0.57805907,0.5,https://api.the-odds-api.com/v4/sports/americanfootball_nfl
2026,3,07f552badfa8a565d1be22123713e4da,2026-09-27T17:00:00Z,Underdog,underdog,2026-09-24T19:58:39Z,Detroit Lions,New York Jets,Braelon Allen,,,RB,player_rush_yds,Full Game,16.5,Under,-137,underdog|Braelon Allen|player_rush_yds|16.5,0.57805907,0.5,https://api.the-odds-api.com/v4/sports/americanfootball_nfl
2026,3,07f552badfa8a565d1be22123713e4da,2026-09-27T17:00:00Z,Underdog,underdog,2026-09-24T19:58:39Z,Detroit Lions,New York Jets,Sione Vaki,,,RB,player_rush_yds,Full Game,14.5,Over,-137,underdog|Sione Vaki|player_rush_yds|14.5,0.57805907,0.5,https://api.the-odds-api.com/v4/sports/americanfootball_nfl
2026,3,07f552badfa8a565d1be22123713e4da,2026-09-27T17:00:00Z,Underdog,underdog,2026-09-24T19:58:39Z,Detroit Lions,New York Jets,Sione Vaki,,,RB,player_rush_yds,Full Game,14.5,Under,-137,underdog|Sione Vaki|player_rush_yds|14.5,0.57805907,0.5,https://api.the-odds-api.com/v4/sports/americanfootball_nfl
2026,3,07f552badfa8a565d1be22123713e4da,2026-09-27T17:00:00Z,Bovada,bovada,2026-09-24T19:57:45Z,Detroit Lions,New York Jets,Adonai Mitchell,,,WR,player_reception_yds,Full Game,48.5,Over,-115,bovada|Adonai Mitchell|player_reception_yds|48.5,0.53488372,0.5,https://api.the-odds-api.com/v4/sports/americanfootball_nfl
2026,3,07f552badfa8a565d1be22123713e4da,2026-09-27T17:00:00Z,Bovada,bovada,2026-09-24T19:57:45Z,Detroit Lions,New York Jets,Adonai Mitchell,,,WR,player_reception_yds,Full Game,48.5,Under,-115,bovada|Adonai Mitchell|player_reception_yds|48.5,0.53488372,0.5,https://api.the-odds-api.com/v4/sports/americanfootball_nfl
2026,3,07f552badfa8a565d1be22123713e4da,2026-09-27T17:00:00Z,Bovada,bovada,2026-09-24T19:57:45Z,Detroit Lions,New York Jets,Amon-Ra St. Brown,,,WR,player_reception_yds,Full Game,78.5,Over,-115,bovada|Amon-Ra St. Brown|player_reception_yds|78.5,0.53488372,0.5,https://api.the-odds-api.com/v4/sports/americanfootball_nfl
2026,3,07f552badfa8a565d1be22123713e4da,2026-09-27T17:00:00Z,Bovada,bovada,2026-09-24T19:57:45Z,Detroit Lions,New York Jets,Amon-Ra St. Brown,,,WR,player_reception_yds,Full Game,78.5,Under,-115,bovada|Amon-Ra St. Brown|player_reception_yds|78.5,0.53488372,0.5,https://api.the-odds-api.com/v4/sports/americanfootball_nfl
2026,3,07f552badfa8a565d1be22123713e4da,2026-09-27T17:00:00Z,Bovada,bovada,2026-09-24T19:57:45Z,Detroit Lions,New York Jets,Breece Hall,,,WR,player_reception_yds,Full Game,21.5,Over,-115,bovada|Breece Hall|player_reception_yds|21.5,0.53488372,0.5,https://api.the-odds-api.com/v4/sports/americanfootball_nfl
2026,3,07f552badfa8a565d1be22123713e4da,2026-09-27T17:00:00Z,Bovada,bovada,2026-09-24T19:57:45Z,Detroit Lions,New York Jets,Breece Hall,,,WR,player_reception_yds,Full Game,21.5,Under,-115,bovada|Breece Hall|player_reception_yds|21.5,0.53488372,0.5,https://api.the-odds-api.com/v4/sports/americanfootball_nfl
2026,3,07f552badfa8a565d1be22123713e4da,2026-09-27T17:00:00Z,Bovada,bovada,2026-09-24T19:57:45Z,Detroit Lions,New York Jets,Garrett Wilson,,,WR,player_reception_yds,Full Game,66.5,Over,-115,bovada|Garrett Wilson|player_reception_yds|66.5,0.53488372,0.5,https://api.the-odds-api.com/v4/sports/americanfootball_nfl
2026,3,07f552badfa8a565d1be22123713e4da,2026-09-27T17:00:00Z,Bovada,bovada,2026-09-24T19:57:45Z,Detroit Lions,New York Jets,Garrett Wilson,,,WR,player_reception_yds,Full Game,66.5,Under,-115,bovada|Garrett Wilson|player_reception_yds|66.5,0.53488372,0.5,https://api.the-odds-api.com/v4/sports/americanfootball_nfl
2026,3,07f552badfa8a565d1be22123713e4da,2026-09-27T17:00:00Z,Bovada,bovada,2026-09-24T19:57:45Z,Detroit Lions,New York Jets,Jahmyr Gibbs,,,WR,player_reception_yds,Full Game,34.5,Over,-115,bovada|Jahmyr Gibbs|player_reception_yds|34.5,0.53488372,0.5,https://api.the-odds-api.com/v4/sports/americanfootball_nfl
2026,3,07f552badfa8a565d1be22123713e4da,2026-09-27T17:00:00Z,Bovada,bovada,2026-09-24T19:57:45Z,Detroit Lions,New York Jets,Jahmyr Gibbs,,,WR,player_reception_yds,Full Game,34.5,Under,-115,bovada|Jahmyr Gibbs|player_reception_yds|34.5,0.53488372,0.5,https://api.the-odds-api.com/v4/sports/americanfootball_nfl
2026,3,07f552badfa8a565d1be22123713e4da,2026-09-27T17:00:00Z,Bovada,bovada,2026-09-24T19:57:45Z,Detroit Lions,New York Jets,Jameson Williams,,,WR,player_reception_yds,Full Game,51.5,Over,-110,bovada|Jameson Williams|player_reception_yds|51.5,0.52380952,0.48987854,https://api.the-odds-api.com/v4/sports/americanfootball_nfl
2026,3,07f552badfa8a565d1be22123713e4da,2026-09-27T17:00:00Z,Bovada,bovada,2026-09-24T19:57:45Z,Detroit Lions,New York Jets,Jameson Williams,,,WR,player_reception_yds,Full Game,51.5,Under,-120,bovada|Jameson Williams|player_reception_yds|51.5,0.54545455,0.51012146,https://api.the-odds-api.com/v4/sports/americanfootball_nfl
2026,3,07f552badfa8a565d1be22123713e4da,2026-09-27T17:00:00Z,Bovada,bovada,2026-09-24T19:57:45Z,Detroit Lions,New York Jets,Sam LaPorta,,,WR,player_reception_yds,Full Game,45.5,Over,-115,bovada|Sam LaPorta|player_reception_yds|45.5,0.53488372,0.5,https://api.the-odds-api.com/v4/sports/americanfootball_nfl
2026,3,07f552badfa8a565d1be22123713e4da,2026-09-27T17:00:00Z,Bovada,bovada,2026-09-24T19:57:45Z,Detroit Lions,New York Jets,Sam LaPorta,,,WR,player_reception_yds,Full Game,45.5,Under,-115,bovada|Sam LaPorta|player_reception_yds|45.5,0.53488372,0.5,https://api.the-odds-api.com/v4/sports/americanfootball_nfl
2026,3,07f552badfa8a565d1be22123713e4da,2026-09-27T17:00:00Z,Bovada,bovada,2026-09-24T19:57:45Z,Detroit Lions,New York Jets,Breece Hall,,,RB,player_rush_yds,Full Game,57.5,Over,-115,bovada|Breece Hall|player_rush_yds|57.5,0.53488372,0.5,https://api.the-odds-api.com/v4/sports/americanfootball_nfl
2026,3,07f552badfa8a565d1be22123713e4da,2026-09-27T17:00:00Z,Bovada,bovada,2026-09-24T19:57:45Z,Detroit Lions,New York Jets,Breece Hall,,,RB,player_rush_yds,Full Game,57.5,Under,-115,bovada|Breece Hall|player_rush_yds|57.5,0.53488372,0.5,https://api.the-odds-api.com/v4/sports/americanfootball_nfl
2026,3,07f552badfa8a565d1be22123713e4da,2026-09-27T17:00:00Z,Bovada,bovada,2026-09-24T19:57:45Z,Detroit Lions,New York Jets,Jahmyr Gibbs,,,RB,player_rush_yds,Full Game,88.5,Over,-125,bovada|Jahmyr Gibbs|player_rush_yds|88.5,0.55555556,0.52030457,https://api.the-odds-api.com/v4/sports/americanfootball_nfl
2026,3,07f552badfa8a565d1be22123713e4da,2026-09-27T17:00:00Z,Bovada,bovada,2026-09-24T19:57:45Z,Detroit Lions,New York Jets,Jahmyr Gibbs,,,RB,player_rush_yds,Full Game,88.5,Under,-105,bovada|Jahmyr Gibbs|player_rush_yds|88.5,0.51219512,0.47969543,https://api.the-odds-api.com/v4/sports/americanfootball_nfl
2026,3,17a730b7d399feeab6a78c30767c29d2,2026-09-27T17:00:00Z,DraftKings,draftkings,2026-09-24T19:58:38Z,Indianapolis Colts,Houston Texans,Josh Downs,,,WR,player_reception_yds,Full Game,50.5,Over,-110,draftkings|Josh Downs|player_reception_yds|50.5,0.52380952,0.4957877,https://api.the-odds-api.com/v4/sports/americanfootball_nfl
2026,3,17a730b7d399feeab6a78c30767c29d2,2026-09-27T17:00:00Z,DraftKings,draftkings,2026-09-24T19:58:38Z,Indianapolis Colts,Houston Texans,Josh Downs,,,WR,player_reception_yds,Full Game,50.5,Under,-114,draftkings|Josh Downs|player_reception_yds|50.5,0.53271028,0.5042123,https://api.the-odds-api.com/v4/sports/americanfootball_nfl
2026,3,17a730b7d399feeab6a78c30767c29d2,2026-09-27T17:00:00Z,DraftKings,draftkings,2026-09-24T19:58:38Z,Indianapolis Colts,Houston Texans,Dalton Schultz,,,WR,player_reception_yds,Full Game,48.5,Over,-111,draftkings|Dalton Schultz|player_reception_yds|48.5,0.52606635,0.49789412,https://api.the-odds-api.com/v4/sports/americanfootball_nfl
2026,3,17a730b7d399feeab6a78c30767c29d2,2026-09-27T17:00:00Z,DraftKings,draftkings,2026-09-24T19:58:38Z,Indianapolis Colts,Houston Texans,Dalton Schultz,,,WR,player_reception_yds,Full Game,48.5,Under,-113,draftkings|Dalton Schultz|player_reception_yds|48.5,0.53051643,0.50210588,https://api.the-odds-api.com/v4/sports/americanfootball_nfl
2026,3,17a730b7d399feeab6a78c30767c29d2,2026-09-27T17:00:00Z,DraftKings,draftkings,2026-09-24T19:58:38Z,Indianapolis Colts,Houston Texans,Tyler Warren,,,WR,player_reception_yds,Full Game,44.5,Over,-110,draftkings|Tyler Warren|player_reception_yds|44.5,0.52380952,0.4957877,https://api.the-odds-api.com/v4/sports/americanfootball_nfl
2026,3,17a730b7d399feeab6a78c30767c29d2,2026-09-27T17:00:00Z,DraftKings,draftkings,2026-09-24T19:58:38Z,Indianapolis Colts,Houston Texans,Tyler Warren,,,WR,player_reception_yds,Full Game,44.5,Under,-114,draftkings|Tyler Warren|player_reception_yds|44.5,0.53271028,0.5042123,https://api.the-odds-api.com/v4/sports/americanfootball_nfl
2026,3,17a730b7d399feeab6a78c30767c29d2,2026-09-27T17:00:00Z,DraftKings,draftkings,2026-09-24T19:58:38Z,Indianapolis Colts,Houston Texans,Xavier Hutchinson,,,WR,player_reception_yds,Full Game,40.5,Over,-110,draftkings|Xavier Hutchinson|player_reception_yds|40.5,0.52380952,0.4957877,https://api.the-odds-api.com/v4/sports/americanfootball_nfl
2026,3,17a730b7d399feeab6a78c30767c29d2,2026-09-27T17:00:00Z,DraftKings,draftkings,2026-09-24T19:58:38Z,Indianapolis Colts,Houston Texans,Xavier Hutchinson,,,WR,player_reception_yds,Full Game,40.5,Under,-114,draftkings|Xavier Hutchinson|player_reception_yds|40.5,0.53271028,0.5042123,https://api.the-odds-api.com/v4/sports/americanfootball_nfl
2026,3,17a730b7d399feeab6a78c30767c29d2,2026-09-27T17:00:00Z,DraftKings,draftkings,2026-09-24T19:58:38Z,Indianapolis Colts,Houston Texans,Kayshon Boutte,,,WR,player_reception_yds,Full Game,35.5,Over,-114,draftkings|Kayshon Boutte|player_reception_yds|35.5,0.53271028,0.5042123,https://api.the-odds-api.com/v4/sports/americanfootball_nfl
2026,3,17a730b7d399feeab6a78c30767c29d2,2026-09-27T17:00:00Z,DraftKings,draftkings,2026-09-24T19:58:38Z,Indianapolis Colts,Houston Texans,Kayshon Boutte,,,WR,player_reception_yds,Full Game,35.5,Under,-110,draftkings|Kayshon Boutte|player_reception_yds|35.5,0.52380952,0.4957877,https://api.the-odds-api.com/v4/sports/americanfootball_nfl
2026,3,17a730b7d399feeab6a78c30767c29d2,2026-09-27T17:00:00Z,DraftKings,draftkings,2026-09-24T19:58:38Z,Indianapolis Colts,Houston Texans,Keenan Allen,,,WR,player_reception_yds,Full Game,35.5,Over,-111,draftkings|Keenan Allen|player_reception_yds|35.5,0.52606635,0.49789412,https://api.the-odds-api.com/v4/sports/americanfootball_nfl
2026,3,17a730b7d399feeab6a78c30767c29d2,2026-09-27T17:00:00Z,DraftKings,draftkings,2026-09-24T19:58:38Z,Indianapolis Colts,Houston Texans,Keenan Allen,,,WR,player_reception_yds,Full Game,35.5,Under,-113,draftkings|Keenan Allen|player_reception_yds|35.5,0.53051643,0.50210588,https://api.the-odds-api.com/v4/sports/americanfootball_nfl
2026,3,17a730b7d399feeab6a78c30767c29d2,2026-09-27T17:00:00Z,DraftKings,draftkings,2026-09-24T19:58:38Z,Indianapolis Colts,Houston Texans,Jaylin Noel,,,WR,player_reception_yds,Full Game,25.5,Over,-111,draftkings|Jaylin Noel|player_reception_yds|25.5,0.52606635,0.49789412,https://api.the-odds-api.com/v4/sports/americanfootball_nfl
2026,3,17a730b7d399feeab6a78c30767c29d2,2026-09-27T17:00:00Z,DraftKings,draftkings,2026-09-24T19:58:38Z,Indianapolis Colts,Houston Texans,Jaylin Noel,,,WR,player_reception_yds,Full Game,25.5,Under,-113,draftkings|Jaylin Noel|player_reception_yds|25.5,0.53051643,0.50210588,https://api.the-odds-api.com/v4/sports/americanfootball_nfl
2026,3,17a730b7d399feeab6a78c30767c29d2,2026-09-27T17:00:00Z,DraftKings,draftkings,2026-09-24T19:58:38Z,Indianapolis Colts,Houston Texans,Jonathan Taylor,,,WR,player_reception_yds,Full Game,20.5,Over,-108,draftkings|Jonathan Taylor|player_reception_yds|20.5,0.51923077,0.49157114,https://api.the-odds-api.com/v4/sports/americanfootball_nfl
2026,3,17a730b7d399feeab6a78c30767c29d2,2026-09-27T17:00:00Z,DraftKings,draftkings,2026-09-24T19:58:38Z,Indianapolis Colts,Houston Texans,Jonathan Taylor,,,WR,player_reception_yds,Full Game,20.5,Under,-116,draftkings|Jonathan Taylor|player_reception_yds|20.5,0.53703704,0.50842886,https://api.the-odds-api.com/v4/sports/americanfootball_nfl
2026,3,17a730b7d399feeab6a78c30767c29d2,2026-09-27T17:00:00Z,DraftKings,draftkings,2026-09-24T19:58:38Z,Indianapolis Colts,Houston Texans,Jonathan Taylor,,,RB,player_rush_yds,Full Game,83.5,Over,-113,draftkings|Jonathan Taylor|player_rush_yds|83.5,0.53051643,0.50210588,https://api.the-odds-api.com/v4/sports/americanfootball_nfl
2026,3,17a730b7d399feeab6a78c30767c29d2,2026-09-27T17:00:00Z,DraftKings,draftkings,2026-09-24T19:58:38Z,Indianapolis Colts,Houston Texans,Jonathan Taylor,,,RB,player_rush_yds,Full Game,83.5,Under,-111,draftkings|Jonathan Taylor|player_rush_yds|83.5,0.52606635,0.49789412,https://api.the-odds-api.com/v4/sports/americanfootball_nfl
2026,3,17a730b7d399feeab6a78c30767c29d2,2026-09-27T17:00:00Z,DraftKings,draftkings,2026-09-24T19:58:38Z,Indianapolis Colts,Houston Texans,David Montgomery,,,RB,player_rush_yds,Full Game,48.5,Over,-109,draftkings|David Montgomery|player_rush_yds|48.5,0.5215311,0.49368022,https://api.the-odds-api.com/v4/sports/americanfootball_nfl
2026,3,17a730b7d399feeab6a78c30767c29d2,2026-09-27T17:00:00Z,DraftKings,draftkings,2026-09-24T19:58:38Z,Indianapolis Colts,Houston Texans,David Montgomery,,,RB,player_rush_yds,Full Game,48.5,Under,-115,draftkings|David Montgomery|player_rush_yds|48.5,0.53488372,0.50631978,https://api.the-odds-api.com/v4/sports/americanfootball_nfl
2026,3,17a730b7d399feeab6a78c30767c29d2,2026-09-27T17:00:00Z,DraftKings,draftkings,2026-09-24T19:58:38Z,Indianapolis Colts,Houston Texans,Woody Marks,,,RB,player_rush_yds,Full Game,27.5,Over,-115,draftkings|Woody Marks|player_rush_yds|27.5,0.53488372,0.50631978,https://api.the-odds-api.com/v4/sports/americanfootball_nfl
2026,3,17a730b7d399feeab6a78c30767c29d2,2026-09-27T17:00:00Z,DraftKings,draftkings,2026-09-24T19:58:38Z,Indianapolis Colts,Houston Texans,Woody Marks,,,RB,player_rush_yds,Full Game,27.5,Under,-109,draftkings|Woody Marks|player_rush_yds|27.5,0.5215311,0.49368022,https://api.the-odds-api.com/v4/sports/americanfootball_nfl
2026,3,17a730b7d399feeab6a78c30767c29d2,2026-09-27T17:00:00Z,DraftKings,draftkings,2026-09-24T19:58:38Z,Indianapolis Colts,Houston Texans,Daniel Jones,,,RB,player_rush_yds,Full Game,10.5,Over,-115,draftkings|Daniel Jones|player_rush_yds|10.5,0.53488372,0.50631978,https://api.the-odds-api.com/v4/sports/americanfootball_nfl
2026,3,17a730b7d399feeab6a78c30767c29d2,2026-09-27T17:00:00Z,DraftKings,draftkings,2026-09-24T19:58:38Z,Indianapolis Colts,Houston Texans,Daniel Jones,,,RB,player_rush_yds,Full Game,10.5,Under,-109,draftkings|Daniel Jones|player_rush_yds|10.5,0.5215311,0.49368022,https://api.the-odds-api.com/v4/sports/americanfootball_nfl
2026,3,17a730b7d399feeab6a78c30767c29d2,2026-09-27T17:00:00Z,DraftKings,draftkings,2026-09-24T19:58:38Z,Indianapolis Colts,Houston Texans,C.J. Stroud,,,RB,player_rush_yds,Full Game,9.5,Over,-118,draftkings|C.J. Stroud|player_rush_yds|9.5,0.5412844,0.51265395,https://api.the-odds-api.com/v4/sports/americanfootball_nfl
2026,3,17a730b7d399feeab6a78c30767c29d2,2026-09-27T17:00:00Z,DraftKings,draftkings,2026-09-24T19:58:38Z,Indianapolis Colts,Houston Texans,C.J. Stroud,,,RB,player_rush_yds,Full Game,9.5,Under,-106,draftkings|C.J. Stroud|player_rush_yds|9.5,0.51456311,0.48734605,https://api.the-odds-api.com/v4/sports/americanfootball_nfl
2026,3,17a730b7d399feeab6a78c30767c29d2,2026-09-27T17:00:00Z,FanDuel,fanduel,2026-09-24T19:59:04Z,Indianapolis Colts,Houston Texans,Keenan Allen,,,WR,player_reception_yds,Full Game,32.5,Over,-114,fanduel|Keenan Allen|player_reception_yds|32.5,0.53271028,0.5,https://api.the-odds-api.com/v4/sports/americanfootball_nfl
2026,3,17a730b7d399feeab6a78c30767c29d2,2026-09-27T17:00:00Z,FanDuel,fanduel,2026-09-24T19:59:04Z,Indianapolis Colts,Houston Texans,Keenan Allen,,,WR,player_reception_yds,Full Game,32.5,Under,-114,fanduel|Keenan Allen|player_reception_yds|32.5,0.53271028,0.5,https://api.the-odds-api.com/v4/sports/americanfootball_nfl
2026,3,17a730b7d399feeab6a78c30767c29d2,2026-09-27T17:00:00Z,FanDuel,fanduel,2026-09-24T19:59:04Z,Indianapolis Colts,Houston Texans,Kayshon Boutte,,,WR,player_reception_yds,Full Game,37.5,Over,-114,fanduel|Kayshon Boutte|player_reception_yds|37.5,0.53271028,0.5,https://api.the-odds-api.com/v4/sports/americanfootball_nfl
2026,3,17a730b7d399feeab6a78c30767c29d2,2026-09-27T17:00:00Z,FanDuel,fanduel,2026-09-24T19:59:04Z,Indianapolis Colts,Houston Texans,Kayshon Boutte,,,WR,player_reception_yds,Full Game,37.5,Under,-114,fanduel|Kayshon Boutte|player_reception_yds|37.5,0.53271028,0.5,https://api.the-odds-api.com/v4/sports/americanfootball_nfl
2026,3,17a730b7d399feeab6a78c30767c29d2,2026-09-27T17:00:00Z,FanDuel,fanduel,2026-09-24T19:59:04Z,Indianapolis Colts,Houston Texans,Jonathan Taylor,,,WR,player_reception_yds,Full Game,21.5,Over,-114,fanduel|Jonathan Taylor|player_reception_yds|21.5,0.53271028,0.5,https://api.the-odds-api.com/v4/sports/americanfootball_nfl
2026,3,17a730b7d399feeab6a78c30767c29d2,2026-09-27T17:00:00Z,FanDuel,fanduel,2026-09-24T19:59:04Z,Indianapolis Colts,Houston Texans,Jonathan Taylor,,,WR,player_reception_yds,Full Game,21.5,Under,-114,fanduel|Jonathan Taylor|player_reception_yds|21.5,0.53271028,0.5,https://api.the-odds-api.com/v4/sports/americanfootball_nfl
2026,3,17a730b7d399feeab6a78c30767c29d2,2026-09-27T17:00:00Z,FanDuel,fanduel,2026-09-24T19:59:04Z,Indianapolis Colts,Houston Texans,David Montgomery,,,WR,player_reception_yds,Full Game,7.5,Over,-114,fanduel|David Montgomery|player_reception_yds|7.5,0.53271028,0.5,https://api.the-odds-api.com/v4/sports/americanfootball_nfl
2026,3,17a730b7d399feeab6a78c30767c29d2,2026-09-27T17:00:00Z,FanDuel,fanduel,2026-09-24T19:59:04Z,Indianapolis Colts,Houston Texans,David Montgomery,,,WR,player_reception_yds,Full Game,7.5,Under,-114,fanduel|David Montgomery|player_reception_yds|7.5,0.53271028,0.5,https://api.the-odds-api.com/v4/sports/americanfootball_nfl
2026,3,17a730b7d399feeab6a78c30767c29d2,2026-09-27T17:00:00Z,FanDuel,fanduel,2026-09-24T19:59:04Z,Indianapolis Colts,Houston Texans,Jaylin Noel,,,WR,player_reception_yds,Full Game,27.5,Over,-114,fanduel|Jaylin Noel|player_reception_yds|27.5,0.53271028,0.5,https://api.the-odds-api.com/v4/sports/americanfootball_nfl
2026,3,17a730b7d399feeab6a78c30767c29d2,2026-09-27T17:00:00Z,FanDuel,fanduel,2026-09-24T19:59:04Z,Indianapolis Colts,Houston Texans,Jaylin Noel,,,WR,player_reception_yds,Full Game,27.5,Under,-114,fanduel|Jaylin Noel|player_reception_yds|27.5,0.53271028,0.5,https://api.the-odds-api.com/v4/sports/americanfootball_nfl
2026,3,17a730b7d399feeab6a78c30767c29d2,2026-09-27T17:00:00Z,FanDuel,fanduel,2026-09-24T19:59:04Z,Indianapolis Colts,Houston Texans,Jared Wayne,,,WR,player_reception_yds,Full Game,13.5,Over,-114,fanduel|Jared Wayne|player_reception_yds|13.5,0.53271028,0.5,https://api.the-odds-api.com/v4/sports/americanfootball_nfl
2026,3,17a730b7d399feeab6a78c30767c29d2,2026-09-27T17:00:00Z,FanDuel,fanduel,2026-09-24T19:59:04Z,Indianapolis Colts,Houston Texans,Jared Wayne,,,WR,player_reception_yds,Full Game,13.5,Under,-114,fanduel|Jared Wayne|player_reception_yds|13.5,0.53271028,0.5,https://api.the-odds-api.com/v4/sports/americanfootball_nfl
2026,3,17a730b7d399feeab6a78c30767c29d2,2026-09-27T17:00:00Z,FanDuel,fanduel,2026-09-24T19:59:04Z,Indianapolis Colts,Houston Texans,Woody Marks,,,WR,player_reception_yds,Full Game,10.5,Over,-114,fanduel|Woody Marks|player_reception_yds|10.5,0.53271028,0.5,https://api.the-odds-api.com/v4/sports/americanfootball_nfl
2026,3,17a730b7d399feeab6a78c30767c29d2,2026-09-27T17:00:00Z,FanDuel,fanduel,2026-09-24T19:59:04Z,Indianapolis Colts,Houston Texans,Woody Marks,,,WR,player_reception_yds,Full Game,10.5,Under,-114,fanduel|Woody Marks|player_reception_yds|10.5,0.53271028,0.5,https://api.the-odds-api.com/v4/sports/americanfootball_nfl
2026,3,17a730b7d399feeab6a78c30767c29d2,2026-09-27T17:00:00Z,FanDuel,fanduel,2026-09-24T19:59:04Z,Indianapolis Colts,Houston Texans,Laquon Treadwell,,,WR,player_reception_yds,Full Game,16.5,Over,-114,fanduel|Laquon Treadwell|player_reception_yds|16.5,0.53271028,0.5,https://api.the-odds-api.com/v4/sports/americanfootball_nfl
2026,3,17a730b7d399feeab6a78c30767c29d2,2026-09-27T17:00:00Z,FanDuel,fanduel,2026-09-24T19:59:04Z,Indianapolis Colts,Houston Texans,Laquon Treadwell,,,WR,player_reception_yds,Full Game,16.5,Under,-114,fanduel|Laquon Treadwell|player_reception_yds|16.5,0.53271028,0.5,https://api.the-odds-api.com/v4/sports/americanfootball_nfl
2026,3,17a730b7d399feeab6a78c30767c29d2,2026-09-27T17:00:00Z,FanDuel,fanduel,2026-09-24T19:59:04Z,Indianapolis Colts,Houston Texans,Dalton Schultz,,,WR,player_reception_yds,Full Game,50.5,Over,-114,fanduel|Dalton Schultz|player_reception_yds|50.5,0.53271028,0.5,https://api.the-odds-api.com/v4/sports/americanfootball_nfl
2026,3,17a730b7d399feeab6a78c30767c29d2,2026-09-27T17:00:00Z,FanDuel,fanduel,2026-09-24T19:59:04Z,Indianapolis Colts,Houston Texans,Dalton Schultz,,,WR,player_reception_yds,Full Game,50.5,Under,-114,fanduel|Dalton Schultz|player_reception_yds|50.5,0.53271028,0.5,https://api.the-odds-api.com/v4/sports/americanfootball_nfl
2026,3,17a730b7d399feeab6a78c30767c29d2,2026-09-27T17:00:00Z,FanDuel,fanduel,2026-09-24T19:59:04Z,Indianapolis Colts,Houston Texans,Tyler Warren,,,WR,player_reception_yds,Full Game,46.5,Over,-114,fanduel|Tyler Warren|player_reception_yds|46.5,0.53271028,0.5,https://api.the-odds-api.com/v4/sports/americanfootball_nfl
2026,3,17a730b7d399feeab6a78c30767c29d2,2026-09-27T17:00:00Z,FanDuel,fanduel,2026-09-24T19:59:04Z,Indianapolis Colts,Houston Texans,Tyler Warren,,,WR,player_reception_yds,Full Game,46.5,Under,-114,fanduel|Tyler Warren|player_reception_yds|46.5,0.53271028,0.5,https://api.the-odds-api.com/v4/sports/americanfootball_nfl
2026,3,17a730b7d399feeab6a78c30767c29d2,2026-09-27T17:00:00Z,FanDuel,fanduel,2026-09-24T19:59:04Z,Indianapolis Colts,Houston Texans,Xavier Hutchinson,,,WR,player_reception_yds,Full Game,38.5,Over,-114,fanduel|Xavier Hutchinson|player_reception_yds|38.5,0.53271028,0.5,https://api.the-odds-api.com/v4/sports/americanfootball_nfl
2026,3,17a730b7d399feeab6a78c30767c29d2,2026-09-27T17:00:00Z,FanDuel,fanduel,2026-09-24T19:59:04Z,Indianapolis Colts,Houston Texans,Xavier Hutchinson,,,WR,player_reception_yds,Full Game,38.5,Under,-114,fanduel|Xavier Hutchinson|player_reception_yds|38.5,0.53271028,0.5,https://api.the-odds-api.com/v4/sports/americanfootball_nfl
2026,3,17a730b7d399feeab6a78c30767c29d2,2026-09-27T17:00:00Z,FanDuel,fanduel,2026-09-24T19:59:04Z,Indianapolis Colts,Houston Texans,Josh Downs,,,WR,player_reception_yds,Full Game,50.5,Over,-114,fanduel|Josh Downs|player_reception_yds|50.5,0.53271028,0.5,https://api.the-odds-api.com/v4/sports/americanfootball_nfl
2026,3,17a730b7d399feeab6a78c30767c29d2,2026-09-27T17:00:00Z,FanDuel,fanduel,2026-09-24T19:59:04Z,Indianapolis Colts,Houston Texans,Josh Downs,,,WR,player_reception_yds,Full Game,50.5,Under,-114,fanduel|Josh Downs|player_reception_yds|50.5,0.53271028,0.5,https://api.the-odds-api.com/v4/sports/americanfootball_nfl
2026,3,17a730b7d399feeab6a78c30767c29d2,2026-09-27T17:00:00Z,FanDuel,fanduel,2026-09-24T19:59:04Z,Indianapolis Colts,Houston Texans,Darius Slayton,,,WR,player_reception_yds,Full Game,15.5,Over,-114,fanduel|Darius Slayton|player_reception_yds|15.5,0.53271028,0.5,https://api.the-odds-api.com/v4/sports/americanfootball_nfl
2026,3,17a730b7d399feeab6a78c30767c29d2,2026-09-27T17:00:00Z,FanDuel,fanduel,2026-09-24T19:59:04Z,Indianapolis Colts,Houston Texans,Darius Slayton,,,WR,player_reception_yds,Full Game,15.5,Under,-114,fanduel|Darius Slayton|player_reception_yds|15.5,0.53271028,0.5,https://api.the-odds-api.com/v4/sports/americanfootball_nfl
2026,3,17a730b7d399feeab6a78c30767c29d2,2026-09-27T17:00:00Z,FanDuel,fanduel,2026-09-24T19:59:04Z,Indianapolis Colts,Houston Texans,Daniel Jones,,,RB,player_rush_yds,Full Game,9.5,Over,-114,fanduel|Daniel Jones|player_rush_yds|9.5,0.53271028,0.5,https://api.the-odds-api.com/v4/sports/americanfootball_nfl
2026,3,17a730b7d399feeab6a78c30767c29d2,2026-09-27T17:00:00Z,FanDuel,fanduel,2026-09-24T19:59:04Z,Indianapolis Colts,Houston Texans,Daniel Jones,,,RB,player_rush_yds,Full Game,9.5,Under,-114,fanduel|Daniel Jones|player_rush_yds|9.5,0.53271028,0.5,https://api.the-odds-api.com/v4/sports/americanfootball_nfl
2026,3,17a730b7d399feeab6a78c30767c29d2,2026-09-27T17:00:00Z,FanDuel,fanduel,2026-09-24T19:59:04Z,Indianapolis Colts,Houston Texans,Jonathan Taylor,,,RB,player_rush_yds,Full Game,81.5,Over,-114,fanduel|Jonathan Taylor|player_rush_yds|81.5,0.53271028,0.5,https://api.the-odds-api.com/v4/sports/americanfootball_nfl
2026,3,17a730b7d399feeab6a78c30767c29d2,2026-09-27T17:00:00Z,FanDuel,fanduel,2026-09-24T19:59:04Z,Indianapolis Colts,Houston Texans,Jonathan Taylor,,,RB,player_rush_yds,Full Game,81.5,Under,-114,fanduel|Jonathan Taylor|player_rush_yds|81.5,0.53271028,0.5,https://api.the-odds-api.com/v4/sports/americanfootball_nfl
2026,3,17a730b7d399feeab6a78c30767c29d2,2026-09-27T17:00:00Z,FanDuel,fanduel,2026-09-24T19:59:04Z,Indianapolis Colts,Houston Texans,Woody Marks,,,RB,player_rush_yds,Full Game,27.5,Over,-114,fanduel|Woody Marks|player_rush_yds|27.5,0.53271028,0.5,https://api.the-odds-api.com/v4/sports/americanfootball_nfl
2026,3,17a730b7d399feeab6a78c30767c29d2,2026-09-27T17:00:00Z,FanDuel,fanduel,2026-09-24T19:59:04Z,Indianapolis Colts,Houston Texans,Woody Marks,,,RB,player_rush_yds,Full Game,27.5,Under,-114,fanduel|Woody Marks|player_rush_yds|27.5,0.53271028,0.5,https://api.the-odds-api.com/v4/sports/americanfootball_nfl
2026,3,17a730b7d399feeab6a78c30767c29d2,2026-09-27T17:00:00Z,FanDuel,fanduel,2026-09-24T19:59:04Z,Indianapolis Colts,Houston Texans,David Montgomery,,,RB,player_rush_yds,Full Game,48.5,Over,-114,fanduel|David Montgomery|player_rush_yds|48.5,0.53271028,0.5,https://api.the-odds-api.com/v4/sports/americanfootball_nfl
2026,3,17a730b7d399feeab6a78c30767c29d2,2026-09-27T17:00:00Z,FanDuel,fanduel,2026-09-24T19:59:04Z,Indianapolis Colts,Houston Texans,David Montgomery,,,RB,player_rush_yds,Full Game,48.5,Under,-114,fanduel|David Montgomery|player_rush_yds|48.5,0.53271028,0.5,https://api.the-odds-api.com/v4/sports/americanfootball_nfl
2026,3,17a730b7d399feeab6a78c30767c29d2,2026-09-27T17:00:00Z,FanDuel,fanduel,2026-09-24T19:59:04Z,Indianapolis Colts,Houston Texans,C.J. Stroud,,,RB,player_rush_yds,Full Game,9.5,Over,-114,fanduel|C.J. Stroud|player_rush_yds|9.5,0.53271028,0.5,https://api.the-odds-api.com/v4/sports/americanfootball_nfl
2026,3,17a730b7d399feeab6a78c30767c29d2,2026-09-27T17:00:00Z,FanDuel,fanduel,2026-09-24T19:59:04Z,Indianapolis Colts,Houston Texans,C.J. Stroud,,,RB,player_rush_yds,Full Game,9.5,Under,-114,fanduel|C.J. Stroud|player_rush_yds|9.5,0.53271028,0.5,https://api.the-odds-api.com/v4/sports/americanfootball_nfl
2026,3,17a730b7d399feeab6a78c30767c29d2,2026-09-27T17:00:00Z,BetRivers,betrivers,2026-09-24T19:58:20Z,Indianapolis Colts,Houston Texans,Woody Marks,,,WR,player_reception_yds,Full Game,10.5,Over,-118,betrivers|Woody Marks|player_reception_yds|10.5,0.5412844,0.50502331,https://api.the-odds-api.com/v4/sports/americanfootball_nfl
2026,3,17a730b7d399feeab6a78c30767c29d2,2026-09-27T17:00:00Z,BetRivers,betrivers,2026-09-24T19:58:20Z,Indianapolis Colts,Houston Texans,Woody Marks,,,WR,player_reception_yds,Full Game,10.5,Under,-113,betrivers|Woody Marks|player_reception_yds|10.5,0.53051643,0.49497669,https://api.the-odds-api.com/v4/sports/americanfootball_nfl
2026,3,17a730b7d399feeab6a78c30767c29d2,2026-09-27T17:00:00Z,BetRivers,betrivers,2026-09-24T19:58:20Z,Indianapolis Colts,Houston Texans,Keenan Allen,,,WR,player_reception_yds,Full Game,32.5,Over,-113,betrivers|Keenan Allen|player_reception_yds|32.5,0.53051643,0.49497669,https://api.the-odds-api.com/v4/sports/americanfootball_nfl
2026,3,17a730b7d399feeab6a78c30767c29d2,2026-09-27T17:00:00Z,BetRivers,betrivers,2026-09-24T19:58:20Z,Indianapolis Colts,Houston Texans,Keenan Allen,,,WR,player_reception_yds,Full Game,32.5,Under,-118,betrivers|Keenan Allen|player_reception_yds|32.5,0.5412844,0.50502331,https://api.the-odds-api.com/v4/sports/americanfootball_nfl
2026,3,17a730b7d399feeab6a78c30767c29d2,2026-09-27T17:00:00Z,BetRivers,betrivers,2026-09-24T19:58:20Z,Indianapolis Colts,Houston Texans,Josh Downs,,,WR,player_reception_yds,Full Game,49.5,Over,-114,betrivers|Josh Downs|player_reception_yds|49.5,0.53271028,0.4969865,https://api.the-odds-api.com/v4/sports/americanfootball_nfl
2026,3,17a730b7d399feeab6a78c30767c29d2,2026-09-27T17:00:00Z,BetRivers,betrivers,2026-09-24T19:58:20Z,Indianapolis Colts,Houston Texans,Josh Downs,,,WR,player_reception_yds,Full Game,49.5,Under,-117,betrivers|Josh Downs|player_reception_yds|49.5,0.53917051,0.5030135,https://api.the-odds-api.com/v4/sports/americanfootball_nfl
2026,3,17a730b7d399feeab6a78c30767c29d2,2026-09-27T17:00:00Z,BetRivers,betrivers,2026-09-24T19:58:20Z,Indianapolis Colts,Houston Texans,Jared Wayne,,,WR,player_reception_yds,Full Game,12.5,Over,-112,betrivers|Jared Wayne|player_reception_yds|12.5,0.52830189,0.49201278,https://api.the-odds-api.com/v4/sports/americanfootball_nfl
2026,3,17a730b7d399feeab6a78c30767c29d2,2026-09-27T17:00:00Z,BetRivers,betrivers,2026-09-24T19:58:20Z,Indianapolis Colts,Houston Texans,Jared Wayne,,,WR,player_reception_yds,Full Game,12.5,Under,-120,betrivers|Jared Wayne|player_reception_yds|12.5,0.54545455,0.50798722,https://api.the-odds-api.com/v4/sports/americanfootball_nfl
2026,3,17a730b7d399feeab6a78c30767c29d2,2026-09-27T17:00:00Z,BetRivers,betrivers,2026-09-24T19:58:20Z,Indianapolis Colts,Houston Texans,Tyler Warren,,,WR,player_reception_yds,Full Game,44.5,Over,-117,betrivers|Tyler Warren|player_reception_yds|44.5,0.53917051,0.5030135,https://api.the-odds-api.com/v4/sports/americanfootball_nfl
2026,3,17a730b7d399feeab6a78c30767c29d2,2026-09-27T17:00:00Z,BetRivers,betrivers,2026-09-24T19:58:20Z,Indianapolis Colts,Houston Texans,Tyler Warren,,,WR,player_reception_yds,Full Game,44.5,Under,-114,betrivers|Tyler Warren|player_reception_yds|44.5,0.53271028,0.4969865,https://api.the-odds-api.com/v4/sports/americanfootball_nfl
2026,3,17a730b7d399feeab6a78c30767c29d2,2026-09-27T17:00:00Z,BetRivers,betrivers,2026-09-24T19:58:20Z,Indianapolis Colts,Houston Texans,Darius Slayton,,,WR,player_reception_yds,Full Game,15.5,Over,-114,betrivers|Darius Slayton|player_reception_yds|15.5,0.53271028,0.49898208,https://api.the-odds-api.com/v4/sports/americanfootball_nfl
2026,3,17a730b7d399feeab6a78c30767c29d2,2026-09-27T17:00:00Z,BetRivers,betrivers,2026-09-24T19:58:20Z,Indianapolis Colts,Houston Texans,Darius Slayton,,,WR,player_reception_yds,Full Game,15.5,Under,-115,betrivers|Darius Slayton|player_reception_yds|15.5,0.53488372,0.50101792,https://api.the-odds-api.com/v4/sports/americanfootball_nfl
2026,3,17a730b7d399feeab6a78c30767c29d2,2026-09-27T17:00:00Z,BetRivers,betrivers,2026-09-24T19:58:20Z,Indianapolis Colts,Houston Texans,Laquon Treadwell,,,WR,player_reception_yds,Full Game,16.5,Over,-114,betrivers|Laquon Treadwell|player_reception_yds|16.5,0.53271028,0.4969865,https://api.the-odds-api.com/v4/sports/americanfootball_nfl
2026,3,17a730b7d399feeab6a78c30767c29d2,2026-09-27T17:00:00Z,BetRivers,betrivers,2026-09-24T19:58:20Z,Indianapolis Colts,Houston Texans,Laquon Treadwell,,,WR,player_reception_yds,Full Game,16.5,Under,-117,betrivers|Laquon Treadwell|player_reception_yds|16.5,0.53917051,0.5030135,https://api.the-odds-api.com/v4/sports/americanfootball_nfl
2026,3,17a730b7d399feeab6a78c30767c29d2,2026-09-27T17:00:00Z,BetRivers,betrivers,2026-09-24T19:58:20Z,Indianapolis Colts,Houston Texans,Dalton Schultz,,,WR,player_reception_yds,Full Game,49.5,Over,-118,betrivers|Dalton Schultz|player_reception_yds|49.5,0.5412844,0.50502331,https://api.the-odds-api.com/v4/sports/americanfootball_nfl
2026,3,17a730b7d399feeab6a78c30767c29d2,2026-09-27T17:00:00Z,BetRivers,betrivers,2026-09-24T19:58:20Z,Indianapolis Colts,Houston Texans,Dalton Schultz,,,WR,player_reception_yds,Full Game,49.5,Under,-113,betrivers|Dalton Schultz|player_reception_yds|49.5,0.53051643,0.49497669,https://api.the-odds-api.com/v4/sports/americanfootball_nfl
2026,3,17a730b7d399feeab6a78c30767c29d2,2026-09-27T17:00:00Z,BetRivers,betrivers,2026-09-24T19:58:20Z,Indianapolis Colts,Houston Texans,Xavier Hutchinson,,,WR,player_reception_yds,Full Game,38.5,Over,-118,betrivers|Xavier Hutchinson|player_reception_yds|38.5,0.5412844,0.50502331,https://api.the-odds-api.com/v4/sports/americanfootball_nfl
2026,3,17a730b7d399feeab6a78c30767c29d2,2026-09-27T17:00:00Z,BetRivers,betrivers,2026-09-24T19:58:20Z,Indianapolis Colts,Houston Texans,Xavier Hutchinson,,,WR,player_reception_yds,Full Game,38.5,Under,-113,betrivers|Xavier Hutchinson|player_reception_yds|38.5,0.53051643,0.49497669,https://api.the-odds-api.com/v4/sports/americanfootball_nfl
2026,3,17a730b7d399feeab6a78c30767c29d2,2026-09-27T17:00:00Z,BetRivers,betrivers,2026-09-24T19:58:20Z,Indianapolis Colts,Houston Texans,Jonathan Taylor,,,WR,player_reception_yds,Full Game,19.5,Over,-117,betrivers|Jonathan Taylor|player_reception_yds|19.5,0.53917051,0.5030135,https://api.the-odds-api.com/v4/sports/americanfootball_nfl
2026,3,17a730b7d399feeab6a78c30767c29d2,2026-09-27T17:00:00Z,BetRivers,betrivers,2026-09-24T19:58:20Z,Indianapolis Colts,Houston Texans,Jonathan Taylor,,,WR,player_reception_yds,Full Game,19.5,Under,-114,betrivers|Jonathan Taylor|player_reception_yds|19.5,0.53271028,0.4969865,https://api.the-odds-api.com/v4/sports/americanfootball_nfl
2026,3,17a730b7d399feeab6a78c30767c29d2,2026-09-27T17:00:00Z,BetRivers,betrivers,2026-09-24T19:58:20Z,Indianapolis Colts,Houston Texans,Kayshon Boutte,,,WR,player_reception_yds,Full Game,35.5,Over,-117,betrivers|Kayshon Boutte|player_reception_yds|35.5,0.53917051,0.5030135,https://api.the-odds-api.com/v4/sports/americanfootball_nfl
2026,3,17a730b7d399feeab6a78c30767c29d2,2026-09-27T17:00:00Z,BetRivers,betrivers,2026-09-24T19:58:20Z,Indianapolis Colts,Houston Texans,Kayshon Boutte,,,WR,player_reception_yds,Full Game,35.5,Under,-114,betrivers|Kayshon Boutte|player_reception_yds|35.5,0.53271028,0.4969865,https://api.the-odds-api.com/v4/sports/americanfootball_nfl
2026,3,17a730b7d399feeab6a78c30767c29d2,2026-09-27T17:00:00Z,BetRivers,betrivers,2026-09-24T19:58:20Z,Indianapolis Colts,Houston Texans,Jaylin Noel,,,WR,player_reception_yds,Full Game,25.5,Over,-112,betrivers|Jaylin Noel|player_reception_yds|25.5,0.52830189,0.49393106,https://api.the-odds-api.com/v4/sports/americanfootball_nfl
2026,3,17a730b7d399feeab6a78c30767c29d2,2026-09-27T17:00:00Z,BetRivers,betrivers,2026-09-24T19:58:20Z,Indianapolis Colts,Houston Texans,Jaylin Noel,,,WR,player_reception_yds,Full Game,25.5,Under,-118,betrivers|Jaylin Noel|player_reception_yds|25.5,0.5412844,0.50606894,https://api.the-odds-api.com/v4/sports/americanfootball_nfl
2026,3,17a730b7d399feeab6a78c30767c29d2,2026-09-27T17:00:00Z,BetRivers,betrivers,2026-09-24T19:58:20Z,Indianapolis Colts,Houston Texans,David Montgomery,,,WR,player_reception_yds,Full Game,7.5,Over,-114,betrivers|David Montgomery|player_reception_yds|7.5,0.53271028,0.4969865,https://api.the-odds-api.com/v4/sports/americanfootball_nfl
2026,3,17a730b7d399feeab6a78c30767c29d2,2026-09-27T17:00:00Z,BetRivers,betrivers,2026-09-24T19:58:20Z,Indianapolis Colts,Houston Texans,David Montgomery,,,WR,player_reception_yds,Full Game,7.5,Under,-117,betrivers|David Montgomery|player_reception_yds|7.5,0.53917051,0.5030135,https://api.the-odds-api.com/v4/sports/americanfootball_nfl
2026,3,17a730b7d399feeab6a78c30767c29d2,2026-09-27T17:00:00Z,BetRivers,betrivers,2026-09-24T19:58:20Z,Indianapolis Colts,Houston Texans,Woody Marks,,,RB,player_rush_yds,Full Game,27.5,Over,-121,betrivers|Woody Marks|player_rush_yds|27.5,0.54751131,0.51106195,https://api.the-odds-api.com/v4/sports/americanfootball_nfl
2026,3,17a730b7d399feeab6a78c30767c29d2,2026-09-27T17:00:00Z,BetRivers,betrivers,2026-09-24T19:58:20Z,Indianapolis Colts,Houston Texans,Woody Marks,,,RB,player_rush_yds,Full Game,27.5,Under,-110,betrivers|Woody Marks|player_rush_yds|27.5,0.52380952,0.48893805,https://api.the-odds-api.com/v4/sports/americanfootball_nfl
2026,3,17a730b7d399feeab6a78c30767c29d2,2026-09-27T17:00:00Z,BetRivers,betrivers,2026-09-24T19:58:20Z,Indianapolis Colts,Houston Texans,David Montgomery,,,RB,player_rush_yds,Full Game,49.5,Over,-114,betrivers|David Montgomery|player_rush_yds|49.5,0.53271028,0.4969865,https://api.the-odds-api.com/v4/sports/americanfootball_nfl
2026,3,17a730b7d399feeab6a78c30767c29d2,2026-09-27T17:00:00Z,BetRivers,betrivers,2026-09-24T19:58:20Z,Indianapolis Colts,Houston Texans,David Montgomery,,,RB,player_rush_yds,Full Game,49.5,Under,-117,betrivers|David Montgomery|player_rush_yds|49.5,0.53917051,0.5030135,https://api.the-odds-api.com/v4/sports/americanfootball_nfl
2026,3,17a730b7d399feeab6a78c30767c29d2,2026-09-27T17:00:00Z,BetRivers,betrivers,2026-09-24T19:58:20Z,Indianapolis Colts,Houston Texans,C.J. Stroud,,,RB,player_rush_yds,Full Game,9.5,Over,-109,betrivers|C.J. Stroud|player_rush_yds|9.5,0.5215311,0.48692048,https://api.the-odds-api.com/v4/sports/americanfootball_nfl
2026,3,17a730b7d399feeab6a78c30767c29d2,2026-09-27T17:00:00Z,BetRivers,betrivers,2026-09-24T19:58:20Z,Indianapolis Colts,Houston Texans,C.J. Stroud,,,RB,player_rush_yds,Full Game,9.5,Under,-122,betrivers|C.J. Stroud|player_rush_yds|9.5,0.54954955,0.51307952,https://api.the-odds-api.com/v4/sports/americanfootball_nfl
2026,3,17a730b7d399feeab6a78c30767c29d2,2026-09-27T17:00:00Z,BetRivers,betrivers,2026-09-24T19:58:20Z,Indianapolis Colts,Houston Texans,Daniel Jones,,,RB,player_rush_yds,Full Game,9.5,Over,-112,betrivers|Daniel Jones|player_rush_yds|9.5,0.52830189,0.49201278,https://api.the-odds-api.com/v4/sports/americanfootball_nfl
2026,3,17a730b7d399feeab6a78c30767c29d2,2026-09-27T17:00:00Z,BetRivers,betrivers,2026-09-24T19:58:20Z,Indianapolis Colts,Houston Texans,Daniel Jones,,,RB,player_rush_yds,Full Game,9.5,Under,-120,betrivers|Daniel Jones|player_rush_yds|9.5,0.54545455,0.50798722,https://api.the-odds-api.com/v4/sports/americanfootball_nfl
2026,3,17a730b7d399feeab6a78c30767c29d2,2026-09-27T17:00:00Z,BetRivers,betrivers,2026-09-24T19:58:20Z,Indianapolis Colts,Houston Texans,Jonathan Taylor,,,RB,player_rush_yds,Full Game,82.5,Over,-114,betrivers|Jonathan Taylor|player_rush_yds|82.5,0.53271028,0.4969865,https://api.the-odds-api.com/v4/sports/americanfootball_nfl
2026,3,17a730b7d399feeab6a78c30767c29d2,2026-09-27T17:00:00Z,BetRivers,betrivers,2026-09-24T19:58:20Z,Indianapolis Colts,Houston Texans,Jonathan Taylor,,,RB,player_rush_yds,Full Game,82.5,Under,-117,betrivers|Jonathan Taylor|player_rush_yds|82.5,0.53917051,0.5030135,https://api.the-odds-api.com/v4/sports/americanfootball_nfl
2026,3,17a730b7d399feeab6a78c30767c29d2,2026-09-27T17:00:00Z,BetOnline.ag,betonlineag,2026-09-24T19:59:15Z,Indianapolis Colts,Houston Texans,Xavier Hutchinson,,,WR,player_reception_yds,Full Game,39.5,Over,-111,betonlineag|Xavier Hutchinson|player_reception_yds|39.5,0.52606635,0.49484025,https://api.the-odds-api.com/v4/sports/americanfootball_nfl
2026,3,17a730b7d399feeab6a78c30767c29d2,2026-09-27T17:00:00Z,BetOnline.ag,betonlineag,2026-09-24T19:59:15Z,Indianapolis Colts,Houston Texans,Xavier Hutchinson,,,WR,player_reception_yds,Full Game,39.5,Under,-116,betonlineag|Xavier Hutchinson|player_reception_yds|39.5,0.53703704,0.50515975,https://api.the-odds-api.com/v4/sports/americanfootball_nfl
2026,3,17a730b7d399feeab6a78c30767c29d2,2026-09-27T17:00:00Z,BetOnline.ag,betonlineag,2026-09-24T19:59:15Z,Indianapolis Colts,Houston Texans,Tyler Warren,,,WR,player_reception_yds,Full Game,44.5,Over,-114,betonlineag|Tyler Warren|player_reception_yds|44.5,0.53271028,0.5,https://api.the-odds-api.com/v4/sports/americanfootball_nfl
2026,3,17a730b7d399feeab6a78c30767c29d2,2026-09-27T17:00:00Z,BetOnline.ag,betonlineag,2026-09-24T19:59:15Z,Indianapolis Colts,Houston Texans,Tyler Warren,,,WR,player_reception_yds,Full Game,44.5,Under,-114,betonlineag|Tyler Warren|player_reception_yds|44.5,0.53271028,0.5,https://api.the-odds-api.com/v4/sports/americanfootball_nfl
2026,3,17a730b7d399feeab6a78c30767c29d2,2026-09-27T17:00:00Z,BetOnline.ag,betonlineag,2026-09-24T19:59:15Z,Indianapolis Colts,Houston Texans,Jaylin Noel,,,WR,player_reception_yds,Full Game,25.5,Over,-114,betonlineag|Jaylin Noel|player_reception_yds|25.5,0.53271028,0.5,https://api.the-odds-api.com/v4/sports/americanfootball_nfl
2026,3,17a730b7d399feeab6a78c30767c29d2,2026-09-27T17:00:00Z,BetOnline.ag,betonlineag,2026-09-24T19:59:15Z,Indianapolis Colts,Houston Texans,Jaylin Noel,,,WR,player_reception_yds,Full Game,25.5,Under,-114,betonlineag|Jaylin Noel|player_reception_yds|25.5,0.53271028,0.5,https://api.the-odds-api.com/v4/sports/americanfootball_nfl
2026,3,17a730b7d399feeab6a78c30767c29d2,2026-09-27T17:00:00Z,BetOnline.ag,betonlineag,2026-09-24T19:59:15Z,Indianapolis Colts,Houston Texans,Dalton Schultz,,,WR,player_reception_yds,Full Game,50.5,Over,-114,betonlineag|Dalton Schultz|player_reception_yds|50.5,0.53271028,0.5,https://api.the-odds-api.com/v4/sports/americanfootball_nfl
2026,3,17a730b7d399feeab6a78c30767c29d2,2026-09-27T17:00:00Z,BetOnline.ag,betonlineag,2026-09-24T19:59:15Z,Indianapolis Colts,Houston Texans,Dalton Schultz,,,WR,player_reception_yds,Full Game,50.5,Under,-114,betonlineag|Dalton Schultz|player_reception_yds|50.5,0.53271028,0.5,https://api.the-odds-api.com/v4/sports/americanfootball_nfl
2026,3,17a730b7d399feeab6a78c30767c29d2,2026-09-27T17:00:00Z,BetOnline.ag,betonlineag,2026-09-24T19:59:15Z,Indianapolis Colts,Houston Texans,Jonathan Taylor,,,WR,player_reception_yds,Full Game,19.5,Over,-118,betonlineag|Jonathan Taylor|player_reception_yds|19.5,0.5412844,0.50820345,https://api.the-odds-api.com/v4/sports/americanfootball_nfl
2026,3,17a730b7d399feeab6a78c30767c29d2,2026-09-27T17:00:00Z,BetOnline.ag,betonlineag,2026-09-24T19:59:15Z,Indianapolis Colts,Houston Texans,Jonathan Taylor,,,WR,player_reception_yds,Full Game,19.5,Under,-110,betonlineag|Jonathan Taylor|player_reception_yds|19.5,0.52380952,0.49179655,https://api.the-odds-api.com/v4/sports/americanfootball_nfl
2026,3,17a730b7d399feeab6a78c30767c29d2,2026-09-27T17:00:00Z,BetOnline.ag,betonlineag,2026-09-24T19:59:15Z,Indianapolis Colts,Houston Texans,Josh Downs,,,WR,player_reception_yds,Full Game,50.5,Over,-116,betonlineag|Josh Downs|player_reception_yds|50.5,0.53703704,0.50515975,https://api.the-odds-api.com/v4/sports/americanfootball_nfl
2026,3,17a730b7d399feeab6a78c30767c29d2,2026-09-27T17:00:00Z,BetOnline.ag,betonlineag,2026-09-24T19:59:15Z,Indianapolis Colts,Houston Texans,Josh Downs,,,WR,player_reception_yds,Full Game,50.5,Under,-111,betonlineag|Josh Downs|player_reception_yds|50.5,0.52606635,0.49484025,https://api.the-odds-api.com/v4/sports/americanfootball_nfl
2026,3,17a730b7d399feeab6a78c30767c29d2,2026-09-27T17:00:00Z,BetOnline.ag,betonlineag,2026-09-24T19:59:15Z,Indianapolis Colts,Houston Texans,Kayshon Boutte,,,WR,player_reception_yds,Full Game,37.5,Over,-114,betonlineag|Kayshon Boutte|player_reception_yds|37.5,0.53271028,0.5,https://api.the-odds-api.com/v4/sports/americanfootball_nfl
2026,3,17a730b7d399feeab6a78c30767c29d2,2026-09-27T17:00:00Z,BetOnline.ag,betonlineag,2026-09-24T19:59:15Z,Indianapolis Colts,Houston Texans,Kayshon Boutte,,,WR,player_reception_yds,Full Game,37.5,Under,-114,betonlineag|Kayshon Boutte|player_reception_yds|37.5,0.53271028,0.5,https://api.the-odds-api.com/v4/sports/americanfootball_nfl
2026,3,17a730b7d399feeab6a78c30767c29d2,2026-09-27T17:00:00Z,BetOnline.ag,betonlineag,2026-09-24T19:59:15Z,Indianapolis Colts,Houston Texans,Keenan Allen,,,WR,player_reception_yds,Full Game,32.5,Over,-114,betonlineag|Keenan Allen|player_reception_yds|32.5,0.53271028,0.5,https://api.the-odds-api.com/v4/sports/americanfootball_nfl
2026,3,17a730b7d399feeab6a78c30767c29d2,2026-09-27T17:00:00Z,BetOnline.ag,betonlineag,2026-09-24T19:59:15Z,Indianapolis Colts,Houston Texans,Keenan Allen,,,WR,player_reception_yds,Full Game,32.5,Under,-114,betonlineag|Keenan Allen|player_reception_yds|32.5,0.53271028,0.5,https://api.the-odds-api.com/v4/sports/americanfootball_nfl
2026,3,17a730b7d399feeab6a78c30767c29d2,2026-09-27T17:00:00Z,BetOnline.ag,betonlineag,2026-09-24T19:59:15Z,Indianapolis Colts,Houston Texans,Daniel Jones,,,RB,player_rush_yds,Full Game,10.5,Over,-116,betonlineag|Daniel Jones|player_rush_yds|10.5,0.53703704,0.50515975,https://api.the-odds-api.com/v4/sports/americanfootball_nfl
2026,3,17a730b7d399feeab6a78c30767c29d2,2026-09-27T17:00:00Z,BetOnline.ag,betonlineag,2026-09-24T19:59:15Z,Indianapolis Colts,Houston Texans,Daniel Jones,,,RB,player_rush_yds,Full Game,10.5,Under,-111,betonlineag|Daniel Jones|player_rush_yds|10.5,0.52606635,0.49484025,https://api.the-odds-api.com/v4/sports/americanfootball_nfl
2026,3,17a730b7d399feeab6a78c30767c29d2,2026-09-27T17:00:00Z,BetOnline.ag,betonlineag,2026-09-24T19:59:15Z,Indianapolis Colts,Houston Texans,C.J. Stroud,,,RB,player_rush_yds,Full Game,9.5,Over,-116,betonlineag|C.J. Stroud|player_rush_yds|9.5,0.53703704,0.50515975,https://api.the-odds-api.com/v4/sports/americanfootball_nfl
2026,3,17a730b7d399feeab6a78c30767c29d2,2026-09-27T17:00:00Z,BetOnline.ag,betonlineag,2026-09-24T19:59:15Z,Indianapolis Colts,Houston Texans,C.J. Stroud,,,RB,player_rush_yds,Full Game,9.5,Under,-111,betonlineag|C.J. Stroud|player_rush_yds|9.5,0.52606635,0.49484025,https://api.the-odds-api.com/v4/sports/americanfootball_nfl
2026,3,17a730b7d399feeab6a78c30767c29d2,2026-09-27T17:00:00Z,BetOnline.ag,betonlineag,2026-09-24T19:59:15Z,Indianapolis Colts,Houston Texans,Jonathan Taylor,,,RB,player_rush_yds,Full Game,81.5,Over,-114,betonlineag|Jonathan Taylor|player_rush_yds|81.5,0.53271028,0.5,https://api.the-odds-api.com/v4/sports/americanfootball_nfl
2026,3,17a730b7d399feeab6a78c30767c29d2,2026-09-27T17:00:00Z,BetOnline.ag,betonlineag,2026-09-24T19:59:15Z,Indianapolis Colts,Houston Texans,Jonathan Taylor,,,RB,player_rush_yds,Full Game,81.5,Under,-114,betonlineag|Jonathan Taylor|player_rush_yds|81.5,0.53271028,0.5,https://api.the-odds-api.com/v4/sports/americanfootball_nfl
2026,3,17a730b7d399feeab6a78c30767c29d2,2026-09-27T17:00:00Z,BetOnline.ag,betonlineag,2026-09-24T19:59:15Z,Indianapolis Colts,Houston Texans,Woody Marks,,,RB,player_rush_yds,Full Game,27.5,Over,-115,betonlineag|Woody Marks|player_rush_yds|27.5,0.53488372,0.50309533,https://api.the-odds-api.com/v4/sports/americanfootball_nfl
2026,3,17a730b7d399feeab6a78c30767c29d2,2026-09-27T17:00:00Z,BetOnline.ag,betonlineag,2026-09-24T19:59:15Z,Indianapolis Colts,Houston Texans,Woody Marks,,,RB,player_rush_yds,Full Game,27.5,Under,-112,betonlineag|Woody Marks|player_rush_yds|27.5,0.52830189,0.49690467,https://api.the-odds-api.com/v4/sports/americanfootball_nfl
2026,3,17a730b7d399feeab6a78c30767c29d2,2026-09-27T17:00:00Z,BetOnline.ag,betonlineag,2026-09-24T19:59:15Z,Indianapolis Colts,Houston Texans,David Montgomery,,,RB,player_rush_yds,Full Game,48.5,Over,-111,betonlineag|David Montgomery|player_rush_yds|48.5,0.52606635,0.49484025,https://api.the-odds-api.com/v4/sports/americanfootball_nfl
2026,3,17a730b7d399feeab6a78c30767c29d2,2026-09-27T17:00:00Z,BetOnline.ag,betonlineag,2026-09-24T19:59:15Z,Indianapolis Colts,Houston Texans,David Montgomery,,,RB,player_rush_yds,Full Game,48.5,Under,-116,betonlineag|David Montgomery|player_rush_yds|48.5,0.53703704,0.50515975,https://api.the-odds-api.com/v4/sports/americanfootball_nfl
2026,3,17a730b7d399feeab6a78c30767c29d2,2026-09-27T17:00:00Z,Bovada,bovada,2026-09-24T19:59:07Z,Indianapolis Colts,Houston Texans,Dalton Schultz,,,WR,player_reception_yds,Full Game,48.5,Over,-115,bovada|Dalton Schultz|player_reception_yds|48.5,0.53488372,0.5,https://api.the-odds-api.com/v4/sports/americanfootball_nfl
2026,3,17a730b7d399feeab6a78c30767c29d2,2026-09-27T17:00:00Z,Bovada,bovada,2026-09-24T19:59:07Z,Indianapolis Colts,Houston Texans,Dalton Schultz,,,WR,player_reception_yds,Full Game,48.5,Under,-115,bovada|Dalton Schultz|player_reception_yds|48.5,0.53488372,0.5,https://api.the-odds-api.com/v4/sports/americanfootball_nfl
2026,3,17a730b7d399feeab6a78c30767c29d2,2026-09-27T17:00:00Z,Bovada,bovada,2026-09-24T19:59:07Z,Indianapolis Colts,Houston Texans,Jaylin Noel,,,WR,player_reception_yds,Full Game,25.5,Over,-115,bovada|Jaylin Noel|player_reception_yds|25.5,0.53488372,0.5,https://api.the-odds-api.com/v4/sports/americanfootball_nfl
2026,3,17a730b7d399feeab6a78c30767c29d2,2026-09-27T17:00:00Z,Bovada,bovada,2026-09-24T19:59:07Z,Indianapolis Colts,Houston Texans,Jaylin Noel,,,WR,player_reception_yds,Full Game,25.5,Under,-115,bovada|Jaylin Noel|player_reception_yds|25.5,0.53488372,0.5,https://api.the-odds-api.com/v4/sports/americanfootball_nfl
2026,3,17a730b7d399feeab6a78c30767c29d2,2026-09-27T17:00:00Z,Bovada,bovada,2026-09-24T19:59:07Z,Indianapolis Colts,Houston Texans,Jonathan Taylor,,,WR,player_reception_yds,Full Game,20.5,Over,-110,bovada|Jonathan Taylor|player_reception_yds|20.5,0.52380952,0.48987854,https://api.the-odds-api.com/v4/sports/americanfootball_nfl
2026,3,17a730b7d399feeab6a78c30767c29d2,2026-09-27T17:00:00Z,Bovada,bovada,2026-09-24T19:59:07Z,Indianapolis Colts,Houston Texans,Jonathan Taylor,,,WR,player_reception_yds,Full Game,20.5,Under,-120,bovada|Jonathan Taylor|player_reception_yds|20.5,0.54545455,0.51012146,https://api.the-odds-api.com/v4/sports/americanfootball_nfl
2026,3,17a730b7d399feeab6a78c30767c29d2,2026-09-27T17:00:00Z,Bovada,bovada,2026-09-24T19:59:07Z,Indianapolis Colts,Houston Texans,Josh Downs,,,WR,player_reception_yds,Full Game,50.5,Over,-115,bovada|Josh Downs|player_reception_yds|50.5,0.53488372,0.5,https://api.the-odds-api.com/v4/sports/americanfootball_nfl
2026,3,17a730b7d399feeab6a78c30767c29d2,2026-09-27T17:00:00Z,Bovada,bovada,2026-09-24T19:59:07Z,Indianapolis Colts,Houston Texans,Josh Downs,,,WR,player_reception_yds,Full Game,50.5,Under,-115,bovada|Josh Downs|player_reception_yds|50.5,0.53488372,0.5,https://api.the-odds-api.com/v4/sports/americanfootball_nfl
2026,3,17a730b7d399feeab6a78c30767c29d2,2026-09-27T17:00:00Z,Bovada,bovada,2026-09-24T19:59:07Z,Indianapolis Colts,Houston Texans,Kayshon Boutte,,,WR,player_reception_yds,Full Game,35.5,Over,-115,bovada|Kayshon Boutte|player_reception_yds|35.5,0.53488372,0.5,https://api.the-odds-api.com/v4/sports/americanfootball_nfl
2026,3,17a730b7d399feeab6a78c30767c29d2,2026-09-27T17:00:00Z,Bovada,bovada,2026-09-24T19:59:07Z,Indianapolis Colts,Houston Texans,Kayshon Boutte,,,WR,player_reception_yds,Full Game,35.5,Under,-115,bovada|Kayshon Boutte|player_reception_yds|35.5,0.53488372,0.5,https://api.the-odds-api.com/v4/sports/americanfootball_nfl
2026,3,17a730b7d399feeab6a78c30767c29d2,2026-09-27T17:00:00Z,Bovada,bovada,2026-09-24T19:59:07Z,Indianapolis Colts,Houston Texans,Keenan Allen,,,WR,player_reception_yds,Full Game,35.5,Over,-115,bovada|Keenan Allen|player_reception_yds|35.5,0.53488372,0.5,https://api.the-odds-api.com/v4/sports/americanfootball_nfl
2026,3,17a730b7d399feeab6a78c30767c29d2,2026-09-27T17:00:00Z,Bovada,bovada,2026-09-24T19:59:07Z,Indianapolis Colts,Houston Texans,Keenan Allen,,,WR,player_reception_yds,Full Game,35.5,Under,-115,bovada|Keenan Allen|player_reception_yds|35.5,0.53488372,0.5,https://api.the-odds-api.com/v4/sports/americanfootball_nfl
2026,3,17a730b7d399feeab6a78c30767c29d2,2026-09-27T17:00:00Z,Bovada,bovada,2026-09-24T19:59:07Z,Indianapolis Colts,Houston Texans,Tyler Warren,,,WR,player_reception_yds,Full Game,44.5,Over,-115,bovada|Tyler Warren|player_reception_yds|44.5,0.53488372,0.5,https://api.the-odds-api.com/v4/sports/americanfootball_nfl
2026,3,17a730b7d399feeab6a78c30767c29d2,2026-09-27T17:00:00Z,Bovada,bovada,2026-09-24T19:59:07Z,Indianapolis Colts,Houston Texans,Tyler Warren,,,WR,player_reception_yds,Full Game,44.5,Under,-115,bovada|Tyler Warren|player_reception_yds|44.5,0.53488372,0.5,https://api.the-odds-api.com/v4/sports/americanfootball_nfl
2026,3,17a730b7d399feeab6a78c30767c29d2,2026-09-27T17:00:00Z,Bovada,bovada,2026-09-24T19:59:07Z,Indianapolis Colts,Houston Texans,Xavier Hutchinson,,,WR,player_reception_yds,Full Game,40.5,Over,-115,bovada|Xavier Hutchinson|player_reception_yds|40.5,0.53488372,0.5,https://api.the-odds-api.com/v4/sports/americanfootball_nfl
2026,3,17a730b7d399feeab6a78c30767c29d2,2026-09-27T17:00:00Z,Bovada,bovada,2026-09-24T19:59:07Z,Indianapolis Colts,Houston Texans,Xavier Hutchinson,,,WR,player_reception_yds,Full Game,40.5,Under,-115,bovada|Xavier Hutchinson|player_reception_yds|40.5,0.53488372,0.5,https://api.the-odds-api.com/v4/sports/americanfootball_nfl
2026,3,17a730b7d399feeab6a78c30767c29d2,2026-09-27T17:00:00Z,Bovada,bovada,2026-09-24T19:59:07Z,Indianapolis Colts,Houston Texans,C.J. Stroud,,,RB,player_rush_yds,Full Game,9.5,Over,-120,bovada|C.J. Stroud|player_rush_yds|9.5,0.54545455,0.51012146,https://api.the-odds-api.com/v4/sports/americanfootball_nfl
2026,3,17a730b7d399feeab6a78c30767c29d2,2026-09-27T17:00:00Z,Bovada,bovada,2026-09-24T19:59:07Z,Indianapolis Colts,Houston Texans,C.J. Stroud,,,RB,player_rush_yds,Full Game,9.5,Under,-110,bovada|C.J. Stroud|player_rush_yds|9.5,0.52380952,0.48987854,https://api.the-odds-api.com/v4/sports/americanfootball_nfl
2026,3,17a730b7d399feeab6a78c30767c29d2,2026-09-27T17:00:00Z,Bovada,bovada,2026-09-24T19:59:07Z,Indianapolis Colts,Houston Texans,Daniel Jones,,,RB,player_rush_yds,Full Game,10.5,Over,-120,bovada|Daniel Jones|player_rush_yds|10.5,0.54545455,0.51012146,https://api.the-odds-api.com/v4/sports/americanfootball_nfl
2026,3,17a730b7d399feeab6a78c30767c29d2,2026-09-27T17:00:00Z,Bovada,bovada,2026-09-24T19:59:07Z,Indianapolis Colts,Houston Texans,Daniel Jones,,,RB,player_rush_yds,Full Game,10.5,Under,-110,bovada|Daniel Jones|player_rush_yds|10.5,0.52380952,0.48987854,https://api.the-odds-api.com/v4/sports/americanfootball_nfl
2026,3,17a730b7d399feeab6a78c30767c29d2,2026-09-27T17:00:00Z,Bovada,bovada,2026-09-24T19:59:07Z,Indianapolis Colts,Houston Texans,David Montgomery,,,RB,player_rush_yds,Full Game,48.5,Over,-110,bovada|David Montgomery|player_rush_yds|48.5,0.52380952,0.48987854,https://api.the-odds-api.com/v4/sports/americanfootball_nfl
2026,3,17a730b7d399feeab6a78c30767c29d2,2026-09-27T17:00:00Z,Bovada,bovada,2026-09-24T19:59:07Z,Indianapolis Colts,Houston Texans,David Montgomery,,,RB,player_rush_yds,Full Game,48.5,Under,-120,bovada|David Montgomery|player_rush_yds|48.5,0.54545455,0.51012146,https://api.the-odds-api.com/v4/sports/americanfootball_nfl
2026,3,17a730b7d399feeab6a78c30767c29d2,2026-09-27T17:00:00Z,Bovada,bovada,2026-09-24T19:59:07Z,Indianapolis Colts,Houston Texans,Jonathan Taylor,,,RB,player_rush_yds,Full Game,83.5,Over,-115,bovada|Jonathan Taylor|player_rush_yds|83.5,0.53488372,0.5,https://api.the-odds-api.com/v4/sports/americanfootball_nfl
2026,3,17a730b7d399feeab6a78c30767c29d2,2026-09-27T17:00:00Z,Bovada,bovada,2026-09-24T19:59:07Z,Indianapolis Colts,Houston Texans,Jonathan Taylor,,,RB,player_rush_yds,Full Game,83.5,Under,-115,bovada|Jonathan Taylor|player_rush_yds|83.5,0.53488372,0.5,https://api.the-odds-api.com/v4/sports/americanfootball_nfl
2026,3,17a730b7d399feeab6a78c30767c29d2,2026-09-27T17:00:00Z,Bovada,bovada,2026-09-24T19:59:07Z,Indianapolis Colts,Houston Texans,Woody Marks,,,RB,player_rush_yds,Full Game,27.5,Over,-120,bovada|Woody Marks|player_rush_yds|27.5,0.54545455,0.51012146,https://api.the-odds-api.com/v4/sports/americanfootball_nfl
2026,3,17a730b7d399feeab6a78c30767c29d2,2026-09-27T17:00:00Z,Bovada,bovada,2026-09-24T19:59:07Z,Indianapolis Colts,Houston Texans,Woody Marks,,,RB,player_rush_yds,Full Game,27.5,Under,-110,bovada|Woody Marks|player_rush_yds|27.5,0.52380952,0.48987854,https://api.the-odds-api.com/v4/sports/americanfootball_nfl
2026,3,17a730b7d399feeab6a78c30767c29d2,2026-09-27T17:00:00Z,Underdog,underdog,2026-09-24T19:58:54Z,Indianapolis Colts,Houston Texans,Jonathan Taylor,,,WR,player_reception_yds,Full Game,21.5,Over,-137,underdog|Jonathan Taylor|player_reception_yds|21.5,0.57805907,0.5,https://api.the-odds-api.com/v4/sports/americanfootball_nfl
2026,3,17a730b7d399feeab6a78c30767c29d2,2026-09-27T17:00:00Z,Underdog,underdog,2026-09-24T19:58:54Z,Indianapolis Colts,Houston Texans,Jonathan Taylor,,,WR,player_reception_yds,Full Game,21.5,Under,-137,underdog|Jonathan Taylor|player_reception_yds|21.5,0.57805907,0.5,https://api.the-odds-api.com/v4/sports/americanfootball_nfl
2026,3,17a730b7d399feeab6a78c30767c29d2,2026-09-27T17:00:00Z,Underdog,underdog,2026-09-24T19:58:54Z,Indianapolis Colts,Houston Texans,David Montgomery,,,WR,player_reception_yds,Full Game,7.5,Over,-137,underdog|David Montgomery|player_reception_yds|7.5,0.57805907,0.5,https://api.the-odds-api.com/v4/sports/americanfootball_nfl
2026,3,17a730b7d399feeab6a78c30767c29d2,2026-09-27T17:00:00Z,Underdog,underdog,2026-09-24T19:58:54Z,Indianapolis Colts,Houston Texans,David Montgomery,,,WR,player_reception_yds,Full Game,7.5,Under,-137,underdog|David Montgomery|player_reception_yds|7.5,0.57805907,0.5,https://api.the-odds-api.com/v4/sports/americanfootball_nfl
2026,3,17a730b7d399feeab6a78c30767c29d2,2026-09-27T17:00:00Z,Underdog,underdog,2026-09-24T19:58:54Z,Indianapolis Colts,Houston Texans,Keenan Allen,,,WR,player_reception_yds,Full Game,32.5,Over,-137,underdog|Keenan Allen|player_reception_yds|32.5,0.57805907,0.5,https://api.the-odds-api.com/v4/sports/americanfootball_nfl
2026,3,17a730b7d399feeab6a78c30767c29d2,2026-09-27T17:00:00Z,Underdog,underdog,2026-09-24T19:58:54Z,Indianapolis Colts,Houston Texans,Keenan Allen,,,WR,player_reception_yds,Full Game,32.5,Under,-137,underdog|Keenan Allen|player_reception_yds|32.5,0.57805907,0.5,https://api.the-odds-api.com/v4/sports/americanfootball_nfl
2026,3,17a730b7d399feeab6a78c30767c29d2,2026-09-27T17:00:00Z,Underdog,underdog,2026-09-24T19:58:54Z,Indianapolis Colts,Houston Texans,Tyler Warren,,,WR,player_reception_yds,Full Game,46.5,Over,-137,underdog|Tyler Warren|player_reception_yds|46.5,0.57805907,0.5,https://api.the-odds-api.com/v4/sports/americanfootball_nfl
2026,3,17a730b7d399feeab6a78c30767c29d2,2026-09-27T17:00:00Z,Underdog,underdog,2026-09-24T19:58:54Z,Indianapolis Colts,Houston Texans,Tyler Warren,,,WR,player_reception_yds,Full Game,46.5,Under,-137,underdog|Tyler Warren|player_reception_yds|46.5,0.57805907,0.5,https://api.the-odds-api.com/v4/sports/americanfootball_nfl
2026,3,17a730b7d399feeab6a78c30767c29d2,2026-09-27T17:00:00Z,Underdog,underdog,2026-09-24T19:58:54Z,Indianapolis Colts,Houston Texans,Josh Downs,,,WR,player_reception_yds,Full Game,50.5,Over,-137,underdog|Josh Downs|player_reception_yds|50.5,0.57805907,0.5,https://api.the-odds-api.com/v4/sports/americanfootball_nfl
2026,3,17a730b7d399feeab6a78c30767c29d2,2026-09-27T17:00:00Z,Underdog,underdog,2026-09-24T19:58:54Z,Indianapolis Colts,Houston Texans,Josh Downs,,,WR,player_reception_yds,Full Game,50.5,Under,-137,underdog|Josh Downs|player_reception_yds|50.5,0.57805907,0.5,https://api.the-odds-api.com/v4/sports/americanfootball_nfl
2026,3,17a730b7d399feeab6a78c30767c29d2,2026-09-27T17:00:00Z,Underdog,underdog,2026-09-24T19:58:54Z,Indianapolis Colts,Houston Texans,Dalton Schultz,,,WR,player_reception_yds,Full Game,50.5,Over,-137,underdog|Dalton Schultz|player_reception_yds|50.5,0.57805907,0.5,https://api.the-odds-api.com/v4/sports/americanfootball_nfl
2026,3,17a730b7d399feeab6a78c30767c29d2,2026-09-27T17:00:00Z,Underdog,underdog,2026-09-24T19:58:54Z,Indianapolis Colts,Houston Texans,Dalton Schultz,,,WR,player_reception_yds,Full Game,50.5,Under,-137,underdog|Dalton Schultz|player_reception_yds|50.5,0.57805907,0.5,https://api.the-odds-api.com/v4/sports/americanfootball_nfl
2026,3,17a730b7d399feeab6a78c30767c29d2,2026-09-27T17:00:00Z,Underdog,underdog,2026-09-24T19:58:54Z,Indianapolis Colts,Houston Texans,Woody Marks,,,WR,player_reception_yds,Full Game,10.5,Over,-137,underdog|Woody Marks|player_reception_yds|10.5,0.57805907,0.5,https://api.the-odds-api.com/v4/sports/americanfootball_nfl
2026,3,17a730b7d399feeab6a78c30767c29d2,2026-09-27T17:00:00Z,Underdog,underdog,2026-09-24T19:58:54Z,Indianapolis Colts,Houston Texans,Woody Marks,,,WR,player_reception_yds,Full Game,10.5,Under,-137,underdog|Woody Marks|player_reception_yds|10.5,0.57805907,0.5,https://api.the-odds-api.com/v4/sports/americanfootball_nfl
2026,3,17a730b7d399feeab6a78c30767c29d2,2026-09-27T17:00:00Z,Underdog,underdog,2026-09-24T19:58:54Z,Indianapolis Colts,Houston Texans,Xavier Hutchinson,,,WR,player_reception_yds,Full Game,38.5,Over,-137,underdog|Xavier Hutchinson|player_reception_yds|38.5,0.57805907,0.5,https://api.the-odds-api.com/v4/sports/americanfootball_nfl
2026,3,17a730b7d399feeab6a78c30767c29d2,2026-09-27T17:00:00Z,Underdog,underdog,2026-09-24T19:58:54Z,Indianapolis Colts,Houston Texans,Xavier Hutchinson,,,WR,player_reception_yds,Full Game,38.5,Under,-137,underdog|Xavier Hutchinson|player_reception_yds|38.5,0.57805907,0.5,https://api.the-odds-api.com/v4/sports/americanfootball_nfl
2026,3,17a730b7d399feeab6a78c30767c29d2,2026-09-27T17:00:00Z,Underdog,underdog,2026-09-24T19:58:54Z,Indianapolis Colts,Houston Texans,Kayshon Boutte,,,WR,player_reception_yds,Full Game,37.5,Over,-137,underdog|Kayshon Boutte|player_reception_yds|37.5,0.57805907,0.5,https://api.the-odds-api.com/v4/sports/americanfootball_nfl
2026,3,17a730b7d399feeab6a78c30767c29d2,2026-09-27T17:00:00Z,Underdog,underdog,2026-09-24T19:58:54Z,Indianapolis Colts,Houston Texans,Kayshon Boutte,,,WR,player_reception_yds,Full Game,37.5,Under,-137,underdog|Kayshon Boutte|player_reception_yds|37.5,0.57805907,0.5,https://api.the-odds-api.com/v4/sports/americanfootball_nfl
2026,3,17a730b7d399feeab6a78c30767c29d2,2026-09-27T17:00:00Z,Underdog,underdog,2026-09-24T19:58:54Z,Indianapolis Colts,Houston Texans,Jaylin Noel,,,WR,player_reception_yds,Full Game,27.5,Over,-137,underdog|Jaylin Noel|player_reception_yds|27.5,0.57805907,0.5,https://api.the-odds-api.com/v4/sports/americanfootball_nfl
2026,3,17a730b7d399feeab6a78c30767c29d2,2026-09-27T17:00:00Z,Underdog,underdog,2026-09-24T19:58:54Z,Indianapolis Colts,Houston Texans,Jaylin Noel,,,WR,player_reception_yds,Full Game,27.5,Under,-137,underdog|Jaylin Noel|player_reception_yds|27.5,0.57805907,0.5,https://api.the-odds-api.com/v4/sports/americanfootball_nfl
2026,3,17a730b7d399feeab6a78c30767c29d2,2026-09-27T17:00:00Z,Underdog,underdog,2026-09-24T19:58:54Z,Indianapolis Colts,Houston Texans,Jared Wayne,,,WR,player_reception_yds,Full Game,13.5,Over,-137,underdog|Jared Wayne|player_reception_yds|13.5,0.57805907,0.5,https://api.the-odds-api.com/v4/sports/americanfootball_nfl
2026,3,17a730b7d399feeab6a78c30767c29d2,2026-09-27T17:00:00Z,Underdog,underdog,2026-09-24T19:58:54Z,Indianapolis Colts,Houston Texans,Jared Wayne,,,WR,player_reception_yds,Full Game,13.5,Under,-137,underdog|Jared Wayne|player_reception_yds|13.5,0.57805907,0.5,https://api.the-odds-api.com/v4/sports/americanfootball_nfl
2026,3,17a730b7d399feeab6a78c30767c29d2,2026-09-27T17:00:00Z,Underdog,underdog,2026-09-24T19:58:54Z,Indianapolis Colts,Houston Texans,Laquon Treadwell,,,WR,player_reception_yds,Full Game,16.5,Over,-137,underdog|Laquon Treadwell|player_reception_yds|16.5,0.57805907,0.5,https://api.the-odds-api.com/v4/sports/americanfootball_nfl
2026,3,17a730b7d399feeab6a78c30767c29d2,2026-09-27T17:00:00Z,Underdog,underdog,2026-09-24T19:58:54Z,Indianapolis Colts,Houston Texans,Laquon Treadwell,,,WR,player_reception_yds,Full Game,16.5,Under,-137,underdog|Laquon Treadwell|player_reception_yds|16.5,0.57805907,0.5,https://api.the-odds-api.com/v4/sports/americanfootball_nfl
2026,3,17a730b7d399feeab6a78c30767c29d2,2026-09-27T17:00:00Z,Underdog,underdog,2026-09-24T19:58:54Z,Indianapolis Colts,Houston Texans,Foster Moreau,,,WR,player_reception_yds,Full Game,5.5,Over,-137,underdog|Foster Moreau|player_reception_yds|5.5,0.57805907,0.5,https://api.the-odds-api.com/v4/sports/americanfootball_nfl
2026,3,17a730b7d399feeab6a78c30767c29d2,2026-09-27T17:00:00Z,Underdog,underdog,2026-09-24T19:58:54Z,Indianapolis Colts,Houston Texans,Foster Moreau,,,WR,player_reception_yds,Full Game,5.5,Under,-137,underdog|Foster Moreau|player_reception_yds|5.5,0.57805907,0.5,https://api.the-odds-api.com/v4/sports/americanfootball_nfl
2026,3,17a730b7d399feeab6a78c30767c29d2,2026-09-27T17:00:00Z,Underdog,underdog,2026-09-24T19:58:54Z,Indianapolis Colts,Houston Texans,Jonathan Taylor,,,RB,player_rush_yds,Full Game,81.5,Over,-137,underdog|Jonathan Taylor|player_rush_yds|81.5,0.57805907,0.5,https://api.the-odds-api.com/v4/sports/americanfootball_nfl
2026,3,17a730b7d399feeab6a78c30767c29d2,2026-09-27T17:00:00Z,Underdog,underdog,2026-09-24T19:58:54Z,Indianapolis Colts,Houston Texans,Jonathan Taylor,,,RB,player_rush_yds,Full Game,81.5,Under,-137,underdog|Jonathan Taylor|player_rush_yds|81.5,0.57805907,0.5,https://api.the-odds-api.com/v4/sports/americanfootball_nfl
2026,3,17a730b7d399feeab6a78c30767c29d2,2026-09-27T17:00:00Z,Underdog,underdog,2026-09-24T19:58:54Z,Indianapolis Colts,Houston Texans,David Montgomery,,,RB,player_rush_yds,Full Game,48.5,Over,-137,underdog|David Montgomery|player_rush_yds|48.5,0.57805907,0.5,https://api.the-odds-api.com/v4/sports/americanfootball_nfl
2026,3,17a730b7d399feeab6a78c30767c29d2,2026-09-27T17:00:00Z,Underdog,underdog,2026-09-24T19:58:54Z,Indianapolis Colts,Houston Texans,David Montgomery,,,RB,player_rush_yds,Full Game,48.5,Under,-137,underdog|David Montgomery|player_rush_yds|48.5,0.57805907,0.5,https://api.the-odds-api.com/v4/sports/americanfootball_nfl
2026,3,17a730b7d399feeab6a78c30767c29d2,2026-09-27T17:00:00Z,Underdog,underdog,2026-09-24T19:58:54Z,Indianapolis Colts,Houston Texans,Daniel Jones,,,RB,player_rush_yds,Full Game,9.5,Over,-137,underdog|Daniel Jones|player_rush_yds|9.5,0.57805907,0.5,https://api.the-odds-api.com/v4/sports/americanfootball_nfl
2026,3,17a730b7d399feeab6a78c30767c29d2,2026-09-27T17:00:00Z,Underdog,underdog,2026-09-24T19:58:54Z,Indianapolis Colts,Houston Texans,Daniel Jones,,,RB,player_rush_yds,Full Game,9.5,Under,-137,underdog|Daniel Jones|player_rush_yds|9.5,0.57805907,0.5,https://api.the-odds-api.com/v4/sports/americanfootball_nfl
2026,3,17a730b7d399feeab6a78c30767c29d2,2026-09-27T17:00:00Z,Underdog,underdog,2026-09-24T19:58:54Z,Indianapolis Colts,Houston Texans,Woody Marks,,,RB,player_rush_yds,Full Game,27.5,Over,-137,underdog|Woody Marks|player_rush_yds|27.5,0.57805907,0.5,https://api.the-odds-api.com/v4/sports/americanfootball_nfl
2026,3,17a730b7d399feeab6a78c30767c29d2,2026-09-27T17:00:00Z,Underdog,underdog,2026-09-24T19:58:54Z,Indianapolis Colts,Houston Texans,Woody Marks,,,RB,player_rush_yds,Full Game,27.5,Under,-137,underdog|Woody Marks|player_rush_yds|27.5,0.57805907,0.5,https://api.the-odds-api.com/v4/sports/americanfootball_nfl
2026,3,17a730b7d399feeab6a78c30767c29d2,2026-09-27T17:00:00Z,Underdog,underdog,2026-09-24T19:58:54Z,Indianapolis Colts,Houston Texans,C.J. Stroud,,,RB,player_rush_yds,Full Game,9.5,Over,-137,underdog|C.J. Stroud|player_rush_yds|9.5,0.57805907,0.5,https://api.the-odds-api.com/v4/sports/americanfootball_nfl
2026,3,17a730b7d399feeab6a78c30767c29d2,2026-09-27T17:00:00Z,Underdog,underdog,2026-09-24T19:58:54Z,Indianapolis Colts,Houston Texans,C.J. Stroud,,,RB,player_rush_yds,Full Game,9.5,Under,-137,underdog|C.J. Stroud|player_rush_yds|9.5,0.57805907,0.5,https://api.the-odds-api.com/v4/sports/americanfootball_nfl
2026,3,17a730b7d399feeab6a78c30767c29d2,2026-09-27T17:00:00Z,PrizePicks,prizepicks,2026-09-24T19:58:24Z,Indianapolis Colts,Houston Texans,Josh Downs,,,WR,player_reception_yds,Full Game,50.5,Over,-137,prizepicks|Josh Downs|player_reception_yds|50.5,0.57805907,0.5,https://api.the-odds-api.com/v4/sports/americanfootball_nfl
2026,3,17a730b7d399feeab6a78c30767c29d2,2026-09-27T17:00:00Z,PrizePicks,prizepicks,2026-09-24T19:58:24Z,Indianapolis Colts,Houston Texans,Josh Downs,,,WR,player_reception_yds,Full Game,50.5,Under,-137,prizepicks|Josh Downs|player_reception_yds|50.5,0.57805907,0.5,https://api.the-odds-api.com/v4/sports/americanfootball_nfl
2026,3,17a730b7d399feeab6a78c30767c29d2,2026-09-27T17:00:00Z,PrizePicks,prizepicks,2026-09-24T19:58:24Z,Indianapolis Colts,Houston Texans,Dalton Schultz,,,WR,player_reception_yds,Full Game,49.5,Over,-137,prizepicks|Dalton Schultz|player_reception_yds|49.5,0.57805907,0.5,https://api.the-odds-api.com/v4/sports/americanfootball_nfl
2026,3,17a730b7d399feeab6a78c30767c29d2,2026-09-27T17:00:00Z,PrizePicks,prizepicks,2026-09-24T19:58:24Z,Indianapolis Colts,Houston Texans,Dalton Schultz,,,WR,player_reception_yds,Full Game,49.5,Under,-137,prizepicks|Dalton Schultz|player_reception_yds|49.5,0.57805907,0.5,https://api.the-odds-api.com/v4/sports/americanfootball_nfl
2026,3,17a730b7d399feeab6a78c30767c29d2,2026-09-27T17:00:00Z,PrizePicks,prizepicks,2026-09-24T19:58:24Z,Indianapolis Colts,Houston Texans,Tyler Warren,,,WR,player_reception_yds,Full Game,44.5,Over,-137,prizepicks|Tyler Warren|player_reception_yds|44.5,0.57805907,0.5,https://api.the-odds-api.com/v4/sports/americanfootball_nfl
2026,3,17a730b7d399feeab6a78c30767c29d2,2026-09-27T17:00:00Z,PrizePicks,prizepicks,2026-09-24T19:58:24Z,Indianapolis Colts,Houston Texans,Tyler Warren,,,WR,player_reception_yds,Full Game,44.5,Under,-137,prizepicks|Tyler Warren|player_reception_yds|44.5,0.57805907,0.5,https://api.the-odds-api.com/v4/sports/americanfootball_nfl
2026,3,17a730b7d399feeab6a78c30767c29d2,2026-09-27T17:00:00Z,PrizePicks,prizepicks,2026-09-24T19:58:24Z,Indianapolis Colts,Houston Texans,Xavier Hutchinson,,,WR,player_reception_yds,Full Game,39.5,Over,-137,prizepicks|Xavier Hutchinson|player_reception_yds|39.5,0.57805907,0.5,https://api.the-odds-api.com/v4/sports/americanfootball_nfl
2026,3,17a730b7d399feeab6a78c30767c29d2,2026-09-27T17:00:00Z,PrizePicks,prizepicks,2026-09-24T19:58:24Z,Indianapolis Colts,Houston Texans,Xavier Hutchinson,,,WR,player_reception_yds,Full Game,39.5,Under,-137,prizepicks|Xavier Hutchinson|player_reception_yds|39.5,0.57805907,0.5,https://api.the-odds-api.com/v4/sports/americanfootball_nfl
2026,3,17a730b7d399feeab6a78c30767c29d2,2026-09-27T17:00:00Z,PrizePicks,prizepicks,2026-09-24T19:58:24Z,Indianapolis Colts,Houston Texans,Kayshon Boutte,,,WR,player_reception_yds,Full Game,37.5,Over,-137,prizepicks|Kayshon Boutte|player_reception_yds|37.5,0.57805907,0.5,https://api.the-odds-api.com/v4/sports/americanfootball_nfl
2026,3,17a730b7d399feeab6a78c30767c29d2,2026-09-27T17:00:00Z,PrizePicks,prizepicks,2026-09-24T19:58:24Z,Indianapolis Colts,Houston Texans,Kayshon Boutte,,,WR,player_reception_yds,Full Game,37.5,Under,-137,prizepicks|Kayshon Boutte|player_reception_yds|37.5,0.57805907,0.5,https://api.the-odds-api.com/v4/sports/americanfootball_nfl
2026,3,17a730b7d399feeab6a78c30767c29d2,2026-09-27T17:00:00Z,PrizePicks,prizepicks,2026-09-24T19:58:24Z,Indianapolis Colts,Houston Texans,Keenan Allen,,,WR,player_reception_yds,Full Game,32.5,Over,-137,prizepicks|Keenan Allen|player_reception_yds|32.5,0.57805907,0.5,https://api.the-odds-api.com/v4/sports/americanfootball_nfl
2026,3,17a730b7d399feeab6a78c30767c29d2,2026-09-27T17:00:00Z,PrizePicks,prizepicks,2026-09-24T19:58:24Z,Indianapolis Colts,Houston Texans,Keenan Allen,,,WR,player_reception_yds,Full Game,32.5,Under,-137,prizepicks|Keenan Allen|player_reception_yds|32.5,0.57805907,0.5,https://api.the-odds-api.com/v4/sports/americanfootball_nfl
2026,3,17a730b7d399feeab6a78c30767c29d2,2026-09-27T17:00:00Z,PrizePicks,prizepicks,2026-09-24T19:58:24Z,Indianapolis Colts,Houston Texans,Jaylin Noel,,,WR,player_reception_yds,Full Game,25.5,Over,-137,prizepicks|Jaylin Noel|player_reception_yds|25.5,0.57805907,0.5,https://api.the-odds-api.com/v4/sports/americanfootball_nfl
2026,3,17a730b7d399feeab6a78c30767c29d2,2026-09-27T17:00:00Z,PrizePicks,prizepicks,2026-09-24T19:58:24Z,Indianapolis Colts,Houston Texans,Jaylin Noel,,,WR,player_reception_yds,Full Game,25.5,Under,-137,prizepicks|Jaylin Noel|player_reception_yds|25.5,0.57805907,0.5,https://api.the-odds-api.com/v4/sports/americanfootball_nfl
2026,3,17a730b7d399feeab6a78c30767c29d2,2026-09-27T17:00:00Z,PrizePicks,prizepicks,2026-09-24T19:58:24Z,Indianapolis Colts,Houston Texans,Jonathan Taylor,,,WR,player_reception_yds,Full Game,19.5,Over,-137,prizepicks|Jonathan Taylor|player_reception_yds|19.5,0.57805907,0.5,https://api.the-odds-api.com/v4/sports/americanfootball_nfl
2026,3,17a730b7d399feeab6a78c30767c29d2,2026-09-27T17:00:00Z,PrizePicks,prizepicks,2026-09-24T19:58:24Z,Indianapolis Colts,Houston Texans,Jonathan Taylor,,,WR,player_reception_yds,Full Game,19.5,Under,-137,prizepicks|Jonathan Taylor|player_reception_yds|19.5,0.57805907,0.5,https://api.the-odds-api.com/v4/sports/americanfootball_nfl
2026,3,17a730b7d399feeab6a78c30767c29d2,2026-09-27T17:00:00Z,PrizePicks,prizepicks,2026-09-24T19:58:24Z,Indianapolis Colts,Houston Texans,Laquon Treadwell,,,WR,player_reception_yds,Full Game,16.5,Over,-137,prizepicks|Laquon Treadwell|player_reception_yds|16.5,0.57805907,0.5,https://api.the-odds-api.com/v4/sports/americanfootball_nfl
2026,3,17a730b7d399feeab6a78c30767c29d2,2026-09-27T17:00:00Z,PrizePicks,prizepicks,2026-09-24T19:58:24Z,Indianapolis Colts,Houston Texans,Laquon Treadwell,,,WR,player_reception_yds,Full Game,16.5,Under,-137,prizepicks|Laquon Treadwell|player_reception_yds|16.5,0.57805907,0.5,https://api.the-odds-api.com/v4/sports/americanfootball_nfl
2026,3,17a730b7d399feeab6a78c30767c29d2,2026-09-27T17:00:00Z,PrizePicks,prizepicks,2026-09-24T19:58:24Z,Indianapolis Colts,Houston Texans,Darius Slayton,,,WR,player_reception_yds,Full Game,15.5,Over,-137,prizepicks|Darius Slayton|player_reception_yds|15.5,0.57805907,0.5,https://api.the-odds-api.com/v4/sports/americanfootball_nfl
2026,3,17a730b7d399feeab6a78c30767c29d2,2026-09-27T17:00:00Z,PrizePicks,prizepicks,2026-09-24T19:58:24Z,Indianapolis Colts,Houston Texans,Darius Slayton,,,WR,player_reception_yds,Full Game,15.5,Under,-137,prizepicks|Darius Slayton|player_reception_yds|15.5,0.57805907,0.5,https://api.the-odds-api.com/v4/sports/americanfootball_nfl
2026,3,17a730b7d399feeab6a78c30767c29d2,2026-09-27T17:00:00Z,PrizePicks,prizepicks,2026-09-24T19:58:24Z,Indianapolis Colts,Houston Texans,Jared Wayne,,,WR,player_reception_yds,Full Game,12.5,Over,-137,prizepicks|Jared Wayne|player_reception_yds|12.5,0.57805907,0.5,https://api.the-odds-api.com/v4/sports/americanfootball_nfl
2026,3,17a730b7d399feeab6a78c30767c29d2,2026-09-27T17:00:00Z,PrizePicks,prizepicks,2026-09-24T19:58:24Z,Indianapolis Colts,Houston Texans,Jared Wayne,,,WR,player_reception_yds,Full Game,12.5,Under,-137,prizepicks|Jared Wayne|player_reception_yds|12.5,0.57805907,0.5,https://api.the-odds-api.com/v4/sports/americanfootball_nfl
2026,3,17a730b7d399feeab6a78c30767c29d2,2026-09-27T17:00:00Z,PrizePicks,prizepicks,2026-09-24T19:58:24Z,Indianapolis Colts,Houston Texans,Woody Marks,,,WR,player_reception_yds,Full Game,10.5,Over,-137,prizepicks|Woody Marks|player_reception_yds|10.5,0.57805907,0.5,https://api.the-odds-api.com/v4/sports/americanfootball_nfl
2026,3,17a730b7d399feeab6a78c30767c29d2,2026-09-27T17:00:00Z,PrizePicks,prizepicks,2026-09-24T19:58:24Z,Indianapolis Colts,Houston Texans,Woody Marks,,,WR,player_reception_yds,Full Game,10.5,Under,-137,prizepicks|Woody Marks|player_reception_yds|10.5,0.57805907,0.5,https://api.the-odds-api.com/v4/sports/americanfootball_nfl
2026,3,17a730b7d399feeab6a78c30767c29d2,2026-09-27T17:00:00Z,PrizePicks,prizepicks,2026-09-24T19:58:24Z,Indianapolis Colts,Houston Texans,David Montgomery,,,WR,player_reception_yds,Full Game,7.5,Over,-137,prizepicks|David Montgomery|player_reception_yds|7.5,0.57805907,0.5,https://api.the-odds-api.com/v4/sports/americanfootball_nfl
2026,3,17a730b7d399feeab6a78c30767c29d2,2026-09-27T17:00:00Z,PrizePicks,prizepicks,2026-09-24T19:58:24Z,Indianapolis Colts,Houston Texans,David Montgomery,,,WR,player_reception_yds,Full Game,7.5,Under,-137,prizepicks|David Montgomery|player_reception_yds|7.5,0.57805907,0.5,https://api.the-odds-api.com/v4/sports/americanfootball_nfl
2026,3,17a730b7d399feeab6a78c30767c29d2,2026-09-27T17:00:00Z,PrizePicks,prizepicks,2026-09-24T19:58:24Z,Indianapolis Colts,Houston Texans,Foster Moreau,,,WR,player_reception_yds,Full Game,5.5,Over,-137,prizepicks|Foster Moreau|player_reception_yds|5.5,0.57805907,0.5,https://api.the-odds-api.com/v4/sports/americanfootball_nfl
2026,3,17a730b7d399feeab6a78c30767c29d2,2026-09-27T17:00:00Z,PrizePicks,prizepicks,2026-09-24T19:58:24Z,Indianapolis Colts,Houston Texans,Foster Moreau,,,WR,player_reception_yds,Full Game,5.5,Under,-137,prizepicks|Foster Moreau|player_reception_yds|5.5,0.57805907,0.5,https://api.the-odds-api.com/v4/sports/americanfootball_nfl
2026,3,17a730b7d399feeab6a78c30767c29d2,2026-09-27T17:00:00Z,PrizePicks,prizepicks,2026-09-24T19:58:24Z,Indianapolis Colts,Houston Texans,Jonathan Taylor,,,RB,player_rush_yds,Full Game,82.5,Over,-137,prizepicks|Jonathan Taylor|player_rush_yds|82.5,0.57805907,0.5,https://api.the-odds-api.com/v4/sports/americanfootball_nfl
2026,3,17a730b7d399feeab6a78c30767c29d2,2026-09-27T17:00:00Z,PrizePicks,prizepicks,2026-09-24T19:58:24Z,Indianapolis Colts,Houston Texans,Jonathan Taylor,,,RB,player_rush_yds,Full Game,82.5,Under,-137,prizepicks|Jonathan Taylor|player_rush_yds|82.5,0.57805907,0.5,https://api.the-odds-api.com/v4/sports/americanfootball_nfl
2026,3,17a730b7d399feeab6a78c30767c29d2,2026-09-27T17:00:00Z,PrizePicks,prizepicks,2026-09-24T19:58:24Z,Indianapolis Colts,Houston Texans,David Montgomery,,,RB,player_rush_yds,Full Game,48.5,Over,-137,prizepicks|David Montgomery|player_rush_yds|48.5,0.57805907,0.5,https://api.the-odds-api.com/v4/sports/americanfootball_nfl
2026,3,17a730b7d399feeab6a78c30767c29d2,2026-09-27T17:00:00Z,PrizePicks,prizepicks,2026-09-24T19:58:24Z,Indianapolis Colts,Houston Texans,David Montgomery,,,RB,player_rush_yds,Full Game,48.5,Under,-137,prizepicks|David Montgomery|player_rush_yds|48.5,0.57805907,0.5,https://api.the-odds-api.com/v4/sports/americanfootball_nfl
2026,3,17a730b7d399feeab6a78c30767c29d2,2026-09-27T17:00:00Z,PrizePicks,prizepicks,2026-09-24T19:58:24Z,Indianapolis Colts,Houston Texans,Woody Marks,,,RB,player_rush_yds,Full Game,27.5,Over,-137,prizepicks|Woody Marks|player_rush_yds|27.5,0.57805907,0.5,https://api.the-odds-api.com/v4/sports/americanfootball_nfl
2026,3,17a730b7d399feeab6a78c30767c29d2,2026-09-27T17:00:00Z,PrizePicks,prizepicks,2026-09-24T19:58:24Z,Indianapolis Colts,Houston Texans,Woody Marks,,,RB,player_rush_yds,Full Game,27.5,Under,-137,prizepicks|Woody Marks|player_rush_yds|27.5,0.57805907,0.5,https://api.the-odds-api.com/v4/sports/americanfootball_nfl
2026,3,17a730b7d399feeab6a78c30767c29d2,2026-09-27T17:00:00Z,PrizePicks,prizepicks,2026-09-24T19:58:24Z,Indianapolis Colts,Houston Texans,C.J. Stroud,,,RB,player_rush_yds,Full Game,9.5,Over,-137,prizepicks|C.J. Stroud|player_rush_yds|9.5,0.57805907,0.5,https://api.the-odds-api.com/v4/sports/americanfootball_nfl
2026,3,17a730b7d399feeab6a78c30767c29d2,2026-09-27T17:00:00Z,PrizePicks,prizepicks,2026-09-24T19:58:24Z,Indianapolis Colts,Houston Texans,C.J. Stroud,,,RB,player_rush_yds,Full Game,9.5,Under,-137,prizepicks|C.J. Stroud|player_rush_yds|9.5,0.57805907,0.5,https://api.the-odds-api.com/v4/sports/americanfootball_nfl
2026,3,17a730b7d399feeab6a78c30767c29d2,2026-09-27T17:00:00Z,PrizePicks,prizepicks,2026-09-24T19:58:24Z,Indianapolis Colts,Houston Texans,Daniel Jones,,,RB,player_rush_yds,Full Game,9.5,Over,-137,prizepicks|Daniel Jones|player_rush_yds|9.5,0.57805907,0.5,https://api.the-odds-api.com/v4/sports/americanfootball_nfl
2026,3,17a730b7d399feeab6a78c30767c29d2,2026-09-27T17:00:00Z,PrizePicks,prizepicks,2026-09-24T19:58:24Z,Indianapolis Colts,Houston Texans,Daniel Jones,,,RB,player_rush_yds,Full Game,9.5,Under,-137,prizepicks|Daniel Jones|player_rush_yds|9.5,0.57805907,0.5,https://api.the-odds-api.com/v4/sports/americanfootball_nfl
2026,3,1f3cfd315a24d1a7dd5859a8e6b88e18,2026-09-27T17:00:00Z,DraftKings,draftkings,2026-09-24T19:59:05Z,Jacksonville Jaguars,New England Patriots,Parker Washington,,,WR,player_reception_yds,Full Game,62.5,Over,-110,draftkings|Parker Washington|player_reception_yds|62.5,0.52380952,0.4957877,https://api.the-odds-api.com/v4/sports/americanfootball_nfl
2026,3,1f3cfd315a24d1a7dd5859a8e6b88e18,2026-09-27T17:00:00Z,DraftKings,draftkings,2026-09-24T19:59:05Z,Jacksonville Jaguars,New England Patriots,Parker Washington,,,WR,player_reception_yds,Full Game,62.5,Under,-114,draftkings|Parker Washington|player_reception_yds|62.5,0.53271028,0.5042123,https://api.the-odds-api.com/v4/sports/americanfootball_nfl
2026,3,1f3cfd315a24d1a7dd5859a8e6b88e18,2026-09-27T17:00:00Z,DraftKings,draftkings,2026-09-24T19:59:05Z,Jacksonville Jaguars,New England Patriots,Romeo Doubs,,,WR,player_reception_yds,Full Game,43.5,Over,-113,draftkings|Romeo Doubs|player_reception_yds|43.5,0.53051643,0.50210588,https://api.the-odds-api.com/v4/sports/americanfootball_nfl
2026,3,1f3cfd315a24d1a7dd5859a8e6b88e18,2026-09-27T17:00:00Z,DraftKings,draftkings,2026-09-24T19:59:05Z,Jacksonville Jaguars,New England Patriots,Romeo Doubs,,,WR,player_reception_yds,Full Game,43.5,Under,-111,draftkings|Romeo Doubs|player_reception_yds|43.5,0.52606635,0.49789412,https://api.the-odds-api.com/v4/sports/americanfootball_nfl
2026,3,1f3cfd315a24d1a7dd5859a8e6b88e18,2026-09-27T17:00:00Z,DraftKings,draftkings,2026-09-24T19:59:05Z,Jacksonville Jaguars,New England Patriots,Hunter Henry,,,WR,player_reception_yds,Full Game,41.5,Over,-115,draftkings|Hunter Henry|player_reception_yds|41.5,0.53488372,0.50631978,https://api.the-odds-api.com/v4/sports/americanfootball_nfl
2026,3,1f3cfd315a24d1a7dd5859a8e6b88e18,2026-09-27T17:00:00Z,DraftKings,draftkings,2026-09-24T19:59:05Z,Jacksonville Jaguars,New England Patriots,Hunter Henry,,,WR,player_reception_yds,Full Game,41.5,Under,-109,draftkings|Hunter Henry|player_reception_yds|41.5,0.5215311,0.49368022,https://api.the-odds-api.com/v4/sports/americanfootball_nfl
2026,3,1f3cfd315a24d1a7dd5859a8e6b88e18,2026-09-27T17:00:00Z,DraftKings,draftkings,2026-09-24T19:59:05Z,Jacksonville Jaguars,New England Patriots,Brian Thomas Jr,,,WR,player_reception_yds,Full Game,37.5,Over,-110,draftkings|Brian Thomas Jr|player_reception_yds|37.5,0.52380952,0.4957877,https://api.the-odds-api.com/v4/sports/americanfootball_nfl
2026,3,1f3cfd315a24d1a7dd5859a8e6b88e18,2026-09-27T17:00:00Z,DraftKings,draftkings,2026-09-24T19:59:05Z,Jacksonville Jaguars,New England Patriots,Brian Thomas Jr,,,WR,player_reception_yds,Full Game,37.5,Under,-114,draftkings|Brian Thomas Jr|player_reception_yds|37.5,0.53271028,0.5042123,https://api.the-odds-api.com/v4/sports/americanfootball_nfl
2026,3,1f3cfd315a24d1a7dd5859a8e6b88e18,2026-09-27T17:00:00Z,DraftKings,draftkings,2026-09-24T19:59:05Z,Jacksonville Jaguars,New England Patriots,Jakobi Meyers,,,WR,player_reception_yds,Full Game,35.5,Over,-114,draftkings|Jakobi Meyers|player_reception_yds|35.5,0.53271028,0.5042123,https://api.the-odds-api.com/v4/sports/americanfootball_nfl
2026,3,1f3cfd315a24d1a7dd5859a8e6b88e18,2026-09-27T17:00:00Z,DraftKings,draftkings,2026-09-24T19:59:05Z,Jacksonville Jaguars,New England Patriots,Jakobi Meyers,,,WR,player_reception_yds,Full Game,35.5,Under,-110,draftkings|Jakobi Meyers|player_reception_yds|35.5,0.52380952,0.4957877,https://api.the-odds-api.com/v4/sports/americanfootball_nfl
2026,3,1f3cfd315a24d1a7dd5859a8e6b88e18,2026-09-27T17:00:00Z,DraftKings,draftkings,2026-09-24T19:59:05Z,Jacksonville Jaguars,New England Patriots,Mack Hollins,,,WR,player_reception_yds,Full Game,33.5,Over,-111,draftkings|Mack Hollins|player_reception_yds|33.5,0.52606635,0.49893987,https://api.the-odds-api.com/v4/sports/americanfootball_nfl
2026,3,1f3cfd315a24d1a7dd5859a8e6b88e18,2026-09-27T17:00:00Z,DraftKings,draftkings,2026-09-24T19:59:05Z,Jacksonville Jaguars,New England Patriots,Mack Hollins,,,WR,player_reception_yds,Full Game,33.5,Under,-112,draftkings|Mack Hollins|player_reception_yds|33.5,0.52830189,0.50106013,https://api.the-odds-api.com/v4/sports/americanfootball_nfl
2026,3,1f3cfd315a24d1a7dd5859a8e6b88e18,2026-09-27T17:00:00Z,DraftKings,draftkings,2026-09-24T19:59:05Z,Jacksonville Jaguars,New England Patriots,DeMario Douglas,,,WR,player_reception_yds,Full Game,28.5,Over,-115,draftkings|DeMario Douglas|player_reception_yds|28.5,0.53488372,0.50631978,https://api.the-odds-api.com/v4/sports/americanfootball_nfl
2026,3,1f3cfd315a24d1a7dd5859a8e6b88e18,2026-09-27T17:00:00Z,DraftKings,draftkings,2026-09-24T19:59:05Z,Jacksonville Jaguars,New England Patriots,DeMario Douglas,,,WR,player_reception_yds,Full Game,28.5,Under,-109,draftkings|DeMario Douglas|player_reception_yds|28.5,0.5215311,0.49368022,https://api.the-odds-api.com/v4/sports/americanfootball_nfl
2026,3,1f3cfd315a24d1a7dd5859a8e6b88e18,2026-09-27T17:00:00Z,DraftKings,draftkings,2026-09-24T19:59:05Z,Jacksonville Jaguars,New England Patriots,Brenton Strange,,,WR,player_reception_yds,Full Game,26.5,Over,-112,draftkings|Brenton Strange|player_reception_yds|26.5,0.52830189,0.5,https://api.the-odds-api.com/v4/sports/americanfootball_nfl
2026,3,1f3cfd315a24d1a7dd5859a8e6b88e18,2026-09-27T17:00:00Z,DraftKings,draftkings,2026-09-24T19:59:05Z,Jacksonville Jaguars,New England Patriots,Brenton Strange,,,WR,player_reception_yds,Full Game,26.5,Under,-112,draftkings|Brenton Strange|player_reception_yds|26.5,0.52830189,0.5,https://api.the-odds-api.com/v4/sports/americanfootball_nfl
2026,3,1f3cfd315a24d1a7dd5859a8e6b88e18,2026-09-27T17:00:00Z,DraftKings,draftkings,2026-09-24T19:59:05Z,Jacksonville Jaguars,New England Patriots,Rhamondre Stevenson,,,WR,player_reception_yds,Full Game,14.5,Over,-107,draftkings|Rhamondre Stevenson|player_reception_yds|14.5,0.51690821,0.48945992,https://api.the-odds-api.com/v4/sports/americanfootball_nfl
2026,3,1f3cfd315a24d1a7dd5859a8e6b88e18,2026-09-27T17:00:00Z,DraftKings,draftkings,2026-09-24T19:59:05Z,Jacksonville Jaguars,New England Patriots,Rhamondre Stevenson,,,WR,player_reception_yds,Full Game,14.5,Under,-117,draftkings|Rhamondre Stevenson|player_reception_yds|14.5,0.53917051,0.51054008,https://api.the-odds-api.com/v4/sports/americanfootball_nfl
2026,3,1f3cfd315a24d1a7dd5859a8e6b88e18,2026-09-27T17:00:00Z,DraftKings,draftkings,2026-09-24T19:59:05Z,Jacksonville Jaguars,New England Patriots,Bhayshul Tuten,,,WR,player_reception_yds,Full Game,9.5,Over,-111,draftkings|Bhayshul Tuten|player_reception_yds|9.5,0.52606635,0.49789412,https://api.the-odds-api.com/v4/sports/americanfootball_nfl
2026,3,1f3cfd315a24d1a7dd5859a8e6b88e18,2026-09-27T17:00:00Z,DraftKings,draftkings,2026-09-24T19:59:05Z,Jacksonville Jaguars,New England Patriots,Bhayshul Tuten,,,WR,player_reception_yds,Full Game,9.5,Under,-113,draftkings|Bhayshul Tuten|player_reception_yds|9.5,0.53051643,0.50210588,https://api.the-odds-api.com/v4/sports/americanfootball_nfl
2026,3,1f3cfd315a24d1a7dd5859a8e6b88e18,2026-09-27T17:00:00Z,DraftKings,draftkings,2026-09-24T19:59:05Z,Jacksonville Jaguars,New England Patriots,TreVeyon Henderson,,,WR,player_reception_yds,Full Game,8.5,Over,-110,draftkings|TreVeyon Henderson|player_reception_yds|8.5,0.52380952,0.4957877,https://api.the-odds-api.com/v4/sports/americanfootball_nfl
2026,3,1f3cfd315a24d1a7dd5859a8e6b88e18,2026-09-27T17:00:00Z,DraftKings,draftkings,2026-09-24T19:59:05Z,Jacksonville Jaguars,New England Patriots,TreVeyon Henderson,,,WR,player_reception_yds,Full Game,8.5,Under,-114,draftkings|TreVeyon Henderson|player_reception_yds|8.5,0.53271028,0.5042123,https://api.the-odds-api.com/v4/sports/americanfootball_nfl
2026,3,1f3cfd315a24d1a7dd5859a8e6b88e18,2026-09-27T17:00:00Z,DraftKings,draftkings,2026-09-24T19:59:05Z,Jacksonville Jaguars,New England Patriots,Bhayshul Tuten,,,RB,player_rush_yds,Full Game,53.5,Over,-113,draftkings|Bhayshul Tuten|player_rush_yds|53.5,0.53051643,0.50210588,https://api.the-odds-api.com/v4/sports/americanfootball_nfl
2026,3,1f3cfd315a24d1a7dd5859a8e6b88e18,2026-09-27T17:00:00Z,DraftKings,draftkings,2026-09-24T19:59:05Z,Jacksonville Jaguars,New England Patriots,Bhayshul Tuten,,,RB,player_rush_yds,Full Game,53.5,Under,-111,draftkings|Bhayshul Tuten|player_rush_yds|53.5,0.52606635,0.49789412,https://api.the-odds-api.com/v4/sports/americanfootball_nfl
2026,3,1f3cfd315a24d1a7dd5859a8e6b88e18,2026-09-27T17:00:00Z,DraftKings,draftkings,2026-09-24T19:59:05Z,Jacksonville Jaguars,New England Patriots,TreVeyon Henderson,,,RB,player_rush_yds,Full Game,39.5,Over,-115,draftkings|TreVeyon Henderson|player_rush_yds|39.5,0.53488372,0.50631978,https://api.the-odds-api.com/v4/sports/americanfootball_nfl
2026,3,1f3cfd315a24d1a7dd5859a8e6b88e18,2026-09-27T17:00:00Z,DraftKings,draftkings,2026-09-24T19:59:05Z,Jacksonville Jaguars,New England Patriots,TreVeyon Henderson,,,RB,player_rush_yds,Full Game,39.5,Under,-109,draftkings|TreVeyon Henderson|player_rush_yds|39.5,0.5215311,0.49368022,https://api.the-odds-api.com/v4/sports/americanfootball_nfl
2026,3,1f3cfd315a24d1a7dd5859a8e6b88e18,2026-09-27T17:00:00Z,DraftKings,draftkings,2026-09-24T19:59:05Z,Jacksonville Jaguars,New England Patriots,Rhamondre Stevenson,,,RB,player_rush_yds,Full Game,37.5,Over,-115,draftkings|Rhamondre Stevenson|player_rush_yds|37.5,0.53488372,0.50631978,https://api.the-odds-api.com/v4/sports/americanfootball_nfl
2026,3,1f3cfd315a24d1a7dd5859a8e6b88e18,2026-09-27T17:00:00Z,DraftKings,draftkings,2026-09-24T19:59:05Z,Jacksonville Jaguars,New England Patriots,Rhamondre Stevenson,,,RB,player_rush_yds,Full Game,37.5,Under,-109,draftkings|Rhamondre Stevenson|player_rush_yds|37.5,0.5215311,0.49368022,https://api.the-odds-api.com/v4/sports/americanfootball_nfl
2026,3,1f3cfd315a24d1a7dd5859a8e6b88e18,2026-09-27T17:00:00Z,DraftKings,draftkings,2026-09-24T19:59:05Z,Jacksonville Jaguars,New England Patriots,Drake Maye,,,RB,player_rush_yds,Full Game,25.5,Over,-113,draftkings|Drake Maye|player_rush_yds|25.5,0.53051643,0.50210588,https://api.the-odds-api.com/v4/sports/americanfootball_nfl
2026,3,1f3cfd315a24d1a7dd5859a8e6b88e18,2026-09-27T17:00:00Z,DraftKings,draftkings,2026-09-24T19:59:05Z,Jacksonville Jaguars,New England Patriots,Drake Maye,,,RB,player_rush_yds,Full Game,25.5,Under,-111,draftkings|Drake Maye|player_rush_yds|25.5,0.52606635,0.49789412,https://api.the-odds-api.com/v4/sports/americanfootball_nfl
2026,3,1f3cfd315a24d1a7dd5859a8e6b88e18,2026-09-27T17:00:00Z,DraftKings,draftkings,2026-09-24T19:59:05Z,Jacksonville Jaguars,New England Patriots,Chris Rodriguez Jr.,,,RB,player_rush_yds,Full Game,20.5,Over,-109,draftkings|Chris Rodriguez Jr.|player_rush_yds|20.5,0.5215311,0.49368022,https://api.the-odds-api.com/v4/sports/americanfootball_nfl
2026,3,1f3cfd315a24d1a7dd5859a8e6b88e18,2026-09-27T17:00:00Z,DraftKings,draftkings,2026-09-24T19:59:05Z,Jacksonville Jaguars,New England Patriots,Chris Rodriguez Jr.,,,RB,player_rush_yds,Full Game,20.5,Under,-115,draftkings|Chris Rodriguez Jr.|player_rush_yds|20.5,0.53488372,0.50631978,https://api.the-odds-api.com/v4/sports/americanfootball_nfl
2026,3,1f3cfd315a24d1a7dd5859a8e6b88e18,2026-09-27T17:00:00Z,DraftKings,draftkings,2026-09-24T19:59:05Z,Jacksonville Jaguars,New England Patriots,Trevor Lawrence,,,RB,player_rush_yds,Full Game,15.5,Over,-118,draftkings|Trevor Lawrence|player_rush_yds|15.5,0.5412844,0.51265395,https://api.the-odds-api.com/v4/sports/americanfootball_nfl
2026,3,1f3cfd315a24d1a7dd5859a8e6b88e18,2026-09-27T17:00:00Z,DraftKings,draftkings,2026-09-24T19:59:05Z,Jacksonville Jaguars,New England Patriots,Trevor Lawrence,,,RB,player_rush_yds,Full Game,15.5,Under,-106,draftkings|Trevor Lawrence|player_rush_yds|15.5,0.51456311,0.48734605,https://api.the-odds-api.com/v4/sports/americanfootball_nfl
2026,3,1f3cfd315a24d1a7dd5859a8e6b88e18,2026-09-27T17:00:00Z,FanDuel,fanduel,2026-09-24T19:59:20Z,Jacksonville Jaguars,New England Patriots,Mack Hollins,,,WR,player_reception_yds,Full Game,33.5,Over,-114,fanduel|Mack Hollins|player_reception_yds|33.5,0.53271028,0.5,https://api.the-odds-api.com/v4/sports/americanfootball_nfl
2026,3,1f3cfd315a24d1a7dd5859a8e6b88e18,2026-09-27T17:00:00Z,FanDuel,fanduel,2026-09-24T19:59:20Z,Jacksonville Jaguars,New England Patriots,Mack Hollins,,,WR,player_reception_yds,Full Game,33.5,Under,-114,fanduel|Mack Hollins|player_reception_yds|33.5,0.53271028,0.5,https://api.the-odds-api.com/v4/sports/americanfootball_nfl
2026,3,1f3cfd315a24d1a7dd5859a8e6b88e18,2026-09-27T17:00:00Z,FanDuel,fanduel,2026-09-24T19:59:20Z,Jacksonville Jaguars,New England Patriots,Hunter Henry,,,WR,player_reception_yds,Full Game,41.5,Over,-114,fanduel|Hunter Henry|player_reception_yds|41.5,0.53271028,0.5,https://api.the-odds-api.com/v4/sports/americanfootball_nfl
2026,3,1f3cfd315a24d1a7dd5859a8e6b88e18,2026-09-27T17:00:00Z,FanDuel,fanduel,2026-09-24T19:59:20Z,Jacksonville Jaguars,New England Patriots,Hunter Henry,,,WR,player_reception_yds,Full Game,41.5,Under,-114,fanduel|Hunter Henry|player_reception_yds|41.5,0.53271028,0.5,https://api.the-odds-api.com/v4/sports/americanfootball_nfl
2026,3,1f3cfd315a24d1a7dd5859a8e6b88e18,2026-09-27T17:00:00Z,FanDuel,fanduel,2026-09-24T19:59:20Z,Jacksonville Jaguars,New England Patriots,Brenton Strange,,,WR,player_reception_yds,Full Game,27.5,Over,-114,fanduel|Brenton Strange|player_reception_yds|27.5,0.53271028,0.5,https://api.the-odds-api.com/v4/sports/americanfootball_nfl
2026,3,1f3cfd315a24d1a7dd5859a8e6b88e18,2026-09-27T17:00:00Z,FanDuel,fanduel,2026-09-24T19:59:20Z,Jacksonville Jaguars,New England Patriots,Brenton Strange,,,WR,player_reception_yds,Full Game,27.5,Under,-114,fanduel|Brenton Strange|player_reception_yds|27.5,0.53271028,0.5,https://api.the-odds-api.com/v4/sports/americanfootball_nfl
2026,3,1f3cfd315a24d1a7dd5859a8e6b88e18,2026-09-27T17:00:00Z,FanDuel,fanduel,2026-09-24T19:59:20Z,Jacksonville Jaguars,New England Patriots,Bhayshul Tuten,,,WR,player_reception_yds,Full Game,9.5,Over,-114,fanduel|Bhayshul Tuten|player_reception_yds|9.5,0.53271028,0.5,https://api.the-odds-api.com/v4/sports/americanfootball_nfl
2026,3,1f3cfd315a24d1a7dd5859a8e6b88e18,2026-09-27T17:00:00Z,FanDuel,fanduel,2026-09-24T19:59:20Z,Jacksonville Jaguars,New England Patriots,Bhayshul Tuten,,,WR,player_reception_yds,Full Game,9.5,Under,-114,fanduel|Bhayshul Tuten|player_reception_yds|9.5,0.53271028,0.5,https://api.the-odds-api.com/v4/sports/americanfootball_nfl
2026,3,1f3cfd315a24d1a7dd5859a8e6b88e18,2026-09-27T17:00:00Z,FanDuel,fanduel,2026-09-24T19:59:20Z,Jacksonville Jaguars,New England Patriots,Rhamondre Stevenson,,,WR,player_reception_yds,Full Game,14.5,Over,-114,fanduel|Rhamondre Stevenson|player_reception_yds|14.5,0.53271028,0.5,https://api.the-odds-api.com/v4/sports/americanfootball_nfl
2026,3,1f3cfd315a24d1a7dd5859a8e6b88e18,2026-09-27T17:00:00Z,FanDuel,fanduel,2026-09-24T19:59:20Z,Jacksonville Jaguars,New England Patriots,Rhamondre Stevenson,,,WR,player_reception_yds,Full Game,14.5,Under,-114,fanduel|Rhamondre Stevenson|player_reception_yds|14.5,0.53271028,0.5,https://api.the-odds-api.com/v4/sports/americanfootball_nfl
2026,3,1f3cfd315a24d1a7dd5859a8e6b88e18,2026-09-27T17:00:00Z,FanDuel,fanduel,2026-09-24T19:59:20Z,Jacksonville Jaguars,New England Patriots,Jakobi Meyers,,,WR,player_reception_yds,Full Game,34.5,Over,-114,fanduel|Jakobi Meyers|player_reception_yds|34.5,0.53271028,0.5,https://api.the-odds-api.com/v4/sports/americanfootball_nfl
2026,3,1f3cfd315a24d1a7dd5859a8e6b88e18,2026-09-27T17:00:00Z,FanDuel,fanduel,2026-09-24T19:59:20Z,Jacksonville Jaguars,New England Patriots,Jakobi Meyers,,,WR,player_reception_yds,Full Game,34.5,Under,-114,fanduel|Jakobi Meyers|player_reception_yds|34.5,0.53271028,0.5,https://api.the-odds-api.com/v4/sports/americanfootball_nfl
2026,3,1f3cfd315a24d1a7dd5859a8e6b88e18,2026-09-27T17:00:00Z,FanDuel,fanduel,2026-09-24T19:59:20Z,Jacksonville Jaguars,New England Patriots,Parker Washington,,,WR,player_reception_yds,Full Game,61.5,Over,-114,fanduel|Parker Washington|player_reception_yds|61.5,0.53271028,0.5,https://api.the-odds-api.com/v4/sports/americanfootball_nfl
2026,3,1f3cfd315a24d1a7dd5859a8e6b88e18,2026-09-27T17:00:00Z,FanDuel,fanduel,2026-09-24T19:59:20Z,Jacksonville Jaguars,New England Patriots,Parker Washington,,,WR,player_reception_yds,Full Game,61.5,Under,-114,fanduel|Parker Washington|player_reception_yds|61.5,0.53271028,0.5,https://api.the-odds-api.com/v4/sports/americanfootball_nfl
2026,3,1f3cfd315a24d1a7dd5859a8e6b88e18,2026-09-27T17:00:00Z,FanDuel,fanduel,2026-09-24T19:59:20Z,Jacksonville Jaguars,New England Patriots,TreVeyon Henderson,,,WR,player_reception_yds,Full Game,9.5,Over,-114,fanduel|TreVeyon Henderson|player_reception_yds|9.5,0.53271028,0.5,https://api.the-odds-api.com/v4/sports/americanfootball_nfl
2026,3,1f3cfd315a24d1a7dd5859a8e6b88e18,2026-09-27T17:00:00Z,FanDuel,fanduel,2026-09-24T19:59:20Z,Jacksonville Jaguars,New England Patriots,TreVeyon Henderson,,,WR,player_reception_yds,Full Game,9.5,Under,-114,fanduel|TreVeyon Henderson|player_reception_yds|9.5,0.53271028,0.5,https://api.the-odds-api.com/v4/sports/americanfootball_nfl
2026,3,1f3cfd315a24d1a7dd5859a8e6b88e18,2026-09-27T17:00:00Z,FanDuel,fanduel,2026-09-24T19:59:20Z,Jacksonville Jaguars,New England Patriots,Brian Thomas Jr,,,WR,player_reception_yds,Full Game,36.5,Over,-114,fanduel|Brian Thomas Jr|player_reception_yds|36.5,0.53271028,0.5,https://api.the-odds-api.com/v4/sports/americanfootball_nfl
2026,3,1f3cfd315a24d1a7dd5859a8e6b88e18,2026-09-27T17:00:00Z,FanDuel,fanduel,2026-09-24T19:59:20Z,Jacksonville Jaguars,New England Patriots,Brian Thomas Jr,,,WR,player_reception_yds,Full Game,36.5,Under,-114,fanduel|Brian Thomas Jr|player_reception_yds|36.5,0.53271028,0.5,https://api.the-odds-api.com/v4/sports/americanfootball_nfl
2026,3,1f3cfd315a24d1a7dd5859a8e6b88e18,2026-09-27T17:00:00Z,FanDuel,fanduel,2026-09-24T19:59:20Z,Jacksonville Jaguars,New England Patriots,DeMario Douglas,,,WR,player_reception_yds,Full Game,28.5,Over,-114,fanduel|DeMario Douglas|player_reception_yds|28.5,0.53271028,0.5,https://api.the-odds-api.com/v4/sports/americanfootball_nfl
2026,3,1f3cfd315a24d1a7dd5859a8e6b88e18,2026-09-27T17:00:00Z,FanDuel,fanduel,2026-09-24T19:59:20Z,Jacksonville Jaguars,New England Patriots,DeMario Douglas,,,WR,player_reception_yds,Full Game,28.5,Under,-114,fanduel|DeMario Douglas|player_reception_yds|28.5,0.53271028,0.5,https://api.the-odds-api.com/v4/sports/americanfootball_nfl
2026,3,1f3cfd315a24d1a7dd5859a8e6b88e18,2026-09-27T17:00:00Z,FanDuel,fanduel,2026-09-24T19:59:20Z,Jacksonville Jaguars,New England Patriots,Romeo Doubs,,,WR,player_reception_yds,Full Game,42.5,Over,-114,fanduel|Romeo Doubs|player_reception_yds|42.5,0.53271028,0.5,https://api.the-odds-api.com/v4/sports/americanfootball_nfl
2026,3,1f3cfd315a24d1a7dd5859a8e6b88e18,2026-09-27T17:00:00Z,FanDuel,fanduel,2026-09-24T19:59:20Z,Jacksonville Jaguars,New England Patriots,Romeo Doubs,,,WR,player_reception_yds,Full Game,42.5,Under,-114,fanduel|Romeo Doubs|player_reception_yds|42.5,0.53271028,0.5,https://api.the-odds-api.com/v4/sports/americanfootball_nfl
2026,3,1f3cfd315a24d1a7dd5859a8e6b88e18,2026-09-27T17:00:00Z,FanDuel,fanduel,2026-09-24T19:59:20Z,Jacksonville Jaguars,New England Patriots,Trevor Lawrence,,,RB,player_rush_yds,Full Game,16.5,Over,-114,fanduel|Trevor Lawrence|player_rush_yds|16.5,0.53271028,0.5,https://api.the-odds-api.com/v4/sports/americanfootball_nfl
2026,3,1f3cfd315a24d1a7dd5859a8e6b88e18,2026-09-27T17:00:00Z,FanDuel,fanduel,2026-09-24T19:59:20Z,Jacksonville Jaguars,New England Patriots,Trevor Lawrence,,,RB,player_rush_yds,Full Game,16.5,Under,-114,fanduel|Trevor Lawrence|player_rush_yds|16.5,0.53271028,0.5,https://api.the-odds-api.com/v4/sports/americanfootball_nfl
2026,3,1f3cfd315a24d1a7dd5859a8e6b88e18,2026-09-27T17:00:00Z,FanDuel,fanduel,2026-09-24T19:59:20Z,Jacksonville Jaguars,New England Patriots,Rhamondre Stevenson,,,RB,player_rush_yds,Full Game,37.5,Over,-114,fanduel|Rhamondre Stevenson|player_rush_yds|37.5,0.53271028,0.5,https://api.the-odds-api.com/v4/sports/americanfootball_nfl
2026,3,1f3cfd315a24d1a7dd5859a8e6b88e18,2026-09-27T17:00:00Z,FanDuel,fanduel,2026-09-24T19:59:20Z,Jacksonville Jaguars,New England Patriots,Rhamondre Stevenson,,,RB,player_rush_yds,Full Game,37.5,Under,-114,fanduel|Rhamondre Stevenson|player_rush_yds|37.5,0.53271028,0.5,https://api.the-odds-api.com/v4/sports/americanfootball_nfl
2026,3,1f3cfd315a24d1a7dd5859a8e6b88e18,2026-09-27T17:00:00Z,FanDuel,fanduel,2026-09-24T19:59:20Z,Jacksonville Jaguars,New England Patriots,TreVeyon Henderson,,,RB,player_rush_yds,Full Game,39.5,Over,-114,fanduel|TreVeyon Henderson|player_rush_yds|39.5,0.53271028,0.5,https://api.the-odds-api.com/v4/sports/americanfootball_nfl
2026,3,1f3cfd315a24d1a7dd5859a8e6b88e18,2026-09-27T17:00:00Z,FanDuel,fanduel,2026-09-24T19:59:20Z,Jacksonville Jaguars,New England Patriots,TreVeyon Henderson,,,RB,player_rush_yds,Full Game,39.5,Under,-114,fanduel|TreVeyon Henderson|player_rush_yds|39.5,0.53271028,0.5,https://api.the-odds-api.com/v4/sports/americanfootball_nfl
2026,3,1f3cfd315a24d1a7dd5859a8e6b88e18,2026-09-27T17:00:00Z,FanDuel,fanduel,2026-09-24T19:59:20Z,Jacksonville Jaguars,New England Patriots,Chris Rodriguez Jr.,,,RB,player_rush_yds,Full Game,20.5,Over,-114,fanduel|Chris Rodriguez Jr.|player_rush_yds|20.5,0.53271028,0.5,https://api.the-odds-api.com/v4/sports/americanfootball_nfl
2026,3,1f3cfd315a24d1a7dd5859a8e6b88e18,2026-09-27T17:00:00Z,FanDuel,fanduel,2026-09-24T19:59:20Z,Jacksonville Jaguars,New England Patriots,Chris Rodriguez Jr.,,,RB,player_rush_yds,Full Game,20.5,Under,-114,fanduel|Chris Rodriguez Jr.|player_rush_yds|20.5,0.53271028,0.5,https://api.the-odds-api.com/v4/sports/americanfootball_nfl
2026,3,1f3cfd315a24d1a7dd5859a8e6b88e18,2026-09-27T17:00:00Z,FanDuel,fanduel,2026-09-24T19:59:20Z,Jacksonville Jaguars,New England Patriots,Bhayshul Tuten,,,RB,player_rush_yds,Full Game,52.5,Over,-114,fanduel|Bhayshul Tuten|player_rush_yds|52.5,0.53271028,0.5,https://api.the-odds-api.com/v4/sports/americanfootball_nfl
2026,3,1f3cfd315a24d1a7dd5859a8e6b88e18,2026-09-27T17:00:00Z,FanDuel,fanduel,2026-09-24T19:59:20Z,Jacksonville Jaguars,New England Patriots,Bhayshul Tuten,,,RB,player_rush_yds,Full Game,52.5,Under,-114,fanduel|Bhayshul Tuten|player_rush_yds|52.5,0.53271028,0.5,https://api.the-odds-api.com/v4/sports/americanfootball_nfl
2026,3,1f3cfd315a24d1a7dd5859a8e6b88e18,2026-09-27T17:00:00Z,FanDuel,fanduel,2026-09-24T19:59:20Z,Jacksonville Jaguars,New England Patriots,Drake Maye,,,RB,player_rush_yds,Full Game,25.5,Over,-114,fanduel|Drake Maye|player_rush_yds|25.5,0.53271028,0.5,https://api.the-odds-api.com/v4/sports/americanfootball_nfl
2026,3,1f3cfd315a24d1a7dd5859a8e6b88e18,2026-09-27T17:00:00Z,FanDuel,fanduel,2026-09-24T19:59:20Z,Jacksonville Jaguars,New England Patriots,Drake Maye,,,RB,player_rush_yds,Full Game,25.5,Under,-114,fanduel|Drake Maye|player_rush_yds|25.5,0.53271028,0.5,https://api.the-odds-api.com/v4/sports/americanfootball_nfl
2026,3,1f3cfd315a24d1a7dd5859a8e6b88e18,2026-09-27T17:00:00Z,BetRivers,betrivers,2026-09-24T19:58:21Z,Jacksonville Jaguars,New England Patriots,Romeo Doubs,,,WR,player_reception_yds,Full Game,42.5,Over,-117,betrivers|Romeo Doubs|player_reception_yds|42.5,0.53917051,0.5030135,https://api.the-odds-api.com/v4/sports/americanfootball_nfl
2026,3,1f3cfd315a24d1a7dd5859a8e6b88e18,2026-09-27T17:00:00Z,BetRivers,betrivers,2026-09-24T19:58:21Z,Jacksonville Jaguars,New England Patriots,Romeo Doubs,,,WR,player_reception_yds,Full Game,42.5,Under,-114,betrivers|Romeo Doubs|player_reception_yds|42.5,0.53271028,0.4969865,https://api.the-odds-api.com/v4/sports/americanfootball_nfl
2026,3,1f3cfd315a24d1a7dd5859a8e6b88e18,2026-09-27T17:00:00Z,BetRivers,betrivers,2026-09-24T19:58:21Z,Jacksonville Jaguars,New England Patriots,Rhamondre Stevenson,,,WR,player_reception_yds,Full Game,15.5,Over,-113,betrivers|Rhamondre Stevenson|player_reception_yds|15.5,0.53051643,0.49497669,https://api.the-odds-api.com/v4/sports/americanfootball_nfl
2026,3,1f3cfd315a24d1a7dd5859a8e6b88e18,2026-09-27T17:00:00Z,BetRivers,betrivers,2026-09-24T19:58:21Z,Jacksonville Jaguars,New England Patriots,Rhamondre Stevenson,,,WR,player_reception_yds,Full Game,15.5,Under,-118,betrivers|Rhamondre Stevenson|player_reception_yds|15.5,0.5412844,0.50502331,https://api.the-odds-api.com/v4/sports/americanfootball_nfl
2026,3,1f3cfd315a24d1a7dd5859a8e6b88e18,2026-09-27T17:00:00Z,BetRivers,betrivers,2026-09-24T19:58:21Z,Jacksonville Jaguars,New England Patriots,Mack Hollins,,,WR,player_reception_yds,Full Game,34.5,Over,-113,betrivers|Mack Hollins|player_reception_yds|34.5,0.53051643,0.49497669,https://api.the-odds-api.com/v4/sports/americanfootball_nfl
2026,3,1f3cfd315a24d1a7dd5859a8e6b88e18,2026-09-27T17:00:00Z,BetRivers,betrivers,2026-09-24T19:58:21Z,Jacksonville Jaguars,New England Patriots,Mack Hollins,,,WR,player_reception_yds,Full Game,34.5,Under,-118,betrivers|Mack Hollins|player_reception_yds|34.5,0.5412844,0.50502331,https://api.the-odds-api.com/v4/sports/americanfootball_nfl
2026,3,1f3cfd315a24d1a7dd5859a8e6b88e18,2026-09-27T17:00:00Z,BetRivers,betrivers,2026-09-24T19:58:21Z,Jacksonville Jaguars,New England Patriots,TreVeyon Henderson,,,WR,player_reception_yds,Full Game,7.5,Over,-124,betrivers|TreVeyon Henderson|player_reception_yds|7.5,0.55357143,0.51600512,https://api.the-odds-api.com/v4/sports/americanfootball_nfl
2026,3,1f3cfd315a24d1a7dd5859a8e6b88e18,2026-09-27T17:00:00Z,BetRivers,betrivers,2026-09-24T19:58:21Z,Jacksonville Jaguars,New England Patriots,TreVeyon Henderson,,,WR,player_reception_yds,Full Game,7.5,Under,-108,betrivers|TreVeyon Henderson|player_reception_yds|7.5,0.51923077,0.48399488,https://api.the-odds-api.com/v4/sports/americanfootball_nfl
2026,3,1f3cfd315a24d1a7dd5859a8e6b88e18,2026-09-27T17:00:00Z,BetRivers,betrivers,2026-09-24T19:58:21Z,Jacksonville Jaguars,New England Patriots,Bhayshul Tuten,,,WR,player_reception_yds,Full Game,9.5,Over,-114,betrivers|Bhayshul Tuten|player_reception_yds|9.5,0.53271028,0.4969865,https://api.the-odds-api.com/v4/sports/americanfootball_nfl
2026,3,1f3cfd315a24d1a7dd5859a8e6b88e18,2026-09-27T17:00:00Z,BetRivers,betrivers,2026-09-24T19:58:21Z,Jacksonville Jaguars,New England Patriots,Bhayshul Tuten,,,WR,player_reception_yds,Full Game,9.5,Under,-117,betrivers|Bhayshul Tuten|player_reception_yds|9.5,0.53917051,0.5030135,https://api.the-odds-api.com/v4/sports/americanfootball_nfl
2026,3,1f3cfd315a24d1a7dd5859a8e6b88e18,2026-09-27T17:00:00Z,BetRivers,betrivers,2026-09-24T19:58:21Z,Jacksonville Jaguars,New England Patriots,Brenton Strange,,,WR,player_reception_yds,Full Game,29.5,Over,-117,betrivers|Brenton Strange|player_reception_yds|29.5,0.53917051,0.5030135,https://api.the-odds-api.com/v4/sports/americanfootball_nfl
2026,3,1f3cfd315a24d1a7dd5859a8e6b88e18,2026-09-27T17:00:00Z,BetRivers,betrivers,2026-09-24T19:58:21Z,Jacksonville Jaguars,New England Patriots,Brenton Strange,,,WR,player_reception_yds,Full Game,29.5,Under,-114,betrivers|Brenton Strange|player_reception_yds|29.5,0.53271028,0.4969865,https://api.the-odds-api.com/v4/sports/americanfootball_nfl
2026,3,1f3cfd315a24d1a7dd5859a8e6b88e18,2026-09-27T17:00:00Z,BetRivers,betrivers,2026-09-24T19:58:21Z,Jacksonville Jaguars,New England Patriots,Brian Thomas Jr,,,WR,player_reception_yds,Full Game,36.5,Over,-118,betrivers|Brian Thomas Jr|player_reception_yds|36.5,0.5412844,0.50502331,https://api.the-odds-api.com/v4/sports/americanfootball_nfl
2026,3,1f3cfd315a24d1a7dd5859a8e6b88e18,2026-09-27T17:00:00Z,BetRivers,betrivers,2026-09-24T19:58:21Z,Jacksonville Jaguars,New England Patriots,Brian Thomas Jr,,,WR,player_reception_yds,Full Game,36.5,Under,-113,betrivers|Brian Thomas Jr|player_reception_yds|36.5,0.53051643,0.49497669,https://api.the-odds-api.com/v4/sports/americanfootball_nfl
2026,3,1f3cfd315a24d1a7dd5859a8e6b88e18,2026-09-27T17:00:00Z,BetRivers,betrivers,2026-09-24T19:58:21Z,Jacksonville Jaguars,New England Patriots,Parker Washington,,,WR,player_reception_yds,Full Game,62.5,Over,-114,betrivers|Parker Washington|player_reception_yds|62.5,0.53271028,0.4969865,https://api.the-odds-api.com/v4/sports/americanfootball_nfl
2026,3,1f3cfd315a24d1a7dd5859a8e6b88e18,2026-09-27T17:00:00Z,BetRivers,betrivers,2026-09-24T19:58:21Z,Jacksonville Jaguars,New England Patriots,Parker Washington,,,WR,player_reception_yds,Full Game,62.5,Under,-117,betrivers|Parker Washington|player_reception_yds|62.5,0.53917051,0.5030135,https://api.the-odds-api.com/v4/sports/americanfootball_nfl
2026,3,1f3cfd315a24d1a7dd5859a8e6b88e18,2026-09-27T17:00:00Z,BetRivers,betrivers,2026-09-24T19:58:21Z,Jacksonville Jaguars,New England Patriots,Jakobi Meyers,,,WR,player_reception_yds,Full Game,34.5,Over,-115,betrivers|Jakobi Meyers|player_reception_yds|34.5,0.53488372,0.5,https://api.the-odds-api.com/v4/sports/americanfootball_nfl
2026,3,1f3cfd315a24d1a7dd5859a8e6b88e18,2026-09-27T17:00:00Z,BetRivers,betrivers,2026-09-24T19:58:21Z,Jacksonville Jaguars,New England Patriots,Jakobi Meyers,,,WR,player_reception_yds,Full Game,34.5,Under,-115,betrivers|Jakobi Meyers|player_reception_yds|34.5,0.53488372,0.5,https://api.the-odds-api.com/v4/sports/americanfootball_nfl
2026,3,1f3cfd315a24d1a7dd5859a8e6b88e18,2026-09-27T17:00:00Z,BetRivers,betrivers,2026-09-24T19:58:21Z,Jacksonville Jaguars,New England Patriots,DeMario Douglas,,,WR,player_reception_yds,Full Game,29.5,Over,-118,betrivers|DeMario Douglas|player_reception_yds|29.5,0.5412844,0.50502331,https://api.the-odds-api.com/v4/sports/americanfootball_nfl
2026,3,1f3cfd315a24d1a7dd5859a8e6b88e18,2026-09-27T17:00:00Z,BetRivers,betrivers,2026-09-24T19:58:21Z,Jacksonville Jaguars,New England Patriots,DeMario Douglas,,,WR,player_reception_yds,Full Game,29.5,Under,-113,betrivers|DeMario Douglas|player_reception_yds|29.5,0.53051643,0.49497669,https://api.the-odds-api.com/v4/sports/americanfootball_nfl
2026,3,1f3cfd315a24d1a7dd5859a8e6b88e18,2026-09-27T17:00:00Z,BetRivers,betrivers,2026-09-24T19:58:21Z,Jacksonville Jaguars,New England Patriots,Hunter Henry,,,WR,player_reception_yds,Full Game,42.5,Over,-115,betrivers|Hunter Henry|player_reception_yds|42.5,0.53488372,0.50101792,https://api.the-odds-api.com/v4/sports/americanfootball_nfl
2026,3,1f3cfd315a24d1a7dd5859a8e6b88e18,2026-09-27T17:00:00Z,BetRivers,betrivers,2026-09-24T19:58:21Z,Jacksonville Jaguars,New England Patriots,Hunter Henry,,,WR,player_reception_yds,Full Game,42.5,Under,-114,betrivers|Hunter Henry|player_reception_yds|42.5,0.53271028,0.49898208,https://api.the-odds-api.com/v4/sports/americanfootball_nfl
2026,3,1f3cfd315a24d1a7dd5859a8e6b88e18,2026-09-27T17:00:00Z,BetRivers,betrivers,2026-09-24T19:58:21Z,Jacksonville Jaguars,New England Patriots,Trevor Lawrence,,,RB,player_rush_yds,Full Game,17.5,Over,-115,betrivers|Trevor Lawrence|player_rush_yds|17.5,0.53488372,0.5,https://api.the-odds-api.com/v4/sports/americanfootball_nfl
2026,3,1f3cfd315a24d1a7dd5859a8e6b88e18,2026-09-27T17:00:00Z,BetRivers,betrivers,2026-09-24T19:58:21Z,Jacksonville Jaguars,New England Patriots,Trevor Lawrence,,,RB,player_rush_yds,Full Game,17.5,Under,-115,betrivers|Trevor Lawrence|player_rush_yds|17.5,0.53488372,0.5,https://api.the-odds-api.com/v4/sports/americanfootball_nfl
2026,3,1f3cfd315a24d1a7dd5859a8e6b88e18,2026-09-27T17:00:00Z,BetRivers,betrivers,2026-09-24T19:58:21Z,Jacksonville Jaguars,New England Patriots,Bhayshul Tuten,,,RB,player_rush_yds,Full Game,53.5,Over,-118,betrivers|Bhayshul Tuten|player_rush_yds|53.5,0.5412844,0.50502331,https://api.the-odds-api.com/v4/sports/americanfootball_nfl
2026,3,1f3cfd315a24d1a7dd5859a8e6b88e18,2026-09-27T17:00:00Z,BetRivers,betrivers,2026-09-24T19:58:21Z,Jacksonville Jaguars,New England Patriots,Bhayshul Tuten,,,RB,player_rush_yds,Full Game,53.5,Under,-113,betrivers|Bhayshul Tuten|player_rush_yds|53.5,0.53051643,0.49497669,https://api.the-odds-api.com/v4/sports/americanfootball_nfl
2026,3,1f3cfd315a24d1a7dd5859a8e6b88e18,2026-09-27T17:00:00Z,BetRivers,betrivers,2026-09-24T19:58:21Z,Jacksonville Jaguars,New England Patriots,Rhamondre Stevenson,,,RB,player_rush_yds,Full Game,38.5,Over,-114,betrivers|Rhamondre Stevenson|player_rush_yds|38.5,0.53271028,0.4969865,https://api.the-odds-api.com/v4/sports/americanfootball_nfl
2026,3,1f3cfd315a24d1a7dd5859a8e6b88e18,2026-09-27T17:00:00Z,BetRivers,betrivers,2026-09-24T19:58:21Z,Jacksonville Jaguars,New England Patriots,Rhamondre Stevenson,,,RB,player_rush_yds,Full Game,38.5,Under,-117,betrivers|Rhamondre Stevenson|player_rush_yds|38.5,0.53917051,0.5030135,https://api.the-odds-api.com/v4/sports/americanfootball_nfl
2026,3,1f3cfd315a24d1a7dd5859a8e6b88e18,2026-09-27T17:00:00Z,BetRivers,betrivers,2026-09-24T19:58:21Z,Jacksonville Jaguars,New England Patriots,TreVeyon Henderson,,,RB,player_rush_yds,Full Game,40.5,Over,-112,betrivers|TreVeyon Henderson|player_rush_yds|40.5,0.52830189,0.49201278,https://api.the-odds-api.com/v4/sports/americanfootball_nfl
2026,3,1f3cfd315a24d1a7dd5859a8e6b88e18,2026-09-27T17:00:00Z,BetRivers,betrivers,2026-09-24T19:58:21Z,Jacksonville Jaguars,New England Patriots,TreVeyon Henderson,,,RB,player_rush_yds,Full Game,40.5,Under,-120,betrivers|TreVeyon Henderson|player_rush_yds|40.5,0.54545455,0.50798722,https://api.the-odds-api.com/v4/sports/americanfootball_nfl
2026,3,1f3cfd315a24d1a7dd5859a8e6b88e18,2026-09-27T17:00:00Z,BetRivers,betrivers,2026-09-24T19:58:21Z,Jacksonville Jaguars,New England Patriots,Chris Rodriguez Jr.,,,RB,player_rush_yds,Full Game,21.5,Over,-118,betrivers|Chris Rodriguez Jr.|player_rush_yds|21.5,0.5412844,0.50502331,https://api.the-odds-api.com/v4/sports/americanfootball_nfl
2026,3,1f3cfd315a24d1a7dd5859a8e6b88e18,2026-09-27T17:00:00Z,BetRivers,betrivers,2026-09-24T19:58:21Z,Jacksonville Jaguars,New England Patriots,Chris Rodriguez Jr.,,,RB,player_rush_yds,Full Game,21.5,Under,-113,betrivers|Chris Rodriguez Jr.|player_rush_yds|21.5,0.53051643,0.49497669,https://api.the-odds-api.com/v4/sports/americanfootball_nfl
2026,3,1f3cfd315a24d1a7dd5859a8e6b88e18,2026-09-27T17:00:00Z,BetRivers,betrivers,2026-09-24T19:58:21Z,Jacksonville Jaguars,New England Patriots,Drake Maye,,,RB,player_rush_yds,Full Game,27.5,Over,-117,betrivers|Drake Maye|player_rush_yds|27.5,0.53917051,0.5030135,https://api.the-odds-api.com/v4/sports/americanfootball_nfl
2026,3,1f3cfd315a24d1a7dd5859a8e6b88e18,2026-09-27T17:00:00Z,BetRivers,betrivers,2026-09-24T19:58:21Z,Jacksonville Jaguars,New England Patriots,Drake Maye,,,RB,player_rush_yds,Full Game,27.5,Under,-114,betrivers|Drake Maye|player_rush_yds|27.5,0.53271028,0.4969865,https://api.the-odds-api.com/v4/sports/americanfootball_nfl
2026,3,1f3cfd315a24d1a7dd5859a8e6b88e18,2026-09-27T17:00:00Z,BetOnline.ag,betonlineag,2026-09-24T19:59:04Z,Jacksonville Jaguars,New England Patriots,Bhayshul Tuten,,,WR,player_reception_yds,Full Game,9.5,Over,-115,betonlineag|Bhayshul Tuten|player_reception_yds|9.5,0.53488372,0.50309533,https://api.the-odds-api.com/v4/sports/americanfootball_nfl
2026,3,1f3cfd315a24d1a7dd5859a8e6b88e18,2026-09-27T17:00:00Z,BetOnline.ag,betonlineag,2026-09-24T19:59:04Z,Jacksonville Jaguars,New England Patriots,Bhayshul Tuten,,,WR,player_reception_yds,Full Game,9.5,Under,-112,betonlineag|Bhayshul Tuten|player_reception_yds|9.5,0.52830189,0.49690467,https://api.the-odds-api.com/v4/sports/americanfootball_nfl
2026,3,1f3cfd315a24d1a7dd5859a8e6b88e18,2026-09-27T17:00:00Z,BetOnline.ag,betonlineag,2026-09-24T19:59:04Z,Jacksonville Jaguars,New England Patriots,Jakobi Meyers,,,WR,player_reception_yds,Full Game,34.5,Over,-114,betonlineag|Jakobi Meyers|player_reception_yds|34.5,0.53271028,0.5,https://api.the-odds-api.com/v4/sports/americanfootball_nfl
2026,3,1f3cfd315a24d1a7dd5859a8e6b88e18,2026-09-27T17:00:00Z,BetOnline.ag,betonlineag,2026-09-24T19:59:04Z,Jacksonville Jaguars,New England Patriots,Jakobi Meyers,,,WR,player_reception_yds,Full Game,34.5,Under,-114,betonlineag|Jakobi Meyers|player_reception_yds|34.5,0.53271028,0.5,https://api.the-odds-api.com/v4/sports/americanfootball_nfl
2026,3,1f3cfd315a24d1a7dd5859a8e6b88e18,2026-09-27T17:00:00Z,BetOnline.ag,betonlineag,2026-09-24T19:59:04Z,Jacksonville Jaguars,New England Patriots,Romeo Doubs,,,WR,player_reception_yds,Full Game,42.5,Over,-112,betonlineag|Romeo Doubs|player_reception_yds|42.5,0.52830189,0.49690467,https://api.the-odds-api.com/v4/sports/americanfootball_nfl
2026,3,1f3cfd315a24d1a7dd5859a8e6b88e18,2026-09-27T17:00:00Z,BetOnline.ag,betonlineag,2026-09-24T19:59:04Z,Jacksonville Jaguars,New England Patriots,Romeo Doubs,,,WR,player_reception_yds,Full Game,42.5,Under,-115,betonlineag|Romeo Doubs|player_reception_yds|42.5,0.53488372,0.50309533,https://api.the-odds-api.com/v4/sports/americanfootball_nfl
2026,3,1f3cfd315a24d1a7dd5859a8e6b88e18,2026-09-27T17:00:00Z,BetOnline.ag,betonlineag,2026-09-24T19:59:04Z,Jacksonville Jaguars,New England Patriots,Mack Hollins,,,WR,player_reception_yds,Full Game,33.5,Over,-114,betonlineag|Mack Hollins|player_reception_yds|33.5,0.53271028,0.5,https://api.the-odds-api.com/v4/sports/americanfootball_nfl
2026,3,1f3cfd315a24d1a7dd5859a8e6b88e18,2026-09-27T17:00:00Z,BetOnline.ag,betonlineag,2026-09-24T19:59:04Z,Jacksonville Jaguars,New England Patriots,Mack Hollins,,,WR,player_reception_yds,Full Game,33.5,Under,-114,betonlineag|Mack Hollins|player_reception_yds|33.5,0.53271028,0.5,https://api.the-odds-api.com/v4/sports/americanfootball_nfl
2026,3,1f3cfd315a24d1a7dd5859a8e6b88e18,2026-09-27T17:00:00Z,BetOnline.ag,betonlineag,2026-09-24T19:59:04Z,Jacksonville Jaguars,New England Patriots,DeMario Douglas,,,WR,player_reception_yds,Full Game,28.5,Over,-114,betonlineag|DeMario Douglas|player_reception_yds|28.5,0.53271028,0.5,https://api.the-odds-api.com/v4/sports/americanfootball_nfl
2026,3,1f3cfd315a24d1a7dd5859a8e6b88e18,2026-09-27T17:00:00Z,BetOnline.ag,betonlineag,2026-09-24T19:59:04Z,Jacksonville Jaguars,New England Patriots,DeMario Douglas,,,WR,player_reception_yds,Full Game,28.5,Under,-114,betonlineag|DeMario Douglas|player_reception_yds|28.5,0.53271028,0.5,https://api.the-odds-api.com/v4/sports/americanfootball_nfl
2026,3,1f3cfd315a24d1a7dd5859a8e6b88e18,2026-09-27T17:00:00Z,BetOnline.ag,betonlineag,2026-09-24T19:59:04Z,Jacksonville Jaguars,New England Patriots,Hunter Henry,,,WR,player_reception_yds,Full Game,41.5,Over,-114,betonlineag|Hunter Henry|player_reception_yds|41.5,0.53271028,0.5,https://api.the-odds-api.com/v4/sports/americanfootball_nfl
2026,3,1f3cfd315a24d1a7dd5859a8e6b88e18,2026-09-27T17:00:00Z,BetOnline.ag,betonlineag,2026-09-24T19:59:04Z,Jacksonville Jaguars,New England Patriots,Hunter Henry,,,WR,player_reception_yds,Full Game,41.5,Under,-114,betonlineag|Hunter Henry|player_reception_yds|41.5,0.53271028,0.5,https://api.the-odds-api.com/v4/sports/americanfootball_nfl
2026,3,1f3cfd315a24d1a7dd5859a8e6b88e18,2026-09-27T17:00:00Z,BetOnline.ag,betonlineag,2026-09-24T19:59:04Z,Jacksonville Jaguars,New England Patriots,Parker Washington,,,WR,player_reception_yds,Full Game,61.5,Over,-114,betonlineag|Parker Washington|player_reception_yds|61.5,0.53271028,0.5,https://api.the-odds-api.com/v4/sports/americanfootball_nfl
2026,3,1f3cfd315a24d1a7dd5859a8e6b88e18,2026-09-27T17:00:00Z,BetOnline.ag,betonlineag,2026-09-24T19:59:04Z,Jacksonville Jaguars,New England Patriots,Parker Washington,,,WR,player_reception_yds,Full Game,61.5,Under,-114,betonlineag|Parker Washington|player_reception_yds|61.5,0.53271028,0.5,https://api.the-odds-api.com/v4/sports/americanfootball_nfl
2026,3,1f3cfd315a24d1a7dd5859a8e6b88e18,2026-09-27T17:00:00Z,BetOnline.ag,betonlineag,2026-09-24T19:59:04Z,Jacksonville Jaguars,New England Patriots,Brenton Strange,,,WR,player_reception_yds,Full Game,27.5,Over,-116,betonlineag|Brenton Strange|player_reception_yds|27.5,0.53703704,0.50515975,https://api.the-odds-api.com/v4/sports/americanfootball_nfl
2026,3,1f3cfd315a24d1a7dd5859a8e6b88e18,2026-09-27T17:00:00Z,BetOnline.ag,betonlineag,2026-09-24T19:59:04Z,Jacksonville Jaguars,New England Patriots,Brenton Strange,,,WR,player_reception_yds,Full Game,27.5,Under,-111,betonlineag|Brenton Strange|player_reception_yds|27.5,0.52606635,0.49484025,https://api.the-odds-api.com/v4/sports/americanfootball_nfl
2026,3,1f3cfd315a24d1a7dd5859a8e6b88e18,2026-09-27T17:00:00Z,BetOnline.ag,betonlineag,2026-09-24T19:59:04Z,Jacksonville Jaguars,New England Patriots,Rhamondre Stevenson,,,WR,player_reception_yds,Full Game,14.5,Over,-112,betonlineag|Rhamondre Stevenson|player_reception_yds|14.5,0.52830189,0.49690467,https://api.the-odds-api.com/v4/sports/americanfootball_nfl
2026,3,1f3cfd315a24d1a7dd5859a8e6b88e18,2026-09-27T17:00:00Z,BetOnline.ag,betonlineag,2026-09-24T19:59:04Z,Jacksonville Jaguars,New England Patriots,Rhamondre Stevenson,,,WR,player_reception_yds,Full Game,14.5,Under,-115,betonlineag|Rhamondre Stevenson|player_reception_yds|14.5,0.53488372,0.50309533,https://api.the-odds-api.com/v4/sports/americanfootball_nfl
2026,3,1f3cfd315a24d1a7dd5859a8e6b88e18,2026-09-27T17:00:00Z,BetOnline.ag,betonlineag,2026-09-24T19:59:04Z,Jacksonville Jaguars,New England Patriots,TreVeyon Henderson,,,WR,player_reception_yds,Full Game,9.5,Over,-114,betonlineag|TreVeyon Henderson|player_reception_yds|9.5,0.53271028,0.5,https://api.the-odds-api.com/v4/sports/americanfootball_nfl
2026,3,1f3cfd315a24d1a7dd5859a8e6b88e18,2026-09-27T17:00:00Z,BetOnline.ag,betonlineag,2026-09-24T19:59:04Z,Jacksonville Jaguars,New England Patriots,TreVeyon Henderson,,,WR,player_reception_yds,Full Game,9.5,Under,-114,betonlineag|TreVeyon Henderson|player_reception_yds|9.5,0.53271028,0.5,https://api.the-odds-api.com/v4/sports/americanfootball_nfl
2026,3,1f3cfd315a24d1a7dd5859a8e6b88e18,2026-09-27T17:00:00Z,BetOnline.ag,betonlineag,2026-09-24T19:59:04Z,Jacksonville Jaguars,New England Patriots,Brian Thomas Jr,,,WR,player_reception_yds,Full Game,36.5,Over,-114,betonlineag|Brian Thomas Jr|player_reception_yds|36.5,0.53271028,0.5,https://api.the-odds-api.com/v4/sports/americanfootball_nfl
2026,3,1f3cfd315a24d1a7dd5859a8e6b88e18,2026-09-27T17:00:00Z,BetOnline.ag,betonlineag,2026-09-24T19:59:04Z,Jacksonville Jaguars,New England Patriots,Brian Thomas Jr,,,WR,player_reception_yds,Full Game,36.5,Under,-114,betonlineag|Brian Thomas Jr|player_reception_yds|36.5,0.53271028,0.5,https://api.the-odds-api.com/v4/sports/americanfootball_nfl
2026,3,1f3cfd315a24d1a7dd5859a8e6b88e18,2026-09-27T17:00:00Z,BetOnline.ag,betonlineag,2026-09-24T19:59:04Z,Jacksonville Jaguars,New England Patriots,Drake Maye,,,RB,player_rush_yds,Full Game,25.5,Over,-115,betonlineag|Drake Maye|player_rush_yds|25.5,0.53488372,0.50309533,https://api.the-odds-api.com/v4/sports/americanfootball_nfl
2026,3,1f3cfd315a24d1a7dd5859a8e6b88e18,2026-09-27T17:00:00Z,BetOnline.ag,betonlineag,2026-09-24T19:59:04Z,Jacksonville Jaguars,New England Patriots,Drake Maye,,,RB,player_rush_yds,Full Game,25.5,Under,-112,betonlineag|Drake Maye|player_rush_yds|25.5,0.52830189,0.49690467,https://api.the-odds-api.com/v4/sports/americanfootball_nfl
2026,3,1f3cfd315a24d1a7dd5859a8e6b88e18,2026-09-27T17:00:00Z,BetOnline.ag,betonlineag,2026-09-24T19:59:04Z,Jacksonville Jaguars,New England Patriots,Trevor Lawrence,,,RB,player_rush_yds,Full Game,15.5,Over,-116,betonlineag|Trevor Lawrence|player_rush_yds|15.5,0.53703704,0.50515975,https://api.the-odds-api.com/v4/sports/americanfootball_nfl
2026,3,1f3cfd315a24d1a7dd5859a8e6b88e18,2026-09-27T17:00:00Z,BetOnline.ag,betonlineag,2026-09-24T19:59:04Z,Jacksonville Jaguars,New England Patriots,Trevor Lawrence,,,RB,player_rush_yds,Full Game,15.5,Under,-111,betonlineag|Trevor Lawrence|player_rush_yds|15.5,0.52606635,0.49484025,https://api.the-odds-api.com/v4/sports/americanfootball_nfl
2026,3,1f3cfd315a24d1a7dd5859a8e6b88e18,2026-09-27T17:00:00Z,BetOnline.ag,betonlineag,2026-09-24T19:59:04Z,Jacksonville Jaguars,New England Patriots,Rhamondre Stevenson,,,RB,player_rush_yds,Full Game,37.5,Over,-115,betonlineag|Rhamondre Stevenson|player_rush_yds|37.5,0.53488372,0.50309533,https://api.the-odds-api.com/v4/sports/americanfootball_nfl
2026,3,1f3cfd315a24d1a7dd5859a8e6b88e18,2026-09-27T17:00:00Z,BetOnline.ag,betonlineag,2026-09-24T19:59:04Z,Jacksonville Jaguars,New England Patriots,Rhamondre Stevenson,,,RB,player_rush_yds,Full Game,37.5,Under,-112,betonlineag|Rhamondre Stevenson|player_rush_yds|37.5,0.52830189,0.49690467,https://api.the-odds-api.com/v4/sports/americanfootball_nfl
2026,3,1f3cfd315a24d1a7dd5859a8e6b88e18,2026-09-27T17:00:00Z,BetOnline.ag,betonlineag,2026-09-24T19:59:04Z,Jacksonville Jaguars,New England Patriots,TreVeyon Henderson,,,RB,player_rush_yds,Full Game,39.5,Over,-115,betonlineag|TreVeyon Henderson|player_rush_yds|39.5,0.53488372,0.50309533,https://api.the-odds-api.com/v4/sports/americanfootball_nfl
2026,3,1f3cfd315a24d1a7dd5859a8e6b88e18,2026-09-27T17:00:00Z,BetOnline.ag,betonlineag,2026-09-24T19:59:04Z,Jacksonville Jaguars,New England Patriots,TreVeyon Henderson,,,RB,player_rush_yds,Full Game,39.5,Under,-112,betonlineag|TreVeyon Henderson|player_rush_yds|39.5,0.52830189,0.49690467,https://api.the-odds-api.com/v4/sports/americanfootball_nfl
2026,3,1f3cfd315a24d1a7dd5859a8e6b88e18,2026-09-27T17:00:00Z,BetOnline.ag,betonlineag,2026-09-24T19:59:04Z,Jacksonville Jaguars,New England Patriots,Chris Rodriguez Jr.,,,RB,player_rush_yds,Full Game,20.5,Over,-112,betonlineag|Chris Rodriguez Jr.|player_rush_yds|20.5,0.52830189,0.49690467,https://api.the-odds-api.com/v4/sports/americanfootball_nfl
2026,3,1f3cfd315a24d1a7dd5859a8e6b88e18,2026-09-27T17:00:00Z,BetOnline.ag,betonlineag,2026-09-24T19:59:04Z,Jacksonville Jaguars,New England Patriots,Chris Rodriguez Jr.,,,RB,player_rush_yds,Full Game,20.5,Under,-115,betonlineag|Chris Rodriguez Jr.|player_rush_yds|20.5,0.53488372,0.50309533,https://api.the-odds-api.com/v4/sports/americanfootball_nfl
2026,3,1f3cfd315a24d1a7dd5859a8e6b88e18,2026-09-27T17:00:00Z,BetOnline.ag,betonlineag,2026-09-24T19:59:04Z,Jacksonville Jaguars,New England Patriots,Bhayshul Tuten,,,RB,player_rush_yds,Full Game,53.5,Over,-115,betonlineag|Bhayshul Tuten|player_rush_yds|53.5,0.53488372,0.50309533,https://api.the-odds-api.com/v4/sports/americanfootball_nfl
2026,3,1f3cfd315a24d1a7dd5859a8e6b88e18,2026-09-27T17:00:00Z,BetOnline.ag,betonlineag,2026-09-24T19:59:04Z,Jacksonville Jaguars,New England Patriots,Bhayshul Tuten,,,RB,player_rush_yds,Full Game,53.5,Under,-112,betonlineag|Bhayshul Tuten|player_rush_yds|53.5,0.52830189,0.49690467,https://api.the-odds-api.com/v4/sports/americanfootball_nfl
2026,3,1f3cfd315a24d1a7dd5859a8e6b88e18,2026-09-27T17:00:00Z,BetMGM,betmgm,2026-09-24T19:57:40Z,Jacksonville Jaguars,New England Patriots,Bhayshul Tuten,,,WR,player_reception_yds,Full Game,8.5,Over,-120,betmgm|Bhayshul Tuten|player_reception_yds|8.5,0.54545455,0.51012146,https://api.the-odds-api.com/v4/sports/americanfootball_nfl
2026,3,1f3cfd315a24d1a7dd5859a8e6b88e18,2026-09-27T17:00:00Z,BetMGM,betmgm,2026-09-24T19:57:40Z,Jacksonville Jaguars,New England Patriots,Bhayshul Tuten,,,WR,player_reception_yds,Full Game,8.5,Under,-110,betmgm|Bhayshul Tuten|player_reception_yds|8.5,0.52380952,0.48987854,https://api.the-odds-api.com/v4/sports/americanfootball_nfl
2026,3,1f3cfd315a24d1a7dd5859a8e6b88e18,2026-09-27T17:00:00Z,BetMGM,betmgm,2026-09-24T19:57:40Z,Jacksonville Jaguars,New England Patriots,Brenton Strange,,,WR,player_reception_yds,Full Game,30.5,Over,105,betmgm|Brenton Strange|player_reception_yds|30.5,0.48780488,0.45540797,https://api.the-odds-api.com/v4/sports/americanfootball_nfl
2026,3,1f3cfd315a24d1a7dd5859a8e6b88e18,2026-09-27T17:00:00Z,BetMGM,betmgm,2026-09-24T19:57:40Z,Jacksonville Jaguars,New England Patriots,Brenton Strange,,,WR,player_reception_yds,Full Game,30.5,Under,-140,betmgm|Brenton Strange|player_reception_yds|30.5,0.58333333,0.54459203,https://api.the-odds-api.com/v4/sports/americanfootball_nfl
2026,3,1f3cfd315a24d1a7dd5859a8e6b88e18,2026-09-27T17:00:00Z,BetMGM,betmgm,2026-09-24T19:57:40Z,Jacksonville Jaguars,New England Patriots,Parker Washington,,,WR,player_reception_yds,Full Game,63.5,Over,-115,betmgm|Parker Washington|player_reception_yds|63.5,0.53488372,0.5,https://api.the-odds-api.com/v4/sports/americanfootball_nfl
2026,3,1f3cfd315a24d1a7dd5859a8e6b88e18,2026-09-27T17:00:00Z,BetMGM,betmgm,2026-09-24T19:57:40Z,Jacksonville Jaguars,New England Patriots,Parker Washington,,,WR,player_reception_yds,Full Game,63.5,Under,-115,betmgm|Parker Washington|player_reception_yds|63.5,0.53488372,0.5,https://api.the-odds-api.com/v4/sports/americanfootball_nfl
2026,3,1f3cfd315a24d1a7dd5859a8e6b88e18,2026-09-27T17:00:00Z,BetMGM,betmgm,2026-09-24T19:57:40Z,Jacksonville Jaguars,New England Patriots,Jakobi Meyers,,,WR,player_reception_yds,Full Game,34.5,Over,-115,betmgm|Jakobi Meyers|player_reception_yds|34.5,0.53488372,0.5,https://api.the-odds-api.com/v4/sports/americanfootball_nfl
2026,3,1f3cfd315a24d1a7dd5859a8e6b88e18,2026-09-27T17:00:00Z,BetMGM,betmgm,2026-09-24T19:57:40Z,Jacksonville Jaguars,New England Patriots,Jakobi Meyers,,,WR,player_reception_yds,Full Game,34.5,Under,-115,betmgm|Jakobi Meyers|player_reception_yds|34.5,0.53488372,0.5,https://api.the-odds-api.com/v4/sports/americanfootball_nfl
2026,3,1f3cfd315a24d1a7dd5859a8e6b88e18,2026-09-27T17:00:00Z,BetMGM,betmgm,2026-09-24T19:57:40Z,Jacksonville Jaguars,New England Patriots,Brian Thomas Jr,,,WR,player_reception_yds,Full Game,37.5,Over,-115,betmgm|Brian Thomas Jr|player_reception_yds|37.5,0.53488372,0.5,https://api.the-odds-api.com/v4/sports/americanfootball_nfl
2026,3,1f3cfd315a24d1a7dd5859a8e6b88e18,2026-09-27T17:00:00Z,BetMGM,betmgm,2026-09-24T19:57:40Z,Jacksonville Jaguars,New England Patriots,Brian Thomas Jr,,,WR,player_reception_yds,Full Game,37.5,Under,-115,betmgm|Brian Thomas Jr|player_reception_yds|37.5,0.53488372,0.5,https://api.the-odds-api.com/v4/sports/americanfootball_nfl
2026,3,1f3cfd315a24d1a7dd5859a8e6b88e18,2026-09-27T17:00:00Z,BetMGM,betmgm,2026-09-24T19:57:40Z,Jacksonville Jaguars,New England Patriots,TreVeyon Henderson,,,WR,player_reception_yds,Full Game,10.5,Over,-110,betmgm|TreVeyon Henderson|player_reception_yds|10.5,0.52380952,0.48987854,https://api.the-odds-api.com/v4/sports/americanfootball_nfl
2026,3,1f3cfd315a24d1a7dd5859a8e6b88e18,2026-09-27T17:00:00Z,BetMGM,betmgm,2026-09-24T19:57:40Z,Jacksonville Jaguars,New England Patriots,TreVeyon Henderson,,,WR,player_reception_yds,Full Game,10.5,Under,-120,betmgm|TreVeyon Henderson|player_reception_yds|10.5,0.54545455,0.51012146,https://api.the-odds-api.com/v4/sports/americanfootball_nfl
2026,3,1f3cfd315a24d1a7dd5859a8e6b88e18,2026-09-27T17:00:00Z,BetMGM,betmgm,2026-09-24T19:57:40Z,Jacksonville Jaguars,New England Patriots,Rhamondre Stevenson,,,WR,player_reception_yds,Full Game,13.5,Over,-115,betmgm|Rhamondre Stevenson|player_reception_yds|13.5,0.53488372,0.5,https://api.the-odds-api.com/v4/sports/americanfootball_nfl
2026,3,1f3cfd315a24d1a7dd5859a8e6b88e18,2026-09-27T17:00:00Z,BetMGM,betmgm,2026-09-24T19:57:40Z,Jacksonville Jaguars,New England Patriots,Rhamondre Stevenson,,,WR,player_reception_yds,Full Game,13.5,Under,-115,betmgm|Rhamondre Stevenson|player_reception_yds|13.5,0.53488372,0.5,https://api.the-odds-api.com/v4/sports/americanfootball_nfl
2026,3,1f3cfd315a24d1a7dd5859a8e6b88e18,2026-09-27T17:00:00Z,BetMGM,betmgm,2026-09-24T19:57:40Z,Jacksonville Jaguars,New England Patriots,Hunter Henry,,,WR,player_reception_yds,Full Game,39.5,Over,-115,betmgm|Hunter Henry|player_reception_yds|39.5,0.53488372,0.5,https://api.the-odds-api.com/v4/sports/americanfootball_nfl
2026,3,1f3cfd315a24d1a7dd5859a8e6b88e18,2026-09-27T17:00:00Z,BetMGM,betmgm,2026-09-24T19:57:40Z,Jacksonville Jaguars,New England Patriots,Hunter Henry,,,WR,player_reception_yds,Full Game,39.5,Under,-115,betmgm|Hunter Henry|player_reception_yds|39.5,0.53488372,0.5,https://api.the-odds-api.com/v4/sports/americanfootball_nfl
2026,3,1f3cfd315a24d1a7dd5859a8e6b88e18,2026-09-27T17:00:00Z,BetMGM,betmgm,2026-09-24T19:57:40Z,Jacksonville Jaguars,New England Patriots,Romeo Doubs,,,WR,player_reception_yds,Full Game,42.5,Over,-115,betmgm|Romeo Doubs|player_reception_yds|42.5,0.53488372,0.5,https://api.the-odds-api.com/v4/sports/americanfootball_nfl
2026,3,1f3cfd315a24d1a7dd5859a8e6b88e18,2026-09-27T17:00:00Z,BetMGM,betmgm,2026-09-24T19:57:40Z,Jacksonville Jaguars,New England Patriots,Romeo Doubs,,,WR,player_reception_yds,Full Game,42.5,Under,-115,betmgm|Romeo Doubs|player_reception_yds|42.5,0.53488372,0.5,https://api.the-odds-api.com/v4/sports/americanfootball_nfl
2026,3,1f3cfd315a24d1a7dd5859a8e6b88e18,2026-09-27T17:00:00Z,BetMGM,betmgm,2026-09-24T19:57:40Z,Jacksonville Jaguars,New England Patriots,Mack Hollins,,,WR,player_reception_yds,Full Game,35.5,Over,-111,betmgm|Mack Hollins|player_reception_yds|35.5,0.52606635,0.49287111,https://api.the-odds-api.com/v4/sports/americanfootball_nfl
2026,3,1f3cfd315a24d1a7dd5859a8e6b88e18,2026-09-27T17:00:00Z,BetMGM,betmgm,2026-09-24T19:57:40Z,Jacksonville Jaguars,New England Patriots,Mack Hollins,,,WR,player_reception_yds,Full Game,35.5,Under,-118,betmgm|Mack Hollins|player_reception_yds|35.5,0.5412844,0.50712889,https://api.the-odds-api.com/v4/sports/americanfootball_nfl
2026,3,1f3cfd315a24d1a7dd5859a8e6b88e18,2026-09-27T17:00:00Z,BetMGM,betmgm,2026-09-24T19:57:40Z,Jacksonville Jaguars,New England Patriots,DeMario Douglas,,,WR,player_reception_yds,Full Game,29.5,Over,-115,betmgm|DeMario Douglas|player_reception_yds|29.5,0.53488372,0.5,https://api.the-odds-api.com/v4/sports/americanfootball_nfl
2026,3,1f3cfd315a24d1a7dd5859a8e6b88e18,2026-09-27T17:00:00Z,BetMGM,betmgm,2026-09-24T19:57:40Z,Jacksonville Jaguars,New England Patriots,DeMario Douglas,,,WR,player_reception_yds,Full Game,29.5,Under,-115,betmgm|DeMario Douglas|player_reception_yds|29.5,0.53488372,0.5,https://api.the-odds-api.com/v4/sports/americanfootball_nfl
2026,3,1f3cfd315a24d1a7dd5859a8e6b88e18,2026-09-27T17:00:00Z,BetMGM,betmgm,2026-09-24T19:57:40Z,Jacksonville Jaguars,New England Patriots,Trevor Lawrence,,,RB,player_rush_yds,Full Game,17.5,Over,-115,betmgm|Trevor Lawrence|player_rush_yds|17.5,0.53488372,0.5,https://api.the-odds-api.com/v4/sports/americanfootball_nfl
2026,3,1f3cfd315a24d1a7dd5859a8e6b88e18,2026-09-27T17:00:00Z,BetMGM,betmgm,2026-09-24T19:57:40Z,Jacksonville Jaguars,New England Patriots,Trevor Lawrence,,,RB,player_rush_yds,Full Game,17.5,Under,-115,betmgm|Trevor Lawrence|player_rush_yds|17.5,0.53488372,0.5,https://api.the-odds-api.com/v4/sports/americanfootball_nfl
2026,3,1f3cfd315a24d1a7dd5859a8e6b88e18,2026-09-27T17:00:00Z,BetMGM,betmgm,2026-09-24T19:57:40Z,Jacksonville Jaguars,New England Patriots,Bhayshul Tuten,,,RB,player_rush_yds,Full Game,51.5,Over,-115,betmgm|Bhayshul Tuten|player_rush_yds|51.5,0.53488372,0.5,https://api.the-odds-api.com/v4/sports/americanfootball_nfl
2026,3,1f3cfd315a24d1a7dd5859a8e6b88e18,2026-09-27T17:00:00Z,BetMGM,betmgm,2026-09-24T19:57:40Z,Jacksonville Jaguars,New England Patriots,Bhayshul Tuten,,,RB,player_rush_yds,Full Game,51.5,Under,-115,betmgm|Bhayshul Tuten|player_rush_yds|51.5,0.53488372,0.5,https://api.the-odds-api.com/v4/sports/americanfootball_nfl
2026,3,1f3cfd315a24d1a7dd5859a8e6b88e18,2026-09-27T17:00:00Z,BetMGM,betmgm,2026-09-24T19:57:40Z,Jacksonville Jaguars,New England Patriots,Chris Rodriguez Jr.,,,RB,player_rush_yds,Full Game,19.5,Over,-120,betmgm|Chris Rodriguez Jr.|player_rush_yds|19.5,0.54545455,0.51012146,https://api.the-odds-api.com/v4/sports/americanfootball_nfl
2026,3,1f3cfd315a24d1a7dd5859a8e6b88e18,2026-09-27T17:00:00Z,BetMGM,betmgm,2026-09-24T19:57:40Z,Jacksonville Jaguars,New England Patriots,Chris Rodriguez Jr.,,,RB,player_rush_yds,Full Game,19.5,Under,-110,betmgm|Chris Rodriguez Jr.|player_rush_yds|19.5,0.52380952,0.48987854,https://api.the-odds-api.com/v4/sports/americanfootball_nfl
2026,3,1f3cfd315a24d1a7dd5859a8e6b88e18,2026-09-27T17:00:00Z,BetMGM,betmgm,2026-09-24T19:57:40Z,Jacksonville Jaguars,New England Patriots,TreVeyon Henderson,,,RB,player_rush_yds,Full Game,39.5,Over,-115,betmgm|TreVeyon Henderson|player_rush_yds|39.5,0.53488372,0.5,https://api.the-odds-api.com/v4/sports/americanfootball_nfl
2026,3,1f3cfd315a24d1a7dd5859a8e6b88e18,2026-09-27T17:00:00Z,BetMGM,betmgm,2026-09-24T19:57:40Z,Jacksonville Jaguars,New England Patriots,TreVeyon Henderson,,,RB,player_rush_yds,Full Game,39.5,Under,-115,betmgm|TreVeyon Henderson|player_rush_yds|39.5,0.53488372,0.5,https://api.the-odds-api.com/v4/sports/americanfootball_nfl
2026,3,1f3cfd315a24d1a7dd5859a8e6b88e18,2026-09-27T17:00:00Z,BetMGM,betmgm,2026-09-24T19:57:40Z,Jacksonville Jaguars,New England Patriots,Rhamondre Stevenson,,,RB,player_rush_yds,Full Game,35.5,Over,-115,betmgm|Rhamondre Stevenson|player_rush_yds|35.5,0.53488372,0.5,https://api.the-odds-api.com/v4/sports/americanfootball_nfl
2026,3,1f3cfd315a24d1a7dd5859a8e6b88e18,2026-09-27T17:00:00Z,BetMGM,betmgm,2026-09-24T19:57:40Z,Jacksonville Jaguars,New England Patriots,Rhamondre Stevenson,,,RB,player_rush_yds,Full Game,35.5,Under,-115,betmgm|Rhamondre Stevenson|player_rush_yds|35.5,0.53488372,0.5,https://api.the-odds-api.com/v4/sports/americanfootball_nfl
2026,3,1f3cfd315a24d1a7dd5859a8e6b88e18,2026-09-27T17:00:00Z,BetMGM,betmgm,2026-09-24T19:57:40Z,Jacksonville Jaguars,New England Patriots,Drake Maye,,,RB,player_rush_yds,Full Game,28.5,Over,-111,betmgm|Drake Maye|player_rush_yds|28.5,0.52606635,0.49287111,https://api.the-odds-api.com/v4/sports/americanfootball_nfl
2026,3,1f3cfd315a24d1a7dd5859a8e6b88e18,2026-09-27T17:00:00Z,BetMGM,betmgm,2026-09-24T19:57:40Z,Jacksonville Jaguars,New England Patriots,Drake Maye,,,RB,player_rush_yds,Full Game,28.5,Under,-118,betmgm|Drake Maye|player_rush_yds|28.5,0.5412844,0.50712889,https://api.the-odds-api.com/v4/sports/americanfootball_nfl
2026,3,1f3cfd315a24d1a7dd5859a8e6b88e18,2026-09-27T17:00:00Z,Underdog,underdog,2026-09-24T19:58:24Z,Jacksonville Jaguars,New England Patriots,Brian Thomas Jr,,,WR,player_reception_yds,Full Game,36.5,Over,-137,underdog|Brian Thomas Jr|player_reception_yds|36.5,0.57805907,0.5,https://api.the-odds-api.com/v4/sports/americanfootball_nfl
2026,3,1f3cfd315a24d1a7dd5859a8e6b88e18,2026-09-27T17:00:00Z,Underdog,underdog,2026-09-24T19:58:24Z,Jacksonville Jaguars,New England Patriots,Brian Thomas Jr,,,WR,player_reception_yds,Full Game,36.5,Under,-137,underdog|Brian Thomas Jr|player_reception_yds|36.5,0.57805907,0.5,https://api.the-odds-api.com/v4/sports/americanfootball_nfl
2026,3,1f3cfd315a24d1a7dd5859a8e6b88e18,2026-09-27T17:00:00Z,Underdog,underdog,2026-09-24T19:58:24Z,Jacksonville Jaguars,New England Patriots,Rhamondre Stevenson,,,WR,player_reception_yds,Full Game,14.5,Over,-137,underdog|Rhamondre Stevenson|player_reception_yds|14.5,0.57805907,0.5,https://api.the-odds-api.com/v4/sports/americanfootball_nfl
2026,3,1f3cfd315a24d1a7dd5859a8e6b88e18,2026-09-27T17:00:00Z,Underdog,underdog,2026-09-24T19:58:24Z,Jacksonville Jaguars,New England Patriots,Rhamondre Stevenson,,,WR,player_reception_yds,Full Game,14.5,Under,-137,underdog|Rhamondre Stevenson|player_reception_yds|14.5,0.57805907,0.5,https://api.the-odds-api.com/v4/sports/americanfootball_nfl
2026,3,1f3cfd315a24d1a7dd5859a8e6b88e18,2026-09-27T17:00:00Z,Underdog,underdog,2026-09-24T19:58:24Z,Jacksonville Jaguars,New England Patriots,TreVeyon Henderson,,,WR,player_reception_yds,Full Game,9.5,Over,-137,underdog|TreVeyon Henderson|player_reception_yds|9.5,0.57805907,0.5,https://api.the-odds-api.com/v4/sports/americanfootball_nfl
2026,3,1f3cfd315a24d1a7dd5859a8e6b88e18,2026-09-27T17:00:00Z,Underdog,underdog,2026-09-24T19:58:24Z,Jacksonville Jaguars,New England Patriots,TreVeyon Henderson,,,WR,player_reception_yds,Full Game,9.5,Under,-137,underdog|TreVeyon Henderson|player_reception_yds|9.5,0.57805907,0.5,https://api.the-odds-api.com/v4/sports/americanfootball_nfl
2026,3,1f3cfd315a24d1a7dd5859a8e6b88e18,2026-09-27T17:00:00Z,Underdog,underdog,2026-09-24T19:58:24Z,Jacksonville Jaguars,New England Patriots,Jakobi Meyers,,,WR,player_reception_yds,Full Game,34.5,Over,-137,underdog|Jakobi Meyers|player_reception_yds|34.5,0.57805907,0.5,https://api.the-odds-api.com/v4/sports/americanfootball_nfl
2026,3,1f3cfd315a24d1a7dd5859a8e6b88e18,2026-09-27T17:00:00Z,Underdog,underdog,2026-09-24T19:58:24Z,Jacksonville Jaguars,New England Patriots,Jakobi Meyers,,,WR,player_reception_yds,Full Game,34.5,Under,-137,underdog|Jakobi Meyers|player_reception_yds|34.5,0.57805907,0.5,https://api.the-odds-api.com/v4/sports/americanfootball_nfl
2026,3,1f3cfd315a24d1a7dd5859a8e6b88e18,2026-09-27T17:00:00Z,Underdog,underdog,2026-09-24T19:58:24Z,Jacksonville Jaguars,New England Patriots,Romeo Doubs,,,WR,player_reception_yds,Full Game,42.5,Over,-137,underdog|Romeo Doubs|player_reception_yds|42.5,0.57805907,0.5,https://api.the-odds-api.com/v4/sports/americanfootball_nfl
2026,3,1f3cfd315a24d1a7dd5859a8e6b88e18,2026-09-27T17:00:00Z,Underdog,underdog,2026-09-24T19:58:24Z,Jacksonville Jaguars,New England Patriots,Romeo Doubs,,,WR,player_reception_yds,Full Game,42.5,Under,-137,underdog|Romeo Doubs|player_reception_yds|42.5,0.57805907,0.5,https://api.the-odds-api.com/v4/sports/americanfootball_nfl
2026,3,1f3cfd315a24d1a7dd5859a8e6b88e18,2026-09-27T17:00:00Z,Underdog,underdog,2026-09-24T19:58:24Z,Jacksonville Jaguars,New England Patriots,Hunter Henry,,,WR,player_reception_yds,Full Game,41.5,Over,-137,underdog|Hunter Henry|player_reception_yds|41.5,0.57805907,0.5,https://api.the-odds-api.com/v4/sports/americanfootball_nfl
2026,3,1f3cfd315a24d1a7dd5859a8e6b88e18,2026-09-27T17:00:00Z,Underdog,underdog,2026-09-24T19:58:24Z,Jacksonville Jaguars,New England Patriots,Hunter Henry,,,WR,player_reception_yds,Full Game,41.5,Under,-137,underdog|Hunter Henry|player_reception_yds|41.5,0.57805907,0.5,https://api.the-odds-api.com/v4/sports/americanfootball_nfl
2026,3,1f3cfd315a24d1a7dd5859a8e6b88e18,2026-09-27T17:00:00Z,Underdog,underdog,2026-09-24T19:58:24Z,Jacksonville Jaguars,New England Patriots,DeMario Douglas,,,WR,player_reception_yds,Full Game,28.5,Over,-137,underdog|DeMario Douglas|player_reception_yds|28.5,0.57805907,0.5,https://api.the-odds-api.com/v4/sports/americanfootball_nfl
2026,3,1f3cfd315a24d1a7dd5859a8e6b88e18,2026-09-27T17:00:00Z,Underdog,underdog,2026-09-24T19:58:24Z,Jacksonville Jaguars,New England Patriots,DeMario Douglas,,,WR,player_reception_yds,Full Game,28.5,Under,-137,underdog|DeMario Douglas|player_reception_yds|28.5,0.57805907,0.5,https://api.the-odds-api.com/v4/sports/americanfootball_nfl
2026,3,1f3cfd315a24d1a7dd5859a8e6b88e18,2026-09-27T17:00:00Z,Underdog,underdog,2026-09-24T19:58:24Z,Jacksonville Jaguars,New England Patriots,Brenton Strange,,,WR,player_reception_yds,Full Game,27.5,Over,-137,underdog|Brenton Strange|player_reception_yds|27.5,0.57805907,0.5,https://api.the-odds-api.com/v4/sports/americanfootball_nfl
2026,3,1f3cfd315a24d1a7dd5859a8e6b88e18,2026-09-27T17:00:00Z,Underdog,underdog,2026-09-24T19:58:24Z,Jacksonville Jaguars,New England Patriots,Brenton Strange,,,WR,player_reception_yds,Full Game,27.5,Under,-137,underdog|Brenton Strange|player_reception_yds|27.5,0.57805907,0.5,https://api.the-odds-api.com/v4/sports/americanfootball_nfl
2026,3,1f3cfd315a24d1a7dd5859a8e6b88e18,2026-09-27T17:00:00Z,Underdog,underdog,2026-09-24T19:58:24Z,Jacksonville Jaguars,New England Patriots,Bhayshul Tuten,,,WR,player_reception_yds,Full Game,9.5,Over,-137,underdog|Bhayshul Tuten|player_reception_yds|9.5,0.57805907,0.5,https://api.the-odds-api.com/v4/sports/americanfootball_nfl
2026,3,1f3cfd315a24d1a7dd5859a8e6b88e18,2026-09-27T17:00:00Z,Underdog,underdog,2026-09-24T19:58:24Z,Jacksonville Jaguars,New England Patriots,Bhayshul Tuten,,,WR,player_reception_yds,Full Game,9.5,Under,-137,underdog|Bhayshul Tuten|player_reception_yds|9.5,0.57805907,0.5,https://api.the-odds-api.com/v4/sports/americanfootball_nfl
2026,3,1f3cfd315a24d1a7dd5859a8e6b88e18,2026-09-27T17:00:00Z,Underdog,underdog,2026-09-24T19:58:24Z,Jacksonville Jaguars,New England Patriots,Parker Washington,,,WR,player_reception_yds,Full Game,61.5,Over,-137,underdog|Parker Washington|player_reception_yds|61.5,0.57805907,0.5,https://api.the-odds-api.com/v4/sports/americanfootball_nfl
2026,3,1f3cfd315a24d1a7dd5859a8e6b88e18,2026-09-27T17:00:00Z,Underdog,underdog,2026-09-24T19:58:24Z,Jacksonville Jaguars,New England Patriots,Parker Washington,,,WR,player_reception_yds,Full Game,61.5,Under,-137,underdog|Parker Washington|player_reception_yds|61.5,0.57805907,0.5,https://api.the-odds-api.com/v4/sports/americanfootball_nfl
2026,3,1f3cfd315a24d1a7dd5859a8e6b88e18,2026-09-27T17:00:00Z,Underdog,underdog,2026-09-24T19:58:24Z,Jacksonville Jaguars,New England Patriots,Kyle Williams,,,WR,player_reception_yds,Full Game,6.5,Over,-137,underdog|Kyle Williams|player_reception_yds|6.5,0.57805907,0.5,https://api.the-odds-api.com/v4/sports/americanfootball_nfl
2026,3,1f3cfd315a24d1a7dd5859a8e6b88e18,2026-09-27T17:00:00Z,Underdog,underdog,2026-09-24T19:58:24Z,Jacksonville Jaguars,New England Patriots,Kyle Williams,,,WR,player_reception_yds,Full Game,6.5,Under,-137,underdog|Kyle Williams|player_reception_yds|6.5,0.57805907,0.5,https://api.the-odds-api.com/v4/sports/americanfootball_nfl
2026,3,1f3cfd315a24d1a7dd5859a8e6b88e18,2026-09-27T17:00:00Z,Underdog,underdog,2026-09-24T19:58:24Z,Jacksonville Jaguars,New England Patriots,Mack Hollins,,,WR,player_reception_yds,Full Game,33.5,Over,-137,underdog|Mack Hollins|player_reception_yds|33.5,0.57805907,0.5,https://api.the-odds-api.com/v4/sports/americanfootball_nfl
2026,3,1f3cfd315a24d1a7dd5859a8e6b88e18,2026-09-27T17:00:00Z,Underdog,underdog,2026-09-24T19:58:24Z,Jacksonville Jaguars,New England Patriots,Mack Hollins,,,WR,player_reception_yds,Full Game,33.5,Under,-137,underdog|Mack Hollins|player_reception_yds|33.5,0.57805907,0.5,https://api.the-odds-api.com/v4/sports/americanfootball_nfl
2026,3,1f3cfd315a24d1a7dd5859a8e6b88e18,2026-09-27T17:00:00Z,Underdog,underdog,2026-09-24T19:58:24Z,Jacksonville Jaguars,New England Patriots,Nate Boerkircher,,,WR,player_reception_yds,Full Game,1.5,Over,-137,underdog|Nate Boerkircher|player_reception_yds|1.5,0.57805907,0.5,https://api.the-odds-api.com/v4/sports/americanfootball_nfl
2026,3,1f3cfd315a24d1a7dd5859a8e6b88e18,2026-09-27T17:00:00Z,Underdog,underdog,2026-09-24T19:58:24Z,Jacksonville Jaguars,New England Patriots,Nate Boerkircher,,,WR,player_reception_yds,Full Game,1.5,Under,-137,underdog|Nate Boerkircher|player_reception_yds|1.5,0.57805907,0.5,https://api.the-odds-api.com/v4/sports/americanfootball_nfl
2026,3,1f3cfd315a24d1a7dd5859a8e6b88e18,2026-09-27T17:00:00Z,Underdog,underdog,2026-09-24T19:58:24Z,Jacksonville Jaguars,New England Patriots,Rhamondre Stevenson,,,RB,player_rush_yds,Full Game,37.5,Over,-137,underdog|Rhamondre Stevenson|player_rush_yds|37.5,0.57805907,0.5,https://api.the-odds-api.com/v4/sports/americanfootball_nfl
2026,3,1f3cfd315a24d1a7dd5859a8e6b88e18,2026-09-27T17:00:00Z,Underdog,underdog,2026-09-24T19:58:24Z,Jacksonville Jaguars,New England Patriots,Rhamondre Stevenson,,,RB,player_rush_yds,Full Game,37.5,Under,-137,underdog|Rhamondre Stevenson|player_rush_yds|37.5,0.57805907,0.5,https://api.the-odds-api.com/v4/sports/americanfootball_nfl
2026,3,1f3cfd315a24d1a7dd5859a8e6b88e18,2026-09-27T17:00:00Z,Underdog,underdog,2026-09-24T19:58:24Z,Jacksonville Jaguars,New England Patriots,TreVeyon Henderson,,,RB,player_rush_yds,Full Game,40.5,Over,-137,underdog|TreVeyon Henderson|player_rush_yds|40.5,0.57805907,0.5,https://api.the-odds-api.com/v4/sports/americanfootball_nfl
2026,3,1f3cfd315a24d1a7dd5859a8e6b88e18,2026-09-27T17:00:00Z,Underdog,underdog,2026-09-24T19:58:24Z,Jacksonville Jaguars,New England Patriots,TreVeyon Henderson,,,RB,player_rush_yds,Full Game,40.5,Under,-137,underdog|TreVeyon Henderson|player_rush_yds|40.5,0.57805907,0.5,https://api.the-odds-api.com/v4/sports/americanfootball_nfl
2026,3,1f3cfd315a24d1a7dd5859a8e6b88e18,2026-09-27T17:00:00Z,Underdog,underdog,2026-09-24T19:58:24Z,Jacksonville Jaguars,New England Patriots,Drake Maye,,,RB,player_rush_yds,Full Game,25.5,Over,-137,underdog|Drake Maye|player_rush_yds|25.5,0.57805907,0.5,https://api.the-odds-api.com/v4/sports/americanfootball_nfl
2026,3,1f3cfd315a24d1a7dd5859a8e6b88e18,2026-09-27T17:00:00Z,Underdog,underdog,2026-09-24T19:58:24Z,Jacksonville Jaguars,New England Patriots,Drake Maye,,,RB,player_rush_yds,Full Game,25.5,Under,-137,underdog|Drake Maye|player_rush_yds|25.5,0.57805907,0.5,https://api.the-odds-api.com/v4/sports/americanfootball_nfl
2026,3,1f3cfd315a24d1a7dd5859a8e6b88e18,2026-09-27T17:00:00Z,Underdog,underdog,2026-09-24T19:58:24Z,Jacksonville Jaguars,New England Patriots,Trevor Lawrence,,,RB,player_rush_yds,Full Game,16.5,Over,-137,underdog|Trevor Lawrence|player_rush_yds|16.5,0.57805907,0.5,https://api.the-odds-api.com/v4/sports/americanfootball_nfl
2026,3,1f3cfd315a24d1a7dd5859a8e6b88e18,2026-09-27T17:00:00Z,Underdog,underdog,2026-09-24T19:58:24Z,Jacksonville Jaguars,New England Patriots,Trevor Lawrence,,,RB,player_rush_yds,Full Game,16.5,Under,-137,underdog|Trevor Lawrence|player_rush_yds|16.5,0.57805907,0.5,https://api.the-odds-api.com/v4/sports/americanfootball_nfl
2026,3,1f3cfd315a24d1a7dd5859a8e6b88e18,2026-09-27T17:00:00Z,Underdog,underdog,2026-09-24T19:58:24Z,Jacksonville Jaguars,New England Patriots,Chris Rodriguez Jr.,,,RB,player_rush_yds,Full Game,20.5,Over,-137,underdog|Chris Rodriguez Jr.|player_rush_yds|20.5,0.57805907,0.5,https://api.the-odds-api.com/v4/sports/americanfootball_nfl
2026,3,1f3cfd315a24d1a7dd5859a8e6b88e18,2026-09-27T17:00:00Z,Underdog,underdog,2026-09-24T19:58:24Z,Jacksonville Jaguars,New England Patriots,Chris Rodriguez Jr.,,,RB,player_rush_yds,Full Game,20.5,Under,-137,underdog|Chris Rodriguez Jr.|player_rush_yds|20.5,0.57805907,0.5,https://api.the-odds-api.com/v4/sports/americanfootball_nfl
2026,3,1f3cfd315a24d1a7dd5859a8e6b88e18,2026-09-27T17:00:00Z,Underdog,underdog,2026-09-24T19:58:24Z,Jacksonville Jaguars,New England Patriots,Bhayshul Tuten,,,RB,player_rush_yds,Full Game,52.5,Over,-137,underdog|Bhayshul Tuten|player_rush_yds|52.5,0.57805907,0.5,https://api.the-odds-api.com/v4/sports/americanfootball_nfl
2026,3,1f3cfd315a24d1a7dd5859a8e6b88e18,2026-09-27T17:00:00Z,Underdog,underdog,2026-09-24T19:58:24Z,Jacksonville Jaguars,New England Patriots,Bhayshul Tuten,,,RB,player_rush_yds,Full Game,52.5,Under,-137,underdog|Bhayshul Tuten|player_rush_yds|52.5,0.57805907,0.5,https://api.the-odds-api.com/v4/sports/americanfootball_nfl
2026,3,1f3cfd315a24d1a7dd5859a8e6b88e18,2026-09-27T17:00:00Z,Bovada,bovada,2026-09-24T19:58:54Z,Jacksonville Jaguars,New England Patriots,Bhayshul Tuten,,,WR,player_reception_yds,Full Game,9.5,Over,-115,bovada|Bhayshul Tuten|player_reception_yds|9.5,0.53488372,0.5,https://api.the-odds-api.com/v4/sports/americanfootball_nfl
2026,3,1f3cfd315a24d1a7dd5859a8e6b88e18,2026-09-27T17:00:00Z,Bovada,bovada,2026-09-24T19:58:54Z,Jacksonville Jaguars,New England Patriots,Bhayshul Tuten,,,WR,player_reception_yds,Full Game,9.5,Under,-115,bovada|Bhayshul Tuten|player_reception_yds|9.5,0.53488372,0.5,https://api.the-odds-api.com/v4/sports/americanfootball_nfl
2026,3,1f3cfd315a24d1a7dd5859a8e6b88e18,2026-09-27T17:00:00Z,Bovada,bovada,2026-09-24T19:58:54Z,Jacksonville Jaguars,New England Patriots,Brenton Strange,,,WR,player_reception_yds,Full Game,26.5,Over,-115,bovada|Brenton Strange|player_reception_yds|26.5,0.53488372,0.5,https://api.the-odds-api.com/v4/sports/americanfootball_nfl
2026,3,1f3cfd315a24d1a7dd5859a8e6b88e18,2026-09-27T17:00:00Z,Bovada,bovada,2026-09-24T19:58:54Z,Jacksonville Jaguars,New England Patriots,Brenton Strange,,,WR,player_reception_yds,Full Game,26.5,Under,-115,bovada|Brenton Strange|player_reception_yds|26.5,0.53488372,0.5,https://api.the-odds-api.com/v4/sports/americanfootball_nfl
2026,3,1f3cfd315a24d1a7dd5859a8e6b88e18,2026-09-27T17:00:00Z,Bovada,bovada,2026-09-24T19:58:54Z,Jacksonville Jaguars,New England Patriots,Brian Thomas Jr,,,WR,player_reception_yds,Full Game,37.5,Over,-115,bovada|Brian Thomas Jr|player_reception_yds|37.5,0.53488372,0.5,https://api.the-odds-api.com/v4/sports/americanfootball_nfl
2026,3,1f3cfd315a24d1a7dd5859a8e6b88e18,2026-09-27T17:00:00Z,Bovada,bovada,2026-09-24T19:58:54Z,Jacksonville Jaguars,New England Patriots,Brian Thomas Jr,,,WR,player_reception_yds,Full Game,37.5,Under,-115,bovada|Brian Thomas Jr|player_reception_yds|37.5,0.53488372,0.5,https://api.the-odds-api.com/v4/sports/americanfootball_nfl
2026,3,1f3cfd315a24d1a7dd5859a8e6b88e18,2026-09-27T17:00:00Z,Bovada,bovada,2026-09-24T19:58:54Z,Jacksonville Jaguars,New England Patriots,DeMario Douglas,,,WR,player_reception_yds,Full Game,28.5,Over,-120,bovada|DeMario Douglas|player_reception_yds|28.5,0.54545455,0.51012146,https://api.the-odds-api.com/v4/sports/americanfootball_nfl
2026,3,1f3cfd315a24d1a7dd5859a8e6b88e18,2026-09-27T17:00:00Z,Bovada,bovada,2026-09-24T19:58:54Z,Jacksonville Jaguars,New England Patriots,DeMario Douglas,,,WR,player_reception_yds,Full Game,28.5,Under,-110,bovada|DeMario Douglas|player_reception_yds|28.5,0.52380952,0.48987854,https://api.the-odds-api.com/v4/sports/americanfootball_nfl
2026,3,1f3cfd315a24d1a7dd5859a8e6b88e18,2026-09-27T17:00:00Z,Bovada,bovada,2026-09-24T19:58:54Z,Jacksonville Jaguars,New England Patriots,Hunter Henry,,,WR,player_reception_yds,Full Game,41.5,Over,-120,bovada|Hunter Henry|player_reception_yds|41.5,0.54545455,0.51012146,https://api.the-odds-api.com/v4/sports/americanfootball_nfl
2026,3,1f3cfd315a24d1a7dd5859a8e6b88e18,2026-09-27T17:00:00Z,Bovada,bovada,2026-09-24T19:58:54Z,Jacksonville Jaguars,New England Patriots,Hunter Henry,,,WR,player_reception_yds,Full Game,41.5,Under,-110,bovada|Hunter Henry|player_reception_yds|41.5,0.52380952,0.48987854,https://api.the-odds-api.com/v4/sports/americanfootball_nfl
2026,3,1f3cfd315a24d1a7dd5859a8e6b88e18,2026-09-27T17:00:00Z,Bovada,bovada,2026-09-24T19:58:54Z,Jacksonville Jaguars,New England Patriots,Jakobi Meyers,,,WR,player_reception_yds,Full Game,35.5,Over,-115,bovada|Jakobi Meyers|player_reception_yds|35.5,0.53488372,0.5,https://api.the-odds-api.com/v4/sports/americanfootball_nfl
2026,3,1f3cfd315a24d1a7dd5859a8e6b88e18,2026-09-27T17:00:00Z,Bovada,bovada,2026-09-24T19:58:54Z,Jacksonville Jaguars,New England Patriots,Jakobi Meyers,,,WR,player_reception_yds,Full Game,35.5,Under,-115,bovada|Jakobi Meyers|player_reception_yds|35.5,0.53488372,0.5,https://api.the-odds-api.com/v4/sports/americanfootball_nfl
2026,3,1f3cfd315a24d1a7dd5859a8e6b88e18,2026-09-27T17:00:00Z,Bovada,bovada,2026-09-24T19:58:54Z,Jacksonville Jaguars,New England Patriots,Mack Hollins,,,WR,player_reception_yds,Full Game,33.5,Over,-115,bovada|Mack Hollins|player_reception_yds|33.5,0.53488372,0.5,https://api.the-odds-api.com/v4/sports/americanfootball_nfl
2026,3,1f3cfd315a24d1a7dd5859a8e6b88e18,2026-09-27T17:00:00Z,Bovada,bovada,2026-09-24T19:58:54Z,Jacksonville Jaguars,New England Patriots,Mack Hollins,,,WR,player_reception_yds,Full Game,33.5,Under,-115,bovada|Mack Hollins|player_reception_yds|33.5,0.53488372,0.5,https://api.the-odds-api.com/v4/sports/americanfootball_nfl
2026,3,1f3cfd315a24d1a7dd5859a8e6b88e18,2026-09-27T17:00:00Z,Bovada,bovada,2026-09-24T19:58:54Z,Jacksonville Jaguars,New England Patriots,Parker Washington,,,WR,player_reception_yds,Full Game,62.5,Over,-115,bovada|Parker Washington|player_reception_yds|62.5,0.53488372,0.5,https://api.the-odds-api.com/v4/sports/americanfootball_nfl
2026,3,1f3cfd315a24d1a7dd5859a8e6b88e18,2026-09-27T17:00:00Z,Bovada,bovada,2026-09-24T19:58:54Z,Jacksonville Jaguars,New England Patriots,Parker Washington,,,WR,player_reception_yds,Full Game,62.5,Under,-115,bovada|Parker Washington|player_reception_yds|62.5,0.53488372,0.5,https://api.the-odds-api.com/v4/sports/americanfootball_nfl
2026,3,1f3cfd315a24d1a7dd5859a8e6b88e18,2026-09-27T17:00:00Z,Bovada,bovada,2026-09-24T19:58:54Z,Jacksonville Jaguars,New England Patriots,Rhamondre Stevenson,,,WR,player_reception_yds,Full Game,14.5,Over,-110,bovada|Rhamondre Stevenson|player_reception_yds|14.5,0.52380952,0.48987854,https://api.the-odds-api.com/v4/sports/americanfootball_nfl
2026,3,1f3cfd315a24d1a7dd5859a8e6b88e18,2026-09-27T17:00:00Z,Bovada,bovada,2026-09-24T19:58:54Z,Jacksonville Jaguars,New England Patriots,Rhamondre Stevenson,,,WR,player_reception_yds,Full Game,14.5,Under,-120,bovada|Rhamondre Stevenson|player_reception_yds|14.5,0.54545455,0.51012146,https://api.the-odds-api.com/v4/sports/americanfootball_nfl
2026,3,1f3cfd315a24d1a7dd5859a8e6b88e18,2026-09-27T17:00:00Z,Bovada,bovada,2026-09-24T19:58:54Z,Jacksonville Jaguars,New England Patriots,Romeo Doubs,,,WR,player_reception_yds,Full Game,43.5,Over,-115,bovada|Romeo Doubs|player_reception_yds|43.5,0.53488372,0.5,https://api.the-odds-api.com/v4/sports/americanfootball_nfl
2026,3,1f3cfd315a24d1a7dd5859a8e6b88e18,2026-09-27T17:00:00Z,Bovada,bovada,2026-09-24T19:58:54Z,Jacksonville Jaguars,New England Patriots,Romeo Doubs,,,WR,player_reception_yds,Full Game,43.5,Under,-115,bovada|Romeo Doubs|player_reception_yds|43.5,0.53488372,0.5,https://api.the-odds-api.com/v4/sports/americanfootball_nfl
2026,3,1f3cfd315a24d1a7dd5859a8e6b88e18,2026-09-27T17:00:00Z,Bovada,bovada,2026-09-24T19:58:54Z,Jacksonville Jaguars,New England Patriots,TreVeyon Henderson,,,WR,player_reception_yds,Full Game,8.5,Over,-115,bovada|TreVeyon Henderson|player_reception_yds|8.5,0.53488372,0.5,https://api.the-odds-api.com/v4/sports/americanfootball_nfl
2026,3,1f3cfd315a24d1a7dd5859a8e6b88e18,2026-09-27T17:00:00Z,Bovada,bovada,2026-09-24T19:58:54Z,Jacksonville Jaguars,New England Patriots,TreVeyon Henderson,,,WR,player_reception_yds,Full Game,8.5,Under,-115,bovada|TreVeyon Henderson|player_reception_yds|8.5,0.53488372,0.5,https://api.the-odds-api.com/v4/sports/americanfootball_nfl
2026,3,1f3cfd315a24d1a7dd5859a8e6b88e18,2026-09-27T17:00:00Z,Bovada,bovada,2026-09-24T19:58:54Z,Jacksonville Jaguars,New England Patriots,Bhayshul Tuten,,,RB,player_rush_yds,Full Game,53.5,Over,-115,bovada|Bhayshul Tuten|player_rush_yds|53.5,0.53488372,0.5,https://api.the-odds-api.com/v4/sports/americanfootball_nfl
2026,3,1f3cfd315a24d1a7dd5859a8e6b88e18,2026-09-27T17:00:00Z,Bovada,bovada,2026-09-24T19:58:54Z,Jacksonville Jaguars,New England Patriots,Bhayshul Tuten,,,RB,player_rush_yds,Full Game,53.5,Under,-115,bovada|Bhayshul Tuten|player_rush_yds|53.5,0.53488372,0.5,https://api.the-odds-api.com/v4/sports/americanfootball_nfl
2026,3,1f3cfd315a24d1a7dd5859a8e6b88e18,2026-09-27T17:00:00Z,Bovada,bovada,2026-09-24T19:58:54Z,Jacksonville Jaguars,New England Patriots,Chris Rodriguez Jr.,,,RB,player_rush_yds,Full Game,20.5,Over,-110,bovada|Chris Rodriguez Jr.|player_rush_yds|20.5,0.52380952,0.48987854,https://api.the-odds-api.com/v4/sports/americanfootball_nfl
2026,3,1f3cfd315a24d1a7dd5859a8e6b88e18,2026-09-27T17:00:00Z,Bovada,bovada,2026-09-24T19:58:54Z,Jacksonville Jaguars,New England Patriots,Chris Rodriguez Jr.,,,RB,player_rush_yds,Full Game,20.5,Under,-120,bovada|Chris Rodriguez Jr.|player_rush_yds|20.5,0.54545455,0.51012146,https://api.the-odds-api.com/v4/sports/americanfootball_nfl
2026,3,1f3cfd315a24d1a7dd5859a8e6b88e18,2026-09-27T17:00:00Z,Bovada,bovada,2026-09-24T19:58:54Z,Jacksonville Jaguars,New England Patriots,Drake Maye,,,RB,player_rush_yds,Full Game,25.5,Over,-115,bovada|Drake Maye|player_rush_yds|25.5,0.53488372,0.5,https://api.the-odds-api.com/v4/sports/americanfootball_nfl
2026,3,1f3cfd315a24d1a7dd5859a8e6b88e18,2026-09-27T17:00:00Z,Bovada,bovada,2026-09-24T19:58:54Z,Jacksonville Jaguars,New England Patriots,Drake Maye,,,RB,player_rush_yds,Full Game,25.5,Under,-115,bovada|Drake Maye|player_rush_yds|25.5,0.53488372,0.5,https://api.the-odds-api.com/v4/sports/americanfootball_nfl
2026,3,1f3cfd315a24d1a7dd5859a8e6b88e18,2026-09-27T17:00:00Z,Bovada,bovada,2026-09-24T19:58:54Z,Jacksonville Jaguars,New England Patriots,Rhamondre Stevenson,,,RB,player_rush_yds,Full Game,37.5,Over,-120,bovada|Rhamondre Stevenson|player_rush_yds|37.5,0.54545455,0.51012146,https://api.the-odds-api.com/v4/sports/americanfootball_nfl
2026,3,1f3cfd315a24d1a7dd5859a8e6b88e18,2026-09-27T17:00:00Z,Bovada,bovada,2026-09-24T19:58:54Z,Jacksonville Jaguars,New England Patriots,Rhamondre Stevenson,,,RB,player_rush_yds,Full Game,37.5,Under,-110,bovada|Rhamondre Stevenson|player_rush_yds|37.5,0.52380952,0.48987854,https://api.the-odds-api.com/v4/sports/americanfootball_nfl
2026,3,1f3cfd315a24d1a7dd5859a8e6b88e18,2026-09-27T17:00:00Z,Bovada,bovada,2026-09-24T19:58:54Z,Jacksonville Jaguars,New England Patriots,TreVeyon Henderson,,,RB,player_rush_yds,Full Game,39.5,Over,-120,bovada|TreVeyon Henderson|player_rush_yds|39.5,0.54545455,0.51012146,https://api.the-odds-api.com/v4/sports/americanfootball_nfl
2026,3,1f3cfd315a24d1a7dd5859a8e6b88e18,2026-09-27T17:00:00Z,Bovada,bovada,2026-09-24T19:58:54Z,Jacksonville Jaguars,New England Patriots,TreVeyon Henderson,,,RB,player_rush_yds,Full Game,39.5,Under,-110,bovada|TreVeyon Henderson|player_rush_yds|39.5,0.52380952,0.48987854,https://api.the-odds-api.com/v4/sports/americanfootball_nfl
2026,3,1f3cfd315a24d1a7dd5859a8e6b88e18,2026-09-27T17:00:00Z,Bovada,bovada,2026-09-24T19:58:54Z,Jacksonville Jaguars,New England Patriots,Trevor Lawrence,,,RB,player_rush_yds,Full Game,15.5,Over,-120,bovada|Trevor Lawrence|player_rush_yds|15.5,0.54545455,0.51012146,https://api.the-odds-api.com/v4/sports/americanfootball_nfl
2026,3,1f3cfd315a24d1a7dd5859a8e6b88e18,2026-09-27T17:00:00Z,Bovada,bovada,2026-09-24T19:58:54Z,Jacksonville Jaguars,New England Patriots,Trevor Lawrence,,,RB,player_rush_yds,Full Game,15.5,Under,-110,bovada|Trevor Lawrence|player_rush_yds|15.5,0.52380952,0.48987854,https://api.the-odds-api.com/v4/sports/americanfootball_nfl
2026,3,1f3cfd315a24d1a7dd5859a8e6b88e18,2026-09-27T17:00:00Z,PrizePicks,prizepicks,2026-09-24T19:58:25Z,Jacksonville Jaguars,New England Patriots,Parker Washington,,,WR,player_reception_yds,Full Game,62.5,Over,-137,prizepicks|Parker Washington|player_reception_yds|62.5,0.57805907,0.5,https://api.the-odds-api.com/v4/sports/americanfootball_nfl
2026,3,1f3cfd315a24d1a7dd5859a8e6b88e18,2026-09-27T17:00:00Z,PrizePicks,prizepicks,2026-09-24T19:58:25Z,Jacksonville Jaguars,New England Patriots,Parker Washington,,,WR,player_reception_yds,Full Game,62.5,Under,-137,prizepicks|Parker Washington|player_reception_yds|62.5,0.57805907,0.5,https://api.the-odds-api.com/v4/sports/americanfootball_nfl
2026,3,1f3cfd315a24d1a7dd5859a8e6b88e18,2026-09-27T17:00:00Z,PrizePicks,prizepicks,2026-09-24T19:58:25Z,Jacksonville Jaguars,New England Patriots,Romeo Doubs,,,WR,player_reception_yds,Full Game,43.5,Over,-137,prizepicks|Romeo Doubs|player_reception_yds|43.5,0.57805907,0.5,https://api.the-odds-api.com/v4/sports/americanfootball_nfl
2026,3,1f3cfd315a24d1a7dd5859a8e6b88e18,2026-09-27T17:00:00Z,PrizePicks,prizepicks,2026-09-24T19:58:25Z,Jacksonville Jaguars,New England Patriots,Romeo Doubs,,,WR,player_reception_yds,Full Game,43.5,Under,-137,prizepicks|Romeo Doubs|player_reception_yds|43.5,0.57805907,0.5,https://api.the-odds-api.com/v4/sports/americanfootball_nfl
2026,3,1f3cfd315a24d1a7dd5859a8e6b88e18,2026-09-27T17:00:00Z,PrizePicks,prizepicks,2026-09-24T19:58:25Z,Jacksonville Jaguars,New England Patriots,Hunter Henry,,,WR,player_reception_yds,Full Game,39.5,Over,-137,prizepicks|Hunter Henry|player_reception_yds|39.5,0.57805907,0.5,https://api.the-odds-api.com/v4/sports/americanfootball_nfl
2026,3,1f3cfd315a24d1a7dd5859a8e6b88e18,2026-09-27T17:00:00Z,PrizePicks,prizepicks,2026-09-24T19:58:25Z,Jacksonville Jaguars,New England Patriots,Hunter Henry,,,WR,player_reception_yds,Full Game,39.5,Under,-137,prizepicks|Hunter Henry|player_reception_yds|39.5,0.57805907,0.5,https://api.the-odds-api.com/v4/sports/americanfootball_nfl
2026,3,1f3cfd315a24d1a7dd5859a8e6b88e18,2026-09-27T17:00:00Z,PrizePicks,prizepicks,2026-09-24T19:58:25Z,Jacksonville Jaguars,New England Patriots,Brian Thomas Jr,,,WR,player_reception_yds,Full Game,37.5,Over,-137,prizepicks|Brian Thomas Jr|player_reception_yds|37.5,0.57805907,0.5,https://api.the-odds-api.com/v4/sports/americanfootball_nfl
2026,3,1f3cfd315a24d1a7dd5859a8e6b88e18,2026-09-27T17:00:00Z,PrizePicks,prizepicks,2026-09-24T19:58:25Z,Jacksonville Jaguars,New England Patriots,Brian Thomas Jr,,,WR,player_reception_yds,Full Game,37.5,Under,-137,prizepicks|Brian Thomas Jr|player_reception_yds|37.5,0.57805907,0.5,https://api.the-odds-api.com/v4/sports/americanfootball_nfl
2026,3,1f3cfd315a24d1a7dd5859a8e6b88e18,2026-09-27T17:00:00Z,PrizePicks,prizepicks,2026-09-24T19:58:25Z,Jacksonville Jaguars,New England Patriots,Mack Hollins,,,WR,player_reception_yds,Full Game,33.5,Over,-137,prizepicks|Mack Hollins|player_reception_yds|33.5,0.57805907,0.5,https://api.the-odds-api.com/v4/sports/americanfootball_nfl
2026,3,1f3cfd315a24d1a7dd5859a8e6b88e18,2026-09-27T17:00:00Z,PrizePicks,prizepicks,2026-09-24T19:58:25Z,Jacksonville Jaguars,New England Patriots,Mack Hollins,,,WR,player_reception_yds,Full Game,33.5,Under,-137,prizepicks|Mack Hollins|player_reception_yds|33.5,0.57805907,0.5,https://api.the-odds-api.com/v4/sports/americanfootball_nfl
2026,3,1f3cfd315a24d1a7dd5859a8e6b88e18,2026-09-27T17:00:00Z,PrizePicks,prizepicks,2026-09-24T19:58:25Z,Jacksonville Jaguars,New England Patriots,Jakobi Meyers,,,WR,player_reception_yds,Full Game,32.5,Over,-137,prizepicks|Jakobi Meyers|player_reception_yds|32.5,0.57805907,0.5,https://api.the-odds-api.com/v4/sports/americanfootball_nfl
2026,3,1f3cfd315a24d1a7dd5859a8e6b88e18,2026-09-27T17:00:00Z,PrizePicks,prizepicks,2026-09-24T19:58:25Z,Jacksonville Jaguars,New England Patriots,Jakobi Meyers,,,WR,player_reception_yds,Full Game,32.5,Under,-137,prizepicks|Jakobi Meyers|player_reception_yds|32.5,0.57805907,0.5,https://api.the-odds-api.com/v4/sports/americanfootball_nfl
2026,3,1f3cfd315a24d1a7dd5859a8e6b88e18,2026-09-27T17:00:00Z,PrizePicks,prizepicks,2026-09-24T19:58:25Z,Jacksonville Jaguars,New England Patriots,Brenton Strange,,,WR,player_reception_yds,Full Game,28.5,Over,-137,prizepicks|Brenton Strange|player_reception_yds|28.5,0.57805907,0.5,https://api.the-odds-api.com/v4/sports/americanfootball_nfl
2026,3,1f3cfd315a24d1a7dd5859a8e6b88e18,2026-09-27T17:00:00Z,PrizePicks,prizepicks,2026-09-24T19:58:25Z,Jacksonville Jaguars,New England Patriots,Brenton Strange,,,WR,player_reception_yds,Full Game,28.5,Under,-137,prizepicks|Brenton Strange|player_reception_yds|28.5,0.57805907,0.5,https://api.the-odds-api.com/v4/sports/americanfootball_nfl
2026,3,1f3cfd315a24d1a7dd5859a8e6b88e18,2026-09-27T17:00:00Z,PrizePicks,prizepicks,2026-09-24T19:58:25Z,Jacksonville Jaguars,New England Patriots,DeMario Douglas,,,WR,player_reception_yds,Full Game,28.5,Over,-137,prizepicks|DeMario Douglas|player_reception_yds|28.5,0.57805907,0.5,https://api.the-odds-api.com/v4/sports/americanfootball_nfl
2026,3,1f3cfd315a24d1a7dd5859a8e6b88e18,2026-09-27T17:00:00Z,PrizePicks,prizepicks,2026-09-24T19:58:25Z,Jacksonville Jaguars,New England Patriots,DeMario Douglas,,,WR,player_reception_yds,Full Game,28.5,Under,-137,prizepicks|DeMario Douglas|player_reception_yds|28.5,0.57805907,0.5,https://api.the-odds-api.com/v4/sports/americanfootball_nfl
2026,3,1f3cfd315a24d1a7dd5859a8e6b88e18,2026-09-27T17:00:00Z,PrizePicks,prizepicks,2026-09-24T19:58:25Z,Jacksonville Jaguars,New England Patriots,Rhamondre Stevenson,,,WR,player_reception_yds,Full Game,14.5,Over,-137,prizepicks|Rhamondre Stevenson|player_reception_yds|14.5,0.57805907,0.5,https://api.the-odds-api.com/v4/sports/americanfootball_nfl
2026,3,1f3cfd315a24d1a7dd5859a8e6b88e18,2026-09-27T17:00:00Z,PrizePicks,prizepicks,2026-09-24T19:58:25Z,Jacksonville Jaguars,New England Patriots,Rhamondre Stevenson,,,WR,player_reception_yds,Full Game,14.5,Under,-137,prizepicks|Rhamondre Stevenson|player_reception_yds|14.5,0.57805907,0.5,https://api.the-odds-api.com/v4/sports/americanfootball_nfl
2026,3,1f3cfd315a24d1a7dd5859a8e6b88e18,2026-09-27T17:00:00Z,PrizePicks,prizepicks,2026-09-24T19:58:25Z,Jacksonville Jaguars,New England Patriots,Bhayshul Tuten,,,WR,player_reception_yds,Full Game,9.5,Over,-137,prizepicks|Bhayshul Tuten|player_reception_yds|9.5,0.57805907,0.5,https://api.the-odds-api.com/v4/sports/americanfootball_nfl
2026,3,1f3cfd315a24d1a7dd5859a8e6b88e18,2026-09-27T17:00:00Z,PrizePicks,prizepicks,2026-09-24T19:58:25Z,Jacksonville Jaguars,New England Patriots,Bhayshul Tuten,,,WR,player_reception_yds,Full Game,9.5,Under,-137,prizepicks|Bhayshul Tuten|player_reception_yds|9.5,0.57805907,0.5,https://api.the-odds-api.com/v4/sports/americanfootball_nfl
2026,3,1f3cfd315a24d1a7dd5859a8e6b88e18,2026-09-27T17:00:00Z,PrizePicks,prizepicks,2026-09-24T19:58:25Z,Jacksonville Jaguars,New England Patriots,TreVeyon Henderson,,,WR,player_reception_yds,Full Game,8.5,Over,-137,prizepicks|TreVeyon Henderson|player_reception_yds|8.5,0.57805907,0.5,https://api.the-odds-api.com/v4/sports/americanfootball_nfl
2026,3,1f3cfd315a24d1a7dd5859a8e6b88e18,2026-09-27T17:00:00Z,PrizePicks,prizepicks,2026-09-24T19:58:25Z,Jacksonville Jaguars,New England Patriots,TreVeyon Henderson,,,WR,player_reception_yds,Full Game,8.5,Under,-137,prizepicks|TreVeyon Henderson|player_reception_yds|8.5,0.57805907,0.5,https://api.the-odds-api.com/v4/sports/americanfootball_nfl
2026,3,1f3cfd315a24d1a7dd5859a8e6b88e18,2026-09-27T17:00:00Z,PrizePicks,prizepicks,2026-09-24T19:58:25Z,Jacksonville Jaguars,New England Patriots,Kyle Williams,,,WR,player_reception_yds,Full Game,6.5,Over,-137,prizepicks|Kyle Williams|player_reception_yds|6.5,0.57805907,0.5,https://api.the-odds-api.com/v4/sports/americanfootball_nfl
2026,3,1f3cfd315a24d1a7dd5859a8e6b88e18,2026-09-27T17:00:00Z,PrizePicks,prizepicks,2026-09-24T19:58:25Z,Jacksonville Jaguars,New England Patriots,Kyle Williams,,,WR,player_reception_yds,Full Game,6.5,Under,-137,prizepicks|Kyle Williams|player_reception_yds|6.5,0.57805907,0.5,https://api.the-odds-api.com/v4/sports/americanfootball_nfl
2026,3,1f3cfd315a24d1a7dd5859a8e6b88e18,2026-09-27T17:00:00Z,PrizePicks,prizepicks,2026-09-24T19:58:25Z,Jacksonville Jaguars,New England Patriots,Nate Boerkircher,,,WR,player_reception_yds,Full Game,1.5,Over,-137,prizepicks|Nate Boerkircher|player_reception_yds|1.5,0.57805907,0.5,https://api.the-odds-api.com/v4/sports/americanfootball_nfl
2026,3,1f3cfd315a24d1a7dd5859a8e6b88e18,2026-09-27T17:00:00Z,PrizePicks,prizepicks,2026-09-24T19:58:25Z,Jacksonville Jaguars,New England Patriots,Nate Boerkircher,,,WR,player_reception_yds,Full Game,1.5,Under,-137,prizepicks|Nate Boerkircher|player_reception_yds|1.5,0.57805907,0.5,https://api.the-odds-api.com/v4/sports/americanfootball_nfl
2026,3,1f3cfd315a24d1a7dd5859a8e6b88e18,2026-09-27T17:00:00Z,PrizePicks,prizepicks,2026-09-24T19:58:25Z,Jacksonville Jaguars,New England Patriots,LeQuint Allen Jr.,,,WR,player_reception_yds,Full Game,0.5,Over,-137,prizepicks|LeQuint Allen Jr.|player_reception_yds|0.5,0.57805907,0.5,https://api.the-odds-api.com/v4/sports/americanfootball_nfl
2026,3,1f3cfd315a24d1a7dd5859a8e6b88e18,2026-09-27T17:00:00Z,PrizePicks,prizepicks,2026-09-24T19:58:25Z,Jacksonville Jaguars,New England Patriots,LeQuint Allen Jr.,,,WR,player_reception_yds,Full Game,0.5,Under,-137,prizepicks|LeQuint Allen Jr.|player_reception_yds|0.5,0.57805907,0.5,https://api.the-odds-api.com/v4/sports/americanfootball_nfl
2026,3,1f3cfd315a24d1a7dd5859a8e6b88e18,2026-09-27T17:00:00Z,PrizePicks,prizepicks,2026-09-24T19:58:25Z,Jacksonville Jaguars,New England Patriots,Bhayshul Tuten,,,RB,player_rush_yds,Full Game,52.5,Over,-137,prizepicks|Bhayshul Tuten|player_rush_yds|52.5,0.57805907,0.5,https://api.the-odds-api.com/v4/sports/americanfootball_nfl
2026,3,1f3cfd315a24d1a7dd5859a8e6b88e18,2026-09-27T17:00:00Z,PrizePicks,prizepicks,2026-09-24T19:58:25Z,Jacksonville Jaguars,New England Patriots,Bhayshul Tuten,,,RB,player_rush_yds,Full Game,52.5,Under,-137,prizepicks|Bhayshul Tuten|player_rush_yds|52.5,0.57805907,0.5,https://api.the-odds-api.com/v4/sports/americanfootball_nfl
2026,3,1f3cfd315a24d1a7dd5859a8e6b88e18,2026-09-27T17:00:00Z,PrizePicks,prizepicks,2026-09-24T19:58:25Z,Jacksonville Jaguars,New England Patriots,TreVeyon Henderson,,,RB,player_rush_yds,Full Game,39.5,Over,-137,prizepicks|TreVeyon Henderson|player_rush_yds|39.5,0.57805907,0.5,https://api.the-odds-api.com/v4/sports/americanfootball_nfl
2026,3,1f3cfd315a24d1a7dd5859a8e6b88e18,2026-09-27T17:00:00Z,PrizePicks,prizepicks,2026-09-24T19:58:25Z,Jacksonville Jaguars,New England Patriots,TreVeyon Henderson,,,RB,player_rush_yds,Full Game,39.5,Under,-137,prizepicks|TreVeyon Henderson|player_rush_yds|39.5,0.57805907,0.5,https://api.the-odds-api.com/v4/sports/americanfootball_nfl
2026,3,1f3cfd315a24d1a7dd5859a8e6b88e18,2026-09-27T17:00:00Z,PrizePicks,prizepicks,2026-09-24T19:58:25Z,Jacksonville Jaguars,New England Patriots,Rhamondre Stevenson,,,RB,player_rush_yds,Full Game,38.5,Over,-137,prizepicks|Rhamondre Stevenson|player_rush_yds|38.5,0.57805907,0.5,https://api.the-odds-api.com/v4/sports/americanfootball_nfl
2026,3,1f3cfd315a24d1a7dd5859a8e6b88e18,2026-09-27T17:00:00Z,PrizePicks,prizepicks,2026-09-24T19:58:25Z,Jacksonville Jaguars,New England Patriots,Rhamondre Stevenson,,,RB,player_rush_yds,Full Game,38.5,Under,-137,prizepicks|Rhamondre Stevenson|player_rush_yds|38.5,0.57805907,0.5,https://api.the-odds-api.com/v4/sports/americanfootball_nfl
2026,3,1f3cfd315a24d1a7dd5859a8e6b88e18,2026-09-27T17:00:00Z,PrizePicks,prizepicks,2026-09-24T19:58:25Z,Jacksonville Jaguars,New England Patriots,Drake Maye,,,RB,player_rush_yds,Full Game,25.5,Over,-137,prizepicks|Drake Maye|player_rush_yds|25.5,0.57805907,0.5,https://api.the-odds-api.com/v4/sports/americanfootball_nfl
2026,3,1f3cfd315a24d1a7dd5859a8e6b88e18,2026-09-27T17:00:00Z,PrizePicks,prizepicks,2026-09-24T19:58:25Z,Jacksonville Jaguars,New England Patriots,Drake Maye,,,RB,player_rush_yds,Full Game,25.5,Under,-137,prizepicks|Drake Maye|player_rush_yds|25.5,0.57805907,0.5,https://api.the-odds-api.com/v4/sports/americanfootball_nfl
2026,3,1f3cfd315a24d1a7dd5859a8e6b88e18,2026-09-27T17:00:00Z,PrizePicks,prizepicks,2026-09-24T19:58:25Z,Jacksonville Jaguars,New England Patriots,Chris Rodriguez Jr.,,,RB,player_rush_yds,Full Game,20.5,Over,-137,prizepicks|Chris Rodriguez Jr.|player_rush_yds|20.5,0.57805907,0.5,https://api.the-odds-api.com/v4/sports/americanfootball_nfl
2026,3,1f3cfd315a24d1a7dd5859a8e6b88e18,2026-09-27T17:00:00Z,PrizePicks,prizepicks,2026-09-24T19:58:25Z,Jacksonville Jaguars,New England Patriots,Chris Rodriguez Jr.,,,RB,player_rush_yds,Full Game,20.5,Under,-137,prizepicks|Chris Rodriguez Jr.|player_rush_yds|20.5,0.57805907,0.5,https://api.the-odds-api.com/v4/sports/americanfootball_nfl
2026,3,1f3cfd315a24d1a7dd5859a8e6b88e18,2026-09-27T17:00:00Z,PrizePicks,prizepicks,2026-09-24T19:58:25Z,Jacksonville Jaguars,New England Patriots,Trevor Lawrence,,,RB,player_rush_yds,Full Game,16.5,Over,-137,prizepicks|Trevor Lawrence|player_rush_yds|16.5,0.57805907,0.5,https://api.the-odds-api.com/v4/sports/americanfootball_nfl
2026,3,1f3cfd315a24d1a7dd5859a8e6b88e18,2026-09-27T17:00:00Z,PrizePicks,prizepicks,2026-09-24T19:58:25Z,Jacksonville Jaguars,New England Patriots,Trevor Lawrence,,,RB,player_rush_yds,Full Game,16.5,Under,-137,prizepicks|Trevor Lawrence|player_rush_yds|16.5,0.57805907,0.5,https://api.the-odds-api.com/v4/sports/americanfootball_nfl
2026,3,0339a0e41bcee12820eb3e64bb5fadb4,2026-09-27T17:00:00Z,DraftKings,draftkings,2026-09-24T19:58:48Z,Miami Dolphins,Kansas City Chiefs,Travis Kelce,,,WR,player_reception_yds,Full Game,51.5,Over,-114,draftkings|Travis Kelce|player_reception_yds|51.5,0.53271028,0.5042123,https://api.the-odds-api.com/v4/sports/americanfootball_nfl
2026,3,0339a0e41bcee12820eb3e64bb5fadb4,2026-09-27T17:00:00Z,DraftKings,draftkings,2026-09-24T19:58:48Z,Miami Dolphins,Kansas City Chiefs,Travis Kelce,,,WR,player_reception_yds,Full Game,51.5,Under,-110,draftkings|Travis Kelce|player_reception_yds|51.5,0.52380952,0.4957877,https://api.the-odds-api.com/v4/sports/americanfootball_nfl
2026,3,0339a0e41bcee12820eb3e64bb5fadb4,2026-09-27T17:00:00Z,DraftKings,draftkings,2026-09-24T19:58:48Z,Miami Dolphins,Kansas City Chiefs,Rashee Rice,,,WR,player_reception_yds,Full Game,49.5,Over,-110,draftkings|Rashee Rice|player_reception_yds|49.5,0.52380952,0.49476987,https://api.the-odds-api.com/v4/sports/americanfootball_nfl
2026,3,0339a0e41bcee12820eb3e64bb5fadb4,2026-09-27T17:00:00Z,DraftKings,draftkings,2026-09-24T19:58:48Z,Miami Dolphins,Kansas City Chiefs,Rashee Rice,,,WR,player_reception_yds,Full Game,49.5,Under,-115,draftkings|Rashee Rice|player_reception_yds|49.5,0.53488372,0.50523013,https://api.the-odds-api.com/v4/sports/americanfootball_nfl
2026,3,0339a0e41bcee12820eb3e64bb5fadb4,2026-09-27T17:00:00Z,DraftKings,draftkings,2026-09-24T19:58:48Z,Miami Dolphins,Kansas City Chiefs,Xavier Worthy,,,WR,player_reception_yds,Full Game,37.5,Over,-113,draftkings|Xavier Worthy|player_reception_yds|37.5,0.53051643,0.50210588,https://api.the-odds-api.com/v4/sports/americanfootball_nfl
2026,3,0339a0e41bcee12820eb3e64bb5fadb4,2026-09-27T17:00:00Z,DraftKings,draftkings,2026-09-24T19:58:48Z,Miami Dolphins,Kansas City Chiefs,Xavier Worthy,,,WR,player_reception_yds,Full Game,37.5,Under,-111,draftkings|Xavier Worthy|player_reception_yds|37.5,0.52606635,0.49789412,https://api.the-odds-api.com/v4/sports/americanfootball_nfl
2026,3,0339a0e41bcee12820eb3e64bb5fadb4,2026-09-27T17:00:00Z,DraftKings,draftkings,2026-09-24T19:58:48Z,Miami Dolphins,Kansas City Chiefs,Malik Washington,,,WR,player_reception_yds,Full Game,35.5,Over,-114,draftkings|Malik Washington|player_reception_yds|35.5,0.53271028,0.5042123,https://api.the-odds-api.com/v4/sports/americanfootball_nfl
2026,3,0339a0e41bcee12820eb3e64bb5fadb4,2026-09-27T17:00:00Z,DraftKings,draftkings,2026-09-24T19:58:48Z,Miami Dolphins,Kansas City Chiefs,Malik Washington,,,WR,player_reception_yds,Full Game,35.5,Under,-110,draftkings|Malik Washington|player_reception_yds|35.5,0.52380952,0.4957877,https://api.the-odds-api.com/v4/sports/americanfootball_nfl
2026,3,0339a0e41bcee12820eb3e64bb5fadb4,2026-09-27T17:00:00Z,DraftKings,draftkings,2026-09-24T19:58:48Z,Miami Dolphins,Kansas City Chiefs,De'Von Achane,,,WR,player_reception_yds,Full Game,26.5,Over,-114,draftkings|De'Von Achane|player_reception_yds|26.5,0.53271028,0.5042123,https://api.the-odds-api.com/v4/sports/americanfootball_nfl
2026,3,0339a0e41bcee12820eb3e64bb5fadb4,2026-09-27T17:00:00Z,DraftKings,draftkings,2026-09-24T19:58:48Z,Miami Dolphins,Kansas City Chiefs,De'Von Achane,,,WR,player_reception_yds,Full Game,26.5,Under,-110,draftkings|De'Von Achane|player_reception_yds|26.5,0.52380952,0.4957877,https://api.the-odds-api.com/v4/sports/americanfootball_nfl
2026,3,0339a0e41bcee12820eb3e64bb5fadb4,2026-09-27T17:00:00Z,DraftKings,draftkings,2026-09-24T19:58:48Z,Miami Dolphins,Kansas City Chiefs,Kenneth Walker III,,,WR,player_reception_yds,Full Game,24.5,Over,-112,draftkings|Kenneth Walker III|player_reception_yds|24.5,0.52830189,0.5,https://api.the-odds-api.com/v4/sports/americanfootball_nfl
2026,3,0339a0e41bcee12820eb3e64bb5fadb4,2026-09-27T17:00:00Z,DraftKings,draftkings,2026-09-24T19:58:48Z,Miami Dolphins,Kansas City Chiefs,Kenneth Walker III,,,WR,player_reception_yds,Full Game,24.5,Under,-112,draftkings|Kenneth Walker III|player_reception_yds|24.5,0.52830189,0.5,https://api.the-odds-api.com/v4/sports/americanfootball_nfl
2026,3,0339a0e41bcee12820eb3e64bb5fadb4,2026-09-27T17:00:00Z,DraftKings,draftkings,2026-09-24T19:58:48Z,Miami Dolphins,Kansas City Chiefs,Greg Dulcich,,,WR,player_reception_yds,Full Game,22.5,Over,-111,draftkings|Greg Dulcich|player_reception_yds|22.5,0.52606635,0.49789412,https://api.the-odds-api.com/v4/sports/americanfootball_nfl
2026,3,0339a0e41bcee12820eb3e64bb5fadb4,2026-09-27T17:00:00Z,DraftKings,draftkings,2026-09-24T19:58:48Z,Miami Dolphins,Kansas City Chiefs,Greg Dulcich,,,WR,player_reception_yds,Full Game,22.5,Under,-113,draftkings|Greg Dulcich|player_reception_yds|22.5,0.53051643,0.50210588,https://api.the-odds-api.com/v4/sports/americanfootball_nfl
2026,3,0339a0e41bcee12820eb3e64bb5fadb4,2026-09-27T17:00:00Z,DraftKings,draftkings,2026-09-24T19:58:48Z,Miami Dolphins,Kansas City Chiefs,Tyquan Thornton,,,WR,player_reception_yds,Full Game,20.5,Over,-108,draftkings|Tyquan Thornton|player_reception_yds|20.5,0.51923077,0.49157114,https://api.the-odds-api.com/v4/sports/americanfootball_nfl
2026,3,0339a0e41bcee12820eb3e64bb5fadb4,2026-09-27T17:00:00Z,DraftKings,draftkings,2026-09-24T19:58:48Z,Miami Dolphins,Kansas City Chiefs,Tyquan Thornton,,,WR,player_reception_yds,Full Game,20.5,Under,-116,draftkings|Tyquan Thornton|player_reception_yds|20.5,0.53703704,0.50842886,https://api.the-odds-api.com/v4/sports/americanfootball_nfl
2026,3,0339a0e41bcee12820eb3e64bb5fadb4,2026-09-27T17:00:00Z,DraftKings,draftkings,2026-09-24T19:58:48Z,Miami Dolphins,Kansas City Chiefs,Emmett Johnson,,,WR,player_reception_yds,Full Game,10.5,Over,-113,draftkings|Emmett Johnson|player_reception_yds|10.5,0.53051643,0.50210588,https://api.the-odds-api.com/v4/sports/americanfootball_nfl
2026,3,0339a0e41bcee12820eb3e64bb5fadb4,2026-09-27T17:00:00Z,DraftKings,draftkings,2026-09-24T19:58:48Z,Miami Dolphins,Kansas City Chiefs,Emmett Johnson,,,WR,player_reception_yds,Full Game,10.5,Under,-111,draftkings|Emmett Johnson|player_reception_yds|10.5,0.52606635,0.49789412,https://api.the-odds-api.com/v4/sports/americanfootball_nfl
2026,3,0339a0e41bcee12820eb3e64bb5fadb4,2026-09-27T17:00:00Z,DraftKings,draftkings,2026-09-24T19:58:48Z,Miami Dolphins,Kansas City Chiefs,Kenneth Walker III,,,RB,player_rush_yds,Full Game,85.5,Over,-110,draftkings|Kenneth Walker III|player_rush_yds|85.5,0.52380952,0.4957877,https://api.the-odds-api.com/v4/sports/americanfootball_nfl
2026,3,0339a0e41bcee12820eb3e64bb5fadb4,2026-09-27T17:00:00Z,DraftKings,draftkings,2026-09-24T19:58:48Z,Miami Dolphins,Kansas City Chiefs,Kenneth Walker III,,,RB,player_rush_yds,Full Game,85.5,Under,-114,draftkings|Kenneth Walker III|player_rush_yds|85.5,0.53271028,0.5042123,https://api.the-odds-api.com/v4/sports/americanfootball_nfl
2026,3,0339a0e41bcee12820eb3e64bb5fadb4,2026-09-27T17:00:00Z,DraftKings,draftkings,2026-09-24T19:58:48Z,Miami Dolphins,Kansas City Chiefs,De'Von Achane,,,RB,player_rush_yds,Full Game,60.5,Over,-112,draftkings|De'Von Achane|player_rush_yds|60.5,0.52830189,0.5,https://api.the-odds-api.com/v4/sports/americanfootball_nfl
2026,3,0339a0e41bcee12820eb3e64bb5fadb4,2026-09-27T17:00:00Z,DraftKings,draftkings,2026-09-24T19:58:48Z,Miami Dolphins,Kansas City Chiefs,De'Von Achane,,,RB,player_rush_yds,Full Game,60.5,Under,-112,draftkings|De'Von Achane|player_rush_yds|60.5,0.52830189,0.5,https://api.the-odds-api.com/v4/sports/americanfootball_nfl
2026,3,0339a0e41bcee12820eb3e64bb5fadb4,2026-09-27T17:00:00Z,DraftKings,draftkings,2026-09-24T19:58:48Z,Miami Dolphins,Kansas City Chiefs,Malik Willis,,,RB,player_rush_yds,Full Game,33.5,Over,-115,draftkings|Malik Willis|player_rush_yds|33.5,0.53488372,0.50631978,https://api.the-odds-api.com/v4/sports/americanfootball_nfl
2026,3,0339a0e41bcee12820eb3e64bb5fadb4,2026-09-27T17:00:00Z,DraftKings,draftkings,2026-09-24T19:58:48Z,Miami Dolphins,Kansas City Chiefs,Malik Willis,,,RB,player_rush_yds,Full Game,33.5,Under,-109,draftkings|Malik Willis|player_rush_yds|33.5,0.5215311,0.49368022,https://api.the-odds-api.com/v4/sports/americanfootball_nfl
2026,3,0339a0e41bcee12820eb3e64bb5fadb4,2026-09-27T17:00:00Z,DraftKings,draftkings,2026-09-24T19:58:48Z,Miami Dolphins,Kansas City Chiefs,Emmett Johnson,,,RB,player_rush_yds,Full Game,24.5,Over,-111,draftkings|Emmett Johnson|player_rush_yds|24.5,0.52606635,0.49789412,https://api.the-odds-api.com/v4/sports/americanfootball_nfl
2026,3,0339a0e41bcee12820eb3e64bb5fadb4,2026-09-27T17:00:00Z,DraftKings,draftkings,2026-09-24T19:58:48Z,Miami Dolphins,Kansas City Chiefs,Emmett Johnson,,,RB,player_rush_yds,Full Game,24.5,Under,-113,draftkings|Emmett Johnson|player_rush_yds|24.5,0.53051643,0.50210588,https://api.the-odds-api.com/v4/sports/americanfootball_nfl
2026,3,0339a0e41bcee12820eb3e64bb5fadb4,2026-09-27T17:00:00Z,DraftKings,draftkings,2026-09-24T19:58:48Z,Miami Dolphins,Kansas City Chiefs,Patrick Mahomes,,,RB,player_rush_yds,Full Game,18.5,Over,-115,draftkings|Patrick Mahomes|player_rush_yds|18.5,0.53488372,0.50631978,https://api.the-odds-api.com/v4/sports/americanfootball_nfl
2026,3,0339a0e41bcee12820eb3e64bb5fadb4,2026-09-27T17:00:00Z,DraftKings,draftkings,2026-09-24T19:58:48Z,Miami Dolphins,Kansas City Chiefs,Patrick Mahomes,,,RB,player_rush_yds,Full Game,18.5,Under,-109,draftkings|Patrick Mahomes|player_rush_yds|18.5,0.5215311,0.49368022,https://api.the-odds-api.com/v4/sports/americanfootball_nfl
2026,3,0339a0e41bcee12820eb3e64bb5fadb4,2026-09-27T17:00:00Z,FanDuel,fanduel,2026-09-24T19:59:13Z,Miami Dolphins,Kansas City Chiefs,Tyquan Thornton,,,WR,player_reception_yds,Full Game,19.5,Over,-114,fanduel|Tyquan Thornton|player_reception_yds|19.5,0.53271028,0.5,https://api.the-odds-api.com/v4/sports/americanfootball_nfl
2026,3,0339a0e41bcee12820eb3e64bb5fadb4,2026-09-27T17:00:00Z,FanDuel,fanduel,2026-09-24T19:59:13Z,Miami Dolphins,Kansas City Chiefs,Tyquan Thornton,,,WR,player_reception_yds,Full Game,19.5,Under,-114,fanduel|Tyquan Thornton|player_reception_yds|19.5,0.53271028,0.5,https://api.the-odds-api.com/v4/sports/americanfootball_nfl
2026,3,0339a0e41bcee12820eb3e64bb5fadb4,2026-09-27T17:00:00Z,FanDuel,fanduel,2026-09-24T19:59:13Z,Miami Dolphins,Kansas City Chiefs,Chris Bell,,,WR,player_reception_yds,Full Game,22.5,Over,-114,fanduel|Chris Bell|player_reception_yds|22.5,0.53271028,0.5,https://api.the-odds-api.com/v4/sports/americanfootball_nfl
2026,3,0339a0e41bcee12820eb3e64bb5fadb4,2026-09-27T17:00:00Z,FanDuel,fanduel,2026-09-24T19:59:13Z,Miami Dolphins,Kansas City Chiefs,Chris Bell,,,WR,player_reception_yds,Full Game,22.5,Under,-114,fanduel|Chris Bell|player_reception_yds|22.5,0.53271028,0.5,https://api.the-odds-api.com/v4/sports/americanfootball_nfl
2026,3,0339a0e41bcee12820eb3e64bb5fadb4,2026-09-27T17:00:00Z,FanDuel,fanduel,2026-09-24T19:59:13Z,Miami Dolphins,Kansas City Chiefs,Travis Kelce,,,WR,player_reception_yds,Full Game,51.5,Over,-114,fanduel|Travis Kelce|player_reception_yds|51.5,0.53271028,0.5,https://api.the-odds-api.com/v4/sports/americanfootball_nfl
2026,3,0339a0e41bcee12820eb3e64bb5fadb4,2026-09-27T17:00:00Z,FanDuel,fanduel,2026-09-24T19:59:13Z,Miami Dolphins,Kansas City Chiefs,Travis Kelce,,,WR,player_reception_yds,Full Game,51.5,Under,-114,fanduel|Travis Kelce|player_reception_yds|51.5,0.53271028,0.5,https://api.the-odds-api.com/v4/sports/americanfootball_nfl
2026,3,0339a0e41bcee12820eb3e64bb5fadb4,2026-09-27T17:00:00Z,FanDuel,fanduel,2026-09-24T19:59:13Z,Miami Dolphins,Kansas City Chiefs,Xavier Worthy,,,WR,player_reception_yds,Full Game,37.5,Over,-114,fanduel|Xavier Worthy|player_reception_yds|37.5,0.53271028,0.5,https://api.the-odds-api.com/v4/sports/americanfootball_nfl
2026,3,0339a0e41bcee12820eb3e64bb5fadb4,2026-09-27T17:00:00Z,FanDuel,fanduel,2026-09-24T19:59:13Z,Miami Dolphins,Kansas City Chiefs,Xavier Worthy,,,WR,player_reception_yds,Full Game,37.5,Under,-114,fanduel|Xavier Worthy|player_reception_yds|37.5,0.53271028,0.5,https://api.the-odds-api.com/v4/sports/americanfootball_nfl
2026,3,0339a0e41bcee12820eb3e64bb5fadb4,2026-09-27T17:00:00Z,FanDuel,fanduel,2026-09-24T19:59:13Z,Miami Dolphins,Kansas City Chiefs,Rashee Rice,,,WR,player_reception_yds,Full Game,48.5,Over,-114,fanduel|Rashee Rice|player_reception_yds|48.5,0.53271028,0.5,https://api.the-odds-api.com/v4/sports/americanfootball_nfl
2026,3,0339a0e41bcee12820eb3e64bb5fadb4,2026-09-27T17:00:00Z,FanDuel,fanduel,2026-09-24T19:59:13Z,Miami Dolphins,Kansas City Chiefs,Rashee Rice,,,WR,player_reception_yds,Full Game,48.5,Under,-114,fanduel|Rashee Rice|player_reception_yds|48.5,0.53271028,0.5,https://api.the-odds-api.com/v4/sports/americanfootball_nfl
2026,3,0339a0e41bcee12820eb3e64bb5fadb4,2026-09-27T17:00:00Z,FanDuel,fanduel,2026-09-24T19:59:13Z,Miami Dolphins,Kansas City Chiefs,De'Von Achane,,,WR,player_reception_yds,Full Game,26.5,Over,-114,fanduel|De'Von Achane|player_reception_yds|26.5,0.53271028,0.5,https://api.the-odds-api.com/v4/sports/americanfootball_nfl
2026,3,0339a0e41bcee12820eb3e64bb5fadb4,2026-09-27T17:00:00Z,FanDuel,fanduel,2026-09-24T19:59:13Z,Miami Dolphins,Kansas City Chiefs,De'Von Achane,,,WR,player_reception_yds,Full Game,26.5,Under,-114,fanduel|De'Von Achane|player_reception_yds|26.5,0.53271028,0.5,https://api.the-odds-api.com/v4/sports/americanfootball_nfl
2026,3,0339a0e41bcee12820eb3e64bb5fadb4,2026-09-27T17:00:00Z,FanDuel,fanduel,2026-09-24T19:59:13Z,Miami Dolphins,Kansas City Chiefs,Emmett Johnson,,,WR,player_reception_yds,Full Game,10.5,Over,-114,fanduel|Emmett Johnson|player_reception_yds|10.5,0.53271028,0.5,https://api.the-odds-api.com/v4/sports/americanfootball_nfl
2026,3,0339a0e41bcee12820eb3e64bb5fadb4,2026-09-27T17:00:00Z,FanDuel,fanduel,2026-09-24T19:59:13Z,Miami Dolphins,Kansas City Chiefs,Emmett Johnson,,,WR,player_reception_yds,Full Game,10.5,Under,-114,fanduel|Emmett Johnson|player_reception_yds|10.5,0.53271028,0.5,https://api.the-odds-api.com/v4/sports/americanfootball_nfl
2026,3,0339a0e41bcee12820eb3e64bb5fadb4,2026-09-27T17:00:00Z,FanDuel,fanduel,2026-09-24T19:59:13Z,Miami Dolphins,Kansas City Chiefs,Kenneth Walker III,,,WR,player_reception_yds,Full Game,22.5,Over,-114,fanduel|Kenneth Walker III|player_reception_yds|22.5,0.53271028,0.5,https://api.the-odds-api.com/v4/sports/americanfootball_nfl
2026,3,0339a0e41bcee12820eb3e64bb5fadb4,2026-09-27T17:00:00Z,FanDuel,fanduel,2026-09-24T19:59:13Z,Miami Dolphins,Kansas City Chiefs,Kenneth Walker III,,,WR,player_reception_yds,Full Game,22.5,Under,-114,fanduel|Kenneth Walker III|player_reception_yds|22.5,0.53271028,0.5,https://api.the-odds-api.com/v4/sports/americanfootball_nfl
2026,3,0339a0e41bcee12820eb3e64bb5fadb4,2026-09-27T17:00:00Z,FanDuel,fanduel,2026-09-24T19:59:13Z,Miami Dolphins,Kansas City Chiefs,Greg Dulcich,,,WR,player_reception_yds,Full Game,22.5,Over,-114,fanduel|Greg Dulcich|player_reception_yds|22.5,0.53271028,0.5,https://api.the-odds-api.com/v4/sports/americanfootball_nfl
2026,3,0339a0e41bcee12820eb3e64bb5fadb4,2026-09-27T17:00:00Z,FanDuel,fanduel,2026-09-24T19:59:13Z,Miami Dolphins,Kansas City Chiefs,Greg Dulcich,,,WR,player_reception_yds,Full Game,22.5,Under,-114,fanduel|Greg Dulcich|player_reception_yds|22.5,0.53271028,0.5,https://api.the-odds-api.com/v4/sports/americanfootball_nfl
2026,3,0339a0e41bcee12820eb3e64bb5fadb4,2026-09-27T17:00:00Z,FanDuel,fanduel,2026-09-24T19:59:13Z,Miami Dolphins,Kansas City Chiefs,Malik Washington,,,WR,player_reception_yds,Full Game,35.5,Over,-114,fanduel|Malik Washington|player_reception_yds|35.5,0.53271028,0.5,https://api.the-odds-api.com/v4/sports/americanfootball_nfl
2026,3,0339a0e41bcee12820eb3e64bb5fadb4,2026-09-27T17:00:00Z,FanDuel,fanduel,2026-09-24T19:59:13Z,Miami Dolphins,Kansas City Chiefs,Malik Washington,,,WR,player_reception_yds,Full Game,35.5,Under,-114,fanduel|Malik Washington|player_reception_yds|35.5,0.53271028,0.5,https://api.the-odds-api.com/v4/sports/americanfootball_nfl
2026,3,0339a0e41bcee12820eb3e64bb5fadb4,2026-09-27T17:00:00Z,FanDuel,fanduel,2026-09-24T19:59:13Z,Miami Dolphins,Kansas City Chiefs,Kenneth Walker III,,,RB,player_rush_yds,Full Game,85.5,Over,-114,fanduel|Kenneth Walker III|player_rush_yds|85.5,0.53271028,0.5,https://api.the-odds-api.com/v4/sports/americanfootball_nfl
2026,3,0339a0e41bcee12820eb3e64bb5fadb4,2026-09-27T17:00:00Z,FanDuel,fanduel,2026-09-24T19:59:13Z,Miami Dolphins,Kansas City Chiefs,Kenneth Walker III,,,RB,player_rush_yds,Full Game,85.5,Under,-114,fanduel|Kenneth Walker III|player_rush_yds|85.5,0.53271028,0.5,https://api.the-odds-api.com/v4/sports/americanfootball_nfl
2026,3,0339a0e41bcee12820eb3e64bb5fadb4,2026-09-27T17:00:00Z,FanDuel,fanduel,2026-09-24T19:59:13Z,Miami Dolphins,Kansas City Chiefs,De'Von Achane,,,RB,player_rush_yds,Full Game,59.5,Over,-114,fanduel|De'Von Achane|player_rush_yds|59.5,0.53271028,0.5,https://api.the-odds-api.com/v4/sports/americanfootball_nfl
2026,3,0339a0e41bcee12820eb3e64bb5fadb4,2026-09-27T17:00:00Z,FanDuel,fanduel,2026-09-24T19:59:13Z,Miami Dolphins,Kansas City Chiefs,De'Von Achane,,,RB,player_rush_yds,Full Game,59.5,Under,-114,fanduel|De'Von Achane|player_rush_yds|59.5,0.53271028,0.5,https://api.the-odds-api.com/v4/sports/americanfootball_nfl
2026,3,0339a0e41bcee12820eb3e64bb5fadb4,2026-09-27T17:00:00Z,FanDuel,fanduel,2026-09-24T19:59:13Z,Miami Dolphins,Kansas City Chiefs,Emmett Johnson,,,RB,player_rush_yds,Full Game,24.5,Over,-114,fanduel|Emmett Johnson|player_rush_yds|24.5,0.53271028,0.5,https://api.the-odds-api.com/v4/sports/americanfootball_nfl
2026,3,0339a0e41bcee12820eb3e64bb5fadb4,2026-09-27T17:00:00Z,FanDuel,fanduel,2026-09-24T19:59:13Z,Miami Dolphins,Kansas City Chiefs,Emmett Johnson,,,RB,player_rush_yds,Full Game,24.5,Under,-114,fanduel|Emmett Johnson|player_rush_yds|24.5,0.53271028,0.5,https://api.the-odds-api.com/v4/sports/americanfootball_nfl
2026,3,0339a0e41bcee12820eb3e64bb5fadb4,2026-09-27T17:00:00Z,FanDuel,fanduel,2026-09-24T19:59:13Z,Miami Dolphins,Kansas City Chiefs,Malik Willis,,,RB,player_rush_yds,Full Game,33.5,Over,-114,fanduel|Malik Willis|player_rush_yds|33.5,0.53271028,0.5,https://api.the-odds-api.com/v4/sports/americanfootball_nfl
2026,3,0339a0e41bcee12820eb3e64bb5fadb4,2026-09-27T17:00:00Z,FanDuel,fanduel,2026-09-24T19:59:13Z,Miami Dolphins,Kansas City Chiefs,Malik Willis,,,RB,player_rush_yds,Full Game,33.5,Under,-114,fanduel|Malik Willis|player_rush_yds|33.5,0.53271028,0.5,https://api.the-odds-api.com/v4/sports/americanfootball_nfl
2026,3,0339a0e41bcee12820eb3e64bb5fadb4,2026-09-27T17:00:00Z,FanDuel,fanduel,2026-09-24T19:59:13Z,Miami Dolphins,Kansas City Chiefs,Patrick Mahomes,,,RB,player_rush_yds,Full Game,17.5,Over,-114,fanduel|Patrick Mahomes|player_rush_yds|17.5,0.53271028,0.5,https://api.the-odds-api.com/v4/sports/americanfootball_nfl
2026,3,0339a0e41bcee12820eb3e64bb5fadb4,2026-09-27T17:00:00Z,FanDuel,fanduel,2026-09-24T19:59:13Z,Miami Dolphins,Kansas City Chiefs,Patrick Mahomes,,,RB,player_rush_yds,Full Game,17.5,Under,-114,fanduel|Patrick Mahomes|player_rush_yds|17.5,0.53271028,0.5,https://api.the-odds-api.com/v4/sports/americanfootball_nfl
2026,3,0339a0e41bcee12820eb3e64bb5fadb4,2026-09-27T17:00:00Z,BetRivers,betrivers,2026-09-24T19:59:14Z,Miami Dolphins,Kansas City Chiefs,Greg Dulcich,,,WR,player_reception_yds,Full Game,22.5,Over,-117,betrivers|Greg Dulcich|player_reception_yds|22.5,0.53917051,0.5030135,https://api.the-odds-api.com/v4/sports/americanfootball_nfl
2026,3,0339a0e41bcee12820eb3e64bb5fadb4,2026-09-27T17:00:00Z,BetRivers,betrivers,2026-09-24T19:59:14Z,Miami Dolphins,Kansas City Chiefs,Greg Dulcich,,,WR,player_reception_yds,Full Game,22.5,Under,-114,betrivers|Greg Dulcich|player_reception_yds|22.5,0.53271028,0.4969865,https://api.the-odds-api.com/v4/sports/americanfootball_nfl
2026,3,0339a0e41bcee12820eb3e64bb5fadb4,2026-09-27T17:00:00Z,BetRivers,betrivers,2026-09-24T19:59:14Z,Miami Dolphins,Kansas City Chiefs,Emmett Johnson,,,WR,player_reception_yds,Full Game,10.5,Over,-121,betrivers|Emmett Johnson|player_reception_yds|10.5,0.54751131,0.51215116,https://api.the-odds-api.com/v4/sports/americanfootball_nfl
2026,3,0339a0e41bcee12820eb3e64bb5fadb4,2026-09-27T17:00:00Z,BetRivers,betrivers,2026-09-24T19:59:14Z,Miami Dolphins,Kansas City Chiefs,Emmett Johnson,,,WR,player_reception_yds,Full Game,10.5,Under,-109,betrivers|Emmett Johnson|player_reception_yds|10.5,0.5215311,0.48784884,https://api.the-odds-api.com/v4/sports/americanfootball_nfl
2026,3,0339a0e41bcee12820eb3e64bb5fadb4,2026-09-27T17:00:00Z,BetRivers,betrivers,2026-09-24T19:59:14Z,Miami Dolphins,Kansas City Chiefs,Malik Washington,,,WR,player_reception_yds,Full Game,35.5,Over,-114,betrivers|Malik Washington|player_reception_yds|35.5,0.53271028,0.4969865,https://api.the-odds-api.com/v4/sports/americanfootball_nfl
2026,3,0339a0e41bcee12820eb3e64bb5fadb4,2026-09-27T17:00:00Z,BetRivers,betrivers,2026-09-24T19:59:14Z,Miami Dolphins,Kansas City Chiefs,Malik Washington,,,WR,player_reception_yds,Full Game,35.5,Under,-117,betrivers|Malik Washington|player_reception_yds|35.5,0.53917051,0.5030135,https://api.the-odds-api.com/v4/sports/americanfootball_nfl
2026,3,0339a0e41bcee12820eb3e64bb5fadb4,2026-09-27T17:00:00Z,BetRivers,betrivers,2026-09-24T19:59:14Z,Miami Dolphins,Kansas City Chiefs,Xavier Worthy,,,WR,player_reception_yds,Full Game,35.5,Over,-118,betrivers|Xavier Worthy|player_reception_yds|35.5,0.5412844,0.50502331,https://api.the-odds-api.com/v4/sports/americanfootball_nfl
2026,3,0339a0e41bcee12820eb3e64bb5fadb4,2026-09-27T17:00:00Z,BetRivers,betrivers,2026-09-24T19:59:14Z,Miami Dolphins,Kansas City Chiefs,Xavier Worthy,,,WR,player_reception_yds,Full Game,35.5,Under,-113,betrivers|Xavier Worthy|player_reception_yds|35.5,0.53051643,0.49497669,https://api.the-odds-api.com/v4/sports/americanfootball_nfl
2026,3,0339a0e41bcee12820eb3e64bb5fadb4,2026-09-27T17:00:00Z,BetRivers,betrivers,2026-09-24T19:59:14Z,Miami Dolphins,Kansas City Chiefs,Tyquan Thornton,,,WR,player_reception_yds,Full Game,18.5,Over,-117,betrivers|Tyquan Thornton|player_reception_yds|18.5,0.53917051,0.5030135,https://api.the-odds-api.com/v4/sports/americanfootball_nfl
2026,3,0339a0e41bcee12820eb3e64bb5fadb4,2026-09-27T17:00:00Z,BetRivers,betrivers,2026-09-24T19:59:14Z,Miami Dolphins,Kansas City Chiefs,Tyquan Thornton,,,WR,player_reception_yds,Full Game,18.5,Under,-114,betrivers|Tyquan Thornton|player_reception_yds|18.5,0.53271028,0.4969865,https://api.the-odds-api.com/v4/sports/americanfootball_nfl
2026,3,0339a0e41bcee12820eb3e64bb5fadb4,2026-09-27T17:00:00Z,BetRivers,betrivers,2026-09-24T19:59:14Z,Miami Dolphins,Kansas City Chiefs,De'Von Achane,,,WR,player_reception_yds,Full Game,26.5,Over,-114,betrivers|De'Von Achane|player_reception_yds|26.5,0.53271028,0.49898208,https://api.the-odds-api.com/v4/sports/americanfootball_nfl
2026,3,0339a0e41bcee12820eb3e64bb5fadb4,2026-09-27T17:00:00Z,BetRivers,betrivers,2026-09-24T19:59:14Z,Miami Dolphins,Kansas City Chiefs,De'Von Achane,,,WR,player_reception_yds,Full Game,26.5,Under,-115,betrivers|De'Von Achane|player_reception_yds|26.5,0.53488372,0.50101792,https://api.the-odds-api.com/v4/sports/americanfootball_nfl
2026,3,0339a0e41bcee12820eb3e64bb5fadb4,2026-09-27T17:00:00Z,BetRivers,betrivers,2026-09-24T19:59:14Z,Miami Dolphins,Kansas City Chiefs,Travis Kelce,,,WR,player_reception_yds,Full Game,51.5,Over,-114,betrivers|Travis Kelce|player_reception_yds|51.5,0.53271028,0.4969865,https://api.the-odds-api.com/v4/sports/americanfootball_nfl
2026,3,0339a0e41bcee12820eb3e64bb5fadb4,2026-09-27T17:00:00Z,BetRivers,betrivers,2026-09-24T19:59:14Z,Miami Dolphins,Kansas City Chiefs,Travis Kelce,,,WR,player_reception_yds,Full Game,51.5,Under,-117,betrivers|Travis Kelce|player_reception_yds|51.5,0.53917051,0.5030135,https://api.the-odds-api.com/v4/sports/americanfootball_nfl
2026,3,0339a0e41bcee12820eb3e64bb5fadb4,2026-09-27T17:00:00Z,BetRivers,betrivers,2026-09-24T19:59:14Z,Miami Dolphins,Kansas City Chiefs,Kenneth Walker III,,,WR,player_reception_yds,Full Game,23.5,Over,-113,betrivers|Kenneth Walker III|player_reception_yds|23.5,0.53051643,0.49595485,https://api.the-odds-api.com/v4/sports/americanfootball_nfl
2026,3,0339a0e41bcee12820eb3e64bb5fadb4,2026-09-27T17:00:00Z,BetRivers,betrivers,2026-09-24T19:59:14Z,Miami Dolphins,Kansas City Chiefs,Kenneth Walker III,,,WR,player_reception_yds,Full Game,23.5,Under,-117,betrivers|Kenneth Walker III|player_reception_yds|23.5,0.53917051,0.50404515,https://api.the-odds-api.com/v4/sports/americanfootball_nfl
2026,3,0339a0e41bcee12820eb3e64bb5fadb4,2026-09-27T17:00:00Z,BetRivers,betrivers,2026-09-24T19:59:14Z,Miami Dolphins,Kansas City Chiefs,Rashee Rice,,,WR,player_reception_yds,Full Game,47.5,Over,-115,betrivers|Rashee Rice|player_reception_yds|47.5,0.53488372,0.50101792,https://api.the-odds-api.com/v4/sports/americanfootball_nfl
2026,3,0339a0e41bcee12820eb3e64bb5fadb4,2026-09-27T17:00:00Z,BetRivers,betrivers,2026-09-24T19:59:14Z,Miami Dolphins,Kansas City Chiefs,Rashee Rice,,,WR,player_reception_yds,Full Game,47.5,Under,-114,betrivers|Rashee Rice|player_reception_yds|47.5,0.53271028,0.49898208,https://api.the-odds-api.com/v4/sports/americanfootball_nfl
2026,3,0339a0e41bcee12820eb3e64bb5fadb4,2026-09-27T17:00:00Z,BetRivers,betrivers,2026-09-24T19:59:14Z,Miami Dolphins,Kansas City Chiefs,Malik Willis,,,RB,player_rush_yds,Full Game,33.5,Over,-115,betrivers|Malik Willis|player_rush_yds|33.5,0.53488372,0.5,https://api.the-odds-api.com/v4/sports/americanfootball_nfl
2026,3,0339a0e41bcee12820eb3e64bb5fadb4,2026-09-27T17:00:00Z,BetRivers,betrivers,2026-09-24T19:59:14Z,Miami Dolphins,Kansas City Chiefs,Malik Willis,,,RB,player_rush_yds,Full Game,33.5,Under,-115,betrivers|Malik Willis|player_rush_yds|33.5,0.53488372,0.5,https://api.the-odds-api.com/v4/sports/americanfootball_nfl
2026,3,0339a0e41bcee12820eb3e64bb5fadb4,2026-09-27T17:00:00Z,BetRivers,betrivers,2026-09-24T19:59:14Z,Miami Dolphins,Kansas City Chiefs,Emmett Johnson,,,RB,player_rush_yds,Full Game,24.5,Over,-113,betrivers|Emmett Johnson|player_rush_yds|24.5,0.53051643,0.49497669,https://api.the-odds-api.com/v4/sports/americanfootball_nfl
2026,3,0339a0e41bcee12820eb3e64bb5fadb4,2026-09-27T17:00:00Z,BetRivers,betrivers,2026-09-24T19:59:14Z,Miami Dolphins,Kansas City Chiefs,Emmett Johnson,,,RB,player_rush_yds,Full Game,24.5,Under,-118,betrivers|Emmett Johnson|player_rush_yds|24.5,0.5412844,0.50502331,https://api.the-odds-api.com/v4/sports/americanfootball_nfl
2026,3,0339a0e41bcee12820eb3e64bb5fadb4,2026-09-27T17:00:00Z,BetRivers,betrivers,2026-09-24T19:59:14Z,Miami Dolphins,Kansas City Chiefs,Patrick Mahomes,,,RB,player_rush_yds,Full Game,17.5,Over,-113,betrivers|Patrick Mahomes|player_rush_yds|17.5,0.53051643,0.49497669,https://api.the-odds-api.com/v4/sports/americanfootball_nfl
2026,3,0339a0e41bcee12820eb3e64bb5fadb4,2026-09-27T17:00:00Z,BetRivers,betrivers,2026-09-24T19:59:14Z,Miami Dolphins,Kansas City Chiefs,Patrick Mahomes,,,RB,player_rush_yds,Full Game,17.5,Under,-118,betrivers|Patrick Mahomes|player_rush_yds|17.5,0.5412844,0.50502331,https://api.the-odds-api.com/v4/sports/americanfootball_nfl
2026,3,0339a0e41bcee12820eb3e64bb5fadb4,2026-09-27T17:00:00Z,BetRivers,betrivers,2026-09-24T19:59:14Z,Miami Dolphins,Kansas City Chiefs,De'Von Achane,,,RB,player_rush_yds,Full Game,59.5,Over,-117,betrivers|De'Von Achane|player_rush_yds|59.5,0.53917051,0.5030135,https://api.the-odds-api.com/v4/sports/americanfootball_nfl
2026,3,0339a0e41bcee12820eb3e64bb5fadb4,2026-09-27T17:00:00Z,BetRivers,betrivers,2026-09-24T19:59:14Z,Miami Dolphins,Kansas City Chiefs,De'Von Achane,,,RB,player_rush_yds,Full Game,59.5,Under,-114,betrivers|De'Von Achane|player_rush_yds|59.5,0.53271028,0.4969865,https://api.the-odds-api.com/v4/sports/americanfootball_nfl
2026,3,0339a0e41bcee12820eb3e64bb5fadb4,2026-09-27T17:00:00Z,BetRivers,betrivers,2026-09-24T19:59:14Z,Miami Dolphins,Kansas City Chiefs,Kenneth Walker III,,,RB,player_rush_yds,Full Game,85.5,Over,-115,betrivers|Kenneth Walker III|player_rush_yds|85.5,0.53488372,0.5,https://api.the-odds-api.com/v4/sports/americanfootball_nfl
2026,3,0339a0e41bcee12820eb3e64bb5fadb4,2026-09-27T17:00:00Z,BetRivers,betrivers,2026-09-24T19:59:14Z,Miami Dolphins,Kansas City Chiefs,Kenneth Walker III,,,RB,player_rush_yds,Full Game,85.5,Under,-115,betrivers|Kenneth Walker III|player_rush_yds|85.5,0.53488372,0.5,https://api.the-odds-api.com/v4/sports/americanfootball_nfl
2026,3,0339a0e41bcee12820eb3e64bb5fadb4,2026-09-27T17:00:00Z,BetOnline.ag,betonlineag,2026-09-24T19:58:22Z,Miami Dolphins,Kansas City Chiefs,Kenneth Walker III,,,WR,player_reception_yds,Full Game,22.5,Over,-115,betonlineag|Kenneth Walker III|player_reception_yds|22.5,0.53488372,0.50309533,https://api.the-odds-api.com/v4/sports/americanfootball_nfl
2026,3,0339a0e41bcee12820eb3e64bb5fadb4,2026-09-27T17:00:00Z,BetOnline.ag,betonlineag,2026-09-24T19:58:22Z,Miami Dolphins,Kansas City Chiefs,Kenneth Walker III,,,WR,player_reception_yds,Full Game,22.5,Under,-112,betonlineag|Kenneth Walker III|player_reception_yds|22.5,0.52830189,0.49690467,https://api.the-odds-api.com/v4/sports/americanfootball_nfl
2026,3,0339a0e41bcee12820eb3e64bb5fadb4,2026-09-27T17:00:00Z,BetOnline.ag,betonlineag,2026-09-24T19:58:22Z,Miami Dolphins,Kansas City Chiefs,Emmett Johnson,,,WR,player_reception_yds,Full Game,10.5,Over,-115,betonlineag|Emmett Johnson|player_reception_yds|10.5,0.53488372,0.50309533,https://api.the-odds-api.com/v4/sports/americanfootball_nfl
2026,3,0339a0e41bcee12820eb3e64bb5fadb4,2026-09-27T17:00:00Z,BetOnline.ag,betonlineag,2026-09-24T19:58:22Z,Miami Dolphins,Kansas City Chiefs,Emmett Johnson,,,WR,player_reception_yds,Full Game,10.5,Under,-112,betonlineag|Emmett Johnson|player_reception_yds|10.5,0.52830189,0.49690467,https://api.the-odds-api.com/v4/sports/americanfootball_nfl
2026,3,0339a0e41bcee12820eb3e64bb5fadb4,2026-09-27T17:00:00Z,BetOnline.ag,betonlineag,2026-09-24T19:58:22Z,Miami Dolphins,Kansas City Chiefs,Rashee Rice,,,WR,player_reception_yds,Full Game,48.5,Over,-115,betonlineag|Rashee Rice|player_reception_yds|48.5,0.53488372,0.50309533,https://api.the-odds-api.com/v4/sports/americanfootball_nfl
2026,3,0339a0e41bcee12820eb3e64bb5fadb4,2026-09-27T17:00:00Z,BetOnline.ag,betonlineag,2026-09-24T19:58:22Z,Miami Dolphins,Kansas City Chiefs,Rashee Rice,,,WR,player_reception_yds,Full Game,48.5,Under,-112,betonlineag|Rashee Rice|player_reception_yds|48.5,0.52830189,0.49690467,https://api.the-odds-api.com/v4/sports/americanfootball_nfl
2026,3,0339a0e41bcee12820eb3e64bb5fadb4,2026-09-27T17:00:00Z,BetOnline.ag,betonlineag,2026-09-24T19:58:22Z,Miami Dolphins,Kansas City Chiefs,Travis Kelce,,,WR,player_reception_yds,Full Game,51.5,Over,-112,betonlineag|Travis Kelce|player_reception_yds|51.5,0.52830189,0.49690467,https://api.the-odds-api.com/v4/sports/americanfootball_nfl
2026,3,0339a0e41bcee12820eb3e64bb5fadb4,2026-09-27T17:00:00Z,BetOnline.ag,betonlineag,2026-09-24T19:58:22Z,Miami Dolphins,Kansas City Chiefs,Travis Kelce,,,WR,player_reception_yds,Full Game,51.5,Under,-115,betonlineag|Travis Kelce|player_reception_yds|51.5,0.53488372,0.50309533,https://api.the-odds-api.com/v4/sports/americanfootball_nfl
2026,3,0339a0e41bcee12820eb3e64bb5fadb4,2026-09-27T17:00:00Z,BetOnline.ag,betonlineag,2026-09-24T19:58:22Z,Miami Dolphins,Kansas City Chiefs,De'Von Achane,,,WR,player_reception_yds,Full Game,26.5,Over,-115,betonlineag|De'Von Achane|player_reception_yds|26.5,0.53488372,0.50309533,https://api.the-odds-api.com/v4/sports/americanfootball_nfl
2026,3,0339a0e41bcee12820eb3e64bb5fadb4,2026-09-27T17:00:00Z,BetOnline.ag,betonlineag,2026-09-24T19:58:22Z,Miami Dolphins,Kansas City Chiefs,De'Von Achane,,,WR,player_reception_yds,Full Game,26.5,Under,-112,betonlineag|De'Von Achane|player_reception_yds|26.5,0.52830189,0.49690467,https://api.the-odds-api.com/v4/sports/americanfootball_nfl
2026,3,0339a0e41bcee12820eb3e64bb5fadb4,2026-09-27T17:00:00Z,BetOnline.ag,betonlineag,2026-09-24T19:58:22Z,Miami Dolphins,Kansas City Chiefs,Xavier Worthy,,,WR,player_reception_yds,Full Game,37.5,Over,-114,betonlineag|Xavier Worthy|player_reception_yds|37.5,0.53271028,0.5,https://api.the-odds-api.com/v4/sports/americanfootball_nfl
2026,3,0339a0e41bcee12820eb3e64bb5fadb4,2026-09-27T17:00:00Z,BetOnline.ag,betonlineag,2026-09-24T19:58:22Z,Miami Dolphins,Kansas City Chiefs,Xavier Worthy,,,WR,player_reception_yds,Full Game,37.5,Under,-114,betonlineag|Xavier Worthy|player_reception_yds|37.5,0.53271028,0.5,https://api.the-odds-api.com/v4/sports/americanfootball_nfl
2026,3,0339a0e41bcee12820eb3e64bb5fadb4,2026-09-27T17:00:00Z,BetOnline.ag,betonlineag,2026-09-24T19:58:22Z,Miami Dolphins,Kansas City Chiefs,Greg Dulcich,,,WR,player_reception_yds,Full Game,22.5,Over,-114,betonlineag|Greg Dulcich|player_reception_yds|22.5,0.53271028,0.5,https://api.the-odds-api.com/v4/sports/americanfootball_nfl
2026,3,0339a0e41bcee12820eb3e64bb5fadb4,2026-09-27T17:00:00Z,BetOnline.ag,betonlineag,2026-09-24T19:58:22Z,Miami Dolphins,Kansas City Chiefs,Greg Dulcich,,,WR,player_reception_yds,Full Game,22.5,Under,-114,betonlineag|Greg Dulcich|player_reception_yds|22.5,0.53271028,0.5,https://api.the-odds-api.com/v4/sports/americanfootball_nfl
2026,3,0339a0e41bcee12820eb3e64bb5fadb4,2026-09-27T17:00:00Z,BetOnline.ag,betonlineag,2026-09-24T19:58:22Z,Miami Dolphins,Kansas City Chiefs,Malik Washington,,,WR,player_reception_yds,Full Game,35.5,Over,-116,betonlineag|Malik Washington|player_reception_yds|35.5,0.53703704,0.50515975,https://api.the-odds-api.com/v4/sports/americanfootball_nfl
2026,3,0339a0e41bcee12820eb3e64bb5fadb4,2026-09-27T17:00:00Z,BetOnline.ag,betonlineag,2026-09-24T19:58:22Z,Miami Dolphins,Kansas City Chiefs,Malik Washington,,,WR,player_reception_yds,Full Game,35.5,Under,-111,betonlineag|Malik Washington|player_reception_yds|35.5,0.52606635,0.49484025,https://api.the-odds-api.com/v4/sports/americanfootball_nfl
2026,3,0339a0e41bcee12820eb3e64bb5fadb4,2026-09-27T17:00:00Z,BetOnline.ag,betonlineag,2026-09-24T19:58:22Z,Miami Dolphins,Kansas City Chiefs,Tyquan Thornton,,,WR,player_reception_yds,Full Game,20.5,Over,-111,betonlineag|Tyquan Thornton|player_reception_yds|20.5,0.52606635,0.49484025,https://api.the-odds-api.com/v4/sports/americanfootball_nfl
2026,3,0339a0e41bcee12820eb3e64bb5fadb4,2026-09-27T17:00:00Z,BetOnline.ag,betonlineag,2026-09-24T19:58:22Z,Miami Dolphins,Kansas City Chiefs,Tyquan Thornton,,,WR,player_reception_yds,Full Game,20.5,Under,-116,betonlineag|Tyquan Thornton|player_reception_yds|20.5,0.53703704,0.50515975,https://api.the-odds-api.com/v4/sports/americanfootball_nfl
2026,3,0339a0e41bcee12820eb3e64bb5fadb4,2026-09-27T17:00:00Z,BetOnline.ag,betonlineag,2026-09-24T19:58:22Z,Miami Dolphins,Kansas City Chiefs,Kenneth Walker III,,,RB,player_rush_yds,Full Game,85.5,Over,-112,betonlineag|Kenneth Walker III|player_rush_yds|85.5,0.52830189,0.49690467,https://api.the-odds-api.com/v4/sports/americanfootball_nfl
2026,3,0339a0e41bcee12820eb3e64bb5fadb4,2026-09-27T17:00:00Z,BetOnline.ag,betonlineag,2026-09-24T19:58:22Z,Miami Dolphins,Kansas City Chiefs,Kenneth Walker III,,,RB,player_rush_yds,Full Game,85.5,Under,-115,betonlineag|Kenneth Walker III|player_rush_yds|85.5,0.53488372,0.50309533,https://api.the-odds-api.com/v4/sports/americanfootball_nfl
2026,3,0339a0e41bcee12820eb3e64bb5fadb4,2026-09-27T17:00:00Z,BetOnline.ag,betonlineag,2026-09-24T19:58:22Z,Miami Dolphins,Kansas City Chiefs,De'Von Achane,,,RB,player_rush_yds,Full Game,59.5,Over,-116,betonlineag|De'Von Achane|player_rush_yds|59.5,0.53703704,0.50515975,https://api.the-odds-api.com/v4/sports/americanfootball_nfl
2026,3,0339a0e41bcee12820eb3e64bb5fadb4,2026-09-27T17:00:00Z,BetOnline.ag,betonlineag,2026-09-24T19:58:22Z,Miami Dolphins,Kansas City Chiefs,De'Von Achane,,,RB,player_rush_yds,Full Game,59.5,Under,-111,betonlineag|De'Von Achane|player_rush_yds|59.5,0.52606635,0.49484025,https://api.the-odds-api.com/v4/sports/americanfootball_nfl
2026,3,0339a0e41bcee12820eb3e64bb5fadb4,2026-09-27T17:00:00Z,BetOnline.ag,betonlineag,2026-09-24T19:58:22Z,Miami Dolphins,Kansas City Chiefs,Malik Willis,,,RB,player_rush_yds,Full Game,33.5,Over,-116,betonlineag|Malik Willis|player_rush_yds|33.5,0.53703704,0.50515975,https://api.the-odds-api.com/v4/sports/americanfootball_nfl
2026,3,0339a0e41bcee12820eb3e64bb5fadb4,2026-09-27T17:00:00Z,BetOnline.ag,betonlineag,2026-09-24T19:58:22Z,Miami Dolphins,Kansas City Chiefs,Malik Willis,,,RB,player_rush_yds,Full Game,33.5,Under,-111,betonlineag|Malik Willis|player_rush_yds|33.5,0.52606635,0.49484025,https://api.the-odds-api.com/v4/sports/americanfootball_nfl
2026,3,0339a0e41bcee12820eb3e64bb5fadb4,2026-09-27T17:00:00Z,BetOnline.ag,betonlineag,2026-09-24T19:58:22Z,Miami Dolphins,Kansas City Chiefs,Patrick Mahomes,,,RB,player_rush_yds,Full Game,17.5,Over,-114,betonlineag|Patrick Mahomes|player_rush_yds|17.5,0.53271028,0.5,https://api.the-odds-api.com/v4/sports/americanfootball_nfl
2026,3,0339a0e41bcee12820eb3e64bb5fadb4,2026-09-27T17:00:00Z,BetOnline.ag,betonlineag,2026-09-24T19:58:22Z,Miami Dolphins,Kansas City Chiefs,Patrick Mahomes,,,RB,player_rush_yds,Full Game,17.5,Under,-114,betonlineag|Patrick Mahomes|player_rush_yds|17.5,0.53271028,0.5,https://api.the-odds-api.com/v4/sports/americanfootball_nfl
2026,3,0339a0e41bcee12820eb3e64bb5fadb4,2026-09-27T17:00:00Z,BetOnline.ag,betonlineag,2026-09-24T19:58:22Z,Miami Dolphins,Kansas City Chiefs,Emmett Johnson,,,RB,player_rush_yds,Full Game,25.5,Over,-114,betonlineag|Emmett Johnson|player_rush_yds|25.5,0.53271028,0.5,https://api.the-odds-api.com/v4/sports/americanfootball_nfl
2026,3,0339a0e41bcee12820eb3e64bb5fadb4,2026-09-27T17:00:00Z,BetOnline.ag,betonlineag,2026-09-24T19:58:22Z,Miami Dolphins,Kansas City Chiefs,Emmett Johnson,,,RB,player_rush_yds,Full Game,25.5,Under,-114,betonlineag|Emmett Johnson|player_rush_yds|25.5,0.53271028,0.5,https://api.the-odds-api.com/v4/sports/americanfootball_nfl
2026,3,0339a0e41bcee12820eb3e64bb5fadb4,2026-09-27T17:00:00Z,Bovada,bovada,2026-09-24T19:58:58Z,Miami Dolphins,Kansas City Chiefs,De'Von Achane,,,WR,player_reception_yds,Full Game,26.5,Over,-115,bovada|De'Von Achane|player_reception_yds|26.5,0.53488372,0.5,https://api.the-odds-api.com/v4/sports/americanfootball_nfl
2026,3,0339a0e41bcee12820eb3e64bb5fadb4,2026-09-27T17:00:00Z,Bovada,bovada,2026-09-24T19:58:58Z,Miami Dolphins,Kansas City Chiefs,De'Von Achane,,,WR,player_reception_yds,Full Game,26.5,Under,-115,bovada|De'Von Achane|player_reception_yds|26.5,0.53488372,0.5,https://api.the-odds-api.com/v4/sports/americanfootball_nfl
2026,3,0339a0e41bcee12820eb3e64bb5fadb4,2026-09-27T17:00:00Z,Bovada,bovada,2026-09-24T19:58:58Z,Miami Dolphins,Kansas City Chiefs,Emmett Johnson,,,WR,player_reception_yds,Full Game,10.5,Over,-115,bovada|Emmett Johnson|player_reception_yds|10.5,0.53488372,0.5,https://api.the-odds-api.com/v4/sports/americanfootball_nfl
2026,3,0339a0e41bcee12820eb3e64bb5fadb4,2026-09-27T17:00:00Z,Bovada,bovada,2026-09-24T19:58:58Z,Miami Dolphins,Kansas City Chiefs,Emmett Johnson,,,WR,player_reception_yds,Full Game,10.5,Under,-115,bovada|Emmett Johnson|player_reception_yds|10.5,0.53488372,0.5,https://api.the-odds-api.com/v4/sports/americanfootball_nfl
2026,3,0339a0e41bcee12820eb3e64bb5fadb4,2026-09-27T17:00:00Z,Bovada,bovada,2026-09-24T19:58:58Z,Miami Dolphins,Kansas City Chiefs,Kenneth Walker III,,,WR,player_reception_yds,Full Game,24.5,Over,-115,bovada|Kenneth Walker III|player_reception_yds|24.5,0.53488372,0.5,https://api.the-odds-api.com/v4/sports/americanfootball_nfl
2026,3,0339a0e41bcee12820eb3e64bb5fadb4,2026-09-27T17:00:00Z,Bovada,bovada,2026-09-24T19:58:58Z,Miami Dolphins,Kansas City Chiefs,Kenneth Walker III,,,WR,player_reception_yds,Full Game,24.5,Under,-115,bovada|Kenneth Walker III|player_reception_yds|24.5,0.53488372,0.5,https://api.the-odds-api.com/v4/sports/americanfootball_nfl
2026,3,0339a0e41bcee12820eb3e64bb5fadb4,2026-09-27T17:00:00Z,Bovada,bovada,2026-09-24T19:58:58Z,Miami Dolphins,Kansas City Chiefs,Rashee Rice,,,WR,player_reception_yds,Full Game,49.5,Over,-110,bovada|Rashee Rice|player_reception_yds|49.5,0.52380952,0.48987854,https://api.the-odds-api.com/v4/sports/americanfootball_nfl
2026,3,0339a0e41bcee12820eb3e64bb5fadb4,2026-09-27T17:00:00Z,Bovada,bovada,2026-09-24T19:58:58Z,Miami Dolphins,Kansas City Chiefs,Rashee Rice,,,WR,player_reception_yds,Full Game,49.5,Under,-120,bovada|Rashee Rice|player_reception_yds|49.5,0.54545455,0.51012146,https://api.the-odds-api.com/v4/sports/americanfootball_nfl
2026,3,0339a0e41bcee12820eb3e64bb5fadb4,2026-09-27T17:00:00Z,Bovada,bovada,2026-09-24T19:58:58Z,Miami Dolphins,Kansas City Chiefs,Travis Kelce,,,WR,player_reception_yds,Full Game,51.5,Over,-115,bovada|Travis Kelce|player_reception_yds|51.5,0.53488372,0.5,https://api.the-odds-api.com/v4/sports/americanfootball_nfl
2026,3,0339a0e41bcee12820eb3e64bb5fadb4,2026-09-27T17:00:00Z,Bovada,bovada,2026-09-24T19:58:58Z,Miami Dolphins,Kansas City Chiefs,Travis Kelce,,,WR,player_reception_yds,Full Game,51.5,Under,-115,bovada|Travis Kelce|player_reception_yds|51.5,0.53488372,0.5,https://api.the-odds-api.com/v4/sports/americanfootball_nfl
2026,3,0339a0e41bcee12820eb3e64bb5fadb4,2026-09-27T17:00:00Z,Bovada,bovada,2026-09-24T19:58:58Z,Miami Dolphins,Kansas City Chiefs,Xavier Worthy,,,WR,player_reception_yds,Full Game,37.5,Over,-115,bovada|Xavier Worthy|player_reception_yds|37.5,0.53488372,0.5,https://api.the-odds-api.com/v4/sports/americanfootball_nfl
2026,3,0339a0e41bcee12820eb3e64bb5fadb4,2026-09-27T17:00:00Z,Bovada,bovada,2026-09-24T19:58:58Z,Miami Dolphins,Kansas City Chiefs,Xavier Worthy,,,WR,player_reception_yds,Full Game,37.5,Under,-115,bovada|Xavier Worthy|player_reception_yds|37.5,0.53488372,0.5,https://api.the-odds-api.com/v4/sports/americanfootball_nfl
2026,3,0339a0e41bcee12820eb3e64bb5fadb4,2026-09-27T17:00:00Z,Bovada,bovada,2026-09-24T19:58:58Z,Miami Dolphins,Kansas City Chiefs,De'Von Achane,,,RB,player_rush_yds,Full Game,60.5,Over,-115,bovada|De'Von Achane|player_rush_yds|60.5,0.53488372,0.5,https://api.the-odds-api.com/v4/sports/americanfootball_nfl
2026,3,0339a0e41bcee12820eb3e64bb5fadb4,2026-09-27T17:00:00Z,Bovada,bovada,2026-09-24T19:58:58Z,Miami Dolphins,Kansas City Chiefs,De'Von Achane,,,RB,player_rush_yds,Full Game,60.5,Under,-115,bovada|De'Von Achane|player_rush_yds|60.5,0.53488372,0.5,https://api.the-odds-api.com/v4/sports/americanfootball_nfl
2026,3,0339a0e41bcee12820eb3e64bb5fadb4,2026-09-27T17:00:00Z,Bovada,bovada,2026-09-24T19:58:58Z,Miami Dolphins,Kansas City Chiefs,Emmett Johnson,,,RB,player_rush_yds,Full Game,24.5,Over,-115,bovada|Emmett Johnson|player_rush_yds|24.5,0.53488372,0.5,https://api.the-odds-api.com/v4/sports/americanfootball_nfl
2026,3,0339a0e41bcee12820eb3e64bb5fadb4,2026-09-27T17:00:00Z,Bovada,bovada,2026-09-24T19:58:58Z,Miami Dolphins,Kansas City Chiefs,Emmett Johnson,,,RB,player_rush_yds,Full Game,24.5,Under,-115,bovada|Emmett Johnson|player_rush_yds|24.5,0.53488372,0.5,https://api.the-odds-api.com/v4/sports/americanfootball_nfl
2026,3,0339a0e41bcee12820eb3e64bb5fadb4,2026-09-27T17:00:00Z,Bovada,bovada,2026-09-24T19:58:58Z,Miami Dolphins,Kansas City Chiefs,Kenneth Walker III,,,RB,player_rush_yds,Full Game,85.5,Over,-115,bovada|Kenneth Walker III|player_rush_yds|85.5,0.53488372,0.5,https://api.the-odds-api.com/v4/sports/americanfootball_nfl
2026,3,0339a0e41bcee12820eb3e64bb5fadb4,2026-09-27T17:00:00Z,Bovada,bovada,2026-09-24T19:58:58Z,Miami Dolphins,Kansas City Chiefs,Kenneth Walker III,,,RB,player_rush_yds,Full Game,85.5,Under,-115,bovada|Kenneth Walker III|player_rush_yds|85.5,0.53488372,0.5,https://api.the-odds-api.com/v4/sports/americanfootball_nfl
2026,3,0339a0e41bcee12820eb3e64bb5fadb4,2026-09-27T17:00:00Z,Bovada,bovada,2026-09-24T19:58:58Z,Miami Dolphins,Kansas City Chiefs,Malik Willis,,,RB,player_rush_yds,Full Game,33.5,Over,-120,bovada|Malik Willis|player_rush_yds|33.5,0.54545455,0.51012146,https://api.the-odds-api.com/v4/sports/americanfootball_nfl
2026,3,0339a0e41bcee12820eb3e64bb5fadb4,2026-09-27T17:00:00Z,Bovada,bovada,2026-09-24T19:58:58Z,Miami Dolphins,Kansas City Chiefs,Malik Willis,,,RB,player_rush_yds,Full Game,33.5,Under,-110,bovada|Malik Willis|player_rush_yds|33.5,0.52380952,0.48987854,https://api.the-odds-api.com/v4/sports/americanfootball_nfl
2026,3,0339a0e41bcee12820eb3e64bb5fadb4,2026-09-27T17:00:00Z,Bovada,bovada,2026-09-24T19:58:58Z,Miami Dolphins,Kansas City Chiefs,Patrick Mahomes,,,RB,player_rush_yds,Full Game,18.5,Over,-120,bovada|Patrick Mahomes|player_rush_yds|18.5,0.54545455,0.51012146,https://api.the-odds-api.com/v4/sports/americanfootball_nfl
2026,3,0339a0e41bcee12820eb3e64bb5fadb4,2026-09-27T17:00:00Z,Bovada,bovada,2026-09-24T19:58:58Z,Miami Dolphins,Kansas City Chiefs,Patrick Mahomes,,,RB,player_rush_yds,Full Game,18.5,Under,-110,bovada|Patrick Mahomes|player_rush_yds|18.5,0.52380952,0.48987854,https://api.the-odds-api.com/v4/sports/americanfootball_nfl
2026,3,0339a0e41bcee12820eb3e64bb5fadb4,2026-09-27T17:00:00Z,Underdog,underdog,2026-09-24T19:59:19Z,Miami Dolphins,Kansas City Chiefs,De'Von Achane,,,WR,player_reception_yds,Full Game,26.5,Over,-137,underdog|De'Von Achane|player_reception_yds|26.5,0.57805907,0.5,https://api.the-odds-api.com/v4/sports/americanfootball_nfl
2026,3,0339a0e41bcee12820eb3e64bb5fadb4,2026-09-27T17:00:00Z,Underdog,underdog,2026-09-24T19:59:19Z,Miami Dolphins,Kansas City Chiefs,De'Von Achane,,,WR,player_reception_yds,Full Game,26.5,Under,-137,underdog|De'Von Achane|player_reception_yds|26.5,0.57805907,0.5,https://api.the-odds-api.com/v4/sports/americanfootball_nfl
2026,3,0339a0e41bcee12820eb3e64bb5fadb4,2026-09-27T17:00:00Z,Underdog,underdog,2026-09-24T19:59:19Z,Miami Dolphins,Kansas City Chiefs,Kenneth Walker III,,,WR,player_reception_yds,Full Game,22.5,Over,-137,underdog|Kenneth Walker III|player_reception_yds|22.5,0.57805907,0.5,https://api.the-odds-api.com/v4/sports/americanfootball_nfl
2026,3,0339a0e41bcee12820eb3e64bb5fadb4,2026-09-27T17:00:00Z,Underdog,underdog,2026-09-24T19:59:19Z,Miami Dolphins,Kansas City Chiefs,Kenneth Walker III,,,WR,player_reception_yds,Full Game,22.5,Under,-137,underdog|Kenneth Walker III|player_reception_yds|22.5,0.57805907,0.5,https://api.the-odds-api.com/v4/sports/americanfootball_nfl
2026,3,0339a0e41bcee12820eb3e64bb5fadb4,2026-09-27T17:00:00Z,Underdog,underdog,2026-09-24T19:59:19Z,Miami Dolphins,Kansas City Chiefs,Rashee Rice,,,WR,player_reception_yds,Full Game,48.5,Over,-137,underdog|Rashee Rice|player_reception_yds|48.5,0.57805907,0.5,https://api.the-odds-api.com/v4/sports/americanfootball_nfl
2026,3,0339a0e41bcee12820eb3e64bb5fadb4,2026-09-27T17:00:00Z,Underdog,underdog,2026-09-24T19:59:19Z,Miami Dolphins,Kansas City Chiefs,Rashee Rice,,,WR,player_reception_yds,Full Game,48.5,Under,-137,underdog|Rashee Rice|player_reception_yds|48.5,0.57805907,0.5,https://api.the-odds-api.com/v4/sports/americanfootball_nfl
2026,3,0339a0e41bcee12820eb3e64bb5fadb4,2026-09-27T17:00:00Z,Underdog,underdog,2026-09-24T19:59:19Z,Miami Dolphins,Kansas City Chiefs,Xavier Worthy,,,WR,player_reception_yds,Full Game,37.5,Over,-137,underdog|Xavier Worthy|player_reception_yds|37.5,0.57805907,0.5,https://api.the-odds-api.com/v4/sports/americanfootball_nfl
2026,3,0339a0e41bcee12820eb3e64bb5fadb4,2026-09-27T17:00:00Z,Underdog,underdog,2026-09-24T19:59:19Z,Miami Dolphins,Kansas City Chiefs,Xavier Worthy,,,WR,player_reception_yds,Full Game,37.5,Under,-137,underdog|Xavier Worthy|player_reception_yds|37.5,0.57805907,0.5,https://api.the-odds-api.com/v4/sports/americanfootball_nfl
2026,3,0339a0e41bcee12820eb3e64bb5fadb4,2026-09-27T17:00:00Z,Underdog,underdog,2026-09-24T19:59:19Z,Miami Dolphins,Kansas City Chiefs,Travis Kelce,,,WR,player_reception_yds,Full Game,51.5,Over,-137,underdog|Travis Kelce|player_reception_yds|51.5,0.57805907,0.5,https://api.the-odds-api.com/v4/sports/americanfootball_nfl
2026,3,0339a0e41bcee12820eb3e64bb5fadb4,2026-09-27T17:00:00Z,Underdog,underdog,2026-09-24T19:59:19Z,Miami Dolphins,Kansas City Chiefs,Travis Kelce,,,WR,player_reception_yds,Full Game,51.5,Under,-137,underdog|Travis Kelce|player_reception_yds|51.5,0.57805907,0.5,https://api.the-odds-api.com/v4/sports/americanfootball_nfl
2026,3,0339a0e41bcee12820eb3e64bb5fadb4,2026-09-27T17:00:00Z,Underdog,underdog,2026-09-24T19:59:19Z,Miami Dolphins,Kansas City Chiefs,Malik Washington,,,WR,player_reception_yds,Full Game,35.5,Over,-137,underdog|Malik Washington|player_reception_yds|35.5,0.57805907,0.5,https://api.the-odds-api.com/v4/sports/americanfootball_nfl
2026,3,0339a0e41bcee12820eb3e64bb5fadb4,2026-09-27T17:00:00Z,Underdog,underdog,2026-09-24T19:59:19Z,Miami Dolphins,Kansas City Chiefs,Malik Washington,,,WR,player_reception_yds,Full Game,35.5,Under,-137,underdog|Malik Washington|player_reception_yds|35.5,0.57805907,0.5,https://api.the-odds-api.com/v4/sports/americanfootball_nfl
2026,3,0339a0e41bcee12820eb3e64bb5fadb4,2026-09-27T17:00:00Z,Underdog,underdog,2026-09-24T19:59:19Z,Miami Dolphins,Kansas City Chiefs,Tyquan Thornton,,,WR,player_reception_yds,Full Game,19.5,Over,-137,underdog|Tyquan Thornton|player_reception_yds|19.5,0.57805907,0.5,https://api.the-odds-api.com/v4/sports/americanfootball_nfl
2026,3,0339a0e41bcee12820eb3e64bb5fadb4,2026-09-27T17:00:00Z,Underdog,underdog,2026-09-24T19:59:19Z,Miami Dolphins,Kansas City Chiefs,Tyquan Thornton,,,WR,player_reception_yds,Full Game,19.5,Under,-137,underdog|Tyquan Thornton|player_reception_yds|19.5,0.57805907,0.5,https://api.the-odds-api.com/v4/sports/americanfootball_nfl
2026,3,0339a0e41bcee12820eb3e64bb5fadb4,2026-09-27T17:00:00Z,Underdog,underdog,2026-09-24T19:59:19Z,Miami Dolphins,Kansas City Chiefs,Will Kacmarek,,,WR,player_reception_yds,Full Game,4.5,Over,-137,underdog|Will Kacmarek|player_reception_yds|4.5,0.57805907,0.5,https://api.the-odds-api.com/v4/sports/americanfootball_nfl
2026,3,0339a0e41bcee12820eb3e64bb5fadb4,2026-09-27T17:00:00Z,Underdog,underdog,2026-09-24T19:59:19Z,Miami Dolphins,Kansas City Chiefs,Will Kacmarek,,,WR,player_reception_yds,Full Game,4.5,Under,-137,underdog|Will Kacmarek|player_reception_yds|4.5,0.57805907,0.5,https://api.the-odds-api.com/v4/sports/americanfootball_nfl
2026,3,0339a0e41bcee12820eb3e64bb5fadb4,2026-09-27T17:00:00Z,Underdog,underdog,2026-09-24T19:59:19Z,Miami Dolphins,Kansas City Chiefs,Greg Dulcich,,,WR,player_reception_yds,Full Game,22.5,Over,-137,underdog|Greg Dulcich|player_reception_yds|22.5,0.57805907,0.5,https://api.the-odds-api.com/v4/sports/americanfootball_nfl
2026,3,0339a0e41bcee12820eb3e64bb5fadb4,2026-09-27T17:00:00Z,Underdog,underdog,2026-09-24T19:59:19Z,Miami Dolphins,Kansas City Chiefs,Greg Dulcich,,,WR,player_reception_yds,Full Game,22.5,Under,-137,underdog|Greg Dulcich|player_reception_yds|22.5,0.57805907,0.5,https://api.the-odds-api.com/v4/sports/americanfootball_nfl
2026,3,0339a0e41bcee12820eb3e64bb5fadb4,2026-09-27T17:00:00Z,Underdog,underdog,2026-09-24T19:59:19Z,Miami Dolphins,Kansas City Chiefs,Chris Bell,,,WR,player_reception_yds,Full Game,25.5,Over,-137,underdog|Chris Bell|player_reception_yds|25.5,0.57805907,0.5,https://api.the-odds-api.com/v4/sports/americanfootball_nfl
2026,3,0339a0e41bcee12820eb3e64bb5fadb4,2026-09-27T17:00:00Z,Underdog,underdog,2026-09-24T19:59:19Z,Miami Dolphins,Kansas City Chiefs,Chris Bell,,,WR,player_reception_yds,Full Game,25.5,Under,-137,underdog|Chris Bell|player_reception_yds|25.5,0.57805907,0.5,https://api.the-odds-api.com/v4/sports/americanfootball_nfl
2026,3,0339a0e41bcee12820eb3e64bb5fadb4,2026-09-27T17:00:00Z,Underdog,underdog,2026-09-24T19:59:19Z,Miami Dolphins,Kansas City Chiefs,Kevin Coleman Jr.,,,WR,player_reception_yds,Full Game,16.5,Over,-137,underdog|Kevin Coleman Jr.|player_reception_yds|16.5,0.57805907,0.5,https://api.the-odds-api.com/v4/sports/americanfootball_nfl
2026,3,0339a0e41bcee12820eb3e64bb5fadb4,2026-09-27T17:00:00Z,Underdog,underdog,2026-09-24T19:59:19Z,Miami Dolphins,Kansas City Chiefs,Kevin Coleman Jr.,,,WR,player_reception_yds,Full Game,16.5,Under,-137,underdog|Kevin Coleman Jr.|player_reception_yds|16.5,0.57805907,0.5,https://api.the-odds-api.com/v4/sports/americanfootball_nfl
2026,3,0339a0e41bcee12820eb3e64bb5fadb4,2026-09-27T17:00:00Z,Underdog,underdog,2026-09-24T19:59:19Z,Miami Dolphins,Kansas City Chiefs,Emmett Johnson,,,WR,player_reception_yds,Full Game,10.5,Over,-137,underdog|Emmett Johnson|player_reception_yds|10.5,0.57805907,0.5,https://api.the-odds-api.com/v4/sports/americanfootball_nfl
2026,3,0339a0e41bcee12820eb3e64bb5fadb4,2026-09-27T17:00:00Z,Underdog,underdog,2026-09-24T19:59:19Z,Miami Dolphins,Kansas City Chiefs,Emmett Johnson,,,WR,player_reception_yds,Full Game,10.5,Under,-137,underdog|Emmett Johnson|player_reception_yds|10.5,0.57805907,0.5,https://api.the-odds-api.com/v4/sports/americanfootball_nfl
2026,3,0339a0e41bcee12820eb3e64bb5fadb4,2026-09-27T17:00:00Z,Underdog,underdog,2026-09-24T19:59:19Z,Miami Dolphins,Kansas City Chiefs,De'Von Achane,,,RB,player_rush_yds,Full Game,59.5,Over,-137,underdog|De'Von Achane|player_rush_yds|59.5,0.57805907,0.5,https://api.the-odds-api.com/v4/sports/americanfootball_nfl
2026,3,0339a0e41bcee12820eb3e64bb5fadb4,2026-09-27T17:00:00Z,Underdog,underdog,2026-09-24T19:59:19Z,Miami Dolphins,Kansas City Chiefs,De'Von Achane,,,RB,player_rush_yds,Full Game,59.5,Under,-137,underdog|De'Von Achane|player_rush_yds|59.5,0.57805907,0.5,https://api.the-odds-api.com/v4/sports/americanfootball_nfl
2026,3,0339a0e41bcee12820eb3e64bb5fadb4,2026-09-27T17:00:00Z,Underdog,underdog,2026-09-24T19:59:19Z,Miami Dolphins,Kansas City Chiefs,Kenneth Walker III,,,RB,player_rush_yds,Full Game,85.5,Over,-137,underdog|Kenneth Walker III|player_rush_yds|85.5,0.57805907,0.5,https://api.the-odds-api.com/v4/sports/americanfootball_nfl
2026,3,0339a0e41bcee12820eb3e64bb5fadb4,2026-09-27T17:00:00Z,Underdog,underdog,2026-09-24T19:59:19Z,Miami Dolphins,Kansas City Chiefs,Kenneth Walker III,,,RB,player_rush_yds,Full Game,85.5,Under,-137,underdog|Kenneth Walker III|player_rush_yds|85.5,0.57805907,0.5,https://api.the-odds-api.com/v4/sports/americanfootball_nfl
2026,3,0339a0e41bcee12820eb3e64bb5fadb4,2026-09-27T17:00:00Z,Underdog,underdog,2026-09-24T19:59:19Z,Miami Dolphins,Kansas City Chiefs,Patrick Mahomes,,,RB,player_rush_yds,Full Game,17.5,Over,-137,underdog|Patrick Mahomes|player_rush_yds|17.5,0.57805907,0.5,https://api.the-odds-api.com/v4/sports/americanfootball_nfl
2026,3,0339a0e41bcee12820eb3e64bb5fadb4,2026-09-27T17:00:00Z,Underdog,underdog,2026-09-24T19:59:19Z,Miami Dolphins,Kansas City Chiefs,Patrick Mahomes,,,RB,player_rush_yds,Full Game,17.5,Under,-137,underdog|Patrick Mahomes|player_rush_yds|17.5,0.57805907,0.5,https://api.the-odds-api.com/v4/sports/americanfootball_nfl
2026,3,0339a0e41bcee12820eb3e64bb5fadb4,2026-09-27T17:00:00Z,Underdog,underdog,2026-09-24T19:59:19Z,Miami Dolphins,Kansas City Chiefs,Malik Willis,,,RB,player_rush_yds,Full Game,33.5,Over,-137,underdog|Malik Willis|player_rush_yds|33.5,0.57805907,0.5,https://api.the-odds-api.com/v4/sports/americanfootball_nfl
2026,3,0339a0e41bcee12820eb3e64bb5fadb4,2026-09-27T17:00:00Z,Underdog,underdog,2026-09-24T19:59:19Z,Miami Dolphins,Kansas City Chiefs,Malik Willis,,,RB,player_rush_yds,Full Game,33.5,Under,-137,underdog|Malik Willis|player_rush_yds|33.5,0.57805907,0.5,https://api.the-odds-api.com/v4/sports/americanfootball_nfl
2026,3,0339a0e41bcee12820eb3e64bb5fadb4,2026-09-27T17:00:00Z,Underdog,underdog,2026-09-24T19:59:19Z,Miami Dolphins,Kansas City Chiefs,Emmett Johnson,,,RB,player_rush_yds,Full Game,24.5,Over,-137,underdog|Emmett Johnson|player_rush_yds|24.5,0.57805907,0.5,https://api.the-odds-api.com/v4/sports/americanfootball_nfl
2026,3,0339a0e41bcee12820eb3e64bb5fadb4,2026-09-27T17:00:00Z,Underdog,underdog,2026-09-24T19:59:19Z,Miami Dolphins,Kansas City Chiefs,Emmett Johnson,,,RB,player_rush_yds,Full Game,24.5,Under,-137,underdog|Emmett Johnson|player_rush_yds|24.5,0.57805907,0.5,https://api.the-odds-api.com/v4/sports/americanfootball_nfl
2026,3,0339a0e41bcee12820eb3e64bb5fadb4,2026-09-27T17:00:00Z,PrizePicks,prizepicks,2026-09-24T19:58:27Z,Miami Dolphins,Kansas City Chiefs,Travis Kelce,,,WR,player_reception_yds,Full Game,49.5,Over,-137,prizepicks|Travis Kelce|player_reception_yds|49.5,0.57805907,0.5,https://api.the-odds-api.com/v4/sports/americanfootball_nfl
2026,3,0339a0e41bcee12820eb3e64bb5fadb4,2026-09-27T17:00:00Z,PrizePicks,prizepicks,2026-09-24T19:58:27Z,Miami Dolphins,Kansas City Chiefs,Travis Kelce,,,WR,player_reception_yds,Full Game,49.5,Under,-137,prizepicks|Travis Kelce|player_reception_yds|49.5,0.57805907,0.5,https://api.the-odds-api.com/v4/sports/americanfootball_nfl
2026,3,0339a0e41bcee12820eb3e64bb5fadb4,2026-09-27T17:00:00Z,PrizePicks,prizepicks,2026-09-24T19:58:27Z,Miami Dolphins,Kansas City Chiefs,Rashee Rice,,,WR,player_reception_yds,Full Game,48.5,Over,-137,prizepicks|Rashee Rice|player_reception_yds|48.5,0.57805907,0.5,https://api.the-odds-api.com/v4/sports/americanfootball_nfl
2026,3,0339a0e41bcee12820eb3e64bb5fadb4,2026-09-27T17:00:00Z,PrizePicks,prizepicks,2026-09-24T19:58:27Z,Miami Dolphins,Kansas City Chiefs,Rashee Rice,,,WR,player_reception_yds,Full Game,48.5,Under,-137,prizepicks|Rashee Rice|player_reception_yds|48.5,0.57805907,0.5,https://api.the-odds-api.com/v4/sports/americanfootball_nfl
2026,3,0339a0e41bcee12820eb3e64bb5fadb4,2026-09-27T17:00:00Z,PrizePicks,prizepicks,2026-09-24T19:58:27Z,Miami Dolphins,Kansas City Chiefs,Xavier Worthy,,,WR,player_reception_yds,Full Game,36.5,Over,-137,prizepicks|Xavier Worthy|player_reception_yds|36.5,0.57805907,0.5,https://api.the-odds-api.com/v4/sports/americanfootball_nfl
2026,3,0339a0e41bcee12820eb3e64bb5fadb4,2026-09-27T17:00:00Z,PrizePicks,prizepicks,2026-09-24T19:58:27Z,Miami Dolphins,Kansas City Chiefs,Xavier Worthy,,,WR,player_reception_yds,Full Game,36.5,Under,-137,prizepicks|Xavier Worthy|player_reception_yds|36.5,0.57805907,0.5,https://api.the-odds-api.com/v4/sports/americanfootball_nfl
2026,3,0339a0e41bcee12820eb3e64bb5fadb4,2026-09-27T17:00:00Z,PrizePicks,prizepicks,2026-09-24T19:58:27Z,Miami Dolphins,Kansas City Chiefs,Malik Washington,,,WR,player_reception_yds,Full Game,35.5,Over,-137,prizepicks|Malik Washington|player_reception_yds|35.5,0.57805907,0.5,https://api.the-odds-api.com/v4/sports/americanfootball_nfl
2026,3,0339a0e41bcee12820eb3e64bb5fadb4,2026-09-27T17:00:00Z,PrizePicks,prizepicks,2026-09-24T19:58:27Z,Miami Dolphins,Kansas City Chiefs,Malik Washington,,,WR,player_reception_yds,Full Game,35.5,Under,-137,prizepicks|Malik Washington|player_reception_yds|35.5,0.57805907,0.5,https://api.the-odds-api.com/v4/sports/americanfootball_nfl
2026,3,0339a0e41bcee12820eb3e64bb5fadb4,2026-09-27T17:00:00Z,PrizePicks,prizepicks,2026-09-24T19:58:27Z,Miami Dolphins,Kansas City Chiefs,De'Von Achane,,,WR,player_reception_yds,Full Game,25.5,Over,-137,prizepicks|De'Von Achane|player_reception_yds|25.5,0.57805907,0.5,https://api.the-odds-api.com/v4/sports/americanfootball_nfl
2026,3,0339a0e41bcee12820eb3e64bb5fadb4,2026-09-27T17:00:00Z,PrizePicks,prizepicks,2026-09-24T19:58:27Z,Miami Dolphins,Kansas City Chiefs,De'Von Achane,,,WR,player_reception_yds,Full Game,25.5,Under,-137,prizepicks|De'Von Achane|player_reception_yds|25.5,0.57805907,0.5,https://api.the-odds-api.com/v4/sports/americanfootball_nfl
2026,3,0339a0e41bcee12820eb3e64bb5fadb4,2026-09-27T17:00:00Z,PrizePicks,prizepicks,2026-09-24T19:58:27Z,Miami Dolphins,Kansas City Chiefs,Chris Bell,,,WR,player_reception_yds,Full Game,25.5,Over,-137,prizepicks|Chris Bell|player_reception_yds|25.5,0.57805907,0.5,https://api.the-odds-api.com/v4/sports/americanfootball_nfl
2026,3,0339a0e41bcee12820eb3e64bb5fadb4,2026-09-27T17:00:00Z,PrizePicks,prizepicks,2026-09-24T19:58:27Z,Miami Dolphins,Kansas City Chiefs,Chris Bell,,,WR,player_reception_yds,Full Game,25.5,Under,-137,prizepicks|Chris Bell|player_reception_yds|25.5,0.57805907,0.5,https://api.the-odds-api.com/v4/sports/americanfootball_nfl
2026,3,0339a0e41bcee12820eb3e64bb5fadb4,2026-09-27T17:00:00Z,PrizePicks,prizepicks,2026-09-24T19:58:27Z,Miami Dolphins,Kansas City Chiefs,Kenneth Walker III,,,WR,player_reception_yds,Full Game,23.5,Over,-137,prizepicks|Kenneth Walker III|player_reception_yds|23.5,0.57805907,0.5,https://api.the-odds-api.com/v4/sports/americanfootball_nfl
2026,3,0339a0e41bcee12820eb3e64bb5fadb4,2026-09-27T17:00:00Z,PrizePicks,prizepicks,2026-09-24T19:58:27Z,Miami Dolphins,Kansas City Chiefs,Kenneth Walker III,,,WR,player_reception_yds,Full Game,23.5,Under,-137,prizepicks|Kenneth Walker III|player_reception_yds|23.5,0.57805907,0.5,https://api.the-odds-api.com/v4/sports/americanfootball_nfl
2026,3,0339a0e41bcee12820eb3e64bb5fadb4,2026-09-27T17:00:00Z,PrizePicks,prizepicks,2026-09-24T19:58:27Z,Miami Dolphins,Kansas City Chiefs,Greg Dulcich,,,WR,player_reception_yds,Full Game,22.5,Over,-137,prizepicks|Greg Dulcich|player_reception_yds|22.5,0.57805907,0.5,https://api.the-odds-api.com/v4/sports/americanfootball_nfl
2026,3,0339a0e41bcee12820eb3e64bb5fadb4,2026-09-27T17:00:00Z,PrizePicks,prizepicks,2026-09-24T19:58:27Z,Miami Dolphins,Kansas City Chiefs,Greg Dulcich,,,WR,player_reception_yds,Full Game,22.5,Under,-137,prizepicks|Greg Dulcich|player_reception_yds|22.5,0.57805907,0.5,https://api.the-odds-api.com/v4/sports/americanfootball_nfl
2026,3,0339a0e41bcee12820eb3e64bb5fadb4,2026-09-27T17:00:00Z,PrizePicks,prizepicks,2026-09-24T19:58:27Z,Miami Dolphins,Kansas City Chiefs,Tyquan Thornton,,,WR,player_reception_yds,Full Game,19.5,Over,-137,prizepicks|Tyquan Thornton|player_reception_yds|19.5,0.57805907,0.5,https://api.the-odds-api.com/v4/sports/americanfootball_nfl
2026,3,0339a0e41bcee12820eb3e64bb5fadb4,2026-09-27T17:00:00Z,PrizePicks,prizepicks,2026-09-24T19:58:27Z,Miami Dolphins,Kansas City Chiefs,Tyquan Thornton,,,WR,player_reception_yds,Full Game,19.5,Under,-137,prizepicks|Tyquan Thornton|player_reception_yds|19.5,0.57805907,0.5,https://api.the-odds-api.com/v4/sports/americanfootball_nfl
2026,3,0339a0e41bcee12820eb3e64bb5fadb4,2026-09-27T17:00:00Z,PrizePicks,prizepicks,2026-09-24T19:58:27Z,Miami Dolphins,Kansas City Chiefs,Kevin Coleman Jr.,,,WR,player_reception_yds,Full Game,16.5,Over,-137,prizepicks|Kevin Coleman Jr.|player_reception_yds|16.5,0.57805907,0.5,https://api.the-odds-api.com/v4/sports/americanfootball_nfl
2026,3,0339a0e41bcee12820eb3e64bb5fadb4,2026-09-27T17:00:00Z,PrizePicks,prizepicks,2026-09-24T19:58:27Z,Miami Dolphins,Kansas City Chiefs,Kevin Coleman Jr.,,,WR,player_reception_yds,Full Game,16.5,Under,-137,prizepicks|Kevin Coleman Jr.|player_reception_yds|16.5,0.57805907,0.5,https://api.the-odds-api.com/v4/sports/americanfootball_nfl
2026,3,0339a0e41bcee12820eb3e64bb5fadb4,2026-09-27T17:00:00Z,PrizePicks,prizepicks,2026-09-24T19:58:27Z,Miami Dolphins,Kansas City Chiefs,Emmett Johnson,,,WR,player_reception_yds,Full Game,10.5,Over,-137,prizepicks|Emmett Johnson|player_reception_yds|10.5,0.57805907,0.5,https://api.the-odds-api.com/v4/sports/americanfootball_nfl
2026,3,0339a0e41bcee12820eb3e64bb5fadb4,2026-09-27T17:00:00Z,PrizePicks,prizepicks,2026-09-24T19:58:27Z,Miami Dolphins,Kansas City Chiefs,Emmett Johnson,,,WR,player_reception_yds,Full Game,10.5,Under,-137,prizepicks|Emmett Johnson|player_reception_yds|10.5,0.57805907,0.5,https://api.the-odds-api.com/v4/sports/americanfootball_nfl
2026,3,0339a0e41bcee12820eb3e64bb5fadb4,2026-09-27T17:00:00Z,PrizePicks,prizepicks,2026-09-24T19:58:27Z,Miami Dolphins,Kansas City Chiefs,Will Kacmarek,,,WR,player_reception_yds,Full Game,4.5,Over,-137,prizepicks|Will Kacmarek|player_reception_yds|4.5,0.57805907,0.5,https://api.the-odds-api.com/v4/sports/americanfootball_nfl
2026,3,0339a0e41bcee12820eb3e64bb5fadb4,2026-09-27T17:00:00Z,PrizePicks,prizepicks,2026-09-24T19:58:27Z,Miami Dolphins,Kansas City Chiefs,Will Kacmarek,,,WR,player_reception_yds,Full Game,4.5,Under,-137,prizepicks|Will Kacmarek|player_reception_yds|4.5,0.57805907,0.5,https://api.the-odds-api.com/v4/sports/americanfootball_nfl
2026,3,0339a0e41bcee12820eb3e64bb5fadb4,2026-09-27T17:00:00Z,PrizePicks,prizepicks,2026-09-24T19:58:27Z,Miami Dolphins,Kansas City Chiefs,Kenneth Walker III,,,RB,player_rush_yds,Full Game,85.5,Over,-137,prizepicks|Kenneth Walker III|player_rush_yds|85.5,0.57805907,0.5,https://api.the-odds-api.com/v4/sports/americanfootball_nfl
2026,3,0339a0e41bcee12820eb3e64bb5fadb4,2026-09-27T17:00:00Z,PrizePicks,prizepicks,2026-09-24T19:58:27Z,Miami Dolphins,Kansas City Chiefs,Kenneth Walker III,,,RB,player_rush_yds,Full Game,85.5,Under,-137,prizepicks|Kenneth Walker III|player_rush_yds|85.5,0.57805907,0.5,https://api.the-odds-api.com/v4/sports/americanfootball_nfl
2026,3,0339a0e41bcee12820eb3e64bb5fadb4,2026-09-27T17:00:00Z,PrizePicks,prizepicks,2026-09-24T19:58:27Z,Miami Dolphins,Kansas City Chiefs,De'Von Achane,,,RB,player_rush_yds,Full Game,60.5,Over,-137,prizepicks|De'Von Achane|player_rush_yds|60.5,0.57805907,0.5,https://api.the-odds-api.com/v4/sports/americanfootball_nfl
2026,3,0339a0e41bcee12820eb3e64bb5fadb4,2026-09-27T17:00:00Z,PrizePicks,prizepicks,2026-09-24T19:58:27Z,Miami Dolphins,Kansas City Chiefs,De'Von Achane,,,RB,player_rush_yds,Full Game,60.5,Under,-137,prizepicks|De'Von Achane|player_rush_yds|60.5,0.57805907,0.5,https://api.the-odds-api.com/v4/sports/americanfootball_nfl
2026,3,0339a0e41bcee12820eb3e64bb5fadb4,2026-09-27T17:00:00Z,PrizePicks,prizepicks,2026-09-24T19:58:27Z,Miami Dolphins,Kansas City Chiefs,Malik Willis,,,RB,player_rush_yds,Full Game,33.5,Over,-137,prizepicks|Malik Willis|player_rush_yds|33.5,0.57805907,0.5,https://api.the-odds-api.com/v4/sports/americanfootball_nfl
2026,3,0339a0e41bcee12820eb3e64bb5fadb4,2026-09-27T17:00:00Z,PrizePicks,prizepicks,2026-09-24T19:58:27Z,Miami Dolphins,Kansas City Chiefs,Malik Willis,,,RB,player_rush_yds,Full Game,33.5,Under,-137,prizepicks|Malik Willis|player_rush_yds|33.5,0.57805907,0.5,https://api.the-odds-api.com/v4/sports/americanfootball_nfl
2026,3,0339a0e41bcee12820eb3e64bb5fadb4,2026-09-27T17:00:00Z,PrizePicks,prizepicks,2026-09-24T19:58:27Z,Miami Dolphins,Kansas City Chiefs,Emmett Johnson,,,RB,player_rush_yds,Full Game,24.5,Over,-137,prizepicks|Emmett Johnson|player_rush_yds|24.5,0.57805907,0.5,https://api.the-odds-api.com/v4/sports/americanfootball_nfl
2026,3,0339a0e41bcee12820eb3e64bb5fadb4,2026-09-27T17:00:00Z,PrizePicks,prizepicks,2026-09-24T19:58:27Z,Miami Dolphins,Kansas City Chiefs,Emmett Johnson,,,RB,player_rush_yds,Full Game,24.5,Under,-137,prizepicks|Emmett Johnson|player_rush_yds|24.5,0.57805907,0.5,https://api.the-odds-api.com/v4/sports/americanfootball_nfl
2026,3,0339a0e41bcee12820eb3e64bb5fadb4,2026-09-27T17:00:00Z,PrizePicks,prizepicks,2026-09-24T19:58:27Z,Miami Dolphins,Kansas City Chiefs,Patrick Mahomes,,,RB,player_rush_yds,Full Game,17.5,Over,-137,prizepicks|Patrick Mahomes|player_rush_yds|17.5,0.57805907,0.5,https://api.the-odds-api.com/v4/sports/americanfootball_nfl
2026,3,0339a0e41bcee12820eb3e64bb5fadb4,2026-09-27T17:00:00Z,PrizePicks,prizepicks,2026-09-24T19:58:27Z,Miami Dolphins,Kansas City Chiefs,Patrick Mahomes,,,RB,player_rush_yds,Full Game,17.5,Under,-137,prizepicks|Patrick Mahomes|player_rush_yds|17.5,0.57805907,0.5,https://api.the-odds-api.com/v4/sports/americanfootball_nfl
2026,3,555afd4a27aaa392662881cffa8f2eef,2026-09-27T17:00:00Z,DraftKings,draftkings,2026-09-24T19:58:39Z,New York Giants,Tennessee Titans,Malik Nabers,,,WR,player_reception_yds,Full Game,53.5,Over,-114,draftkings|Malik Nabers|player_reception_yds|53.5,0.53271028,0.5042123,https://api.the-odds-api.com/v4/sports/americanfootball_nfl
2026,3,555afd4a27aaa392662881cffa8f2eef,2026-09-27T17:00:00Z,DraftKings,draftkings,2026-09-24T19:58:39Z,New York Giants,Tennessee Titans,Malik Nabers,,,WR,player_reception_yds,Full Game,53.5,Under,-110,draftkings|Malik Nabers|player_reception_yds|53.5,0.52380952,0.4957877,https://api.the-odds-api.com/v4/sports/americanfootball_nfl
2026,3,555afd4a27aaa392662881cffa8f2eef,2026-09-27T17:00:00Z,DraftKings,draftkings,2026-09-24T19:58:39Z,New York Giants,Tennessee Titans,Isaiah Likely,,,WR,player_reception_yds,Full Game,41.5,Over,-112,draftkings|Isaiah Likely|player_reception_yds|41.5,0.52830189,0.5,https://api.the-odds-api.com/v4/sports/americanfootball_nfl
2026,3,555afd4a27aaa392662881cffa8f2eef,2026-09-27T17:00:00Z,DraftKings,draftkings,2026-09-24T19:58:39Z,New York Giants,Tennessee Titans,Isaiah Likely,,,WR,player_reception_yds,Full Game,41.5,Under,-112,draftkings|Isaiah Likely|player_reception_yds|41.5,0.52830189,0.5,https://api.the-odds-api.com/v4/sports/americanfootball_nfl
2026,3,555afd4a27aaa392662881cffa8f2eef,2026-09-27T17:00:00Z,DraftKings,draftkings,2026-09-24T19:58:39Z,New York Giants,Tennessee Titans,Carnell Tate,,,WR,player_reception_yds,Full Game,36.5,Over,-110,draftkings|Carnell Tate|player_reception_yds|36.5,0.52380952,0.4957877,https://api.the-odds-api.com/v4/sports/americanfootball_nfl
2026,3,555afd4a27aaa392662881cffa8f2eef,2026-09-27T17:00:00Z,DraftKings,draftkings,2026-09-24T19:58:39Z,New York Giants,Tennessee Titans,Carnell Tate,,,WR,player_reception_yds,Full Game,36.5,Under,-114,draftkings|Carnell Tate|player_reception_yds|36.5,0.53271028,0.5042123,https://api.the-odds-api.com/v4/sports/americanfootball_nfl
2026,3,555afd4a27aaa392662881cffa8f2eef,2026-09-27T17:00:00Z,DraftKings,draftkings,2026-09-24T19:58:39Z,New York Giants,Tennessee Titans,Wan'Dale Robinson,,,WR,player_reception_yds,Full Game,29.5,Over,-111,draftkings|Wan'Dale Robinson|player_reception_yds|29.5,0.52606635,0.49789412,https://api.the-odds-api.com/v4/sports/americanfootball_nfl
2026,3,555afd4a27aaa392662881cffa8f2eef,2026-09-27T17:00:00Z,DraftKings,draftkings,2026-09-24T19:58:39Z,New York Giants,Tennessee Titans,Wan'Dale Robinson,,,WR,player_reception_yds,Full Game,29.5,Under,-113,draftkings|Wan'Dale Robinson|player_reception_yds|29.5,0.53051643,0.50210588,https://api.the-odds-api.com/v4/sports/americanfootball_nfl
2026,3,555afd4a27aaa392662881cffa8f2eef,2026-09-27T17:00:00Z,DraftKings,draftkings,2026-09-24T19:58:39Z,New York Giants,Tennessee Titans,Gunnar Helm,,,WR,player_reception_yds,Full Game,22.5,Over,-116,draftkings|Gunnar Helm|player_reception_yds|22.5,0.53703704,0.50842886,https://api.the-odds-api.com/v4/sports/americanfootball_nfl
2026,3,555afd4a27aaa392662881cffa8f2eef,2026-09-27T17:00:00Z,DraftKings,draftkings,2026-09-24T19:58:39Z,New York Giants,Tennessee Titans,Gunnar Helm,,,WR,player_reception_yds,Full Game,22.5,Under,-108,draftkings|Gunnar Helm|player_reception_yds|22.5,0.51923077,0.49157114,https://api.the-odds-api.com/v4/sports/americanfootball_nfl
2026,3,555afd4a27aaa392662881cffa8f2eef,2026-09-27T17:00:00Z,DraftKings,draftkings,2026-09-24T19:58:39Z,New York Giants,Tennessee Titans,Malachi Fields,,,WR,player_reception_yds,Full Game,21.5,Over,-116,draftkings|Malachi Fields|player_reception_yds|21.5,0.53703704,0.50842886,https://api.the-odds-api.com/v4/sports/americanfootball_nfl
2026,3,555afd4a27aaa392662881cffa8f2eef,2026-09-27T17:00:00Z,DraftKings,draftkings,2026-09-24T19:58:39Z,New York Giants,Tennessee Titans,Malachi Fields,,,WR,player_reception_yds,Full Game,21.5,Under,-108,draftkings|Malachi Fields|player_reception_yds|21.5,0.51923077,0.49157114,https://api.the-odds-api.com/v4/sports/americanfootball_nfl
2026,3,555afd4a27aaa392662881cffa8f2eef,2026-09-27T17:00:00Z,DraftKings,draftkings,2026-09-24T19:58:39Z,New York Giants,Tennessee Titans,Darnell Mooney,,,WR,player_reception_yds,Full Game,16.5,Over,-116,draftkings|Darnell Mooney|player_reception_yds|16.5,0.53703704,0.50842886,https://api.the-odds-api.com/v4/sports/americanfootball_nfl
2026,3,555afd4a27aaa392662881cffa8f2eef,2026-09-27T17:00:00Z,DraftKings,draftkings,2026-09-24T19:58:39Z,New York Giants,Tennessee Titans,Darnell Mooney,,,WR,player_reception_yds,Full Game,16.5,Under,-108,draftkings|Darnell Mooney|player_reception_yds|16.5,0.51923077,0.49157114,https://api.the-odds-api.com/v4/sports/americanfootball_nfl
2026,3,555afd4a27aaa392662881cffa8f2eef,2026-09-27T17:00:00Z,DraftKings,draftkings,2026-09-24T19:58:39Z,New York Giants,Tennessee Titans,Elic Ayomanor,,,WR,player_reception_yds,Full Game,15.5,Over,-111,draftkings|Elic Ayomanor|player_reception_yds|15.5,0.52606635,0.49789412,https://api.the-odds-api.com/v4/sports/americanfootball_nfl
2026,3,555afd4a27aaa392662881cffa8f2eef,2026-09-27T17:00:00Z,DraftKings,draftkings,2026-09-24T19:58:39Z,New York Giants,Tennessee Titans,Elic Ayomanor,,,WR,player_reception_yds,Full Game,15.5,Under,-113,draftkings|Elic Ayomanor|player_reception_yds|15.5,0.53051643,0.50210588,https://api.the-odds-api.com/v4/sports/americanfootball_nfl
2026,3,555afd4a27aaa392662881cffa8f2eef,2026-09-27T17:00:00Z,DraftKings,draftkings,2026-09-24T19:58:39Z,New York Giants,Tennessee Titans,Calvin Ridley,,,WR,player_reception_yds,Full Game,13.5,Over,-115,draftkings|Calvin Ridley|player_reception_yds|13.5,0.53488372,0.50631978,https://api.the-odds-api.com/v4/sports/americanfootball_nfl
2026,3,555afd4a27aaa392662881cffa8f2eef,2026-09-27T17:00:00Z,DraftKings,draftkings,2026-09-24T19:58:39Z,New York Giants,Tennessee Titans,Calvin Ridley,,,WR,player_reception_yds,Full Game,13.5,Under,-109,draftkings|Calvin Ridley|player_reception_yds|13.5,0.5215311,0.49368022,https://api.the-odds-api.com/v4/sports/americanfootball_nfl
2026,3,555afd4a27aaa392662881cffa8f2eef,2026-09-27T17:00:00Z,DraftKings,draftkings,2026-09-24T19:58:39Z,New York Giants,Tennessee Titans,Cam Skattebo,,,WR,player_reception_yds,Full Game,11.5,Over,-117,draftkings|Cam Skattebo|player_reception_yds|11.5,0.53917051,0.51054008,https://api.the-odds-api.com/v4/sports/americanfootball_nfl
2026,3,555afd4a27aaa392662881cffa8f2eef,2026-09-27T17:00:00Z,DraftKings,draftkings,2026-09-24T19:58:39Z,New York Giants,Tennessee Titans,Cam Skattebo,,,WR,player_reception_yds,Full Game,11.5,Under,-107,draftkings|Cam Skattebo|player_reception_yds|11.5,0.51690821,0.48945992,https://api.the-odds-api.com/v4/sports/americanfootball_nfl
2026,3,555afd4a27aaa392662881cffa8f2eef,2026-09-27T17:00:00Z,DraftKings,draftkings,2026-09-24T19:58:39Z,New York Giants,Tennessee Titans,Cam Skattebo,,,RB,player_rush_yds,Full Game,56.5,Over,-114,draftkings|Cam Skattebo|player_rush_yds|56.5,0.53271028,0.5042123,https://api.the-odds-api.com/v4/sports/americanfootball_nfl
2026,3,555afd4a27aaa392662881cffa8f2eef,2026-09-27T17:00:00Z,DraftKings,draftkings,2026-09-24T19:58:39Z,New York Giants,Tennessee Titans,Cam Skattebo,,,RB,player_rush_yds,Full Game,56.5,Under,-110,draftkings|Cam Skattebo|player_rush_yds|56.5,0.52380952,0.4957877,https://api.the-odds-api.com/v4/sports/americanfootball_nfl
2026,3,555afd4a27aaa392662881cffa8f2eef,2026-09-27T17:00:00Z,DraftKings,draftkings,2026-09-24T19:58:39Z,New York Giants,Tennessee Titans,Tony Pollard,,,RB,player_rush_yds,Full Game,47.5,Over,-109,draftkings|Tony Pollard|player_rush_yds|47.5,0.5215311,0.49368022,https://api.the-odds-api.com/v4/sports/americanfootball_nfl
2026,3,555afd4a27aaa392662881cffa8f2eef,2026-09-27T17:00:00Z,DraftKings,draftkings,2026-09-24T19:58:39Z,New York Giants,Tennessee Titans,Tony Pollard,,,RB,player_rush_yds,Full Game,47.5,Under,-115,draftkings|Tony Pollard|player_rush_yds|47.5,0.53488372,0.50631978,https://api.the-odds-api.com/v4/sports/americanfootball_nfl
2026,3,555afd4a27aaa392662881cffa8f2eef,2026-09-27T17:00:00Z,DraftKings,draftkings,2026-09-24T19:58:39Z,New York Giants,Tennessee Titans,Tyjae Spears,,,RB,player_rush_yds,Full Game,21.5,Over,-109,draftkings|Tyjae Spears|player_rush_yds|21.5,0.5215311,0.49368022,https://api.the-odds-api.com/v4/sports/americanfootball_nfl
2026,3,555afd4a27aaa392662881cffa8f2eef,2026-09-27T17:00:00Z,DraftKings,draftkings,2026-09-24T19:58:39Z,New York Giants,Tennessee Titans,Tyjae Spears,,,RB,player_rush_yds,Full Game,21.5,Under,-115,draftkings|Tyjae Spears|player_rush_yds|21.5,0.53488372,0.50631978,https://api.the-odds-api.com/v4/sports/americanfootball_nfl
2026,3,555afd4a27aaa392662881cffa8f2eef,2026-09-27T17:00:00Z,DraftKings,draftkings,2026-09-24T19:58:39Z,New York Giants,Tennessee Titans,Cam Ward,,,RB,player_rush_yds,Full Game,13.5,Over,-107,draftkings|Cam Ward|player_rush_yds|13.5,0.51690821,0.48945992,https://api.the-odds-api.com/v4/sports/americanfootball_nfl
2026,3,555afd4a27aaa392662881cffa8f2eef,2026-09-27T17:00:00Z,DraftKings,draftkings,2026-09-24T19:58:39Z,New York Giants,Tennessee Titans,Cam Ward,,,RB,player_rush_yds,Full Game,13.5,Under,-117,draftkings|Cam Ward|player_rush_yds|13.5,0.53917051,0.51054008,https://api.the-odds-api.com/v4/sports/americanfootball_nfl
2026,3,555afd4a27aaa392662881cffa8f2eef,2026-09-27T17:00:00Z,DraftKings,draftkings,2026-09-24T19:58:39Z,New York Giants,Tennessee Titans,Jameis Winston,,,RB,player_rush_yds,Full Game,6.5,Over,-117,draftkings|Jameis Winston|player_rush_yds|6.5,0.53917051,0.51054008,https://api.the-odds-api.com/v4/sports/americanfootball_nfl
2026,3,555afd4a27aaa392662881cffa8f2eef,2026-09-27T17:00:00Z,DraftKings,draftkings,2026-09-24T19:58:39Z,New York Giants,Tennessee Titans,Jameis Winston,,,RB,player_rush_yds,Full Game,6.5,Under,-107,draftkings|Jameis Winston|player_rush_yds|6.5,0.51690821,0.48945992,https://api.the-odds-api.com/v4/sports/americanfootball_nfl
2026,3,555afd4a27aaa392662881cffa8f2eef,2026-09-27T17:00:00Z,FanDuel,fanduel,2026-09-24T19:59:20Z,New York Giants,Tennessee Titans,Carnell Tate,,,WR,player_reception_yds,Full Game,38.5,Over,-114,fanduel|Carnell Tate|player_reception_yds|38.5,0.53271028,0.5,https://api.the-odds-api.com/v4/sports/americanfootball_nfl
2026,3,555afd4a27aaa392662881cffa8f2eef,2026-09-27T17:00:00Z,FanDuel,fanduel,2026-09-24T19:59:20Z,New York Giants,Tennessee Titans,Carnell Tate,,,WR,player_reception_yds,Full Game,38.5,Under,-114,fanduel|Carnell Tate|player_reception_yds|38.5,0.53271028,0.5,https://api.the-odds-api.com/v4/sports/americanfootball_nfl
2026,3,555afd4a27aaa392662881cffa8f2eef,2026-09-27T17:00:00Z,FanDuel,fanduel,2026-09-24T19:59:20Z,New York Giants,Tennessee Titans,Malachi Fields,,,WR,player_reception_yds,Full Game,23.5,Over,-114,fanduel|Malachi Fields|player_reception_yds|23.5,0.53271028,0.5,https://api.the-odds-api.com/v4/sports/americanfootball_nfl
2026,3,555afd4a27aaa392662881cffa8f2eef,2026-09-27T17:00:00Z,FanDuel,fanduel,2026-09-24T19:59:20Z,New York Giants,Tennessee Titans,Malachi Fields,,,WR,player_reception_yds,Full Game,23.5,Under,-114,fanduel|Malachi Fields|player_reception_yds|23.5,0.53271028,0.5,https://api.the-odds-api.com/v4/sports/americanfootball_nfl
2026,3,555afd4a27aaa392662881cffa8f2eef,2026-09-27T17:00:00Z,FanDuel,fanduel,2026-09-24T19:59:20Z,New York Giants,Tennessee Titans,Gunnar Helm,,,WR,player_reception_yds,Full Game,21.5,Over,-114,fanduel|Gunnar Helm|player_reception_yds|21.5,0.53271028,0.5,https://api.the-odds-api.com/v4/sports/americanfootball_nfl
2026,3,555afd4a27aaa392662881cffa8f2eef,2026-09-27T17:00:00Z,FanDuel,fanduel,2026-09-24T19:59:20Z,New York Giants,Tennessee Titans,Gunnar Helm,,,WR,player_reception_yds,Full Game,21.5,Under,-114,fanduel|Gunnar Helm|player_reception_yds|21.5,0.53271028,0.5,https://api.the-odds-api.com/v4/sports/americanfootball_nfl
2026,3,555afd4a27aaa392662881cffa8f2eef,2026-09-27T17:00:00Z,FanDuel,fanduel,2026-09-24T19:59:20Z,New York Giants,Tennessee Titans,Elic Ayomanor,,,WR,player_reception_yds,Full Game,14.5,Over,-114,fanduel|Elic Ayomanor|player_reception_yds|14.5,0.53271028,0.5,https://api.the-odds-api.com/v4/sports/americanfootball_nfl
2026,3,555afd4a27aaa392662881cffa8f2eef,2026-09-27T17:00:00Z,FanDuel,fanduel,2026-09-24T19:59:20Z,New York Giants,Tennessee Titans,Elic Ayomanor,,,WR,player_reception_yds,Full Game,14.5,Under,-114,fanduel|Elic Ayomanor|player_reception_yds|14.5,0.53271028,0.5,https://api.the-odds-api.com/v4/sports/americanfootball_nfl
2026,3,555afd4a27aaa392662881cffa8f2eef,2026-09-27T17:00:00Z,FanDuel,fanduel,2026-09-24T19:59:20Z,New York Giants,Tennessee Titans,Wan'Dale Robinson,,,WR,player_reception_yds,Full Game,31.5,Over,-114,fanduel|Wan'Dale Robinson|player_reception_yds|31.5,0.53271028,0.5,https://api.the-odds-api.com/v4/sports/americanfootball_nfl
2026,3,555afd4a27aaa392662881cffa8f2eef,2026-09-27T17:00:00Z,FanDuel,fanduel,2026-09-24T19:59:20Z,New York Giants,Tennessee Titans,Wan'Dale Robinson,,,WR,player_reception_yds,Full Game,31.5,Under,-114,fanduel|Wan'Dale Robinson|player_reception_yds|31.5,0.53271028,0.5,https://api.the-odds-api.com/v4/sports/americanfootball_nfl
2026,3,555afd4a27aaa392662881cffa8f2eef,2026-09-27T17:00:00Z,FanDuel,fanduel,2026-09-24T19:59:20Z,New York Giants,Tennessee Titans,Calvin Ridley,,,WR,player_reception_yds,Full Game,14.5,Over,-114,fanduel|Calvin Ridley|player_reception_yds|14.5,0.53271028,0.5,https://api.the-odds-api.com/v4/sports/americanfootball_nfl
2026,3,555afd4a27aaa392662881cffa8f2eef,2026-09-27T17:00:00Z,FanDuel,fanduel,2026-09-24T19:59:20Z,New York Giants,Tennessee Titans,Calvin Ridley,,,WR,player_reception_yds,Full Game,14.5,Under,-114,fanduel|Calvin Ridley|player_reception_yds|14.5,0.53271028,0.5,https://api.the-odds-api.com/v4/sports/americanfootball_nfl
2026,3,555afd4a27aaa392662881cffa8f2eef,2026-09-27T17:00:00Z,FanDuel,fanduel,2026-09-24T19:59:20Z,New York Giants,Tennessee Titans,Darnell Mooney,,,WR,player_reception_yds,Full Game,17.5,Over,-114,fanduel|Darnell Mooney|player_reception_yds|17.5,0.53271028,0.5,https://api.the-odds-api.com/v4/sports/americanfootball_nfl
2026,3,555afd4a27aaa392662881cffa8f2eef,2026-09-27T17:00:00Z,FanDuel,fanduel,2026-09-24T19:59:20Z,New York Giants,Tennessee Titans,Darnell Mooney,,,WR,player_reception_yds,Full Game,17.5,Under,-114,fanduel|Darnell Mooney|player_reception_yds|17.5,0.53271028,0.5,https://api.the-odds-api.com/v4/sports/americanfootball_nfl
2026,3,555afd4a27aaa392662881cffa8f2eef,2026-09-27T17:00:00Z,FanDuel,fanduel,2026-09-24T19:59:20Z,New York Giants,Tennessee Titans,Tony Pollard,,,WR,player_reception_yds,Full Game,6.5,Over,-114,fanduel|Tony Pollard|player_reception_yds|6.5,0.53271028,0.5,https://api.the-odds-api.com/v4/sports/americanfootball_nfl
2026,3,555afd4a27aaa392662881cffa8f2eef,2026-09-27T17:00:00Z,FanDuel,fanduel,2026-09-24T19:59:20Z,New York Giants,Tennessee Titans,Tony Pollard,,,WR,player_reception_yds,Full Game,6.5,Under,-114,fanduel|Tony Pollard|player_reception_yds|6.5,0.53271028,0.5,https://api.the-odds-api.com/v4/sports/americanfootball_nfl
2026,3,555afd4a27aaa392662881cffa8f2eef,2026-09-27T17:00:00Z,FanDuel,fanduel,2026-09-24T19:59:20Z,New York Giants,Tennessee Titans,Cam Skattebo,,,WR,player_reception_yds,Full Game,11.5,Over,-114,fanduel|Cam Skattebo|player_reception_yds|11.5,0.53271028,0.5,https://api.the-odds-api.com/v4/sports/americanfootball_nfl
2026,3,555afd4a27aaa392662881cffa8f2eef,2026-09-27T17:00:00Z,FanDuel,fanduel,2026-09-24T19:59:20Z,New York Giants,Tennessee Titans,Cam Skattebo,,,WR,player_reception_yds,Full Game,11.5,Under,-114,fanduel|Cam Skattebo|player_reception_yds|11.5,0.53271028,0.5,https://api.the-odds-api.com/v4/sports/americanfootball_nfl
2026,3,555afd4a27aaa392662881cffa8f2eef,2026-09-27T17:00:00Z,FanDuel,fanduel,2026-09-24T19:59:20Z,New York Giants,Tennessee Titans,Isaiah Likely,,,WR,player_reception_yds,Full Game,40.5,Over,-114,fanduel|Isaiah Likely|player_reception_yds|40.5,0.53271028,0.5,https://api.the-odds-api.com/v4/sports/americanfootball_nfl
2026,3,555afd4a27aaa392662881cffa8f2eef,2026-09-27T17:00:00Z,FanDuel,fanduel,2026-09-24T19:59:20Z,New York Giants,Tennessee Titans,Isaiah Likely,,,WR,player_reception_yds,Full Game,40.5,Under,-114,fanduel|Isaiah Likely|player_reception_yds|40.5,0.53271028,0.5,https://api.the-odds-api.com/v4/sports/americanfootball_nfl
2026,3,555afd4a27aaa392662881cffa8f2eef,2026-09-27T17:00:00Z,FanDuel,fanduel,2026-09-24T19:59:20Z,New York Giants,Tennessee Titans,Malik Nabers,,,WR,player_reception_yds,Full Game,56.5,Over,-114,fanduel|Malik Nabers|player_reception_yds|56.5,0.53271028,0.5,https://api.the-odds-api.com/v4/sports/americanfootball_nfl
2026,3,555afd4a27aaa392662881cffa8f2eef,2026-09-27T17:00:00Z,FanDuel,fanduel,2026-09-24T19:59:20Z,New York Giants,Tennessee Titans,Malik Nabers,,,WR,player_reception_yds,Full Game,56.5,Under,-114,fanduel|Malik Nabers|player_reception_yds|56.5,0.53271028,0.5,https://api.the-odds-api.com/v4/sports/americanfootball_nfl
2026,3,555afd4a27aaa392662881cffa8f2eef,2026-09-27T17:00:00Z,FanDuel,fanduel,2026-09-24T19:59:20Z,New York Giants,Tennessee Titans,Cam Ward,,,RB,player_rush_yds,Full Game,11.5,Over,-114,fanduel|Cam Ward|player_rush_yds|11.5,0.53271028,0.5,https://api.the-odds-api.com/v4/sports/americanfootball_nfl
2026,3,555afd4a27aaa392662881cffa8f2eef,2026-09-27T17:00:00Z,FanDuel,fanduel,2026-09-24T19:59:20Z,New York Giants,Tennessee Titans,Cam Ward,,,RB,player_rush_yds,Full Game,11.5,Under,-114,fanduel|Cam Ward|player_rush_yds|11.5,0.53271028,0.5,https://api.the-odds-api.com/v4/sports/americanfootball_nfl
2026,3,555afd4a27aaa392662881cffa8f2eef,2026-09-27T17:00:00Z,FanDuel,fanduel,2026-09-24T19:59:20Z,New York Giants,Tennessee Titans,Tony Pollard,,,RB,player_rush_yds,Full Game,47.5,Over,-114,fanduel|Tony Pollard|player_rush_yds|47.5,0.53271028,0.5,https://api.the-odds-api.com/v4/sports/americanfootball_nfl
2026,3,555afd4a27aaa392662881cffa8f2eef,2026-09-27T17:00:00Z,FanDuel,fanduel,2026-09-24T19:59:20Z,New York Giants,Tennessee Titans,Tony Pollard,,,RB,player_rush_yds,Full Game,47.5,Under,-114,fanduel|Tony Pollard|player_rush_yds|47.5,0.53271028,0.5,https://api.the-odds-api.com/v4/sports/americanfootball_nfl
2026,3,555afd4a27aaa392662881cffa8f2eef,2026-09-27T17:00:00Z,FanDuel,fanduel,2026-09-24T19:59:20Z,New York Giants,Tennessee Titans,Cam Skattebo,,,RB,player_rush_yds,Full Game,57.5,Over,-114,fanduel|Cam Skattebo|player_rush_yds|57.5,0.53271028,0.5,https://api.the-odds-api.com/v4/sports/americanfootball_nfl
2026,3,555afd4a27aaa392662881cffa8f2eef,2026-09-27T17:00:00Z,FanDuel,fanduel,2026-09-24T19:59:20Z,New York Giants,Tennessee Titans,Cam Skattebo,,,RB,player_rush_yds,Full Game,57.5,Under,-114,fanduel|Cam Skattebo|player_rush_yds|57.5,0.53271028,0.5,https://api.the-odds-api.com/v4/sports/americanfootball_nfl
2026,3,555afd4a27aaa392662881cffa8f2eef,2026-09-27T17:00:00Z,FanDuel,fanduel,2026-09-24T19:59:20Z,New York Giants,Tennessee Titans,Jameis Winston,,,RB,player_rush_yds,Full Game,5.5,Over,-114,fanduel|Jameis Winston|player_rush_yds|5.5,0.53271028,0.5,https://api.the-odds-api.com/v4/sports/americanfootball_nfl
2026,3,555afd4a27aaa392662881cffa8f2eef,2026-09-27T17:00:00Z,FanDuel,fanduel,2026-09-24T19:59:20Z,New York Giants,Tennessee Titans,Jameis Winston,,,RB,player_rush_yds,Full Game,5.5,Under,-114,fanduel|Jameis Winston|player_rush_yds|5.5,0.53271028,0.5,https://api.the-odds-api.com/v4/sports/americanfootball_nfl
2026,3,555afd4a27aaa392662881cffa8f2eef,2026-09-27T17:00:00Z,BetRivers,betrivers,2026-09-24T19:59:15Z,New York Giants,Tennessee Titans,Malik Nabers,,,WR,player_reception_yds,Full Game,55.5,Over,-115,betrivers|Malik Nabers|player_reception_yds|55.5,0.53488372,0.50101792,https://api.the-odds-api.com/v4/sports/americanfootball_nfl
2026,3,555afd4a27aaa392662881cffa8f2eef,2026-09-27T17:00:00Z,BetRivers,betrivers,2026-09-24T19:59:15Z,New York Giants,Tennessee Titans,Malik Nabers,,,WR,player_reception_yds,Full Game,55.5,Under,-114,betrivers|Malik Nabers|player_reception_yds|55.5,0.53271028,0.49898208,https://api.the-odds-api.com/v4/sports/americanfootball_nfl
2026,3,555afd4a27aaa392662881cffa8f2eef,2026-09-27T17:00:00Z,BetRivers,betrivers,2026-09-24T19:59:15Z,New York Giants,Tennessee Titans,Malachi Fields,,,WR,player_reception_yds,Full Game,23.5,Over,-114,betrivers|Malachi Fields|player_reception_yds|23.5,0.53271028,0.4969865,https://api.the-odds-api.com/v4/sports/americanfootball_nfl
2026,3,555afd4a27aaa392662881cffa8f2eef,2026-09-27T17:00:00Z,BetRivers,betrivers,2026-09-24T19:59:15Z,New York Giants,Tennessee Titans,Malachi Fields,,,WR,player_reception_yds,Full Game,23.5,Under,-117,betrivers|Malachi Fields|player_reception_yds|23.5,0.53917051,0.5030135,https://api.the-odds-api.com/v4/sports/americanfootball_nfl
2026,3,555afd4a27aaa392662881cffa8f2eef,2026-09-27T17:00:00Z,BetRivers,betrivers,2026-09-24T19:59:15Z,New York Giants,Tennessee Titans,Isaiah Likely,,,WR,player_reception_yds,Full Game,39.5,Over,-118,betrivers|Isaiah Likely|player_reception_yds|39.5,0.5412844,0.50502331,https://api.the-odds-api.com/v4/sports/americanfootball_nfl
2026,3,555afd4a27aaa392662881cffa8f2eef,2026-09-27T17:00:00Z,BetRivers,betrivers,2026-09-24T19:59:15Z,New York Giants,Tennessee Titans,Isaiah Likely,,,WR,player_reception_yds,Full Game,39.5,Under,-113,betrivers|Isaiah Likely|player_reception_yds|39.5,0.53051643,0.49497669,https://api.the-odds-api.com/v4/sports/americanfootball_nfl
2026,3,555afd4a27aaa392662881cffa8f2eef,2026-09-27T17:00:00Z,BetRivers,betrivers,2026-09-24T19:59:15Z,New York Giants,Tennessee Titans,Darnell Mooney,,,WR,player_reception_yds,Full Game,16.5,Over,-114,betrivers|Darnell Mooney|player_reception_yds|16.5,0.53271028,0.4969865,https://api.the-odds-api.com/v4/sports/americanfootball_nfl
2026,3,555afd4a27aaa392662881cffa8f2eef,2026-09-27T17:00:00Z,BetRivers,betrivers,2026-09-24T19:59:15Z,New York Giants,Tennessee Titans,Darnell Mooney,,,WR,player_reception_yds,Full Game,16.5,Under,-117,betrivers|Darnell Mooney|player_reception_yds|16.5,0.53917051,0.5030135,https://api.the-odds-api.com/v4/sports/americanfootball_nfl
2026,3,555afd4a27aaa392662881cffa8f2eef,2026-09-27T17:00:00Z,BetRivers,betrivers,2026-09-24T19:59:15Z,New York Giants,Tennessee Titans,Elic Ayomanor,,,WR,player_reception_yds,Full Game,14.5,Over,-113,betrivers|Elic Ayomanor|player_reception_yds|14.5,0.53051643,0.49497669,https://api.the-odds-api.com/v4/sports/americanfootball_nfl
2026,3,555afd4a27aaa392662881cffa8f2eef,2026-09-27T17:00:00Z,BetRivers,betrivers,2026-09-24T19:59:15Z,New York Giants,Tennessee Titans,Elic Ayomanor,,,WR,player_reception_yds,Full Game,14.5,Under,-118,betrivers|Elic Ayomanor|player_reception_yds|14.5,0.5412844,0.50502331,https://api.the-odds-api.com/v4/sports/americanfootball_nfl
2026,3,555afd4a27aaa392662881cffa8f2eef,2026-09-27T17:00:00Z,BetRivers,betrivers,2026-09-24T19:59:15Z,New York Giants,Tennessee Titans,Gunnar Helm,,,WR,player_reception_yds,Full Game,21.5,Over,-114,betrivers|Gunnar Helm|player_reception_yds|21.5,0.53271028,0.4969865,https://api.the-odds-api.com/v4/sports/americanfootball_nfl
2026,3,555afd4a27aaa392662881cffa8f2eef,2026-09-27T17:00:00Z,BetRivers,betrivers,2026-09-24T19:59:15Z,New York Giants,Tennessee Titans,Gunnar Helm,,,WR,player_reception_yds,Full Game,21.5,Under,-117,betrivers|Gunnar Helm|player_reception_yds|21.5,0.53917051,0.5030135,https://api.the-odds-api.com/v4/sports/americanfootball_nfl
2026,3,555afd4a27aaa392662881cffa8f2eef,2026-09-27T17:00:00Z,BetRivers,betrivers,2026-09-24T19:59:15Z,New York Giants,Tennessee Titans,Cam Skattebo,,,WR,player_reception_yds,Full Game,11.5,Over,-114,betrivers|Cam Skattebo|player_reception_yds|11.5,0.53271028,0.4969865,https://api.the-odds-api.com/v4/sports/americanfootball_nfl
2026,3,555afd4a27aaa392662881cffa8f2eef,2026-09-27T17:00:00Z,BetRivers,betrivers,2026-09-24T19:59:15Z,New York Giants,Tennessee Titans,Cam Skattebo,,,WR,player_reception_yds,Full Game,11.5,Under,-117,betrivers|Cam Skattebo|player_reception_yds|11.5,0.53917051,0.5030135,https://api.the-odds-api.com/v4/sports/americanfootball_nfl
2026,3,555afd4a27aaa392662881cffa8f2eef,2026-09-27T17:00:00Z,BetRivers,betrivers,2026-09-24T19:59:15Z,New York Giants,Tennessee Titans,Carnell Tate,,,WR,player_reception_yds,Full Game,35.5,Over,-118,betrivers|Carnell Tate|player_reception_yds|35.5,0.5412844,0.50502331,https://api.the-odds-api.com/v4/sports/americanfootball_nfl
2026,3,555afd4a27aaa392662881cffa8f2eef,2026-09-27T17:00:00Z,BetRivers,betrivers,2026-09-24T19:59:15Z,New York Giants,Tennessee Titans,Carnell Tate,,,WR,player_reception_yds,Full Game,35.5,Under,-113,betrivers|Carnell Tate|player_reception_yds|35.5,0.53051643,0.49497669,https://api.the-odds-api.com/v4/sports/americanfootball_nfl
2026,3,555afd4a27aaa392662881cffa8f2eef,2026-09-27T17:00:00Z,BetRivers,betrivers,2026-09-24T19:59:15Z,New York Giants,Tennessee Titans,Wan'Dale Robinson,,,WR,player_reception_yds,Full Game,29.5,Over,-118,betrivers|Wan'Dale Robinson|player_reception_yds|29.5,0.5412844,0.50502331,https://api.the-odds-api.com/v4/sports/americanfootball_nfl
2026,3,555afd4a27aaa392662881cffa8f2eef,2026-09-27T17:00:00Z,BetRivers,betrivers,2026-09-24T19:59:15Z,New York Giants,Tennessee Titans,Wan'Dale Robinson,,,WR,player_reception_yds,Full Game,29.5,Under,-113,betrivers|Wan'Dale Robinson|player_reception_yds|29.5,0.53051643,0.49497669,https://api.the-odds-api.com/v4/sports/americanfootball_nfl
2026,3,555afd4a27aaa392662881cffa8f2eef,2026-09-27T17:00:00Z,BetRivers,betrivers,2026-09-24T19:59:15Z,New York Giants,Tennessee Titans,Calvin Ridley,,,WR,player_reception_yds,Full Game,13.5,Over,-112,betrivers|Calvin Ridley|player_reception_yds|13.5,0.52830189,0.49201278,https://api.the-odds-api.com/v4/sports/americanfootball_nfl
2026,3,555afd4a27aaa392662881cffa8f2eef,2026-09-27T17:00:00Z,BetRivers,betrivers,2026-09-24T19:59:15Z,New York Giants,Tennessee Titans,Calvin Ridley,,,WR,player_reception_yds,Full Game,13.5,Under,-120,betrivers|Calvin Ridley|player_reception_yds|13.5,0.54545455,0.50798722,https://api.the-odds-api.com/v4/sports/americanfootball_nfl
2026,3,555afd4a27aaa392662881cffa8f2eef,2026-09-27T17:00:00Z,BetRivers,betrivers,2026-09-24T19:59:15Z,New York Giants,Tennessee Titans,Tony Pollard,,,RB,player_rush_yds,Full Game,45.5,Over,-114,betrivers|Tony Pollard|player_rush_yds|45.5,0.53271028,0.4969865,https://api.the-odds-api.com/v4/sports/americanfootball_nfl
2026,3,555afd4a27aaa392662881cffa8f2eef,2026-09-27T17:00:00Z,BetRivers,betrivers,2026-09-24T19:59:15Z,New York Giants,Tennessee Titans,Tony Pollard,,,RB,player_rush_yds,Full Game,45.5,Under,-117,betrivers|Tony Pollard|player_rush_yds|45.5,0.53917051,0.5030135,https://api.the-odds-api.com/v4/sports/americanfootball_nfl
2026,3,555afd4a27aaa392662881cffa8f2eef,2026-09-27T17:00:00Z,BetRivers,betrivers,2026-09-24T19:59:15Z,New York Giants,Tennessee Titans,Cam Ward,,,RB,player_rush_yds,Full Game,11.5,Over,-120,betrivers|Cam Ward|player_rush_yds|11.5,0.54545455,0.50798722,https://api.the-odds-api.com/v4/sports/americanfootball_nfl
2026,3,555afd4a27aaa392662881cffa8f2eef,2026-09-27T17:00:00Z,BetRivers,betrivers,2026-09-24T19:59:15Z,New York Giants,Tennessee Titans,Cam Ward,,,RB,player_rush_yds,Full Game,11.5,Under,-112,betrivers|Cam Ward|player_rush_yds|11.5,0.52830189,0.49201278,https://api.the-odds-api.com/v4/sports/americanfootball_nfl
2026,3,555afd4a27aaa392662881cffa8f2eef,2026-09-27T17:00:00Z,BetRivers,betrivers,2026-09-24T19:59:15Z,New York Giants,Tennessee Titans,Cam Skattebo,,,RB,player_rush_yds,Full Game,57.5,Over,-113,betrivers|Cam Skattebo|player_rush_yds|57.5,0.53051643,0.49497669,https://api.the-odds-api.com/v4/sports/americanfootball_nfl
2026,3,555afd4a27aaa392662881cffa8f2eef,2026-09-27T17:00:00Z,BetRivers,betrivers,2026-09-24T19:59:15Z,New York Giants,Tennessee Titans,Cam Skattebo,,,RB,player_rush_yds,Full Game,57.5,Under,-118,betrivers|Cam Skattebo|player_rush_yds|57.5,0.5412844,0.50502331,https://api.the-odds-api.com/v4/sports/americanfootball_nfl
2026,3,555afd4a27aaa392662881cffa8f2eef,2026-09-27T17:00:00Z,BetRivers,betrivers,2026-09-24T19:59:15Z,New York Giants,Tennessee Titans,Tyjae Spears,,,RB,player_rush_yds,Full Game,19.5,Over,-121,betrivers|Tyjae Spears|player_rush_yds|19.5,0.54751131,0.51106195,https://api.the-odds-api.com/v4/sports/americanfootball_nfl
2026,3,555afd4a27aaa392662881cffa8f2eef,2026-09-27T17:00:00Z,BetRivers,betrivers,2026-09-24T19:59:15Z,New York Giants,Tennessee Titans,Tyjae Spears,,,RB,player_rush_yds,Full Game,19.5,Under,-110,betrivers|Tyjae Spears|player_rush_yds|19.5,0.52380952,0.48893805,https://api.the-odds-api.com/v4/sports/americanfootball_nfl
2026,3,555afd4a27aaa392662881cffa8f2eef,2026-09-27T17:00:00Z,BetRivers,betrivers,2026-09-24T19:59:15Z,New York Giants,Tennessee Titans,Jameis Winston,,,RB,player_rush_yds,Full Game,5.5,Over,-110,betrivers|Jameis Winston|player_rush_yds|5.5,0.52380952,0.48893805,https://api.the-odds-api.com/v4/sports/americanfootball_nfl
2026,3,555afd4a27aaa392662881cffa8f2eef,2026-09-27T17:00:00Z,BetRivers,betrivers,2026-09-24T19:59:15Z,New York Giants,Tennessee Titans,Jameis Winston,,,RB,player_rush_yds,Full Game,5.5,Under,-121,betrivers|Jameis Winston|player_rush_yds|5.5,0.54751131,0.51106195,https://api.the-odds-api.com/v4/sports/americanfootball_nfl
2026,3,555afd4a27aaa392662881cffa8f2eef,2026-09-27T17:00:00Z,BetOnline.ag,betonlineag,2026-09-24T19:58:22Z,New York Giants,Tennessee Titans,Elic Ayomanor,,,WR,player_reception_yds,Full Game,15.5,Over,-115,betonlineag|Elic Ayomanor|player_reception_yds|15.5,0.53488372,0.50309533,https://api.the-odds-api.com/v4/sports/americanfootball_nfl
2026,3,555afd4a27aaa392662881cffa8f2eef,2026-09-27T17:00:00Z,BetOnline.ag,betonlineag,2026-09-24T19:58:22Z,New York Giants,Tennessee Titans,Elic Ayomanor,,,WR,player_reception_yds,Full Game,15.5,Under,-112,betonlineag|Elic Ayomanor|player_reception_yds|15.5,0.52830189,0.49690467,https://api.the-odds-api.com/v4/sports/americanfootball_nfl
2026,3,555afd4a27aaa392662881cffa8f2eef,2026-09-27T17:00:00Z,BetOnline.ag,betonlineag,2026-09-24T19:58:22Z,New York Giants,Tennessee Titans,Carnell Tate,,,WR,player_reception_yds,Full Game,36.5,Over,-115,betonlineag|Carnell Tate|player_reception_yds|36.5,0.53488372,0.50309533,https://api.the-odds-api.com/v4/sports/americanfootball_nfl
2026,3,555afd4a27aaa392662881cffa8f2eef,2026-09-27T17:00:00Z,BetOnline.ag,betonlineag,2026-09-24T19:58:22Z,New York Giants,Tennessee Titans,Carnell Tate,,,WR,player_reception_yds,Full Game,36.5,Under,-112,betonlineag|Carnell Tate|player_reception_yds|36.5,0.52830189,0.49690467,https://api.the-odds-api.com/v4/sports/americanfootball_nfl
2026,3,555afd4a27aaa392662881cffa8f2eef,2026-09-27T17:00:00Z,BetOnline.ag,betonlineag,2026-09-24T19:58:22Z,New York Giants,Tennessee Titans,Wan'Dale Robinson,,,WR,player_reception_yds,Full Game,31.5,Over,-114,betonlineag|Wan'Dale Robinson|player_reception_yds|31.5,0.53271028,0.5,https://api.the-odds-api.com/v4/sports/americanfootball_nfl
2026,3,555afd4a27aaa392662881cffa8f2eef,2026-09-27T17:00:00Z,BetOnline.ag,betonlineag,2026-09-24T19:58:22Z,New York Giants,Tennessee Titans,Wan'Dale Robinson,,,WR,player_reception_yds,Full Game,31.5,Under,-114,betonlineag|Wan'Dale Robinson|player_reception_yds|31.5,0.53271028,0.5,https://api.the-odds-api.com/v4/sports/americanfootball_nfl
2026,3,555afd4a27aaa392662881cffa8f2eef,2026-09-27T17:00:00Z,BetOnline.ag,betonlineag,2026-09-24T19:58:22Z,New York Giants,Tennessee Titans,Isaiah Likely,,,WR,player_reception_yds,Full Game,40.5,Over,-112,betonlineag|Isaiah Likely|player_reception_yds|40.5,0.52830189,0.49690467,https://api.the-odds-api.com/v4/sports/americanfootball_nfl
2026,3,555afd4a27aaa392662881cffa8f2eef,2026-09-27T17:00:00Z,BetOnline.ag,betonlineag,2026-09-24T19:58:22Z,New York Giants,Tennessee Titans,Isaiah Likely,,,WR,player_reception_yds,Full Game,40.5,Under,-115,betonlineag|Isaiah Likely|player_reception_yds|40.5,0.53488372,0.50309533,https://api.the-odds-api.com/v4/sports/americanfootball_nfl
2026,3,555afd4a27aaa392662881cffa8f2eef,2026-09-27T17:00:00Z,BetOnline.ag,betonlineag,2026-09-24T19:58:22Z,New York Giants,Tennessee Titans,Malik Nabers,,,WR,player_reception_yds,Full Game,56.5,Over,-108,betonlineag|Malik Nabers|player_reception_yds|56.5,0.51923077,0.48768473,https://api.the-odds-api.com/v4/sports/americanfootball_nfl
2026,3,555afd4a27aaa392662881cffa8f2eef,2026-09-27T17:00:00Z,BetOnline.ag,betonlineag,2026-09-24T19:58:22Z,New York Giants,Tennessee Titans,Malik Nabers,,,WR,player_reception_yds,Full Game,56.5,Under,-120,betonlineag|Malik Nabers|player_reception_yds|56.5,0.54545455,0.51231527,https://api.the-odds-api.com/v4/sports/americanfootball_nfl
2026,3,555afd4a27aaa392662881cffa8f2eef,2026-09-27T17:00:00Z,BetOnline.ag,betonlineag,2026-09-24T19:58:22Z,New York Giants,Tennessee Titans,Malachi Fields,,,WR,player_reception_yds,Full Game,23.5,Over,-114,betonlineag|Malachi Fields|player_reception_yds|23.5,0.53271028,0.5,https://api.the-odds-api.com/v4/sports/americanfootball_nfl
2026,3,555afd4a27aaa392662881cffa8f2eef,2026-09-27T17:00:00Z,BetOnline.ag,betonlineag,2026-09-24T19:58:22Z,New York Giants,Tennessee Titans,Malachi Fields,,,WR,player_reception_yds,Full Game,23.5,Under,-114,betonlineag|Malachi Fields|player_reception_yds|23.5,0.53271028,0.5,https://api.the-odds-api.com/v4/sports/americanfootball_nfl
2026,3,555afd4a27aaa392662881cffa8f2eef,2026-09-27T17:00:00Z,BetOnline.ag,betonlineag,2026-09-24T19:58:22Z,New York Giants,Tennessee Titans,Calvin Ridley,,,WR,player_reception_yds,Full Game,14.5,Over,-114,betonlineag|Calvin Ridley|player_reception_yds|14.5,0.53271028,0.5,https://api.the-odds-api.com/v4/sports/americanfootball_nfl
2026,3,555afd4a27aaa392662881cffa8f2eef,2026-09-27T17:00:00Z,BetOnline.ag,betonlineag,2026-09-24T19:58:22Z,New York Giants,Tennessee Titans,Calvin Ridley,,,WR,player_reception_yds,Full Game,14.5,Under,-114,betonlineag|Calvin Ridley|player_reception_yds|14.5,0.53271028,0.5,https://api.the-odds-api.com/v4/sports/americanfootball_nfl
2026,3,555afd4a27aaa392662881cffa8f2eef,2026-09-27T17:00:00Z,BetOnline.ag,betonlineag,2026-09-24T19:58:22Z,New York Giants,Tennessee Titans,Gunnar Helm,,,WR,player_reception_yds,Full Game,20.5,Over,-114,betonlineag|Gunnar Helm|player_reception_yds|20.5,0.53271028,0.5,https://api.the-odds-api.com/v4/sports/americanfootball_nfl
2026,3,555afd4a27aaa392662881cffa8f2eef,2026-09-27T17:00:00Z,BetOnline.ag,betonlineag,2026-09-24T19:58:22Z,New York Giants,Tennessee Titans,Gunnar Helm,,,WR,player_reception_yds,Full Game,20.5,Under,-114,betonlineag|Gunnar Helm|player_reception_yds|20.5,0.53271028,0.5,https://api.the-odds-api.com/v4/sports/americanfootball_nfl
2026,3,555afd4a27aaa392662881cffa8f2eef,2026-09-27T17:00:00Z,BetOnline.ag,betonlineag,2026-09-24T19:58:22Z,New York Giants,Tennessee Titans,Cam Skattebo,,,WR,player_reception_yds,Full Game,11.5,Over,-116,betonlineag|Cam Skattebo|player_reception_yds|11.5,0.53703704,0.50515975,https://api.the-odds-api.com/v4/sports/americanfootball_nfl
2026,3,555afd4a27aaa392662881cffa8f2eef,2026-09-27T17:00:00Z,BetOnline.ag,betonlineag,2026-09-24T19:58:22Z,New York Giants,Tennessee Titans,Cam Skattebo,,,WR,player_reception_yds,Full Game,11.5,Under,-111,betonlineag|Cam Skattebo|player_reception_yds|11.5,0.52606635,0.49484025,https://api.the-odds-api.com/v4/sports/americanfootball_nfl
2026,3,555afd4a27aaa392662881cffa8f2eef,2026-09-27T17:00:00Z,BetOnline.ag,betonlineag,2026-09-24T19:58:22Z,New York Giants,Tennessee Titans,Darnell Mooney,,,WR,player_reception_yds,Full Game,16.5,Over,-119,betonlineag|Darnell Mooney|player_reception_yds|16.5,0.543379,0.5102581,https://api.the-odds-api.com/v4/sports/americanfootball_nfl
2026,3,555afd4a27aaa392662881cffa8f2eef,2026-09-27T17:00:00Z,BetOnline.ag,betonlineag,2026-09-24T19:58:22Z,New York Giants,Tennessee Titans,Darnell Mooney,,,WR,player_reception_yds,Full Game,16.5,Under,-109,betonlineag|Darnell Mooney|player_reception_yds|16.5,0.5215311,0.4897419,https://api.the-odds-api.com/v4/sports/americanfootball_nfl
2026,3,555afd4a27aaa392662881cffa8f2eef,2026-09-27T17:00:00Z,BetOnline.ag,betonlineag,2026-09-24T19:58:22Z,New York Giants,Tennessee Titans,Tyjae Spears,,,RB,player_rush_yds,Full Game,21.5,Over,-110,betonlineag|Tyjae Spears|player_rush_yds|21.5,0.52380952,0.49179655,https://api.the-odds-api.com/v4/sports/americanfootball_nfl
2026,3,555afd4a27aaa392662881cffa8f2eef,2026-09-27T17:00:00Z,BetOnline.ag,betonlineag,2026-09-24T19:58:22Z,New York Giants,Tennessee Titans,Tyjae Spears,,,RB,player_rush_yds,Full Game,21.5,Under,-118,betonlineag|Tyjae Spears|player_rush_yds|21.5,0.5412844,0.50820345,https://api.the-odds-api.com/v4/sports/americanfootball_nfl
2026,3,555afd4a27aaa392662881cffa8f2eef,2026-09-27T17:00:00Z,BetOnline.ag,betonlineag,2026-09-24T19:58:22Z,New York Giants,Tennessee Titans,Jameis Winston,,,RB,player_rush_yds,Full Game,6.5,Over,-120,betonlineag|Jameis Winston|player_rush_yds|6.5,0.54545455,0.51231527,https://api.the-odds-api.com/v4/sports/americanfootball_nfl
2026,3,555afd4a27aaa392662881cffa8f2eef,2026-09-27T17:00:00Z,BetOnline.ag,betonlineag,2026-09-24T19:58:22Z,New York Giants,Tennessee Titans,Jameis Winston,,,RB,player_rush_yds,Full Game,6.5,Under,-108,betonlineag|Jameis Winston|player_rush_yds|6.5,0.51923077,0.48768473,https://api.the-odds-api.com/v4/sports/americanfootball_nfl
2026,3,555afd4a27aaa392662881cffa8f2eef,2026-09-27T17:00:00Z,BetOnline.ag,betonlineag,2026-09-24T19:58:22Z,New York Giants,Tennessee Titans,Cam Ward,,,RB,player_rush_yds,Full Game,11.5,Over,-115,betonlineag|Cam Ward|player_rush_yds|11.5,0.53488372,0.50309533,https://api.the-odds-api.com/v4/sports/americanfootball_nfl
2026,3,555afd4a27aaa392662881cffa8f2eef,2026-09-27T17:00:00Z,BetOnline.ag,betonlineag,2026-09-24T19:58:22Z,New York Giants,Tennessee Titans,Cam Ward,,,RB,player_rush_yds,Full Game,11.5,Under,-112,betonlineag|Cam Ward|player_rush_yds|11.5,0.52830189,0.49690467,https://api.the-odds-api.com/v4/sports/americanfootball_nfl
2026,3,555afd4a27aaa392662881cffa8f2eef,2026-09-27T17:00:00Z,BetOnline.ag,betonlineag,2026-09-24T19:58:22Z,New York Giants,Tennessee Titans,Cam Skattebo,,,RB,player_rush_yds,Full Game,57.5,Over,-115,betonlineag|Cam Skattebo|player_rush_yds|57.5,0.53488372,0.50309533,https://api.the-odds-api.com/v4/sports/americanfootball_nfl
2026,3,555afd4a27aaa392662881cffa8f2eef,2026-09-27T17:00:00Z,BetOnline.ag,betonlineag,2026-09-24T19:58:22Z,New York Giants,Tennessee Titans,Cam Skattebo,,,RB,player_rush_yds,Full Game,57.5,Under,-112,betonlineag|Cam Skattebo|player_rush_yds|57.5,0.52830189,0.49690467,https://api.the-odds-api.com/v4/sports/americanfootball_nfl
2026,3,555afd4a27aaa392662881cffa8f2eef,2026-09-27T17:00:00Z,BetOnline.ag,betonlineag,2026-09-24T19:58:22Z,New York Giants,Tennessee Titans,Tony Pollard,,,RB,player_rush_yds,Full Game,47.5,Over,-111,betonlineag|Tony Pollard|player_rush_yds|47.5,0.52606635,0.49484025,https://api.the-odds-api.com/v4/sports/americanfootball_nfl
2026,3,555afd4a27aaa392662881cffa8f2eef,2026-09-27T17:00:00Z,BetOnline.ag,betonlineag,2026-09-24T19:58:22Z,New York Giants,Tennessee Titans,Tony Pollard,,,RB,player_rush_yds,Full Game,47.5,Under,-116,betonlineag|Tony Pollard|player_rush_yds|47.5,0.53703704,0.50515975,https://api.the-odds-api.com/v4/sports/americanfootball_nfl
2026,3,555afd4a27aaa392662881cffa8f2eef,2026-09-27T17:00:00Z,BetMGM,betmgm,2026-09-24T19:58:34Z,New York Giants,Tennessee Titans,Jameis Winston,,,RB,player_rush_yds,Full Game,3.5,Over,-175,betmgm|Jameis Winston|player_rush_yds|3.5,0.63636364,0.59409594,https://api.the-odds-api.com/v4/sports/americanfootball_nfl
2026,3,555afd4a27aaa392662881cffa8f2eef,2026-09-27T17:00:00Z,BetMGM,betmgm,2026-09-24T19:58:34Z,New York Giants,Tennessee Titans,Jameis Winston,,,RB,player_rush_yds,Full Game,3.5,Under,130,betmgm|Jameis Winston|player_rush_yds|3.5,0.43478261,0.40590406,https://api.the-odds-api.com/v4/sports/americanfootball_nfl
2026,3,555afd4a27aaa392662881cffa8f2eef,2026-09-27T17:00:00Z,BetMGM,betmgm,2026-09-24T19:58:34Z,New York Giants,Tennessee Titans,Jameis Winston,,,RB,player_rush_yds,Full Game,4.5,Over,-150,betmgm|Jameis Winston|player_rush_yds|4.5,0.6,0.55752212,https://api.the-odds-api.com/v4/sports/americanfootball_nfl
2026,3,555afd4a27aaa392662881cffa8f2eef,2026-09-27T17:00:00Z,BetMGM,betmgm,2026-09-24T19:58:34Z,New York Giants,Tennessee Titans,Jameis Winston,,,RB,player_rush_yds,Full Game,4.5,Under,110,betmgm|Jameis Winston|player_rush_yds|4.5,0.47619048,0.44247788,https://api.the-odds-api.com/v4/sports/americanfootball_nfl
2026,3,555afd4a27aaa392662881cffa8f2eef,2026-09-27T17:00:00Z,BetMGM,betmgm,2026-09-24T19:58:34Z,New York Giants,Tennessee Titans,Jameis Winston,,,RB,player_rush_yds,Full Game,7.5,Over,115,betmgm|Jameis Winston|player_rush_yds|7.5,0.46511628,0.43348916,https://api.the-odds-api.com/v4/sports/americanfootball_nfl
2026,3,555afd4a27aaa392662881cffa8f2eef,2026-09-27T17:00:00Z,BetMGM,betmgm,2026-09-24T19:58:34Z,New York Giants,Tennessee Titans,Jameis Winston,,,RB,player_rush_yds,Full Game,7.5,Under,-155,betmgm|Jameis Winston|player_rush_yds|7.5,0.60784314,0.56651084,https://api.the-odds-api.com/v4/sports/americanfootball_nfl
2026,3,555afd4a27aaa392662881cffa8f2eef,2026-09-27T17:00:00Z,BetMGM,betmgm,2026-09-24T19:58:34Z,New York Giants,Tennessee Titans,Jameis Winston,,,RB,player_rush_yds,Full Game,5.5,Over,-120,betmgm|Jameis Winston|player_rush_yds|5.5,0.54545455,0.51012146,https://api.the-odds-api.com/v4/sports/americanfootball_nfl
2026,3,555afd4a27aaa392662881cffa8f2eef,2026-09-27T17:00:00Z,BetMGM,betmgm,2026-09-24T19:58:34Z,New York Giants,Tennessee Titans,Jameis Winston,,,RB,player_rush_yds,Full Game,5.5,Under,-110,betmgm|Jameis Winston|player_rush_yds|5.5,0.52380952,0.48987854,https://api.the-odds-api.com/v4/sports/americanfootball_nfl
2026,3,555afd4a27aaa392662881cffa8f2eef,2026-09-27T17:00:00Z,BetMGM,betmgm,2026-09-24T19:58:34Z,New York Giants,Tennessee Titans,Jameis Winston,,,RB,player_rush_yds,Full Game,6.5,Over,-105,betmgm|Jameis Winston|player_rush_yds|6.5,0.51219512,0.47969543,https://api.the-odds-api.com/v4/sports/americanfootball_nfl
2026,3,555afd4a27aaa392662881cffa8f2eef,2026-09-27T17:00:00Z,BetMGM,betmgm,2026-09-24T19:58:34Z,New York Giants,Tennessee Titans,Jameis Winston,,,RB,player_rush_yds,Full Game,6.5,Under,-125,betmgm|Jameis Winston|player_rush_yds|6.5,0.55555556,0.52030457,https://api.the-odds-api.com/v4/sports/americanfootball_nfl
2026,3,555afd4a27aaa392662881cffa8f2eef,2026-09-27T17:00:00Z,Underdog,underdog,2026-09-24T19:59:08Z,New York Giants,Tennessee Titans,Tony Pollard,,,WR,player_reception_yds,Full Game,6.5,Over,-137,underdog|Tony Pollard|player_reception_yds|6.5,0.57805907,0.5,https://api.the-odds-api.com/v4/sports/americanfootball_nfl
2026,3,555afd4a27aaa392662881cffa8f2eef,2026-09-27T17:00:00Z,Underdog,underdog,2026-09-24T19:59:08Z,New York Giants,Tennessee Titans,Tony Pollard,,,WR,player_reception_yds,Full Game,6.5,Under,-137,underdog|Tony Pollard|player_reception_yds|6.5,0.57805907,0.5,https://api.the-odds-api.com/v4/sports/americanfootball_nfl
2026,3,555afd4a27aaa392662881cffa8f2eef,2026-09-27T17:00:00Z,Underdog,underdog,2026-09-24T19:59:08Z,New York Giants,Tennessee Titans,Malik Nabers,,,WR,player_reception_yds,Full Game,56.5,Over,-137,underdog|Malik Nabers|player_reception_yds|56.5,0.57805907,0.5,https://api.the-odds-api.com/v4/sports/americanfootball_nfl
2026,3,555afd4a27aaa392662881cffa8f2eef,2026-09-27T17:00:00Z,Underdog,underdog,2026-09-24T19:59:08Z,New York Giants,Tennessee Titans,Malik Nabers,,,WR,player_reception_yds,Full Game,56.5,Under,-137,underdog|Malik Nabers|player_reception_yds|56.5,0.57805907,0.5,https://api.the-odds-api.com/v4/sports/americanfootball_nfl
2026,3,555afd4a27aaa392662881cffa8f2eef,2026-09-27T17:00:00Z,Underdog,underdog,2026-09-24T19:59:08Z,New York Giants,Tennessee Titans,Cam Skattebo,,,WR,player_reception_yds,Full Game,11.5,Over,-137,underdog|Cam Skattebo|player_reception_yds|11.5,0.57805907,0.5,https://api.the-odds-api.com/v4/sports/americanfootball_nfl
2026,3,555afd4a27aaa392662881cffa8f2eef,2026-09-27T17:00:00Z,Underdog,underdog,2026-09-24T19:59:08Z,New York Giants,Tennessee Titans,Cam Skattebo,,,WR,player_reception_yds,Full Game,11.5,Under,-137,underdog|Cam Skattebo|player_reception_yds|11.5,0.57805907,0.5,https://api.the-odds-api.com/v4/sports/americanfootball_nfl
2026,3,555afd4a27aaa392662881cffa8f2eef,2026-09-27T17:00:00Z,Underdog,underdog,2026-09-24T19:59:08Z,New York Giants,Tennessee Titans,Darnell Mooney,,,WR,player_reception_yds,Full Game,17.5,Over,-137,underdog|Darnell Mooney|player_reception_yds|17.5,0.57805907,0.5,https://api.the-odds-api.com/v4/sports/americanfootball_nfl
2026,3,555afd4a27aaa392662881cffa8f2eef,2026-09-27T17:00:00Z,Underdog,underdog,2026-09-24T19:59:08Z,New York Giants,Tennessee Titans,Darnell Mooney,,,WR,player_reception_yds,Full Game,17.5,Under,-137,underdog|Darnell Mooney|player_reception_yds|17.5,0.57805907,0.5,https://api.the-odds-api.com/v4/sports/americanfootball_nfl
2026,3,555afd4a27aaa392662881cffa8f2eef,2026-09-27T17:00:00Z,Underdog,underdog,2026-09-24T19:59:08Z,New York Giants,Tennessee Titans,Calvin Ridley,,,WR,player_reception_yds,Full Game,14.5,Over,-137,underdog|Calvin Ridley|player_reception_yds|14.5,0.57805907,0.5,https://api.the-odds-api.com/v4/sports/americanfootball_nfl
2026,3,555afd4a27aaa392662881cffa8f2eef,2026-09-27T17:00:00Z,Underdog,underdog,2026-09-24T19:59:08Z,New York Giants,Tennessee Titans,Calvin Ridley,,,WR,player_reception_yds,Full Game,14.5,Under,-137,underdog|Calvin Ridley|player_reception_yds|14.5,0.57805907,0.5,https://api.the-odds-api.com/v4/sports/americanfootball_nfl
2026,3,555afd4a27aaa392662881cffa8f2eef,2026-09-27T17:00:00Z,Underdog,underdog,2026-09-24T19:59:08Z,New York Giants,Tennessee Titans,Isaiah Likely,,,WR,player_reception_yds,Full Game,40.5,Over,-137,underdog|Isaiah Likely|player_reception_yds|40.5,0.57805907,0.5,https://api.the-odds-api.com/v4/sports/americanfootball_nfl
2026,3,555afd4a27aaa392662881cffa8f2eef,2026-09-27T17:00:00Z,Underdog,underdog,2026-09-24T19:59:08Z,New York Giants,Tennessee Titans,Isaiah Likely,,,WR,player_reception_yds,Full Game,40.5,Under,-137,underdog|Isaiah Likely|player_reception_yds|40.5,0.57805907,0.5,https://api.the-odds-api.com/v4/sports/americanfootball_nfl
2026,3,555afd4a27aaa392662881cffa8f2eef,2026-09-27T17:00:00Z,Underdog,underdog,2026-09-24T19:59:08Z,New York Giants,Tennessee Titans,Wan'Dale Robinson,,,WR,player_reception_yds,Full Game,31.5,Over,-137,underdog|Wan'Dale Robinson|player_reception_yds|31.5,0.57805907,0.5,https://api.the-odds-api.com/v4/sports/americanfootball_nfl
2026,3,555afd4a27aaa392662881cffa8f2eef,2026-09-27T17:00:00Z,Underdog,underdog,2026-09-24T19:59:08Z,New York Giants,Tennessee Titans,Wan'Dale Robinson,,,WR,player_reception_yds,Full Game,31.5,Under,-137,underdog|Wan'Dale Robinson|player_reception_yds|31.5,0.57805907,0.5,https://api.the-odds-api.com/v4/sports/americanfootball_nfl
2026,3,555afd4a27aaa392662881cffa8f2eef,2026-09-27T17:00:00Z,Underdog,underdog,2026-09-24T19:59:08Z,New York Giants,Tennessee Titans,Elic Ayomanor,,,WR,player_reception_yds,Full Game,14.5,Over,-137,underdog|Elic Ayomanor|player_reception_yds|14.5,0.57805907,0.5,https://api.the-odds-api.com/v4/sports/americanfootball_nfl
2026,3,555afd4a27aaa392662881cffa8f2eef,2026-09-27T17:00:00Z,Underdog,underdog,2026-09-24T19:59:08Z,New York Giants,Tennessee Titans,Elic Ayomanor,,,WR,player_reception_yds,Full Game,14.5,Under,-137,underdog|Elic Ayomanor|player_reception_yds|14.5,0.57805907,0.5,https://api.the-odds-api.com/v4/sports/americanfootball_nfl
2026,3,555afd4a27aaa392662881cffa8f2eef,2026-09-27T17:00:00Z,Underdog,underdog,2026-09-24T19:59:08Z,New York Giants,Tennessee Titans,Theo Johnson,,,WR,player_reception_yds,Full Game,8.5,Over,-137,underdog|Theo Johnson|player_reception_yds|8.5,0.57805907,0.5,https://api.the-odds-api.com/v4/sports/americanfootball_nfl
2026,3,555afd4a27aaa392662881cffa8f2eef,2026-09-27T17:00:00Z,Underdog,underdog,2026-09-24T19:59:08Z,New York Giants,Tennessee Titans,Theo Johnson,,,WR,player_reception_yds,Full Game,8.5,Under,-137,underdog|Theo Johnson|player_reception_yds|8.5,0.57805907,0.5,https://api.the-odds-api.com/v4/sports/americanfootball_nfl
2026,3,555afd4a27aaa392662881cffa8f2eef,2026-09-27T17:00:00Z,Underdog,underdog,2026-09-24T19:59:08Z,New York Giants,Tennessee Titans,Tyjae Spears,,,WR,player_reception_yds,Full Game,13.5,Over,-137,underdog|Tyjae Spears|player_reception_yds|13.5,0.57805907,0.5,https://api.the-odds-api.com/v4/sports/americanfootball_nfl
2026,3,555afd4a27aaa392662881cffa8f2eef,2026-09-27T17:00:00Z,Underdog,underdog,2026-09-24T19:59:08Z,New York Giants,Tennessee Titans,Tyjae Spears,,,WR,player_reception_yds,Full Game,13.5,Under,-137,underdog|Tyjae Spears|player_reception_yds|13.5,0.57805907,0.5,https://api.the-odds-api.com/v4/sports/americanfootball_nfl
2026,3,555afd4a27aaa392662881cffa8f2eef,2026-09-27T17:00:00Z,Underdog,underdog,2026-09-24T19:59:08Z,New York Giants,Tennessee Titans,Gunnar Helm,,,WR,player_reception_yds,Full Game,21.5,Over,-137,underdog|Gunnar Helm|player_reception_yds|21.5,0.57805907,0.5,https://api.the-odds-api.com/v4/sports/americanfootball_nfl
2026,3,555afd4a27aaa392662881cffa8f2eef,2026-09-27T17:00:00Z,Underdog,underdog,2026-09-24T19:59:08Z,New York Giants,Tennessee Titans,Gunnar Helm,,,WR,player_reception_yds,Full Game,21.5,Under,-137,underdog|Gunnar Helm|player_reception_yds|21.5,0.57805907,0.5,https://api.the-odds-api.com/v4/sports/americanfootball_nfl
2026,3,555afd4a27aaa392662881cffa8f2eef,2026-09-27T17:00:00Z,Underdog,underdog,2026-09-24T19:59:08Z,New York Giants,Tennessee Titans,Malachi Fields,,,WR,player_reception_yds,Full Game,23.5,Over,-137,underdog|Malachi Fields|player_reception_yds|23.5,0.57805907,0.5,https://api.the-odds-api.com/v4/sports/americanfootball_nfl
2026,3,555afd4a27aaa392662881cffa8f2eef,2026-09-27T17:00:00Z,Underdog,underdog,2026-09-24T19:59:08Z,New York Giants,Tennessee Titans,Malachi Fields,,,WR,player_reception_yds,Full Game,23.5,Under,-137,underdog|Malachi Fields|player_reception_yds|23.5,0.57805907,0.5,https://api.the-odds-api.com/v4/sports/americanfootball_nfl
2026,3,555afd4a27aaa392662881cffa8f2eef,2026-09-27T17:00:00Z,Underdog,underdog,2026-09-24T19:59:08Z,New York Giants,Tennessee Titans,Carnell Tate,,,WR,player_reception_yds,Full Game,38.5,Over,-137,underdog|Carnell Tate|player_reception_yds|38.5,0.57805907,0.5,https://api.the-odds-api.com/v4/sports/americanfootball_nfl
2026,3,555afd4a27aaa392662881cffa8f2eef,2026-09-27T17:00:00Z,Underdog,underdog,2026-09-24T19:59:08Z,New York Giants,Tennessee Titans,Carnell Tate,,,WR,player_reception_yds,Full Game,38.5,Under,-137,underdog|Carnell Tate|player_reception_yds|38.5,0.57805907,0.5,https://api.the-odds-api.com/v4/sports/americanfootball_nfl
2026,3,555afd4a27aaa392662881cffa8f2eef,2026-09-27T17:00:00Z,Underdog,underdog,2026-09-24T19:59:08Z,New York Giants,Tennessee Titans,Tony Pollard,,,RB,player_rush_yds,Full Game,47.5,Over,-137,underdog|Tony Pollard|player_rush_yds|47.5,0.57805907,0.5,https://api.the-odds-api.com/v4/sports/americanfootball_nfl
2026,3,555afd4a27aaa392662881cffa8f2eef,2026-09-27T17:00:00Z,Underdog,underdog,2026-09-24T19:59:08Z,New York Giants,Tennessee Titans,Tony Pollard,,,RB,player_rush_yds,Full Game,47.5,Under,-137,underdog|Tony Pollard|player_rush_yds|47.5,0.57805907,0.5,https://api.the-odds-api.com/v4/sports/americanfootball_nfl
2026,3,555afd4a27aaa392662881cffa8f2eef,2026-09-27T17:00:00Z,Underdog,underdog,2026-09-24T19:59:08Z,New York Giants,Tennessee Titans,Cam Skattebo,,,RB,player_rush_yds,Full Game,57.5,Over,-137,underdog|Cam Skattebo|player_rush_yds|57.5,0.57805907,0.5,https://api.the-odds-api.com/v4/sports/americanfootball_nfl
2026,3,555afd4a27aaa392662881cffa8f2eef,2026-09-27T17:00:00Z,Underdog,underdog,2026-09-24T19:59:08Z,New York Giants,Tennessee Titans,Cam Skattebo,,,RB,player_rush_yds,Full Game,57.5,Under,-137,underdog|Cam Skattebo|player_rush_yds|57.5,0.57805907,0.5,https://api.the-odds-api.com/v4/sports/americanfootball_nfl
2026,3,555afd4a27aaa392662881cffa8f2eef,2026-09-27T17:00:00Z,Underdog,underdog,2026-09-24T19:59:08Z,New York Giants,Tennessee Titans,Tyjae Spears,,,RB,player_rush_yds,Full Game,21.5,Over,-137,underdog|Tyjae Spears|player_rush_yds|21.5,0.57805907,0.5,https://api.the-odds-api.com/v4/sports/americanfootball_nfl
2026,3,555afd4a27aaa392662881cffa8f2eef,2026-09-27T17:00:00Z,Underdog,underdog,2026-09-24T19:59:08Z,New York Giants,Tennessee Titans,Tyjae Spears,,,RB,player_rush_yds,Full Game,21.5,Under,-137,underdog|Tyjae Spears|player_rush_yds|21.5,0.57805907,0.5,https://api.the-odds-api.com/v4/sports/americanfootball_nfl
2026,3,555afd4a27aaa392662881cffa8f2eef,2026-09-27T17:00:00Z,Underdog,underdog,2026-09-24T19:59:08Z,New York Giants,Tennessee Titans,Cam Ward,,,RB,player_rush_yds,Full Game,11.5,Over,-137,underdog|Cam Ward|player_rush_yds|11.5,0.57805907,0.5,https://api.the-odds-api.com/v4/sports/americanfootball_nfl
2026,3,555afd4a27aaa392662881cffa8f2eef,2026-09-27T17:00:00Z,Underdog,underdog,2026-09-24T19:59:08Z,New York Giants,Tennessee Titans,Cam Ward,,,RB,player_rush_yds,Full Game,11.5,Under,-137,underdog|Cam Ward|player_rush_yds|11.5,0.57805907,0.5,https://api.the-odds-api.com/v4/sports/americanfootball_nfl
2026,3,555afd4a27aaa392662881cffa8f2eef,2026-09-27T17:00:00Z,Underdog,underdog,2026-09-24T19:59:08Z,New York Giants,Tennessee Titans,Jameis Winston,,,RB,player_rush_yds,Full Game,5.5,Over,-137,underdog|Jameis Winston|player_rush_yds|5.5,0.57805907,0.5,https://api.the-odds-api.com/v4/sports/americanfootball_nfl
2026,3,555afd4a27aaa392662881cffa8f2eef,2026-09-27T17:00:00Z,Underdog,underdog,2026-09-24T19:59:08Z,New York Giants,Tennessee Titans,Jameis Winston,,,RB,player_rush_yds,Full Game,5.5,Under,-137,underdog|Jameis Winston|player_rush_yds|5.5,0.57805907,0.5,https://api.the-odds-api.com/v4/sports/americanfootball_nfl
2026,3,555afd4a27aaa392662881cffa8f2eef,2026-09-27T17:00:00Z,Bovada,bovada,2026-09-24T19:57:44Z,New York Giants,Tennessee Titans,Calvin Ridley,,,WR,player_reception_yds,Full Game,13.5,Over,-120,bovada|Calvin Ridley|player_reception_yds|13.5,0.54545455,0.51012146,https://api.the-odds-api.com/v4/sports/americanfootball_nfl
2026,3,555afd4a27aaa392662881cffa8f2eef,2026-09-27T17:00:00Z,Bovada,bovada,2026-09-24T19:57:44Z,New York Giants,Tennessee Titans,Calvin Ridley,,,WR,player_reception_yds,Full Game,13.5,Under,-110,bovada|Calvin Ridley|player_reception_yds|13.5,0.52380952,0.48987854,https://api.the-odds-api.com/v4/sports/americanfootball_nfl
2026,3,555afd4a27aaa392662881cffa8f2eef,2026-09-27T17:00:00Z,Bovada,bovada,2026-09-24T19:57:44Z,New York Giants,Tennessee Titans,Cam Skattebo,,,WR,player_reception_yds,Full Game,11.5,Over,-120,bovada|Cam Skattebo|player_reception_yds|11.5,0.54545455,0.51012146,https://api.the-odds-api.com/v4/sports/americanfootball_nfl
2026,3,555afd4a27aaa392662881cffa8f2eef,2026-09-27T17:00:00Z,Bovada,bovada,2026-09-24T19:57:44Z,New York Giants,Tennessee Titans,Cam Skattebo,,,WR,player_reception_yds,Full Game,11.5,Under,-110,bovada|Cam Skattebo|player_reception_yds|11.5,0.52380952,0.48987854,https://api.the-odds-api.com/v4/sports/americanfootball_nfl
2026,3,555afd4a27aaa392662881cffa8f2eef,2026-09-27T17:00:00Z,Bovada,bovada,2026-09-24T19:57:44Z,New York Giants,Tennessee Titans,Carnell Tate,,,WR,player_reception_yds,Full Game,36.5,Over,-115,bovada|Carnell Tate|player_reception_yds|36.5,0.53488372,0.5,https://api.the-odds-api.com/v4/sports/americanfootball_nfl
2026,3,555afd4a27aaa392662881cffa8f2eef,2026-09-27T17:00:00Z,Bovada,bovada,2026-09-24T19:57:44Z,New York Giants,Tennessee Titans,Carnell Tate,,,WR,player_reception_yds,Full Game,36.5,Under,-115,bovada|Carnell Tate|player_reception_yds|36.5,0.53488372,0.5,https://api.the-odds-api.com/v4/sports/americanfootball_nfl
2026,3,555afd4a27aaa392662881cffa8f2eef,2026-09-27T17:00:00Z,Bovada,bovada,2026-09-24T19:57:44Z,New York Giants,Tennessee Titans,Darnell Mooney,,,WR,player_reception_yds,Full Game,16.5,Over,-120,bovada|Darnell Mooney|player_reception_yds|16.5,0.54545455,0.51012146,https://api.the-odds-api.com/v4/sports/americanfootball_nfl
2026,3,555afd4a27aaa392662881cffa8f2eef,2026-09-27T17:00:00Z,Bovada,bovada,2026-09-24T19:57:44Z,New York Giants,Tennessee Titans,Darnell Mooney,,,WR,player_reception_yds,Full Game,16.5,Under,-110,bovada|Darnell Mooney|player_reception_yds|16.5,0.52380952,0.48987854,https://api.the-odds-api.com/v4/sports/americanfootball_nfl
2026,3,555afd4a27aaa392662881cffa8f2eef,2026-09-27T17:00:00Z,Bovada,bovada,2026-09-24T19:57:44Z,New York Giants,Tennessee Titans,Elic Ayomanor,,,WR,player_reception_yds,Full Game,15.5,Over,-115,bovada|Elic Ayomanor|player_reception_yds|15.5,0.53488372,0.5,https://api.the-odds-api.com/v4/sports/americanfootball_nfl
2026,3,555afd4a27aaa392662881cffa8f2eef,2026-09-27T17:00:00Z,Bovada,bovada,2026-09-24T19:57:44Z,New York Giants,Tennessee Titans,Elic Ayomanor,,,WR,player_reception_yds,Full Game,15.5,Under,-115,bovada|Elic Ayomanor|player_reception_yds|15.5,0.53488372,0.5,https://api.the-odds-api.com/v4/sports/americanfootball_nfl
2026,3,555afd4a27aaa392662881cffa8f2eef,2026-09-27T17:00:00Z,Bovada,bovada,2026-09-24T19:57:44Z,New York Giants,Tennessee Titans,Gunnar Helm,,,WR,player_reception_yds,Full Game,22.5,Over,-120,bovada|Gunnar Helm|player_reception_yds|22.5,0.54545455,0.51012146,https://api.the-odds-api.com/v4/sports/americanfootball_nfl
2026,3,555afd4a27aaa392662881cffa8f2eef,2026-09-27T17:00:00Z,Bovada,bovada,2026-09-24T19:57:44Z,New York Giants,Tennessee Titans,Gunnar Helm,,,WR,player_reception_yds,Full Game,22.5,Under,-110,bovada|Gunnar Helm|player_reception_yds|22.5,0.52380952,0.48987854,https://api.the-odds-api.com/v4/sports/americanfootball_nfl
2026,3,555afd4a27aaa392662881cffa8f2eef,2026-09-27T17:00:00Z,Bovada,bovada,2026-09-24T19:57:44Z,New York Giants,Tennessee Titans,Isaiah Likely,,,WR,player_reception_yds,Full Game,41.5,Over,-115,bovada|Isaiah Likely|player_reception_yds|41.5,0.53488372,0.5,https://api.the-odds-api.com/v4/sports/americanfootball_nfl
2026,3,555afd4a27aaa392662881cffa8f2eef,2026-09-27T17:00:00Z,Bovada,bovada,2026-09-24T19:57:44Z,New York Giants,Tennessee Titans,Isaiah Likely,,,WR,player_reception_yds,Full Game,41.5,Under,-115,bovada|Isaiah Likely|player_reception_yds|41.5,0.53488372,0.5,https://api.the-odds-api.com/v4/sports/americanfootball_nfl
2026,3,555afd4a27aaa392662881cffa8f2eef,2026-09-27T17:00:00Z,Bovada,bovada,2026-09-24T19:57:44Z,New York Giants,Tennessee Titans,Malachi Fields,,,WR,player_reception_yds,Full Game,21.5,Over,-120,bovada|Malachi Fields|player_reception_yds|21.5,0.54545455,0.51012146,https://api.the-odds-api.com/v4/sports/americanfootball_nfl
2026,3,555afd4a27aaa392662881cffa8f2eef,2026-09-27T17:00:00Z,Bovada,bovada,2026-09-24T19:57:44Z,New York Giants,Tennessee Titans,Malachi Fields,,,WR,player_reception_yds,Full Game,21.5,Under,-110,bovada|Malachi Fields|player_reception_yds|21.5,0.52380952,0.48987854,https://api.the-odds-api.com/v4/sports/americanfootball_nfl
2026,3,555afd4a27aaa392662881cffa8f2eef,2026-09-27T17:00:00Z,Bovada,bovada,2026-09-24T19:57:44Z,New York Giants,Tennessee Titans,Malik Nabers,,,WR,player_reception_yds,Full Game,53.5,Over,-115,bovada|Malik Nabers|player_reception_yds|53.5,0.53488372,0.5,https://api.the-odds-api.com/v4/sports/americanfootball_nfl
2026,3,555afd4a27aaa392662881cffa8f2eef,2026-09-27T17:00:00Z,Bovada,bovada,2026-09-24T19:57:44Z,New York Giants,Tennessee Titans,Malik Nabers,,,WR,player_reception_yds,Full Game,53.5,Under,-115,bovada|Malik Nabers|player_reception_yds|53.5,0.53488372,0.5,https://api.the-odds-api.com/v4/sports/americanfootball_nfl
2026,3,555afd4a27aaa392662881cffa8f2eef,2026-09-27T17:00:00Z,Bovada,bovada,2026-09-24T19:57:44Z,New York Giants,Tennessee Titans,Wan'Dale Robinson,,,WR,player_reception_yds,Full Game,29.5,Over,-130,bovada|Wan'Dale Robinson|player_reception_yds|29.5,0.56521739,0.53061224,https://api.the-odds-api.com/v4/sports/americanfootball_nfl
2026,3,555afd4a27aaa392662881cffa8f2eef,2026-09-27T17:00:00Z,Bovada,bovada,2026-09-24T19:57:44Z,New York Giants,Tennessee Titans,Wan'Dale Robinson,,,WR,player_reception_yds,Full Game,29.5,Under,100,bovada|Wan'Dale Robinson|player_reception_yds|29.5,0.5,0.46938776,https://api.the-odds-api.com/v4/sports/americanfootball_nfl
2026,3,555afd4a27aaa392662881cffa8f2eef,2026-09-27T17:00:00Z,Bovada,bovada,2026-09-24T19:57:44Z,New York Giants,Tennessee Titans,Cam Skattebo,,,RB,player_rush_yds,Full Game,56.5,Over,-115,bovada|Cam Skattebo|player_rush_yds|56.5,0.53488372,0.5,https://api.the-odds-api.com/v4/sports/americanfootball_nfl
2026,3,555afd4a27aaa392662881cffa8f2eef,2026-09-27T17:00:00Z,Bovada,bovada,2026-09-24T19:57:44Z,New York Giants,Tennessee Titans,Cam Skattebo,,,RB,player_rush_yds,Full Game,56.5,Under,-115,bovada|Cam Skattebo|player_rush_yds|56.5,0.53488372,0.5,https://api.the-odds-api.com/v4/sports/americanfootball_nfl
2026,3,555afd4a27aaa392662881cffa8f2eef,2026-09-27T17:00:00Z,Bovada,bovada,2026-09-24T19:57:44Z,New York Giants,Tennessee Titans,Cam Ward,,,RB,player_rush_yds,Full Game,13.5,Over,-110,bovada|Cam Ward|player_rush_yds|13.5,0.52380952,0.48987854,https://api.the-odds-api.com/v4/sports/americanfootball_nfl
2026,3,555afd4a27aaa392662881cffa8f2eef,2026-09-27T17:00:00Z,Bovada,bovada,2026-09-24T19:57:44Z,New York Giants,Tennessee Titans,Cam Ward,,,RB,player_rush_yds,Full Game,13.5,Under,-120,bovada|Cam Ward|player_rush_yds|13.5,0.54545455,0.51012146,https://api.the-odds-api.com/v4/sports/americanfootball_nfl
2026,3,555afd4a27aaa392662881cffa8f2eef,2026-09-27T17:00:00Z,Bovada,bovada,2026-09-24T19:57:44Z,New York Giants,Tennessee Titans,Jameis Winston,,,RB,player_rush_yds,Full Game,6.5,Over,-120,bovada|Jameis Winston|player_rush_yds|6.5,0.54545455,0.51012146,https://api.the-odds-api.com/v4/sports/americanfootball_nfl
2026,3,555afd4a27aaa392662881cffa8f2eef,2026-09-27T17:00:00Z,Bovada,bovada,2026-09-24T19:57:44Z,New York Giants,Tennessee Titans,Jameis Winston,,,RB,player_rush_yds,Full Game,6.5,Under,-110,bovada|Jameis Winston|player_rush_yds|6.5,0.52380952,0.48987854,https://api.the-odds-api.com/v4/sports/americanfootball_nfl
2026,3,555afd4a27aaa392662881cffa8f2eef,2026-09-27T17:00:00Z,Bovada,bovada,2026-09-24T19:57:44Z,New York Giants,Tennessee Titans,Tony Pollard,,,RB,player_rush_yds,Full Game,47.5,Over,-110,bovada|Tony Pollard|player_rush_yds|47.5,0.52380952,0.48987854,https://api.the-odds-api.com/v4/sports/americanfootball_nfl
2026,3,555afd4a27aaa392662881cffa8f2eef,2026-09-27T17:00:00Z,Bovada,bovada,2026-09-24T19:57:44Z,New York Giants,Tennessee Titans,Tony Pollard,,,RB,player_rush_yds,Full Game,47.5,Under,-120,bovada|Tony Pollard|player_rush_yds|47.5,0.54545455,0.51012146,https://api.the-odds-api.com/v4/sports/americanfootball_nfl
2026,3,555afd4a27aaa392662881cffa8f2eef,2026-09-27T17:00:00Z,Bovada,bovada,2026-09-24T19:57:44Z,New York Giants,Tennessee Titans,Tyjae Spears,,,RB,player_rush_yds,Full Game,21.5,Over,-110,bovada|Tyjae Spears|player_rush_yds|21.5,0.52380952,0.48987854,https://api.the-odds-api.com/v4/sports/americanfootball_nfl
2026,3,555afd4a27aaa392662881cffa8f2eef,2026-09-27T17:00:00Z,Bovada,bovada,2026-09-24T19:57:44Z,New York Giants,Tennessee Titans,Tyjae Spears,,,RB,player_rush_yds,Full Game,21.5,Under,-120,bovada|Tyjae Spears|player_rush_yds|21.5,0.54545455,0.51012146,https://api.the-odds-api.com/v4/sports/americanfootball_nfl
2026,3,555afd4a27aaa392662881cffa8f2eef,2026-09-27T17:00:00Z,PrizePicks,prizepicks,2026-09-24T19:58:26Z,New York Giants,Tennessee Titans,Malik Nabers,,,WR,player_reception_yds,Full Game,56.5,Over,-137,prizepicks|Malik Nabers|player_reception_yds|56.5,0.57805907,0.5,https://api.the-odds-api.com/v4/sports/americanfootball_nfl
2026,3,555afd4a27aaa392662881cffa8f2eef,2026-09-27T17:00:00Z,PrizePicks,prizepicks,2026-09-24T19:58:26Z,New York Giants,Tennessee Titans,Malik Nabers,,,WR,player_reception_yds,Full Game,56.5,Under,-137,prizepicks|Malik Nabers|player_reception_yds|56.5,0.57805907,0.5,https://api.the-odds-api.com/v4/sports/americanfootball_nfl
2026,3,555afd4a27aaa392662881cffa8f2eef,2026-09-27T17:00:00Z,PrizePicks,prizepicks,2026-09-24T19:58:26Z,New York Giants,Tennessee Titans,Isaiah Likely,,,WR,player_reception_yds,Full Game,40.5,Over,-137,prizepicks|Isaiah Likely|player_reception_yds|40.5,0.57805907,0.5,https://api.the-odds-api.com/v4/sports/americanfootball_nfl
2026,3,555afd4a27aaa392662881cffa8f2eef,2026-09-27T17:00:00Z,PrizePicks,prizepicks,2026-09-24T19:58:26Z,New York Giants,Tennessee Titans,Isaiah Likely,,,WR,player_reception_yds,Full Game,40.5,Under,-137,prizepicks|Isaiah Likely|player_reception_yds|40.5,0.57805907,0.5,https://api.the-odds-api.com/v4/sports/americanfootball_nfl
2026,3,555afd4a27aaa392662881cffa8f2eef,2026-09-27T17:00:00Z,PrizePicks,prizepicks,2026-09-24T19:58:26Z,New York Giants,Tennessee Titans,Carnell Tate,,,WR,player_reception_yds,Full Game,37.5,Over,-137,prizepicks|Carnell Tate|player_reception_yds|37.5,0.57805907,0.5,https://api.the-odds-api.com/v4/sports/americanfootball_nfl
2026,3,555afd4a27aaa392662881cffa8f2eef,2026-09-27T17:00:00Z,PrizePicks,prizepicks,2026-09-24T19:58:26Z,New York Giants,Tennessee Titans,Carnell Tate,,,WR,player_reception_yds,Full Game,37.5,Under,-137,prizepicks|Carnell Tate|player_reception_yds|37.5,0.57805907,0.5,https://api.the-odds-api.com/v4/sports/americanfootball_nfl
2026,3,555afd4a27aaa392662881cffa8f2eef,2026-09-27T17:00:00Z,PrizePicks,prizepicks,2026-09-24T19:58:26Z,New York Giants,Tennessee Titans,Wan'Dale Robinson,,,WR,player_reception_yds,Full Game,29.5,Over,-137,prizepicks|Wan'Dale Robinson|player_reception_yds|29.5,0.57805907,0.5,https://api.the-odds-api.com/v4/sports/americanfootball_nfl
2026,3,555afd4a27aaa392662881cffa8f2eef,2026-09-27T17:00:00Z,PrizePicks,prizepicks,2026-09-24T19:58:26Z,New York Giants,Tennessee Titans,Wan'Dale Robinson,,,WR,player_reception_yds,Full Game,29.5,Under,-137,prizepicks|Wan'Dale Robinson|player_reception_yds|29.5,0.57805907,0.5,https://api.the-odds-api.com/v4/sports/americanfootball_nfl
2026,3,555afd4a27aaa392662881cffa8f2eef,2026-09-27T17:00:00Z,PrizePicks,prizepicks,2026-09-24T19:58:26Z,New York Giants,Tennessee Titans,Malachi Fields,,,WR,player_reception_yds,Full Game,23.5,Over,-137,prizepicks|Malachi Fields|player_reception_yds|23.5,0.57805907,0.5,https://api.the-odds-api.com/v4/sports/americanfootball_nfl
2026,3,555afd4a27aaa392662881cffa8f2eef,2026-09-27T17:00:00Z,PrizePicks,prizepicks,2026-09-24T19:58:26Z,New York Giants,Tennessee Titans,Malachi Fields,,,WR,player_reception_yds,Full Game,23.5,Under,-137,prizepicks|Malachi Fields|player_reception_yds|23.5,0.57805907,0.5,https://api.the-odds-api.com/v4/sports/americanfootball_nfl
2026,3,555afd4a27aaa392662881cffa8f2eef,2026-09-27T17:00:00Z,PrizePicks,prizepicks,2026-09-24T19:58:26Z,New York Giants,Tennessee Titans,Gunnar Helm,,,WR,player_reception_yds,Full Game,21.5,Over,-137,prizepicks|Gunnar Helm|player_reception_yds|21.5,0.57805907,0.5,https://api.the-odds-api.com/v4/sports/americanfootball_nfl
2026,3,555afd4a27aaa392662881cffa8f2eef,2026-09-27T17:00:00Z,PrizePicks,prizepicks,2026-09-24T19:58:26Z,New York Giants,Tennessee Titans,Gunnar Helm,,,WR,player_reception_yds,Full Game,21.5,Under,-137,prizepicks|Gunnar Helm|player_reception_yds|21.5,0.57805907,0.5,https://api.the-odds-api.com/v4/sports/americanfootball_nfl
2026,3,555afd4a27aaa392662881cffa8f2eef,2026-09-27T17:00:00Z,PrizePicks,prizepicks,2026-09-24T19:58:26Z,New York Giants,Tennessee Titans,Darnell Mooney,,,WR,player_reception_yds,Full Game,16.5,Over,-137,prizepicks|Darnell Mooney|player_reception_yds|16.5,0.57805907,0.5,https://api.the-odds-api.com/v4/sports/americanfootball_nfl
2026,3,555afd4a27aaa392662881cffa8f2eef,2026-09-27T17:00:00Z,PrizePicks,prizepicks,2026-09-24T19:58:26Z,New York Giants,Tennessee Titans,Darnell Mooney,,,WR,player_reception_yds,Full Game,16.5,Under,-137,prizepicks|Darnell Mooney|player_reception_yds|16.5,0.57805907,0.5,https://api.the-odds-api.com/v4/sports/americanfootball_nfl
2026,3,555afd4a27aaa392662881cffa8f2eef,2026-09-27T17:00:00Z,PrizePicks,prizepicks,2026-09-24T19:58:26Z,New York Giants,Tennessee Titans,Tyjae Spears,,,WR,player_reception_yds,Full Game,14.5,Over,-137,prizepicks|Tyjae Spears|player_reception_yds|14.5,0.57805907,0.5,https://api.the-odds-api.com/v4/sports/americanfootball_nfl
2026,3,555afd4a27aaa392662881cffa8f2eef,2026-09-27T17:00:00Z,PrizePicks,prizepicks,2026-09-24T19:58:26Z,New York Giants,Tennessee Titans,Tyjae Spears,,,WR,player_reception_yds,Full Game,14.5,Under,-137,prizepicks|Tyjae Spears|player_reception_yds|14.5,0.57805907,0.5,https://api.the-odds-api.com/v4/sports/americanfootball_nfl
2026,3,555afd4a27aaa392662881cffa8f2eef,2026-09-27T17:00:00Z,PrizePicks,prizepicks,2026-09-24T19:58:26Z,New York Giants,Tennessee Titans,Calvin Ridley,,,WR,player_reception_yds,Full Game,14.5,Over,-137,prizepicks|Calvin Ridley|player_reception_yds|14.5,0.57805907,0.5,https://api.the-odds-api.com/v4/sports/americanfootball_nfl
2026,3,555afd4a27aaa392662881cffa8f2eef,2026-09-27T17:00:00Z,PrizePicks,prizepicks,2026-09-24T19:58:26Z,New York Giants,Tennessee Titans,Calvin Ridley,,,WR,player_reception_yds,Full Game,14.5,Under,-137,prizepicks|Calvin Ridley|player_reception_yds|14.5,0.57805907,0.5,https://api.the-odds-api.com/v4/sports/americanfootball_nfl
2026,3,555afd4a27aaa392662881cffa8f2eef,2026-09-27T17:00:00Z,PrizePicks,prizepicks,2026-09-24T19:58:26Z,New York Giants,Tennessee Titans,Elic Ayomanor,,,WR,player_reception_yds,Full Game,14.5,Over,-137,prizepicks|Elic Ayomanor|player_reception_yds|14.5,0.57805907,0.5,https://api.the-odds-api.com/v4/sports/americanfootball_nfl
2026,3,555afd4a27aaa392662881cffa8f2eef,2026-09-27T17:00:00Z,PrizePicks,prizepicks,2026-09-24T19:58:26Z,New York Giants,Tennessee Titans,Elic Ayomanor,,,WR,player_reception_yds,Full Game,14.5,Under,-137,prizepicks|Elic Ayomanor|player_reception_yds|14.5,0.57805907,0.5,https://api.the-odds-api.com/v4/sports/americanfootball_nfl
2026,3,555afd4a27aaa392662881cffa8f2eef,2026-09-27T17:00:00Z,PrizePicks,prizepicks,2026-09-24T19:58:26Z,New York Giants,Tennessee Titans,Cam Skattebo,,,WR,player_reception_yds,Full Game,11.5,Over,-137,prizepicks|Cam Skattebo|player_reception_yds|11.5,0.57805907,0.5,https://api.the-odds-api.com/v4/sports/americanfootball_nfl
2026,3,555afd4a27aaa392662881cffa8f2eef,2026-09-27T17:00:00Z,PrizePicks,prizepicks,2026-09-24T19:58:26Z,New York Giants,Tennessee Titans,Cam Skattebo,,,WR,player_reception_yds,Full Game,11.5,Under,-137,prizepicks|Cam Skattebo|player_reception_yds|11.5,0.57805907,0.5,https://api.the-odds-api.com/v4/sports/americanfootball_nfl
2026,3,555afd4a27aaa392662881cffa8f2eef,2026-09-27T17:00:00Z,PrizePicks,prizepicks,2026-09-24T19:58:26Z,New York Giants,Tennessee Titans,Theo Johnson,,,WR,player_reception_yds,Full Game,8.5,Over,-137,prizepicks|Theo Johnson|player_reception_yds|8.5,0.57805907,0.5,https://api.the-odds-api.com/v4/sports/americanfootball_nfl
2026,3,555afd4a27aaa392662881cffa8f2eef,2026-09-27T17:00:00Z,PrizePicks,prizepicks,2026-09-24T19:58:26Z,New York Giants,Tennessee Titans,Theo Johnson,,,WR,player_reception_yds,Full Game,8.5,Under,-137,prizepicks|Theo Johnson|player_reception_yds|8.5,0.57805907,0.5,https://api.the-odds-api.com/v4/sports/americanfootball_nfl
2026,3,555afd4a27aaa392662881cffa8f2eef,2026-09-27T17:00:00Z,PrizePicks,prizepicks,2026-09-24T19:58:26Z,New York Giants,Tennessee Titans,Tony Pollard,,,WR,player_reception_yds,Full Game,6.5,Over,-137,prizepicks|Tony Pollard|player_reception_yds|6.5,0.57805907,0.5,https://api.the-odds-api.com/v4/sports/americanfootball_nfl
2026,3,555afd4a27aaa392662881cffa8f2eef,2026-09-27T17:00:00Z,PrizePicks,prizepicks,2026-09-24T19:58:26Z,New York Giants,Tennessee Titans,Tony Pollard,,,WR,player_reception_yds,Full Game,6.5,Under,-137,prizepicks|Tony Pollard|player_reception_yds|6.5,0.57805907,0.5,https://api.the-odds-api.com/v4/sports/americanfootball_nfl
2026,3,555afd4a27aaa392662881cffa8f2eef,2026-09-27T17:00:00Z,PrizePicks,prizepicks,2026-09-24T19:58:26Z,New York Giants,Tennessee Titans,Cam Skattebo,,,RB,player_rush_yds,Full Game,57.5,Over,-137,prizepicks|Cam Skattebo|player_rush_yds|57.5,0.57805907,0.5,https://api.the-odds-api.com/v4/sports/americanfootball_nfl
2026,3,555afd4a27aaa392662881cffa8f2eef,2026-09-27T17:00:00Z,PrizePicks,prizepicks,2026-09-24T19:58:26Z,New York Giants,Tennessee Titans,Cam Skattebo,,,RB,player_rush_yds,Full Game,57.5,Under,-137,prizepicks|Cam Skattebo|player_rush_yds|57.5,0.57805907,0.5,https://api.the-odds-api.com/v4/sports/americanfootball_nfl
2026,3,555afd4a27aaa392662881cffa8f2eef,2026-09-27T17:00:00Z,PrizePicks,prizepicks,2026-09-24T19:58:26Z,New York Giants,Tennessee Titans,Tony Pollard,,,RB,player_rush_yds,Full Game,46.5,Over,-137,prizepicks|Tony Pollard|player_rush_yds|46.5,0.57805907,0.5,https://api.the-odds-api.com/v4/sports/americanfootball_nfl
2026,3,555afd4a27aaa392662881cffa8f2eef,2026-09-27T17:00:00Z,PrizePicks,prizepicks,2026-09-24T19:58:26Z,New York Giants,Tennessee Titans,Tony Pollard,,,RB,player_rush_yds,Full Game,46.5,Under,-137,prizepicks|Tony Pollard|player_rush_yds|46.5,0.57805907,0.5,https://api.the-odds-api.com/v4/sports/americanfootball_nfl
2026,3,555afd4a27aaa392662881cffa8f2eef,2026-09-27T17:00:00Z,PrizePicks,prizepicks,2026-09-24T19:58:26Z,New York Giants,Tennessee Titans,Tyjae Spears,,,RB,player_rush_yds,Full Game,21.5,Over,-137,prizepicks|Tyjae Spears|player_rush_yds|21.5,0.57805907,0.5,https://api.the-odds-api.com/v4/sports/americanfootball_nfl
2026,3,555afd4a27aaa392662881cffa8f2eef,2026-09-27T17:00:00Z,PrizePicks,prizepicks,2026-09-24T19:58:26Z,New York Giants,Tennessee Titans,Tyjae Spears,,,RB,player_rush_yds,Full Game,21.5,Under,-137,prizepicks|Tyjae Spears|player_rush_yds|21.5,0.57805907,0.5,https://api.the-odds-api.com/v4/sports/americanfootball_nfl
2026,3,555afd4a27aaa392662881cffa8f2eef,2026-09-27T17:00:00Z,PrizePicks,prizepicks,2026-09-24T19:58:26Z,New York Giants,Tennessee Titans,Cam Ward,,,RB,player_rush_yds,Full Game,11.5,Over,-137,prizepicks|Cam Ward|player_rush_yds|11.5,0.57805907,0.5,https://api.the-odds-api.com/v4/sports/americanfootball_nfl
2026,3,555afd4a27aaa392662881cffa8f2eef,2026-09-27T17:00:00Z,PrizePicks,prizepicks,2026-09-24T19:58:26Z,New York Giants,Tennessee Titans,Cam Ward,,,RB,player_rush_yds,Full Game,11.5,Under,-137,prizepicks|Cam Ward|player_rush_yds|11.5,0.57805907,0.5,https://api.the-odds-api.com/v4/sports/americanfootball_nfl
2026,3,555afd4a27aaa392662881cffa8f2eef,2026-09-27T17:00:00Z,PrizePicks,prizepicks,2026-09-24T19:58:26Z,New York Giants,Tennessee Titans,Jameis Winston,,,RB,player_rush_yds,Full Game,6.5,Over,-137,prizepicks|Jameis Winston|player_rush_yds|6.5,0.57805907,0.5,https://api.the-odds-api.com/v4/sports/americanfootball_nfl
2026,3,555afd4a27aaa392662881cffa8f2eef,2026-09-27T17:00:00Z,PrizePicks,prizepicks,2026-09-24T19:58:26Z,New York Giants,Tennessee Titans,Jameis Winston,,,RB,player_rush_yds,Full Game,6.5,Under,-137,prizepicks|Jameis Winston|player_rush_yds|6.5,0.57805907,0.5,https://api.the-odds-api.com/v4/sports/americanfootball_nfl
2026,3,2a529c108305ffa049d8b6cfdbaa4d36,2026-09-27T17:00:00Z,DraftKings,draftkings,2026-09-24T19:58:20Z,Washington Commanders,Seattle Seahawks,Jaxon Smith-Njigba,,,WR,player_reception_yds,Full Game,92.5,Over,-113,draftkings|Jaxon Smith-Njigba|player_reception_yds|92.5,0.53051643,0.50210588,https://api.the-odds-api.com/v4/sports/americanfootball_nfl
2026,3,2a529c108305ffa049d8b6cfdbaa4d36,2026-09-27T17:00:00Z,DraftKings,draftkings,2026-09-24T19:58:20Z,Washington Commanders,Seattle Seahawks,Jaxon Smith-Njigba,,,WR,player_reception_yds,Full Game,92.5,Under,-111,draftkings|Jaxon Smith-Njigba|player_reception_yds|92.5,0.52606635,0.49789412,https://api.the-odds-api.com/v4/sports/americanfootball_nfl
2026,3,2a529c108305ffa049d8b6cfdbaa4d36,2026-09-27T17:00:00Z,DraftKings,draftkings,2026-09-24T19:58:20Z,Washington Commanders,Seattle Seahawks,Terry McLaurin,,,WR,player_reception_yds,Full Game,41.5,Over,-114,draftkings|Terry McLaurin|player_reception_yds|41.5,0.53271028,0.5042123,https://api.the-odds-api.com/v4/sports/americanfootball_nfl
2026,3,2a529c108305ffa049d8b6cfdbaa4d36,2026-09-27T17:00:00Z,DraftKings,draftkings,2026-09-24T19:58:20Z,Washington Commanders,Seattle Seahawks,Terry McLaurin,,,WR,player_reception_yds,Full Game,41.5,Under,-110,draftkings|Terry McLaurin|player_reception_yds|41.5,0.52380952,0.4957877,https://api.the-odds-api.com/v4/sports/americanfootball_nfl
2026,3,2a529c108305ffa049d8b6cfdbaa4d36,2026-09-27T17:00:00Z,DraftKings,draftkings,2026-09-24T19:58:20Z,Washington Commanders,Seattle Seahawks,Stefon Diggs,,,WR,player_reception_yds,Full Game,37.5,Over,-114,draftkings|Stefon Diggs|player_reception_yds|37.5,0.53271028,0.5042123,https://api.the-odds-api.com/v4/sports/americanfootball_nfl
2026,3,2a529c108305ffa049d8b6cfdbaa4d36,2026-09-27T17:00:00Z,DraftKings,draftkings,2026-09-24T19:58:20Z,Washington Commanders,Seattle Seahawks,Stefon Diggs,,,WR,player_reception_yds,Full Game,37.5,Under,-110,draftkings|Stefon Diggs|player_reception_yds|37.5,0.52380952,0.4957877,https://api.the-odds-api.com/v4/sports/americanfootball_nfl
2026,3,2a529c108305ffa049d8b6cfdbaa4d36,2026-09-27T17:00:00Z,DraftKings,draftkings,2026-09-24T19:58:20Z,Washington Commanders,Seattle Seahawks,Rashid Shaheed,,,WR,player_reception_yds,Full Game,25.5,Over,-115,draftkings|Rashid Shaheed|player_reception_yds|25.5,0.53488372,0.50631978,https://api.the-odds-api.com/v4/sports/americanfootball_nfl
2026,3,2a529c108305ffa049d8b6cfdbaa4d36,2026-09-27T17:00:00Z,DraftKings,draftkings,2026-09-24T19:58:20Z,Washington Commanders,Seattle Seahawks,Rashid Shaheed,,,WR,player_reception_yds,Full Game,25.5,Under,-109,draftkings|Rashid Shaheed|player_reception_yds|25.5,0.5215311,0.49368022,https://api.the-odds-api.com/v4/sports/americanfootball_nfl
2026,3,2a529c108305ffa049d8b6cfdbaa4d36,2026-09-27T17:00:00Z,DraftKings,draftkings,2026-09-24T19:58:20Z,Washington Commanders,Seattle Seahawks,AJ Barner,,,WR,player_reception_yds,Full Game,21.5,Over,-109,draftkings|AJ Barner|player_reception_yds|21.5,0.5215311,0.49368022,https://api.the-odds-api.com/v4/sports/americanfootball_nfl
2026,3,2a529c108305ffa049d8b6cfdbaa4d36,2026-09-27T17:00:00Z,DraftKings,draftkings,2026-09-24T19:58:20Z,Washington Commanders,Seattle Seahawks,AJ Barner,,,WR,player_reception_yds,Full Game,21.5,Under,-115,draftkings|AJ Barner|player_reception_yds|21.5,0.53488372,0.50631978,https://api.the-odds-api.com/v4/sports/americanfootball_nfl
2026,3,2a529c108305ffa049d8b6cfdbaa4d36,2026-09-27T17:00:00Z,DraftKings,draftkings,2026-09-24T19:58:20Z,Washington Commanders,Seattle Seahawks,Cooper Kupp,,,WR,player_reception_yds,Full Game,20.5,Over,-115,draftkings|Cooper Kupp|player_reception_yds|20.5,0.53488372,0.50631978,https://api.the-odds-api.com/v4/sports/americanfootball_nfl
2026,3,2a529c108305ffa049d8b6cfdbaa4d36,2026-09-27T17:00:00Z,DraftKings,draftkings,2026-09-24T19:58:20Z,Washington Commanders,Seattle Seahawks,Cooper Kupp,,,WR,player_reception_yds,Full Game,20.5,Under,-109,draftkings|Cooper Kupp|player_reception_yds|20.5,0.5215311,0.49368022,https://api.the-odds-api.com/v4/sports/americanfootball_nfl
2026,3,2a529c108305ffa049d8b6cfdbaa4d36,2026-09-27T17:00:00Z,DraftKings,draftkings,2026-09-24T19:58:20Z,Washington Commanders,Seattle Seahawks,Jacory Croskey-Merritt,,,RB,player_rush_yds,Full Game,39.5,Over,-109,draftkings|Jacory Croskey-Merritt|player_rush_yds|39.5,0.5215311,0.49368022,https://api.the-odds-api.com/v4/sports/americanfootball_nfl
2026,3,2a529c108305ffa049d8b6cfdbaa4d36,2026-09-27T17:00:00Z,DraftKings,draftkings,2026-09-24T19:58:20Z,Washington Commanders,Seattle Seahawks,Jacory Croskey-Merritt,,,RB,player_rush_yds,Full Game,39.5,Under,-115,draftkings|Jacory Croskey-Merritt|player_rush_yds|39.5,0.53488372,0.50631978,https://api.the-odds-api.com/v4/sports/americanfootball_nfl
2026,3,2a529c108305ffa049d8b6cfdbaa4d36,2026-09-27T17:00:00Z,FanDuel,fanduel,2026-09-24T19:59:00Z,Washington Commanders,Seattle Seahawks,Terry McLaurin,,,WR,player_reception_yds,Full Game,42.5,Over,-114,fanduel|Terry McLaurin|player_reception_yds|42.5,0.53271028,0.5,https://api.the-odds-api.com/v4/sports/americanfootball_nfl
2026,3,2a529c108305ffa049d8b6cfdbaa4d36,2026-09-27T17:00:00Z,FanDuel,fanduel,2026-09-24T19:59:00Z,Washington Commanders,Seattle Seahawks,Terry McLaurin,,,WR,player_reception_yds,Full Game,42.5,Under,-114,fanduel|Terry McLaurin|player_reception_yds|42.5,0.53271028,0.5,https://api.the-odds-api.com/v4/sports/americanfootball_nfl
2026,3,2a529c108305ffa049d8b6cfdbaa4d36,2026-09-27T17:00:00Z,FanDuel,fanduel,2026-09-24T19:59:00Z,Washington Commanders,Seattle Seahawks,AJ Barner,,,WR,player_reception_yds,Full Game,21.5,Over,-114,fanduel|AJ Barner|player_reception_yds|21.5,0.53271028,0.5,https://api.the-odds-api.com/v4/sports/americanfootball_nfl
2026,3,2a529c108305ffa049d8b6cfdbaa4d36,2026-09-27T17:00:00Z,FanDuel,fanduel,2026-09-24T19:59:00Z,Washington Commanders,Seattle Seahawks,AJ Barner,,,WR,player_reception_yds,Full Game,21.5,Under,-114,fanduel|AJ Barner|player_reception_yds|21.5,0.53271028,0.5,https://api.the-odds-api.com/v4/sports/americanfootball_nfl
2026,3,2a529c108305ffa049d8b6cfdbaa4d36,2026-09-27T17:00:00Z,FanDuel,fanduel,2026-09-24T19:59:00Z,Washington Commanders,Seattle Seahawks,Jaxon Smith-Njigba,,,WR,player_reception_yds,Full Game,90.5,Over,-114,fanduel|Jaxon Smith-Njigba|player_reception_yds|90.5,0.53271028,0.5,https://api.the-odds-api.com/v4/sports/americanfootball_nfl
2026,3,2a529c108305ffa049d8b6cfdbaa4d36,2026-09-27T17:00:00Z,FanDuel,fanduel,2026-09-24T19:59:00Z,Washington Commanders,Seattle Seahawks,Jaxon Smith-Njigba,,,WR,player_reception_yds,Full Game,90.5,Under,-114,fanduel|Jaxon Smith-Njigba|player_reception_yds|90.5,0.53271028,0.5,https://api.the-odds-api.com/v4/sports/americanfootball_nfl
2026,3,2a529c108305ffa049d8b6cfdbaa4d36,2026-09-27T17:00:00Z,FanDuel,fanduel,2026-09-24T19:59:00Z,Washington Commanders,Seattle Seahawks,Stefon Diggs,,,WR,player_reception_yds,Full Game,34.5,Over,-114,fanduel|Stefon Diggs|player_reception_yds|34.5,0.53271028,0.5,https://api.the-odds-api.com/v4/sports/americanfootball_nfl
2026,3,2a529c108305ffa049d8b6cfdbaa4d36,2026-09-27T17:00:00Z,FanDuel,fanduel,2026-09-24T19:59:00Z,Washington Commanders,Seattle Seahawks,Stefon Diggs,,,WR,player_reception_yds,Full Game,34.5,Under,-114,fanduel|Stefon Diggs|player_reception_yds|34.5,0.53271028,0.5,https://api.the-odds-api.com/v4/sports/americanfootball_nfl
2026,3,2a529c108305ffa049d8b6cfdbaa4d36,2026-09-27T17:00:00Z,FanDuel,fanduel,2026-09-24T19:59:00Z,Washington Commanders,Seattle Seahawks,Rashid Shaheed,,,WR,player_reception_yds,Full Game,26.5,Over,-114,fanduel|Rashid Shaheed|player_reception_yds|26.5,0.53271028,0.5,https://api.the-odds-api.com/v4/sports/americanfootball_nfl
2026,3,2a529c108305ffa049d8b6cfdbaa4d36,2026-09-27T17:00:00Z,FanDuel,fanduel,2026-09-24T19:59:00Z,Washington Commanders,Seattle Seahawks,Rashid Shaheed,,,WR,player_reception_yds,Full Game,26.5,Under,-114,fanduel|Rashid Shaheed|player_reception_yds|26.5,0.53271028,0.5,https://api.the-odds-api.com/v4/sports/americanfootball_nfl
2026,3,2a529c108305ffa049d8b6cfdbaa4d36,2026-09-27T17:00:00Z,FanDuel,fanduel,2026-09-24T19:59:00Z,Washington Commanders,Seattle Seahawks,Cooper Kupp,,,WR,player_reception_yds,Full Game,21.5,Over,-114,fanduel|Cooper Kupp|player_reception_yds|21.5,0.53271028,0.5,https://api.the-odds-api.com/v4/sports/americanfootball_nfl
2026,3,2a529c108305ffa049d8b6cfdbaa4d36,2026-09-27T17:00:00Z,FanDuel,fanduel,2026-09-24T19:59:00Z,Washington Commanders,Seattle Seahawks,Cooper Kupp,,,WR,player_reception_yds,Full Game,21.5,Under,-114,fanduel|Cooper Kupp|player_reception_yds|21.5,0.53271028,0.5,https://api.the-odds-api.com/v4/sports/americanfootball_nfl
2026,3,2a529c108305ffa049d8b6cfdbaa4d36,2026-09-27T17:00:00Z,FanDuel,fanduel,2026-09-24T19:59:00Z,Washington Commanders,Seattle Seahawks,Jacory Croskey-Merritt,,,RB,player_rush_yds,Full Game,39.5,Over,-114,fanduel|Jacory Croskey-Merritt|player_rush_yds|39.5,0.53271028,0.5,https://api.the-odds-api.com/v4/sports/americanfootball_nfl
2026,3,2a529c108305ffa049d8b6cfdbaa4d36,2026-09-27T17:00:00Z,FanDuel,fanduel,2026-09-24T19:59:00Z,Washington Commanders,Seattle Seahawks,Jacory Croskey-Merritt,,,RB,player_rush_yds,Full Game,39.5,Under,-114,fanduel|Jacory Croskey-Merritt|player_rush_yds|39.5,0.53271028,0.5,https://api.the-odds-api.com/v4/sports/americanfootball_nfl
2026,3,2a529c108305ffa049d8b6cfdbaa4d36,2026-09-27T17:00:00Z,BetRivers,betrivers,2026-09-24T19:59:15Z,Washington Commanders,Seattle Seahawks,AJ Barner,,,WR,player_reception_yds,Full Game,21.5,Over,-117,betrivers|AJ Barner|player_reception_yds|21.5,0.53917051,0.5030135,https://api.the-odds-api.com/v4/sports/americanfootball_nfl
2026,3,2a529c108305ffa049d8b6cfdbaa4d36,2026-09-27T17:00:00Z,BetRivers,betrivers,2026-09-24T19:59:15Z,Washington Commanders,Seattle Seahawks,AJ Barner,,,WR,player_reception_yds,Full Game,21.5,Under,-114,betrivers|AJ Barner|player_reception_yds|21.5,0.53271028,0.4969865,https://api.the-odds-api.com/v4/sports/americanfootball_nfl
2026,3,2a529c108305ffa049d8b6cfdbaa4d36,2026-09-27T17:00:00Z,BetRivers,betrivers,2026-09-24T19:59:15Z,Washington Commanders,Seattle Seahawks,Terry McLaurin,,,WR,player_reception_yds,Full Game,41.5,Over,-117,betrivers|Terry McLaurin|player_reception_yds|41.5,0.53917051,0.5030135,https://api.the-odds-api.com/v4/sports/americanfootball_nfl
2026,3,2a529c108305ffa049d8b6cfdbaa4d36,2026-09-27T17:00:00Z,BetRivers,betrivers,2026-09-24T19:59:15Z,Washington Commanders,Seattle Seahawks,Terry McLaurin,,,WR,player_reception_yds,Full Game,41.5,Under,-114,betrivers|Terry McLaurin|player_reception_yds|41.5,0.53271028,0.4969865,https://api.the-odds-api.com/v4/sports/americanfootball_nfl
2026,3,2a529c108305ffa049d8b6cfdbaa4d36,2026-09-27T17:00:00Z,BetRivers,betrivers,2026-09-24T19:59:15Z,Washington Commanders,Seattle Seahawks,Cooper Kupp,,,WR,player_reception_yds,Full Game,21.5,Over,-114,betrivers|Cooper Kupp|player_reception_yds|21.5,0.53271028,0.4969865,https://api.the-odds-api.com/v4/sports/americanfootball_nfl
2026,3,2a529c108305ffa049d8b6cfdbaa4d36,2026-09-27T17:00:00Z,BetRivers,betrivers,2026-09-24T19:59:15Z,Washington Commanders,Seattle Seahawks,Cooper Kupp,,,WR,player_reception_yds,Full Game,21.5,Under,-117,betrivers|Cooper Kupp|player_reception_yds|21.5,0.53917051,0.5030135,https://api.the-odds-api.com/v4/sports/americanfootball_nfl
2026,3,2a529c108305ffa049d8b6cfdbaa4d36,2026-09-27T17:00:00Z,BetRivers,betrivers,2026-09-24T19:59:15Z,Washington Commanders,Seattle Seahawks,Jaxon Smith-Njigba,,,WR,player_reception_yds,Full Game,90.5,Over,-115,betrivers|Jaxon Smith-Njigba|player_reception_yds|90.5,0.53488372,0.5,https://api.the-odds-api.com/v4/sports/americanfootball_nfl
2026,3,2a529c108305ffa049d8b6cfdbaa4d36,2026-09-27T17:00:00Z,BetRivers,betrivers,2026-09-24T19:59:15Z,Washington Commanders,Seattle Seahawks,Jaxon Smith-Njigba,,,WR,player_reception_yds,Full Game,90.5,Under,-115,betrivers|Jaxon Smith-Njigba|player_reception_yds|90.5,0.53488372,0.5,https://api.the-odds-api.com/v4/sports/americanfootball_nfl
2026,3,2a529c108305ffa049d8b6cfdbaa4d36,2026-09-27T17:00:00Z,BetRivers,betrivers,2026-09-24T19:59:15Z,Washington Commanders,Seattle Seahawks,Rashid Shaheed,,,WR,player_reception_yds,Full Game,26.5,Over,-114,betrivers|Rashid Shaheed|player_reception_yds|26.5,0.53271028,0.49898208,https://api.the-odds-api.com/v4/sports/americanfootball_nfl
2026,3,2a529c108305ffa049d8b6cfdbaa4d36,2026-09-27T17:00:00Z,BetRivers,betrivers,2026-09-24T19:59:15Z,Washington Commanders,Seattle Seahawks,Rashid Shaheed,,,WR,player_reception_yds,Full Game,26.5,Under,-115,betrivers|Rashid Shaheed|player_reception_yds|26.5,0.53488372,0.50101792,https://api.the-odds-api.com/v4/sports/americanfootball_nfl
2026,3,2a529c108305ffa049d8b6cfdbaa4d36,2026-09-27T17:00:00Z,BetRivers,betrivers,2026-09-24T19:59:15Z,Washington Commanders,Seattle Seahawks,Stefon Diggs,,,WR,player_reception_yds,Full Game,34.5,Over,-114,betrivers|Stefon Diggs|player_reception_yds|34.5,0.53271028,0.4969865,https://api.the-odds-api.com/v4/sports/americanfootball_nfl
2026,3,2a529c108305ffa049d8b6cfdbaa4d36,2026-09-27T17:00:00Z,BetRivers,betrivers,2026-09-24T19:59:15Z,Washington Commanders,Seattle Seahawks,Stefon Diggs,,,WR,player_reception_yds,Full Game,34.5,Under,-117,betrivers|Stefon Diggs|player_reception_yds|34.5,0.53917051,0.5030135,https://api.the-odds-api.com/v4/sports/americanfootball_nfl
2026,3,2a529c108305ffa049d8b6cfdbaa4d36,2026-09-27T17:00:00Z,BetRivers,betrivers,2026-09-24T19:59:15Z,Washington Commanders,Seattle Seahawks,Jacory Croskey-Merritt,,,RB,player_rush_yds,Full Game,39.5,Over,-117,betrivers|Jacory Croskey-Merritt|player_rush_yds|39.5,0.53917051,0.5030135,https://api.the-odds-api.com/v4/sports/americanfootball_nfl
2026,3,2a529c108305ffa049d8b6cfdbaa4d36,2026-09-27T17:00:00Z,BetRivers,betrivers,2026-09-24T19:59:15Z,Washington Commanders,Seattle Seahawks,Jacory Croskey-Merritt,,,RB,player_rush_yds,Full Game,39.5,Under,-114,betrivers|Jacory Croskey-Merritt|player_rush_yds|39.5,0.53271028,0.4969865,https://api.the-odds-api.com/v4/sports/americanfootball_nfl
2026,3,2a529c108305ffa049d8b6cfdbaa4d36,2026-09-27T17:00:00Z,BetOnline.ag,betonlineag,2026-09-24T19:59:16Z,Washington Commanders,Seattle Seahawks,Jaxon Smith-Njigba,,,WR,player_reception_yds,Full Game,90.5,Over,-111,betonlineag|Jaxon Smith-Njigba|player_reception_yds|90.5,0.52606635,0.49484025,https://api.the-odds-api.com/v4/sports/americanfootball_nfl
2026,3,2a529c108305ffa049d8b6cfdbaa4d36,2026-09-27T17:00:00Z,BetOnline.ag,betonlineag,2026-09-24T19:59:16Z,Washington Commanders,Seattle Seahawks,Jaxon Smith-Njigba,,,WR,player_reception_yds,Full Game,90.5,Under,-116,betonlineag|Jaxon Smith-Njigba|player_reception_yds|90.5,0.53703704,0.50515975,https://api.the-odds-api.com/v4/sports/americanfootball_nfl
2026,3,2a529c108305ffa049d8b6cfdbaa4d36,2026-09-27T17:00:00Z,BetOnline.ag,betonlineag,2026-09-24T19:59:16Z,Washington Commanders,Seattle Seahawks,Rashid Shaheed,,,WR,player_reception_yds,Full Game,26.5,Over,-114,betonlineag|Rashid Shaheed|player_reception_yds|26.5,0.53271028,0.5,https://api.the-odds-api.com/v4/sports/americanfootball_nfl
2026,3,2a529c108305ffa049d8b6cfdbaa4d36,2026-09-27T17:00:00Z,BetOnline.ag,betonlineag,2026-09-24T19:59:16Z,Washington Commanders,Seattle Seahawks,Rashid Shaheed,,,WR,player_reception_yds,Full Game,26.5,Under,-114,betonlineag|Rashid Shaheed|player_reception_yds|26.5,0.53271028,0.5,https://api.the-odds-api.com/v4/sports/americanfootball_nfl
2026,3,2a529c108305ffa049d8b6cfdbaa4d36,2026-09-27T17:00:00Z,BetOnline.ag,betonlineag,2026-09-24T19:59:16Z,Washington Commanders,Seattle Seahawks,Cooper Kupp,,,WR,player_reception_yds,Full Game,21.5,Over,-114,betonlineag|Cooper Kupp|player_reception_yds|21.5,0.53271028,0.5,https://api.the-odds-api.com/v4/sports/americanfootball_nfl
2026,3,2a529c108305ffa049d8b6cfdbaa4d36,2026-09-27T17:00:00Z,BetOnline.ag,betonlineag,2026-09-24T19:59:16Z,Washington Commanders,Seattle Seahawks,Cooper Kupp,,,WR,player_reception_yds,Full Game,21.5,Under,-114,betonlineag|Cooper Kupp|player_reception_yds|21.5,0.53271028,0.5,https://api.the-odds-api.com/v4/sports/americanfootball_nfl
2026,3,2a529c108305ffa049d8b6cfdbaa4d36,2026-09-27T17:00:00Z,BetOnline.ag,betonlineag,2026-09-24T19:59:16Z,Washington Commanders,Seattle Seahawks,AJ Barner,,,WR,player_reception_yds,Full Game,21.5,Over,-114,betonlineag|AJ Barner|player_reception_yds|21.5,0.53271028,0.5,https://api.the-odds-api.com/v4/sports/americanfootball_nfl
2026,3,2a529c108305ffa049d8b6cfdbaa4d36,2026-09-27T17:00:00Z,BetOnline.ag,betonlineag,2026-09-24T19:59:16Z,Washington Commanders,Seattle Seahawks,AJ Barner,,,WR,player_reception_yds,Full Game,21.5,Under,-114,betonlineag|AJ Barner|player_reception_yds|21.5,0.53271028,0.5,https://api.the-odds-api.com/v4/sports/americanfootball_nfl
2026,3,2a529c108305ffa049d8b6cfdbaa4d36,2026-09-27T17:00:00Z,BetOnline.ag,betonlineag,2026-09-24T19:59:16Z,Washington Commanders,Seattle Seahawks,Stefon Diggs,,,WR,player_reception_yds,Full Game,37.5,Over,-115,betonlineag|Stefon Diggs|player_reception_yds|37.5,0.53488372,0.50309533,https://api.the-odds-api.com/v4/sports/americanfootball_nfl
2026,3,2a529c108305ffa049d8b6cfdbaa4d36,2026-09-27T17:00:00Z,BetOnline.ag,betonlineag,2026-09-24T19:59:16Z,Washington Commanders,Seattle Seahawks,Stefon Diggs,,,WR,player_reception_yds,Full Game,37.5,Under,-112,betonlineag|Stefon Diggs|player_reception_yds|37.5,0.52830189,0.49690467,https://api.the-odds-api.com/v4/sports/americanfootball_nfl
2026,3,2a529c108305ffa049d8b6cfdbaa4d36,2026-09-27T17:00:00Z,BetOnline.ag,betonlineag,2026-09-24T19:59:16Z,Washington Commanders,Seattle Seahawks,Terry McLaurin,,,WR,player_reception_yds,Full Game,42.5,Over,-115,betonlineag|Terry McLaurin|player_reception_yds|42.5,0.53488372,0.50309533,https://api.the-odds-api.com/v4/sports/americanfootball_nfl
2026,3,2a529c108305ffa049d8b6cfdbaa4d36,2026-09-27T17:00:00Z,BetOnline.ag,betonlineag,2026-09-24T19:59:16Z,Washington Commanders,Seattle Seahawks,Terry McLaurin,,,WR,player_reception_yds,Full Game,42.5,Under,-112,betonlineag|Terry McLaurin|player_reception_yds|42.5,0.52830189,0.49690467,https://api.the-odds-api.com/v4/sports/americanfootball_nfl
2026,3,2a529c108305ffa049d8b6cfdbaa4d36,2026-09-27T17:00:00Z,BetOnline.ag,betonlineag,2026-09-24T19:59:16Z,Washington Commanders,Seattle Seahawks,Jacory Croskey-Merritt,,,RB,player_rush_yds,Full Game,39.5,Over,-112,betonlineag|Jacory Croskey-Merritt|player_rush_yds|39.5,0.52830189,0.49690467,https://api.the-odds-api.com/v4/sports/americanfootball_nfl
2026,3,2a529c108305ffa049d8b6cfdbaa4d36,2026-09-27T17:00:00Z,BetOnline.ag,betonlineag,2026-09-24T19:59:16Z,Washington Commanders,Seattle Seahawks,Jacory Croskey-Merritt,,,RB,player_rush_yds,Full Game,39.5,Under,-115,betonlineag|Jacory Croskey-Merritt|player_rush_yds|39.5,0.53488372,0.50309533,https://api.the-odds-api.com/v4/sports/americanfootball_nfl
2026,3,2a529c108305ffa049d8b6cfdbaa4d36,2026-09-27T17:00:00Z,Bovada,bovada,2026-09-24T19:58:24Z,Washington Commanders,Seattle Seahawks,AJ Barner,,,WR,player_reception_yds,Full Game,21.5,Over,-110,bovada|AJ Barner|player_reception_yds|21.5,0.52380952,0.48987854,https://api.the-odds-api.com/v4/sports/americanfootball_nfl
2026,3,2a529c108305ffa049d8b6cfdbaa4d36,2026-09-27T17:00:00Z,Bovada,bovada,2026-09-24T19:58:24Z,Washington Commanders,Seattle Seahawks,AJ Barner,,,WR,player_reception_yds,Full Game,21.5,Under,-120,bovada|AJ Barner|player_reception_yds|21.5,0.54545455,0.51012146,https://api.the-odds-api.com/v4/sports/americanfootball_nfl
2026,3,2a529c108305ffa049d8b6cfdbaa4d36,2026-09-27T17:00:00Z,Bovada,bovada,2026-09-24T19:58:24Z,Washington Commanders,Seattle Seahawks,Cooper Kupp,,,WR,player_reception_yds,Full Game,20.5,Over,-120,bovada|Cooper Kupp|player_reception_yds|20.5,0.54545455,0.51012146,https://api.the-odds-api.com/v4/sports/americanfootball_nfl
2026,3,2a529c108305ffa049d8b6cfdbaa4d36,2026-09-27T17:00:00Z,Bovada,bovada,2026-09-24T19:58:24Z,Washington Commanders,Seattle Seahawks,Cooper Kupp,,,WR,player_reception_yds,Full Game,20.5,Under,-110,bovada|Cooper Kupp|player_reception_yds|20.5,0.52380952,0.48987854,https://api.the-odds-api.com/v4/sports/americanfootball_nfl
2026,3,2a529c108305ffa049d8b6cfdbaa4d36,2026-09-27T17:00:00Z,Bovada,bovada,2026-09-24T19:58:24Z,Washington Commanders,Seattle Seahawks,Jaxon Smith-Njigba,,,WR,player_reception_yds,Full Game,92.5,Over,-115,bovada|Jaxon Smith-Njigba|player_reception_yds|92.5,0.53488372,0.5,https://api.the-odds-api.com/v4/sports/americanfootball_nfl
2026,3,2a529c108305ffa049d8b6cfdbaa4d36,2026-09-27T17:00:00Z,Bovada,bovada,2026-09-24T19:58:24Z,Washington Commanders,Seattle Seahawks,Jaxon Smith-Njigba,,,WR,player_reception_yds,Full Game,92.5,Under,-115,bovada|Jaxon Smith-Njigba|player_reception_yds|92.5,0.53488372,0.5,https://api.the-odds-api.com/v4/sports/americanfootball_nfl
2026,3,2a529c108305ffa049d8b6cfdbaa4d36,2026-09-27T17:00:00Z,Bovada,bovada,2026-09-24T19:58:24Z,Washington Commanders,Seattle Seahawks,Rashid Shaheed,,,WR,player_reception_yds,Full Game,25.5,Over,-120,bovada|Rashid Shaheed|player_reception_yds|25.5,0.54545455,0.51012146,https://api.the-odds-api.com/v4/sports/americanfootball_nfl
2026,3,2a529c108305ffa049d8b6cfdbaa4d36,2026-09-27T17:00:00Z,Bovada,bovada,2026-09-24T19:58:24Z,Washington Commanders,Seattle Seahawks,Rashid Shaheed,,,WR,player_reception_yds,Full Game,25.5,Under,-110,bovada|Rashid Shaheed|player_reception_yds|25.5,0.52380952,0.48987854,https://api.the-odds-api.com/v4/sports/americanfootball_nfl
2026,3,2a529c108305ffa049d8b6cfdbaa4d36,2026-09-27T17:00:00Z,Bovada,bovada,2026-09-24T19:58:24Z,Washington Commanders,Seattle Seahawks,Stefon Diggs,,,WR,player_reception_yds,Full Game,37.5,Over,-115,bovada|Stefon Diggs|player_reception_yds|37.5,0.53488372,0.5,https://api.the-odds-api.com/v4/sports/americanfootball_nfl
2026,3,2a529c108305ffa049d8b6cfdbaa4d36,2026-09-27T17:00:00Z,Bovada,bovada,2026-09-24T19:58:24Z,Washington Commanders,Seattle Seahawks,Stefon Diggs,,,WR,player_reception_yds,Full Game,37.5,Under,-115,bovada|Stefon Diggs|player_reception_yds|37.5,0.53488372,0.5,https://api.the-odds-api.com/v4/sports/americanfootball_nfl
2026,3,2a529c108305ffa049d8b6cfdbaa4d36,2026-09-27T17:00:00Z,Bovada,bovada,2026-09-24T19:58:24Z,Washington Commanders,Seattle Seahawks,Terry McLaurin,,,WR,player_reception_yds,Full Game,41.5,Over,-115,bovada|Terry McLaurin|player_reception_yds|41.5,0.53488372,0.5,https://api.the-odds-api.com/v4/sports/americanfootball_nfl
2026,3,2a529c108305ffa049d8b6cfdbaa4d36,2026-09-27T17:00:00Z,Bovada,bovada,2026-09-24T19:58:24Z,Washington Commanders,Seattle Seahawks,Terry McLaurin,,,WR,player_reception_yds,Full Game,41.5,Under,-115,bovada|Terry McLaurin|player_reception_yds|41.5,0.53488372,0.5,https://api.the-odds-api.com/v4/sports/americanfootball_nfl
2026,3,2a529c108305ffa049d8b6cfdbaa4d36,2026-09-27T17:00:00Z,Underdog,underdog,2026-09-24T19:58:55Z,Washington Commanders,Seattle Seahawks,Terry McLaurin,,,WR,player_reception_yds,Full Game,42.5,Over,-137,underdog|Terry McLaurin|player_reception_yds|42.5,0.57805907,0.5,https://api.the-odds-api.com/v4/sports/americanfootball_nfl
2026,3,2a529c108305ffa049d8b6cfdbaa4d36,2026-09-27T17:00:00Z,Underdog,underdog,2026-09-24T19:58:55Z,Washington Commanders,Seattle Seahawks,Terry McLaurin,,,WR,player_reception_yds,Full Game,42.5,Under,-137,underdog|Terry McLaurin|player_reception_yds|42.5,0.57805907,0.5,https://api.the-odds-api.com/v4/sports/americanfootball_nfl
2026,3,2a529c108305ffa049d8b6cfdbaa4d36,2026-09-27T17:00:00Z,Underdog,underdog,2026-09-24T19:58:55Z,Washington Commanders,Seattle Seahawks,Jaxon Smith-Njigba,,,WR,player_reception_yds,Full Game,90.5,Over,-137,underdog|Jaxon Smith-Njigba|player_reception_yds|90.5,0.57805907,0.5,https://api.the-odds-api.com/v4/sports/americanfootball_nfl
2026,3,2a529c108305ffa049d8b6cfdbaa4d36,2026-09-27T17:00:00Z,Underdog,underdog,2026-09-24T19:58:55Z,Washington Commanders,Seattle Seahawks,Jaxon Smith-Njigba,,,WR,player_reception_yds,Full Game,90.5,Under,-137,underdog|Jaxon Smith-Njigba|player_reception_yds|90.5,0.57805907,0.5,https://api.the-odds-api.com/v4/sports/americanfootball_nfl
2026,3,2a529c108305ffa049d8b6cfdbaa4d36,2026-09-27T17:00:00Z,Underdog,underdog,2026-09-24T19:58:55Z,Washington Commanders,Seattle Seahawks,Stefon Diggs,,,WR,player_reception_yds,Full Game,34.5,Over,-137,underdog|Stefon Diggs|player_reception_yds|34.5,0.57805907,0.5,https://api.the-odds-api.com/v4/sports/americanfootball_nfl
2026,3,2a529c108305ffa049d8b6cfdbaa4d36,2026-09-27T17:00:00Z,Underdog,underdog,2026-09-24T19:58:55Z,Washington Commanders,Seattle Seahawks,Stefon Diggs,,,WR,player_reception_yds,Full Game,34.5,Under,-137,underdog|Stefon Diggs|player_reception_yds|34.5,0.57805907,0.5,https://api.the-odds-api.com/v4/sports/americanfootball_nfl
2026,3,2a529c108305ffa049d8b6cfdbaa4d36,2026-09-27T17:00:00Z,Underdog,underdog,2026-09-24T19:58:55Z,Washington Commanders,Seattle Seahawks,Rachaad White,,,WR,player_reception_yds,Full Game,14.5,Over,-137,underdog|Rachaad White|player_reception_yds|14.5,0.57805907,0.5,https://api.the-odds-api.com/v4/sports/americanfootball_nfl
2026,3,2a529c108305ffa049d8b6cfdbaa4d36,2026-09-27T17:00:00Z,Underdog,underdog,2026-09-24T19:58:55Z,Washington Commanders,Seattle Seahawks,Rachaad White,,,WR,player_reception_yds,Full Game,14.5,Under,-137,underdog|Rachaad White|player_reception_yds|14.5,0.57805907,0.5,https://api.the-odds-api.com/v4/sports/americanfootball_nfl
2026,3,2a529c108305ffa049d8b6cfdbaa4d36,2026-09-27T17:00:00Z,Underdog,underdog,2026-09-24T19:58:55Z,Washington Commanders,Seattle Seahawks,Cooper Kupp,,,WR,player_reception_yds,Full Game,21.5,Over,-137,underdog|Cooper Kupp|player_reception_yds|21.5,0.57805907,0.5,https://api.the-odds-api.com/v4/sports/americanfootball_nfl
2026,3,2a529c108305ffa049d8b6cfdbaa4d36,2026-09-27T17:00:00Z,Underdog,underdog,2026-09-24T19:58:55Z,Washington Commanders,Seattle Seahawks,Cooper Kupp,,,WR,player_reception_yds,Full Game,21.5,Under,-137,underdog|Cooper Kupp|player_reception_yds|21.5,0.57805907,0.5,https://api.the-odds-api.com/v4/sports/americanfootball_nfl
2026,3,2a529c108305ffa049d8b6cfdbaa4d36,2026-09-27T17:00:00Z,Underdog,underdog,2026-09-24T19:58:55Z,Washington Commanders,Seattle Seahawks,Rashid Shaheed,,,WR,player_reception_yds,Full Game,26.5,Over,-137,underdog|Rashid Shaheed|player_reception_yds|26.5,0.57805907,0.5,https://api.the-odds-api.com/v4/sports/americanfootball_nfl
2026,3,2a529c108305ffa049d8b6cfdbaa4d36,2026-09-27T17:00:00Z,Underdog,underdog,2026-09-24T19:58:55Z,Washington Commanders,Seattle Seahawks,Rashid Shaheed,,,WR,player_reception_yds,Full Game,26.5,Under,-137,underdog|Rashid Shaheed|player_reception_yds|26.5,0.57805907,0.5,https://api.the-odds-api.com/v4/sports/americanfootball_nfl
2026,3,2a529c108305ffa049d8b6cfdbaa4d36,2026-09-27T17:00:00Z,Underdog,underdog,2026-09-24T19:58:55Z,Washington Commanders,Seattle Seahawks,AJ Barner,,,WR,player_reception_yds,Full Game,21.5,Over,-137,underdog|AJ Barner|player_reception_yds|21.5,0.57805907,0.5,https://api.the-odds-api.com/v4/sports/americanfootball_nfl
2026,3,2a529c108305ffa049d8b6cfdbaa4d36,2026-09-27T17:00:00Z,Underdog,underdog,2026-09-24T19:58:55Z,Washington Commanders,Seattle Seahawks,AJ Barner,,,WR,player_reception_yds,Full Game,21.5,Under,-137,underdog|AJ Barner|player_reception_yds|21.5,0.57805907,0.5,https://api.the-odds-api.com/v4/sports/americanfootball_nfl
2026,3,2a529c108305ffa049d8b6cfdbaa4d36,2026-09-27T17:00:00Z,Underdog,underdog,2026-09-24T19:58:55Z,Washington Commanders,Seattle Seahawks,Dyami Brown,,,WR,player_reception_yds,Full Game,7.5,Over,-137,underdog|Dyami Brown|player_reception_yds|7.5,0.57805907,0.5,https://api.the-odds-api.com/v4/sports/americanfootball_nfl
2026,3,2a529c108305ffa049d8b6cfdbaa4d36,2026-09-27T17:00:00Z,Underdog,underdog,2026-09-24T19:58:55Z,Washington Commanders,Seattle Seahawks,Dyami Brown,,,WR,player_reception_yds,Full Game,7.5,Under,-137,underdog|Dyami Brown|player_reception_yds|7.5,0.57805907,0.5,https://api.the-odds-api.com/v4/sports/americanfootball_nfl
2026,3,2a529c108305ffa049d8b6cfdbaa4d36,2026-09-27T17:00:00Z,Underdog,underdog,2026-09-24T19:58:55Z,Washington Commanders,Seattle Seahawks,Jacory Croskey-Merritt,,,WR,player_reception_yds,Full Game,0.5,Over,-137,underdog|Jacory Croskey-Merritt|player_reception_yds|0.5,0.57805907,0.5,https://api.the-odds-api.com/v4/sports/americanfootball_nfl
2026,3,2a529c108305ffa049d8b6cfdbaa4d36,2026-09-27T17:00:00Z,Underdog,underdog,2026-09-24T19:58:55Z,Washington Commanders,Seattle Seahawks,Jacory Croskey-Merritt,,,WR,player_reception_yds,Full Game,0.5,Under,-137,underdog|Jacory Croskey-Merritt|player_reception_yds|0.5,0.57805907,0.5,https://api.the-odds-api.com/v4/sports/americanfootball_nfl
2026,3,2a529c108305ffa049d8b6cfdbaa4d36,2026-09-27T17:00:00Z,Underdog,underdog,2026-09-24T19:58:55Z,Washington Commanders,Seattle Seahawks,Elijah Arroyo,,,WR,player_reception_yds,Full Game,5.5,Over,-137,underdog|Elijah Arroyo|player_reception_yds|5.5,0.57805907,0.5,https://api.the-odds-api.com/v4/sports/americanfootball_nfl
2026,3,2a529c108305ffa049d8b6cfdbaa4d36,2026-09-27T17:00:00Z,Underdog,underdog,2026-09-24T19:58:55Z,Washington Commanders,Seattle Seahawks,Elijah Arroyo,,,WR,player_reception_yds,Full Game,5.5,Under,-137,underdog|Elijah Arroyo|player_reception_yds|5.5,0.57805907,0.5,https://api.the-odds-api.com/v4/sports/americanfootball_nfl
2026,3,2a529c108305ffa049d8b6cfdbaa4d36,2026-09-27T17:00:00Z,Underdog,underdog,2026-09-24T19:58:55Z,Washington Commanders,Seattle Seahawks,Antonio Williams,,,WR,player_reception_yds,Full Game,13.5,Over,-137,underdog|Antonio Williams|player_reception_yds|13.5,0.57805907,0.5,https://api.the-odds-api.com/v4/sports/americanfootball_nfl
2026,3,2a529c108305ffa049d8b6cfdbaa4d36,2026-09-27T17:00:00Z,Underdog,underdog,2026-09-24T19:58:55Z,Washington Commanders,Seattle Seahawks,Antonio Williams,,,WR,player_reception_yds,Full Game,13.5,Under,-137,underdog|Antonio Williams|player_reception_yds|13.5,0.57805907,0.5,https://api.the-odds-api.com/v4/sports/americanfootball_nfl
2026,3,2a529c108305ffa049d8b6cfdbaa4d36,2026-09-27T17:00:00Z,Underdog,underdog,2026-09-24T19:58:55Z,Washington Commanders,Seattle Seahawks,Rachaad White,,,RB,player_rush_yds,Full Game,19.5,Over,-137,underdog|Rachaad White|player_rush_yds|19.5,0.57805907,0.5,https://api.the-odds-api.com/v4/sports/americanfootball_nfl
2026,3,2a529c108305ffa049d8b6cfdbaa4d36,2026-09-27T17:00:00Z,Underdog,underdog,2026-09-24T19:58:55Z,Washington Commanders,Seattle Seahawks,Rachaad White,,,RB,player_rush_yds,Full Game,19.5,Under,-137,underdog|Rachaad White|player_rush_yds|19.5,0.57805907,0.5,https://api.the-odds-api.com/v4/sports/americanfootball_nfl
2026,3,2a529c108305ffa049d8b6cfdbaa4d36,2026-09-27T17:00:00Z,Underdog,underdog,2026-09-24T19:58:55Z,Washington Commanders,Seattle Seahawks,Jacory Croskey-Merritt,,,RB,player_rush_yds,Full Game,39.5,Over,-137,underdog|Jacory Croskey-Merritt|player_rush_yds|39.5,0.57805907,0.5,https://api.the-odds-api.com/v4/sports/americanfootball_nfl
2026,3,2a529c108305ffa049d8b6cfdbaa4d36,2026-09-27T17:00:00Z,Underdog,underdog,2026-09-24T19:58:55Z,Washington Commanders,Seattle Seahawks,Jacory Croskey-Merritt,,,RB,player_rush_yds,Full Game,39.5,Under,-137,underdog|Jacory Croskey-Merritt|player_rush_yds|39.5,0.57805907,0.5,https://api.the-odds-api.com/v4/sports/americanfootball_nfl
2026,3,2a529c108305ffa049d8b6cfdbaa4d36,2026-09-27T17:00:00Z,Underdog,underdog,2026-09-24T19:58:55Z,Washington Commanders,Seattle Seahawks,Sam Darnold,,,RB,player_rush_yds,Full Game,4.5,Over,-137,underdog|Sam Darnold|player_rush_yds|4.5,0.57805907,0.5,https://api.the-odds-api.com/v4/sports/americanfootball_nfl
2026,3,2a529c108305ffa049d8b6cfdbaa4d36,2026-09-27T17:00:00Z,Underdog,underdog,2026-09-24T19:58:55Z,Washington Commanders,Seattle Seahawks,Sam Darnold,,,RB,player_rush_yds,Full Game,4.5,Under,-137,underdog|Sam Darnold|player_rush_yds|4.5,0.57805907,0.5,https://api.the-odds-api.com/v4/sports/americanfootball_nfl
2026,3,2a529c108305ffa049d8b6cfdbaa4d36,2026-09-27T17:00:00Z,Underdog,underdog,2026-09-24T19:58:55Z,Washington Commanders,Seattle Seahawks,Marcus Mariota,,,RB,player_rush_yds,Full Game,21.5,Over,-137,underdog|Marcus Mariota|player_rush_yds|21.5,0.57805907,0.5,https://api.the-odds-api.com/v4/sports/americanfootball_nfl
2026,3,2a529c108305ffa049d8b6cfdbaa4d36,2026-09-27T17:00:00Z,Underdog,underdog,2026-09-24T19:58:55Z,Washington Commanders,Seattle Seahawks,Marcus Mariota,,,RB,player_rush_yds,Full Game,21.5,Under,-137,underdog|Marcus Mariota|player_rush_yds|21.5,0.57805907,0.5,https://api.the-odds-api.com/v4/sports/americanfootball_nfl
2026,3,2a529c108305ffa049d8b6cfdbaa4d36,2026-09-27T17:00:00Z,PrizePicks,prizepicks,2026-09-24T19:58:23Z,Washington Commanders,Seattle Seahawks,Jaxon Smith-Njigba,,,WR,player_reception_yds,Full Game,90.5,Over,-137,prizepicks|Jaxon Smith-Njigba|player_reception_yds|90.5,0.57805907,0.5,https://api.the-odds-api.com/v4/sports/americanfootball_nfl
2026,3,2a529c108305ffa049d8b6cfdbaa4d36,2026-09-27T17:00:00Z,PrizePicks,prizepicks,2026-09-24T19:58:23Z,Washington Commanders,Seattle Seahawks,Jaxon Smith-Njigba,,,WR,player_reception_yds,Full Game,90.5,Under,-137,prizepicks|Jaxon Smith-Njigba|player_reception_yds|90.5,0.57805907,0.5,https://api.the-odds-api.com/v4/sports/americanfootball_nfl
2026,3,2a529c108305ffa049d8b6cfdbaa4d36,2026-09-27T17:00:00Z,PrizePicks,prizepicks,2026-09-24T19:58:23Z,Washington Commanders,Seattle Seahawks,Terry McLaurin,,,WR,player_reception_yds,Full Game,42.5,Over,-137,prizepicks|Terry McLaurin|player_reception_yds|42.5,0.57805907,0.5,https://api.the-odds-api.com/v4/sports/americanfootball_nfl
2026,3,2a529c108305ffa049d8b6cfdbaa4d36,2026-09-27T17:00:00Z,PrizePicks,prizepicks,2026-09-24T19:58:23Z,Washington Commanders,Seattle Seahawks,Terry McLaurin,,,WR,player_reception_yds,Full Game,42.5,Under,-137,prizepicks|Terry McLaurin|player_reception_yds|42.5,0.57805907,0.5,https://api.the-odds-api.com/v4/sports/americanfootball_nfl
2026,3,2a529c108305ffa049d8b6cfdbaa4d36,2026-09-27T17:00:00Z,PrizePicks,prizepicks,2026-09-24T19:58:23Z,Washington Commanders,Seattle Seahawks,Stefon Diggs,,,WR,player_reception_yds,Full Game,36.5,Over,-137,prizepicks|Stefon Diggs|player_reception_yds|36.5,0.57805907,0.5,https://api.the-odds-api.com/v4/sports/americanfootball_nfl
2026,3,2a529c108305ffa049d8b6cfdbaa4d36,2026-09-27T17:00:00Z,PrizePicks,prizepicks,2026-09-24T19:58:23Z,Washington Commanders,Seattle Seahawks,Stefon Diggs,,,WR,player_reception_yds,Full Game,36.5,Under,-137,prizepicks|Stefon Diggs|player_reception_yds|36.5,0.57805907,0.5,https://api.the-odds-api.com/v4/sports/americanfootball_nfl
2026,3,2a529c108305ffa049d8b6cfdbaa4d36,2026-09-27T17:00:00Z,PrizePicks,prizepicks,2026-09-24T19:58:23Z,Washington Commanders,Seattle Seahawks,Rashid Shaheed,,,WR,player_reception_yds,Full Game,26.5,Over,-137,prizepicks|Rashid Shaheed|player_reception_yds|26.5,0.57805907,0.5,https://api.the-odds-api.com/v4/sports/americanfootball_nfl
2026,3,2a529c108305ffa049d8b6cfdbaa4d36,2026-09-27T17:00:00Z,PrizePicks,prizepicks,2026-09-24T19:58:23Z,Washington Commanders,Seattle Seahawks,Rashid Shaheed,,,WR,player_reception_yds,Full Game,26.5,Under,-137,prizepicks|Rashid Shaheed|player_reception_yds|26.5,0.57805907,0.5,https://api.the-odds-api.com/v4/sports/americanfootball_nfl
2026,3,2a529c108305ffa049d8b6cfdbaa4d36,2026-09-27T17:00:00Z,PrizePicks,prizepicks,2026-09-24T19:58:23Z,Washington Commanders,Seattle Seahawks,Cooper Kupp,,,WR,player_reception_yds,Full Game,23.5,Over,-137,prizepicks|Cooper Kupp|player_reception_yds|23.5,0.57805907,0.5,https://api.the-odds-api.com/v4/sports/americanfootball_nfl
2026,3,2a529c108305ffa049d8b6cfdbaa4d36,2026-09-27T17:00:00Z,PrizePicks,prizepicks,2026-09-24T19:58:23Z,Washington Commanders,Seattle Seahawks,Cooper Kupp,,,WR,player_reception_yds,Full Game,23.5,Under,-137,prizepicks|Cooper Kupp|player_reception_yds|23.5,0.57805907,0.5,https://api.the-odds-api.com/v4/sports/americanfootball_nfl
2026,3,2a529c108305ffa049d8b6cfdbaa4d36,2026-09-27T17:00:00Z,PrizePicks,prizepicks,2026-09-24T19:58:23Z,Washington Commanders,Seattle Seahawks,AJ Barner,,,WR,player_reception_yds,Full Game,22.5,Over,-137,prizepicks|AJ Barner|player_reception_yds|22.5,0.57805907,0.5,https://api.the-odds-api.com/v4/sports/americanfootball_nfl
2026,3,2a529c108305ffa049d8b6cfdbaa4d36,2026-09-27T17:00:00Z,PrizePicks,prizepicks,2026-09-24T19:58:23Z,Washington Commanders,Seattle Seahawks,AJ Barner,,,WR,player_reception_yds,Full Game,22.5,Under,-137,prizepicks|AJ Barner|player_reception_yds|22.5,0.57805907,0.5,https://api.the-odds-api.com/v4/sports/americanfootball_nfl
2026,3,2a529c108305ffa049d8b6cfdbaa4d36,2026-09-27T17:00:00Z,PrizePicks,prizepicks,2026-09-24T19:58:23Z,Washington Commanders,Seattle Seahawks,Rachaad White,,,WR,player_reception_yds,Full Game,14.5,Over,-137,prizepicks|Rachaad White|player_reception_yds|14.5,0.57805907,0.5,https://api.the-odds-api.com/v4/sports/americanfootball_nfl
2026,3,2a529c108305ffa049d8b6cfdbaa4d36,2026-09-27T17:00:00Z,PrizePicks,prizepicks,2026-09-24T19:58:23Z,Washington Commanders,Seattle Seahawks,Rachaad White,,,WR,player_reception_yds,Full Game,14.5,Under,-137,prizepicks|Rachaad White|player_reception_yds|14.5,0.57805907,0.5,https://api.the-odds-api.com/v4/sports/americanfootball_nfl
2026,3,2a529c108305ffa049d8b6cfdbaa4d36,2026-09-27T17:00:00Z,PrizePicks,prizepicks,2026-09-24T19:58:23Z,Washington Commanders,Seattle Seahawks,Antonio Williams,,,WR,player_reception_yds,Full Game,13.5,Over,-137,prizepicks|Antonio Williams|player_reception_yds|13.5,0.57805907,0.5,https://api.the-odds-api.com/v4/sports/americanfootball_nfl
2026,3,2a529c108305ffa049d8b6cfdbaa4d36,2026-09-27T17:00:00Z,PrizePicks,prizepicks,2026-09-24T19:58:23Z,Washington Commanders,Seattle Seahawks,Antonio Williams,,,WR,player_reception_yds,Full Game,13.5,Under,-137,prizepicks|Antonio Williams|player_reception_yds|13.5,0.57805907,0.5,https://api.the-odds-api.com/v4/sports/americanfootball_nfl
2026,3,2a529c108305ffa049d8b6cfdbaa4d36,2026-09-27T17:00:00Z,PrizePicks,prizepicks,2026-09-24T19:58:23Z,Washington Commanders,Seattle Seahawks,Dyami Brown,,,WR,player_reception_yds,Full Game,7.5,Over,-137,prizepicks|Dyami Brown|player_reception_yds|7.5,0.57805907,0.5,https://api.the-odds-api.com/v4/sports/americanfootball_nfl
2026,3,2a529c108305ffa049d8b6cfdbaa4d36,2026-09-27T17:00:00Z,PrizePicks,prizepicks,2026-09-24T19:58:23Z,Washington Commanders,Seattle Seahawks,Dyami Brown,,,WR,player_reception_yds,Full Game,7.5,Under,-137,prizepicks|Dyami Brown|player_reception_yds|7.5,0.57805907,0.5,https://api.the-odds-api.com/v4/sports/americanfootball_nfl
2026,3,2a529c108305ffa049d8b6cfdbaa4d36,2026-09-27T17:00:00Z,PrizePicks,prizepicks,2026-09-24T19:58:23Z,Washington Commanders,Seattle Seahawks,Elijah Arroyo,,,WR,player_reception_yds,Full Game,5.5,Over,-137,prizepicks|Elijah Arroyo|player_reception_yds|5.5,0.57805907,0.5,https://api.the-odds-api.com/v4/sports/americanfootball_nfl
2026,3,2a529c108305ffa049d8b6cfdbaa4d36,2026-09-27T17:00:00Z,PrizePicks,prizepicks,2026-09-24T19:58:23Z,Washington Commanders,Seattle Seahawks,Elijah Arroyo,,,WR,player_reception_yds,Full Game,5.5,Under,-137,prizepicks|Elijah Arroyo|player_reception_yds|5.5,0.57805907,0.5,https://api.the-odds-api.com/v4/sports/americanfootball_nfl
2026,3,2a529c108305ffa049d8b6cfdbaa4d36,2026-09-27T17:00:00Z,PrizePicks,prizepicks,2026-09-24T19:58:23Z,Washington Commanders,Seattle Seahawks,Jacory Croskey-Merritt,,,WR,player_reception_yds,Full Game,0.5,Over,-137,prizepicks|Jacory Croskey-Merritt|player_reception_yds|0.5,0.57805907,0.5,https://api.the-odds-api.com/v4/sports/americanfootball_nfl
2026,3,2a529c108305ffa049d8b6cfdbaa4d36,2026-09-27T17:00:00Z,PrizePicks,prizepicks,2026-09-24T19:58:23Z,Washington Commanders,Seattle Seahawks,Jacory Croskey-Merritt,,,WR,player_reception_yds,Full Game,0.5,Under,-137,prizepicks|Jacory Croskey-Merritt|player_reception_yds|0.5,0.57805907,0.5,https://api.the-odds-api.com/v4/sports/americanfootball_nfl
2026,3,2a529c108305ffa049d8b6cfdbaa4d36,2026-09-27T17:00:00Z,PrizePicks,prizepicks,2026-09-24T19:58:23Z,Washington Commanders,Seattle Seahawks,Jacory Croskey-Merritt,,,RB,player_rush_yds,Full Game,39.5,Over,-137,prizepicks|Jacory Croskey-Merritt|player_rush_yds|39.5,0.57805907,0.5,https://api.the-odds-api.com/v4/sports/americanfootball_nfl
2026,3,2a529c108305ffa049d8b6cfdbaa4d36,2026-09-27T17:00:00Z,PrizePicks,prizepicks,2026-09-24T19:58:23Z,Washington Commanders,Seattle Seahawks,Jacory Croskey-Merritt,,,RB,player_rush_yds,Full Game,39.5,Under,-137,prizepicks|Jacory Croskey-Merritt|player_rush_yds|39.5,0.57805907,0.5,https://api.the-odds-api.com/v4/sports/americanfootball_nfl
2026,3,2a529c108305ffa049d8b6cfdbaa4d36,2026-09-27T17:00:00Z,PrizePicks,prizepicks,2026-09-24T19:58:23Z,Washington Commanders,Seattle Seahawks,Marcus Mariota,,,RB,player_rush_yds,Full Game,21.5,Over,-137,prizepicks|Marcus Mariota|player_rush_yds|21.5,0.57805907,0.5,https://api.the-odds-api.com/v4/sports/americanfootball_nfl
2026,3,2a529c108305ffa049d8b6cfdbaa4d36,2026-09-27T17:00:00Z,PrizePicks,prizepicks,2026-09-24T19:58:23Z,Washington Commanders,Seattle Seahawks,Marcus Mariota,,,RB,player_rush_yds,Full Game,21.5,Under,-137,prizepicks|Marcus Mariota|player_rush_yds|21.5,0.57805907,0.5,https://api.the-odds-api.com/v4/sports/americanfootball_nfl
2026,3,2a529c108305ffa049d8b6cfdbaa4d36,2026-09-27T17:00:00Z,PrizePicks,prizepicks,2026-09-24T19:58:23Z,Washington Commanders,Seattle Seahawks,Rachaad White,,,RB,player_rush_yds,Full Game,19.5,Over,-137,prizepicks|Rachaad White|player_rush_yds|19.5,0.57805907,0.5,https://api.the-odds-api.com/v4/sports/americanfootball_nfl
2026,3,2a529c108305ffa049d8b6cfdbaa4d36,2026-09-27T17:00:00Z,PrizePicks,prizepicks,2026-09-24T19:58:23Z,Washington Commanders,Seattle Seahawks,Rachaad White,,,RB,player_rush_yds,Full Game,19.5,Under,-137,prizepicks|Rachaad White|player_rush_yds|19.5,0.57805907,0.5,https://api.the-odds-api.com/v4/sports/americanfootball_nfl
2026,3,2a529c108305ffa049d8b6cfdbaa4d36,2026-09-27T17:00:00Z,PrizePicks,prizepicks,2026-09-24T19:58:23Z,Washington Commanders,Seattle Seahawks,Sam Darnold,,,RB,player_rush_yds,Full Game,4.5,Over,-137,prizepicks|Sam Darnold|player_rush_yds|4.5,0.57805907,0.5,https://api.the-odds-api.com/v4/sports/americanfootball_nfl
2026,3,2a529c108305ffa049d8b6cfdbaa4d36,2026-09-27T17:00:00Z,PrizePicks,prizepicks,2026-09-24T19:58:23Z,Washington Commanders,Seattle Seahawks,Sam Darnold,,,RB,player_rush_yds,Full Game,4.5,Under,-137,prizepicks|Sam Darnold|player_rush_yds|4.5,0.57805907,0.5,https://api.the-odds-api.com/v4/sports/americanfootball_nfl
