Season,Week,Event ID,Commence Time,Bookmaker,Last Update,Away,Home,Market,Team / Side,Line,American Odds,Raw Implied,Pair Key,No-Vig Implied,Source URL
2026,3,e5fbd3b3953b896b1bf897ddadb3cc4b,2026-09-25T00:15:00Z,DraftKings,2026-09-24T19:58:30Z,Atlanta Falcons,Green Bay Packers,h2h,Atlanta Falcons,,200,0.33333333,draftkings|e5fbd3b3953b896b1bf897ddadb3cc4b|h2h|event,0.31944444,https://api.the-odds-api.com/v4/sports/americanfootball_nfl
2026,3,e5fbd3b3953b896b1bf897ddadb3cc4b,2026-09-25T00:15:00Z,DraftKings,2026-09-24T19:58:30Z,Atlanta Falcons,Green Bay Packers,h2h,Green Bay Packers,,-245,0.71014493,draftkings|e5fbd3b3953b896b1bf897ddadb3cc4b|h2h|event,0.68055556,https://api.the-odds-api.com/v4/sports/americanfootball_nfl
2026,3,e5fbd3b3953b896b1bf897ddadb3cc4b,2026-09-25T00:15:00Z,DraftKings,2026-09-24T19:58:30Z,Atlanta Falcons,Green Bay Packers,spreads,Atlanta Falcons,4.5,-105,0.51219512,draftkings|e5fbd3b3953b896b1bf897ddadb3cc4b|spreads|event,0.48916576,https://api.the-odds-api.com/v4/sports/americanfootball_nfl
2026,3,e5fbd3b3953b896b1bf897ddadb3cc4b,2026-09-25T00:15:00Z,DraftKings,2026-09-24T19:58:30Z,Atlanta Falcons,Green Bay Packers,spreads,Green Bay Packers,-4.5,-115,0.53488372,draftkings|e5fbd3b3953b896b1bf897ddadb3cc4b|spreads|event,0.51083424,https://api.the-odds-api.com/v4/sports/americanfootball_nfl
2026,3,e5fbd3b3953b896b1bf897ddadb3cc4b,2026-09-25T00:15:00Z,DraftKings,2026-09-24T19:58:30Z,Atlanta Falcons,Green Bay Packers,totals,Over,42.5,-118,0.5412844,draftkings|e5fbd3b3953b896b1bf897ddadb3cc4b|totals|42.5,0.51736412,https://api.the-odds-api.com/v4/sports/americanfootball_nfl
2026,3,e5fbd3b3953b896b1bf897ddadb3cc4b,2026-09-25T00:15:00Z,DraftKings,2026-09-24T19:58:30Z,Atlanta Falcons,Green Bay Packers,totals,Under,42.5,-102,0.5049505,draftkings|e5fbd3b3953b896b1bf897ddadb3cc4b|totals|42.5,0.48263588,https://api.the-odds-api.com/v4/sports/americanfootball_nfl
2026,3,e5fbd3b3953b896b1bf897ddadb3cc4b,2026-09-25T00:15:00Z,BetUS,2026-09-24T19:59:06Z,Atlanta Falcons,Green Bay Packers,h2h,Atlanta Falcons,,205,0.32786885,betus|e5fbd3b3953b896b1bf897ddadb3cc4b|h2h|event,0.31586175,https://api.the-odds-api.com/v4/sports/americanfootball_nfl
2026,3,e5fbd3b3953b896b1bf897ddadb3cc4b,2026-09-25T00:15:00Z,BetUS,2026-09-24T19:59:06Z,Atlanta Falcons,Green Bay Packers,h2h,Green Bay Packers,,-245,0.71014493,betus|e5fbd3b3953b896b1bf897ddadb3cc4b|h2h|event,0.68413825,https://api.the-odds-api.com/v4/sports/americanfootball_nfl
2026,3,e5fbd3b3953b896b1bf897ddadb3cc4b,2026-09-25T00:15:00Z,BetUS,2026-09-24T19:59:06Z,Atlanta Falcons,Green Bay Packers,spreads,Atlanta Falcons,4.5,-110,0.52380952,betus|e5fbd3b3953b896b1bf897ddadb3cc4b|spreads|event,0.5,https://api.the-odds-api.com/v4/sports/americanfootball_nfl
2026,3,e5fbd3b3953b896b1bf897ddadb3cc4b,2026-09-25T00:15:00Z,BetUS,2026-09-24T19:59:06Z,Atlanta Falcons,Green Bay Packers,spreads,Green Bay Packers,-4.5,-110,0.52380952,betus|e5fbd3b3953b896b1bf897ddadb3cc4b|spreads|event,0.5,https://api.the-odds-api.com/v4/sports/americanfootball_nfl
2026,3,e5fbd3b3953b896b1bf897ddadb3cc4b,2026-09-25T00:15:00Z,BetUS,2026-09-24T19:59:06Z,Atlanta Falcons,Green Bay Packers,totals,Over,43.0,-105,0.51219512,betus|e5fbd3b3953b896b1bf897ddadb3cc4b|totals|43.0,0.48916576,https://api.the-odds-api.com/v4/sports/americanfootball_nfl
2026,3,e5fbd3b3953b896b1bf897ddadb3cc4b,2026-09-25T00:15:00Z,BetUS,2026-09-24T19:59:06Z,Atlanta Falcons,Green Bay Packers,totals,Under,43.0,-115,0.53488372,betus|e5fbd3b3953b896b1bf897ddadb3cc4b|totals|43.0,0.51083424,https://api.the-odds-api.com/v4/sports/americanfootball_nfl
2026,3,e5fbd3b3953b896b1bf897ddadb3cc4b,2026-09-25T00:15:00Z,FanDuel,2026-09-24T19:59:06Z,Atlanta Falcons,Green Bay Packers,h2h,Atlanta Falcons,,210,0.32258065,fanduel|e5fbd3b3953b896b1bf897ddadb3cc4b|h2h|event,0.30990834,https://api.the-odds-api.com/v4/sports/americanfootball_nfl
2026,3,e5fbd3b3953b896b1bf897ddadb3cc4b,2026-09-25T00:15:00Z,FanDuel,2026-09-24T19:59:06Z,Atlanta Falcons,Green Bay Packers,h2h,Green Bay Packers,,-255,0.71830986,fanduel|e5fbd3b3953b896b1bf897ddadb3cc4b|h2h|event,0.69009166,https://api.the-odds-api.com/v4/sports/americanfootball_nfl
2026,3,e5fbd3b3953b896b1bf897ddadb3cc4b,2026-09-25T00:15:00Z,FanDuel,2026-09-24T19:59:06Z,Atlanta Falcons,Green Bay Packers,spreads,Atlanta Falcons,4.5,-104,0.50980392,fanduel|e5fbd3b3953b896b1bf897ddadb3cc4b|spreads|event,0.48502482,https://api.the-odds-api.com/v4/sports/americanfootball_nfl
2026,3,e5fbd3b3953b896b1bf897ddadb3cc4b,2026-09-25T00:15:00Z,FanDuel,2026-09-24T19:59:06Z,Atlanta Falcons,Green Bay Packers,spreads,Green Bay Packers,-4.5,-118,0.5412844,fanduel|e5fbd3b3953b896b1bf897ddadb3cc4b|spreads|event,0.51497518,https://api.the-odds-api.com/v4/sports/americanfootball_nfl
2026,3,e5fbd3b3953b896b1bf897ddadb3cc4b,2026-09-25T00:15:00Z,FanDuel,2026-09-24T19:59:06Z,Atlanta Falcons,Green Bay Packers,totals,Over,43.5,-104,0.50980392,fanduel|e5fbd3b3953b896b1bf897ddadb3cc4b|totals|43.5,0.48502482,https://api.the-odds-api.com/v4/sports/americanfootball_nfl
2026,3,e5fbd3b3953b896b1bf897ddadb3cc4b,2026-09-25T00:15:00Z,FanDuel,2026-09-24T19:59:06Z,Atlanta Falcons,Green Bay Packers,totals,Under,43.5,-118,0.5412844,fanduel|e5fbd3b3953b896b1bf897ddadb3cc4b|totals|43.5,0.51497518,https://api.the-odds-api.com/v4/sports/americanfootball_nfl
2026,3,e5fbd3b3953b896b1bf897ddadb3cc4b,2026-09-25T00:15:00Z,BetRivers,2026-09-24T19:58:14Z,Atlanta Falcons,Green Bay Packers,h2h,Atlanta Falcons,,210,0.32258065,betrivers|e5fbd3b3953b896b1bf897ddadb3cc4b|h2h|event,0.30762748,https://api.the-odds-api.com/v4/sports/americanfootball_nfl
2026,3,e5fbd3b3953b896b1bf897ddadb3cc4b,2026-09-25T00:15:00Z,BetRivers,2026-09-24T19:58:14Z,Atlanta Falcons,Green Bay Packers,h2h,Green Bay Packers,,-265,0.7260274,betrivers|e5fbd3b3953b896b1bf897ddadb3cc4b|h2h|event,0.69237252,https://api.the-odds-api.com/v4/sports/americanfootball_nfl
2026,3,e5fbd3b3953b896b1bf897ddadb3cc4b,2026-09-25T00:15:00Z,BetRivers,2026-09-24T19:58:14Z,Atlanta Falcons,Green Bay Packers,spreads,Atlanta Falcons,5.0,-112,0.52830189,betrivers|e5fbd3b3953b896b1bf897ddadb3cc4b|spreads|event,0.5032247,https://api.the-odds-api.com/v4/sports/americanfootball_nfl
2026,3,e5fbd3b3953b896b1bf897ddadb3cc4b,2026-09-25T00:15:00Z,BetRivers,2026-09-24T19:58:14Z,Atlanta Falcons,Green Bay Packers,spreads,Green Bay Packers,-5.0,-109,0.5215311,betrivers|e5fbd3b3953b896b1bf897ddadb3cc4b|spreads|event,0.4967753,https://api.the-odds-api.com/v4/sports/americanfootball_nfl
2026,3,e5fbd3b3953b896b1bf897ddadb3cc4b,2026-09-25T00:15:00Z,BetRivers,2026-09-24T19:58:14Z,Atlanta Falcons,Green Bay Packers,totals,Over,43.0,-112,0.52830189,betrivers|e5fbd3b3953b896b1bf897ddadb3cc4b|totals|43.0,0.5032247,https://api.the-odds-api.com/v4/sports/americanfootball_nfl
2026,3,e5fbd3b3953b896b1bf897ddadb3cc4b,2026-09-25T00:15:00Z,BetRivers,2026-09-24T19:58:14Z,Atlanta Falcons,Green Bay Packers,totals,Under,43.0,-109,0.5215311,betrivers|e5fbd3b3953b896b1bf897ddadb3cc4b|totals|43.0,0.4967753,https://api.the-odds-api.com/v4/sports/americanfootball_nfl
2026,3,e5fbd3b3953b896b1bf897ddadb3cc4b,2026-09-25T00:15:00Z,BetOnline.ag,2026-09-24T19:58:15Z,Atlanta Falcons,Green Bay Packers,h2h,Atlanta Falcons,,207,0.3257329,betonlineag|e5fbd3b3953b896b1bf897ddadb3cc4b|h2h|event,0.31319911,https://api.the-odds-api.com/v4/sports/americanfootball_nfl
2026,3,e5fbd3b3953b896b1bf897ddadb3cc4b,2026-09-25T00:15:00Z,BetOnline.ag,2026-09-24T19:58:15Z,Atlanta Falcons,Green Bay Packers,h2h,Green Bay Packers,,-250,0.71428571,betonlineag|e5fbd3b3953b896b1bf897ddadb3cc4b|h2h|event,0.68680089,https://api.the-odds-api.com/v4/sports/americanfootball_nfl
2026,3,e5fbd3b3953b896b1bf897ddadb3cc4b,2026-09-25T00:15:00Z,BetOnline.ag,2026-09-24T19:58:15Z,Atlanta Falcons,Green Bay Packers,spreads,Atlanta Falcons,4.5,-105,0.51219512,betonlineag|e5fbd3b3953b896b1bf897ddadb3cc4b|spreads|event,0.48916576,https://api.the-odds-api.com/v4/sports/americanfootball_nfl
2026,3,e5fbd3b3953b896b1bf897ddadb3cc4b,2026-09-25T00:15:00Z,BetOnline.ag,2026-09-24T19:58:15Z,Atlanta Falcons,Green Bay Packers,spreads,Green Bay Packers,-4.5,-115,0.53488372,betonlineag|e5fbd3b3953b896b1bf897ddadb3cc4b|spreads|event,0.51083424,https://api.the-odds-api.com/v4/sports/americanfootball_nfl
2026,3,e5fbd3b3953b896b1bf897ddadb3cc4b,2026-09-25T00:15:00Z,BetOnline.ag,2026-09-24T19:58:15Z,Atlanta Falcons,Green Bay Packers,totals,Over,43.0,-110,0.52380952,betonlineag|e5fbd3b3953b896b1bf897ddadb3cc4b|totals|43.0,0.5,https://api.the-odds-api.com/v4/sports/americanfootball_nfl
2026,3,e5fbd3b3953b896b1bf897ddadb3cc4b,2026-09-25T00:15:00Z,BetOnline.ag,2026-09-24T19:58:15Z,Atlanta Falcons,Green Bay Packers,totals,Under,43.0,-110,0.52380952,betonlineag|e5fbd3b3953b896b1bf897ddadb3cc4b|totals|43.0,0.5,https://api.the-odds-api.com/v4/sports/americanfootball_nfl
2026,3,e5fbd3b3953b896b1bf897ddadb3cc4b,2026-09-25T00:15:00Z,LowVig.ag,2026-09-24T19:59:07Z,Atlanta Falcons,Green Bay Packers,h2h,Atlanta Falcons,,207,0.3257329,lowvig|e5fbd3b3953b896b1bf897ddadb3cc4b|h2h|event,0.31319911,https://api.the-odds-api.com/v4/sports/americanfootball_nfl
2026,3,e5fbd3b3953b896b1bf897ddadb3cc4b,2026-09-25T00:15:00Z,LowVig.ag,2026-09-24T19:59:07Z,Atlanta Falcons,Green Bay Packers,h2h,Green Bay Packers,,-250,0.71428571,lowvig|e5fbd3b3953b896b1bf897ddadb3cc4b|h2h|event,0.68680089,https://api.the-odds-api.com/v4/sports/americanfootball_nfl
2026,3,e5fbd3b3953b896b1bf897ddadb3cc4b,2026-09-25T00:15:00Z,LowVig.ag,2026-09-24T19:59:07Z,Atlanta Falcons,Green Bay Packers,spreads,Atlanta Falcons,4.5,100,0.5,lowvig|e5fbd3b3953b896b1bf897ddadb3cc4b|spreads|event,0.48837209,https://api.the-odds-api.com/v4/sports/americanfootball_nfl
2026,3,e5fbd3b3953b896b1bf897ddadb3cc4b,2026-09-25T00:15:00Z,LowVig.ag,2026-09-24T19:59:07Z,Atlanta Falcons,Green Bay Packers,spreads,Green Bay Packers,-4.5,-110,0.52380952,lowvig|e5fbd3b3953b896b1bf897ddadb3cc4b|spreads|event,0.51162791,https://api.the-odds-api.com/v4/sports/americanfootball_nfl
2026,3,e5fbd3b3953b896b1bf897ddadb3cc4b,2026-09-25T00:15:00Z,LowVig.ag,2026-09-24T19:59:07Z,Atlanta Falcons,Green Bay Packers,totals,Over,43.0,-107,0.51690821,lowvig|e5fbd3b3953b896b1bf897ddadb3cc4b|totals|43.0,0.5,https://api.the-odds-api.com/v4/sports/americanfootball_nfl
2026,3,e5fbd3b3953b896b1bf897ddadb3cc4b,2026-09-25T00:15:00Z,LowVig.ag,2026-09-24T19:59:07Z,Atlanta Falcons,Green Bay Packers,totals,Under,43.0,-107,0.51690821,lowvig|e5fbd3b3953b896b1bf897ddadb3cc4b|totals|43.0,0.5,https://api.the-odds-api.com/v4/sports/americanfootball_nfl
2026,3,e5fbd3b3953b896b1bf897ddadb3cc4b,2026-09-25T00:15:00Z,MyBookie.ag,2026-09-24T19:57:58Z,Atlanta Falcons,Green Bay Packers,h2h,Atlanta Falcons,,204,0.32894737,mybookieag|e5fbd3b3953b896b1bf897ddadb3cc4b|h2h|event,0.31631683,https://api.the-odds-api.com/v4/sports/americanfootball_nfl
2026,3,e5fbd3b3953b896b1bf897ddadb3cc4b,2026-09-25T00:15:00Z,MyBookie.ag,2026-09-24T19:57:58Z,Atlanta Falcons,Green Bay Packers,h2h,Green Bay Packers,,-246,0.71098266,mybookieag|e5fbd3b3953b896b1bf897ddadb3cc4b|h2h|event,0.68368317,https://api.the-odds-api.com/v4/sports/americanfootball_nfl
2026,3,e5fbd3b3953b896b1bf897ddadb3cc4b,2026-09-25T00:15:00Z,MyBookie.ag,2026-09-24T19:57:58Z,Atlanta Falcons,Green Bay Packers,spreads,Atlanta Falcons,5.0,-110,0.52380952,mybookieag|e5fbd3b3953b896b1bf897ddadb3cc4b|spreads|event,0.5,https://api.the-odds-api.com/v4/sports/americanfootball_nfl
2026,3,e5fbd3b3953b896b1bf897ddadb3cc4b,2026-09-25T00:15:00Z,MyBookie.ag,2026-09-24T19:57:58Z,Atlanta Falcons,Green Bay Packers,spreads,Green Bay Packers,-5.0,-110,0.52380952,mybookieag|e5fbd3b3953b896b1bf897ddadb3cc4b|spreads|event,0.5,https://api.the-odds-api.com/v4/sports/americanfootball_nfl
2026,3,e5fbd3b3953b896b1bf897ddadb3cc4b,2026-09-25T00:15:00Z,MyBookie.ag,2026-09-24T19:57:58Z,Atlanta Falcons,Green Bay Packers,totals,Over,43.0,-110,0.52380952,mybookieag|e5fbd3b3953b896b1bf897ddadb3cc4b|totals|43.0,0.5,https://api.the-odds-api.com/v4/sports/americanfootball_nfl
2026,3,e5fbd3b3953b896b1bf897ddadb3cc4b,2026-09-25T00:15:00Z,MyBookie.ag,2026-09-24T19:57:58Z,Atlanta Falcons,Green Bay Packers,totals,Under,43.0,-110,0.52380952,mybookieag|e5fbd3b3953b896b1bf897ddadb3cc4b|totals|43.0,0.5,https://api.the-odds-api.com/v4/sports/americanfootball_nfl
2026,3,e5fbd3b3953b896b1bf897ddadb3cc4b,2026-09-25T00:15:00Z,BetMGM,2026-09-24T19:58:17Z,Atlanta Falcons,Green Bay Packers,h2h,Atlanta Falcons,,210,0.32258065,betmgm|e5fbd3b3953b896b1bf897ddadb3cc4b|h2h|event,0.31111112,https://api.the-odds-api.com/v4/sports/americanfootball_nfl
2026,3,e5fbd3b3953b896b1bf897ddadb3cc4b,2026-09-25T00:15:00Z,BetMGM,2026-09-24T19:58:17Z,Atlanta Falcons,Green Bay Packers,h2h,Green Bay Packers,,-250,0.71428571,betmgm|e5fbd3b3953b896b1bf897ddadb3cc4b|h2h|event,0.68888888,https://api.the-odds-api.com/v4/sports/americanfootball_nfl
2026,3,e5fbd3b3953b896b1bf897ddadb3cc4b,2026-09-25T00:15:00Z,BetMGM,2026-09-24T19:58:17Z,Atlanta Falcons,Green Bay Packers,spreads,Atlanta Falcons,4.5,100,0.5,betmgm|e5fbd3b3953b896b1bf897ddadb3cc4b|spreads|event,0.48837209,https://api.the-odds-api.com/v4/sports/americanfootball_nfl
2026,3,e5fbd3b3953b896b1bf897ddadb3cc4b,2026-09-25T00:15:00Z,BetMGM,2026-09-24T19:58:17Z,Atlanta Falcons,Green Bay Packers,spreads,Green Bay Packers,-4.5,-110,0.52380952,betmgm|e5fbd3b3953b896b1bf897ddadb3cc4b|spreads|event,0.51162791,https://api.the-odds-api.com/v4/sports/americanfootball_nfl
2026,3,e5fbd3b3953b896b1bf897ddadb3cc4b,2026-09-25T00:15:00Z,BetMGM,2026-09-24T19:58:17Z,Atlanta Falcons,Green Bay Packers,totals,Over,43.0,-110,0.52380952,betmgm|e5fbd3b3953b896b1bf897ddadb3cc4b|totals|43.0,0.50219491,https://api.the-odds-api.com/v4/sports/americanfootball_nfl
2026,3,e5fbd3b3953b896b1bf897ddadb3cc4b,2026-09-25T00:15:00Z,BetMGM,2026-09-24T19:58:17Z,Atlanta Falcons,Green Bay Packers,totals,Under,43.0,-108,0.51923077,betmgm|e5fbd3b3953b896b1bf897ddadb3cc4b|totals|43.0,0.49780509,https://api.the-odds-api.com/v4/sports/americanfootball_nfl
2026,3,e5fbd3b3953b896b1bf897ddadb3cc4b,2026-09-25T00:15:00Z,Bovada,2026-09-24T19:58:18Z,Atlanta Falcons,Green Bay Packers,h2h,Atlanta Falcons,,210,0.32258065,bovada|e5fbd3b3953b896b1bf897ddadb3cc4b|h2h|event,0.31111112,https://api.the-odds-api.com/v4/sports/americanfootball_nfl
2026,3,e5fbd3b3953b896b1bf897ddadb3cc4b,2026-09-25T00:15:00Z,Bovada,2026-09-24T19:58:18Z,Atlanta Falcons,Green Bay Packers,h2h,Green Bay Packers,,-250,0.71428571,bovada|e5fbd3b3953b896b1bf897ddadb3cc4b|h2h|event,0.68888888,https://api.the-odds-api.com/v4/sports/americanfootball_nfl
2026,3,e5fbd3b3953b896b1bf897ddadb3cc4b,2026-09-25T00:15:00Z,Bovada,2026-09-24T19:58:18Z,Atlanta Falcons,Green Bay Packers,spreads,Atlanta Falcons,5.5,-115,0.53488372,bovada|e5fbd3b3953b896b1bf897ddadb3cc4b|spreads|event,0.51083424,https://api.the-odds-api.com/v4/sports/americanfootball_nfl
2026,3,e5fbd3b3953b896b1bf897ddadb3cc4b,2026-09-25T00:15:00Z,Bovada,2026-09-24T19:58:18Z,Atlanta Falcons,Green Bay Packers,spreads,Green Bay Packers,-5.5,-105,0.51219512,bovada|e5fbd3b3953b896b1bf897ddadb3cc4b|spreads|event,0.48916576,https://api.the-odds-api.com/v4/sports/americanfootball_nfl
2026,3,e5fbd3b3953b896b1bf897ddadb3cc4b,2026-09-25T00:15:00Z,Bovada,2026-09-24T19:58:18Z,Atlanta Falcons,Green Bay Packers,totals,Over,43.0,-110,0.52380952,bovada|e5fbd3b3953b896b1bf897ddadb3cc4b|totals|43.0,0.5,https://api.the-odds-api.com/v4/sports/americanfootball_nfl
2026,3,e5fbd3b3953b896b1bf897ddadb3cc4b,2026-09-25T00:15:00Z,Bovada,2026-09-24T19:58:18Z,Atlanta Falcons,Green Bay Packers,totals,Under,43.0,-110,0.52380952,bovada|e5fbd3b3953b896b1bf897ddadb3cc4b|totals|43.0,0.5,https://api.the-odds-api.com/v4/sports/americanfootball_nfl
2026,3,b225458a282e140c44c45651255f2f6c,2026-09-27T17:00:00Z,DraftKings,2026-09-24T19:58:30Z,Los Angeles Chargers,Buffalo Bills,h2h,Buffalo Bills,,-345,0.7752809,draftkings|b225458a282e140c44c45651255f2f6c|h2h|event,0.74406901,https://api.the-odds-api.com/v4/sports/americanfootball_nfl
2026,3,b225458a282e140c44c45651255f2f6c,2026-09-27T17:00:00Z,DraftKings,2026-09-24T19:58:30Z,Los Angeles Chargers,Buffalo Bills,h2h,Los Angeles Chargers,,275,0.26666667,draftkings|b225458a282e140c44c45651255f2f6c|h2h|event,0.25593099,https://api.the-odds-api.com/v4/sports/americanfootball_nfl
2026,3,b225458a282e140c44c45651255f2f6c,2026-09-27T17:00:00Z,DraftKings,2026-09-24T19:58:30Z,Los Angeles Chargers,Buffalo Bills,spreads,Buffalo Bills,-7.0,-115,0.53488372,draftkings|b225458a282e140c44c45651255f2f6c|spreads|event,0.51083424,https://api.the-odds-api.com/v4/sports/americanfootball_nfl
2026,3,b225458a282e140c44c45651255f2f6c,2026-09-27T17:00:00Z,DraftKings,2026-09-24T19:58:30Z,Los Angeles Chargers,Buffalo Bills,spreads,Los Angeles Chargers,7.0,-105,0.51219512,draftkings|b225458a282e140c44c45651255f2f6c|spreads|event,0.48916576,https://api.the-odds-api.com/v4/sports/americanfootball_nfl
2026,3,b225458a282e140c44c45651255f2f6c,2026-09-27T17:00:00Z,DraftKings,2026-09-24T19:58:30Z,Los Angeles Chargers,Buffalo Bills,totals,Over,50.5,-105,0.51219512,draftkings|b225458a282e140c44c45651255f2f6c|totals|50.5,0.48916576,https://api.the-odds-api.com/v4/sports/americanfootball_nfl
2026,3,b225458a282e140c44c45651255f2f6c,2026-09-27T17:00:00Z,DraftKings,2026-09-24T19:58:30Z,Los Angeles Chargers,Buffalo Bills,totals,Under,50.5,-115,0.53488372,draftkings|b225458a282e140c44c45651255f2f6c|totals|50.5,0.51083424,https://api.the-odds-api.com/v4/sports/americanfootball_nfl
2026,3,b225458a282e140c44c45651255f2f6c,2026-09-27T17:00:00Z,FanDuel,2026-09-24T19:59:06Z,Los Angeles Chargers,Buffalo Bills,h2h,Buffalo Bills,,-370,0.78723404,fanduel|b225458a282e140c44c45651255f2f6c|h2h|event,0.7566658,https://api.the-odds-api.com/v4/sports/americanfootball_nfl
2026,3,b225458a282e140c44c45651255f2f6c,2026-09-27T17:00:00Z,FanDuel,2026-09-24T19:59:06Z,Los Angeles Chargers,Buffalo Bills,h2h,Los Angeles Chargers,,295,0.25316456,fanduel|b225458a282e140c44c45651255f2f6c|h2h|event,0.2433342,https://api.the-odds-api.com/v4/sports/americanfootball_nfl
2026,3,b225458a282e140c44c45651255f2f6c,2026-09-27T17:00:00Z,FanDuel,2026-09-24T19:59:06Z,Los Angeles Chargers,Buffalo Bills,spreads,Buffalo Bills,-7.5,-102,0.5049505,fanduel|b225458a282e140c44c45651255f2f6c|spreads|event,0.48071979,https://api.the-odds-api.com/v4/sports/americanfootball_nfl
2026,3,b225458a282e140c44c45651255f2f6c,2026-09-27T17:00:00Z,FanDuel,2026-09-24T19:59:06Z,Los Angeles Chargers,Buffalo Bills,spreads,Los Angeles Chargers,7.5,-120,0.54545455,fanduel|b225458a282e140c44c45651255f2f6c|spreads|event,0.51928021,https://api.the-odds-api.com/v4/sports/americanfootball_nfl
2026,3,b225458a282e140c44c45651255f2f6c,2026-09-27T17:00:00Z,FanDuel,2026-09-24T19:59:06Z,Los Angeles Chargers,Buffalo Bills,totals,Over,50.5,-105,0.51219512,fanduel|b225458a282e140c44c45651255f2f6c|totals|50.5,0.48916576,https://api.the-odds-api.com/v4/sports/americanfootball_nfl
2026,3,b225458a282e140c44c45651255f2f6c,2026-09-27T17:00:00Z,FanDuel,2026-09-24T19:59:06Z,Los Angeles Chargers,Buffalo Bills,totals,Under,50.5,-115,0.53488372,fanduel|b225458a282e140c44c45651255f2f6c|totals|50.5,0.51083424,https://api.the-odds-api.com/v4/sports/americanfootball_nfl
2026,3,b225458a282e140c44c45651255f2f6c,2026-09-27T17:00:00Z,BetRivers,2026-09-24T19:58:14Z,Los Angeles Chargers,Buffalo Bills,h2h,Buffalo Bills,,-375,0.78947368,betrivers|b225458a282e140c44c45651255f2f6c|h2h|event,0.75,https://api.the-odds-api.com/v4/sports/americanfootball_nfl
2026,3,b225458a282e140c44c45651255f2f6c,2026-09-27T17:00:00Z,BetRivers,2026-09-24T19:58:14Z,Los Angeles Chargers,Buffalo Bills,h2h,Los Angeles Chargers,,280,0.26315789,betrivers|b225458a282e140c44c45651255f2f6c|h2h|event,0.25,https://api.the-odds-api.com/v4/sports/americanfootball_nfl
2026,3,b225458a282e140c44c45651255f2f6c,2026-09-27T17:00:00Z,BetRivers,2026-09-24T19:58:14Z,Los Angeles Chargers,Buffalo Bills,spreads,Buffalo Bills,-7.0,-114,0.53271028,betrivers|b225458a282e140c44c45651255f2f6c|spreads|event,0.50752753,https://api.the-odds-api.com/v4/sports/americanfootball_nfl
2026,3,b225458a282e140c44c45651255f2f6c,2026-09-27T17:00:00Z,BetRivers,2026-09-24T19:58:14Z,Los Angeles Chargers,Buffalo Bills,spreads,Los Angeles Chargers,7.0,-107,0.51690821,betrivers|b225458a282e140c44c45651255f2f6c|spreads|event,0.49247247,https://api.the-odds-api.com/v4/sports/americanfootball_nfl
2026,3,b225458a282e140c44c45651255f2f6c,2026-09-27T17:00:00Z,BetRivers,2026-09-24T19:58:14Z,Los Angeles Chargers,Buffalo Bills,totals,Over,50.5,-107,0.51690821,betrivers|b225458a282e140c44c45651255f2f6c|totals|50.5,0.49247247,https://api.the-odds-api.com/v4/sports/americanfootball_nfl
2026,3,b225458a282e140c44c45651255f2f6c,2026-09-27T17:00:00Z,BetRivers,2026-09-24T19:58:14Z,Los Angeles Chargers,Buffalo Bills,totals,Under,50.5,-114,0.53271028,betrivers|b225458a282e140c44c45651255f2f6c|totals|50.5,0.50752753,https://api.the-odds-api.com/v4/sports/americanfootball_nfl
2026,3,b225458a282e140c44c45651255f2f6c,2026-09-27T17:00:00Z,BetUS,2026-09-24T19:59:06Z,Los Angeles Chargers,Buffalo Bills,h2h,Buffalo Bills,,-340,0.77272727,betus|b225458a282e140c44c45651255f2f6c|h2h|event,0.74344023,https://api.the-odds-api.com/v4/sports/americanfootball_nfl
2026,3,b225458a282e140c44c45651255f2f6c,2026-09-27T17:00:00Z,BetUS,2026-09-24T19:59:06Z,Los Angeles Chargers,Buffalo Bills,h2h,Los Angeles Chargers,,275,0.26666667,betus|b225458a282e140c44c45651255f2f6c|h2h|event,0.25655977,https://api.the-odds-api.com/v4/sports/americanfootball_nfl
2026,3,b225458a282e140c44c45651255f2f6c,2026-09-27T17:00:00Z,BetUS,2026-09-24T19:59:06Z,Los Angeles Chargers,Buffalo Bills,spreads,Buffalo Bills,-7.5,100,0.5,betus|b225458a282e140c44c45651255f2f6c|spreads|event,0.47826087,https://api.the-odds-api.com/v4/sports/americanfootball_nfl
2026,3,b225458a282e140c44c45651255f2f6c,2026-09-27T17:00:00Z,BetUS,2026-09-24T19:59:06Z,Los Angeles Chargers,Buffalo Bills,spreads,Los Angeles Chargers,7.5,-120,0.54545455,betus|b225458a282e140c44c45651255f2f6c|spreads|event,0.52173913,https://api.the-odds-api.com/v4/sports/americanfootball_nfl
2026,3,b225458a282e140c44c45651255f2f6c,2026-09-27T17:00:00Z,BetUS,2026-09-24T19:59:06Z,Los Angeles Chargers,Buffalo Bills,totals,Over,50.0,-110,0.52380952,betus|b225458a282e140c44c45651255f2f6c|totals|50.0,0.5,https://api.the-odds-api.com/v4/sports/americanfootball_nfl
2026,3,b225458a282e140c44c45651255f2f6c,2026-09-27T17:00:00Z,BetUS,2026-09-24T19:59:06Z,Los Angeles Chargers,Buffalo Bills,totals,Under,50.0,-110,0.52380952,betus|b225458a282e140c44c45651255f2f6c|totals|50.0,0.5,https://api.the-odds-api.com/v4/sports/americanfootball_nfl
2026,3,b225458a282e140c44c45651255f2f6c,2026-09-27T17:00:00Z,LowVig.ag,2026-09-24T19:59:07Z,Los Angeles Chargers,Buffalo Bills,h2h,Buffalo Bills,,-340,0.77272727,lowvig|b225458a282e140c44c45651255f2f6c|h2h|event,0.74293059,https://api.the-odds-api.com/v4/sports/americanfootball_nfl
2026,3,b225458a282e140c44c45651255f2f6c,2026-09-27T17:00:00Z,LowVig.ag,2026-09-24T19:59:07Z,Los Angeles Chargers,Buffalo Bills,h2h,Los Angeles Chargers,,274,0.26737968,lowvig|b225458a282e140c44c45651255f2f6c|h2h|event,0.25706941,https://api.the-odds-api.com/v4/sports/americanfootball_nfl
2026,3,b225458a282e140c44c45651255f2f6c,2026-09-27T17:00:00Z,LowVig.ag,2026-09-24T19:59:07Z,Los Angeles Chargers,Buffalo Bills,spreads,Buffalo Bills,-7.5,105,0.48780488,lowvig|b225458a282e140c44c45651255f2f6c|spreads|event,0.47598061,https://api.the-odds-api.com/v4/sports/americanfootball_nfl
2026,3,b225458a282e140c44c45651255f2f6c,2026-09-27T17:00:00Z,LowVig.ag,2026-09-24T19:59:07Z,Los Angeles Chargers,Buffalo Bills,spreads,Los Angeles Chargers,7.5,-116,0.53703704,lowvig|b225458a282e140c44c45651255f2f6c|spreads|event,0.52401939,https://api.the-odds-api.com/v4/sports/americanfootball_nfl
2026,3,b225458a282e140c44c45651255f2f6c,2026-09-27T17:00:00Z,LowVig.ag,2026-09-24T19:59:07Z,Los Angeles Chargers,Buffalo Bills,totals,Over,50.0,-107,0.51690821,lowvig|b225458a282e140c44c45651255f2f6c|totals|50.0,0.5,https://api.the-odds-api.com/v4/sports/americanfootball_nfl
2026,3,b225458a282e140c44c45651255f2f6c,2026-09-27T17:00:00Z,LowVig.ag,2026-09-24T19:59:07Z,Los Angeles Chargers,Buffalo Bills,totals,Under,50.0,-107,0.51690821,lowvig|b225458a282e140c44c45651255f2f6c|totals|50.0,0.5,https://api.the-odds-api.com/v4/sports/americanfootball_nfl
2026,3,b225458a282e140c44c45651255f2f6c,2026-09-27T17:00:00Z,BetOnline.ag,2026-09-24T19:58:15Z,Los Angeles Chargers,Buffalo Bills,h2h,Buffalo Bills,,-340,0.77272727,betonlineag|b225458a282e140c44c45651255f2f6c|h2h|event,0.74293059,https://api.the-odds-api.com/v4/sports/americanfootball_nfl
2026,3,b225458a282e140c44c45651255f2f6c,2026-09-27T17:00:00Z,BetOnline.ag,2026-09-24T19:58:15Z,Los Angeles Chargers,Buffalo Bills,h2h,Los Angeles Chargers,,274,0.26737968,betonlineag|b225458a282e140c44c45651255f2f6c|h2h|event,0.25706941,https://api.the-odds-api.com/v4/sports/americanfootball_nfl
2026,3,b225458a282e140c44c45651255f2f6c,2026-09-27T17:00:00Z,BetOnline.ag,2026-09-24T19:58:15Z,Los Angeles Chargers,Buffalo Bills,spreads,Buffalo Bills,-7.5,100,0.5,betonlineag|b225458a282e140c44c45651255f2f6c|spreads|event,0.47826087,https://api.the-odds-api.com/v4/sports/americanfootball_nfl
2026,3,b225458a282e140c44c45651255f2f6c,2026-09-27T17:00:00Z,BetOnline.ag,2026-09-24T19:58:15Z,Los Angeles Chargers,Buffalo Bills,spreads,Los Angeles Chargers,7.5,-120,0.54545455,betonlineag|b225458a282e140c44c45651255f2f6c|spreads|event,0.52173913,https://api.the-odds-api.com/v4/sports/americanfootball_nfl
2026,3,b225458a282e140c44c45651255f2f6c,2026-09-27T17:00:00Z,BetOnline.ag,2026-09-24T19:58:15Z,Los Angeles Chargers,Buffalo Bills,totals,Over,50.0,-110,0.52380952,betonlineag|b225458a282e140c44c45651255f2f6c|totals|50.0,0.5,https://api.the-odds-api.com/v4/sports/americanfootball_nfl
2026,3,b225458a282e140c44c45651255f2f6c,2026-09-27T17:00:00Z,BetOnline.ag,2026-09-24T19:58:15Z,Los Angeles Chargers,Buffalo Bills,totals,Under,50.0,-110,0.52380952,betonlineag|b225458a282e140c44c45651255f2f6c|totals|50.0,0.5,https://api.the-odds-api.com/v4/sports/americanfootball_nfl
2026,3,b225458a282e140c44c45651255f2f6c,2026-09-27T17:00:00Z,MyBookie.ag,2026-09-24T19:57:58Z,Los Angeles Chargers,Buffalo Bills,h2h,Buffalo Bills,,-340,0.77272727,mybookieag|b225458a282e140c44c45651255f2f6c|h2h|event,0.73557692,https://api.the-odds-api.com/v4/sports/americanfootball_nfl
2026,3,b225458a282e140c44c45651255f2f6c,2026-09-27T17:00:00Z,MyBookie.ag,2026-09-24T19:57:58Z,Los Angeles Chargers,Buffalo Bills,h2h,Los Angeles Chargers,,260,0.27777778,mybookieag|b225458a282e140c44c45651255f2f6c|h2h|event,0.26442308,https://api.the-odds-api.com/v4/sports/americanfootball_nfl
2026,3,b225458a282e140c44c45651255f2f6c,2026-09-27T17:00:00Z,MyBookie.ag,2026-09-24T19:57:58Z,Los Angeles Chargers,Buffalo Bills,spreads,Buffalo Bills,-7.0,-110,0.52380952,mybookieag|b225458a282e140c44c45651255f2f6c|spreads|event,0.5,https://api.the-odds-api.com/v4/sports/americanfootball_nfl
2026,3,b225458a282e140c44c45651255f2f6c,2026-09-27T17:00:00Z,MyBookie.ag,2026-09-24T19:57:58Z,Los Angeles Chargers,Buffalo Bills,spreads,Los Angeles Chargers,7.0,-110,0.52380952,mybookieag|b225458a282e140c44c45651255f2f6c|spreads|event,0.5,https://api.the-odds-api.com/v4/sports/americanfootball_nfl
2026,3,b225458a282e140c44c45651255f2f6c,2026-09-27T17:00:00Z,MyBookie.ag,2026-09-24T19:57:58Z,Los Angeles Chargers,Buffalo Bills,totals,Over,50.0,-110,0.52380952,mybookieag|b225458a282e140c44c45651255f2f6c|totals|50.0,0.5,https://api.the-odds-api.com/v4/sports/americanfootball_nfl
2026,3,b225458a282e140c44c45651255f2f6c,2026-09-27T17:00:00Z,MyBookie.ag,2026-09-24T19:57:58Z,Los Angeles Chargers,Buffalo Bills,totals,Under,50.0,-110,0.52380952,mybookieag|b225458a282e140c44c45651255f2f6c|totals|50.0,0.5,https://api.the-odds-api.com/v4/sports/americanfootball_nfl
2026,3,b225458a282e140c44c45651255f2f6c,2026-09-27T17:00:00Z,BetMGM,2026-09-24T19:58:17Z,Los Angeles Chargers,Buffalo Bills,h2h,Buffalo Bills,,-350,0.77777778,betmgm|b225458a282e140c44c45651255f2f6c|h2h|event,0.74468085,https://api.the-odds-api.com/v4/sports/americanfootball_nfl
2026,3,b225458a282e140c44c45651255f2f6c,2026-09-27T17:00:00Z,BetMGM,2026-09-24T19:58:17Z,Los Angeles Chargers,Buffalo Bills,h2h,Los Angeles Chargers,,275,0.26666667,betmgm|b225458a282e140c44c45651255f2f6c|h2h|event,0.25531915,https://api.the-odds-api.com/v4/sports/americanfootball_nfl
2026,3,b225458a282e140c44c45651255f2f6c,2026-09-27T17:00:00Z,BetMGM,2026-09-24T19:58:17Z,Los Angeles Chargers,Buffalo Bills,spreads,Buffalo Bills,-7.0,-115,0.53488372,betmgm|b225458a282e140c44c45651255f2f6c|spreads|event,0.51083424,https://api.the-odds-api.com/v4/sports/americanfootball_nfl
2026,3,b225458a282e140c44c45651255f2f6c,2026-09-27T17:00:00Z,BetMGM,2026-09-24T19:58:17Z,Los Angeles Chargers,Buffalo Bills,spreads,Los Angeles Chargers,7.0,-105,0.51219512,betmgm|b225458a282e140c44c45651255f2f6c|spreads|event,0.48916576,https://api.the-odds-api.com/v4/sports/americanfootball_nfl
2026,3,b225458a282e140c44c45651255f2f6c,2026-09-27T17:00:00Z,BetMGM,2026-09-24T19:58:17Z,Los Angeles Chargers,Buffalo Bills,totals,Over,50.0,-110,0.52380952,betmgm|b225458a282e140c44c45651255f2f6c|totals|50.0,0.50219491,https://api.the-odds-api.com/v4/sports/americanfootball_nfl
2026,3,b225458a282e140c44c45651255f2f6c,2026-09-27T17:00:00Z,BetMGM,2026-09-24T19:58:17Z,Los Angeles Chargers,Buffalo Bills,totals,Under,50.0,-108,0.51923077,betmgm|b225458a282e140c44c45651255f2f6c|totals|50.0,0.49780509,https://api.the-odds-api.com/v4/sports/americanfootball_nfl
2026,3,b225458a282e140c44c45651255f2f6c,2026-09-27T17:00:00Z,Bovada,2026-09-24T19:58:18Z,Los Angeles Chargers,Buffalo Bills,h2h,Buffalo Bills,,-340,0.77272727,bovada|b225458a282e140c44c45651255f2f6c|h2h|event,0.74087161,https://api.the-odds-api.com/v4/sports/americanfootball_nfl
2026,3,b225458a282e140c44c45651255f2f6c,2026-09-27T17:00:00Z,Bovada,2026-09-24T19:58:18Z,Los Angeles Chargers,Buffalo Bills,h2h,Los Angeles Chargers,,270,0.27027027,bovada|b225458a282e140c44c45651255f2f6c|h2h|event,0.25912839,https://api.the-odds-api.com/v4/sports/americanfootball_nfl
2026,3,b225458a282e140c44c45651255f2f6c,2026-09-27T17:00:00Z,Bovada,2026-09-24T19:58:18Z,Los Angeles Chargers,Buffalo Bills,spreads,Buffalo Bills,-7.5,100,0.5,bovada|b225458a282e140c44c45651255f2f6c|spreads|event,0.47826087,https://api.the-odds-api.com/v4/sports/americanfootball_nfl
2026,3,b225458a282e140c44c45651255f2f6c,2026-09-27T17:00:00Z,Bovada,2026-09-24T19:58:18Z,Los Angeles Chargers,Buffalo Bills,spreads,Los Angeles Chargers,7.5,-120,0.54545455,bovada|b225458a282e140c44c45651255f2f6c|spreads|event,0.52173913,https://api.the-odds-api.com/v4/sports/americanfootball_nfl
2026,3,b225458a282e140c44c45651255f2f6c,2026-09-27T17:00:00Z,Bovada,2026-09-24T19:58:18Z,Los Angeles Chargers,Buffalo Bills,totals,Over,50.0,-110,0.52380952,bovada|b225458a282e140c44c45651255f2f6c|totals|50.0,0.5,https://api.the-odds-api.com/v4/sports/americanfootball_nfl
2026,3,b225458a282e140c44c45651255f2f6c,2026-09-27T17:00:00Z,Bovada,2026-09-24T19:58:18Z,Los Angeles Chargers,Buffalo Bills,totals,Under,50.0,-110,0.52380952,bovada|b225458a282e140c44c45651255f2f6c|totals|50.0,0.5,https://api.the-odds-api.com/v4/sports/americanfootball_nfl
2026,3,613b8cd3a5fab58f7be4e3fd6f76223e,2026-09-27T17:00:00Z,DraftKings,2026-09-24T19:58:30Z,Carolina Panthers,Cleveland Browns,h2h,Carolina Panthers,,-148,0.59677419,draftkings|613b8cd3a5fab58f7be4e3fd6f76223e|h2h|event,0.57205963,https://api.the-odds-api.com/v4/sports/americanfootball_nfl
2026,3,613b8cd3a5fab58f7be4e3fd6f76223e,2026-09-27T17:00:00Z,DraftKings,2026-09-24T19:58:30Z,Carolina Panthers,Cleveland Browns,h2h,Cleveland Browns,,124,0.44642857,draftkings|613b8cd3a5fab58f7be4e3fd6f76223e|h2h|event,0.42794037,https://api.the-odds-api.com/v4/sports/americanfootball_nfl
2026,3,613b8cd3a5fab58f7be4e3fd6f76223e,2026-09-27T17:00:00Z,DraftKings,2026-09-24T19:58:30Z,Carolina Panthers,Cleveland Browns,spreads,Carolina Panthers,-2.5,-118,0.5412844,draftkings|613b8cd3a5fab58f7be4e3fd6f76223e|spreads|event,0.51736412,https://api.the-odds-api.com/v4/sports/americanfootball_nfl
2026,3,613b8cd3a5fab58f7be4e3fd6f76223e,2026-09-27T17:00:00Z,DraftKings,2026-09-24T19:58:30Z,Carolina Panthers,Cleveland Browns,spreads,Cleveland Browns,2.5,-102,0.5049505,draftkings|613b8cd3a5fab58f7be4e3fd6f76223e|spreads|event,0.48263588,https://api.the-odds-api.com/v4/sports/americanfootball_nfl
2026,3,613b8cd3a5fab58f7be4e3fd6f76223e,2026-09-27T17:00:00Z,DraftKings,2026-09-24T19:58:30Z,Carolina Panthers,Cleveland Browns,totals,Over,42.5,-108,0.51923077,draftkings|613b8cd3a5fab58f7be4e3fd6f76223e|totals|42.5,0.49567024,https://api.the-odds-api.com/v4/sports/americanfootball_nfl
2026,3,613b8cd3a5fab58f7be4e3fd6f76223e,2026-09-27T17:00:00Z,DraftKings,2026-09-24T19:58:30Z,Carolina Panthers,Cleveland Browns,totals,Under,42.5,-112,0.52830189,draftkings|613b8cd3a5fab58f7be4e3fd6f76223e|totals|42.5,0.50432976,https://api.the-odds-api.com/v4/sports/americanfootball_nfl
2026,3,613b8cd3a5fab58f7be4e3fd6f76223e,2026-09-27T17:00:00Z,BetUS,2026-09-24T19:59:06Z,Carolina Panthers,Cleveland Browns,h2h,Carolina Panthers,,-140,0.58333333,betus|613b8cd3a5fab58f7be4e3fd6f76223e|h2h|event,0.5620438,https://api.the-odds-api.com/v4/sports/americanfootball_nfl
2026,3,613b8cd3a5fab58f7be4e3fd6f76223e,2026-09-27T17:00:00Z,BetUS,2026-09-24T19:59:06Z,Carolina Panthers,Cleveland Browns,h2h,Cleveland Browns,,120,0.45454545,betus|613b8cd3a5fab58f7be4e3fd6f76223e|h2h|event,0.4379562,https://api.the-odds-api.com/v4/sports/americanfootball_nfl
2026,3,613b8cd3a5fab58f7be4e3fd6f76223e,2026-09-27T17:00:00Z,BetUS,2026-09-24T19:59:06Z,Carolina Panthers,Cleveland Browns,spreads,Carolina Panthers,-2.0,-120,0.54545455,betus|613b8cd3a5fab58f7be4e3fd6f76223e|spreads|event,0.52173913,https://api.the-odds-api.com/v4/sports/americanfootball_nfl
2026,3,613b8cd3a5fab58f7be4e3fd6f76223e,2026-09-27T17:00:00Z,BetUS,2026-09-24T19:59:06Z,Carolina Panthers,Cleveland Browns,spreads,Cleveland Browns,2.0,100,0.5,betus|613b8cd3a5fab58f7be4e3fd6f76223e|spreads|event,0.47826087,https://api.the-odds-api.com/v4/sports/americanfootball_nfl
2026,3,613b8cd3a5fab58f7be4e3fd6f76223e,2026-09-27T17:00:00Z,BetUS,2026-09-24T19:59:06Z,Carolina Panthers,Cleveland Browns,totals,Over,42.5,-110,0.52380952,betus|613b8cd3a5fab58f7be4e3fd6f76223e|totals|42.5,0.5,https://api.the-odds-api.com/v4/sports/americanfootball_nfl
2026,3,613b8cd3a5fab58f7be4e3fd6f76223e,2026-09-27T17:00:00Z,BetUS,2026-09-24T19:59:06Z,Carolina Panthers,Cleveland Browns,totals,Under,42.5,-110,0.52380952,betus|613b8cd3a5fab58f7be4e3fd6f76223e|totals|42.5,0.5,https://api.the-odds-api.com/v4/sports/americanfootball_nfl
2026,3,613b8cd3a5fab58f7be4e3fd6f76223e,2026-09-27T17:00:00Z,FanDuel,2026-09-24T19:59:06Z,Carolina Panthers,Cleveland Browns,h2h,Carolina Panthers,,-142,0.58677686,fanduel|613b8cd3a5fab58f7be4e3fd6f76223e|h2h|event,0.56349207,https://api.the-odds-api.com/v4/sports/americanfootball_nfl
2026,3,613b8cd3a5fab58f7be4e3fd6f76223e,2026-09-27T17:00:00Z,FanDuel,2026-09-24T19:59:06Z,Carolina Panthers,Cleveland Browns,h2h,Cleveland Browns,,120,0.45454545,fanduel|613b8cd3a5fab58f7be4e3fd6f76223e|h2h|event,0.43650793,https://api.the-odds-api.com/v4/sports/americanfootball_nfl
2026,3,613b8cd3a5fab58f7be4e3fd6f76223e,2026-09-27T17:00:00Z,FanDuel,2026-09-24T19:59:06Z,Carolina Panthers,Cleveland Browns,spreads,Carolina Panthers,-2.5,-115,0.53488372,fanduel|613b8cd3a5fab58f7be4e3fd6f76223e|spreads|event,0.51083424,https://api.the-odds-api.com/v4/sports/americanfootball_nfl
2026,3,613b8cd3a5fab58f7be4e3fd6f76223e,2026-09-27T17:00:00Z,FanDuel,2026-09-24T19:59:06Z,Carolina Panthers,Cleveland Browns,spreads,Cleveland Browns,2.5,-105,0.51219512,fanduel|613b8cd3a5fab58f7be4e3fd6f76223e|spreads|event,0.48916576,https://api.the-odds-api.com/v4/sports/americanfootball_nfl
2026,3,613b8cd3a5fab58f7be4e3fd6f76223e,2026-09-27T17:00:00Z,FanDuel,2026-09-24T19:59:06Z,Carolina Panthers,Cleveland Browns,totals,Over,41.5,-115,0.53488372,fanduel|613b8cd3a5fab58f7be4e3fd6f76223e|totals|41.5,0.51083424,https://api.the-odds-api.com/v4/sports/americanfootball_nfl
2026,3,613b8cd3a5fab58f7be4e3fd6f76223e,2026-09-27T17:00:00Z,FanDuel,2026-09-24T19:59:06Z,Carolina Panthers,Cleveland Browns,totals,Under,41.5,-105,0.51219512,fanduel|613b8cd3a5fab58f7be4e3fd6f76223e|totals|41.5,0.48916576,https://api.the-odds-api.com/v4/sports/americanfootball_nfl
2026,3,613b8cd3a5fab58f7be4e3fd6f76223e,2026-09-27T17:00:00Z,BetRivers,2026-09-24T19:58:14Z,Carolina Panthers,Cleveland Browns,h2h,Carolina Panthers,,-152,0.6031746,betrivers|613b8cd3a5fab58f7be4e3fd6f76223e|h2h|event,0.57575758,https://api.the-odds-api.com/v4/sports/americanfootball_nfl
2026,3,613b8cd3a5fab58f7be4e3fd6f76223e,2026-09-27T17:00:00Z,BetRivers,2026-09-24T19:58:14Z,Carolina Panthers,Cleveland Browns,h2h,Cleveland Browns,,125,0.44444444,betrivers|613b8cd3a5fab58f7be4e3fd6f76223e|h2h|event,0.42424242,https://api.the-odds-api.com/v4/sports/americanfootball_nfl
2026,3,613b8cd3a5fab58f7be4e3fd6f76223e,2026-09-27T17:00:00Z,BetRivers,2026-09-24T19:58:14Z,Carolina Panthers,Cleveland Browns,spreads,Carolina Panthers,-2.5,-117,0.53917051,betrivers|613b8cd3a5fab58f7be4e3fd6f76223e|spreads|event,0.51282874,https://api.the-odds-api.com/v4/sports/americanfootball_nfl
2026,3,613b8cd3a5fab58f7be4e3fd6f76223e,2026-09-27T17:00:00Z,BetRivers,2026-09-24T19:58:14Z,Carolina Panthers,Cleveland Browns,spreads,Cleveland Browns,2.5,-105,0.51219512,betrivers|613b8cd3a5fab58f7be4e3fd6f76223e|spreads|event,0.48717126,https://api.the-odds-api.com/v4/sports/americanfootball_nfl
2026,3,613b8cd3a5fab58f7be4e3fd6f76223e,2026-09-27T17:00:00Z,BetRivers,2026-09-24T19:58:14Z,Carolina Panthers,Cleveland Browns,totals,Over,41.5,-112,0.52830189,betrivers|613b8cd3a5fab58f7be4e3fd6f76223e|totals|41.5,0.5032247,https://api.the-odds-api.com/v4/sports/americanfootball_nfl
2026,3,613b8cd3a5fab58f7be4e3fd6f76223e,2026-09-27T17:00:00Z,BetRivers,2026-09-24T19:58:14Z,Carolina Panthers,Cleveland Browns,totals,Under,41.5,-109,0.5215311,betrivers|613b8cd3a5fab58f7be4e3fd6f76223e|totals|41.5,0.4967753,https://api.the-odds-api.com/v4/sports/americanfootball_nfl
2026,3,613b8cd3a5fab58f7be4e3fd6f76223e,2026-09-27T17:00:00Z,LowVig.ag,2026-09-24T19:59:07Z,Carolina Panthers,Cleveland Browns,h2h,Carolina Panthers,,-145,0.59183673,lowvig|613b8cd3a5fab58f7be4e3fd6f76223e|h2h|event,0.57111597,https://api.the-odds-api.com/v4/sports/americanfootball_nfl
2026,3,613b8cd3a5fab58f7be4e3fd6f76223e,2026-09-27T17:00:00Z,LowVig.ag,2026-09-24T19:59:07Z,Carolina Panthers,Cleveland Browns,h2h,Cleveland Browns,,125,0.44444444,lowvig|613b8cd3a5fab58f7be4e3fd6f76223e|h2h|event,0.42888403,https://api.the-odds-api.com/v4/sports/americanfootball_nfl
2026,3,613b8cd3a5fab58f7be4e3fd6f76223e,2026-09-27T17:00:00Z,LowVig.ag,2026-09-24T19:59:07Z,Carolina Panthers,Cleveland Browns,spreads,Carolina Panthers,-2.5,-112,0.52830189,lowvig|613b8cd3a5fab58f7be4e3fd6f76223e|spreads|event,0.51500732,https://api.the-odds-api.com/v4/sports/americanfootball_nfl
2026,3,613b8cd3a5fab58f7be4e3fd6f76223e,2026-09-27T17:00:00Z,LowVig.ag,2026-09-24T19:59:07Z,Carolina Panthers,Cleveland Browns,spreads,Cleveland Browns,2.5,101,0.49751244,lowvig|613b8cd3a5fab58f7be4e3fd6f76223e|spreads|event,0.48499268,https://api.the-odds-api.com/v4/sports/americanfootball_nfl
2026,3,613b8cd3a5fab58f7be4e3fd6f76223e,2026-09-27T17:00:00Z,LowVig.ag,2026-09-24T19:59:07Z,Carolina Panthers,Cleveland Browns,totals,Over,42.0,-113,0.53051643,lowvig|613b8cd3a5fab58f7be4e3fd6f76223e|totals|42.0,0.51234512,https://api.the-odds-api.com/v4/sports/americanfootball_nfl
2026,3,613b8cd3a5fab58f7be4e3fd6f76223e,2026-09-27T17:00:00Z,LowVig.ag,2026-09-24T19:59:07Z,Carolina Panthers,Cleveland Browns,totals,Under,42.0,-102,0.5049505,lowvig|613b8cd3a5fab58f7be4e3fd6f76223e|totals|42.0,0.48765488,https://api.the-odds-api.com/v4/sports/americanfootball_nfl
2026,3,613b8cd3a5fab58f7be4e3fd6f76223e,2026-09-27T17:00:00Z,BetOnline.ag,2026-09-24T19:58:15Z,Carolina Panthers,Cleveland Browns,h2h,Carolina Panthers,,-145,0.59183673,betonlineag|613b8cd3a5fab58f7be4e3fd6f76223e|h2h|event,0.57111597,https://api.the-odds-api.com/v4/sports/americanfootball_nfl
2026,3,613b8cd3a5fab58f7be4e3fd6f76223e,2026-09-27T17:00:00Z,BetOnline.ag,2026-09-24T19:58:15Z,Carolina Panthers,Cleveland Browns,h2h,Cleveland Browns,,125,0.44444444,betonlineag|613b8cd3a5fab58f7be4e3fd6f76223e|h2h|event,0.42888403,https://api.the-odds-api.com/v4/sports/americanfootball_nfl
2026,3,613b8cd3a5fab58f7be4e3fd6f76223e,2026-09-27T17:00:00Z,BetOnline.ag,2026-09-24T19:58:15Z,Carolina Panthers,Cleveland Browns,spreads,Carolina Panthers,-2.5,-116,0.53703704,betonlineag|613b8cd3a5fab58f7be4e3fd6f76223e|spreads|event,0.51300729,https://api.the-odds-api.com/v4/sports/americanfootball_nfl
2026,3,613b8cd3a5fab58f7be4e3fd6f76223e,2026-09-27T17:00:00Z,BetOnline.ag,2026-09-24T19:58:15Z,Carolina Panthers,Cleveland Browns,spreads,Cleveland Browns,2.5,-104,0.50980392,betonlineag|613b8cd3a5fab58f7be4e3fd6f76223e|spreads|event,0.48699271,https://api.the-odds-api.com/v4/sports/americanfootball_nfl
2026,3,613b8cd3a5fab58f7be4e3fd6f76223e,2026-09-27T17:00:00Z,BetOnline.ag,2026-09-24T19:58:15Z,Carolina Panthers,Cleveland Browns,totals,Over,42.0,-115,0.53488372,betonlineag|613b8cd3a5fab58f7be4e3fd6f76223e|totals|42.0,0.51083424,https://api.the-odds-api.com/v4/sports/americanfootball_nfl
2026,3,613b8cd3a5fab58f7be4e3fd6f76223e,2026-09-27T17:00:00Z,BetOnline.ag,2026-09-24T19:58:15Z,Carolina Panthers,Cleveland Browns,totals,Under,42.0,-105,0.51219512,betonlineag|613b8cd3a5fab58f7be4e3fd6f76223e|totals|42.0,0.48916576,https://api.the-odds-api.com/v4/sports/americanfootball_nfl
2026,3,613b8cd3a5fab58f7be4e3fd6f76223e,2026-09-27T17:00:00Z,MyBookie.ag,2026-09-24T19:57:58Z,Carolina Panthers,Cleveland Browns,h2h,Carolina Panthers,,-149,0.59839357,mybookieag|613b8cd3a5fab58f7be4e3fd6f76223e|h2h|event,0.57052675,https://api.the-odds-api.com/v4/sports/americanfootball_nfl
2026,3,613b8cd3a5fab58f7be4e3fd6f76223e,2026-09-27T17:00:00Z,MyBookie.ag,2026-09-24T19:57:58Z,Carolina Panthers,Cleveland Browns,h2h,Cleveland Browns,,122,0.45045045,mybookieag|613b8cd3a5fab58f7be4e3fd6f76223e|h2h|event,0.42947325,https://api.the-odds-api.com/v4/sports/americanfootball_nfl
2026,3,613b8cd3a5fab58f7be4e3fd6f76223e,2026-09-27T17:00:00Z,MyBookie.ag,2026-09-24T19:57:58Z,Carolina Panthers,Cleveland Browns,spreads,Carolina Panthers,-2.5,-110,0.52380952,mybookieag|613b8cd3a5fab58f7be4e3fd6f76223e|spreads|event,0.5,https://api.the-odds-api.com/v4/sports/americanfootball_nfl
2026,3,613b8cd3a5fab58f7be4e3fd6f76223e,2026-09-27T17:00:00Z,MyBookie.ag,2026-09-24T19:57:58Z,Carolina Panthers,Cleveland Browns,spreads,Cleveland Browns,2.5,-110,0.52380952,mybookieag|613b8cd3a5fab58f7be4e3fd6f76223e|spreads|event,0.5,https://api.the-odds-api.com/v4/sports/americanfootball_nfl
2026,3,613b8cd3a5fab58f7be4e3fd6f76223e,2026-09-27T17:00:00Z,MyBookie.ag,2026-09-24T19:57:58Z,Carolina Panthers,Cleveland Browns,totals,Over,42.5,-110,0.52380952,mybookieag|613b8cd3a5fab58f7be4e3fd6f76223e|totals|42.5,0.5,https://api.the-odds-api.com/v4/sports/americanfootball_nfl
2026,3,613b8cd3a5fab58f7be4e3fd6f76223e,2026-09-27T17:00:00Z,MyBookie.ag,2026-09-24T19:57:58Z,Carolina Panthers,Cleveland Browns,totals,Under,42.5,-110,0.52380952,mybookieag|613b8cd3a5fab58f7be4e3fd6f76223e|totals|42.5,0.5,https://api.the-odds-api.com/v4/sports/americanfootball_nfl
2026,3,613b8cd3a5fab58f7be4e3fd6f76223e,2026-09-27T17:00:00Z,BetMGM,2026-09-24T19:58:17Z,Carolina Panthers,Cleveland Browns,h2h,Carolina Panthers,,-145,0.59183673,betmgm|613b8cd3a5fab58f7be4e3fd6f76223e|h2h|event,0.56560284,https://api.the-odds-api.com/v4/sports/americanfootball_nfl
2026,3,613b8cd3a5fab58f7be4e3fd6f76223e,2026-09-27T17:00:00Z,BetMGM,2026-09-24T19:58:17Z,Carolina Panthers,Cleveland Browns,h2h,Cleveland Browns,,120,0.45454545,betmgm|613b8cd3a5fab58f7be4e3fd6f76223e|h2h|event,0.43439716,https://api.the-odds-api.com/v4/sports/americanfootball_nfl
2026,3,613b8cd3a5fab58f7be4e3fd6f76223e,2026-09-27T17:00:00Z,BetMGM,2026-09-24T19:58:17Z,Carolina Panthers,Cleveland Browns,spreads,Carolina Panthers,-2.5,-115,0.53488372,betmgm|613b8cd3a5fab58f7be4e3fd6f76223e|spreads|event,0.51083424,https://api.the-odds-api.com/v4/sports/americanfootball_nfl
2026,3,613b8cd3a5fab58f7be4e3fd6f76223e,2026-09-27T17:00:00Z,BetMGM,2026-09-24T19:58:17Z,Carolina Panthers,Cleveland Browns,spreads,Cleveland Browns,2.5,-105,0.51219512,betmgm|613b8cd3a5fab58f7be4e3fd6f76223e|spreads|event,0.48916576,https://api.the-odds-api.com/v4/sports/americanfootball_nfl
2026,3,613b8cd3a5fab58f7be4e3fd6f76223e,2026-09-27T17:00:00Z,BetMGM,2026-09-24T19:58:17Z,Carolina Panthers,Cleveland Browns,totals,Over,42.5,-108,0.51923077,betmgm|613b8cd3a5fab58f7be4e3fd6f76223e|totals|42.5,0.49780509,https://api.the-odds-api.com/v4/sports/americanfootball_nfl
2026,3,613b8cd3a5fab58f7be4e3fd6f76223e,2026-09-27T17:00:00Z,BetMGM,2026-09-24T19:58:17Z,Carolina Panthers,Cleveland Browns,totals,Under,42.5,-110,0.52380952,betmgm|613b8cd3a5fab58f7be4e3fd6f76223e|totals|42.5,0.50219491,https://api.the-odds-api.com/v4/sports/americanfootball_nfl
2026,3,613b8cd3a5fab58f7be4e3fd6f76223e,2026-09-27T17:00:00Z,Bovada,2026-09-24T19:58:18Z,Carolina Panthers,Cleveland Browns,h2h,Carolina Panthers,,-150,0.6,bovada|613b8cd3a5fab58f7be4e3fd6f76223e|h2h|event,0.57983193,https://api.the-odds-api.com/v4/sports/americanfootball_nfl
2026,3,613b8cd3a5fab58f7be4e3fd6f76223e,2026-09-27T17:00:00Z,Bovada,2026-09-24T19:58:18Z,Carolina Panthers,Cleveland Browns,h2h,Cleveland Browns,,130,0.43478261,bovada|613b8cd3a5fab58f7be4e3fd6f76223e|h2h|event,0.42016807,https://api.the-odds-api.com/v4/sports/americanfootball_nfl
2026,3,613b8cd3a5fab58f7be4e3fd6f76223e,2026-09-27T17:00:00Z,Bovada,2026-09-24T19:58:18Z,Carolina Panthers,Cleveland Browns,spreads,Carolina Panthers,-2.5,-120,0.54545455,bovada|613b8cd3a5fab58f7be4e3fd6f76223e|spreads|event,0.52173913,https://api.the-odds-api.com/v4/sports/americanfootball_nfl
2026,3,613b8cd3a5fab58f7be4e3fd6f76223e,2026-09-27T17:00:00Z,Bovada,2026-09-24T19:58:18Z,Carolina Panthers,Cleveland Browns,spreads,Cleveland Browns,2.5,100,0.5,bovada|613b8cd3a5fab58f7be4e3fd6f76223e|spreads|event,0.47826087,https://api.the-odds-api.com/v4/sports/americanfootball_nfl
2026,3,613b8cd3a5fab58f7be4e3fd6f76223e,2026-09-27T17:00:00Z,Bovada,2026-09-24T19:58:18Z,Carolina Panthers,Cleveland Browns,totals,Over,42.0,-115,0.53488372,bovada|613b8cd3a5fab58f7be4e3fd6f76223e|totals|42.0,0.51083424,https://api.the-odds-api.com/v4/sports/americanfootball_nfl
2026,3,613b8cd3a5fab58f7be4e3fd6f76223e,2026-09-27T17:00:00Z,Bovada,2026-09-24T19:58:18Z,Carolina Panthers,Cleveland Browns,totals,Under,42.0,-105,0.51219512,bovada|613b8cd3a5fab58f7be4e3fd6f76223e|totals|42.0,0.48916576,https://api.the-odds-api.com/v4/sports/americanfootball_nfl
2026,3,71123be049587b6facce3a20c53e5d09,2026-09-27T17:00:00Z,DraftKings,2026-09-24T19:58:30Z,Cincinnati Bengals,Pittsburgh Steelers,h2h,Cincinnati Bengals,,-185,0.64912281,draftkings|71123be049587b6facce3a20c53e5d09|h2h|event,0.62246655,https://api.the-odds-api.com/v4/sports/americanfootball_nfl
2026,3,71123be049587b6facce3a20c53e5d09,2026-09-27T17:00:00Z,DraftKings,2026-09-24T19:58:30Z,Cincinnati Bengals,Pittsburgh Steelers,h2h,Pittsburgh Steelers,,154,0.39370079,draftkings|71123be049587b6facce3a20c53e5d09|h2h|event,0.37753345,https://api.the-odds-api.com/v4/sports/americanfootball_nfl
2026,3,71123be049587b6facce3a20c53e5d09,2026-09-27T17:00:00Z,DraftKings,2026-09-24T19:58:30Z,Cincinnati Bengals,Pittsburgh Steelers,spreads,Cincinnati Bengals,-3.5,-115,0.53488372,draftkings|71123be049587b6facce3a20c53e5d09|spreads|event,0.51083424,https://api.the-odds-api.com/v4/sports/americanfootball_nfl
2026,3,71123be049587b6facce3a20c53e5d09,2026-09-27T17:00:00Z,DraftKings,2026-09-24T19:58:30Z,Cincinnati Bengals,Pittsburgh Steelers,spreads,Pittsburgh Steelers,3.5,-105,0.51219512,draftkings|71123be049587b6facce3a20c53e5d09|spreads|event,0.48916576,https://api.the-odds-api.com/v4/sports/americanfootball_nfl
2026,3,71123be049587b6facce3a20c53e5d09,2026-09-27T17:00:00Z,DraftKings,2026-09-24T19:58:30Z,Cincinnati Bengals,Pittsburgh Steelers,totals,Over,42.5,-110,0.52380952,draftkings|71123be049587b6facce3a20c53e5d09|totals|42.5,0.5,https://api.the-odds-api.com/v4/sports/americanfootball_nfl
2026,3,71123be049587b6facce3a20c53e5d09,2026-09-27T17:00:00Z,DraftKings,2026-09-24T19:58:30Z,Cincinnati Bengals,Pittsburgh Steelers,totals,Under,42.5,-110,0.52380952,draftkings|71123be049587b6facce3a20c53e5d09|totals|42.5,0.5,https://api.the-odds-api.com/v4/sports/americanfootball_nfl
2026,3,71123be049587b6facce3a20c53e5d09,2026-09-27T17:00:00Z,BetUS,2026-09-24T19:59:06Z,Cincinnati Bengals,Pittsburgh Steelers,h2h,Cincinnati Bengals,,-190,0.65517241,betus|71123be049587b6facce3a20c53e5d09|h2h|event,0.63277194,https://api.the-odds-api.com/v4/sports/americanfootball_nfl
2026,3,71123be049587b6facce3a20c53e5d09,2026-09-27T17:00:00Z,BetUS,2026-09-24T19:59:06Z,Cincinnati Bengals,Pittsburgh Steelers,h2h,Pittsburgh Steelers,,163,0.38022814,betus|71123be049587b6facce3a20c53e5d09|h2h|event,0.36722806,https://api.the-odds-api.com/v4/sports/americanfootball_nfl
2026,3,71123be049587b6facce3a20c53e5d09,2026-09-27T17:00:00Z,BetUS,2026-09-24T19:59:06Z,Cincinnati Bengals,Pittsburgh Steelers,spreads,Cincinnati Bengals,-3.5,-110,0.52380952,betus|71123be049587b6facce3a20c53e5d09|spreads|event,0.5,https://api.the-odds-api.com/v4/sports/americanfootball_nfl
2026,3,71123be049587b6facce3a20c53e5d09,2026-09-27T17:00:00Z,BetUS,2026-09-24T19:59:06Z,Cincinnati Bengals,Pittsburgh Steelers,spreads,Pittsburgh Steelers,3.5,-110,0.52380952,betus|71123be049587b6facce3a20c53e5d09|spreads|event,0.5,https://api.the-odds-api.com/v4/sports/americanfootball_nfl
2026,3,71123be049587b6facce3a20c53e5d09,2026-09-27T17:00:00Z,BetUS,2026-09-24T19:59:06Z,Cincinnati Bengals,Pittsburgh Steelers,totals,Over,42.5,-110,0.52380952,betus|71123be049587b6facce3a20c53e5d09|totals|42.5,0.5,https://api.the-odds-api.com/v4/sports/americanfootball_nfl
2026,3,71123be049587b6facce3a20c53e5d09,2026-09-27T17:00:00Z,BetUS,2026-09-24T19:59:06Z,Cincinnati Bengals,Pittsburgh Steelers,totals,Under,42.5,-110,0.52380952,betus|71123be049587b6facce3a20c53e5d09|totals|42.5,0.5,https://api.the-odds-api.com/v4/sports/americanfootball_nfl
2026,3,71123be049587b6facce3a20c53e5d09,2026-09-27T17:00:00Z,FanDuel,2026-09-24T19:59:06Z,Cincinnati Bengals,Pittsburgh Steelers,h2h,Cincinnati Bengals,,-190,0.65517241,fanduel|71123be049587b6facce3a20c53e5d09|h2h|event,0.63010204,https://api.the-odds-api.com/v4/sports/americanfootball_nfl
2026,3,71123be049587b6facce3a20c53e5d09,2026-09-27T17:00:00Z,FanDuel,2026-09-24T19:59:06Z,Cincinnati Bengals,Pittsburgh Steelers,h2h,Pittsburgh Steelers,,160,0.38461538,fanduel|71123be049587b6facce3a20c53e5d09|h2h|event,0.36989796,https://api.the-odds-api.com/v4/sports/americanfootball_nfl
2026,3,71123be049587b6facce3a20c53e5d09,2026-09-27T17:00:00Z,FanDuel,2026-09-24T19:59:06Z,Cincinnati Bengals,Pittsburgh Steelers,spreads,Cincinnati Bengals,-3.5,-108,0.51923077,fanduel|71123be049587b6facce3a20c53e5d09|spreads|event,0.49567024,https://api.the-odds-api.com/v4/sports/americanfootball_nfl
2026,3,71123be049587b6facce3a20c53e5d09,2026-09-27T17:00:00Z,FanDuel,2026-09-24T19:59:06Z,Cincinnati Bengals,Pittsburgh Steelers,spreads,Pittsburgh Steelers,3.5,-112,0.52830189,fanduel|71123be049587b6facce3a20c53e5d09|spreads|event,0.50432976,https://api.the-odds-api.com/v4/sports/americanfootball_nfl
2026,3,71123be049587b6facce3a20c53e5d09,2026-09-27T17:00:00Z,FanDuel,2026-09-24T19:59:06Z,Cincinnati Bengals,Pittsburgh Steelers,totals,Over,42.5,-115,0.53488372,fanduel|71123be049587b6facce3a20c53e5d09|totals|42.5,0.51083424,https://api.the-odds-api.com/v4/sports/americanfootball_nfl
2026,3,71123be049587b6facce3a20c53e5d09,2026-09-27T17:00:00Z,FanDuel,2026-09-24T19:59:06Z,Cincinnati Bengals,Pittsburgh Steelers,totals,Under,42.5,-105,0.51219512,fanduel|71123be049587b6facce3a20c53e5d09|totals|42.5,0.48916576,https://api.the-odds-api.com/v4/sports/americanfootball_nfl
2026,3,71123be049587b6facce3a20c53e5d09,2026-09-27T17:00:00Z,BetRivers,2026-09-24T19:58:14Z,Cincinnati Bengals,Pittsburgh Steelers,h2h,Cincinnati Bengals,,-195,0.66101695,betrivers|71123be049587b6facce3a20c53e5d09|h2h|event,0.63216958,https://api.the-odds-api.com/v4/sports/americanfootball_nfl
2026,3,71123be049587b6facce3a20c53e5d09,2026-09-27T17:00:00Z,BetRivers,2026-09-24T19:58:14Z,Cincinnati Bengals,Pittsburgh Steelers,h2h,Pittsburgh Steelers,,160,0.38461538,betrivers|71123be049587b6facce3a20c53e5d09|h2h|event,0.36783042,https://api.the-odds-api.com/v4/sports/americanfootball_nfl
2026,3,71123be049587b6facce3a20c53e5d09,2026-09-27T17:00:00Z,BetRivers,2026-09-24T19:58:14Z,Cincinnati Bengals,Pittsburgh Steelers,spreads,Cincinnati Bengals,-3.5,-112,0.52830189,betrivers|71123be049587b6facce3a20c53e5d09|spreads|event,0.5032247,https://api.the-odds-api.com/v4/sports/americanfootball_nfl
2026,3,71123be049587b6facce3a20c53e5d09,2026-09-27T17:00:00Z,BetRivers,2026-09-24T19:58:14Z,Cincinnati Bengals,Pittsburgh Steelers,spreads,Pittsburgh Steelers,3.5,-109,0.5215311,betrivers|71123be049587b6facce3a20c53e5d09|spreads|event,0.4967753,https://api.the-odds-api.com/v4/sports/americanfootball_nfl
2026,3,71123be049587b6facce3a20c53e5d09,2026-09-27T17:00:00Z,BetRivers,2026-09-24T19:58:14Z,Cincinnati Bengals,Pittsburgh Steelers,totals,Over,42.5,-110,0.52380952,betrivers|71123be049587b6facce3a20c53e5d09|totals|42.5,0.5,https://api.the-odds-api.com/v4/sports/americanfootball_nfl
2026,3,71123be049587b6facce3a20c53e5d09,2026-09-27T17:00:00Z,BetRivers,2026-09-24T19:58:14Z,Cincinnati Bengals,Pittsburgh Steelers,totals,Under,42.5,-110,0.52380952,betrivers|71123be049587b6facce3a20c53e5d09|totals|42.5,0.5,https://api.the-odds-api.com/v4/sports/americanfootball_nfl
2026,3,71123be049587b6facce3a20c53e5d09,2026-09-27T17:00:00Z,LowVig.ag,2026-09-24T19:59:07Z,Cincinnati Bengals,Pittsburgh Steelers,h2h,Cincinnati Bengals,,-190,0.65517241,lowvig|71123be049587b6facce3a20c53e5d09|h2h|event,0.63453056,https://api.the-odds-api.com/v4/sports/americanfootball_nfl
2026,3,71123be049587b6facce3a20c53e5d09,2026-09-27T17:00:00Z,LowVig.ag,2026-09-24T19:59:07Z,Cincinnati Bengals,Pittsburgh Steelers,h2h,Pittsburgh Steelers,,165,0.37735849,lowvig|71123be049587b6facce3a20c53e5d09|h2h|event,0.36546944,https://api.the-odds-api.com/v4/sports/americanfootball_nfl
2026,3,71123be049587b6facce3a20c53e5d09,2026-09-27T17:00:00Z,LowVig.ag,2026-09-24T19:59:07Z,Cincinnati Bengals,Pittsburgh Steelers,spreads,Cincinnati Bengals,-3.5,100,0.5,lowvig|71123be049587b6facce3a20c53e5d09|spreads|event,0.48837209,https://api.the-odds-api.com/v4/sports/americanfootball_nfl
2026,3,71123be049587b6facce3a20c53e5d09,2026-09-27T17:00:00Z,LowVig.ag,2026-09-24T19:59:07Z,Cincinnati Bengals,Pittsburgh Steelers,spreads,Pittsburgh Steelers,3.5,-110,0.52380952,lowvig|71123be049587b6facce3a20c53e5d09|spreads|event,0.51162791,https://api.the-odds-api.com/v4/sports/americanfootball_nfl
2026,3,71123be049587b6facce3a20c53e5d09,2026-09-27T17:00:00Z,LowVig.ag,2026-09-24T19:59:07Z,Cincinnati Bengals,Pittsburgh Steelers,totals,Over,42.5,-107,0.51690821,lowvig|71123be049587b6facce3a20c53e5d09|totals|42.5,0.5,https://api.the-odds-api.com/v4/sports/americanfootball_nfl
2026,3,71123be049587b6facce3a20c53e5d09,2026-09-27T17:00:00Z,LowVig.ag,2026-09-24T19:59:07Z,Cincinnati Bengals,Pittsburgh Steelers,totals,Under,42.5,-107,0.51690821,lowvig|71123be049587b6facce3a20c53e5d09|totals|42.5,0.5,https://api.the-odds-api.com/v4/sports/americanfootball_nfl
2026,3,71123be049587b6facce3a20c53e5d09,2026-09-27T17:00:00Z,BetOnline.ag,2026-09-24T19:58:15Z,Cincinnati Bengals,Pittsburgh Steelers,h2h,Cincinnati Bengals,,-190,0.65517241,betonlineag|71123be049587b6facce3a20c53e5d09|h2h|event,0.63453056,https://api.the-odds-api.com/v4/sports/americanfootball_nfl
2026,3,71123be049587b6facce3a20c53e5d09,2026-09-27T17:00:00Z,BetOnline.ag,2026-09-24T19:58:15Z,Cincinnati Bengals,Pittsburgh Steelers,h2h,Pittsburgh Steelers,,165,0.37735849,betonlineag|71123be049587b6facce3a20c53e5d09|h2h|event,0.36546944,https://api.the-odds-api.com/v4/sports/americanfootball_nfl
2026,3,71123be049587b6facce3a20c53e5d09,2026-09-27T17:00:00Z,BetOnline.ag,2026-09-24T19:58:15Z,Cincinnati Bengals,Pittsburgh Steelers,spreads,Cincinnati Bengals,-3.5,-105,0.51219512,betonlineag|71123be049587b6facce3a20c53e5d09|spreads|event,0.48916576,https://api.the-odds-api.com/v4/sports/americanfootball_nfl
2026,3,71123be049587b6facce3a20c53e5d09,2026-09-27T17:00:00Z,BetOnline.ag,2026-09-24T19:58:15Z,Cincinnati Bengals,Pittsburgh Steelers,spreads,Pittsburgh Steelers,3.5,-115,0.53488372,betonlineag|71123be049587b6facce3a20c53e5d09|spreads|event,0.51083424,https://api.the-odds-api.com/v4/sports/americanfootball_nfl
2026,3,71123be049587b6facce3a20c53e5d09,2026-09-27T17:00:00Z,BetOnline.ag,2026-09-24T19:58:15Z,Cincinnati Bengals,Pittsburgh Steelers,totals,Over,42.5,-110,0.52380952,betonlineag|71123be049587b6facce3a20c53e5d09|totals|42.5,0.5,https://api.the-odds-api.com/v4/sports/americanfootball_nfl
2026,3,71123be049587b6facce3a20c53e5d09,2026-09-27T17:00:00Z,BetOnline.ag,2026-09-24T19:58:15Z,Cincinnati Bengals,Pittsburgh Steelers,totals,Under,42.5,-110,0.52380952,betonlineag|71123be049587b6facce3a20c53e5d09|totals|42.5,0.5,https://api.the-odds-api.com/v4/sports/americanfootball_nfl
2026,3,71123be049587b6facce3a20c53e5d09,2026-09-27T17:00:00Z,MyBookie.ag,2026-09-24T19:57:58Z,Cincinnati Bengals,Pittsburgh Steelers,h2h,Cincinnati Bengals,,-193,0.65870307,mybookieag|71123be049587b6facce3a20c53e5d09|h2h|event,0.62773797,https://api.the-odds-api.com/v4/sports/americanfootball_nfl
2026,3,71123be049587b6facce3a20c53e5d09,2026-09-27T17:00:00Z,MyBookie.ag,2026-09-24T19:57:58Z,Cincinnati Bengals,Pittsburgh Steelers,h2h,Pittsburgh Steelers,,156,0.390625,mybookieag|71123be049587b6facce3a20c53e5d09|h2h|event,0.37226203,https://api.the-odds-api.com/v4/sports/americanfootball_nfl
2026,3,71123be049587b6facce3a20c53e5d09,2026-09-27T17:00:00Z,MyBookie.ag,2026-09-24T19:57:58Z,Cincinnati Bengals,Pittsburgh Steelers,spreads,Cincinnati Bengals,-3.5,-110,0.52380952,mybookieag|71123be049587b6facce3a20c53e5d09|spreads|event,0.5,https://api.the-odds-api.com/v4/sports/americanfootball_nfl
2026,3,71123be049587b6facce3a20c53e5d09,2026-09-27T17:00:00Z,MyBookie.ag,2026-09-24T19:57:58Z,Cincinnati Bengals,Pittsburgh Steelers,spreads,Pittsburgh Steelers,3.5,-110,0.52380952,mybookieag|71123be049587b6facce3a20c53e5d09|spreads|event,0.5,https://api.the-odds-api.com/v4/sports/americanfootball_nfl
2026,3,71123be049587b6facce3a20c53e5d09,2026-09-27T17:00:00Z,MyBookie.ag,2026-09-24T19:57:58Z,Cincinnati Bengals,Pittsburgh Steelers,totals,Over,42.5,-110,0.52380952,mybookieag|71123be049587b6facce3a20c53e5d09|totals|42.5,0.5,https://api.the-odds-api.com/v4/sports/americanfootball_nfl
2026,3,71123be049587b6facce3a20c53e5d09,2026-09-27T17:00:00Z,MyBookie.ag,2026-09-24T19:57:58Z,Cincinnati Bengals,Pittsburgh Steelers,totals,Under,42.5,-110,0.52380952,mybookieag|71123be049587b6facce3a20c53e5d09|totals|42.5,0.5,https://api.the-odds-api.com/v4/sports/americanfootball_nfl
2026,3,71123be049587b6facce3a20c53e5d09,2026-09-27T17:00:00Z,BetMGM,2026-09-24T19:58:17Z,Cincinnati Bengals,Pittsburgh Steelers,h2h,Cincinnati Bengals,,-190,0.65517241,betmgm|71123be049587b6facce3a20c53e5d09|h2h|event,0.62556488,https://api.the-odds-api.com/v4/sports/americanfootball_nfl
2026,3,71123be049587b6facce3a20c53e5d09,2026-09-27T17:00:00Z,BetMGM,2026-09-24T19:58:17Z,Cincinnati Bengals,Pittsburgh Steelers,h2h,Pittsburgh Steelers,,155,0.39215686,betmgm|71123be049587b6facce3a20c53e5d09|h2h|event,0.37443512,https://api.the-odds-api.com/v4/sports/americanfootball_nfl
2026,3,71123be049587b6facce3a20c53e5d09,2026-09-27T17:00:00Z,BetMGM,2026-09-24T19:58:17Z,Cincinnati Bengals,Pittsburgh Steelers,spreads,Cincinnati Bengals,-3.5,-108,0.51923077,betmgm|71123be049587b6facce3a20c53e5d09|spreads|event,0.49780509,https://api.the-odds-api.com/v4/sports/americanfootball_nfl
2026,3,71123be049587b6facce3a20c53e5d09,2026-09-27T17:00:00Z,BetMGM,2026-09-24T19:58:17Z,Cincinnati Bengals,Pittsburgh Steelers,spreads,Pittsburgh Steelers,3.5,-110,0.52380952,betmgm|71123be049587b6facce3a20c53e5d09|spreads|event,0.50219491,https://api.the-odds-api.com/v4/sports/americanfootball_nfl
2026,3,71123be049587b6facce3a20c53e5d09,2026-09-27T17:00:00Z,BetMGM,2026-09-24T19:58:17Z,Cincinnati Bengals,Pittsburgh Steelers,totals,Over,42.5,-110,0.52380952,betmgm|71123be049587b6facce3a20c53e5d09|totals|42.5,0.50219491,https://api.the-odds-api.com/v4/sports/americanfootball_nfl
2026,3,71123be049587b6facce3a20c53e5d09,2026-09-27T17:00:00Z,BetMGM,2026-09-24T19:58:17Z,Cincinnati Bengals,Pittsburgh Steelers,totals,Under,42.5,-108,0.51923077,betmgm|71123be049587b6facce3a20c53e5d09|totals|42.5,0.49780509,https://api.the-odds-api.com/v4/sports/americanfootball_nfl
2026,3,71123be049587b6facce3a20c53e5d09,2026-09-27T17:00:00Z,Bovada,2026-09-24T19:58:18Z,Cincinnati Bengals,Pittsburgh Steelers,h2h,Cincinnati Bengals,,-185,0.64912281,bovada|71123be049587b6facce3a20c53e5d09|h2h|event,0.62793734,https://api.the-odds-api.com/v4/sports/americanfootball_nfl
2026,3,71123be049587b6facce3a20c53e5d09,2026-09-27T17:00:00Z,Bovada,2026-09-24T19:58:18Z,Cincinnati Bengals,Pittsburgh Steelers,h2h,Pittsburgh Steelers,,160,0.38461538,bovada|71123be049587b6facce3a20c53e5d09|h2h|event,0.37206266,https://api.the-odds-api.com/v4/sports/americanfootball_nfl
2026,3,71123be049587b6facce3a20c53e5d09,2026-09-27T17:00:00Z,Bovada,2026-09-24T19:58:18Z,Cincinnati Bengals,Pittsburgh Steelers,spreads,Cincinnati Bengals,-3.5,-105,0.51219512,bovada|71123be049587b6facce3a20c53e5d09|spreads|event,0.48916576,https://api.the-odds-api.com/v4/sports/americanfootball_nfl
2026,3,71123be049587b6facce3a20c53e5d09,2026-09-27T17:00:00Z,Bovada,2026-09-24T19:58:18Z,Cincinnati Bengals,Pittsburgh Steelers,spreads,Pittsburgh Steelers,3.5,-115,0.53488372,bovada|71123be049587b6facce3a20c53e5d09|spreads|event,0.51083424,https://api.the-odds-api.com/v4/sports/americanfootball_nfl
2026,3,71123be049587b6facce3a20c53e5d09,2026-09-27T17:00:00Z,Bovada,2026-09-24T19:58:18Z,Cincinnati Bengals,Pittsburgh Steelers,totals,Over,42.0,-115,0.53488372,bovada|71123be049587b6facce3a20c53e5d09|totals|42.0,0.51083424,https://api.the-odds-api.com/v4/sports/americanfootball_nfl
2026,3,71123be049587b6facce3a20c53e5d09,2026-09-27T17:00:00Z,Bovada,2026-09-24T19:58:18Z,Cincinnati Bengals,Pittsburgh Steelers,totals,Under,42.0,-105,0.51219512,bovada|71123be049587b6facce3a20c53e5d09|totals|42.0,0.48916576,https://api.the-odds-api.com/v4/sports/americanfootball_nfl
2026,3,07f552badfa8a565d1be22123713e4da,2026-09-27T17:00:00Z,DraftKings,2026-09-24T19:58:30Z,New York Jets,Detroit Lions,h2h,Detroit Lions,,-290,0.74358974,draftkings|07f552badfa8a565d1be22123713e4da|h2h|event,0.71355123,https://api.the-odds-api.com/v4/sports/americanfootball_nfl
2026,3,07f552badfa8a565d1be22123713e4da,2026-09-27T17:00:00Z,DraftKings,2026-09-24T19:58:30Z,New York Jets,Detroit Lions,h2h,New York Jets,,235,0.29850746,draftkings|07f552badfa8a565d1be22123713e4da|h2h|event,0.28644877,https://api.the-odds-api.com/v4/sports/americanfootball_nfl
2026,3,07f552badfa8a565d1be22123713e4da,2026-09-27T17:00:00Z,DraftKings,2026-09-24T19:58:30Z,New York Jets,Detroit Lions,spreads,Detroit Lions,-6.5,-110,0.52380952,draftkings|07f552badfa8a565d1be22123713e4da|spreads|event,0.5,https://api.the-odds-api.com/v4/sports/americanfootball_nfl
2026,3,07f552badfa8a565d1be22123713e4da,2026-09-27T17:00:00Z,DraftKings,2026-09-24T19:58:30Z,New York Jets,Detroit Lions,spreads,New York Jets,6.5,-110,0.52380952,draftkings|07f552badfa8a565d1be22123713e4da|spreads|event,0.5,https://api.the-odds-api.com/v4/sports/americanfootball_nfl
2026,3,07f552badfa8a565d1be22123713e4da,2026-09-27T17:00:00Z,DraftKings,2026-09-24T19:58:30Z,New York Jets,Detroit Lions,totals,Over,47.5,-112,0.52830189,draftkings|07f552badfa8a565d1be22123713e4da|totals|47.5,0.50432976,https://api.the-odds-api.com/v4/sports/americanfootball_nfl
2026,3,07f552badfa8a565d1be22123713e4da,2026-09-27T17:00:00Z,DraftKings,2026-09-24T19:58:30Z,New York Jets,Detroit Lions,totals,Under,47.5,-108,0.51923077,draftkings|07f552badfa8a565d1be22123713e4da|totals|47.5,0.49567024,https://api.the-odds-api.com/v4/sports/americanfootball_nfl
2026,3,07f552badfa8a565d1be22123713e4da,2026-09-27T17:00:00Z,FanDuel,2026-09-24T19:59:06Z,New York Jets,Detroit Lions,h2h,Detroit Lions,,-330,0.76744186,fanduel|07f552badfa8a565d1be22123713e4da|h2h|event,0.73692261,https://api.the-odds-api.com/v4/sports/americanfootball_nfl
2026,3,07f552badfa8a565d1be22123713e4da,2026-09-27T17:00:00Z,FanDuel,2026-09-24T19:59:06Z,New York Jets,Detroit Lions,h2h,New York Jets,,265,0.2739726,fanduel|07f552badfa8a565d1be22123713e4da|h2h|event,0.26307739,https://api.the-odds-api.com/v4/sports/americanfootball_nfl
2026,3,07f552badfa8a565d1be22123713e4da,2026-09-27T17:00:00Z,FanDuel,2026-09-24T19:59:06Z,New York Jets,Detroit Lions,spreads,Detroit Lions,-6.5,-120,0.54545455,fanduel|07f552badfa8a565d1be22123713e4da|spreads|event,0.51928021,https://api.the-odds-api.com/v4/sports/americanfootball_nfl
2026,3,07f552badfa8a565d1be22123713e4da,2026-09-27T17:00:00Z,FanDuel,2026-09-24T19:59:06Z,New York Jets,Detroit Lions,spreads,New York Jets,6.5,-102,0.5049505,fanduel|07f552badfa8a565d1be22123713e4da|spreads|event,0.48071979,https://api.the-odds-api.com/v4/sports/americanfootball_nfl
2026,3,07f552badfa8a565d1be22123713e4da,2026-09-27T17:00:00Z,FanDuel,2026-09-24T19:59:06Z,New York Jets,Detroit Lions,totals,Over,47.5,-115,0.53488372,fanduel|07f552badfa8a565d1be22123713e4da|totals|47.5,0.51083424,https://api.the-odds-api.com/v4/sports/americanfootball_nfl
2026,3,07f552badfa8a565d1be22123713e4da,2026-09-27T17:00:00Z,FanDuel,2026-09-24T19:59:06Z,New York Jets,Detroit Lions,totals,Under,47.5,-105,0.51219512,fanduel|07f552badfa8a565d1be22123713e4da|totals|47.5,0.48916576,https://api.the-odds-api.com/v4/sports/americanfootball_nfl
2026,3,07f552badfa8a565d1be22123713e4da,2026-09-27T17:00:00Z,BetRivers,2026-09-24T19:58:14Z,New York Jets,Detroit Lions,h2h,Detroit Lions,,-335,0.77011494,betrivers|07f552badfa8a565d1be22123713e4da|h2h|event,0.73218408,https://api.the-odds-api.com/v4/sports/americanfootball_nfl
2026,3,07f552badfa8a565d1be22123713e4da,2026-09-27T17:00:00Z,BetRivers,2026-09-24T19:58:14Z,New York Jets,Detroit Lions,h2h,New York Jets,,255,0.28169014,betrivers|07f552badfa8a565d1be22123713e4da|h2h|event,0.26781592,https://api.the-odds-api.com/v4/sports/americanfootball_nfl
2026,3,07f552badfa8a565d1be22123713e4da,2026-09-27T17:00:00Z,BetRivers,2026-09-24T19:58:14Z,New York Jets,Detroit Lions,spreads,Detroit Lions,-7.0,-107,0.51690821,betrivers|07f552badfa8a565d1be22123713e4da|spreads|event,0.49247247,https://api.the-odds-api.com/v4/sports/americanfootball_nfl
2026,3,07f552badfa8a565d1be22123713e4da,2026-09-27T17:00:00Z,BetRivers,2026-09-24T19:58:14Z,New York Jets,Detroit Lions,spreads,New York Jets,7.0,-114,0.53271028,betrivers|07f552badfa8a565d1be22123713e4da|spreads|event,0.50752753,https://api.the-odds-api.com/v4/sports/americanfootball_nfl
2026,3,07f552badfa8a565d1be22123713e4da,2026-09-27T17:00:00Z,BetRivers,2026-09-24T19:58:14Z,New York Jets,Detroit Lions,totals,Over,47.5,-112,0.52830189,betrivers|07f552badfa8a565d1be22123713e4da|totals|47.5,0.5032247,https://api.the-odds-api.com/v4/sports/americanfootball_nfl
2026,3,07f552badfa8a565d1be22123713e4da,2026-09-27T17:00:00Z,BetRivers,2026-09-24T19:58:14Z,New York Jets,Detroit Lions,totals,Under,47.5,-109,0.5215311,betrivers|07f552badfa8a565d1be22123713e4da|totals|47.5,0.4967753,https://api.the-odds-api.com/v4/sports/americanfootball_nfl
2026,3,07f552badfa8a565d1be22123713e4da,2026-09-27T17:00:00Z,LowVig.ag,2026-09-24T19:59:07Z,New York Jets,Detroit Lions,h2h,Detroit Lions,,-300,0.75,lowvig|07f552badfa8a565d1be22123713e4da|h2h|event,0.72125436,https://api.the-odds-api.com/v4/sports/americanfootball_nfl
2026,3,07f552badfa8a565d1be22123713e4da,2026-09-27T17:00:00Z,LowVig.ag,2026-09-24T19:59:07Z,New York Jets,Detroit Lions,h2h,New York Jets,,245,0.28985507,lowvig|07f552badfa8a565d1be22123713e4da|h2h|event,0.27874564,https://api.the-odds-api.com/v4/sports/americanfootball_nfl
2026,3,07f552badfa8a565d1be22123713e4da,2026-09-27T17:00:00Z,LowVig.ag,2026-09-24T19:59:07Z,New York Jets,Detroit Lions,spreads,Detroit Lions,-6.5,-110,0.52380952,lowvig|07f552badfa8a565d1be22123713e4da|spreads|event,0.51162791,https://api.the-odds-api.com/v4/sports/americanfootball_nfl
2026,3,07f552badfa8a565d1be22123713e4da,2026-09-27T17:00:00Z,LowVig.ag,2026-09-24T19:59:07Z,New York Jets,Detroit Lions,spreads,New York Jets,6.5,100,0.5,lowvig|07f552badfa8a565d1be22123713e4da|spreads|event,0.48837209,https://api.the-odds-api.com/v4/sports/americanfootball_nfl
2026,3,07f552badfa8a565d1be22123713e4da,2026-09-27T17:00:00Z,LowVig.ag,2026-09-24T19:59:07Z,New York Jets,Detroit Lions,totals,Over,47.5,-109,0.5215311,lowvig|07f552badfa8a565d1be22123713e4da|totals|47.5,0.50451569,https://api.the-odds-api.com/v4/sports/americanfootball_nfl
2026,3,07f552badfa8a565d1be22123713e4da,2026-09-27T17:00:00Z,LowVig.ag,2026-09-24T19:59:07Z,New York Jets,Detroit Lions,totals,Under,47.5,-105,0.51219512,lowvig|07f552badfa8a565d1be22123713e4da|totals|47.5,0.49548431,https://api.the-odds-api.com/v4/sports/americanfootball_nfl
2026,3,07f552badfa8a565d1be22123713e4da,2026-09-27T17:00:00Z,BetUS,2026-09-24T19:59:06Z,New York Jets,Detroit Lions,h2h,Detroit Lions,,-300,0.75,betus|07f552badfa8a565d1be22123713e4da|h2h|event,0.72413793,https://api.the-odds-api.com/v4/sports/americanfootball_nfl
2026,3,07f552badfa8a565d1be22123713e4da,2026-09-27T17:00:00Z,BetUS,2026-09-24T19:59:06Z,New York Jets,Detroit Lions,h2h,New York Jets,,250,0.28571429,betus|07f552badfa8a565d1be22123713e4da|h2h|event,0.27586207,https://api.the-odds-api.com/v4/sports/americanfootball_nfl
2026,3,07f552badfa8a565d1be22123713e4da,2026-09-27T17:00:00Z,BetUS,2026-09-24T19:59:06Z,New York Jets,Detroit Lions,spreads,Detroit Lions,-6.5,-115,0.53488372,betus|07f552badfa8a565d1be22123713e4da|spreads|event,0.51083424,https://api.the-odds-api.com/v4/sports/americanfootball_nfl
2026,3,07f552badfa8a565d1be22123713e4da,2026-09-27T17:00:00Z,BetUS,2026-09-24T19:59:06Z,New York Jets,Detroit Lions,spreads,New York Jets,6.5,-105,0.51219512,betus|07f552badfa8a565d1be22123713e4da|spreads|event,0.48916576,https://api.the-odds-api.com/v4/sports/americanfootball_nfl
2026,3,07f552badfa8a565d1be22123713e4da,2026-09-27T17:00:00Z,BetUS,2026-09-24T19:59:06Z,New York Jets,Detroit Lions,totals,Over,47.5,-110,0.52380952,betus|07f552badfa8a565d1be22123713e4da|totals|47.5,0.5,https://api.the-odds-api.com/v4/sports/americanfootball_nfl
2026,3,07f552badfa8a565d1be22123713e4da,2026-09-27T17:00:00Z,BetUS,2026-09-24T19:59:06Z,New York Jets,Detroit Lions,totals,Under,47.5,-110,0.52380952,betus|07f552badfa8a565d1be22123713e4da|totals|47.5,0.5,https://api.the-odds-api.com/v4/sports/americanfootball_nfl
2026,3,07f552badfa8a565d1be22123713e4da,2026-09-27T17:00:00Z,BetOnline.ag,2026-09-24T19:58:15Z,New York Jets,Detroit Lions,h2h,Detroit Lions,,-300,0.75,betonlineag|07f552badfa8a565d1be22123713e4da|h2h|event,0.72125436,https://api.the-odds-api.com/v4/sports/americanfootball_nfl
2026,3,07f552badfa8a565d1be22123713e4da,2026-09-27T17:00:00Z,BetOnline.ag,2026-09-24T19:58:15Z,New York Jets,Detroit Lions,h2h,New York Jets,,245,0.28985507,betonlineag|07f552badfa8a565d1be22123713e4da|h2h|event,0.27874564,https://api.the-odds-api.com/v4/sports/americanfootball_nfl
2026,3,07f552badfa8a565d1be22123713e4da,2026-09-27T17:00:00Z,BetOnline.ag,2026-09-24T19:58:15Z,New York Jets,Detroit Lions,spreads,Detroit Lions,-6.5,-115,0.53488372,betonlineag|07f552badfa8a565d1be22123713e4da|spreads|event,0.51083424,https://api.the-odds-api.com/v4/sports/americanfootball_nfl
2026,3,07f552badfa8a565d1be22123713e4da,2026-09-27T17:00:00Z,BetOnline.ag,2026-09-24T19:58:15Z,New York Jets,Detroit Lions,spreads,New York Jets,6.5,-105,0.51219512,betonlineag|07f552badfa8a565d1be22123713e4da|spreads|event,0.48916576,https://api.the-odds-api.com/v4/sports/americanfootball_nfl
2026,3,07f552badfa8a565d1be22123713e4da,2026-09-27T17:00:00Z,BetOnline.ag,2026-09-24T19:58:15Z,New York Jets,Detroit Lions,totals,Over,47.5,-112,0.52830189,betonlineag|07f552badfa8a565d1be22123713e4da|totals|47.5,0.50432976,https://api.the-odds-api.com/v4/sports/americanfootball_nfl
2026,3,07f552badfa8a565d1be22123713e4da,2026-09-27T17:00:00Z,BetOnline.ag,2026-09-24T19:58:15Z,New York Jets,Detroit Lions,totals,Under,47.5,-108,0.51923077,betonlineag|07f552badfa8a565d1be22123713e4da|totals|47.5,0.49567024,https://api.the-odds-api.com/v4/sports/americanfootball_nfl
2026,3,07f552badfa8a565d1be22123713e4da,2026-09-27T17:00:00Z,MyBookie.ag,2026-09-24T19:57:58Z,New York Jets,Detroit Lions,h2h,Detroit Lions,,-300,0.75,mybookieag|07f552badfa8a565d1be22123713e4da|h2h|event,0.71469329,https://api.the-odds-api.com/v4/sports/americanfootball_nfl
2026,3,07f552badfa8a565d1be22123713e4da,2026-09-27T17:00:00Z,MyBookie.ag,2026-09-24T19:57:58Z,New York Jets,Detroit Lions,h2h,New York Jets,,234,0.2994012,mybookieag|07f552badfa8a565d1be22123713e4da|h2h|event,0.28530671,https://api.the-odds-api.com/v4/sports/americanfootball_nfl
2026,3,07f552badfa8a565d1be22123713e4da,2026-09-27T17:00:00Z,MyBookie.ag,2026-09-24T19:57:58Z,New York Jets,Detroit Lions,spreads,Detroit Lions,-6.5,-120,0.54545455,mybookieag|07f552badfa8a565d1be22123713e4da|spreads|event,0.52173913,https://api.the-odds-api.com/v4/sports/americanfootball_nfl
2026,3,07f552badfa8a565d1be22123713e4da,2026-09-27T17:00:00Z,MyBookie.ag,2026-09-24T19:57:58Z,New York Jets,Detroit Lions,spreads,New York Jets,6.5,100,0.5,mybookieag|07f552badfa8a565d1be22123713e4da|spreads|event,0.47826087,https://api.the-odds-api.com/v4/sports/americanfootball_nfl
2026,3,07f552badfa8a565d1be22123713e4da,2026-09-27T17:00:00Z,MyBookie.ag,2026-09-24T19:57:58Z,New York Jets,Detroit Lions,totals,Over,47.5,-110,0.52380952,mybookieag|07f552badfa8a565d1be22123713e4da|totals|47.5,0.5,https://api.the-odds-api.com/v4/sports/americanfootball_nfl
2026,3,07f552badfa8a565d1be22123713e4da,2026-09-27T17:00:00Z,MyBookie.ag,2026-09-24T19:57:58Z,New York Jets,Detroit Lions,totals,Under,47.5,-110,0.52380952,mybookieag|07f552badfa8a565d1be22123713e4da|totals|47.5,0.5,https://api.the-odds-api.com/v4/sports/americanfootball_nfl
2026,3,07f552badfa8a565d1be22123713e4da,2026-09-27T17:00:00Z,BetMGM,2026-09-24T19:58:17Z,New York Jets,Detroit Lions,h2h,Detroit Lions,,-300,0.75,betmgm|07f552badfa8a565d1be22123713e4da|h2h|event,0.71830986,https://api.the-odds-api.com/v4/sports/americanfootball_nfl
2026,3,07f552badfa8a565d1be22123713e4da,2026-09-27T17:00:00Z,BetMGM,2026-09-24T19:58:17Z,New York Jets,Detroit Lions,h2h,New York Jets,,240,0.29411765,betmgm|07f552badfa8a565d1be22123713e4da|h2h|event,0.28169014,https://api.the-odds-api.com/v4/sports/americanfootball_nfl
2026,3,07f552badfa8a565d1be22123713e4da,2026-09-27T17:00:00Z,BetMGM,2026-09-24T19:58:17Z,New York Jets,Detroit Lions,spreads,Detroit Lions,-6.5,-115,0.53488372,betmgm|07f552badfa8a565d1be22123713e4da|spreads|event,0.51083424,https://api.the-odds-api.com/v4/sports/americanfootball_nfl
2026,3,07f552badfa8a565d1be22123713e4da,2026-09-27T17:00:00Z,BetMGM,2026-09-24T19:58:17Z,New York Jets,Detroit Lions,spreads,New York Jets,6.5,-105,0.51219512,betmgm|07f552badfa8a565d1be22123713e4da|spreads|event,0.48916576,https://api.the-odds-api.com/v4/sports/americanfootball_nfl
2026,3,07f552badfa8a565d1be22123713e4da,2026-09-27T17:00:00Z,BetMGM,2026-09-24T19:58:17Z,New York Jets,Detroit Lions,totals,Over,47.5,-110,0.52380952,betmgm|07f552badfa8a565d1be22123713e4da|totals|47.5,0.50219491,https://api.the-odds-api.com/v4/sports/americanfootball_nfl
2026,3,07f552badfa8a565d1be22123713e4da,2026-09-27T17:00:00Z,BetMGM,2026-09-24T19:58:17Z,New York Jets,Detroit Lions,totals,Under,47.5,-108,0.51923077,betmgm|07f552badfa8a565d1be22123713e4da|totals|47.5,0.49780509,https://api.the-odds-api.com/v4/sports/americanfootball_nfl
2026,3,07f552badfa8a565d1be22123713e4da,2026-09-27T17:00:00Z,Bovada,2026-09-24T19:58:18Z,New York Jets,Detroit Lions,h2h,Detroit Lions,,-290,0.74358974,bovada|07f552badfa8a565d1be22123713e4da|h2h|event,0.71656976,https://api.the-odds-api.com/v4/sports/americanfootball_nfl
2026,3,07f552badfa8a565d1be22123713e4da,2026-09-27T17:00:00Z,Bovada,2026-09-24T19:58:18Z,New York Jets,Detroit Lions,h2h,New York Jets,,240,0.29411765,bovada|07f552badfa8a565d1be22123713e4da|h2h|event,0.28343024,https://api.the-odds-api.com/v4/sports/americanfootball_nfl
2026,3,07f552badfa8a565d1be22123713e4da,2026-09-27T17:00:00Z,Bovada,2026-09-24T19:58:18Z,New York Jets,Detroit Lions,spreads,Detroit Lions,-6.5,-110,0.52380952,bovada|07f552badfa8a565d1be22123713e4da|spreads|event,0.5,https://api.the-odds-api.com/v4/sports/americanfootball_nfl
2026,3,07f552badfa8a565d1be22123713e4da,2026-09-27T17:00:00Z,Bovada,2026-09-24T19:58:18Z,New York Jets,Detroit Lions,spreads,New York Jets,6.5,-110,0.52380952,bovada|07f552badfa8a565d1be22123713e4da|spreads|event,0.5,https://api.the-odds-api.com/v4/sports/americanfootball_nfl
2026,3,07f552badfa8a565d1be22123713e4da,2026-09-27T17:00:00Z,Bovada,2026-09-24T19:58:18Z,New York Jets,Detroit Lions,totals,Over,47.5,-115,0.53488372,bovada|07f552badfa8a565d1be22123713e4da|totals|47.5,0.51083424,https://api.the-odds-api.com/v4/sports/americanfootball_nfl
2026,3,07f552badfa8a565d1be22123713e4da,2026-09-27T17:00:00Z,Bovada,2026-09-24T19:58:18Z,New York Jets,Detroit Lions,totals,Under,47.5,-105,0.51219512,bovada|07f552badfa8a565d1be22123713e4da|totals|47.5,0.48916576,https://api.the-odds-api.com/v4/sports/americanfootball_nfl
2026,3,17a730b7d399feeab6a78c30767c29d2,2026-09-27T17:00:00Z,DraftKings,2026-09-24T19:58:31Z,Houston Texans,Indianapolis Colts,h2h,Houston Texans,,-125,0.55555556,draftkings|17a730b7d399feeab6a78c30767c29d2|h2h|event,0.53246753,https://api.the-odds-api.com/v4/sports/americanfootball_nfl
2026,3,17a730b7d399feeab6a78c30767c29d2,2026-09-27T17:00:00Z,DraftKings,2026-09-24T19:58:31Z,Houston Texans,Indianapolis Colts,h2h,Indianapolis Colts,,105,0.48780488,draftkings|17a730b7d399feeab6a78c30767c29d2|h2h|event,0.46753247,https://api.the-odds-api.com/v4/sports/americanfootball_nfl
2026,3,17a730b7d399feeab6a78c30767c29d2,2026-09-27T17:00:00Z,DraftKings,2026-09-24T19:58:31Z,Houston Texans,Indianapolis Colts,spreads,Houston Texans,-1.5,-118,0.5412844,draftkings|17a730b7d399feeab6a78c30767c29d2|spreads|event,0.51736412,https://api.the-odds-api.com/v4/sports/americanfootball_nfl
2026,3,17a730b7d399feeab6a78c30767c29d2,2026-09-27T17:00:00Z,DraftKings,2026-09-24T19:58:31Z,Houston Texans,Indianapolis Colts,spreads,Indianapolis Colts,1.5,-102,0.5049505,draftkings|17a730b7d399feeab6a78c30767c29d2|spreads|event,0.48263588,https://api.the-odds-api.com/v4/sports/americanfootball_nfl
2026,3,17a730b7d399feeab6a78c30767c29d2,2026-09-27T17:00:00Z,DraftKings,2026-09-24T19:58:31Z,Houston Texans,Indianapolis Colts,totals,Over,42.5,-112,0.52830189,draftkings|17a730b7d399feeab6a78c30767c29d2|totals|42.5,0.50432976,https://api.the-odds-api.com/v4/sports/americanfootball_nfl
2026,3,17a730b7d399feeab6a78c30767c29d2,2026-09-27T17:00:00Z,DraftKings,2026-09-24T19:58:31Z,Houston Texans,Indianapolis Colts,totals,Under,42.5,-108,0.51923077,draftkings|17a730b7d399feeab6a78c30767c29d2|totals|42.5,0.49567024,https://api.the-odds-api.com/v4/sports/americanfootball_nfl
2026,3,17a730b7d399feeab6a78c30767c29d2,2026-09-27T17:00:00Z,BetUS,2026-09-24T19:59:06Z,Houston Texans,Indianapolis Colts,h2h,Houston Texans,,-125,0.55555556,betus|17a730b7d399feeab6a78c30767c29d2|h2h|event,0.53246753,https://api.the-odds-api.com/v4/sports/americanfootball_nfl
2026,3,17a730b7d399feeab6a78c30767c29d2,2026-09-27T17:00:00Z,BetUS,2026-09-24T19:59:06Z,Houston Texans,Indianapolis Colts,h2h,Indianapolis Colts,,105,0.48780488,betus|17a730b7d399feeab6a78c30767c29d2|h2h|event,0.46753247,https://api.the-odds-api.com/v4/sports/americanfootball_nfl
2026,3,17a730b7d399feeab6a78c30767c29d2,2026-09-27T17:00:00Z,BetUS,2026-09-24T19:59:06Z,Houston Texans,Indianapolis Colts,spreads,Houston Texans,-1.0,-115,0.53488372,betus|17a730b7d399feeab6a78c30767c29d2|spreads|event,0.51083424,https://api.the-odds-api.com/v4/sports/americanfootball_nfl
2026,3,17a730b7d399feeab6a78c30767c29d2,2026-09-27T17:00:00Z,BetUS,2026-09-24T19:59:06Z,Houston Texans,Indianapolis Colts,spreads,Indianapolis Colts,1.0,-105,0.51219512,betus|17a730b7d399feeab6a78c30767c29d2|spreads|event,0.48916576,https://api.the-odds-api.com/v4/sports/americanfootball_nfl
2026,3,17a730b7d399feeab6a78c30767c29d2,2026-09-27T17:00:00Z,BetUS,2026-09-24T19:59:06Z,Houston Texans,Indianapolis Colts,totals,Over,42.5,-110,0.52380952,betus|17a730b7d399feeab6a78c30767c29d2|totals|42.5,0.5,https://api.the-odds-api.com/v4/sports/americanfootball_nfl
2026,3,17a730b7d399feeab6a78c30767c29d2,2026-09-27T17:00:00Z,BetUS,2026-09-24T19:59:06Z,Houston Texans,Indianapolis Colts,totals,Under,42.5,-110,0.52380952,betus|17a730b7d399feeab6a78c30767c29d2|totals|42.5,0.5,https://api.the-odds-api.com/v4/sports/americanfootball_nfl
2026,3,17a730b7d399feeab6a78c30767c29d2,2026-09-27T17:00:00Z,FanDuel,2026-09-24T19:59:06Z,Houston Texans,Indianapolis Colts,h2h,Houston Texans,,-132,0.56896552,fanduel|17a730b7d399feeab6a78c30767c29d2|h2h|event,0.54673336,https://api.the-odds-api.com/v4/sports/americanfootball_nfl
2026,3,17a730b7d399feeab6a78c30767c29d2,2026-09-27T17:00:00Z,FanDuel,2026-09-24T19:59:06Z,Houston Texans,Indianapolis Colts,h2h,Indianapolis Colts,,112,0.47169811,fanduel|17a730b7d399feeab6a78c30767c29d2|h2h|event,0.45326664,https://api.the-odds-api.com/v4/sports/americanfootball_nfl
2026,3,17a730b7d399feeab6a78c30767c29d2,2026-09-27T17:00:00Z,FanDuel,2026-09-24T19:59:06Z,Houston Texans,Indianapolis Colts,spreads,Houston Texans,-1.5,-115,0.53488372,fanduel|17a730b7d399feeab6a78c30767c29d2|spreads|event,0.51083424,https://api.the-odds-api.com/v4/sports/americanfootball_nfl
2026,3,17a730b7d399feeab6a78c30767c29d2,2026-09-27T17:00:00Z,FanDuel,2026-09-24T19:59:06Z,Houston Texans,Indianapolis Colts,spreads,Indianapolis Colts,1.5,-105,0.51219512,fanduel|17a730b7d399feeab6a78c30767c29d2|spreads|event,0.48916576,https://api.the-odds-api.com/v4/sports/americanfootball_nfl
2026,3,17a730b7d399feeab6a78c30767c29d2,2026-09-27T17:00:00Z,FanDuel,2026-09-24T19:59:06Z,Houston Texans,Indianapolis Colts,totals,Over,42.5,-118,0.5412844,fanduel|17a730b7d399feeab6a78c30767c29d2|totals|42.5,0.51497518,https://api.the-odds-api.com/v4/sports/americanfootball_nfl
2026,3,17a730b7d399feeab6a78c30767c29d2,2026-09-27T17:00:00Z,FanDuel,2026-09-24T19:59:06Z,Houston Texans,Indianapolis Colts,totals,Under,42.5,-104,0.50980392,fanduel|17a730b7d399feeab6a78c30767c29d2|totals|42.5,0.48502482,https://api.the-odds-api.com/v4/sports/americanfootball_nfl
2026,3,17a730b7d399feeab6a78c30767c29d2,2026-09-27T17:00:00Z,BetRivers,2026-09-24T19:58:14Z,Houston Texans,Indianapolis Colts,h2h,Houston Texans,,-139,0.58158996,betrivers|17a730b7d399feeab6a78c30767c29d2|h2h|event,0.55678362,https://api.the-odds-api.com/v4/sports/americanfootball_nfl
2026,3,17a730b7d399feeab6a78c30767c29d2,2026-09-27T17:00:00Z,BetRivers,2026-09-24T19:58:14Z,Houston Texans,Indianapolis Colts,h2h,Indianapolis Colts,,116,0.46296296,betrivers|17a730b7d399feeab6a78c30767c29d2|h2h|event,0.44321638,https://api.the-odds-api.com/v4/sports/americanfootball_nfl
2026,3,17a730b7d399feeab6a78c30767c29d2,2026-09-27T17:00:00Z,BetRivers,2026-09-24T19:58:14Z,Houston Texans,Indianapolis Colts,spreads,Houston Texans,-2.0,-112,0.52830189,betrivers|17a730b7d399feeab6a78c30767c29d2|spreads|event,0.5032247,https://api.the-odds-api.com/v4/sports/americanfootball_nfl
2026,3,17a730b7d399feeab6a78c30767c29d2,2026-09-27T17:00:00Z,BetRivers,2026-09-24T19:58:14Z,Houston Texans,Indianapolis Colts,spreads,Indianapolis Colts,2.0,-109,0.5215311,betrivers|17a730b7d399feeab6a78c30767c29d2|spreads|event,0.4967753,https://api.the-odds-api.com/v4/sports/americanfootball_nfl
2026,3,17a730b7d399feeab6a78c30767c29d2,2026-09-27T17:00:00Z,BetRivers,2026-09-24T19:58:14Z,Houston Texans,Indianapolis Colts,totals,Over,42.5,-109,0.5215311,betrivers|17a730b7d399feeab6a78c30767c29d2|totals|42.5,0.4967753,https://api.the-odds-api.com/v4/sports/americanfootball_nfl
2026,3,17a730b7d399feeab6a78c30767c29d2,2026-09-27T17:00:00Z,BetRivers,2026-09-24T19:58:14Z,Houston Texans,Indianapolis Colts,totals,Under,42.5,-112,0.52830189,betrivers|17a730b7d399feeab6a78c30767c29d2|totals|42.5,0.5032247,https://api.the-odds-api.com/v4/sports/americanfootball_nfl
2026,3,17a730b7d399feeab6a78c30767c29d2,2026-09-27T17:00:00Z,LowVig.ag,2026-09-24T19:59:07Z,Houston Texans,Indianapolis Colts,h2h,Houston Texans,,-121,0.54751131,lowvig|17a730b7d399feeab6a78c30767c29d2|h2h|event,0.52392236,https://api.the-odds-api.com/v4/sports/americanfootball_nfl
2026,3,17a730b7d399feeab6a78c30767c29d2,2026-09-27T17:00:00Z,LowVig.ag,2026-09-24T19:59:07Z,Houston Texans,Indianapolis Colts,h2h,Indianapolis Colts,,101,0.49751244,lowvig|17a730b7d399feeab6a78c30767c29d2|h2h|event,0.47607764,https://api.the-odds-api.com/v4/sports/americanfootball_nfl
2026,3,17a730b7d399feeab6a78c30767c29d2,2026-09-27T17:00:00Z,LowVig.ag,2026-09-24T19:59:07Z,Houston Texans,Indianapolis Colts,spreads,Houston Texans,-1.5,-105,0.51219512,lowvig|17a730b7d399feeab6a78c30767c29d2|spreads|event,0.5,https://api.the-odds-api.com/v4/sports/americanfootball_nfl
2026,3,17a730b7d399feeab6a78c30767c29d2,2026-09-27T17:00:00Z,LowVig.ag,2026-09-24T19:59:07Z,Houston Texans,Indianapolis Colts,spreads,Indianapolis Colts,1.5,-105,0.51219512,lowvig|17a730b7d399feeab6a78c30767c29d2|spreads|event,0.5,https://api.the-odds-api.com/v4/sports/americanfootball_nfl
2026,3,17a730b7d399feeab6a78c30767c29d2,2026-09-27T17:00:00Z,LowVig.ag,2026-09-24T19:59:07Z,Houston Texans,Indianapolis Colts,totals,Over,42.5,-107,0.51690821,lowvig|17a730b7d399feeab6a78c30767c29d2|totals|42.5,0.5,https://api.the-odds-api.com/v4/sports/americanfootball_nfl
2026,3,17a730b7d399feeab6a78c30767c29d2,2026-09-27T17:00:00Z,LowVig.ag,2026-09-24T19:59:07Z,Houston Texans,Indianapolis Colts,totals,Under,42.5,-107,0.51690821,lowvig|17a730b7d399feeab6a78c30767c29d2|totals|42.5,0.5,https://api.the-odds-api.com/v4/sports/americanfootball_nfl
2026,3,17a730b7d399feeab6a78c30767c29d2,2026-09-27T17:00:00Z,BetOnline.ag,2026-09-24T19:58:15Z,Houston Texans,Indianapolis Colts,h2h,Houston Texans,,-121,0.54751131,betonlineag|17a730b7d399feeab6a78c30767c29d2|h2h|event,0.52392236,https://api.the-odds-api.com/v4/sports/americanfootball_nfl
2026,3,17a730b7d399feeab6a78c30767c29d2,2026-09-27T17:00:00Z,BetOnline.ag,2026-09-24T19:58:15Z,Houston Texans,Indianapolis Colts,h2h,Indianapolis Colts,,101,0.49751244,betonlineag|17a730b7d399feeab6a78c30767c29d2|h2h|event,0.47607764,https://api.the-odds-api.com/v4/sports/americanfootball_nfl
2026,3,17a730b7d399feeab6a78c30767c29d2,2026-09-27T17:00:00Z,BetOnline.ag,2026-09-24T19:58:15Z,Houston Texans,Indianapolis Colts,spreads,Houston Texans,-1.5,-110,0.52380952,betonlineag|17a730b7d399feeab6a78c30767c29d2|spreads|event,0.5,https://api.the-odds-api.com/v4/sports/americanfootball_nfl
2026,3,17a730b7d399feeab6a78c30767c29d2,2026-09-27T17:00:00Z,BetOnline.ag,2026-09-24T19:58:15Z,Houston Texans,Indianapolis Colts,spreads,Indianapolis Colts,1.5,-110,0.52380952,betonlineag|17a730b7d399feeab6a78c30767c29d2|spreads|event,0.5,https://api.the-odds-api.com/v4/sports/americanfootball_nfl
2026,3,17a730b7d399feeab6a78c30767c29d2,2026-09-27T17:00:00Z,BetOnline.ag,2026-09-24T19:58:15Z,Houston Texans,Indianapolis Colts,totals,Over,42.5,-110,0.52380952,betonlineag|17a730b7d399feeab6a78c30767c29d2|totals|42.5,0.5,https://api.the-odds-api.com/v4/sports/americanfootball_nfl
2026,3,17a730b7d399feeab6a78c30767c29d2,2026-09-27T17:00:00Z,BetOnline.ag,2026-09-24T19:58:15Z,Houston Texans,Indianapolis Colts,totals,Under,42.5,-110,0.52380952,betonlineag|17a730b7d399feeab6a78c30767c29d2|totals|42.5,0.5,https://api.the-odds-api.com/v4/sports/americanfootball_nfl
2026,3,17a730b7d399feeab6a78c30767c29d2,2026-09-27T17:00:00Z,MyBookie.ag,2026-09-24T19:57:58Z,Houston Texans,Indianapolis Colts,h2h,Houston Texans,,-129,0.56331878,mybookieag|17a730b7d399feeab6a78c30767c29d2|h2h|event,0.53592056,https://api.the-odds-api.com/v4/sports/americanfootball_nfl
2026,3,17a730b7d399feeab6a78c30767c29d2,2026-09-27T17:00:00Z,MyBookie.ag,2026-09-24T19:57:58Z,Houston Texans,Indianapolis Colts,h2h,Indianapolis Colts,,105,0.48780488,mybookieag|17a730b7d399feeab6a78c30767c29d2|h2h|event,0.46407944,https://api.the-odds-api.com/v4/sports/americanfootball_nfl
2026,3,17a730b7d399feeab6a78c30767c29d2,2026-09-27T17:00:00Z,MyBookie.ag,2026-09-24T19:57:58Z,Houston Texans,Indianapolis Colts,spreads,Houston Texans,-2.0,-110,0.52380952,mybookieag|17a730b7d399feeab6a78c30767c29d2|spreads|event,0.5,https://api.the-odds-api.com/v4/sports/americanfootball_nfl
2026,3,17a730b7d399feeab6a78c30767c29d2,2026-09-27T17:00:00Z,MyBookie.ag,2026-09-24T19:57:58Z,Houston Texans,Indianapolis Colts,spreads,Indianapolis Colts,2.0,-110,0.52380952,mybookieag|17a730b7d399feeab6a78c30767c29d2|spreads|event,0.5,https://api.the-odds-api.com/v4/sports/americanfootball_nfl
2026,3,17a730b7d399feeab6a78c30767c29d2,2026-09-27T17:00:00Z,MyBookie.ag,2026-09-24T19:57:58Z,Houston Texans,Indianapolis Colts,totals,Over,42.5,-110,0.52380952,mybookieag|17a730b7d399feeab6a78c30767c29d2|totals|42.5,0.5,https://api.the-odds-api.com/v4/sports/americanfootball_nfl
2026,3,17a730b7d399feeab6a78c30767c29d2,2026-09-27T17:00:00Z,MyBookie.ag,2026-09-24T19:57:58Z,Houston Texans,Indianapolis Colts,totals,Under,42.5,-110,0.52380952,mybookieag|17a730b7d399feeab6a78c30767c29d2|totals|42.5,0.5,https://api.the-odds-api.com/v4/sports/americanfootball_nfl
2026,3,17a730b7d399feeab6a78c30767c29d2,2026-09-27T17:00:00Z,BetMGM,2026-09-24T19:58:17Z,Houston Texans,Indianapolis Colts,h2h,Houston Texans,,-125,0.55555556,betmgm|17a730b7d399feeab6a78c30767c29d2|h2h|event,0.53246753,https://api.the-odds-api.com/v4/sports/americanfootball_nfl
2026,3,17a730b7d399feeab6a78c30767c29d2,2026-09-27T17:00:00Z,BetMGM,2026-09-24T19:58:17Z,Houston Texans,Indianapolis Colts,h2h,Indianapolis Colts,,105,0.48780488,betmgm|17a730b7d399feeab6a78c30767c29d2|h2h|event,0.46753247,https://api.the-odds-api.com/v4/sports/americanfootball_nfl
2026,3,17a730b7d399feeab6a78c30767c29d2,2026-09-27T17:00:00Z,BetMGM,2026-09-24T19:58:17Z,Houston Texans,Indianapolis Colts,spreads,Houston Texans,-1.5,-110,0.52380952,betmgm|17a730b7d399feeab6a78c30767c29d2|spreads|event,0.50219491,https://api.the-odds-api.com/v4/sports/americanfootball_nfl
2026,3,17a730b7d399feeab6a78c30767c29d2,2026-09-27T17:00:00Z,BetMGM,2026-09-24T19:58:17Z,Houston Texans,Indianapolis Colts,spreads,Indianapolis Colts,1.5,-108,0.51923077,betmgm|17a730b7d399feeab6a78c30767c29d2|spreads|event,0.49780509,https://api.the-odds-api.com/v4/sports/americanfootball_nfl
2026,3,17a730b7d399feeab6a78c30767c29d2,2026-09-27T17:00:00Z,BetMGM,2026-09-24T19:58:17Z,Houston Texans,Indianapolis Colts,totals,Over,42.5,-110,0.52380952,betmgm|17a730b7d399feeab6a78c30767c29d2|totals|42.5,0.50219491,https://api.the-odds-api.com/v4/sports/americanfootball_nfl
2026,3,17a730b7d399feeab6a78c30767c29d2,2026-09-27T17:00:00Z,BetMGM,2026-09-24T19:58:17Z,Houston Texans,Indianapolis Colts,totals,Under,42.5,-108,0.51923077,betmgm|17a730b7d399feeab6a78c30767c29d2|totals|42.5,0.49780509,https://api.the-odds-api.com/v4/sports/americanfootball_nfl
2026,3,17a730b7d399feeab6a78c30767c29d2,2026-09-27T17:00:00Z,Bovada,2026-09-24T19:58:18Z,Houston Texans,Indianapolis Colts,h2h,Houston Texans,,-130,0.56521739,bovada|17a730b7d399feeab6a78c30767c29d2|h2h|event,0.54274354,https://api.the-odds-api.com/v4/sports/americanfootball_nfl
2026,3,17a730b7d399feeab6a78c30767c29d2,2026-09-27T17:00:00Z,Bovada,2026-09-24T19:58:18Z,Houston Texans,Indianapolis Colts,h2h,Indianapolis Colts,,110,0.47619048,bovada|17a730b7d399feeab6a78c30767c29d2|h2h|event,0.45725646,https://api.the-odds-api.com/v4/sports/americanfootball_nfl
2026,3,17a730b7d399feeab6a78c30767c29d2,2026-09-27T17:00:00Z,Bovada,2026-09-24T19:58:18Z,Houston Texans,Indianapolis Colts,spreads,Houston Texans,-1.5,-115,0.53488372,bovada|17a730b7d399feeab6a78c30767c29d2|spreads|event,0.51083424,https://api.the-odds-api.com/v4/sports/americanfootball_nfl
2026,3,17a730b7d399feeab6a78c30767c29d2,2026-09-27T17:00:00Z,Bovada,2026-09-24T19:58:18Z,Houston Texans,Indianapolis Colts,spreads,Indianapolis Colts,1.5,-105,0.51219512,bovada|17a730b7d399feeab6a78c30767c29d2|spreads|event,0.48916576,https://api.the-odds-api.com/v4/sports/americanfootball_nfl
2026,3,17a730b7d399feeab6a78c30767c29d2,2026-09-27T17:00:00Z,Bovada,2026-09-24T19:58:18Z,Houston Texans,Indianapolis Colts,totals,Over,43.0,-110,0.52380952,bovada|17a730b7d399feeab6a78c30767c29d2|totals|43.0,0.5,https://api.the-odds-api.com/v4/sports/americanfootball_nfl
2026,3,17a730b7d399feeab6a78c30767c29d2,2026-09-27T17:00:00Z,Bovada,2026-09-24T19:58:18Z,Houston Texans,Indianapolis Colts,totals,Under,43.0,-110,0.52380952,bovada|17a730b7d399feeab6a78c30767c29d2|totals|43.0,0.5,https://api.the-odds-api.com/v4/sports/americanfootball_nfl
2026,3,1f3cfd315a24d1a7dd5859a8e6b88e18,2026-09-27T17:00:00Z,DraftKings,2026-09-24T19:58:30Z,New England Patriots,Jacksonville Jaguars,h2h,Jacksonville Jaguars,,-155,0.60784314,draftkings|1f3cfd315a24d1a7dd5859a8e6b88e18|h2h|event,0.58299264,https://api.the-odds-api.com/v4/sports/americanfootball_nfl
2026,3,1f3cfd315a24d1a7dd5859a8e6b88e18,2026-09-27T17:00:00Z,DraftKings,2026-09-24T19:58:30Z,New England Patriots,Jacksonville Jaguars,h2h,New England Patriots,,130,0.43478261,draftkings|1f3cfd315a24d1a7dd5859a8e6b88e18|h2h|event,0.41700736,https://api.the-odds-api.com/v4/sports/americanfootball_nfl
2026,3,1f3cfd315a24d1a7dd5859a8e6b88e18,2026-09-27T17:00:00Z,DraftKings,2026-09-24T19:58:30Z,New England Patriots,Jacksonville Jaguars,spreads,Jacksonville Jaguars,-3.0,-105,0.51219512,draftkings|1f3cfd315a24d1a7dd5859a8e6b88e18|spreads|event,0.48916576,https://api.the-odds-api.com/v4/sports/americanfootball_nfl
2026,3,1f3cfd315a24d1a7dd5859a8e6b88e18,2026-09-27T17:00:00Z,DraftKings,2026-09-24T19:58:30Z,New England Patriots,Jacksonville Jaguars,spreads,New England Patriots,3.0,-115,0.53488372,draftkings|1f3cfd315a24d1a7dd5859a8e6b88e18|spreads|event,0.51083424,https://api.the-odds-api.com/v4/sports/americanfootball_nfl
2026,3,1f3cfd315a24d1a7dd5859a8e6b88e18,2026-09-27T17:00:00Z,DraftKings,2026-09-24T19:58:30Z,New England Patriots,Jacksonville Jaguars,totals,Over,45.5,-115,0.53488372,draftkings|1f3cfd315a24d1a7dd5859a8e6b88e18|totals|45.5,0.51083424,https://api.the-odds-api.com/v4/sports/americanfootball_nfl
2026,3,1f3cfd315a24d1a7dd5859a8e6b88e18,2026-09-27T17:00:00Z,DraftKings,2026-09-24T19:58:30Z,New England Patriots,Jacksonville Jaguars,totals,Under,45.5,-105,0.51219512,draftkings|1f3cfd315a24d1a7dd5859a8e6b88e18|totals|45.5,0.48916576,https://api.the-odds-api.com/v4/sports/americanfootball_nfl
2026,3,1f3cfd315a24d1a7dd5859a8e6b88e18,2026-09-27T17:00:00Z,BetUS,2026-09-24T19:59:06Z,New England Patriots,Jacksonville Jaguars,h2h,Jacksonville Jaguars,,-155,0.60784314,betus|1f3cfd315a24d1a7dd5859a8e6b88e18|h2h|event,0.58717824,https://api.the-odds-api.com/v4/sports/americanfootball_nfl
2026,3,1f3cfd315a24d1a7dd5859a8e6b88e18,2026-09-27T17:00:00Z,BetUS,2026-09-24T19:59:06Z,New England Patriots,Jacksonville Jaguars,h2h,New England Patriots,,134,0.42735043,betus|1f3cfd315a24d1a7dd5859a8e6b88e18|h2h|event,0.41282176,https://api.the-odds-api.com/v4/sports/americanfootball_nfl
2026,3,1f3cfd315a24d1a7dd5859a8e6b88e18,2026-09-27T17:00:00Z,BetUS,2026-09-24T19:59:06Z,New England Patriots,Jacksonville Jaguars,spreads,Jacksonville Jaguars,-3.0,100,0.5,betus|1f3cfd315a24d1a7dd5859a8e6b88e18|spreads|event,0.47826087,https://api.the-odds-api.com/v4/sports/americanfootball_nfl
2026,3,1f3cfd315a24d1a7dd5859a8e6b88e18,2026-09-27T17:00:00Z,BetUS,2026-09-24T19:59:06Z,New England Patriots,Jacksonville Jaguars,spreads,New England Patriots,3.0,-120,0.54545455,betus|1f3cfd315a24d1a7dd5859a8e6b88e18|spreads|event,0.52173913,https://api.the-odds-api.com/v4/sports/americanfootball_nfl
2026,3,1f3cfd315a24d1a7dd5859a8e6b88e18,2026-09-27T17:00:00Z,BetUS,2026-09-24T19:59:06Z,New England Patriots,Jacksonville Jaguars,totals,Over,46.0,-110,0.52380952,betus|1f3cfd315a24d1a7dd5859a8e6b88e18|totals|46.0,0.5,https://api.the-odds-api.com/v4/sports/americanfootball_nfl
2026,3,1f3cfd315a24d1a7dd5859a8e6b88e18,2026-09-27T17:00:00Z,BetUS,2026-09-24T19:59:06Z,New England Patriots,Jacksonville Jaguars,totals,Under,46.0,-110,0.52380952,betus|1f3cfd315a24d1a7dd5859a8e6b88e18|totals|46.0,0.5,https://api.the-odds-api.com/v4/sports/americanfootball_nfl
2026,3,1f3cfd315a24d1a7dd5859a8e6b88e18,2026-09-27T17:00:00Z,FanDuel,2026-09-24T19:59:06Z,New England Patriots,Jacksonville Jaguars,h2h,Jacksonville Jaguars,,-154,0.60629921,fanduel|1f3cfd315a24d1a7dd5859a8e6b88e18|h2h|event,0.58237422,https://api.the-odds-api.com/v4/sports/americanfootball_nfl
2026,3,1f3cfd315a24d1a7dd5859a8e6b88e18,2026-09-27T17:00:00Z,FanDuel,2026-09-24T19:59:06Z,New England Patriots,Jacksonville Jaguars,h2h,New England Patriots,,130,0.43478261,fanduel|1f3cfd315a24d1a7dd5859a8e6b88e18|h2h|event,0.41762578,https://api.the-odds-api.com/v4/sports/americanfootball_nfl
2026,3,1f3cfd315a24d1a7dd5859a8e6b88e18,2026-09-27T17:00:00Z,FanDuel,2026-09-24T19:59:06Z,New England Patriots,Jacksonville Jaguars,spreads,Jacksonville Jaguars,-2.5,-118,0.5412844,fanduel|1f3cfd315a24d1a7dd5859a8e6b88e18|spreads|event,0.51497518,https://api.the-odds-api.com/v4/sports/americanfootball_nfl
2026,3,1f3cfd315a24d1a7dd5859a8e6b88e18,2026-09-27T17:00:00Z,FanDuel,2026-09-24T19:59:06Z,New England Patriots,Jacksonville Jaguars,spreads,New England Patriots,2.5,-104,0.50980392,fanduel|1f3cfd315a24d1a7dd5859a8e6b88e18|spreads|event,0.48502482,https://api.the-odds-api.com/v4/sports/americanfootball_nfl
2026,3,1f3cfd315a24d1a7dd5859a8e6b88e18,2026-09-27T17:00:00Z,FanDuel,2026-09-24T19:59:06Z,New England Patriots,Jacksonville Jaguars,totals,Over,45.5,-115,0.53488372,fanduel|1f3cfd315a24d1a7dd5859a8e6b88e18|totals|45.5,0.51083424,https://api.the-odds-api.com/v4/sports/americanfootball_nfl
2026,3,1f3cfd315a24d1a7dd5859a8e6b88e18,2026-09-27T17:00:00Z,FanDuel,2026-09-24T19:59:06Z,New England Patriots,Jacksonville Jaguars,totals,Under,45.5,-105,0.51219512,fanduel|1f3cfd315a24d1a7dd5859a8e6b88e18|totals|45.5,0.48916576,https://api.the-odds-api.com/v4/sports/americanfootball_nfl
2026,3,1f3cfd315a24d1a7dd5859a8e6b88e18,2026-09-27T17:00:00Z,BetRivers,2026-09-24T19:58:14Z,New England Patriots,Jacksonville Jaguars,h2h,Jacksonville Jaguars,,-157,0.61089494,betrivers|1f3cfd315a24d1a7dd5859a8e6b88e18|h2h|event,0.58631125,https://api.the-odds-api.com/v4/sports/americanfootball_nfl
2026,3,1f3cfd315a24d1a7dd5859a8e6b88e18,2026-09-27T17:00:00Z,BetRivers,2026-09-24T19:58:14Z,New England Patriots,Jacksonville Jaguars,h2h,New England Patriots,,132,0.43103448,betrivers|1f3cfd315a24d1a7dd5859a8e6b88e18|h2h|event,0.41368875,https://api.the-odds-api.com/v4/sports/americanfootball_nfl
2026,3,1f3cfd315a24d1a7dd5859a8e6b88e18,2026-09-27T17:00:00Z,BetRivers,2026-09-24T19:58:14Z,New England Patriots,Jacksonville Jaguars,spreads,Jacksonville Jaguars,-3.0,-107,0.51690821,betrivers|1f3cfd315a24d1a7dd5859a8e6b88e18|spreads|event,0.49247247,https://api.the-odds-api.com/v4/sports/americanfootball_nfl
2026,3,1f3cfd315a24d1a7dd5859a8e6b88e18,2026-09-27T17:00:00Z,BetRivers,2026-09-24T19:58:14Z,New England Patriots,Jacksonville Jaguars,spreads,New England Patriots,3.0,-114,0.53271028,betrivers|1f3cfd315a24d1a7dd5859a8e6b88e18|spreads|event,0.50752753,https://api.the-odds-api.com/v4/sports/americanfootball_nfl
2026,3,1f3cfd315a24d1a7dd5859a8e6b88e18,2026-09-27T17:00:00Z,BetRivers,2026-09-24T19:58:14Z,New England Patriots,Jacksonville Jaguars,totals,Over,46.0,-112,0.52830189,betrivers|1f3cfd315a24d1a7dd5859a8e6b88e18|totals|46.0,0.5032247,https://api.the-odds-api.com/v4/sports/americanfootball_nfl
2026,3,1f3cfd315a24d1a7dd5859a8e6b88e18,2026-09-27T17:00:00Z,BetRivers,2026-09-24T19:58:14Z,New England Patriots,Jacksonville Jaguars,totals,Under,46.0,-109,0.5215311,betrivers|1f3cfd315a24d1a7dd5859a8e6b88e18|totals|46.0,0.4967753,https://api.the-odds-api.com/v4/sports/americanfootball_nfl
2026,3,1f3cfd315a24d1a7dd5859a8e6b88e18,2026-09-27T17:00:00Z,LowVig.ag,2026-09-24T19:59:07Z,New England Patriots,Jacksonville Jaguars,h2h,Jacksonville Jaguars,,-155,0.60784314,lowvig|1f3cfd315a24d1a7dd5859a8e6b88e18|h2h|event,0.58821155,https://api.the-odds-api.com/v4/sports/americanfootball_nfl
2026,3,1f3cfd315a24d1a7dd5859a8e6b88e18,2026-09-27T17:00:00Z,LowVig.ag,2026-09-24T19:59:07Z,New England Patriots,Jacksonville Jaguars,h2h,New England Patriots,,135,0.42553191,lowvig|1f3cfd315a24d1a7dd5859a8e6b88e18|h2h|event,0.41178845,https://api.the-odds-api.com/v4/sports/americanfootball_nfl
2026,3,1f3cfd315a24d1a7dd5859a8e6b88e18,2026-09-27T17:00:00Z,LowVig.ag,2026-09-24T19:59:07Z,New England Patriots,Jacksonville Jaguars,spreads,Jacksonville Jaguars,-3.0,101,0.49751244,lowvig|1f3cfd315a24d1a7dd5859a8e6b88e18|spreads|event,0.48499268,https://api.the-odds-api.com/v4/sports/americanfootball_nfl
2026,3,1f3cfd315a24d1a7dd5859a8e6b88e18,2026-09-27T17:00:00Z,LowVig.ag,2026-09-24T19:59:07Z,New England Patriots,Jacksonville Jaguars,spreads,New England Patriots,3.0,-112,0.52830189,lowvig|1f3cfd315a24d1a7dd5859a8e6b88e18|spreads|event,0.51500732,https://api.the-odds-api.com/v4/sports/americanfootball_nfl
2026,3,1f3cfd315a24d1a7dd5859a8e6b88e18,2026-09-27T17:00:00Z,LowVig.ag,2026-09-24T19:59:07Z,New England Patriots,Jacksonville Jaguars,totals,Over,46.0,-107,0.51690821,lowvig|1f3cfd315a24d1a7dd5859a8e6b88e18|totals|46.0,0.5,https://api.the-odds-api.com/v4/sports/americanfootball_nfl
2026,3,1f3cfd315a24d1a7dd5859a8e6b88e18,2026-09-27T17:00:00Z,LowVig.ag,2026-09-24T19:59:07Z,New England Patriots,Jacksonville Jaguars,totals,Under,46.0,-107,0.51690821,lowvig|1f3cfd315a24d1a7dd5859a8e6b88e18|totals|46.0,0.5,https://api.the-odds-api.com/v4/sports/americanfootball_nfl
2026,3,1f3cfd315a24d1a7dd5859a8e6b88e18,2026-09-27T17:00:00Z,BetOnline.ag,2026-09-24T19:58:15Z,New England Patriots,Jacksonville Jaguars,h2h,Jacksonville Jaguars,,-155,0.60784314,betonlineag|1f3cfd315a24d1a7dd5859a8e6b88e18|h2h|event,0.58821155,https://api.the-odds-api.com/v4/sports/americanfootball_nfl
2026,3,1f3cfd315a24d1a7dd5859a8e6b88e18,2026-09-27T17:00:00Z,BetOnline.ag,2026-09-24T19:58:15Z,New England Patriots,Jacksonville Jaguars,h2h,New England Patriots,,135,0.42553191,betonlineag|1f3cfd315a24d1a7dd5859a8e6b88e18|h2h|event,0.41178845,https://api.the-odds-api.com/v4/sports/americanfootball_nfl
2026,3,1f3cfd315a24d1a7dd5859a8e6b88e18,2026-09-27T17:00:00Z,BetOnline.ag,2026-09-24T19:58:15Z,New England Patriots,Jacksonville Jaguars,spreads,Jacksonville Jaguars,-3.0,-104,0.50980392,betonlineag|1f3cfd315a24d1a7dd5859a8e6b88e18|spreads|event,0.48699271,https://api.the-odds-api.com/v4/sports/americanfootball_nfl
2026,3,1f3cfd315a24d1a7dd5859a8e6b88e18,2026-09-27T17:00:00Z,BetOnline.ag,2026-09-24T19:58:15Z,New England Patriots,Jacksonville Jaguars,spreads,New England Patriots,3.0,-116,0.53703704,betonlineag|1f3cfd315a24d1a7dd5859a8e6b88e18|spreads|event,0.51300729,https://api.the-odds-api.com/v4/sports/americanfootball_nfl
2026,3,1f3cfd315a24d1a7dd5859a8e6b88e18,2026-09-27T17:00:00Z,BetOnline.ag,2026-09-24T19:58:15Z,New England Patriots,Jacksonville Jaguars,totals,Over,46.0,-110,0.52380952,betonlineag|1f3cfd315a24d1a7dd5859a8e6b88e18|totals|46.0,0.5,https://api.the-odds-api.com/v4/sports/americanfootball_nfl
2026,3,1f3cfd315a24d1a7dd5859a8e6b88e18,2026-09-27T17:00:00Z,BetOnline.ag,2026-09-24T19:58:15Z,New England Patriots,Jacksonville Jaguars,totals,Under,46.0,-110,0.52380952,betonlineag|1f3cfd315a24d1a7dd5859a8e6b88e18|totals|46.0,0.5,https://api.the-odds-api.com/v4/sports/americanfootball_nfl
2026,3,1f3cfd315a24d1a7dd5859a8e6b88e18,2026-09-27T17:00:00Z,MyBookie.ag,2026-09-24T19:57:58Z,New England Patriots,Jacksonville Jaguars,h2h,Jacksonville Jaguars,,-158,0.6124031,mybookieag|1f3cfd315a24d1a7dd5859a8e6b88e18|h2h|event,0.58268634,https://api.the-odds-api.com/v4/sports/americanfootball_nfl
2026,3,1f3cfd315a24d1a7dd5859a8e6b88e18,2026-09-27T17:00:00Z,MyBookie.ag,2026-09-24T19:57:58Z,New England Patriots,Jacksonville Jaguars,h2h,New England Patriots,,128,0.43859649,mybookieag|1f3cfd315a24d1a7dd5859a8e6b88e18|h2h|event,0.41731366,https://api.the-odds-api.com/v4/sports/americanfootball_nfl
2026,3,1f3cfd315a24d1a7dd5859a8e6b88e18,2026-09-27T17:00:00Z,MyBookie.ag,2026-09-24T19:57:58Z,New England Patriots,Jacksonville Jaguars,spreads,Jacksonville Jaguars,-3.0,-110,0.52380952,mybookieag|1f3cfd315a24d1a7dd5859a8e6b88e18|spreads|event,0.5,https://api.the-odds-api.com/v4/sports/americanfootball_nfl
2026,3,1f3cfd315a24d1a7dd5859a8e6b88e18,2026-09-27T17:00:00Z,MyBookie.ag,2026-09-24T19:57:58Z,New England Patriots,Jacksonville Jaguars,spreads,New England Patriots,3.0,-110,0.52380952,mybookieag|1f3cfd315a24d1a7dd5859a8e6b88e18|spreads|event,0.5,https://api.the-odds-api.com/v4/sports/americanfootball_nfl
2026,3,1f3cfd315a24d1a7dd5859a8e6b88e18,2026-09-27T17:00:00Z,MyBookie.ag,2026-09-24T19:57:58Z,New England Patriots,Jacksonville Jaguars,totals,Over,46.0,-110,0.52380952,mybookieag|1f3cfd315a24d1a7dd5859a8e6b88e18|totals|46.0,0.5,https://api.the-odds-api.com/v4/sports/americanfootball_nfl
2026,3,1f3cfd315a24d1a7dd5859a8e6b88e18,2026-09-27T17:00:00Z,MyBookie.ag,2026-09-24T19:57:58Z,New England Patriots,Jacksonville Jaguars,totals,Under,46.0,-110,0.52380952,mybookieag|1f3cfd315a24d1a7dd5859a8e6b88e18|totals|46.0,0.5,https://api.the-odds-api.com/v4/sports/americanfootball_nfl
2026,3,1f3cfd315a24d1a7dd5859a8e6b88e18,2026-09-27T17:00:00Z,BetMGM,2026-09-24T19:58:17Z,New England Patriots,Jacksonville Jaguars,h2h,Jacksonville Jaguars,,-160,0.61538462,betmgm|1f3cfd315a24d1a7dd5859a8e6b88e18|h2h|event,0.58598726,https://api.the-odds-api.com/v4/sports/americanfootball_nfl
2026,3,1f3cfd315a24d1a7dd5859a8e6b88e18,2026-09-27T17:00:00Z,BetMGM,2026-09-24T19:58:17Z,New England Patriots,Jacksonville Jaguars,h2h,New England Patriots,,130,0.43478261,betmgm|1f3cfd315a24d1a7dd5859a8e6b88e18|h2h|event,0.41401274,https://api.the-odds-api.com/v4/sports/americanfootball_nfl
2026,3,1f3cfd315a24d1a7dd5859a8e6b88e18,2026-09-27T17:00:00Z,BetMGM,2026-09-24T19:58:17Z,New England Patriots,Jacksonville Jaguars,spreads,Jacksonville Jaguars,-3.0,-102,0.5049505,betmgm|1f3cfd315a24d1a7dd5859a8e6b88e18|spreads|event,0.48263588,https://api.the-odds-api.com/v4/sports/americanfootball_nfl
2026,3,1f3cfd315a24d1a7dd5859a8e6b88e18,2026-09-27T17:00:00Z,BetMGM,2026-09-24T19:58:17Z,New England Patriots,Jacksonville Jaguars,spreads,New England Patriots,3.0,-118,0.5412844,betmgm|1f3cfd315a24d1a7dd5859a8e6b88e18|spreads|event,0.51736412,https://api.the-odds-api.com/v4/sports/americanfootball_nfl
2026,3,1f3cfd315a24d1a7dd5859a8e6b88e18,2026-09-27T17:00:00Z,BetMGM,2026-09-24T19:58:17Z,New England Patriots,Jacksonville Jaguars,totals,Over,46.0,-110,0.52380952,betmgm|1f3cfd315a24d1a7dd5859a8e6b88e18|totals|46.0,0.50219491,https://api.the-odds-api.com/v4/sports/americanfootball_nfl
2026,3,1f3cfd315a24d1a7dd5859a8e6b88e18,2026-09-27T17:00:00Z,BetMGM,2026-09-24T19:58:17Z,New England Patriots,Jacksonville Jaguars,totals,Under,46.0,-108,0.51923077,betmgm|1f3cfd315a24d1a7dd5859a8e6b88e18|totals|46.0,0.49780509,https://api.the-odds-api.com/v4/sports/americanfootball_nfl
2026,3,1f3cfd315a24d1a7dd5859a8e6b88e18,2026-09-27T17:00:00Z,Bovada,2026-09-24T19:58:18Z,New England Patriots,Jacksonville Jaguars,h2h,Jacksonville Jaguars,,-160,0.61538462,bovada|1f3cfd315a24d1a7dd5859a8e6b88e18|h2h|event,0.59119497,https://api.the-odds-api.com/v4/sports/americanfootball_nfl
2026,3,1f3cfd315a24d1a7dd5859a8e6b88e18,2026-09-27T17:00:00Z,Bovada,2026-09-24T19:58:18Z,New England Patriots,Jacksonville Jaguars,h2h,New England Patriots,,135,0.42553191,bovada|1f3cfd315a24d1a7dd5859a8e6b88e18|h2h|event,0.40880503,https://api.the-odds-api.com/v4/sports/americanfootball_nfl
2026,3,1f3cfd315a24d1a7dd5859a8e6b88e18,2026-09-27T17:00:00Z,Bovada,2026-09-24T19:58:18Z,New England Patriots,Jacksonville Jaguars,spreads,Jacksonville Jaguars,-3.0,-105,0.51219512,bovada|1f3cfd315a24d1a7dd5859a8e6b88e18|spreads|event,0.48916576,https://api.the-odds-api.com/v4/sports/americanfootball_nfl
2026,3,1f3cfd315a24d1a7dd5859a8e6b88e18,2026-09-27T17:00:00Z,Bovada,2026-09-24T19:58:18Z,New England Patriots,Jacksonville Jaguars,spreads,New England Patriots,3.0,-115,0.53488372,bovada|1f3cfd315a24d1a7dd5859a8e6b88e18|spreads|event,0.51083424,https://api.the-odds-api.com/v4/sports/americanfootball_nfl
2026,3,1f3cfd315a24d1a7dd5859a8e6b88e18,2026-09-27T17:00:00Z,Bovada,2026-09-24T19:58:18Z,New England Patriots,Jacksonville Jaguars,totals,Over,45.5,-110,0.52380952,bovada|1f3cfd315a24d1a7dd5859a8e6b88e18|totals|45.5,0.5,https://api.the-odds-api.com/v4/sports/americanfootball_nfl
2026,3,1f3cfd315a24d1a7dd5859a8e6b88e18,2026-09-27T17:00:00Z,Bovada,2026-09-24T19:58:18Z,New England Patriots,Jacksonville Jaguars,totals,Under,45.5,-110,0.52380952,bovada|1f3cfd315a24d1a7dd5859a8e6b88e18|totals|45.5,0.5,https://api.the-odds-api.com/v4/sports/americanfootball_nfl
2026,3,0339a0e41bcee12820eb3e64bb5fadb4,2026-09-27T17:00:00Z,DraftKings,2026-09-24T19:58:30Z,Kansas City Chiefs,Miami Dolphins,h2h,Kansas City Chiefs,,-650,0.86666667,draftkings|0339a0e41bcee12820eb3e64bb5fadb4|h2h|event,0.83164983,https://api.the-odds-api.com/v4/sports/americanfootball_nfl
2026,3,0339a0e41bcee12820eb3e64bb5fadb4,2026-09-27T17:00:00Z,DraftKings,2026-09-24T19:58:30Z,Kansas City Chiefs,Miami Dolphins,h2h,Miami Dolphins,,470,0.1754386,draftkings|0339a0e41bcee12820eb3e64bb5fadb4|h2h|event,0.16835017,https://api.the-odds-api.com/v4/sports/americanfootball_nfl
2026,3,0339a0e41bcee12820eb3e64bb5fadb4,2026-09-27T17:00:00Z,DraftKings,2026-09-24T19:58:30Z,Kansas City Chiefs,Miami Dolphins,spreads,Kansas City Chiefs,-10.5,-112,0.52830189,draftkings|0339a0e41bcee12820eb3e64bb5fadb4|spreads|event,0.50432976,https://api.the-odds-api.com/v4/sports/americanfootball_nfl
2026,3,0339a0e41bcee12820eb3e64bb5fadb4,2026-09-27T17:00:00Z,DraftKings,2026-09-24T19:58:30Z,Kansas City Chiefs,Miami Dolphins,spreads,Miami Dolphins,10.5,-108,0.51923077,draftkings|0339a0e41bcee12820eb3e64bb5fadb4|spreads|event,0.49567024,https://api.the-odds-api.com/v4/sports/americanfootball_nfl
2026,3,0339a0e41bcee12820eb3e64bb5fadb4,2026-09-27T17:00:00Z,DraftKings,2026-09-24T19:58:30Z,Kansas City Chiefs,Miami Dolphins,totals,Over,45.5,-115,0.53488372,draftkings|0339a0e41bcee12820eb3e64bb5fadb4|totals|45.5,0.51083424,https://api.the-odds-api.com/v4/sports/americanfootball_nfl
2026,3,0339a0e41bcee12820eb3e64bb5fadb4,2026-09-27T17:00:00Z,DraftKings,2026-09-24T19:58:30Z,Kansas City Chiefs,Miami Dolphins,totals,Under,45.5,-105,0.51219512,draftkings|0339a0e41bcee12820eb3e64bb5fadb4|totals|45.5,0.48916576,https://api.the-odds-api.com/v4/sports/americanfootball_nfl
2026,3,0339a0e41bcee12820eb3e64bb5fadb4,2026-09-27T17:00:00Z,BetUS,2026-09-24T19:59:06Z,Kansas City Chiefs,Miami Dolphins,h2h,Kansas City Chiefs,,-750,0.88235294,betus|0339a0e41bcee12820eb3e64bb5fadb4|h2h|event,0.84753363,https://api.the-odds-api.com/v4/sports/americanfootball_nfl
2026,3,0339a0e41bcee12820eb3e64bb5fadb4,2026-09-27T17:00:00Z,BetUS,2026-09-24T19:59:06Z,Kansas City Chiefs,Miami Dolphins,h2h,Miami Dolphins,,530,0.15873016,betus|0339a0e41bcee12820eb3e64bb5fadb4|h2h|event,0.15246637,https://api.the-odds-api.com/v4/sports/americanfootball_nfl
2026,3,0339a0e41bcee12820eb3e64bb5fadb4,2026-09-27T17:00:00Z,BetUS,2026-09-24T19:59:06Z,Kansas City Chiefs,Miami Dolphins,spreads,Kansas City Chiefs,-11.0,-110,0.52380952,betus|0339a0e41bcee12820eb3e64bb5fadb4|spreads|event,0.5,https://api.the-odds-api.com/v4/sports/americanfootball_nfl
2026,3,0339a0e41bcee12820eb3e64bb5fadb4,2026-09-27T17:00:00Z,BetUS,2026-09-24T19:59:06Z,Kansas City Chiefs,Miami Dolphins,spreads,Miami Dolphins,11.0,-110,0.52380952,betus|0339a0e41bcee12820eb3e64bb5fadb4|spreads|event,0.5,https://api.the-odds-api.com/v4/sports/americanfootball_nfl
2026,3,0339a0e41bcee12820eb3e64bb5fadb4,2026-09-27T17:00:00Z,BetUS,2026-09-24T19:59:06Z,Kansas City Chiefs,Miami Dolphins,totals,Over,46.0,-110,0.52380952,betus|0339a0e41bcee12820eb3e64bb5fadb4|totals|46.0,0.5,https://api.the-odds-api.com/v4/sports/americanfootball_nfl
2026,3,0339a0e41bcee12820eb3e64bb5fadb4,2026-09-27T17:00:00Z,BetUS,2026-09-24T19:59:06Z,Kansas City Chiefs,Miami Dolphins,totals,Under,46.0,-110,0.52380952,betus|0339a0e41bcee12820eb3e64bb5fadb4|totals|46.0,0.5,https://api.the-odds-api.com/v4/sports/americanfootball_nfl
2026,3,0339a0e41bcee12820eb3e64bb5fadb4,2026-09-27T17:00:00Z,FanDuel,2026-09-24T19:59:06Z,Kansas City Chiefs,Miami Dolphins,h2h,Kansas City Chiefs,,-720,0.87804878,fanduel|0339a0e41bcee12820eb3e64bb5fadb4|h2h|event,0.84481454,https://api.the-odds-api.com/v4/sports/americanfootball_nfl
2026,3,0339a0e41bcee12820eb3e64bb5fadb4,2026-09-27T17:00:00Z,FanDuel,2026-09-24T19:59:06Z,Kansas City Chiefs,Miami Dolphins,h2h,Miami Dolphins,,520,0.16129032,fanduel|0339a0e41bcee12820eb3e64bb5fadb4|h2h|event,0.15518546,https://api.the-odds-api.com/v4/sports/americanfootball_nfl
2026,3,0339a0e41bcee12820eb3e64bb5fadb4,2026-09-27T17:00:00Z,FanDuel,2026-09-24T19:59:06Z,Kansas City Chiefs,Miami Dolphins,spreads,Kansas City Chiefs,-10.5,-115,0.53488372,fanduel|0339a0e41bcee12820eb3e64bb5fadb4|spreads|event,0.51083424,https://api.the-odds-api.com/v4/sports/americanfootball_nfl
2026,3,0339a0e41bcee12820eb3e64bb5fadb4,2026-09-27T17:00:00Z,FanDuel,2026-09-24T19:59:06Z,Kansas City Chiefs,Miami Dolphins,spreads,Miami Dolphins,10.5,-105,0.51219512,fanduel|0339a0e41bcee12820eb3e64bb5fadb4|spreads|event,0.48916576,https://api.the-odds-api.com/v4/sports/americanfootball_nfl
2026,3,0339a0e41bcee12820eb3e64bb5fadb4,2026-09-27T17:00:00Z,FanDuel,2026-09-24T19:59:06Z,Kansas City Chiefs,Miami Dolphins,totals,Over,45.5,-115,0.53488372,fanduel|0339a0e41bcee12820eb3e64bb5fadb4|totals|45.5,0.51083424,https://api.the-odds-api.com/v4/sports/americanfootball_nfl
2026,3,0339a0e41bcee12820eb3e64bb5fadb4,2026-09-27T17:00:00Z,FanDuel,2026-09-24T19:59:06Z,Kansas City Chiefs,Miami Dolphins,totals,Under,45.5,-105,0.51219512,fanduel|0339a0e41bcee12820eb3e64bb5fadb4|totals|45.5,0.48916576,https://api.the-odds-api.com/v4/sports/americanfootball_nfl
2026,3,0339a0e41bcee12820eb3e64bb5fadb4,2026-09-27T17:00:00Z,BetRivers,2026-09-24T19:58:14Z,Kansas City Chiefs,Miami Dolphins,h2h,Kansas City Chiefs,,-770,0.88505747,betrivers|0339a0e41bcee12820eb3e64bb5fadb4|h2h|event,0.84372193,https://api.the-odds-api.com/v4/sports/americanfootball_nfl
2026,3,0339a0e41bcee12820eb3e64bb5fadb4,2026-09-27T17:00:00Z,BetRivers,2026-09-24T19:58:14Z,Kansas City Chiefs,Miami Dolphins,h2h,Miami Dolphins,,510,0.16393443,betrivers|0339a0e41bcee12820eb3e64bb5fadb4|h2h|event,0.15627807,https://api.the-odds-api.com/v4/sports/americanfootball_nfl
2026,3,0339a0e41bcee12820eb3e64bb5fadb4,2026-09-27T17:00:00Z,BetRivers,2026-09-24T19:58:14Z,Kansas City Chiefs,Miami Dolphins,spreads,Kansas City Chiefs,-11.0,-113,0.53051643,betrivers|0339a0e41bcee12820eb3e64bb5fadb4|spreads|event,0.50537542,https://api.the-odds-api.com/v4/sports/americanfootball_nfl
2026,3,0339a0e41bcee12820eb3e64bb5fadb4,2026-09-27T17:00:00Z,BetRivers,2026-09-24T19:58:14Z,Kansas City Chiefs,Miami Dolphins,spreads,Miami Dolphins,11.0,-108,0.51923077,betrivers|0339a0e41bcee12820eb3e64bb5fadb4|spreads|event,0.49462458,https://api.the-odds-api.com/v4/sports/americanfootball_nfl
2026,3,0339a0e41bcee12820eb3e64bb5fadb4,2026-09-27T17:00:00Z,BetRivers,2026-09-24T19:58:14Z,Kansas City Chiefs,Miami Dolphins,totals,Over,46.0,-110,0.52380952,betrivers|0339a0e41bcee12820eb3e64bb5fadb4|totals|46.0,0.5,https://api.the-odds-api.com/v4/sports/americanfootball_nfl
2026,3,0339a0e41bcee12820eb3e64bb5fadb4,2026-09-27T17:00:00Z,BetRivers,2026-09-24T19:58:14Z,Kansas City Chiefs,Miami Dolphins,totals,Under,46.0,-110,0.52380952,betrivers|0339a0e41bcee12820eb3e64bb5fadb4|totals|46.0,0.5,https://api.the-odds-api.com/v4/sports/americanfootball_nfl
2026,3,0339a0e41bcee12820eb3e64bb5fadb4,2026-09-27T17:00:00Z,LowVig.ag,2026-09-24T19:59:07Z,Kansas City Chiefs,Miami Dolphins,h2h,Kansas City Chiefs,,-650,0.86666667,lowvig|0339a0e41bcee12820eb3e64bb5fadb4|h2h|event,0.83311082,https://api.the-odds-api.com/v4/sports/americanfootball_nfl
2026,3,0339a0e41bcee12820eb3e64bb5fadb4,2026-09-27T17:00:00Z,LowVig.ag,2026-09-24T19:59:07Z,Kansas City Chiefs,Miami Dolphins,h2h,Miami Dolphins,,476,0.17361111,lowvig|0339a0e41bcee12820eb3e64bb5fadb4|h2h|event,0.16688918,https://api.the-odds-api.com/v4/sports/americanfootball_nfl
2026,3,0339a0e41bcee12820eb3e64bb5fadb4,2026-09-27T17:00:00Z,LowVig.ag,2026-09-24T19:59:07Z,Kansas City Chiefs,Miami Dolphins,spreads,Kansas City Chiefs,-11.0,-105,0.51219512,lowvig|0339a0e41bcee12820eb3e64bb5fadb4|spreads|event,0.5,https://api.the-odds-api.com/v4/sports/americanfootball_nfl
2026,3,0339a0e41bcee12820eb3e64bb5fadb4,2026-09-27T17:00:00Z,LowVig.ag,2026-09-24T19:59:07Z,Kansas City Chiefs,Miami Dolphins,spreads,Miami Dolphins,11.0,-105,0.51219512,lowvig|0339a0e41bcee12820eb3e64bb5fadb4|spreads|event,0.5,https://api.the-odds-api.com/v4/sports/americanfootball_nfl
2026,3,0339a0e41bcee12820eb3e64bb5fadb4,2026-09-27T17:00:00Z,LowVig.ag,2026-09-24T19:59:07Z,Kansas City Chiefs,Miami Dolphins,totals,Over,46.0,-107,0.51690821,lowvig|0339a0e41bcee12820eb3e64bb5fadb4|totals|46.0,0.5,https://api.the-odds-api.com/v4/sports/americanfootball_nfl
2026,3,0339a0e41bcee12820eb3e64bb5fadb4,2026-09-27T17:00:00Z,LowVig.ag,2026-09-24T19:59:07Z,Kansas City Chiefs,Miami Dolphins,totals,Under,46.0,-107,0.51690821,lowvig|0339a0e41bcee12820eb3e64bb5fadb4|totals|46.0,0.5,https://api.the-odds-api.com/v4/sports/americanfootball_nfl
2026,3,0339a0e41bcee12820eb3e64bb5fadb4,2026-09-27T17:00:00Z,BetOnline.ag,2026-09-24T19:58:15Z,Kansas City Chiefs,Miami Dolphins,h2h,Kansas City Chiefs,,-650,0.86666667,betonlineag|0339a0e41bcee12820eb3e64bb5fadb4|h2h|event,0.83311082,https://api.the-odds-api.com/v4/sports/americanfootball_nfl
2026,3,0339a0e41bcee12820eb3e64bb5fadb4,2026-09-27T17:00:00Z,BetOnline.ag,2026-09-24T19:58:15Z,Kansas City Chiefs,Miami Dolphins,h2h,Miami Dolphins,,476,0.17361111,betonlineag|0339a0e41bcee12820eb3e64bb5fadb4|h2h|event,0.16688918,https://api.the-odds-api.com/v4/sports/americanfootball_nfl
2026,3,0339a0e41bcee12820eb3e64bb5fadb4,2026-09-27T17:00:00Z,BetOnline.ag,2026-09-24T19:58:15Z,Kansas City Chiefs,Miami Dolphins,spreads,Kansas City Chiefs,-11.0,-110,0.52380952,betonlineag|0339a0e41bcee12820eb3e64bb5fadb4|spreads|event,0.5,https://api.the-odds-api.com/v4/sports/americanfootball_nfl
2026,3,0339a0e41bcee12820eb3e64bb5fadb4,2026-09-27T17:00:00Z,BetOnline.ag,2026-09-24T19:58:15Z,Kansas City Chiefs,Miami Dolphins,spreads,Miami Dolphins,11.0,-110,0.52380952,betonlineag|0339a0e41bcee12820eb3e64bb5fadb4|spreads|event,0.5,https://api.the-odds-api.com/v4/sports/americanfootball_nfl
2026,3,0339a0e41bcee12820eb3e64bb5fadb4,2026-09-27T17:00:00Z,BetOnline.ag,2026-09-24T19:58:15Z,Kansas City Chiefs,Miami Dolphins,totals,Over,46.0,-110,0.52380952,betonlineag|0339a0e41bcee12820eb3e64bb5fadb4|totals|46.0,0.5,https://api.the-odds-api.com/v4/sports/americanfootball_nfl
2026,3,0339a0e41bcee12820eb3e64bb5fadb4,2026-09-27T17:00:00Z,BetOnline.ag,2026-09-24T19:58:15Z,Kansas City Chiefs,Miami Dolphins,totals,Under,46.0,-110,0.52380952,betonlineag|0339a0e41bcee12820eb3e64bb5fadb4|totals|46.0,0.5,https://api.the-odds-api.com/v4/sports/americanfootball_nfl
2026,3,0339a0e41bcee12820eb3e64bb5fadb4,2026-09-27T17:00:00Z,MyBookie.ag,2026-09-24T19:57:58Z,Kansas City Chiefs,Miami Dolphins,h2h,Kansas City Chiefs,,-699,0.87484355,mybookieag|0339a0e41bcee12820eb3e64bb5fadb4|h2h|event,0.8329605,https://api.the-odds-api.com/v4/sports/americanfootball_nfl
2026,3,0339a0e41bcee12820eb3e64bb5fadb4,2026-09-27T17:00:00Z,MyBookie.ag,2026-09-24T19:57:58Z,Kansas City Chiefs,Miami Dolphins,h2h,Miami Dolphins,,470,0.1754386,mybookieag|0339a0e41bcee12820eb3e64bb5fadb4|h2h|event,0.1670395,https://api.the-odds-api.com/v4/sports/americanfootball_nfl
2026,3,0339a0e41bcee12820eb3e64bb5fadb4,2026-09-27T17:00:00Z,MyBookie.ag,2026-09-24T19:57:58Z,Kansas City Chiefs,Miami Dolphins,spreads,Kansas City Chiefs,-11.0,-110,0.52380952,mybookieag|0339a0e41bcee12820eb3e64bb5fadb4|spreads|event,0.5,https://api.the-odds-api.com/v4/sports/americanfootball_nfl
2026,3,0339a0e41bcee12820eb3e64bb5fadb4,2026-09-27T17:00:00Z,MyBookie.ag,2026-09-24T19:57:58Z,Kansas City Chiefs,Miami Dolphins,spreads,Miami Dolphins,11.0,-110,0.52380952,mybookieag|0339a0e41bcee12820eb3e64bb5fadb4|spreads|event,0.5,https://api.the-odds-api.com/v4/sports/americanfootball_nfl
2026,3,0339a0e41bcee12820eb3e64bb5fadb4,2026-09-27T17:00:00Z,MyBookie.ag,2026-09-24T19:57:58Z,Kansas City Chiefs,Miami Dolphins,totals,Over,46.0,-110,0.52380952,mybookieag|0339a0e41bcee12820eb3e64bb5fadb4|totals|46.0,0.5,https://api.the-odds-api.com/v4/sports/americanfootball_nfl
2026,3,0339a0e41bcee12820eb3e64bb5fadb4,2026-09-27T17:00:00Z,MyBookie.ag,2026-09-24T19:57:58Z,Kansas City Chiefs,Miami Dolphins,totals,Under,46.0,-110,0.52380952,mybookieag|0339a0e41bcee12820eb3e64bb5fadb4|totals|46.0,0.5,https://api.the-odds-api.com/v4/sports/americanfootball_nfl
2026,3,0339a0e41bcee12820eb3e64bb5fadb4,2026-09-27T17:00:00Z,BetMGM,2026-09-24T19:58:17Z,Kansas City Chiefs,Miami Dolphins,h2h,Kansas City Chiefs,,-650,0.86666667,betmgm|0339a0e41bcee12820eb3e64bb5fadb4|h2h|event,0.83870968,https://api.the-odds-api.com/v4/sports/americanfootball_nfl
2026,3,0339a0e41bcee12820eb3e64bb5fadb4,2026-09-27T17:00:00Z,BetMGM,2026-09-24T19:58:17Z,Kansas City Chiefs,Miami Dolphins,h2h,Miami Dolphins,,500,0.16666667,betmgm|0339a0e41bcee12820eb3e64bb5fadb4|h2h|event,0.16129032,https://api.the-odds-api.com/v4/sports/americanfootball_nfl
2026,3,0339a0e41bcee12820eb3e64bb5fadb4,2026-09-27T17:00:00Z,BetMGM,2026-09-24T19:58:17Z,Kansas City Chiefs,Miami Dolphins,spreads,Kansas City Chiefs,-11.0,-108,0.51923077,betmgm|0339a0e41bcee12820eb3e64bb5fadb4|spreads|event,0.49780509,https://api.the-odds-api.com/v4/sports/americanfootball_nfl
2026,3,0339a0e41bcee12820eb3e64bb5fadb4,2026-09-27T17:00:00Z,BetMGM,2026-09-24T19:58:17Z,Kansas City Chiefs,Miami Dolphins,spreads,Miami Dolphins,11.0,-110,0.52380952,betmgm|0339a0e41bcee12820eb3e64bb5fadb4|spreads|event,0.50219491,https://api.the-odds-api.com/v4/sports/americanfootball_nfl
2026,3,0339a0e41bcee12820eb3e64bb5fadb4,2026-09-27T17:00:00Z,BetMGM,2026-09-24T19:58:17Z,Kansas City Chiefs,Miami Dolphins,totals,Over,46.0,-110,0.52380952,betmgm|0339a0e41bcee12820eb3e64bb5fadb4|totals|46.0,0.5,https://api.the-odds-api.com/v4/sports/americanfootball_nfl
2026,3,0339a0e41bcee12820eb3e64bb5fadb4,2026-09-27T17:00:00Z,BetMGM,2026-09-24T19:58:17Z,Kansas City Chiefs,Miami Dolphins,totals,Under,46.0,-110,0.52380952,betmgm|0339a0e41bcee12820eb3e64bb5fadb4|totals|46.0,0.5,https://api.the-odds-api.com/v4/sports/americanfootball_nfl
2026,3,0339a0e41bcee12820eb3e64bb5fadb4,2026-09-27T17:00:00Z,Bovada,2026-09-24T19:58:18Z,Kansas City Chiefs,Miami Dolphins,h2h,Kansas City Chiefs,,-650,0.86666667,bovada|0339a0e41bcee12820eb3e64bb5fadb4|h2h|event,0.8265896,https://api.the-odds-api.com/v4/sports/americanfootball_nfl
2026,3,0339a0e41bcee12820eb3e64bb5fadb4,2026-09-27T17:00:00Z,Bovada,2026-09-24T19:58:18Z,Kansas City Chiefs,Miami Dolphins,h2h,Miami Dolphins,,450,0.18181818,bovada|0339a0e41bcee12820eb3e64bb5fadb4|h2h|event,0.1734104,https://api.the-odds-api.com/v4/sports/americanfootball_nfl
2026,3,0339a0e41bcee12820eb3e64bb5fadb4,2026-09-27T17:00:00Z,Bovada,2026-09-24T19:58:18Z,Kansas City Chiefs,Miami Dolphins,spreads,Kansas City Chiefs,-10.5,-110,0.52380952,bovada|0339a0e41bcee12820eb3e64bb5fadb4|spreads|event,0.5,https://api.the-odds-api.com/v4/sports/americanfootball_nfl
2026,3,0339a0e41bcee12820eb3e64bb5fadb4,2026-09-27T17:00:00Z,Bovada,2026-09-24T19:58:18Z,Kansas City Chiefs,Miami Dolphins,spreads,Miami Dolphins,10.5,-110,0.52380952,bovada|0339a0e41bcee12820eb3e64bb5fadb4|spreads|event,0.5,https://api.the-odds-api.com/v4/sports/americanfootball_nfl
2026,3,0339a0e41bcee12820eb3e64bb5fadb4,2026-09-27T17:00:00Z,Bovada,2026-09-24T19:58:18Z,Kansas City Chiefs,Miami Dolphins,totals,Over,46.0,-110,0.52380952,bovada|0339a0e41bcee12820eb3e64bb5fadb4|totals|46.0,0.5,https://api.the-odds-api.com/v4/sports/americanfootball_nfl
2026,3,0339a0e41bcee12820eb3e64bb5fadb4,2026-09-27T17:00:00Z,Bovada,2026-09-24T19:58:18Z,Kansas City Chiefs,Miami Dolphins,totals,Under,46.0,-110,0.52380952,bovada|0339a0e41bcee12820eb3e64bb5fadb4|totals|46.0,0.5,https://api.the-odds-api.com/v4/sports/americanfootball_nfl
2026,3,555afd4a27aaa392662881cffa8f2eef,2026-09-27T17:00:00Z,DraftKings,2026-09-24T19:58:31Z,Tennessee Titans,New York Giants,h2h,New York Giants,,-130,0.56521739,draftkings|555afd4a27aaa392662881cffa8f2eef|h2h|event,0.54274354,https://api.the-odds-api.com/v4/sports/americanfootball_nfl
2026,3,555afd4a27aaa392662881cffa8f2eef,2026-09-27T17:00:00Z,DraftKings,2026-09-24T19:58:31Z,Tennessee Titans,New York Giants,h2h,Tennessee Titans,,110,0.47619048,draftkings|555afd4a27aaa392662881cffa8f2eef|h2h|event,0.45725646,https://api.the-odds-api.com/v4/sports/americanfootball_nfl
2026,3,555afd4a27aaa392662881cffa8f2eef,2026-09-27T17:00:00Z,DraftKings,2026-09-24T19:58:31Z,Tennessee Titans,New York Giants,spreads,New York Giants,-2.5,-118,0.5412844,draftkings|555afd4a27aaa392662881cffa8f2eef|spreads|event,0.51736412,https://api.the-odds-api.com/v4/sports/americanfootball_nfl
2026,3,555afd4a27aaa392662881cffa8f2eef,2026-09-27T17:00:00Z,DraftKings,2026-09-24T19:58:31Z,Tennessee Titans,New York Giants,spreads,Tennessee Titans,2.5,-102,0.5049505,draftkings|555afd4a27aaa392662881cffa8f2eef|spreads|event,0.48263588,https://api.the-odds-api.com/v4/sports/americanfootball_nfl
2026,3,555afd4a27aaa392662881cffa8f2eef,2026-09-27T17:00:00Z,DraftKings,2026-09-24T19:58:31Z,Tennessee Titans,New York Giants,totals,Over,38.5,-108,0.51923077,draftkings|555afd4a27aaa392662881cffa8f2eef|totals|38.5,0.49567024,https://api.the-odds-api.com/v4/sports/americanfootball_nfl
2026,3,555afd4a27aaa392662881cffa8f2eef,2026-09-27T17:00:00Z,DraftKings,2026-09-24T19:58:31Z,Tennessee Titans,New York Giants,totals,Under,38.5,-112,0.52830189,draftkings|555afd4a27aaa392662881cffa8f2eef|totals|38.5,0.50432976,https://api.the-odds-api.com/v4/sports/americanfootball_nfl
2026,3,555afd4a27aaa392662881cffa8f2eef,2026-09-27T17:00:00Z,BetUS,2026-09-24T19:59:06Z,Tennessee Titans,New York Giants,h2h,New York Giants,,-140,0.58333333,betus|555afd4a27aaa392662881cffa8f2eef|h2h|event,0.5620438,https://api.the-odds-api.com/v4/sports/americanfootball_nfl
2026,3,555afd4a27aaa392662881cffa8f2eef,2026-09-27T17:00:00Z,BetUS,2026-09-24T19:59:06Z,Tennessee Titans,New York Giants,h2h,Tennessee Titans,,120,0.45454545,betus|555afd4a27aaa392662881cffa8f2eef|h2h|event,0.4379562,https://api.the-odds-api.com/v4/sports/americanfootball_nfl
2026,3,555afd4a27aaa392662881cffa8f2eef,2026-09-27T17:00:00Z,BetUS,2026-09-24T19:59:06Z,Tennessee Titans,New York Giants,spreads,New York Giants,-3.0,105,0.48780488,betus|555afd4a27aaa392662881cffa8f2eef|spreads|event,0.46753247,https://api.the-odds-api.com/v4/sports/americanfootball_nfl
2026,3,555afd4a27aaa392662881cffa8f2eef,2026-09-27T17:00:00Z,BetUS,2026-09-24T19:59:06Z,Tennessee Titans,New York Giants,spreads,Tennessee Titans,3.0,-125,0.55555556,betus|555afd4a27aaa392662881cffa8f2eef|spreads|event,0.53246753,https://api.the-odds-api.com/v4/sports/americanfootball_nfl
2026,3,555afd4a27aaa392662881cffa8f2eef,2026-09-27T17:00:00Z,BetUS,2026-09-24T19:59:06Z,Tennessee Titans,New York Giants,totals,Over,38.0,-110,0.52380952,betus|555afd4a27aaa392662881cffa8f2eef|totals|38.0,0.5,https://api.the-odds-api.com/v4/sports/americanfootball_nfl
2026,3,555afd4a27aaa392662881cffa8f2eef,2026-09-27T17:00:00Z,BetUS,2026-09-24T19:59:06Z,Tennessee Titans,New York Giants,totals,Under,38.0,-110,0.52380952,betus|555afd4a27aaa392662881cffa8f2eef|totals|38.0,0.5,https://api.the-odds-api.com/v4/sports/americanfootball_nfl
2026,3,555afd4a27aaa392662881cffa8f2eef,2026-09-27T17:00:00Z,FanDuel,2026-09-24T19:59:06Z,Tennessee Titans,New York Giants,h2h,New York Giants,,-138,0.57983193,fanduel|555afd4a27aaa392662881cffa8f2eef|h2h|event,0.55831044,https://api.the-odds-api.com/v4/sports/americanfootball_nfl
2026,3,555afd4a27aaa392662881cffa8f2eef,2026-09-27T17:00:00Z,FanDuel,2026-09-24T19:59:06Z,Tennessee Titans,New York Giants,h2h,Tennessee Titans,,118,0.4587156,fanduel|555afd4a27aaa392662881cffa8f2eef|h2h|event,0.44168956,https://api.the-odds-api.com/v4/sports/americanfootball_nfl
2026,3,555afd4a27aaa392662881cffa8f2eef,2026-09-27T17:00:00Z,FanDuel,2026-09-24T19:59:06Z,Tennessee Titans,New York Giants,spreads,New York Giants,-2.5,-110,0.52380952,fanduel|555afd4a27aaa392662881cffa8f2eef|spreads|event,0.5,https://api.the-odds-api.com/v4/sports/americanfootball_nfl
2026,3,555afd4a27aaa392662881cffa8f2eef,2026-09-27T17:00:00Z,FanDuel,2026-09-24T19:59:06Z,Tennessee Titans,New York Giants,spreads,Tennessee Titans,2.5,-110,0.52380952,fanduel|555afd4a27aaa392662881cffa8f2eef|spreads|event,0.5,https://api.the-odds-api.com/v4/sports/americanfootball_nfl
2026,3,555afd4a27aaa392662881cffa8f2eef,2026-09-27T17:00:00Z,FanDuel,2026-09-24T19:59:06Z,Tennessee Titans,New York Giants,totals,Over,38.5,-110,0.52380952,fanduel|555afd4a27aaa392662881cffa8f2eef|totals|38.5,0.5,https://api.the-odds-api.com/v4/sports/americanfootball_nfl
2026,3,555afd4a27aaa392662881cffa8f2eef,2026-09-27T17:00:00Z,FanDuel,2026-09-24T19:59:06Z,Tennessee Titans,New York Giants,totals,Under,38.5,-110,0.52380952,fanduel|555afd4a27aaa392662881cffa8f2eef|totals|38.5,0.5,https://api.the-odds-api.com/v4/sports/americanfootball_nfl
2026,3,555afd4a27aaa392662881cffa8f2eef,2026-09-27T17:00:00Z,BetRivers,2026-09-24T19:58:14Z,Tennessee Titans,New York Giants,h2h,New York Giants,,-150,0.6,betrivers|555afd4a27aaa392662881cffa8f2eef|h2h|event,0.57446809,https://api.the-odds-api.com/v4/sports/americanfootball_nfl
2026,3,555afd4a27aaa392662881cffa8f2eef,2026-09-27T17:00:00Z,BetRivers,2026-09-24T19:58:14Z,Tennessee Titans,New York Giants,h2h,Tennessee Titans,,125,0.44444444,betrivers|555afd4a27aaa392662881cffa8f2eef|h2h|event,0.42553191,https://api.the-odds-api.com/v4/sports/americanfootball_nfl
2026,3,555afd4a27aaa392662881cffa8f2eef,2026-09-27T17:00:00Z,BetRivers,2026-09-24T19:58:14Z,Tennessee Titans,New York Giants,spreads,New York Giants,-2.5,-115,0.53488372,betrivers|555afd4a27aaa392662881cffa8f2eef|spreads|event,0.50968158,https://api.the-odds-api.com/v4/sports/americanfootball_nfl
2026,3,555afd4a27aaa392662881cffa8f2eef,2026-09-27T17:00:00Z,BetRivers,2026-09-24T19:58:14Z,Tennessee Titans,New York Giants,spreads,Tennessee Titans,2.5,-106,0.51456311,betrivers|555afd4a27aaa392662881cffa8f2eef|spreads|event,0.49031842,https://api.the-odds-api.com/v4/sports/americanfootball_nfl
2026,3,555afd4a27aaa392662881cffa8f2eef,2026-09-27T17:00:00Z,BetRivers,2026-09-24T19:58:14Z,Tennessee Titans,New York Giants,totals,Over,38.5,-112,0.52830189,betrivers|555afd4a27aaa392662881cffa8f2eef|totals|38.5,0.5032247,https://api.the-odds-api.com/v4/sports/americanfootball_nfl
2026,3,555afd4a27aaa392662881cffa8f2eef,2026-09-27T17:00:00Z,BetRivers,2026-09-24T19:58:14Z,Tennessee Titans,New York Giants,totals,Under,38.5,-109,0.5215311,betrivers|555afd4a27aaa392662881cffa8f2eef|totals|38.5,0.4967753,https://api.the-odds-api.com/v4/sports/americanfootball_nfl
2026,3,555afd4a27aaa392662881cffa8f2eef,2026-09-27T17:00:00Z,LowVig.ag,2026-09-24T19:59:07Z,Tennessee Titans,New York Giants,h2h,New York Giants,,-138,0.57983193,lowvig|555afd4a27aaa392662881cffa8f2eef|h2h|event,0.55831044,https://api.the-odds-api.com/v4/sports/americanfootball_nfl
2026,3,555afd4a27aaa392662881cffa8f2eef,2026-09-27T17:00:00Z,LowVig.ag,2026-09-24T19:59:07Z,Tennessee Titans,New York Giants,h2h,Tennessee Titans,,118,0.4587156,lowvig|555afd4a27aaa392662881cffa8f2eef|h2h|event,0.44168956,https://api.the-odds-api.com/v4/sports/americanfootball_nfl
2026,3,555afd4a27aaa392662881cffa8f2eef,2026-09-27T17:00:00Z,LowVig.ag,2026-09-24T19:59:07Z,Tennessee Titans,New York Giants,spreads,New York Giants,-2.5,-113,0.53051643,lowvig|555afd4a27aaa392662881cffa8f2eef|spreads|event,0.51729139,https://api.the-odds-api.com/v4/sports/americanfootball_nfl
2026,3,555afd4a27aaa392662881cffa8f2eef,2026-09-27T17:00:00Z,LowVig.ag,2026-09-24T19:59:07Z,Tennessee Titans,New York Giants,spreads,Tennessee Titans,2.5,102,0.4950495,lowvig|555afd4a27aaa392662881cffa8f2eef|spreads|event,0.48270861,https://api.the-odds-api.com/v4/sports/americanfootball_nfl
2026,3,555afd4a27aaa392662881cffa8f2eef,2026-09-27T17:00:00Z,LowVig.ag,2026-09-24T19:59:07Z,Tennessee Titans,New York Giants,totals,Over,38.0,-107,0.51690821,lowvig|555afd4a27aaa392662881cffa8f2eef|totals|38.0,0.5,https://api.the-odds-api.com/v4/sports/americanfootball_nfl
2026,3,555afd4a27aaa392662881cffa8f2eef,2026-09-27T17:00:00Z,LowVig.ag,2026-09-24T19:59:07Z,Tennessee Titans,New York Giants,totals,Under,38.0,-107,0.51690821,lowvig|555afd4a27aaa392662881cffa8f2eef|totals|38.0,0.5,https://api.the-odds-api.com/v4/sports/americanfootball_nfl
2026,3,555afd4a27aaa392662881cffa8f2eef,2026-09-27T17:00:00Z,BetOnline.ag,2026-09-24T19:58:15Z,Tennessee Titans,New York Giants,h2h,New York Giants,,-138,0.57983193,betonlineag|555afd4a27aaa392662881cffa8f2eef|h2h|event,0.55831044,https://api.the-odds-api.com/v4/sports/americanfootball_nfl
2026,3,555afd4a27aaa392662881cffa8f2eef,2026-09-27T17:00:00Z,BetOnline.ag,2026-09-24T19:58:15Z,Tennessee Titans,New York Giants,h2h,Tennessee Titans,,118,0.4587156,betonlineag|555afd4a27aaa392662881cffa8f2eef|h2h|event,0.44168956,https://api.the-odds-api.com/v4/sports/americanfootball_nfl
2026,3,555afd4a27aaa392662881cffa8f2eef,2026-09-27T17:00:00Z,BetOnline.ag,2026-09-24T19:58:15Z,Tennessee Titans,New York Giants,spreads,New York Giants,-3.0,100,0.5,betonlineag|555afd4a27aaa392662881cffa8f2eef|spreads|event,0.47826087,https://api.the-odds-api.com/v4/sports/americanfootball_nfl
2026,3,555afd4a27aaa392662881cffa8f2eef,2026-09-27T17:00:00Z,BetOnline.ag,2026-09-24T19:58:15Z,Tennessee Titans,New York Giants,spreads,Tennessee Titans,3.0,-120,0.54545455,betonlineag|555afd4a27aaa392662881cffa8f2eef|spreads|event,0.52173913,https://api.the-odds-api.com/v4/sports/americanfootball_nfl
2026,3,555afd4a27aaa392662881cffa8f2eef,2026-09-27T17:00:00Z,BetOnline.ag,2026-09-24T19:58:15Z,Tennessee Titans,New York Giants,totals,Over,38.0,-110,0.52380952,betonlineag|555afd4a27aaa392662881cffa8f2eef|totals|38.0,0.5,https://api.the-odds-api.com/v4/sports/americanfootball_nfl
2026,3,555afd4a27aaa392662881cffa8f2eef,2026-09-27T17:00:00Z,BetOnline.ag,2026-09-24T19:58:15Z,Tennessee Titans,New York Giants,totals,Under,38.0,-110,0.52380952,betonlineag|555afd4a27aaa392662881cffa8f2eef|totals|38.0,0.5,https://api.the-odds-api.com/v4/sports/americanfootball_nfl
2026,3,555afd4a27aaa392662881cffa8f2eef,2026-09-27T17:00:00Z,MyBookie.ag,2026-09-24T19:57:58Z,Tennessee Titans,New York Giants,h2h,New York Giants,,-142,0.58677686,mybookieag|555afd4a27aaa392662881cffa8f2eef|h2h|event,0.55897361,https://api.the-odds-api.com/v4/sports/americanfootball_nfl
2026,3,555afd4a27aaa392662881cffa8f2eef,2026-09-27T17:00:00Z,MyBookie.ag,2026-09-24T19:57:58Z,Tennessee Titans,New York Giants,h2h,Tennessee Titans,,116,0.46296296,mybookieag|555afd4a27aaa392662881cffa8f2eef|h2h|event,0.44102639,https://api.the-odds-api.com/v4/sports/americanfootball_nfl
2026,3,555afd4a27aaa392662881cffa8f2eef,2026-09-27T17:00:00Z,MyBookie.ag,2026-09-24T19:57:58Z,Tennessee Titans,New York Giants,spreads,New York Giants,-3.0,100,0.5,mybookieag|555afd4a27aaa392662881cffa8f2eef|spreads|event,0.47826087,https://api.the-odds-api.com/v4/sports/americanfootball_nfl
2026,3,555afd4a27aaa392662881cffa8f2eef,2026-09-27T17:00:00Z,MyBookie.ag,2026-09-24T19:57:58Z,Tennessee Titans,New York Giants,spreads,Tennessee Titans,3.0,-120,0.54545455,mybookieag|555afd4a27aaa392662881cffa8f2eef|spreads|event,0.52173913,https://api.the-odds-api.com/v4/sports/americanfootball_nfl
2026,3,555afd4a27aaa392662881cffa8f2eef,2026-09-27T17:00:00Z,MyBookie.ag,2026-09-24T19:57:58Z,Tennessee Titans,New York Giants,totals,Over,38.5,-110,0.52380952,mybookieag|555afd4a27aaa392662881cffa8f2eef|totals|38.5,0.5,https://api.the-odds-api.com/v4/sports/americanfootball_nfl
2026,3,555afd4a27aaa392662881cffa8f2eef,2026-09-27T17:00:00Z,MyBookie.ag,2026-09-24T19:57:58Z,Tennessee Titans,New York Giants,totals,Under,38.5,-110,0.52380952,mybookieag|555afd4a27aaa392662881cffa8f2eef|totals|38.5,0.5,https://api.the-odds-api.com/v4/sports/americanfootball_nfl
2026,3,555afd4a27aaa392662881cffa8f2eef,2026-09-27T17:00:00Z,BetMGM,2026-09-24T19:58:17Z,Tennessee Titans,New York Giants,h2h,New York Giants,,-145,0.59183673,betmgm|555afd4a27aaa392662881cffa8f2eef|h2h|event,0.56560284,https://api.the-odds-api.com/v4/sports/americanfootball_nfl
2026,3,555afd4a27aaa392662881cffa8f2eef,2026-09-27T17:00:00Z,BetMGM,2026-09-24T19:58:17Z,Tennessee Titans,New York Giants,h2h,Tennessee Titans,,120,0.45454545,betmgm|555afd4a27aaa392662881cffa8f2eef|h2h|event,0.43439716,https://api.the-odds-api.com/v4/sports/americanfootball_nfl
2026,3,555afd4a27aaa392662881cffa8f2eef,2026-09-27T17:00:00Z,BetMGM,2026-09-24T19:58:17Z,Tennessee Titans,New York Giants,spreads,New York Giants,-2.5,-115,0.53488372,betmgm|555afd4a27aaa392662881cffa8f2eef|spreads|event,0.51083424,https://api.the-odds-api.com/v4/sports/americanfootball_nfl
2026,3,555afd4a27aaa392662881cffa8f2eef,2026-09-27T17:00:00Z,BetMGM,2026-09-24T19:58:17Z,Tennessee Titans,New York Giants,spreads,Tennessee Titans,2.5,-105,0.51219512,betmgm|555afd4a27aaa392662881cffa8f2eef|spreads|event,0.48916576,https://api.the-odds-api.com/v4/sports/americanfootball_nfl
2026,3,555afd4a27aaa392662881cffa8f2eef,2026-09-27T17:00:00Z,BetMGM,2026-09-24T19:58:17Z,Tennessee Titans,New York Giants,totals,Over,38.5,-108,0.51923077,betmgm|555afd4a27aaa392662881cffa8f2eef|totals|38.5,0.49780509,https://api.the-odds-api.com/v4/sports/americanfootball_nfl
2026,3,555afd4a27aaa392662881cffa8f2eef,2026-09-27T17:00:00Z,BetMGM,2026-09-24T19:58:17Z,Tennessee Titans,New York Giants,totals,Under,38.5,-110,0.52380952,betmgm|555afd4a27aaa392662881cffa8f2eef|totals|38.5,0.50219491,https://api.the-odds-api.com/v4/sports/americanfootball_nfl
2026,3,555afd4a27aaa392662881cffa8f2eef,2026-09-27T17:00:00Z,Bovada,2026-09-24T19:58:18Z,Tennessee Titans,New York Giants,h2h,New York Giants,,-140,0.58333333,bovada|555afd4a27aaa392662881cffa8f2eef|h2h|event,0.5620438,https://api.the-odds-api.com/v4/sports/americanfootball_nfl
2026,3,555afd4a27aaa392662881cffa8f2eef,2026-09-27T17:00:00Z,Bovada,2026-09-24T19:58:18Z,Tennessee Titans,New York Giants,h2h,Tennessee Titans,,120,0.45454545,bovada|555afd4a27aaa392662881cffa8f2eef|h2h|event,0.4379562,https://api.the-odds-api.com/v4/sports/americanfootball_nfl
2026,3,555afd4a27aaa392662881cffa8f2eef,2026-09-27T17:00:00Z,Bovada,2026-09-24T19:58:18Z,Tennessee Titans,New York Giants,spreads,New York Giants,-2.5,-110,0.52380952,bovada|555afd4a27aaa392662881cffa8f2eef|spreads|event,0.5,https://api.the-odds-api.com/v4/sports/americanfootball_nfl
2026,3,555afd4a27aaa392662881cffa8f2eef,2026-09-27T17:00:00Z,Bovada,2026-09-24T19:58:18Z,Tennessee Titans,New York Giants,spreads,Tennessee Titans,2.5,-110,0.52380952,bovada|555afd4a27aaa392662881cffa8f2eef|spreads|event,0.5,https://api.the-odds-api.com/v4/sports/americanfootball_nfl
2026,3,555afd4a27aaa392662881cffa8f2eef,2026-09-27T17:00:00Z,Bovada,2026-09-24T19:58:18Z,Tennessee Titans,New York Giants,totals,Over,38.5,-110,0.52380952,bovada|555afd4a27aaa392662881cffa8f2eef|totals|38.5,0.5,https://api.the-odds-api.com/v4/sports/americanfootball_nfl
2026,3,555afd4a27aaa392662881cffa8f2eef,2026-09-27T17:00:00Z,Bovada,2026-09-24T19:58:18Z,Tennessee Titans,New York Giants,totals,Under,38.5,-110,0.52380952,bovada|555afd4a27aaa392662881cffa8f2eef|totals|38.5,0.5,https://api.the-odds-api.com/v4/sports/americanfootball_nfl
2026,3,2a529c108305ffa049d8b6cfdbaa4d36,2026-09-27T17:00:00Z,DraftKings,2026-09-24T19:58:30Z,Seattle Seahawks,Washington Commanders,h2h,Seattle Seahawks,,-345,0.7752809,draftkings|2a529c108305ffa049d8b6cfdbaa4d36|h2h|event,0.74406901,https://api.the-odds-api.com/v4/sports/americanfootball_nfl
2026,3,2a529c108305ffa049d8b6cfdbaa4d36,2026-09-27T17:00:00Z,DraftKings,2026-09-24T19:58:30Z,Seattle Seahawks,Washington Commanders,h2h,Washington Commanders,,275,0.26666667,draftkings|2a529c108305ffa049d8b6cfdbaa4d36|h2h|event,0.25593099,https://api.the-odds-api.com/v4/sports/americanfootball_nfl
2026,3,2a529c108305ffa049d8b6cfdbaa4d36,2026-09-27T17:00:00Z,DraftKings,2026-09-24T19:58:30Z,Seattle Seahawks,Washington Commanders,spreads,Seattle Seahawks,-7.5,-105,0.51219512,draftkings|2a529c108305ffa049d8b6cfdbaa4d36|spreads|event,0.48916576,https://api.the-odds-api.com/v4/sports/americanfootball_nfl
2026,3,2a529c108305ffa049d8b6cfdbaa4d36,2026-09-27T17:00:00Z,DraftKings,2026-09-24T19:58:30Z,Seattle Seahawks,Washington Commanders,spreads,Washington Commanders,7.5,-115,0.53488372,draftkings|2a529c108305ffa049d8b6cfdbaa4d36|spreads|event,0.51083424,https://api.the-odds-api.com/v4/sports/americanfootball_nfl
2026,3,2a529c108305ffa049d8b6cfdbaa4d36,2026-09-27T17:00:00Z,DraftKings,2026-09-24T19:58:30Z,Seattle Seahawks,Washington Commanders,totals,Over,40.5,-102,0.5049505,draftkings|2a529c108305ffa049d8b6cfdbaa4d36|totals|40.5,0.48263588,https://api.the-odds-api.com/v4/sports/americanfootball_nfl
2026,3,2a529c108305ffa049d8b6cfdbaa4d36,2026-09-27T17:00:00Z,DraftKings,2026-09-24T19:58:30Z,Seattle Seahawks,Washington Commanders,totals,Under,40.5,-118,0.5412844,draftkings|2a529c108305ffa049d8b6cfdbaa4d36|totals|40.5,0.51736412,https://api.the-odds-api.com/v4/sports/americanfootball_nfl
2026,3,2a529c108305ffa049d8b6cfdbaa4d36,2026-09-27T17:00:00Z,BetUS,2026-09-24T19:59:06Z,Seattle Seahawks,Washington Commanders,h2h,Seattle Seahawks,,-355,0.78021978,betus|2a529c108305ffa049d8b6cfdbaa4d36|h2h|event,0.75024015,https://api.the-odds-api.com/v4/sports/americanfootball_nfl
2026,3,2a529c108305ffa049d8b6cfdbaa4d36,2026-09-27T17:00:00Z,BetUS,2026-09-24T19:59:06Z,Seattle Seahawks,Washington Commanders,h2h,Washington Commanders,,285,0.25974026,betus|2a529c108305ffa049d8b6cfdbaa4d36|h2h|event,0.24975985,https://api.the-odds-api.com/v4/sports/americanfootball_nfl
2026,3,2a529c108305ffa049d8b6cfdbaa4d36,2026-09-27T17:00:00Z,BetUS,2026-09-24T19:59:06Z,Seattle Seahawks,Washington Commanders,spreads,Seattle Seahawks,-7.5,-105,0.51219512,betus|2a529c108305ffa049d8b6cfdbaa4d36|spreads|event,0.48916576,https://api.the-odds-api.com/v4/sports/americanfootball_nfl
2026,3,2a529c108305ffa049d8b6cfdbaa4d36,2026-09-27T17:00:00Z,BetUS,2026-09-24T19:59:06Z,Seattle Seahawks,Washington Commanders,spreads,Washington Commanders,7.5,-115,0.53488372,betus|2a529c108305ffa049d8b6cfdbaa4d36|spreads|event,0.51083424,https://api.the-odds-api.com/v4/sports/americanfootball_nfl
2026,3,2a529c108305ffa049d8b6cfdbaa4d36,2026-09-27T17:00:00Z,BetUS,2026-09-24T19:59:06Z,Seattle Seahawks,Washington Commanders,totals,Over,40.0,-110,0.52380952,betus|2a529c108305ffa049d8b6cfdbaa4d36|totals|40.0,0.5,https://api.the-odds-api.com/v4/sports/americanfootball_nfl
2026,3,2a529c108305ffa049d8b6cfdbaa4d36,2026-09-27T17:00:00Z,BetUS,2026-09-24T19:59:06Z,Seattle Seahawks,Washington Commanders,totals,Under,40.0,-110,0.52380952,betus|2a529c108305ffa049d8b6cfdbaa4d36|totals|40.0,0.5,https://api.the-odds-api.com/v4/sports/americanfootball_nfl
2026,3,2a529c108305ffa049d8b6cfdbaa4d36,2026-09-27T17:00:00Z,FanDuel,2026-09-24T19:59:06Z,Seattle Seahawks,Washington Commanders,h2h,Seattle Seahawks,,-390,0.79591837,fanduel|2a529c108305ffa049d8b6cfdbaa4d36|h2h|event,0.76543801,https://api.the-odds-api.com/v4/sports/americanfootball_nfl
2026,3,2a529c108305ffa049d8b6cfdbaa4d36,2026-09-27T17:00:00Z,FanDuel,2026-09-24T19:59:06Z,Seattle Seahawks,Washington Commanders,h2h,Washington Commanders,,310,0.24390244,fanduel|2a529c108305ffa049d8b6cfdbaa4d36|h2h|event,0.23456199,https://api.the-odds-api.com/v4/sports/americanfootball_nfl
2026,3,2a529c108305ffa049d8b6cfdbaa4d36,2026-09-27T17:00:00Z,FanDuel,2026-09-24T19:59:06Z,Seattle Seahawks,Washington Commanders,spreads,Seattle Seahawks,-7.5,-105,0.51219512,fanduel|2a529c108305ffa049d8b6cfdbaa4d36|spreads|event,0.48916576,https://api.the-odds-api.com/v4/sports/americanfootball_nfl
2026,3,2a529c108305ffa049d8b6cfdbaa4d36,2026-09-27T17:00:00Z,FanDuel,2026-09-24T19:59:06Z,Seattle Seahawks,Washington Commanders,spreads,Washington Commanders,7.5,-115,0.53488372,fanduel|2a529c108305ffa049d8b6cfdbaa4d36|spreads|event,0.51083424,https://api.the-odds-api.com/v4/sports/americanfootball_nfl
2026,3,2a529c108305ffa049d8b6cfdbaa4d36,2026-09-27T17:00:00Z,FanDuel,2026-09-24T19:59:06Z,Seattle Seahawks,Washington Commanders,totals,Over,40.5,-108,0.51923077,fanduel|2a529c108305ffa049d8b6cfdbaa4d36|totals|40.5,0.49567024,https://api.the-odds-api.com/v4/sports/americanfootball_nfl
2026,3,2a529c108305ffa049d8b6cfdbaa4d36,2026-09-27T17:00:00Z,FanDuel,2026-09-24T19:59:06Z,Seattle Seahawks,Washington Commanders,totals,Under,40.5,-112,0.52830189,fanduel|2a529c108305ffa049d8b6cfdbaa4d36|totals|40.5,0.50432976,https://api.the-odds-api.com/v4/sports/americanfootball_nfl
2026,3,2a529c108305ffa049d8b6cfdbaa4d36,2026-09-27T17:00:00Z,BetRivers,2026-09-24T19:58:14Z,Seattle Seahawks,Washington Commanders,h2h,Seattle Seahawks,,-360,0.7826087,betrivers|2a529c108305ffa049d8b6cfdbaa4d36|h2h|event,0.74330357,https://api.the-odds-api.com/v4/sports/americanfootball_nfl
2026,3,2a529c108305ffa049d8b6cfdbaa4d36,2026-09-27T17:00:00Z,BetRivers,2026-09-24T19:58:14Z,Seattle Seahawks,Washington Commanders,h2h,Washington Commanders,,270,0.27027027,betrivers|2a529c108305ffa049d8b6cfdbaa4d36|h2h|event,0.25669643,https://api.the-odds-api.com/v4/sports/americanfootball_nfl
2026,3,2a529c108305ffa049d8b6cfdbaa4d36,2026-09-27T17:00:00Z,BetRivers,2026-09-24T19:58:14Z,Seattle Seahawks,Washington Commanders,spreads,Seattle Seahawks,-7.0,-113,0.53051643,betrivers|2a529c108305ffa049d8b6cfdbaa4d36|spreads|event,0.50537542,https://api.the-odds-api.com/v4/sports/americanfootball_nfl
2026,3,2a529c108305ffa049d8b6cfdbaa4d36,2026-09-27T17:00:00Z,BetRivers,2026-09-24T19:58:14Z,Seattle Seahawks,Washington Commanders,spreads,Washington Commanders,7.0,-108,0.51923077,betrivers|2a529c108305ffa049d8b6cfdbaa4d36|spreads|event,0.49462458,https://api.the-odds-api.com/v4/sports/americanfootball_nfl
2026,3,2a529c108305ffa049d8b6cfdbaa4d36,2026-09-27T17:00:00Z,BetRivers,2026-09-24T19:58:14Z,Seattle Seahawks,Washington Commanders,totals,Over,40.0,-109,0.5215311,betrivers|2a529c108305ffa049d8b6cfdbaa4d36|totals|40.0,0.4967753,https://api.the-odds-api.com/v4/sports/americanfootball_nfl
2026,3,2a529c108305ffa049d8b6cfdbaa4d36,2026-09-27T17:00:00Z,BetRivers,2026-09-24T19:58:14Z,Seattle Seahawks,Washington Commanders,totals,Under,40.0,-112,0.52830189,betrivers|2a529c108305ffa049d8b6cfdbaa4d36|totals|40.0,0.5032247,https://api.the-odds-api.com/v4/sports/americanfootball_nfl
2026,3,2a529c108305ffa049d8b6cfdbaa4d36,2026-09-27T17:00:00Z,LowVig.ag,2026-09-24T19:59:07Z,Seattle Seahawks,Washington Commanders,h2h,Seattle Seahawks,,-355,0.78021978,lowvig|2a529c108305ffa049d8b6cfdbaa4d36|h2h|event,0.75024015,https://api.the-odds-api.com/v4/sports/americanfootball_nfl
2026,3,2a529c108305ffa049d8b6cfdbaa4d36,2026-09-27T17:00:00Z,LowVig.ag,2026-09-24T19:59:07Z,Seattle Seahawks,Washington Commanders,h2h,Washington Commanders,,285,0.25974026,lowvig|2a529c108305ffa049d8b6cfdbaa4d36|h2h|event,0.24975985,https://api.the-odds-api.com/v4/sports/americanfootball_nfl
2026,3,2a529c108305ffa049d8b6cfdbaa4d36,2026-09-27T17:00:00Z,LowVig.ag,2026-09-24T19:59:07Z,Seattle Seahawks,Washington Commanders,spreads,Seattle Seahawks,-7.5,-102,0.5049505,lowvig|2a529c108305ffa049d8b6cfdbaa4d36|spreads|event,0.49302845,https://api.the-odds-api.com/v4/sports/americanfootball_nfl
2026,3,2a529c108305ffa049d8b6cfdbaa4d36,2026-09-27T17:00:00Z,LowVig.ag,2026-09-24T19:59:07Z,Seattle Seahawks,Washington Commanders,spreads,Washington Commanders,7.5,-108,0.51923077,lowvig|2a529c108305ffa049d8b6cfdbaa4d36|spreads|event,0.50697155,https://api.the-odds-api.com/v4/sports/americanfootball_nfl
2026,3,2a529c108305ffa049d8b6cfdbaa4d36,2026-09-27T17:00:00Z,LowVig.ag,2026-09-24T19:59:07Z,Seattle Seahawks,Washington Commanders,totals,Over,40.0,-107,0.51690821,lowvig|2a529c108305ffa049d8b6cfdbaa4d36|totals|40.0,0.5,https://api.the-odds-api.com/v4/sports/americanfootball_nfl
2026,3,2a529c108305ffa049d8b6cfdbaa4d36,2026-09-27T17:00:00Z,LowVig.ag,2026-09-24T19:59:07Z,Seattle Seahawks,Washington Commanders,totals,Under,40.0,-107,0.51690821,lowvig|2a529c108305ffa049d8b6cfdbaa4d36|totals|40.0,0.5,https://api.the-odds-api.com/v4/sports/americanfootball_nfl
2026,3,2a529c108305ffa049d8b6cfdbaa4d36,2026-09-27T17:00:00Z,BetOnline.ag,2026-09-24T19:58:15Z,Seattle Seahawks,Washington Commanders,h2h,Seattle Seahawks,,-355,0.78021978,betonlineag|2a529c108305ffa049d8b6cfdbaa4d36|h2h|event,0.75024015,https://api.the-odds-api.com/v4/sports/americanfootball_nfl
2026,3,2a529c108305ffa049d8b6cfdbaa4d36,2026-09-27T17:00:00Z,BetOnline.ag,2026-09-24T19:58:15Z,Seattle Seahawks,Washington Commanders,h2h,Washington Commanders,,285,0.25974026,betonlineag|2a529c108305ffa049d8b6cfdbaa4d36|h2h|event,0.24975985,https://api.the-odds-api.com/v4/sports/americanfootball_nfl
2026,3,2a529c108305ffa049d8b6cfdbaa4d36,2026-09-27T17:00:00Z,BetOnline.ag,2026-09-24T19:58:15Z,Seattle Seahawks,Washington Commanders,spreads,Seattle Seahawks,-7.5,-107,0.51690821,betonlineag|2a529c108305ffa049d8b6cfdbaa4d36|spreads|event,0.49350396,https://api.the-odds-api.com/v4/sports/americanfootball_nfl
2026,3,2a529c108305ffa049d8b6cfdbaa4d36,2026-09-27T17:00:00Z,BetOnline.ag,2026-09-24T19:58:15Z,Seattle Seahawks,Washington Commanders,spreads,Washington Commanders,7.5,-113,0.53051643,betonlineag|2a529c108305ffa049d8b6cfdbaa4d36|spreads|event,0.50649604,https://api.the-odds-api.com/v4/sports/americanfootball_nfl
2026,3,2a529c108305ffa049d8b6cfdbaa4d36,2026-09-27T17:00:00Z,BetOnline.ag,2026-09-24T19:58:15Z,Seattle Seahawks,Washington Commanders,totals,Over,40.0,-110,0.52380952,betonlineag|2a529c108305ffa049d8b6cfdbaa4d36|totals|40.0,0.5,https://api.the-odds-api.com/v4/sports/americanfootball_nfl
2026,3,2a529c108305ffa049d8b6cfdbaa4d36,2026-09-27T17:00:00Z,BetOnline.ag,2026-09-24T19:58:15Z,Seattle Seahawks,Washington Commanders,totals,Under,40.0,-110,0.52380952,betonlineag|2a529c108305ffa049d8b6cfdbaa4d36|totals|40.0,0.5,https://api.the-odds-api.com/v4/sports/americanfootball_nfl
2026,3,2a529c108305ffa049d8b6cfdbaa4d36,2026-09-27T17:00:00Z,MyBookie.ag,2026-09-24T19:57:58Z,Seattle Seahawks,Washington Commanders,h2h,Seattle Seahawks,,-400,0.8,mybookieag|2a529c108305ffa049d8b6cfdbaa4d36|h2h|event,0.76190476,https://api.the-odds-api.com/v4/sports/americanfootball_nfl
2026,3,2a529c108305ffa049d8b6cfdbaa4d36,2026-09-27T17:00:00Z,MyBookie.ag,2026-09-24T19:57:58Z,Seattle Seahawks,Washington Commanders,h2h,Washington Commanders,,300,0.25,mybookieag|2a529c108305ffa049d8b6cfdbaa4d36|h2h|event,0.23809524,https://api.the-odds-api.com/v4/sports/americanfootball_nfl
2026,3,2a529c108305ffa049d8b6cfdbaa4d36,2026-09-27T17:00:00Z,MyBookie.ag,2026-09-24T19:57:58Z,Seattle Seahawks,Washington Commanders,spreads,Seattle Seahawks,-7.5,-105,0.51219512,mybookieag|2a529c108305ffa049d8b6cfdbaa4d36|spreads|event,0.48916576,https://api.the-odds-api.com/v4/sports/americanfootball_nfl
2026,3,2a529c108305ffa049d8b6cfdbaa4d36,2026-09-27T17:00:00Z,MyBookie.ag,2026-09-24T19:57:58Z,Seattle Seahawks,Washington Commanders,spreads,Washington Commanders,7.5,-115,0.53488372,mybookieag|2a529c108305ffa049d8b6cfdbaa4d36|spreads|event,0.51083424,https://api.the-odds-api.com/v4/sports/americanfootball_nfl
2026,3,2a529c108305ffa049d8b6cfdbaa4d36,2026-09-27T17:00:00Z,MyBookie.ag,2026-09-24T19:57:58Z,Seattle Seahawks,Washington Commanders,totals,Over,40.0,-110,0.52380952,mybookieag|2a529c108305ffa049d8b6cfdbaa4d36|totals|40.0,0.5,https://api.the-odds-api.com/v4/sports/americanfootball_nfl
2026,3,2a529c108305ffa049d8b6cfdbaa4d36,2026-09-27T17:00:00Z,MyBookie.ag,2026-09-24T19:57:58Z,Seattle Seahawks,Washington Commanders,totals,Under,40.0,-110,0.52380952,mybookieag|2a529c108305ffa049d8b6cfdbaa4d36|totals|40.0,0.5,https://api.the-odds-api.com/v4/sports/americanfootball_nfl
2026,3,2a529c108305ffa049d8b6cfdbaa4d36,2026-09-27T17:00:00Z,BetMGM,2026-09-24T19:58:17Z,Seattle Seahawks,Washington Commanders,h2h,Seattle Seahawks,,-350,0.77777778,betmgm|2a529c108305ffa049d8b6cfdbaa4d36|h2h|event,0.74719102,https://api.the-odds-api.com/v4/sports/americanfootball_nfl
2026,3,2a529c108305ffa049d8b6cfdbaa4d36,2026-09-27T17:00:00Z,BetMGM,2026-09-24T19:58:17Z,Seattle Seahawks,Washington Commanders,h2h,Washington Commanders,,280,0.26315789,betmgm|2a529c108305ffa049d8b6cfdbaa4d36|h2h|event,0.25280898,https://api.the-odds-api.com/v4/sports/americanfootball_nfl
2026,3,2a529c108305ffa049d8b6cfdbaa4d36,2026-09-27T17:00:00Z,BetMGM,2026-09-24T19:58:17Z,Seattle Seahawks,Washington Commanders,spreads,Seattle Seahawks,-7.5,-108,0.51923077,betmgm|2a529c108305ffa049d8b6cfdbaa4d36|spreads|event,0.49780509,https://api.the-odds-api.com/v4/sports/americanfootball_nfl
2026,3,2a529c108305ffa049d8b6cfdbaa4d36,2026-09-27T17:00:00Z,BetMGM,2026-09-24T19:58:17Z,Seattle Seahawks,Washington Commanders,spreads,Washington Commanders,7.5,-110,0.52380952,betmgm|2a529c108305ffa049d8b6cfdbaa4d36|spreads|event,0.50219491,https://api.the-odds-api.com/v4/sports/americanfootball_nfl
2026,3,2a529c108305ffa049d8b6cfdbaa4d36,2026-09-27T17:00:00Z,BetMGM,2026-09-24T19:58:17Z,Seattle Seahawks,Washington Commanders,totals,Over,40.5,-108,0.51923077,betmgm|2a529c108305ffa049d8b6cfdbaa4d36|totals|40.5,0.49780509,https://api.the-odds-api.com/v4/sports/americanfootball_nfl
2026,3,2a529c108305ffa049d8b6cfdbaa4d36,2026-09-27T17:00:00Z,BetMGM,2026-09-24T19:58:17Z,Seattle Seahawks,Washington Commanders,totals,Under,40.5,-110,0.52380952,betmgm|2a529c108305ffa049d8b6cfdbaa4d36|totals|40.5,0.50219491,https://api.the-odds-api.com/v4/sports/americanfootball_nfl
2026,3,2a529c108305ffa049d8b6cfdbaa4d36,2026-09-27T17:00:00Z,Bovada,2026-09-24T19:58:18Z,Seattle Seahawks,Washington Commanders,h2h,Seattle Seahawks,,-360,0.7826087,bovada|2a529c108305ffa049d8b6cfdbaa4d36|h2h|event,0.74835887,https://api.the-odds-api.com/v4/sports/americanfootball_nfl
2026,3,2a529c108305ffa049d8b6cfdbaa4d36,2026-09-27T17:00:00Z,Bovada,2026-09-24T19:58:18Z,Seattle Seahawks,Washington Commanders,h2h,Washington Commanders,,280,0.26315789,bovada|2a529c108305ffa049d8b6cfdbaa4d36|h2h|event,0.25164113,https://api.the-odds-api.com/v4/sports/americanfootball_nfl
2026,3,2a529c108305ffa049d8b6cfdbaa4d36,2026-09-27T17:00:00Z,Bovada,2026-09-24T19:58:18Z,Seattle Seahawks,Washington Commanders,spreads,Seattle Seahawks,-7.5,-105,0.51219512,bovada|2a529c108305ffa049d8b6cfdbaa4d36|spreads|event,0.48916576,https://api.the-odds-api.com/v4/sports/americanfootball_nfl
2026,3,2a529c108305ffa049d8b6cfdbaa4d36,2026-09-27T17:00:00Z,Bovada,2026-09-24T19:58:18Z,Seattle Seahawks,Washington Commanders,spreads,Washington Commanders,7.5,-115,0.53488372,bovada|2a529c108305ffa049d8b6cfdbaa4d36|spreads|event,0.51083424,https://api.the-odds-api.com/v4/sports/americanfootball_nfl
2026,3,2a529c108305ffa049d8b6cfdbaa4d36,2026-09-27T17:00:00Z,Bovada,2026-09-24T19:58:18Z,Seattle Seahawks,Washington Commanders,totals,Over,40.0,-115,0.53488372,bovada|2a529c108305ffa049d8b6cfdbaa4d36|totals|40.0,0.51083424,https://api.the-odds-api.com/v4/sports/americanfootball_nfl
2026,3,2a529c108305ffa049d8b6cfdbaa4d36,2026-09-27T17:00:00Z,Bovada,2026-09-24T19:58:18Z,Seattle Seahawks,Washington Commanders,totals,Under,40.0,-105,0.51219512,bovada|2a529c108305ffa049d8b6cfdbaa4d36|totals|40.0,0.48916576,https://api.the-odds-api.com/v4/sports/americanfootball_nfl
2026,3,9d2b09e0f9b6dd5ce0d985894f4f98fa,2026-09-27T20:05:00Z,DraftKings,2026-09-24T19:58:31Z,Arizona Cardinals,San Francisco 49ers,h2h,Arizona Cardinals,,350,0.22222222,draftkings|9d2b09e0f9b6dd5ce0d985894f4f98fa|h2h|event,0.21325648,https://api.the-odds-api.com/v4/sports/americanfootball_nfl
2026,3,9d2b09e0f9b6dd5ce0d985894f4f98fa,2026-09-27T20:05:00Z,DraftKings,2026-09-24T19:58:31Z,Arizona Cardinals,San Francisco 49ers,h2h,San Francisco 49ers,,-455,0.81981982,draftkings|9d2b09e0f9b6dd5ce0d985894f4f98fa|h2h|event,0.78674352,https://api.the-odds-api.com/v4/sports/americanfootball_nfl
2026,3,9d2b09e0f9b6dd5ce0d985894f4f98fa,2026-09-27T20:05:00Z,DraftKings,2026-09-24T19:58:31Z,Arizona Cardinals,San Francisco 49ers,spreads,Arizona Cardinals,8.5,-112,0.52830189,draftkings|9d2b09e0f9b6dd5ce0d985894f4f98fa|spreads|event,0.50432976,https://api.the-odds-api.com/v4/sports/americanfootball_nfl
2026,3,9d2b09e0f9b6dd5ce0d985894f4f98fa,2026-09-27T20:05:00Z,DraftKings,2026-09-24T19:58:31Z,Arizona Cardinals,San Francisco 49ers,spreads,San Francisco 49ers,-8.5,-108,0.51923077,draftkings|9d2b09e0f9b6dd5ce0d985894f4f98fa|spreads|event,0.49567024,https://api.the-odds-api.com/v4/sports/americanfootball_nfl
2026,3,9d2b09e0f9b6dd5ce0d985894f4f98fa,2026-09-27T20:05:00Z,DraftKings,2026-09-24T19:58:31Z,Arizona Cardinals,San Francisco 49ers,totals,Over,47.5,-115,0.53488372,draftkings|9d2b09e0f9b6dd5ce0d985894f4f98fa|totals|47.5,0.51083424,https://api.the-odds-api.com/v4/sports/americanfootball_nfl
2026,3,9d2b09e0f9b6dd5ce0d985894f4f98fa,2026-09-27T20:05:00Z,DraftKings,2026-09-24T19:58:31Z,Arizona Cardinals,San Francisco 49ers,totals,Under,47.5,-105,0.51219512,draftkings|9d2b09e0f9b6dd5ce0d985894f4f98fa|totals|47.5,0.48916576,https://api.the-odds-api.com/v4/sports/americanfootball_nfl
2026,3,9d2b09e0f9b6dd5ce0d985894f4f98fa,2026-09-27T20:05:00Z,BetUS,2026-09-24T19:59:06Z,Arizona Cardinals,San Francisco 49ers,h2h,Arizona Cardinals,,325,0.23529412,betus|9d2b09e0f9b6dd5ce0d985894f4f98fa|h2h|event,0.2264151,https://api.the-odds-api.com/v4/sports/americanfootball_nfl
2026,3,9d2b09e0f9b6dd5ce0d985894f4f98fa,2026-09-27T20:05:00Z,BetUS,2026-09-24T19:59:06Z,Arizona Cardinals,San Francisco 49ers,h2h,San Francisco 49ers,,-410,0.80392157,betus|9d2b09e0f9b6dd5ce0d985894f4f98fa|h2h|event,0.7735849,https://api.the-odds-api.com/v4/sports/americanfootball_nfl
2026,3,9d2b09e0f9b6dd5ce0d985894f4f98fa,2026-09-27T20:05:00Z,BetUS,2026-09-24T19:59:06Z,Arizona Cardinals,San Francisco 49ers,spreads,Arizona Cardinals,9.0,-115,0.53488372,betus|9d2b09e0f9b6dd5ce0d985894f4f98fa|spreads|event,0.51083424,https://api.the-odds-api.com/v4/sports/americanfootball_nfl
2026,3,9d2b09e0f9b6dd5ce0d985894f4f98fa,2026-09-27T20:05:00Z,BetUS,2026-09-24T19:59:06Z,Arizona Cardinals,San Francisco 49ers,spreads,San Francisco 49ers,-9.0,-105,0.51219512,betus|9d2b09e0f9b6dd5ce0d985894f4f98fa|spreads|event,0.48916576,https://api.the-odds-api.com/v4/sports/americanfootball_nfl
2026,3,9d2b09e0f9b6dd5ce0d985894f4f98fa,2026-09-27T20:05:00Z,BetUS,2026-09-24T19:59:06Z,Arizona Cardinals,San Francisco 49ers,totals,Over,48.0,-110,0.52380952,betus|9d2b09e0f9b6dd5ce0d985894f4f98fa|totals|48.0,0.5,https://api.the-odds-api.com/v4/sports/americanfootball_nfl
2026,3,9d2b09e0f9b6dd5ce0d985894f4f98fa,2026-09-27T20:05:00Z,BetUS,2026-09-24T19:59:06Z,Arizona Cardinals,San Francisco 49ers,totals,Under,48.0,-110,0.52380952,betus|9d2b09e0f9b6dd5ce0d985894f4f98fa|totals|48.0,0.5,https://api.the-odds-api.com/v4/sports/americanfootball_nfl
2026,3,9d2b09e0f9b6dd5ce0d985894f4f98fa,2026-09-27T20:05:00Z,FanDuel,2026-09-24T19:59:06Z,Arizona Cardinals,San Francisco 49ers,h2h,Arizona Cardinals,,385,0.20618557,fanduel|9d2b09e0f9b6dd5ce0d985894f4f98fa|h2h|event,0.19834711,https://api.the-odds-api.com/v4/sports/americanfootball_nfl
2026,3,9d2b09e0f9b6dd5ce0d985894f4f98fa,2026-09-27T20:05:00Z,FanDuel,2026-09-24T19:59:06Z,Arizona Cardinals,San Francisco 49ers,h2h,San Francisco 49ers,,-500,0.83333333,fanduel|9d2b09e0f9b6dd5ce0d985894f4f98fa|h2h|event,0.80165289,https://api.the-odds-api.com/v4/sports/americanfootball_nfl
2026,3,9d2b09e0f9b6dd5ce0d985894f4f98fa,2026-09-27T20:05:00Z,FanDuel,2026-09-24T19:59:06Z,Arizona Cardinals,San Francisco 49ers,spreads,Arizona Cardinals,8.5,-105,0.51219512,fanduel|9d2b09e0f9b6dd5ce0d985894f4f98fa|spreads|event,0.48916576,https://api.the-odds-api.com/v4/sports/americanfootball_nfl
2026,3,9d2b09e0f9b6dd5ce0d985894f4f98fa,2026-09-27T20:05:00Z,FanDuel,2026-09-24T19:59:06Z,Arizona Cardinals,San Francisco 49ers,spreads,San Francisco 49ers,-8.5,-115,0.53488372,fanduel|9d2b09e0f9b6dd5ce0d985894f4f98fa|spreads|event,0.51083424,https://api.the-odds-api.com/v4/sports/americanfootball_nfl
2026,3,9d2b09e0f9b6dd5ce0d985894f4f98fa,2026-09-27T20:05:00Z,FanDuel,2026-09-24T19:59:06Z,Arizona Cardinals,San Francisco 49ers,totals,Over,47.5,-115,0.53488372,fanduel|9d2b09e0f9b6dd5ce0d985894f4f98fa|totals|47.5,0.51083424,https://api.the-odds-api.com/v4/sports/americanfootball_nfl
2026,3,9d2b09e0f9b6dd5ce0d985894f4f98fa,2026-09-27T20:05:00Z,FanDuel,2026-09-24T19:59:06Z,Arizona Cardinals,San Francisco 49ers,totals,Under,47.5,-105,0.51219512,fanduel|9d2b09e0f9b6dd5ce0d985894f4f98fa|totals|47.5,0.48916576,https://api.the-odds-api.com/v4/sports/americanfootball_nfl
2026,3,9d2b09e0f9b6dd5ce0d985894f4f98fa,2026-09-27T20:05:00Z,BetRivers,2026-09-24T19:58:14Z,Arizona Cardinals,San Francisco 49ers,h2h,Arizona Cardinals,,335,0.22988506,betrivers|9d2b09e0f9b6dd5ce0d985894f4f98fa|h2h|event,0.21899971,https://api.the-odds-api.com/v4/sports/americanfootball_nfl
2026,3,9d2b09e0f9b6dd5ce0d985894f4f98fa,2026-09-27T20:05:00Z,BetRivers,2026-09-24T19:58:14Z,Arizona Cardinals,San Francisco 49ers,h2h,San Francisco 49ers,,-455,0.81981982,betrivers|9d2b09e0f9b6dd5ce0d985894f4f98fa|h2h|event,0.78100029,https://api.the-odds-api.com/v4/sports/americanfootball_nfl
2026,3,9d2b09e0f9b6dd5ce0d985894f4f98fa,2026-09-27T20:05:00Z,BetRivers,2026-09-24T19:58:14Z,Arizona Cardinals,San Francisco 49ers,spreads,Arizona Cardinals,8.5,-110,0.52380952,betrivers|9d2b09e0f9b6dd5ce0d985894f4f98fa|spreads|event,0.5,https://api.the-odds-api.com/v4/sports/americanfootball_nfl
2026,3,9d2b09e0f9b6dd5ce0d985894f4f98fa,2026-09-27T20:05:00Z,BetRivers,2026-09-24T19:58:14Z,Arizona Cardinals,San Francisco 49ers,spreads,San Francisco 49ers,-8.5,-110,0.52380952,betrivers|9d2b09e0f9b6dd5ce0d985894f4f98fa|spreads|event,0.5,https://api.the-odds-api.com/v4/sports/americanfootball_nfl
2026,3,9d2b09e0f9b6dd5ce0d985894f4f98fa,2026-09-27T20:05:00Z,BetRivers,2026-09-24T19:58:14Z,Arizona Cardinals,San Francisco 49ers,totals,Over,48.0,-112,0.52830189,betrivers|9d2b09e0f9b6dd5ce0d985894f4f98fa|totals|48.0,0.5032247,https://api.the-odds-api.com/v4/sports/americanfootball_nfl
2026,3,9d2b09e0f9b6dd5ce0d985894f4f98fa,2026-09-27T20:05:00Z,BetRivers,2026-09-24T19:58:14Z,Arizona Cardinals,San Francisco 49ers,totals,Under,48.0,-109,0.5215311,betrivers|9d2b09e0f9b6dd5ce0d985894f4f98fa|totals|48.0,0.4967753,https://api.the-odds-api.com/v4/sports/americanfootball_nfl
2026,3,9d2b09e0f9b6dd5ce0d985894f4f98fa,2026-09-27T20:05:00Z,LowVig.ag,2026-09-24T19:59:07Z,Arizona Cardinals,San Francisco 49ers,h2h,Arizona Cardinals,,324,0.23584906,lowvig|9d2b09e0f9b6dd5ce0d985894f4f98fa|h2h|event,0.22682797,https://api.the-odds-api.com/v4/sports/americanfootball_nfl
2026,3,9d2b09e0f9b6dd5ce0d985894f4f98fa,2026-09-27T20:05:00Z,LowVig.ag,2026-09-24T19:59:07Z,Arizona Cardinals,San Francisco 49ers,h2h,San Francisco 49ers,,-410,0.80392157,lowvig|9d2b09e0f9b6dd5ce0d985894f4f98fa|h2h|event,0.77317203,https://api.the-odds-api.com/v4/sports/americanfootball_nfl
2026,3,9d2b09e0f9b6dd5ce0d985894f4f98fa,2026-09-27T20:05:00Z,LowVig.ag,2026-09-24T19:59:07Z,Arizona Cardinals,San Francisco 49ers,spreads,Arizona Cardinals,8.5,-109,0.5215311,lowvig|9d2b09e0f9b6dd5ce0d985894f4f98fa|spreads|event,0.50929843,https://api.the-odds-api.com/v4/sports/americanfootball_nfl
2026,3,9d2b09e0f9b6dd5ce0d985894f4f98fa,2026-09-27T20:05:00Z,LowVig.ag,2026-09-24T19:59:07Z,Arizona Cardinals,San Francisco 49ers,spreads,San Francisco 49ers,-8.5,-101,0.50248756,lowvig|9d2b09e0f9b6dd5ce0d985894f4f98fa|spreads|event,0.49070157,https://api.the-odds-api.com/v4/sports/americanfootball_nfl
2026,3,9d2b09e0f9b6dd5ce0d985894f4f98fa,2026-09-27T20:05:00Z,LowVig.ag,2026-09-24T19:59:07Z,Arizona Cardinals,San Francisco 49ers,totals,Over,48.0,-107,0.51690821,lowvig|9d2b09e0f9b6dd5ce0d985894f4f98fa|totals|48.0,0.5,https://api.the-odds-api.com/v4/sports/americanfootball_nfl
2026,3,9d2b09e0f9b6dd5ce0d985894f4f98fa,2026-09-27T20:05:00Z,LowVig.ag,2026-09-24T19:59:07Z,Arizona Cardinals,San Francisco 49ers,totals,Under,48.0,-107,0.51690821,lowvig|9d2b09e0f9b6dd5ce0d985894f4f98fa|totals|48.0,0.5,https://api.the-odds-api.com/v4/sports/americanfootball_nfl
2026,3,9d2b09e0f9b6dd5ce0d985894f4f98fa,2026-09-27T20:05:00Z,BetOnline.ag,2026-09-24T19:58:15Z,Arizona Cardinals,San Francisco 49ers,h2h,Arizona Cardinals,,324,0.23584906,betonlineag|9d2b09e0f9b6dd5ce0d985894f4f98fa|h2h|event,0.22682797,https://api.the-odds-api.com/v4/sports/americanfootball_nfl
2026,3,9d2b09e0f9b6dd5ce0d985894f4f98fa,2026-09-27T20:05:00Z,BetOnline.ag,2026-09-24T19:58:15Z,Arizona Cardinals,San Francisco 49ers,h2h,San Francisco 49ers,,-410,0.80392157,betonlineag|9d2b09e0f9b6dd5ce0d985894f4f98fa|h2h|event,0.77317203,https://api.the-odds-api.com/v4/sports/americanfootball_nfl
2026,3,9d2b09e0f9b6dd5ce0d985894f4f98fa,2026-09-27T20:05:00Z,BetOnline.ag,2026-09-24T19:58:15Z,Arizona Cardinals,San Francisco 49ers,spreads,Arizona Cardinals,9.0,-116,0.53703704,betonlineag|9d2b09e0f9b6dd5ce0d985894f4f98fa|spreads|event,0.51300729,https://api.the-odds-api.com/v4/sports/americanfootball_nfl
2026,3,9d2b09e0f9b6dd5ce0d985894f4f98fa,2026-09-27T20:05:00Z,BetOnline.ag,2026-09-24T19:58:15Z,Arizona Cardinals,San Francisco 49ers,spreads,San Francisco 49ers,-9.0,-104,0.50980392,betonlineag|9d2b09e0f9b6dd5ce0d985894f4f98fa|spreads|event,0.48699271,https://api.the-odds-api.com/v4/sports/americanfootball_nfl
2026,3,9d2b09e0f9b6dd5ce0d985894f4f98fa,2026-09-27T20:05:00Z,BetOnline.ag,2026-09-24T19:58:15Z,Arizona Cardinals,San Francisco 49ers,totals,Over,48.0,-110,0.52380952,betonlineag|9d2b09e0f9b6dd5ce0d985894f4f98fa|totals|48.0,0.5,https://api.the-odds-api.com/v4/sports/americanfootball_nfl
2026,3,9d2b09e0f9b6dd5ce0d985894f4f98fa,2026-09-27T20:05:00Z,BetOnline.ag,2026-09-24T19:58:15Z,Arizona Cardinals,San Francisco 49ers,totals,Under,48.0,-110,0.52380952,betonlineag|9d2b09e0f9b6dd5ce0d985894f4f98fa|totals|48.0,0.5,https://api.the-odds-api.com/v4/sports/americanfootball_nfl
2026,3,9d2b09e0f9b6dd5ce0d985894f4f98fa,2026-09-27T20:05:00Z,MyBookie.ag,2026-09-24T19:57:58Z,Arizona Cardinals,San Francisco 49ers,h2h,Arizona Cardinals,,310,0.24390244,mybookieag|9d2b09e0f9b6dd5ce0d985894f4f98fa|h2h|event,0.23030097,https://api.the-odds-api.com/v4/sports/americanfootball_nfl
2026,3,9d2b09e0f9b6dd5ce0d985894f4f98fa,2026-09-27T20:05:00Z,MyBookie.ag,2026-09-24T19:57:58Z,Arizona Cardinals,San Francisco 49ers,h2h,San Francisco 49ers,,-441,0.81515712,mybookieag|9d2b09e0f9b6dd5ce0d985894f4f98fa|h2h|event,0.76969903,https://api.the-odds-api.com/v4/sports/americanfootball_nfl
2026,3,9d2b09e0f9b6dd5ce0d985894f4f98fa,2026-09-27T20:05:00Z,MyBookie.ag,2026-09-24T19:57:58Z,Arizona Cardinals,San Francisco 49ers,spreads,Arizona Cardinals,8.5,-110,0.52380952,mybookieag|9d2b09e0f9b6dd5ce0d985894f4f98fa|spreads|event,0.5,https://api.the-odds-api.com/v4/sports/americanfootball_nfl
2026,3,9d2b09e0f9b6dd5ce0d985894f4f98fa,2026-09-27T20:05:00Z,MyBookie.ag,2026-09-24T19:57:58Z,Arizona Cardinals,San Francisco 49ers,spreads,San Francisco 49ers,-8.5,-110,0.52380952,mybookieag|9d2b09e0f9b6dd5ce0d985894f4f98fa|spreads|event,0.5,https://api.the-odds-api.com/v4/sports/americanfootball_nfl
2026,3,9d2b09e0f9b6dd5ce0d985894f4f98fa,2026-09-27T20:05:00Z,MyBookie.ag,2026-09-24T19:57:58Z,Arizona Cardinals,San Francisco 49ers,totals,Over,48.0,-110,0.52380952,mybookieag|9d2b09e0f9b6dd5ce0d985894f4f98fa|totals|48.0,0.5,https://api.the-odds-api.com/v4/sports/americanfootball_nfl
2026,3,9d2b09e0f9b6dd5ce0d985894f4f98fa,2026-09-27T20:05:00Z,MyBookie.ag,2026-09-24T19:57:58Z,Arizona Cardinals,San Francisco 49ers,totals,Under,48.0,-110,0.52380952,mybookieag|9d2b09e0f9b6dd5ce0d985894f4f98fa|totals|48.0,0.5,https://api.the-odds-api.com/v4/sports/americanfootball_nfl
2026,3,9d2b09e0f9b6dd5ce0d985894f4f98fa,2026-09-27T20:05:00Z,BetMGM,2026-09-24T19:58:17Z,Arizona Cardinals,San Francisco 49ers,h2h,Arizona Cardinals,,340,0.22727273,betmgm|9d2b09e0f9b6dd5ce0d985894f4f98fa|h2h|event,0.21739131,https://api.the-odds-api.com/v4/sports/americanfootball_nfl
2026,3,9d2b09e0f9b6dd5ce0d985894f4f98fa,2026-09-27T20:05:00Z,BetMGM,2026-09-24T19:58:17Z,Arizona Cardinals,San Francisco 49ers,h2h,San Francisco 49ers,,-450,0.81818182,betmgm|9d2b09e0f9b6dd5ce0d985894f4f98fa|h2h|event,0.78260869,https://api.the-odds-api.com/v4/sports/americanfootball_nfl
2026,3,9d2b09e0f9b6dd5ce0d985894f4f98fa,2026-09-27T20:05:00Z,BetMGM,2026-09-24T19:58:17Z,Arizona Cardinals,San Francisco 49ers,spreads,Arizona Cardinals,8.5,-110,0.52380952,betmgm|9d2b09e0f9b6dd5ce0d985894f4f98fa|spreads|event,0.50219491,https://api.the-odds-api.com/v4/sports/americanfootball_nfl
2026,3,9d2b09e0f9b6dd5ce0d985894f4f98fa,2026-09-27T20:05:00Z,BetMGM,2026-09-24T19:58:17Z,Arizona Cardinals,San Francisco 49ers,spreads,San Francisco 49ers,-8.5,-108,0.51923077,betmgm|9d2b09e0f9b6dd5ce0d985894f4f98fa|spreads|event,0.49780509,https://api.the-odds-api.com/v4/sports/americanfootball_nfl
2026,3,9d2b09e0f9b6dd5ce0d985894f4f98fa,2026-09-27T20:05:00Z,BetMGM,2026-09-24T19:58:17Z,Arizona Cardinals,San Francisco 49ers,totals,Over,47.5,-120,0.54545455,betmgm|9d2b09e0f9b6dd5ce0d985894f4f98fa|totals|47.5,0.51012146,https://api.the-odds-api.com/v4/sports/americanfootball_nfl
2026,3,9d2b09e0f9b6dd5ce0d985894f4f98fa,2026-09-27T20:05:00Z,BetMGM,2026-09-24T19:58:17Z,Arizona Cardinals,San Francisco 49ers,totals,Under,47.5,-110,0.52380952,betmgm|9d2b09e0f9b6dd5ce0d985894f4f98fa|totals|47.5,0.48987854,https://api.the-odds-api.com/v4/sports/americanfootball_nfl
2026,3,9d2b09e0f9b6dd5ce0d985894f4f98fa,2026-09-27T20:05:00Z,Bovada,2026-09-24T19:58:18Z,Arizona Cardinals,San Francisco 49ers,h2h,Arizona Cardinals,,300,0.25,bovada|9d2b09e0f9b6dd5ce0d985894f4f98fa|h2h|event,0.23809524,https://api.the-odds-api.com/v4/sports/americanfootball_nfl
2026,3,9d2b09e0f9b6dd5ce0d985894f4f98fa,2026-09-27T20:05:00Z,Bovada,2026-09-24T19:58:18Z,Arizona Cardinals,San Francisco 49ers,h2h,San Francisco 49ers,,-400,0.8,bovada|9d2b09e0f9b6dd5ce0d985894f4f98fa|h2h|event,0.76190476,https://api.the-odds-api.com/v4/sports/americanfootball_nfl
2026,3,9d2b09e0f9b6dd5ce0d985894f4f98fa,2026-09-27T20:05:00Z,Bovada,2026-09-24T19:58:18Z,Arizona Cardinals,San Francisco 49ers,spreads,Arizona Cardinals,8.5,-110,0.52380952,bovada|9d2b09e0f9b6dd5ce0d985894f4f98fa|spreads|event,0.5,https://api.the-odds-api.com/v4/sports/americanfootball_nfl
2026,3,9d2b09e0f9b6dd5ce0d985894f4f98fa,2026-09-27T20:05:00Z,Bovada,2026-09-24T19:58:18Z,Arizona Cardinals,San Francisco 49ers,spreads,San Francisco 49ers,-8.5,-110,0.52380952,bovada|9d2b09e0f9b6dd5ce0d985894f4f98fa|spreads|event,0.5,https://api.the-odds-api.com/v4/sports/americanfootball_nfl
2026,3,9d2b09e0f9b6dd5ce0d985894f4f98fa,2026-09-27T20:05:00Z,Bovada,2026-09-24T19:58:18Z,Arizona Cardinals,San Francisco 49ers,totals,Over,48.0,-110,0.52380952,bovada|9d2b09e0f9b6dd5ce0d985894f4f98fa|totals|48.0,0.5,https://api.the-odds-api.com/v4/sports/americanfootball_nfl
2026,3,9d2b09e0f9b6dd5ce0d985894f4f98fa,2026-09-27T20:05:00Z,Bovada,2026-09-24T19:58:18Z,Arizona Cardinals,San Francisco 49ers,totals,Under,48.0,-110,0.52380952,bovada|9d2b09e0f9b6dd5ce0d985894f4f98fa|totals|48.0,0.5,https://api.the-odds-api.com/v4/sports/americanfootball_nfl
2026,3,f1724dead3eab61546033032fc782375,2026-09-27T20:05:00Z,DraftKings,2026-09-24T19:58:31Z,Minnesota Vikings,Tampa Bay Buccaneers,h2h,Minnesota Vikings,,-122,0.54954955,draftkings|f1724dead3eab61546033032fc782375|h2h|event,0.52608659,https://api.the-odds-api.com/v4/sports/americanfootball_nfl
2026,3,f1724dead3eab61546033032fc782375,2026-09-27T20:05:00Z,DraftKings,2026-09-24T19:58:31Z,Minnesota Vikings,Tampa Bay Buccaneers,h2h,Tampa Bay Buccaneers,,102,0.4950495,draftkings|f1724dead3eab61546033032fc782375|h2h|event,0.47391341,https://api.the-odds-api.com/v4/sports/americanfootball_nfl
2026,3,f1724dead3eab61546033032fc782375,2026-09-27T20:05:00Z,DraftKings,2026-09-24T19:58:31Z,Minnesota Vikings,Tampa Bay Buccaneers,spreads,Minnesota Vikings,-1.5,-108,0.51923077,draftkings|f1724dead3eab61546033032fc782375|spreads|event,0.49567024,https://api.the-odds-api.com/v4/sports/americanfootball_nfl
2026,3,f1724dead3eab61546033032fc782375,2026-09-27T20:05:00Z,DraftKings,2026-09-24T19:58:31Z,Minnesota Vikings,Tampa Bay Buccaneers,spreads,Tampa Bay Buccaneers,1.5,-112,0.52830189,draftkings|f1724dead3eab61546033032fc782375|spreads|event,0.50432976,https://api.the-odds-api.com/v4/sports/americanfootball_nfl
2026,3,f1724dead3eab61546033032fc782375,2026-09-27T20:05:00Z,DraftKings,2026-09-24T19:58:31Z,Minnesota Vikings,Tampa Bay Buccaneers,totals,Over,42.5,-110,0.52380952,draftkings|f1724dead3eab61546033032fc782375|totals|42.5,0.5,https://api.the-odds-api.com/v4/sports/americanfootball_nfl
2026,3,f1724dead3eab61546033032fc782375,2026-09-27T20:05:00Z,DraftKings,2026-09-24T19:58:31Z,Minnesota Vikings,Tampa Bay Buccaneers,totals,Under,42.5,-110,0.52380952,draftkings|f1724dead3eab61546033032fc782375|totals|42.5,0.5,https://api.the-odds-api.com/v4/sports/americanfootball_nfl
2026,3,f1724dead3eab61546033032fc782375,2026-09-27T20:05:00Z,BetUS,2026-09-24T19:59:06Z,Minnesota Vikings,Tampa Bay Buccaneers,spreads,Minnesota Vikings,0.0,-120,0.54545455,betus|f1724dead3eab61546033032fc782375|spreads|event,0.52173913,https://api.the-odds-api.com/v4/sports/americanfootball_nfl
2026,3,f1724dead3eab61546033032fc782375,2026-09-27T20:05:00Z,BetUS,2026-09-24T19:59:06Z,Minnesota Vikings,Tampa Bay Buccaneers,spreads,Tampa Bay Buccaneers,0.0,100,0.5,betus|f1724dead3eab61546033032fc782375|spreads|event,0.47826087,https://api.the-odds-api.com/v4/sports/americanfootball_nfl
2026,3,f1724dead3eab61546033032fc782375,2026-09-27T20:05:00Z,BetUS,2026-09-24T19:59:06Z,Minnesota Vikings,Tampa Bay Buccaneers,totals,Over,42.5,-110,0.52380952,betus|f1724dead3eab61546033032fc782375|totals|42.5,0.5,https://api.the-odds-api.com/v4/sports/americanfootball_nfl
2026,3,f1724dead3eab61546033032fc782375,2026-09-27T20:05:00Z,BetUS,2026-09-24T19:59:06Z,Minnesota Vikings,Tampa Bay Buccaneers,totals,Under,42.5,-110,0.52380952,betus|f1724dead3eab61546033032fc782375|totals|42.5,0.5,https://api.the-odds-api.com/v4/sports/americanfootball_nfl
2026,3,f1724dead3eab61546033032fc782375,2026-09-27T20:05:00Z,FanDuel,2026-09-24T19:59:06Z,Minnesota Vikings,Tampa Bay Buccaneers,h2h,Minnesota Vikings,,-124,0.55357143,fanduel|f1724dead3eab61546033032fc782375|h2h|event,0.53278826,https://api.the-odds-api.com/v4/sports/americanfootball_nfl
2026,3,f1724dead3eab61546033032fc782375,2026-09-27T20:05:00Z,FanDuel,2026-09-24T19:59:06Z,Minnesota Vikings,Tampa Bay Buccaneers,h2h,Tampa Bay Buccaneers,,106,0.48543689,fanduel|f1724dead3eab61546033032fc782375|h2h|event,0.46721174,https://api.the-odds-api.com/v4/sports/americanfootball_nfl
2026,3,f1724dead3eab61546033032fc782375,2026-09-27T20:05:00Z,FanDuel,2026-09-24T19:59:06Z,Minnesota Vikings,Tampa Bay Buccaneers,spreads,Minnesota Vikings,-1.5,-110,0.52380952,fanduel|f1724dead3eab61546033032fc782375|spreads|event,0.5,https://api.the-odds-api.com/v4/sports/americanfootball_nfl
2026,3,f1724dead3eab61546033032fc782375,2026-09-27T20:05:00Z,FanDuel,2026-09-24T19:59:06Z,Minnesota Vikings,Tampa Bay Buccaneers,spreads,Tampa Bay Buccaneers,1.5,-110,0.52380952,fanduel|f1724dead3eab61546033032fc782375|spreads|event,0.5,https://api.the-odds-api.com/v4/sports/americanfootball_nfl
2026,3,f1724dead3eab61546033032fc782375,2026-09-27T20:05:00Z,FanDuel,2026-09-24T19:59:06Z,Minnesota Vikings,Tampa Bay Buccaneers,totals,Over,42.5,-115,0.53488372,fanduel|f1724dead3eab61546033032fc782375|totals|42.5,0.51083424,https://api.the-odds-api.com/v4/sports/americanfootball_nfl
2026,3,f1724dead3eab61546033032fc782375,2026-09-27T20:05:00Z,FanDuel,2026-09-24T19:59:06Z,Minnesota Vikings,Tampa Bay Buccaneers,totals,Under,42.5,-105,0.51219512,fanduel|f1724dead3eab61546033032fc782375|totals|42.5,0.48916576,https://api.the-odds-api.com/v4/sports/americanfootball_nfl
2026,3,f1724dead3eab61546033032fc782375,2026-09-27T20:05:00Z,BetRivers,2026-09-24T19:58:14Z,Minnesota Vikings,Tampa Bay Buccaneers,h2h,Minnesota Vikings,,-125,0.55555556,betrivers|f1724dead3eab61546033032fc782375|h2h|event,0.53125,https://api.the-odds-api.com/v4/sports/americanfootball_nfl
2026,3,f1724dead3eab61546033032fc782375,2026-09-27T20:05:00Z,BetRivers,2026-09-24T19:58:14Z,Minnesota Vikings,Tampa Bay Buccaneers,h2h,Tampa Bay Buccaneers,,104,0.49019608,betrivers|f1724dead3eab61546033032fc782375|h2h|event,0.46875,https://api.the-odds-api.com/v4/sports/americanfootball_nfl
2026,3,f1724dead3eab61546033032fc782375,2026-09-27T20:05:00Z,BetRivers,2026-09-24T19:58:14Z,Minnesota Vikings,Tampa Bay Buccaneers,spreads,Minnesota Vikings,-1.5,-112,0.52830189,betrivers|f1724dead3eab61546033032fc782375|spreads|event,0.5032247,https://api.the-odds-api.com/v4/sports/americanfootball_nfl
2026,3,f1724dead3eab61546033032fc782375,2026-09-27T20:05:00Z,BetRivers,2026-09-24T19:58:14Z,Minnesota Vikings,Tampa Bay Buccaneers,spreads,Tampa Bay Buccaneers,1.5,-109,0.5215311,betrivers|f1724dead3eab61546033032fc782375|spreads|event,0.4967753,https://api.the-odds-api.com/v4/sports/americanfootball_nfl
2026,3,f1724dead3eab61546033032fc782375,2026-09-27T20:05:00Z,BetRivers,2026-09-24T19:58:14Z,Minnesota Vikings,Tampa Bay Buccaneers,totals,Over,42.5,-114,0.53271028,betrivers|f1724dead3eab61546033032fc782375|totals|42.5,0.50752753,https://api.the-odds-api.com/v4/sports/americanfootball_nfl
2026,3,f1724dead3eab61546033032fc782375,2026-09-27T20:05:00Z,BetRivers,2026-09-24T19:58:14Z,Minnesota Vikings,Tampa Bay Buccaneers,totals,Under,42.5,-107,0.51690821,betrivers|f1724dead3eab61546033032fc782375|totals|42.5,0.49247247,https://api.the-odds-api.com/v4/sports/americanfootball_nfl
2026,3,f1724dead3eab61546033032fc782375,2026-09-27T20:05:00Z,LowVig.ag,2026-09-24T19:59:07Z,Minnesota Vikings,Tampa Bay Buccaneers,h2h,Minnesota Vikings,,-125,0.55555556,lowvig|f1724dead3eab61546033032fc782375|h2h|event,0.53246753,https://api.the-odds-api.com/v4/sports/americanfootball_nfl
2026,3,f1724dead3eab61546033032fc782375,2026-09-27T20:05:00Z,LowVig.ag,2026-09-24T19:59:07Z,Minnesota Vikings,Tampa Bay Buccaneers,h2h,Tampa Bay Buccaneers,,105,0.48780488,lowvig|f1724dead3eab61546033032fc782375|h2h|event,0.46753247,https://api.the-odds-api.com/v4/sports/americanfootball_nfl
2026,3,f1724dead3eab61546033032fc782375,2026-09-27T20:05:00Z,LowVig.ag,2026-09-24T19:59:07Z,Minnesota Vikings,Tampa Bay Buccaneers,spreads,Minnesota Vikings,-1.5,101,0.49751244,lowvig|f1724dead3eab61546033032fc782375|spreads|event,0.48499268,https://api.the-odds-api.com/v4/sports/americanfootball_nfl
2026,3,f1724dead3eab61546033032fc782375,2026-09-27T20:05:00Z,LowVig.ag,2026-09-24T19:59:07Z,Minnesota Vikings,Tampa Bay Buccaneers,spreads,Tampa Bay Buccaneers,1.5,-112,0.52830189,lowvig|f1724dead3eab61546033032fc782375|spreads|event,0.51500732,https://api.the-odds-api.com/v4/sports/americanfootball_nfl
2026,3,f1724dead3eab61546033032fc782375,2026-09-27T20:05:00Z,LowVig.ag,2026-09-24T19:59:07Z,Minnesota Vikings,Tampa Bay Buccaneers,totals,Over,42.5,-107,0.51690821,lowvig|f1724dead3eab61546033032fc782375|totals|42.5,0.5,https://api.the-odds-api.com/v4/sports/americanfootball_nfl
2026,3,f1724dead3eab61546033032fc782375,2026-09-27T20:05:00Z,LowVig.ag,2026-09-24T19:59:07Z,Minnesota Vikings,Tampa Bay Buccaneers,totals,Under,42.5,-107,0.51690821,lowvig|f1724dead3eab61546033032fc782375|totals|42.5,0.5,https://api.the-odds-api.com/v4/sports/americanfootball_nfl
2026,3,f1724dead3eab61546033032fc782375,2026-09-27T20:05:00Z,BetOnline.ag,2026-09-24T19:58:15Z,Minnesota Vikings,Tampa Bay Buccaneers,h2h,Minnesota Vikings,,-125,0.55555556,betonlineag|f1724dead3eab61546033032fc782375|h2h|event,0.53246753,https://api.the-odds-api.com/v4/sports/americanfootball_nfl
2026,3,f1724dead3eab61546033032fc782375,2026-09-27T20:05:00Z,BetOnline.ag,2026-09-24T19:58:15Z,Minnesota Vikings,Tampa Bay Buccaneers,h2h,Tampa Bay Buccaneers,,105,0.48780488,betonlineag|f1724dead3eab61546033032fc782375|h2h|event,0.46753247,https://api.the-odds-api.com/v4/sports/americanfootball_nfl
2026,3,f1724dead3eab61546033032fc782375,2026-09-27T20:05:00Z,BetOnline.ag,2026-09-24T19:58:15Z,Minnesota Vikings,Tampa Bay Buccaneers,spreads,Minnesota Vikings,-1.5,-104,0.50980392,betonlineag|f1724dead3eab61546033032fc782375|spreads|event,0.48699271,https://api.the-odds-api.com/v4/sports/americanfootball_nfl
2026,3,f1724dead3eab61546033032fc782375,2026-09-27T20:05:00Z,BetOnline.ag,2026-09-24T19:58:15Z,Minnesota Vikings,Tampa Bay Buccaneers,spreads,Tampa Bay Buccaneers,1.5,-116,0.53703704,betonlineag|f1724dead3eab61546033032fc782375|spreads|event,0.51300729,https://api.the-odds-api.com/v4/sports/americanfootball_nfl
2026,3,f1724dead3eab61546033032fc782375,2026-09-27T20:05:00Z,BetOnline.ag,2026-09-24T19:58:15Z,Minnesota Vikings,Tampa Bay Buccaneers,totals,Over,42.5,-110,0.52380952,betonlineag|f1724dead3eab61546033032fc782375|totals|42.5,0.5,https://api.the-odds-api.com/v4/sports/americanfootball_nfl
2026,3,f1724dead3eab61546033032fc782375,2026-09-27T20:05:00Z,BetOnline.ag,2026-09-24T19:58:15Z,Minnesota Vikings,Tampa Bay Buccaneers,totals,Under,42.5,-110,0.52380952,betonlineag|f1724dead3eab61546033032fc782375|totals|42.5,0.5,https://api.the-odds-api.com/v4/sports/americanfootball_nfl
2026,3,f1724dead3eab61546033032fc782375,2026-09-27T20:05:00Z,MyBookie.ag,2026-09-24T19:57:58Z,Minnesota Vikings,Tampa Bay Buccaneers,h2h,Minnesota Vikings,,-126,0.55752212,mybookieag|f1724dead3eab61546033032fc782375|h2h|event,0.52595946,https://api.the-odds-api.com/v4/sports/americanfootball_nfl
2026,3,f1724dead3eab61546033032fc782375,2026-09-27T20:05:00Z,MyBookie.ag,2026-09-24T19:57:58Z,Minnesota Vikings,Tampa Bay Buccaneers,h2h,Tampa Bay Buccaneers,,-101,0.50248756,mybookieag|f1724dead3eab61546033032fc782375|h2h|event,0.47404054,https://api.the-odds-api.com/v4/sports/americanfootball_nfl
2026,3,f1724dead3eab61546033032fc782375,2026-09-27T20:05:00Z,MyBookie.ag,2026-09-24T19:57:58Z,Minnesota Vikings,Tampa Bay Buccaneers,spreads,Minnesota Vikings,-1.5,-110,0.52380952,mybookieag|f1724dead3eab61546033032fc782375|spreads|event,0.5,https://api.the-odds-api.com/v4/sports/americanfootball_nfl
2026,3,f1724dead3eab61546033032fc782375,2026-09-27T20:05:00Z,MyBookie.ag,2026-09-24T19:57:58Z,Minnesota Vikings,Tampa Bay Buccaneers,spreads,Tampa Bay Buccaneers,1.5,-110,0.52380952,mybookieag|f1724dead3eab61546033032fc782375|spreads|event,0.5,https://api.the-odds-api.com/v4/sports/americanfootball_nfl
2026,3,f1724dead3eab61546033032fc782375,2026-09-27T20:05:00Z,MyBookie.ag,2026-09-24T19:57:58Z,Minnesota Vikings,Tampa Bay Buccaneers,totals,Over,42.5,-110,0.52380952,mybookieag|f1724dead3eab61546033032fc782375|totals|42.5,0.5,https://api.the-odds-api.com/v4/sports/americanfootball_nfl
2026,3,f1724dead3eab61546033032fc782375,2026-09-27T20:05:00Z,MyBookie.ag,2026-09-24T19:57:58Z,Minnesota Vikings,Tampa Bay Buccaneers,totals,Under,42.5,-110,0.52380952,mybookieag|f1724dead3eab61546033032fc782375|totals|42.5,0.5,https://api.the-odds-api.com/v4/sports/americanfootball_nfl
2026,3,f1724dead3eab61546033032fc782375,2026-09-27T20:05:00Z,BetMGM,2026-09-24T19:58:17Z,Minnesota Vikings,Tampa Bay Buccaneers,h2h,Minnesota Vikings,,-125,0.55555556,betmgm|f1724dead3eab61546033032fc782375|h2h|event,0.53246753,https://api.the-odds-api.com/v4/sports/americanfootball_nfl
2026,3,f1724dead3eab61546033032fc782375,2026-09-27T20:05:00Z,BetMGM,2026-09-24T19:58:17Z,Minnesota Vikings,Tampa Bay Buccaneers,h2h,Tampa Bay Buccaneers,,105,0.48780488,betmgm|f1724dead3eab61546033032fc782375|h2h|event,0.46753247,https://api.the-odds-api.com/v4/sports/americanfootball_nfl
2026,3,f1724dead3eab61546033032fc782375,2026-09-27T20:05:00Z,BetMGM,2026-09-24T19:58:17Z,Minnesota Vikings,Tampa Bay Buccaneers,spreads,Minnesota Vikings,-1.5,-108,0.51923077,betmgm|f1724dead3eab61546033032fc782375|spreads|event,0.49780509,https://api.the-odds-api.com/v4/sports/americanfootball_nfl
2026,3,f1724dead3eab61546033032fc782375,2026-09-27T20:05:00Z,BetMGM,2026-09-24T19:58:17Z,Minnesota Vikings,Tampa Bay Buccaneers,spreads,Tampa Bay Buccaneers,1.5,-110,0.52380952,betmgm|f1724dead3eab61546033032fc782375|spreads|event,0.50219491,https://api.the-odds-api.com/v4/sports/americanfootball_nfl
2026,3,f1724dead3eab61546033032fc782375,2026-09-27T20:05:00Z,BetMGM,2026-09-24T19:58:17Z,Minnesota Vikings,Tampa Bay Buccaneers,totals,Over,42.5,-112,0.52830189,betmgm|f1724dead3eab61546033032fc782375|totals|42.5,0.50432976,https://api.the-odds-api.com/v4/sports/americanfootball_nfl
2026,3,f1724dead3eab61546033032fc782375,2026-09-27T20:05:00Z,BetMGM,2026-09-24T19:58:17Z,Minnesota Vikings,Tampa Bay Buccaneers,totals,Under,42.5,-108,0.51923077,betmgm|f1724dead3eab61546033032fc782375|totals|42.5,0.49567024,https://api.the-odds-api.com/v4/sports/americanfootball_nfl
2026,3,f1724dead3eab61546033032fc782375,2026-09-27T20:05:00Z,Bovada,2026-09-24T19:58:18Z,Minnesota Vikings,Tampa Bay Buccaneers,h2h,Minnesota Vikings,,-120,0.54545455,bovada|f1724dead3eab61546033032fc782375|h2h|event,0.52173913,https://api.the-odds-api.com/v4/sports/americanfootball_nfl
2026,3,f1724dead3eab61546033032fc782375,2026-09-27T20:05:00Z,Bovada,2026-09-24T19:58:18Z,Minnesota Vikings,Tampa Bay Buccaneers,h2h,Tampa Bay Buccaneers,,100,0.5,bovada|f1724dead3eab61546033032fc782375|h2h|event,0.47826087,https://api.the-odds-api.com/v4/sports/americanfootball_nfl
2026,3,f1724dead3eab61546033032fc782375,2026-09-27T20:05:00Z,Bovada,2026-09-24T19:58:18Z,Minnesota Vikings,Tampa Bay Buccaneers,spreads,Minnesota Vikings,-1.0,-110,0.52380952,bovada|f1724dead3eab61546033032fc782375|spreads|event,0.5,https://api.the-odds-api.com/v4/sports/americanfootball_nfl
2026,3,f1724dead3eab61546033032fc782375,2026-09-27T20:05:00Z,Bovada,2026-09-24T19:58:18Z,Minnesota Vikings,Tampa Bay Buccaneers,spreads,Tampa Bay Buccaneers,1.0,-110,0.52380952,bovada|f1724dead3eab61546033032fc782375|spreads|event,0.5,https://api.the-odds-api.com/v4/sports/americanfootball_nfl
2026,3,f1724dead3eab61546033032fc782375,2026-09-27T20:05:00Z,Bovada,2026-09-24T19:58:18Z,Minnesota Vikings,Tampa Bay Buccaneers,totals,Over,42.5,-110,0.52380952,bovada|f1724dead3eab61546033032fc782375|totals|42.5,0.5,https://api.the-odds-api.com/v4/sports/americanfootball_nfl
2026,3,f1724dead3eab61546033032fc782375,2026-09-27T20:05:00Z,Bovada,2026-09-24T19:58:18Z,Minnesota Vikings,Tampa Bay Buccaneers,totals,Under,42.5,-110,0.52380952,bovada|f1724dead3eab61546033032fc782375|totals|42.5,0.5,https://api.the-odds-api.com/v4/sports/americanfootball_nfl
2026,3,84cfca14efc21363fd605508404cf1ff,2026-09-27T20:25:00Z,DraftKings,2026-09-24T19:58:31Z,Baltimore Ravens,Dallas Cowboys,h2h,Baltimore Ravens,,-175,0.63636364,draftkings|84cfca14efc21363fd605508404cf1ff|h2h|event,0.60923623,https://api.the-odds-api.com/v4/sports/americanfootball_nfl
2026,3,84cfca14efc21363fd605508404cf1ff,2026-09-27T20:25:00Z,DraftKings,2026-09-24T19:58:31Z,Baltimore Ravens,Dallas Cowboys,h2h,Dallas Cowboys,,145,0.40816327,draftkings|84cfca14efc21363fd605508404cf1ff|h2h|event,0.39076377,https://api.the-odds-api.com/v4/sports/americanfootball_nfl
2026,3,84cfca14efc21363fd605508404cf1ff,2026-09-27T20:25:00Z,DraftKings,2026-09-24T19:58:31Z,Baltimore Ravens,Dallas Cowboys,spreads,Baltimore Ravens,-3.5,-105,0.51219512,draftkings|84cfca14efc21363fd605508404cf1ff|spreads|event,0.48916576,https://api.the-odds-api.com/v4/sports/americanfootball_nfl
2026,3,84cfca14efc21363fd605508404cf1ff,2026-09-27T20:25:00Z,DraftKings,2026-09-24T19:58:31Z,Baltimore Ravens,Dallas Cowboys,spreads,Dallas Cowboys,3.5,-115,0.53488372,draftkings|84cfca14efc21363fd605508404cf1ff|spreads|event,0.51083424,https://api.the-odds-api.com/v4/sports/americanfootball_nfl
2026,3,84cfca14efc21363fd605508404cf1ff,2026-09-27T20:25:00Z,DraftKings,2026-09-24T19:58:31Z,Baltimore Ravens,Dallas Cowboys,totals,Over,52.5,-112,0.52830189,draftkings|84cfca14efc21363fd605508404cf1ff|totals|52.5,0.50432976,https://api.the-odds-api.com/v4/sports/americanfootball_nfl
2026,3,84cfca14efc21363fd605508404cf1ff,2026-09-27T20:25:00Z,DraftKings,2026-09-24T19:58:31Z,Baltimore Ravens,Dallas Cowboys,totals,Under,52.5,-108,0.51923077,draftkings|84cfca14efc21363fd605508404cf1ff|totals|52.5,0.49567024,https://api.the-odds-api.com/v4/sports/americanfootball_nfl
2026,3,84cfca14efc21363fd605508404cf1ff,2026-09-27T20:25:00Z,FanDuel,2026-09-24T19:59:06Z,Baltimore Ravens,Dallas Cowboys,h2h,Baltimore Ravens,,-174,0.6350365,fanduel|84cfca14efc21363fd605508404cf1ff|h2h|event,0.60970885,https://api.the-odds-api.com/v4/sports/americanfootball_nfl
2026,3,84cfca14efc21363fd605508404cf1ff,2026-09-27T20:25:00Z,FanDuel,2026-09-24T19:59:06Z,Baltimore Ravens,Dallas Cowboys,h2h,Dallas Cowboys,,146,0.40650407,fanduel|84cfca14efc21363fd605508404cf1ff|h2h|event,0.39029115,https://api.the-odds-api.com/v4/sports/americanfootball_nfl
2026,3,84cfca14efc21363fd605508404cf1ff,2026-09-27T20:25:00Z,FanDuel,2026-09-24T19:59:06Z,Baltimore Ravens,Dallas Cowboys,spreads,Baltimore Ravens,-3.5,-102,0.5049505,fanduel|84cfca14efc21363fd605508404cf1ff|spreads|event,0.48071979,https://api.the-odds-api.com/v4/sports/americanfootball_nfl
2026,3,84cfca14efc21363fd605508404cf1ff,2026-09-27T20:25:00Z,FanDuel,2026-09-24T19:59:06Z,Baltimore Ravens,Dallas Cowboys,spreads,Dallas Cowboys,3.5,-120,0.54545455,fanduel|84cfca14efc21363fd605508404cf1ff|spreads|event,0.51928021,https://api.the-odds-api.com/v4/sports/americanfootball_nfl
2026,3,84cfca14efc21363fd605508404cf1ff,2026-09-27T20:25:00Z,FanDuel,2026-09-24T19:59:06Z,Baltimore Ravens,Dallas Cowboys,totals,Over,52.5,-106,0.51456311,fanduel|84cfca14efc21363fd605508404cf1ff|totals|52.5,0.49133599,https://api.the-odds-api.com/v4/sports/americanfootball_nfl
2026,3,84cfca14efc21363fd605508404cf1ff,2026-09-27T20:25:00Z,FanDuel,2026-09-24T19:59:06Z,Baltimore Ravens,Dallas Cowboys,totals,Under,52.5,-114,0.53271028,fanduel|84cfca14efc21363fd605508404cf1ff|totals|52.5,0.50866401,https://api.the-odds-api.com/v4/sports/americanfootball_nfl
2026,3,84cfca14efc21363fd605508404cf1ff,2026-09-27T20:25:00Z,BetMGM,2026-09-24T19:58:17Z,Baltimore Ravens,Dallas Cowboys,h2h,Baltimore Ravens,,-190,0.65517241,betmgm|84cfca14efc21363fd605508404cf1ff|h2h|event,0.62556488,https://api.the-odds-api.com/v4/sports/americanfootball_nfl
2026,3,84cfca14efc21363fd605508404cf1ff,2026-09-27T20:25:00Z,BetMGM,2026-09-24T19:58:17Z,Baltimore Ravens,Dallas Cowboys,h2h,Dallas Cowboys,,155,0.39215686,betmgm|84cfca14efc21363fd605508404cf1ff|h2h|event,0.37443512,https://api.the-odds-api.com/v4/sports/americanfootball_nfl
2026,3,84cfca14efc21363fd605508404cf1ff,2026-09-27T20:25:00Z,BetMGM,2026-09-24T19:58:17Z,Baltimore Ravens,Dallas Cowboys,spreads,Baltimore Ravens,-3.5,-105,0.51219512,betmgm|84cfca14efc21363fd605508404cf1ff|spreads|event,0.49226006,https://api.the-odds-api.com/v4/sports/americanfootball_nfl
2026,3,84cfca14efc21363fd605508404cf1ff,2026-09-27T20:25:00Z,BetMGM,2026-09-24T19:58:17Z,Baltimore Ravens,Dallas Cowboys,spreads,Dallas Cowboys,3.5,-112,0.52830189,betmgm|84cfca14efc21363fd605508404cf1ff|spreads|event,0.50773994,https://api.the-odds-api.com/v4/sports/americanfootball_nfl
2026,3,84cfca14efc21363fd605508404cf1ff,2026-09-27T20:25:00Z,BetMGM,2026-09-24T19:58:17Z,Baltimore Ravens,Dallas Cowboys,totals,Over,52.5,-108,0.51923077,betmgm|84cfca14efc21363fd605508404cf1ff|totals|52.5,0.49780509,https://api.the-odds-api.com/v4/sports/americanfootball_nfl
2026,3,84cfca14efc21363fd605508404cf1ff,2026-09-27T20:25:00Z,BetMGM,2026-09-24T19:58:17Z,Baltimore Ravens,Dallas Cowboys,totals,Under,52.5,-110,0.52380952,betmgm|84cfca14efc21363fd605508404cf1ff|totals|52.5,0.50219491,https://api.the-odds-api.com/v4/sports/americanfootball_nfl
2026,3,84cfca14efc21363fd605508404cf1ff,2026-09-27T20:25:00Z,Bovada,2026-09-24T19:58:18Z,Baltimore Ravens,Dallas Cowboys,h2h,Baltimore Ravens,,-185,0.64912281,bovada|84cfca14efc21363fd605508404cf1ff|h2h|event,0.62793734,https://api.the-odds-api.com/v4/sports/americanfootball_nfl
2026,3,84cfca14efc21363fd605508404cf1ff,2026-09-27T20:25:00Z,Bovada,2026-09-24T19:58:18Z,Baltimore Ravens,Dallas Cowboys,h2h,Dallas Cowboys,,160,0.38461538,bovada|84cfca14efc21363fd605508404cf1ff|h2h|event,0.37206266,https://api.the-odds-api.com/v4/sports/americanfootball_nfl
2026,3,84cfca14efc21363fd605508404cf1ff,2026-09-27T20:25:00Z,Bovada,2026-09-24T19:58:18Z,Baltimore Ravens,Dallas Cowboys,spreads,Baltimore Ravens,-3.5,-105,0.51219512,bovada|84cfca14efc21363fd605508404cf1ff|spreads|event,0.48916576,https://api.the-odds-api.com/v4/sports/americanfootball_nfl
2026,3,84cfca14efc21363fd605508404cf1ff,2026-09-27T20:25:00Z,Bovada,2026-09-24T19:58:18Z,Baltimore Ravens,Dallas Cowboys,spreads,Dallas Cowboys,3.5,-115,0.53488372,bovada|84cfca14efc21363fd605508404cf1ff|spreads|event,0.51083424,https://api.the-odds-api.com/v4/sports/americanfootball_nfl
2026,3,84cfca14efc21363fd605508404cf1ff,2026-09-27T20:25:00Z,Bovada,2026-09-24T19:58:18Z,Baltimore Ravens,Dallas Cowboys,totals,Over,52.5,-110,0.52380952,bovada|84cfca14efc21363fd605508404cf1ff|totals|52.5,0.5,https://api.the-odds-api.com/v4/sports/americanfootball_nfl
2026,3,84cfca14efc21363fd605508404cf1ff,2026-09-27T20:25:00Z,Bovada,2026-09-24T19:58:18Z,Baltimore Ravens,Dallas Cowboys,totals,Under,52.5,-110,0.52380952,bovada|84cfca14efc21363fd605508404cf1ff|totals|52.5,0.5,https://api.the-odds-api.com/v4/sports/americanfootball_nfl
2026,3,84cfca14efc21363fd605508404cf1ff,2026-09-27T20:25:00Z,BetRivers,2026-09-24T19:58:14Z,Baltimore Ravens,Dallas Cowboys,h2h,Baltimore Ravens,,-175,0.63636364,betrivers|84cfca14efc21363fd605508404cf1ff|h2h|event,0.60431655,https://api.the-odds-api.com/v4/sports/americanfootball_nfl
2026,3,84cfca14efc21363fd605508404cf1ff,2026-09-27T20:25:00Z,BetRivers,2026-09-24T19:58:14Z,Baltimore Ravens,Dallas Cowboys,h2h,Dallas Cowboys,,140,0.41666667,betrivers|84cfca14efc21363fd605508404cf1ff|h2h|event,0.39568345,https://api.the-odds-api.com/v4/sports/americanfootball_nfl
2026,3,84cfca14efc21363fd605508404cf1ff,2026-09-27T20:25:00Z,BetRivers,2026-09-24T19:58:14Z,Baltimore Ravens,Dallas Cowboys,spreads,Baltimore Ravens,-3.5,-106,0.51456311,betrivers|84cfca14efc21363fd605508404cf1ff|spreads|event,0.49031842,https://api.the-odds-api.com/v4/sports/americanfootball_nfl
2026,3,84cfca14efc21363fd605508404cf1ff,2026-09-27T20:25:00Z,BetRivers,2026-09-24T19:58:14Z,Baltimore Ravens,Dallas Cowboys,spreads,Dallas Cowboys,3.5,-115,0.53488372,betrivers|84cfca14efc21363fd605508404cf1ff|spreads|event,0.50968158,https://api.the-odds-api.com/v4/sports/americanfootball_nfl
2026,3,84cfca14efc21363fd605508404cf1ff,2026-09-27T20:25:00Z,BetRivers,2026-09-24T19:58:14Z,Baltimore Ravens,Dallas Cowboys,totals,Over,52.5,-110,0.52380952,betrivers|84cfca14efc21363fd605508404cf1ff|totals|52.5,0.5,https://api.the-odds-api.com/v4/sports/americanfootball_nfl
2026,3,84cfca14efc21363fd605508404cf1ff,2026-09-27T20:25:00Z,BetRivers,2026-09-24T19:58:14Z,Baltimore Ravens,Dallas Cowboys,totals,Under,52.5,-110,0.52380952,betrivers|84cfca14efc21363fd605508404cf1ff|totals|52.5,0.5,https://api.the-odds-api.com/v4/sports/americanfootball_nfl
2026,3,84cfca14efc21363fd605508404cf1ff,2026-09-27T20:25:00Z,BetUS,2026-09-24T19:59:06Z,Baltimore Ravens,Dallas Cowboys,h2h,Baltimore Ravens,,-180,0.64285714,betus|84cfca14efc21363fd605508404cf1ff|h2h|event,0.62110961,https://api.the-odds-api.com/v4/sports/americanfootball_nfl
2026,3,84cfca14efc21363fd605508404cf1ff,2026-09-27T20:25:00Z,BetUS,2026-09-24T19:59:06Z,Baltimore Ravens,Dallas Cowboys,h2h,Dallas Cowboys,,155,0.39215686,betus|84cfca14efc21363fd605508404cf1ff|h2h|event,0.37889039,https://api.the-odds-api.com/v4/sports/americanfootball_nfl
2026,3,84cfca14efc21363fd605508404cf1ff,2026-09-27T20:25:00Z,BetUS,2026-09-24T19:59:06Z,Baltimore Ravens,Dallas Cowboys,spreads,Baltimore Ravens,-3.0,-120,0.54545455,betus|84cfca14efc21363fd605508404cf1ff|spreads|event,0.52173913,https://api.the-odds-api.com/v4/sports/americanfootball_nfl
2026,3,84cfca14efc21363fd605508404cf1ff,2026-09-27T20:25:00Z,BetUS,2026-09-24T19:59:06Z,Baltimore Ravens,Dallas Cowboys,spreads,Dallas Cowboys,3.0,100,0.5,betus|84cfca14efc21363fd605508404cf1ff|spreads|event,0.47826087,https://api.the-odds-api.com/v4/sports/americanfootball_nfl
2026,3,84cfca14efc21363fd605508404cf1ff,2026-09-27T20:25:00Z,BetUS,2026-09-24T19:59:06Z,Baltimore Ravens,Dallas Cowboys,totals,Over,52.5,-110,0.52380952,betus|84cfca14efc21363fd605508404cf1ff|totals|52.5,0.5,https://api.the-odds-api.com/v4/sports/americanfootball_nfl
2026,3,84cfca14efc21363fd605508404cf1ff,2026-09-27T20:25:00Z,BetUS,2026-09-24T19:59:06Z,Baltimore Ravens,Dallas Cowboys,totals,Under,52.5,-110,0.52380952,betus|84cfca14efc21363fd605508404cf1ff|totals|52.5,0.5,https://api.the-odds-api.com/v4/sports/americanfootball_nfl
2026,3,84cfca14efc21363fd605508404cf1ff,2026-09-27T20:25:00Z,MyBookie.ag,2026-09-24T19:57:58Z,Baltimore Ravens,Dallas Cowboys,h2h,Baltimore Ravens,,-187,0.65156794,mybookieag|84cfca14efc21363fd605508404cf1ff|h2h|event,0.61387364,https://api.the-odds-api.com/v4/sports/americanfootball_nfl
2026,3,84cfca14efc21363fd605508404cf1ff,2026-09-27T20:25:00Z,MyBookie.ag,2026-09-24T19:57:58Z,Baltimore Ravens,Dallas Cowboys,h2h,Dallas Cowboys,,144,0.40983607,mybookieag|84cfca14efc21363fd605508404cf1ff|h2h|event,0.38612636,https://api.the-odds-api.com/v4/sports/americanfootball_nfl
2026,3,84cfca14efc21363fd605508404cf1ff,2026-09-27T20:25:00Z,MyBookie.ag,2026-09-24T19:57:58Z,Baltimore Ravens,Dallas Cowboys,spreads,Baltimore Ravens,-3.0,-120,0.54545455,mybookieag|84cfca14efc21363fd605508404cf1ff|spreads|event,0.52173913,https://api.the-odds-api.com/v4/sports/americanfootball_nfl
2026,3,84cfca14efc21363fd605508404cf1ff,2026-09-27T20:25:00Z,MyBookie.ag,2026-09-24T19:57:58Z,Baltimore Ravens,Dallas Cowboys,spreads,Dallas Cowboys,3.0,100,0.5,mybookieag|84cfca14efc21363fd605508404cf1ff|spreads|event,0.47826087,https://api.the-odds-api.com/v4/sports/americanfootball_nfl
2026,3,84cfca14efc21363fd605508404cf1ff,2026-09-27T20:25:00Z,MyBookie.ag,2026-09-24T19:57:58Z,Baltimore Ravens,Dallas Cowboys,totals,Over,52.5,-110,0.52380952,mybookieag|84cfca14efc21363fd605508404cf1ff|totals|52.5,0.5,https://api.the-odds-api.com/v4/sports/americanfootball_nfl
2026,3,84cfca14efc21363fd605508404cf1ff,2026-09-27T20:25:00Z,MyBookie.ag,2026-09-24T19:57:58Z,Baltimore Ravens,Dallas Cowboys,totals,Under,52.5,-110,0.52380952,mybookieag|84cfca14efc21363fd605508404cf1ff|totals|52.5,0.5,https://api.the-odds-api.com/v4/sports/americanfootball_nfl
2026,3,84cfca14efc21363fd605508404cf1ff,2026-09-27T20:25:00Z,LowVig.ag,2026-09-24T19:59:07Z,Baltimore Ravens,Dallas Cowboys,h2h,Baltimore Ravens,,-185,0.64912281,lowvig|84cfca14efc21363fd605508404cf1ff|h2h|event,0.62883376,https://api.the-odds-api.com/v4/sports/americanfootball_nfl
2026,3,84cfca14efc21363fd605508404cf1ff,2026-09-27T20:25:00Z,LowVig.ag,2026-09-24T19:59:07Z,Baltimore Ravens,Dallas Cowboys,h2h,Dallas Cowboys,,161,0.38314176,lowvig|84cfca14efc21363fd605508404cf1ff|h2h|event,0.37116624,https://api.the-odds-api.com/v4/sports/americanfootball_nfl
2026,3,84cfca14efc21363fd605508404cf1ff,2026-09-27T20:25:00Z,LowVig.ag,2026-09-24T19:59:07Z,Baltimore Ravens,Dallas Cowboys,spreads,Baltimore Ravens,-3.5,100,0.5,lowvig|84cfca14efc21363fd605508404cf1ff|spreads|event,0.48837209,https://api.the-odds-api.com/v4/sports/americanfootball_nfl
2026,3,84cfca14efc21363fd605508404cf1ff,2026-09-27T20:25:00Z,LowVig.ag,2026-09-24T19:59:07Z,Baltimore Ravens,Dallas Cowboys,spreads,Dallas Cowboys,3.5,-110,0.52380952,lowvig|84cfca14efc21363fd605508404cf1ff|spreads|event,0.51162791,https://api.the-odds-api.com/v4/sports/americanfootball_nfl
2026,3,84cfca14efc21363fd605508404cf1ff,2026-09-27T20:25:00Z,LowVig.ag,2026-09-24T19:59:07Z,Baltimore Ravens,Dallas Cowboys,totals,Over,52.5,-107,0.51690821,lowvig|84cfca14efc21363fd605508404cf1ff|totals|52.5,0.5,https://api.the-odds-api.com/v4/sports/americanfootball_nfl
2026,3,84cfca14efc21363fd605508404cf1ff,2026-09-27T20:25:00Z,LowVig.ag,2026-09-24T19:59:07Z,Baltimore Ravens,Dallas Cowboys,totals,Under,52.5,-107,0.51690821,lowvig|84cfca14efc21363fd605508404cf1ff|totals|52.5,0.5,https://api.the-odds-api.com/v4/sports/americanfootball_nfl
2026,3,84cfca14efc21363fd605508404cf1ff,2026-09-27T20:25:00Z,BetOnline.ag,2026-09-24T19:58:15Z,Baltimore Ravens,Dallas Cowboys,h2h,Baltimore Ravens,,-185,0.64912281,betonlineag|84cfca14efc21363fd605508404cf1ff|h2h|event,0.62883376,https://api.the-odds-api.com/v4/sports/americanfootball_nfl
2026,3,84cfca14efc21363fd605508404cf1ff,2026-09-27T20:25:00Z,BetOnline.ag,2026-09-24T19:58:15Z,Baltimore Ravens,Dallas Cowboys,h2h,Dallas Cowboys,,161,0.38314176,betonlineag|84cfca14efc21363fd605508404cf1ff|h2h|event,0.37116624,https://api.the-odds-api.com/v4/sports/americanfootball_nfl
2026,3,84cfca14efc21363fd605508404cf1ff,2026-09-27T20:25:00Z,BetOnline.ag,2026-09-24T19:58:15Z,Baltimore Ravens,Dallas Cowboys,spreads,Baltimore Ravens,-3.0,-123,0.55156951,betonlineag|84cfca14efc21363fd605508404cf1ff|spreads|event,0.52823203,https://api.the-odds-api.com/v4/sports/americanfootball_nfl
2026,3,84cfca14efc21363fd605508404cf1ff,2026-09-27T20:25:00Z,BetOnline.ag,2026-09-24T19:58:15Z,Baltimore Ravens,Dallas Cowboys,spreads,Dallas Cowboys,3.0,103,0.49261084,betonlineag|84cfca14efc21363fd605508404cf1ff|spreads|event,0.47176797,https://api.the-odds-api.com/v4/sports/americanfootball_nfl
2026,3,84cfca14efc21363fd605508404cf1ff,2026-09-27T20:25:00Z,BetOnline.ag,2026-09-24T19:58:15Z,Baltimore Ravens,Dallas Cowboys,totals,Over,52.5,-110,0.52380952,betonlineag|84cfca14efc21363fd605508404cf1ff|totals|52.5,0.5,https://api.the-odds-api.com/v4/sports/americanfootball_nfl
2026,3,84cfca14efc21363fd605508404cf1ff,2026-09-27T20:25:00Z,BetOnline.ag,2026-09-24T19:58:15Z,Baltimore Ravens,Dallas Cowboys,totals,Under,52.5,-110,0.52380952,betonlineag|84cfca14efc21363fd605508404cf1ff|totals|52.5,0.5,https://api.the-odds-api.com/v4/sports/americanfootball_nfl
2026,3,2e523fcb0497aa689473e290eb2b97de,2026-09-27T20:25:00Z,DraftKings,2026-09-24T19:58:31Z,Las Vegas Raiders,New Orleans Saints,h2h,Las Vegas Raiders,,154,0.39370079,draftkings|2e523fcb0497aa689473e290eb2b97de|h2h|event,0.37753345,https://api.the-odds-api.com/v4/sports/americanfootball_nfl
2026,3,2e523fcb0497aa689473e290eb2b97de,2026-09-27T20:25:00Z,DraftKings,2026-09-24T19:58:31Z,Las Vegas Raiders,New Orleans Saints,h2h,New Orleans Saints,,-185,0.64912281,draftkings|2e523fcb0497aa689473e290eb2b97de|h2h|event,0.62246655,https://api.the-odds-api.com/v4/sports/americanfootball_nfl
2026,3,2e523fcb0497aa689473e290eb2b97de,2026-09-27T20:25:00Z,DraftKings,2026-09-24T19:58:31Z,Las Vegas Raiders,New Orleans Saints,spreads,Las Vegas Raiders,3.0,102,0.4950495,draftkings|2e523fcb0497aa689473e290eb2b97de|spreads|event,0.47391341,https://api.the-odds-api.com/v4/sports/americanfootball_nfl
2026,3,2e523fcb0497aa689473e290eb2b97de,2026-09-27T20:25:00Z,DraftKings,2026-09-24T19:58:31Z,Las Vegas Raiders,New Orleans Saints,spreads,New Orleans Saints,-3.0,-122,0.54954955,draftkings|2e523fcb0497aa689473e290eb2b97de|spreads|event,0.52608659,https://api.the-odds-api.com/v4/sports/americanfootball_nfl
2026,3,2e523fcb0497aa689473e290eb2b97de,2026-09-27T20:25:00Z,DraftKings,2026-09-24T19:58:31Z,Las Vegas Raiders,New Orleans Saints,totals,Over,43.5,-110,0.52380952,draftkings|2e523fcb0497aa689473e290eb2b97de|totals|43.5,0.5,https://api.the-odds-api.com/v4/sports/americanfootball_nfl
2026,3,2e523fcb0497aa689473e290eb2b97de,2026-09-27T20:25:00Z,DraftKings,2026-09-24T19:58:31Z,Las Vegas Raiders,New Orleans Saints,totals,Under,43.5,-110,0.52380952,draftkings|2e523fcb0497aa689473e290eb2b97de|totals|43.5,0.5,https://api.the-odds-api.com/v4/sports/americanfootball_nfl
2026,3,2e523fcb0497aa689473e290eb2b97de,2026-09-27T20:25:00Z,BetUS,2026-09-24T19:59:06Z,Las Vegas Raiders,New Orleans Saints,h2h,Las Vegas Raiders,,150,0.4,betus|2e523fcb0497aa689473e290eb2b97de|h2h|event,0.38596491,https://api.the-odds-api.com/v4/sports/americanfootball_nfl
2026,3,2e523fcb0497aa689473e290eb2b97de,2026-09-27T20:25:00Z,BetUS,2026-09-24T19:59:06Z,Las Vegas Raiders,New Orleans Saints,h2h,New Orleans Saints,,-175,0.63636364,betus|2e523fcb0497aa689473e290eb2b97de|h2h|event,0.61403509,https://api.the-odds-api.com/v4/sports/americanfootball_nfl
2026,3,2e523fcb0497aa689473e290eb2b97de,2026-09-27T20:25:00Z,BetUS,2026-09-24T19:59:06Z,Las Vegas Raiders,New Orleans Saints,spreads,Las Vegas Raiders,3.0,100,0.5,betus|2e523fcb0497aa689473e290eb2b97de|spreads|event,0.47826087,https://api.the-odds-api.com/v4/sports/americanfootball_nfl
2026,3,2e523fcb0497aa689473e290eb2b97de,2026-09-27T20:25:00Z,BetUS,2026-09-24T19:59:06Z,Las Vegas Raiders,New Orleans Saints,spreads,New Orleans Saints,-3.0,-120,0.54545455,betus|2e523fcb0497aa689473e290eb2b97de|spreads|event,0.52173913,https://api.the-odds-api.com/v4/sports/americanfootball_nfl
2026,3,2e523fcb0497aa689473e290eb2b97de,2026-09-27T20:25:00Z,BetUS,2026-09-24T19:59:06Z,Las Vegas Raiders,New Orleans Saints,totals,Over,43.5,-110,0.52380952,betus|2e523fcb0497aa689473e290eb2b97de|totals|43.5,0.5,https://api.the-odds-api.com/v4/sports/americanfootball_nfl
2026,3,2e523fcb0497aa689473e290eb2b97de,2026-09-27T20:25:00Z,BetUS,2026-09-24T19:59:06Z,Las Vegas Raiders,New Orleans Saints,totals,Under,43.5,-110,0.52380952,betus|2e523fcb0497aa689473e290eb2b97de|totals|43.5,0.5,https://api.the-odds-api.com/v4/sports/americanfootball_nfl
2026,3,2e523fcb0497aa689473e290eb2b97de,2026-09-27T20:25:00Z,FanDuel,2026-09-24T19:59:06Z,Las Vegas Raiders,New Orleans Saints,h2h,Las Vegas Raiders,,144,0.40983607,fanduel|2e523fcb0497aa689473e290eb2b97de|h2h|event,0.39324543,https://api.the-odds-api.com/v4/sports/americanfootball_nfl
2026,3,2e523fcb0497aa689473e290eb2b97de,2026-09-27T20:25:00Z,FanDuel,2026-09-24T19:59:06Z,Las Vegas Raiders,New Orleans Saints,h2h,New Orleans Saints,,-172,0.63235294,fanduel|2e523fcb0497aa689473e290eb2b97de|h2h|event,0.60675457,https://api.the-odds-api.com/v4/sports/americanfootball_nfl
2026,3,2e523fcb0497aa689473e290eb2b97de,2026-09-27T20:25:00Z,FanDuel,2026-09-24T19:59:06Z,Las Vegas Raiders,New Orleans Saints,spreads,Las Vegas Raiders,3.0,-108,0.51923077,fanduel|2e523fcb0497aa689473e290eb2b97de|spreads|event,0.49567024,https://api.the-odds-api.com/v4/sports/americanfootball_nfl
2026,3,2e523fcb0497aa689473e290eb2b97de,2026-09-27T20:25:00Z,FanDuel,2026-09-24T19:59:06Z,Las Vegas Raiders,New Orleans Saints,spreads,New Orleans Saints,-3.0,-112,0.52830189,fanduel|2e523fcb0497aa689473e290eb2b97de|spreads|event,0.50432976,https://api.the-odds-api.com/v4/sports/americanfootball_nfl
2026,3,2e523fcb0497aa689473e290eb2b97de,2026-09-27T20:25:00Z,FanDuel,2026-09-24T19:59:06Z,Las Vegas Raiders,New Orleans Saints,totals,Over,43.5,-115,0.53488372,fanduel|2e523fcb0497aa689473e290eb2b97de|totals|43.5,0.51083424,https://api.the-odds-api.com/v4/sports/americanfootball_nfl
2026,3,2e523fcb0497aa689473e290eb2b97de,2026-09-27T20:25:00Z,FanDuel,2026-09-24T19:59:06Z,Las Vegas Raiders,New Orleans Saints,totals,Under,43.5,-105,0.51219512,fanduel|2e523fcb0497aa689473e290eb2b97de|totals|43.5,0.48916576,https://api.the-odds-api.com/v4/sports/americanfootball_nfl
2026,3,2e523fcb0497aa689473e290eb2b97de,2026-09-27T20:25:00Z,BetRivers,2026-09-24T19:58:14Z,Las Vegas Raiders,New Orleans Saints,h2h,Las Vegas Raiders,,145,0.40816327,betrivers|2e523fcb0497aa689473e290eb2b97de|h2h|event,0.389784,https://api.the-odds-api.com/v4/sports/americanfootball_nfl
2026,3,2e523fcb0497aa689473e290eb2b97de,2026-09-27T20:25:00Z,BetRivers,2026-09-24T19:58:14Z,Las Vegas Raiders,New Orleans Saints,h2h,New Orleans Saints,,-177,0.63898917,betrivers|2e523fcb0497aa689473e290eb2b97de|h2h|event,0.610216,https://api.the-odds-api.com/v4/sports/americanfootball_nfl
2026,3,2e523fcb0497aa689473e290eb2b97de,2026-09-27T20:25:00Z,BetRivers,2026-09-24T19:58:14Z,Las Vegas Raiders,New Orleans Saints,spreads,Las Vegas Raiders,3.0,-106,0.51456311,betrivers|2e523fcb0497aa689473e290eb2b97de|spreads|event,0.49031842,https://api.the-odds-api.com/v4/sports/americanfootball_nfl
2026,3,2e523fcb0497aa689473e290eb2b97de,2026-09-27T20:25:00Z,BetRivers,2026-09-24T19:58:14Z,Las Vegas Raiders,New Orleans Saints,spreads,New Orleans Saints,-3.0,-115,0.53488372,betrivers|2e523fcb0497aa689473e290eb2b97de|spreads|event,0.50968158,https://api.the-odds-api.com/v4/sports/americanfootball_nfl
2026,3,2e523fcb0497aa689473e290eb2b97de,2026-09-27T20:25:00Z,BetRivers,2026-09-24T19:58:14Z,Las Vegas Raiders,New Orleans Saints,totals,Over,43.5,-114,0.53271028,betrivers|2e523fcb0497aa689473e290eb2b97de|totals|43.5,0.50752753,https://api.the-odds-api.com/v4/sports/americanfootball_nfl
2026,3,2e523fcb0497aa689473e290eb2b97de,2026-09-27T20:25:00Z,BetRivers,2026-09-24T19:58:14Z,Las Vegas Raiders,New Orleans Saints,totals,Under,43.5,-107,0.51690821,betrivers|2e523fcb0497aa689473e290eb2b97de|totals|43.5,0.49247247,https://api.the-odds-api.com/v4/sports/americanfootball_nfl
2026,3,2e523fcb0497aa689473e290eb2b97de,2026-09-27T20:25:00Z,LowVig.ag,2026-09-24T19:59:07Z,Las Vegas Raiders,New Orleans Saints,h2h,Las Vegas Raiders,,153,0.39525692,lowvig|2e523fcb0497aa689473e290eb2b97de|h2h|event,0.38314176,https://api.the-odds-api.com/v4/sports/americanfootball_nfl
2026,3,2e523fcb0497aa689473e290eb2b97de,2026-09-27T20:25:00Z,LowVig.ag,2026-09-24T19:59:07Z,Las Vegas Raiders,New Orleans Saints,h2h,New Orleans Saints,,-175,0.63636364,lowvig|2e523fcb0497aa689473e290eb2b97de|h2h|event,0.61685824,https://api.the-odds-api.com/v4/sports/americanfootball_nfl
2026,3,2e523fcb0497aa689473e290eb2b97de,2026-09-27T20:25:00Z,LowVig.ag,2026-09-24T19:59:07Z,Las Vegas Raiders,New Orleans Saints,spreads,Las Vegas Raiders,3.5,-118,0.5412844,lowvig|2e523fcb0497aa689473e290eb2b97de|spreads|event,0.52840393,https://api.the-odds-api.com/v4/sports/americanfootball_nfl
2026,3,2e523fcb0497aa689473e290eb2b97de,2026-09-27T20:25:00Z,LowVig.ag,2026-09-24T19:59:07Z,Las Vegas Raiders,New Orleans Saints,spreads,New Orleans Saints,-3.5,107,0.48309179,lowvig|2e523fcb0497aa689473e290eb2b97de|spreads|event,0.47159607,https://api.the-odds-api.com/v4/sports/americanfootball_nfl
2026,3,2e523fcb0497aa689473e290eb2b97de,2026-09-27T20:25:00Z,LowVig.ag,2026-09-24T19:59:07Z,Las Vegas Raiders,New Orleans Saints,totals,Over,43.5,-107,0.51690821,lowvig|2e523fcb0497aa689473e290eb2b97de|totals|43.5,0.5,https://api.the-odds-api.com/v4/sports/americanfootball_nfl
2026,3,2e523fcb0497aa689473e290eb2b97de,2026-09-27T20:25:00Z,LowVig.ag,2026-09-24T19:59:07Z,Las Vegas Raiders,New Orleans Saints,totals,Under,43.5,-107,0.51690821,lowvig|2e523fcb0497aa689473e290eb2b97de|totals|43.5,0.5,https://api.the-odds-api.com/v4/sports/americanfootball_nfl
2026,3,2e523fcb0497aa689473e290eb2b97de,2026-09-27T20:25:00Z,BetOnline.ag,2026-09-24T19:58:15Z,Las Vegas Raiders,New Orleans Saints,h2h,Las Vegas Raiders,,153,0.39525692,betonlineag|2e523fcb0497aa689473e290eb2b97de|h2h|event,0.38314176,https://api.the-odds-api.com/v4/sports/americanfootball_nfl
2026,3,2e523fcb0497aa689473e290eb2b97de,2026-09-27T20:25:00Z,BetOnline.ag,2026-09-24T19:58:15Z,Las Vegas Raiders,New Orleans Saints,h2h,New Orleans Saints,,-175,0.63636364,betonlineag|2e523fcb0497aa689473e290eb2b97de|h2h|event,0.61685824,https://api.the-odds-api.com/v4/sports/americanfootball_nfl
2026,3,2e523fcb0497aa689473e290eb2b97de,2026-09-27T20:25:00Z,BetOnline.ag,2026-09-24T19:58:15Z,Las Vegas Raiders,New Orleans Saints,spreads,Las Vegas Raiders,3.0,100,0.5,betonlineag|2e523fcb0497aa689473e290eb2b97de|spreads|event,0.47826087,https://api.the-odds-api.com/v4/sports/americanfootball_nfl
2026,3,2e523fcb0497aa689473e290eb2b97de,2026-09-27T20:25:00Z,BetOnline.ag,2026-09-24T19:58:15Z,Las Vegas Raiders,New Orleans Saints,spreads,New Orleans Saints,-3.0,-120,0.54545455,betonlineag|2e523fcb0497aa689473e290eb2b97de|spreads|event,0.52173913,https://api.the-odds-api.com/v4/sports/americanfootball_nfl
2026,3,2e523fcb0497aa689473e290eb2b97de,2026-09-27T20:25:00Z,BetOnline.ag,2026-09-24T19:58:15Z,Las Vegas Raiders,New Orleans Saints,totals,Over,43.5,-110,0.52380952,betonlineag|2e523fcb0497aa689473e290eb2b97de|totals|43.5,0.5,https://api.the-odds-api.com/v4/sports/americanfootball_nfl
2026,3,2e523fcb0497aa689473e290eb2b97de,2026-09-27T20:25:00Z,BetOnline.ag,2026-09-24T19:58:15Z,Las Vegas Raiders,New Orleans Saints,totals,Under,43.5,-110,0.52380952,betonlineag|2e523fcb0497aa689473e290eb2b97de|totals|43.5,0.5,https://api.the-odds-api.com/v4/sports/americanfootball_nfl
2026,3,2e523fcb0497aa689473e290eb2b97de,2026-09-27T20:25:00Z,MyBookie.ag,2026-09-24T19:57:58Z,Las Vegas Raiders,New Orleans Saints,h2h,Las Vegas Raiders,,144,0.40983607,mybookieag|2e523fcb0497aa689473e290eb2b97de|h2h|event,0.38701793,https://api.the-odds-api.com/v4/sports/americanfootball_nfl
2026,3,2e523fcb0497aa689473e290eb2b97de,2026-09-27T20:25:00Z,MyBookie.ag,2026-09-24T19:57:58Z,Las Vegas Raiders,New Orleans Saints,h2h,New Orleans Saints,,-185,0.64912281,mybookieag|2e523fcb0497aa689473e290eb2b97de|h2h|event,0.61298207,https://api.the-odds-api.com/v4/sports/americanfootball_nfl
2026,3,2e523fcb0497aa689473e290eb2b97de,2026-09-27T20:25:00Z,MyBookie.ag,2026-09-24T19:57:58Z,Las Vegas Raiders,New Orleans Saints,spreads,Las Vegas Raiders,3.5,-120,0.54545455,mybookieag|2e523fcb0497aa689473e290eb2b97de|spreads|event,0.52173913,https://api.the-odds-api.com/v4/sports/americanfootball_nfl
2026,3,2e523fcb0497aa689473e290eb2b97de,2026-09-27T20:25:00Z,MyBookie.ag,2026-09-24T19:57:58Z,Las Vegas Raiders,New Orleans Saints,spreads,New Orleans Saints,-3.5,100,0.5,mybookieag|2e523fcb0497aa689473e290eb2b97de|spreads|event,0.47826087,https://api.the-odds-api.com/v4/sports/americanfootball_nfl
2026,3,2e523fcb0497aa689473e290eb2b97de,2026-09-27T20:25:00Z,MyBookie.ag,2026-09-24T19:57:58Z,Las Vegas Raiders,New Orleans Saints,totals,Over,44.0,-110,0.52380952,mybookieag|2e523fcb0497aa689473e290eb2b97de|totals|44.0,0.5,https://api.the-odds-api.com/v4/sports/americanfootball_nfl
2026,3,2e523fcb0497aa689473e290eb2b97de,2026-09-27T20:25:00Z,MyBookie.ag,2026-09-24T19:57:58Z,Las Vegas Raiders,New Orleans Saints,totals,Under,44.0,-110,0.52380952,mybookieag|2e523fcb0497aa689473e290eb2b97de|totals|44.0,0.5,https://api.the-odds-api.com/v4/sports/americanfootball_nfl
2026,3,2e523fcb0497aa689473e290eb2b97de,2026-09-27T20:25:00Z,BetMGM,2026-09-24T19:58:17Z,Las Vegas Raiders,New Orleans Saints,h2h,Las Vegas Raiders,,145,0.40816327,betmgm|2e523fcb0497aa689473e290eb2b97de|h2h|event,0.39076377,https://api.the-odds-api.com/v4/sports/americanfootball_nfl
2026,3,2e523fcb0497aa689473e290eb2b97de,2026-09-27T20:25:00Z,BetMGM,2026-09-24T19:58:17Z,Las Vegas Raiders,New Orleans Saints,h2h,New Orleans Saints,,-175,0.63636364,betmgm|2e523fcb0497aa689473e290eb2b97de|h2h|event,0.60923623,https://api.the-odds-api.com/v4/sports/americanfootball_nfl
2026,3,2e523fcb0497aa689473e290eb2b97de,2026-09-27T20:25:00Z,BetMGM,2026-09-24T19:58:17Z,Las Vegas Raiders,New Orleans Saints,spreads,Las Vegas Raiders,3.0,-102,0.5049505,betmgm|2e523fcb0497aa689473e290eb2b97de|spreads|event,0.48560673,https://api.the-odds-api.com/v4/sports/americanfootball_nfl
2026,3,2e523fcb0497aa689473e290eb2b97de,2026-09-27T20:25:00Z,BetMGM,2026-09-24T19:58:17Z,Las Vegas Raiders,New Orleans Saints,spreads,New Orleans Saints,-3.0,-115,0.53488372,betmgm|2e523fcb0497aa689473e290eb2b97de|spreads|event,0.51439327,https://api.the-odds-api.com/v4/sports/americanfootball_nfl
2026,3,2e523fcb0497aa689473e290eb2b97de,2026-09-27T20:25:00Z,BetMGM,2026-09-24T19:58:17Z,Las Vegas Raiders,New Orleans Saints,totals,Over,43.5,-110,0.52380952,betmgm|2e523fcb0497aa689473e290eb2b97de|totals|43.5,0.50219491,https://api.the-odds-api.com/v4/sports/americanfootball_nfl
2026,3,2e523fcb0497aa689473e290eb2b97de,2026-09-27T20:25:00Z,BetMGM,2026-09-24T19:58:17Z,Las Vegas Raiders,New Orleans Saints,totals,Under,43.5,-108,0.51923077,betmgm|2e523fcb0497aa689473e290eb2b97de|totals|43.5,0.49780509,https://api.the-odds-api.com/v4/sports/americanfootball_nfl
2026,3,3bfd8bfb4b8e9a365a0877879b73b16b,2026-09-28T00:20:00Z,DraftKings,2026-09-24T19:58:31Z,Los Angeles Rams,Denver Broncos,h2h,Denver Broncos,,114,0.46728972,draftkings|3bfd8bfb4b8e9a365a0877879b73b16b|h2h|event,0.44855888,https://api.the-odds-api.com/v4/sports/americanfootball_nfl
2026,3,3bfd8bfb4b8e9a365a0877879b73b16b,2026-09-28T00:20:00Z,DraftKings,2026-09-24T19:58:31Z,Los Angeles Rams,Denver Broncos,h2h,Los Angeles Rams,,-135,0.57446809,draftkings|3bfd8bfb4b8e9a365a0877879b73b16b|h2h|event,0.55144112,https://api.the-odds-api.com/v4/sports/americanfootball_nfl
2026,3,3bfd8bfb4b8e9a365a0877879b73b16b,2026-09-28T00:20:00Z,DraftKings,2026-09-24T19:58:31Z,Los Angeles Rams,Denver Broncos,spreads,Denver Broncos,2.5,-110,0.52380952,draftkings|3bfd8bfb4b8e9a365a0877879b73b16b|spreads|event,0.5,https://api.the-odds-api.com/v4/sports/americanfootball_nfl
2026,3,3bfd8bfb4b8e9a365a0877879b73b16b,2026-09-28T00:20:00Z,DraftKings,2026-09-24T19:58:31Z,Los Angeles Rams,Denver Broncos,spreads,Los Angeles Rams,-2.5,-110,0.52380952,draftkings|3bfd8bfb4b8e9a365a0877879b73b16b|spreads|event,0.5,https://api.the-odds-api.com/v4/sports/americanfootball_nfl
2026,3,3bfd8bfb4b8e9a365a0877879b73b16b,2026-09-28T00:20:00Z,DraftKings,2026-09-24T19:58:31Z,Los Angeles Rams,Denver Broncos,totals,Over,44.5,-115,0.53488372,draftkings|3bfd8bfb4b8e9a365a0877879b73b16b|totals|44.5,0.51083424,https://api.the-odds-api.com/v4/sports/americanfootball_nfl
2026,3,3bfd8bfb4b8e9a365a0877879b73b16b,2026-09-28T00:20:00Z,DraftKings,2026-09-24T19:58:31Z,Los Angeles Rams,Denver Broncos,totals,Under,44.5,-105,0.51219512,draftkings|3bfd8bfb4b8e9a365a0877879b73b16b|totals|44.5,0.48916576,https://api.the-odds-api.com/v4/sports/americanfootball_nfl
2026,3,3bfd8bfb4b8e9a365a0877879b73b16b,2026-09-28T00:20:00Z,BetUS,2026-09-24T19:59:06Z,Los Angeles Rams,Denver Broncos,h2h,Denver Broncos,,120,0.45454545,betus|3bfd8bfb4b8e9a365a0877879b73b16b|h2h|event,0.4379562,https://api.the-odds-api.com/v4/sports/americanfootball_nfl
2026,3,3bfd8bfb4b8e9a365a0877879b73b16b,2026-09-28T00:20:00Z,BetUS,2026-09-24T19:59:06Z,Los Angeles Rams,Denver Broncos,h2h,Los Angeles Rams,,-140,0.58333333,betus|3bfd8bfb4b8e9a365a0877879b73b16b|h2h|event,0.5620438,https://api.the-odds-api.com/v4/sports/americanfootball_nfl
2026,3,3bfd8bfb4b8e9a365a0877879b73b16b,2026-09-28T00:20:00Z,BetUS,2026-09-24T19:59:06Z,Los Angeles Rams,Denver Broncos,spreads,Denver Broncos,2.0,100,0.5,betus|3bfd8bfb4b8e9a365a0877879b73b16b|spreads|event,0.47826087,https://api.the-odds-api.com/v4/sports/americanfootball_nfl
2026,3,3bfd8bfb4b8e9a365a0877879b73b16b,2026-09-28T00:20:00Z,BetUS,2026-09-24T19:59:06Z,Los Angeles Rams,Denver Broncos,spreads,Los Angeles Rams,-2.0,-120,0.54545455,betus|3bfd8bfb4b8e9a365a0877879b73b16b|spreads|event,0.52173913,https://api.the-odds-api.com/v4/sports/americanfootball_nfl
2026,3,3bfd8bfb4b8e9a365a0877879b73b16b,2026-09-28T00:20:00Z,BetUS,2026-09-24T19:59:06Z,Los Angeles Rams,Denver Broncos,totals,Over,44.5,-110,0.52380952,betus|3bfd8bfb4b8e9a365a0877879b73b16b|totals|44.5,0.5,https://api.the-odds-api.com/v4/sports/americanfootball_nfl
2026,3,3bfd8bfb4b8e9a365a0877879b73b16b,2026-09-28T00:20:00Z,BetUS,2026-09-24T19:59:06Z,Los Angeles Rams,Denver Broncos,totals,Under,44.5,-110,0.52380952,betus|3bfd8bfb4b8e9a365a0877879b73b16b|totals|44.5,0.5,https://api.the-odds-api.com/v4/sports/americanfootball_nfl
2026,3,3bfd8bfb4b8e9a365a0877879b73b16b,2026-09-28T00:20:00Z,FanDuel,2026-09-24T19:59:06Z,Los Angeles Rams,Denver Broncos,h2h,Denver Broncos,,114,0.46728972,fanduel|3bfd8bfb4b8e9a365a0877879b73b16b|h2h|event,0.44934327,https://api.the-odds-api.com/v4/sports/americanfootball_nfl
2026,3,3bfd8bfb4b8e9a365a0877879b73b16b,2026-09-28T00:20:00Z,FanDuel,2026-09-24T19:59:06Z,Los Angeles Rams,Denver Broncos,h2h,Los Angeles Rams,,-134,0.57264957,fanduel|3bfd8bfb4b8e9a365a0877879b73b16b|h2h|event,0.55065673,https://api.the-odds-api.com/v4/sports/americanfootball_nfl
2026,3,3bfd8bfb4b8e9a365a0877879b73b16b,2026-09-28T00:20:00Z,FanDuel,2026-09-24T19:59:06Z,Los Angeles Rams,Denver Broncos,spreads,Denver Broncos,2.5,-110,0.52380952,fanduel|3bfd8bfb4b8e9a365a0877879b73b16b|spreads|event,0.5,https://api.the-odds-api.com/v4/sports/americanfootball_nfl
2026,3,3bfd8bfb4b8e9a365a0877879b73b16b,2026-09-28T00:20:00Z,FanDuel,2026-09-24T19:59:06Z,Los Angeles Rams,Denver Broncos,spreads,Los Angeles Rams,-2.5,-110,0.52380952,fanduel|3bfd8bfb4b8e9a365a0877879b73b16b|spreads|event,0.5,https://api.the-odds-api.com/v4/sports/americanfootball_nfl
2026,3,3bfd8bfb4b8e9a365a0877879b73b16b,2026-09-28T00:20:00Z,FanDuel,2026-09-24T19:59:06Z,Los Angeles Rams,Denver Broncos,totals,Over,44.5,-110,0.52380952,fanduel|3bfd8bfb4b8e9a365a0877879b73b16b|totals|44.5,0.5,https://api.the-odds-api.com/v4/sports/americanfootball_nfl
2026,3,3bfd8bfb4b8e9a365a0877879b73b16b,2026-09-28T00:20:00Z,FanDuel,2026-09-24T19:59:06Z,Los Angeles Rams,Denver Broncos,totals,Under,44.5,-110,0.52380952,fanduel|3bfd8bfb4b8e9a365a0877879b73b16b|totals|44.5,0.5,https://api.the-odds-api.com/v4/sports/americanfootball_nfl
2026,3,3bfd8bfb4b8e9a365a0877879b73b16b,2026-09-28T00:20:00Z,BetRivers,2026-09-24T19:58:14Z,Los Angeles Rams,Denver Broncos,h2h,Denver Broncos,,115,0.46511628,betrivers|3bfd8bfb4b8e9a365a0877879b73b16b|h2h|event,0.44436181,https://api.the-odds-api.com/v4/sports/americanfootball_nfl
2026,3,3bfd8bfb4b8e9a365a0877879b73b16b,2026-09-28T00:20:00Z,BetRivers,2026-09-24T19:58:14Z,Los Angeles Rams,Denver Broncos,h2h,Los Angeles Rams,,-139,0.58158996,betrivers|3bfd8bfb4b8e9a365a0877879b73b16b|h2h|event,0.55563819,https://api.the-odds-api.com/v4/sports/americanfootball_nfl
2026,3,3bfd8bfb4b8e9a365a0877879b73b16b,2026-09-28T00:20:00Z,BetRivers,2026-09-24T19:58:14Z,Los Angeles Rams,Denver Broncos,spreads,Denver Broncos,2.5,-106,0.51456311,betrivers|3bfd8bfb4b8e9a365a0877879b73b16b|spreads|event,0.49031842,https://api.the-odds-api.com/v4/sports/americanfootball_nfl
2026,3,3bfd8bfb4b8e9a365a0877879b73b16b,2026-09-28T00:20:00Z,BetRivers,2026-09-24T19:58:14Z,Los Angeles Rams,Denver Broncos,spreads,Los Angeles Rams,-2.5,-115,0.53488372,betrivers|3bfd8bfb4b8e9a365a0877879b73b16b|spreads|event,0.50968158,https://api.the-odds-api.com/v4/sports/americanfootball_nfl
2026,3,3bfd8bfb4b8e9a365a0877879b73b16b,2026-09-28T00:20:00Z,BetRivers,2026-09-24T19:58:14Z,Los Angeles Rams,Denver Broncos,totals,Over,45.0,-112,0.52830189,betrivers|3bfd8bfb4b8e9a365a0877879b73b16b|totals|45.0,0.5032247,https://api.the-odds-api.com/v4/sports/americanfootball_nfl
2026,3,3bfd8bfb4b8e9a365a0877879b73b16b,2026-09-28T00:20:00Z,BetRivers,2026-09-24T19:58:14Z,Los Angeles Rams,Denver Broncos,totals,Under,45.0,-109,0.5215311,betrivers|3bfd8bfb4b8e9a365a0877879b73b16b|totals|45.0,0.4967753,https://api.the-odds-api.com/v4/sports/americanfootball_nfl
2026,3,3bfd8bfb4b8e9a365a0877879b73b16b,2026-09-28T00:20:00Z,LowVig.ag,2026-09-24T19:59:07Z,Los Angeles Rams,Denver Broncos,h2h,Denver Broncos,,122,0.45045045,lowvig|3bfd8bfb4b8e9a365a0877879b73b16b|h2h|event,0.43428325,https://api.the-odds-api.com/v4/sports/americanfootball_nfl
2026,3,3bfd8bfb4b8e9a365a0877879b73b16b,2026-09-28T00:20:00Z,LowVig.ag,2026-09-24T19:59:07Z,Los Angeles Rams,Denver Broncos,h2h,Los Angeles Rams,,-142,0.58677686,lowvig|3bfd8bfb4b8e9a365a0877879b73b16b|h2h|event,0.56571675,https://api.the-odds-api.com/v4/sports/americanfootball_nfl
2026,3,3bfd8bfb4b8e9a365a0877879b73b16b,2026-09-28T00:20:00Z,LowVig.ag,2026-09-24T19:59:07Z,Los Angeles Rams,Denver Broncos,spreads,Denver Broncos,2.5,-107,0.51690821,lowvig|3bfd8bfb4b8e9a365a0877879b73b16b|spreads|event,0.50464662,https://api.the-odds-api.com/v4/sports/americanfootball_nfl
2026,3,3bfd8bfb4b8e9a365a0877879b73b16b,2026-09-28T00:20:00Z,LowVig.ag,2026-09-24T19:59:07Z,Los Angeles Rams,Denver Broncos,spreads,Los Angeles Rams,-2.5,-103,0.50738916,lowvig|3bfd8bfb4b8e9a365a0877879b73b16b|spreads|event,0.49535338,https://api.the-odds-api.com/v4/sports/americanfootball_nfl
2026,3,3bfd8bfb4b8e9a365a0877879b73b16b,2026-09-28T00:20:00Z,LowVig.ag,2026-09-24T19:59:07Z,Los Angeles Rams,Denver Broncos,totals,Over,44.5,-107,0.51690821,lowvig|3bfd8bfb4b8e9a365a0877879b73b16b|totals|44.5,0.5,https://api.the-odds-api.com/v4/sports/americanfootball_nfl
2026,3,3bfd8bfb4b8e9a365a0877879b73b16b,2026-09-28T00:20:00Z,LowVig.ag,2026-09-24T19:59:07Z,Los Angeles Rams,Denver Broncos,totals,Under,44.5,-107,0.51690821,lowvig|3bfd8bfb4b8e9a365a0877879b73b16b|totals|44.5,0.5,https://api.the-odds-api.com/v4/sports/americanfootball_nfl
2026,3,3bfd8bfb4b8e9a365a0877879b73b16b,2026-09-28T00:20:00Z,BetOnline.ag,2026-09-24T19:58:15Z,Los Angeles Rams,Denver Broncos,h2h,Denver Broncos,,122,0.45045045,betonlineag|3bfd8bfb4b8e9a365a0877879b73b16b|h2h|event,0.43428325,https://api.the-odds-api.com/v4/sports/americanfootball_nfl
2026,3,3bfd8bfb4b8e9a365a0877879b73b16b,2026-09-28T00:20:00Z,BetOnline.ag,2026-09-24T19:58:15Z,Los Angeles Rams,Denver Broncos,h2h,Los Angeles Rams,,-142,0.58677686,betonlineag|3bfd8bfb4b8e9a365a0877879b73b16b|h2h|event,0.56571675,https://api.the-odds-api.com/v4/sports/americanfootball_nfl
2026,3,3bfd8bfb4b8e9a365a0877879b73b16b,2026-09-28T00:20:00Z,BetOnline.ag,2026-09-24T19:58:15Z,Los Angeles Rams,Denver Broncos,spreads,Denver Broncos,2.5,-110,0.52380952,betonlineag|3bfd8bfb4b8e9a365a0877879b73b16b|spreads|event,0.5,https://api.the-odds-api.com/v4/sports/americanfootball_nfl
2026,3,3bfd8bfb4b8e9a365a0877879b73b16b,2026-09-28T00:20:00Z,BetOnline.ag,2026-09-24T19:58:15Z,Los Angeles Rams,Denver Broncos,spreads,Los Angeles Rams,-2.5,-110,0.52380952,betonlineag|3bfd8bfb4b8e9a365a0877879b73b16b|spreads|event,0.5,https://api.the-odds-api.com/v4/sports/americanfootball_nfl
2026,3,3bfd8bfb4b8e9a365a0877879b73b16b,2026-09-28T00:20:00Z,BetOnline.ag,2026-09-24T19:58:15Z,Los Angeles Rams,Denver Broncos,totals,Over,44.5,-110,0.52380952,betonlineag|3bfd8bfb4b8e9a365a0877879b73b16b|totals|44.5,0.5,https://api.the-odds-api.com/v4/sports/americanfootball_nfl
2026,3,3bfd8bfb4b8e9a365a0877879b73b16b,2026-09-28T00:20:00Z,BetOnline.ag,2026-09-24T19:58:15Z,Los Angeles Rams,Denver Broncos,totals,Under,44.5,-110,0.52380952,betonlineag|3bfd8bfb4b8e9a365a0877879b73b16b|totals|44.5,0.5,https://api.the-odds-api.com/v4/sports/americanfootball_nfl
2026,3,3bfd8bfb4b8e9a365a0877879b73b16b,2026-09-28T00:20:00Z,MyBookie.ag,2026-09-24T19:57:58Z,Los Angeles Rams,Denver Broncos,h2h,Denver Broncos,,112,0.47169811,mybookieag|3bfd8bfb4b8e9a365a0877879b73b16b|h2h|event,0.44492456,https://api.the-odds-api.com/v4/sports/americanfootball_nfl
2026,3,3bfd8bfb4b8e9a365a0877879b73b16b,2026-09-28T00:20:00Z,MyBookie.ag,2026-09-24T19:57:58Z,Los Angeles Rams,Denver Broncos,h2h,Los Angeles Rams,,-143,0.58847737,mybookieag|3bfd8bfb4b8e9a365a0877879b73b16b|h2h|event,0.55507544,https://api.the-odds-api.com/v4/sports/americanfootball_nfl
2026,3,3bfd8bfb4b8e9a365a0877879b73b16b,2026-09-28T00:20:00Z,MyBookie.ag,2026-09-24T19:57:58Z,Los Angeles Rams,Denver Broncos,spreads,Denver Broncos,2.5,-110,0.52380952,mybookieag|3bfd8bfb4b8e9a365a0877879b73b16b|spreads|event,0.5,https://api.the-odds-api.com/v4/sports/americanfootball_nfl
2026,3,3bfd8bfb4b8e9a365a0877879b73b16b,2026-09-28T00:20:00Z,MyBookie.ag,2026-09-24T19:57:58Z,Los Angeles Rams,Denver Broncos,spreads,Los Angeles Rams,-2.5,-110,0.52380952,mybookieag|3bfd8bfb4b8e9a365a0877879b73b16b|spreads|event,0.5,https://api.the-odds-api.com/v4/sports/americanfootball_nfl
2026,3,3bfd8bfb4b8e9a365a0877879b73b16b,2026-09-28T00:20:00Z,MyBookie.ag,2026-09-24T19:57:58Z,Los Angeles Rams,Denver Broncos,totals,Over,44.5,-110,0.52380952,mybookieag|3bfd8bfb4b8e9a365a0877879b73b16b|totals|44.5,0.5,https://api.the-odds-api.com/v4/sports/americanfootball_nfl
2026,3,3bfd8bfb4b8e9a365a0877879b73b16b,2026-09-28T00:20:00Z,MyBookie.ag,2026-09-24T19:57:58Z,Los Angeles Rams,Denver Broncos,totals,Under,44.5,-110,0.52380952,mybookieag|3bfd8bfb4b8e9a365a0877879b73b16b|totals|44.5,0.5,https://api.the-odds-api.com/v4/sports/americanfootball_nfl
2026,3,3bfd8bfb4b8e9a365a0877879b73b16b,2026-09-28T00:20:00Z,BetMGM,2026-09-24T19:58:17Z,Los Angeles Rams,Denver Broncos,h2h,Denver Broncos,,115,0.46511628,betmgm|3bfd8bfb4b8e9a365a0877879b73b16b|h2h|event,0.44362292,https://api.the-odds-api.com/v4/sports/americanfootball_nfl
2026,3,3bfd8bfb4b8e9a365a0877879b73b16b,2026-09-28T00:20:00Z,BetMGM,2026-09-24T19:58:17Z,Los Angeles Rams,Denver Broncos,h2h,Los Angeles Rams,,-140,0.58333333,betmgm|3bfd8bfb4b8e9a365a0877879b73b16b|h2h|event,0.55637708,https://api.the-odds-api.com/v4/sports/americanfootball_nfl
2026,3,3bfd8bfb4b8e9a365a0877879b73b16b,2026-09-28T00:20:00Z,BetMGM,2026-09-24T19:58:17Z,Los Angeles Rams,Denver Broncos,spreads,Denver Broncos,2.5,-110,0.52380952,betmgm|3bfd8bfb4b8e9a365a0877879b73b16b|spreads|event,0.50219491,https://api.the-odds-api.com/v4/sports/americanfootball_nfl
2026,3,3bfd8bfb4b8e9a365a0877879b73b16b,2026-09-28T00:20:00Z,BetMGM,2026-09-24T19:58:17Z,Los Angeles Rams,Denver Broncos,spreads,Los Angeles Rams,-2.5,-108,0.51923077,betmgm|3bfd8bfb4b8e9a365a0877879b73b16b|spreads|event,0.49780509,https://api.the-odds-api.com/v4/sports/americanfootball_nfl
2026,3,3bfd8bfb4b8e9a365a0877879b73b16b,2026-09-28T00:20:00Z,BetMGM,2026-09-24T19:58:17Z,Los Angeles Rams,Denver Broncos,totals,Over,45.0,-108,0.51923077,betmgm|3bfd8bfb4b8e9a365a0877879b73b16b|totals|45.0,0.49780509,https://api.the-odds-api.com/v4/sports/americanfootball_nfl
2026,3,3bfd8bfb4b8e9a365a0877879b73b16b,2026-09-28T00:20:00Z,BetMGM,2026-09-24T19:58:17Z,Los Angeles Rams,Denver Broncos,totals,Under,45.0,-110,0.52380952,betmgm|3bfd8bfb4b8e9a365a0877879b73b16b|totals|45.0,0.50219491,https://api.the-odds-api.com/v4/sports/americanfootball_nfl
2026,3,3bfd8bfb4b8e9a365a0877879b73b16b,2026-09-28T00:20:00Z,Bovada,2026-09-24T19:58:18Z,Los Angeles Rams,Denver Broncos,h2h,Denver Broncos,,115,0.46511628,bovada|3bfd8bfb4b8e9a365a0877879b73b16b|h2h|event,0.447406,https://api.the-odds-api.com/v4/sports/americanfootball_nfl
2026,3,3bfd8bfb4b8e9a365a0877879b73b16b,2026-09-28T00:20:00Z,Bovada,2026-09-24T19:58:18Z,Los Angeles Rams,Denver Broncos,h2h,Los Angeles Rams,,-135,0.57446809,bovada|3bfd8bfb4b8e9a365a0877879b73b16b|h2h|event,0.552594,https://api.the-odds-api.com/v4/sports/americanfootball_nfl
2026,3,3bfd8bfb4b8e9a365a0877879b73b16b,2026-09-28T00:20:00Z,Bovada,2026-09-24T19:58:18Z,Los Angeles Rams,Denver Broncos,spreads,Denver Broncos,2.5,-110,0.52380952,bovada|3bfd8bfb4b8e9a365a0877879b73b16b|spreads|event,0.5,https://api.the-odds-api.com/v4/sports/americanfootball_nfl
2026,3,3bfd8bfb4b8e9a365a0877879b73b16b,2026-09-28T00:20:00Z,Bovada,2026-09-24T19:58:18Z,Los Angeles Rams,Denver Broncos,spreads,Los Angeles Rams,-2.5,-110,0.52380952,bovada|3bfd8bfb4b8e9a365a0877879b73b16b|spreads|event,0.5,https://api.the-odds-api.com/v4/sports/americanfootball_nfl
2026,3,3bfd8bfb4b8e9a365a0877879b73b16b,2026-09-28T00:20:00Z,Bovada,2026-09-24T19:58:18Z,Los Angeles Rams,Denver Broncos,totals,Over,44.5,-110,0.52380952,bovada|3bfd8bfb4b8e9a365a0877879b73b16b|totals|44.5,0.5,https://api.the-odds-api.com/v4/sports/americanfootball_nfl
2026,3,3bfd8bfb4b8e9a365a0877879b73b16b,2026-09-28T00:20:00Z,Bovada,2026-09-24T19:58:18Z,Los Angeles Rams,Denver Broncos,totals,Under,44.5,-110,0.52380952,bovada|3bfd8bfb4b8e9a365a0877879b73b16b|totals|44.5,0.5,https://api.the-odds-api.com/v4/sports/americanfootball_nfl
2026,3,47dc7baa254659f3beb2ed2b38c207b6,2026-09-29T00:15:00Z,DraftKings,2026-09-24T19:58:31Z,Philadelphia Eagles,Chicago Bears,h2h,Chicago Bears,,185,0.35087719,draftkings|47dc7baa254659f3beb2ed2b38c207b6|h2h|event,0.33635187,https://api.the-odds-api.com/v4/sports/americanfootball_nfl
2026,3,47dc7baa254659f3beb2ed2b38c207b6,2026-09-29T00:15:00Z,DraftKings,2026-09-24T19:58:31Z,Philadelphia Eagles,Chicago Bears,h2h,Philadelphia Eagles,,-225,0.69230769,draftkings|47dc7baa254659f3beb2ed2b38c207b6|h2h|event,0.66364813,https://api.the-odds-api.com/v4/sports/americanfootball_nfl
2026,3,47dc7baa254659f3beb2ed2b38c207b6,2026-09-29T00:15:00Z,DraftKings,2026-09-24T19:58:31Z,Philadelphia Eagles,Chicago Bears,spreads,Chicago Bears,4.5,-105,0.51219512,draftkings|47dc7baa254659f3beb2ed2b38c207b6|spreads|event,0.48916576,https://api.the-odds-api.com/v4/sports/americanfootball_nfl
2026,3,47dc7baa254659f3beb2ed2b38c207b6,2026-09-29T00:15:00Z,DraftKings,2026-09-24T19:58:31Z,Philadelphia Eagles,Chicago Bears,spreads,Philadelphia Eagles,-4.5,-115,0.53488372,draftkings|47dc7baa254659f3beb2ed2b38c207b6|spreads|event,0.51083424,https://api.the-odds-api.com/v4/sports/americanfootball_nfl
2026,3,47dc7baa254659f3beb2ed2b38c207b6,2026-09-29T00:15:00Z,DraftKings,2026-09-24T19:58:31Z,Philadelphia Eagles,Chicago Bears,totals,Over,41.5,-105,0.51219512,draftkings|47dc7baa254659f3beb2ed2b38c207b6|totals|41.5,0.48916576,https://api.the-odds-api.com/v4/sports/americanfootball_nfl
2026,3,47dc7baa254659f3beb2ed2b38c207b6,2026-09-29T00:15:00Z,DraftKings,2026-09-24T19:58:31Z,Philadelphia Eagles,Chicago Bears,totals,Under,41.5,-115,0.53488372,draftkings|47dc7baa254659f3beb2ed2b38c207b6|totals|41.5,0.51083424,https://api.the-odds-api.com/v4/sports/americanfootball_nfl
2026,3,47dc7baa254659f3beb2ed2b38c207b6,2026-09-29T00:15:00Z,FanDuel,2026-09-24T19:59:06Z,Philadelphia Eagles,Chicago Bears,h2h,Chicago Bears,,194,0.34013605,fanduel|47dc7baa254659f3beb2ed2b38c207b6|h2h|event,0.32654254,https://api.the-odds-api.com/v4/sports/americanfootball_nfl
2026,3,47dc7baa254659f3beb2ed2b38c207b6,2026-09-29T00:15:00Z,FanDuel,2026-09-24T19:59:06Z,Philadelphia Eagles,Chicago Bears,h2h,Philadelphia Eagles,,-235,0.70149254,fanduel|47dc7baa254659f3beb2ed2b38c207b6|h2h|event,0.67345746,https://api.the-odds-api.com/v4/sports/americanfootball_nfl
2026,3,47dc7baa254659f3beb2ed2b38c207b6,2026-09-29T00:15:00Z,FanDuel,2026-09-24T19:59:06Z,Philadelphia Eagles,Chicago Bears,spreads,Chicago Bears,4.5,-105,0.51219512,fanduel|47dc7baa254659f3beb2ed2b38c207b6|spreads|event,0.48916576,https://api.the-odds-api.com/v4/sports/americanfootball_nfl
2026,3,47dc7baa254659f3beb2ed2b38c207b6,2026-09-29T00:15:00Z,FanDuel,2026-09-24T19:59:06Z,Philadelphia Eagles,Chicago Bears,spreads,Philadelphia Eagles,-4.5,-115,0.53488372,fanduel|47dc7baa254659f3beb2ed2b38c207b6|spreads|event,0.51083424,https://api.the-odds-api.com/v4/sports/americanfootball_nfl
2026,3,47dc7baa254659f3beb2ed2b38c207b6,2026-09-29T00:15:00Z,FanDuel,2026-09-24T19:59:06Z,Philadelphia Eagles,Chicago Bears,totals,Over,41.5,-108,0.51923077,fanduel|47dc7baa254659f3beb2ed2b38c207b6|totals|41.5,0.49567024,https://api.the-odds-api.com/v4/sports/americanfootball_nfl
2026,3,47dc7baa254659f3beb2ed2b38c207b6,2026-09-29T00:15:00Z,FanDuel,2026-09-24T19:59:06Z,Philadelphia Eagles,Chicago Bears,totals,Under,41.5,-112,0.52830189,fanduel|47dc7baa254659f3beb2ed2b38c207b6|totals|41.5,0.50432976,https://api.the-odds-api.com/v4/sports/americanfootball_nfl
2026,3,47dc7baa254659f3beb2ed2b38c207b6,2026-09-29T00:15:00Z,BetRivers,2026-09-24T19:58:14Z,Philadelphia Eagles,Chicago Bears,h2h,Chicago Bears,,180,0.35714286,betrivers|47dc7baa254659f3beb2ed2b38c207b6|h2h|event,0.34031414,https://api.the-odds-api.com/v4/sports/americanfootball_nfl
2026,3,47dc7baa254659f3beb2ed2b38c207b6,2026-09-29T00:15:00Z,BetRivers,2026-09-24T19:58:14Z,Philadelphia Eagles,Chicago Bears,h2h,Philadelphia Eagles,,-225,0.69230769,betrivers|47dc7baa254659f3beb2ed2b38c207b6|h2h|event,0.65968586,https://api.the-odds-api.com/v4/sports/americanfootball_nfl
2026,3,47dc7baa254659f3beb2ed2b38c207b6,2026-09-29T00:15:00Z,BetRivers,2026-09-24T19:58:14Z,Philadelphia Eagles,Chicago Bears,spreads,Chicago Bears,5.0,-113,0.53051643,betrivers|47dc7baa254659f3beb2ed2b38c207b6|spreads|event,0.5042704,https://api.the-odds-api.com/v4/sports/americanfootball_nfl
2026,3,47dc7baa254659f3beb2ed2b38c207b6,2026-09-29T00:15:00Z,BetRivers,2026-09-24T19:58:14Z,Philadelphia Eagles,Chicago Bears,spreads,Philadelphia Eagles,-5.0,-109,0.5215311,betrivers|47dc7baa254659f3beb2ed2b38c207b6|spreads|event,0.4957296,https://api.the-odds-api.com/v4/sports/americanfootball_nfl
2026,3,47dc7baa254659f3beb2ed2b38c207b6,2026-09-29T00:15:00Z,BetRivers,2026-09-24T19:58:14Z,Philadelphia Eagles,Chicago Bears,totals,Over,41.0,-112,0.52830189,betrivers|47dc7baa254659f3beb2ed2b38c207b6|totals|41.0,0.5032247,https://api.the-odds-api.com/v4/sports/americanfootball_nfl
2026,3,47dc7baa254659f3beb2ed2b38c207b6,2026-09-29T00:15:00Z,BetRivers,2026-09-24T19:58:14Z,Philadelphia Eagles,Chicago Bears,totals,Under,41.0,-109,0.5215311,betrivers|47dc7baa254659f3beb2ed2b38c207b6|totals|41.0,0.4967753,https://api.the-odds-api.com/v4/sports/americanfootball_nfl
2026,3,47dc7baa254659f3beb2ed2b38c207b6,2026-09-29T00:15:00Z,BetUS,2026-09-24T19:59:06Z,Philadelphia Eagles,Chicago Bears,h2h,Chicago Bears,,195,0.33898305,betus|47dc7baa254659f3beb2ed2b38c207b6|h2h|event,0.32721864,https://api.the-odds-api.com/v4/sports/americanfootball_nfl
2026,3,47dc7baa254659f3beb2ed2b38c207b6,2026-09-29T00:15:00Z,BetUS,2026-09-24T19:59:06Z,Philadelphia Eagles,Chicago Bears,h2h,Philadelphia Eagles,,-230,0.6969697,betus|47dc7baa254659f3beb2ed2b38c207b6|h2h|event,0.67278136,https://api.the-odds-api.com/v4/sports/americanfootball_nfl
2026,3,47dc7baa254659f3beb2ed2b38c207b6,2026-09-29T00:15:00Z,BetUS,2026-09-24T19:59:06Z,Philadelphia Eagles,Chicago Bears,spreads,Chicago Bears,4.5,-110,0.52380952,betus|47dc7baa254659f3beb2ed2b38c207b6|spreads|event,0.5,https://api.the-odds-api.com/v4/sports/americanfootball_nfl
2026,3,47dc7baa254659f3beb2ed2b38c207b6,2026-09-29T00:15:00Z,BetUS,2026-09-24T19:59:06Z,Philadelphia Eagles,Chicago Bears,spreads,Philadelphia Eagles,-4.5,-110,0.52380952,betus|47dc7baa254659f3beb2ed2b38c207b6|spreads|event,0.5,https://api.the-odds-api.com/v4/sports/americanfootball_nfl
2026,3,47dc7baa254659f3beb2ed2b38c207b6,2026-09-29T00:15:00Z,BetUS,2026-09-24T19:59:06Z,Philadelphia Eagles,Chicago Bears,totals,Over,41.0,-110,0.52380952,betus|47dc7baa254659f3beb2ed2b38c207b6|totals|41.0,0.5,https://api.the-odds-api.com/v4/sports/americanfootball_nfl
2026,3,47dc7baa254659f3beb2ed2b38c207b6,2026-09-29T00:15:00Z,BetUS,2026-09-24T19:59:06Z,Philadelphia Eagles,Chicago Bears,totals,Under,41.0,-110,0.52380952,betus|47dc7baa254659f3beb2ed2b38c207b6|totals|41.0,0.5,https://api.the-odds-api.com/v4/sports/americanfootball_nfl
2026,3,47dc7baa254659f3beb2ed2b38c207b6,2026-09-29T00:15:00Z,LowVig.ag,2026-09-24T19:59:07Z,Philadelphia Eagles,Chicago Bears,h2h,Chicago Bears,,192,0.34246575,lowvig|47dc7baa254659f3beb2ed2b38c207b6|h2h|event,0.32947284,https://api.the-odds-api.com/v4/sports/americanfootball_nfl
2026,3,47dc7baa254659f3beb2ed2b38c207b6,2026-09-29T00:15:00Z,LowVig.ag,2026-09-24T19:59:07Z,Philadelphia Eagles,Chicago Bears,h2h,Philadelphia Eagles,,-230,0.6969697,lowvig|47dc7baa254659f3beb2ed2b38c207b6|h2h|event,0.67052716,https://api.the-odds-api.com/v4/sports/americanfootball_nfl
2026,3,47dc7baa254659f3beb2ed2b38c207b6,2026-09-29T00:15:00Z,LowVig.ag,2026-09-24T19:59:07Z,Philadelphia Eagles,Chicago Bears,spreads,Chicago Bears,4.5,-102,0.5049505,lowvig|47dc7baa254659f3beb2ed2b38c207b6|spreads|event,0.49302845,https://api.the-odds-api.com/v4/sports/americanfootball_nfl
2026,3,47dc7baa254659f3beb2ed2b38c207b6,2026-09-29T00:15:00Z,LowVig.ag,2026-09-24T19:59:07Z,Philadelphia Eagles,Chicago Bears,spreads,Philadelphia Eagles,-4.5,-108,0.51923077,lowvig|47dc7baa254659f3beb2ed2b38c207b6|spreads|event,0.50697155,https://api.the-odds-api.com/v4/sports/americanfootball_nfl
2026,3,47dc7baa254659f3beb2ed2b38c207b6,2026-09-29T00:15:00Z,LowVig.ag,2026-09-24T19:59:07Z,Philadelphia Eagles,Chicago Bears,totals,Over,41.0,-107,0.51690821,lowvig|47dc7baa254659f3beb2ed2b38c207b6|totals|41.0,0.5,https://api.the-odds-api.com/v4/sports/americanfootball_nfl
2026,3,47dc7baa254659f3beb2ed2b38c207b6,2026-09-29T00:15:00Z,LowVig.ag,2026-09-24T19:59:07Z,Philadelphia Eagles,Chicago Bears,totals,Under,41.0,-107,0.51690821,lowvig|47dc7baa254659f3beb2ed2b38c207b6|totals|41.0,0.5,https://api.the-odds-api.com/v4/sports/americanfootball_nfl
2026,3,47dc7baa254659f3beb2ed2b38c207b6,2026-09-29T00:15:00Z,BetOnline.ag,2026-09-24T19:58:15Z,Philadelphia Eagles,Chicago Bears,h2h,Chicago Bears,,192,0.34246575,betonlineag|47dc7baa254659f3beb2ed2b38c207b6|h2h|event,0.32947284,https://api.the-odds-api.com/v4/sports/americanfootball_nfl
2026,3,47dc7baa254659f3beb2ed2b38c207b6,2026-09-29T00:15:00Z,BetOnline.ag,2026-09-24T19:58:15Z,Philadelphia Eagles,Chicago Bears,h2h,Philadelphia Eagles,,-230,0.6969697,betonlineag|47dc7baa254659f3beb2ed2b38c207b6|h2h|event,0.67052716,https://api.the-odds-api.com/v4/sports/americanfootball_nfl
2026,3,47dc7baa254659f3beb2ed2b38c207b6,2026-09-29T00:15:00Z,BetOnline.ag,2026-09-24T19:58:15Z,Philadelphia Eagles,Chicago Bears,spreads,Chicago Bears,4.5,-105,0.51219512,betonlineag|47dc7baa254659f3beb2ed2b38c207b6|spreads|event,0.48916576,https://api.the-odds-api.com/v4/sports/americanfootball_nfl
2026,3,47dc7baa254659f3beb2ed2b38c207b6,2026-09-29T00:15:00Z,BetOnline.ag,2026-09-24T19:58:15Z,Philadelphia Eagles,Chicago Bears,spreads,Philadelphia Eagles,-4.5,-115,0.53488372,betonlineag|47dc7baa254659f3beb2ed2b38c207b6|spreads|event,0.51083424,https://api.the-odds-api.com/v4/sports/americanfootball_nfl
2026,3,47dc7baa254659f3beb2ed2b38c207b6,2026-09-29T00:15:00Z,BetOnline.ag,2026-09-24T19:58:15Z,Philadelphia Eagles,Chicago Bears,totals,Over,41.0,-110,0.52380952,betonlineag|47dc7baa254659f3beb2ed2b38c207b6|totals|41.0,0.5,https://api.the-odds-api.com/v4/sports/americanfootball_nfl
2026,3,47dc7baa254659f3beb2ed2b38c207b6,2026-09-29T00:15:00Z,BetOnline.ag,2026-09-24T19:58:15Z,Philadelphia Eagles,Chicago Bears,totals,Under,41.0,-110,0.52380952,betonlineag|47dc7baa254659f3beb2ed2b38c207b6|totals|41.0,0.5,https://api.the-odds-api.com/v4/sports/americanfootball_nfl
2026,3,47dc7baa254659f3beb2ed2b38c207b6,2026-09-29T00:15:00Z,MyBookie.ag,2026-09-24T19:57:58Z,Philadelphia Eagles,Chicago Bears,h2h,Chicago Bears,,182,0.35460993,mybookieag|47dc7baa254659f3beb2ed2b38c207b6|h2h|event,0.33438238,https://api.the-odds-api.com/v4/sports/americanfootball_nfl
2026,3,47dc7baa254659f3beb2ed2b38c207b6,2026-09-29T00:15:00Z,MyBookie.ag,2026-09-24T19:57:58Z,Philadelphia Eagles,Chicago Bears,h2h,Philadelphia Eagles,,-240,0.70588235,mybookieag|47dc7baa254659f3beb2ed2b38c207b6|h2h|event,0.66561762,https://api.the-odds-api.com/v4/sports/americanfootball_nfl
2026,3,47dc7baa254659f3beb2ed2b38c207b6,2026-09-29T00:15:00Z,MyBookie.ag,2026-09-24T19:57:58Z,Philadelphia Eagles,Chicago Bears,spreads,Chicago Bears,4.5,-110,0.52380952,mybookieag|47dc7baa254659f3beb2ed2b38c207b6|spreads|event,0.5,https://api.the-odds-api.com/v4/sports/americanfootball_nfl
2026,3,47dc7baa254659f3beb2ed2b38c207b6,2026-09-29T00:15:00Z,MyBookie.ag,2026-09-24T19:57:58Z,Philadelphia Eagles,Chicago Bears,spreads,Philadelphia Eagles,-4.5,-110,0.52380952,mybookieag|47dc7baa254659f3beb2ed2b38c207b6|spreads|event,0.5,https://api.the-odds-api.com/v4/sports/americanfootball_nfl
2026,3,47dc7baa254659f3beb2ed2b38c207b6,2026-09-29T00:15:00Z,MyBookie.ag,2026-09-24T19:57:58Z,Philadelphia Eagles,Chicago Bears,totals,Over,41.0,-110,0.52380952,mybookieag|47dc7baa254659f3beb2ed2b38c207b6|totals|41.0,0.5,https://api.the-odds-api.com/v4/sports/americanfootball_nfl
2026,3,47dc7baa254659f3beb2ed2b38c207b6,2026-09-29T00:15:00Z,MyBookie.ag,2026-09-24T19:57:58Z,Philadelphia Eagles,Chicago Bears,totals,Under,41.0,-110,0.52380952,mybookieag|47dc7baa254659f3beb2ed2b38c207b6|totals|41.0,0.5,https://api.the-odds-api.com/v4/sports/americanfootball_nfl
2026,3,47dc7baa254659f3beb2ed2b38c207b6,2026-09-29T00:15:00Z,BetMGM,2026-09-24T19:58:17Z,Philadelphia Eagles,Chicago Bears,h2h,Chicago Bears,,188,0.34722222,betmgm|47dc7baa254659f3beb2ed2b38c207b6|h2h|event,0.3340185,https://api.the-odds-api.com/v4/sports/americanfootball_nfl
2026,3,47dc7baa254659f3beb2ed2b38c207b6,2026-09-29T00:15:00Z,BetMGM,2026-09-24T19:58:17Z,Philadelphia Eagles,Chicago Bears,h2h,Philadelphia Eagles,,-225,0.69230769,betmgm|47dc7baa254659f3beb2ed2b38c207b6|h2h|event,0.6659815,https://api.the-odds-api.com/v4/sports/americanfootball_nfl
2026,3,47dc7baa254659f3beb2ed2b38c207b6,2026-09-29T00:15:00Z,BetMGM,2026-09-24T19:58:17Z,Philadelphia Eagles,Chicago Bears,spreads,Chicago Bears,4.5,-108,0.51923077,betmgm|47dc7baa254659f3beb2ed2b38c207b6|spreads|event,0.49780509,https://api.the-odds-api.com/v4/sports/americanfootball_nfl
2026,3,47dc7baa254659f3beb2ed2b38c207b6,2026-09-29T00:15:00Z,BetMGM,2026-09-24T19:58:17Z,Philadelphia Eagles,Chicago Bears,spreads,Philadelphia Eagles,-4.5,-110,0.52380952,betmgm|47dc7baa254659f3beb2ed2b38c207b6|spreads|event,0.50219491,https://api.the-odds-api.com/v4/sports/americanfootball_nfl
2026,3,47dc7baa254659f3beb2ed2b38c207b6,2026-09-29T00:15:00Z,BetMGM,2026-09-24T19:58:17Z,Philadelphia Eagles,Chicago Bears,totals,Over,41.0,-112,0.52830189,betmgm|47dc7baa254659f3beb2ed2b38c207b6|totals|41.0,0.50773994,https://api.the-odds-api.com/v4/sports/americanfootball_nfl
2026,3,47dc7baa254659f3beb2ed2b38c207b6,2026-09-29T00:15:00Z,BetMGM,2026-09-24T19:58:17Z,Philadelphia Eagles,Chicago Bears,totals,Under,41.0,-105,0.51219512,betmgm|47dc7baa254659f3beb2ed2b38c207b6|totals|41.0,0.49226006,https://api.the-odds-api.com/v4/sports/americanfootball_nfl
2026,3,47dc7baa254659f3beb2ed2b38c207b6,2026-09-29T00:15:00Z,Bovada,2026-09-24T19:58:18Z,Philadelphia Eagles,Chicago Bears,h2h,Chicago Bears,,190,0.34482759,bovada|47dc7baa254659f3beb2ed2b38c207b6|h2h|event,0.33099298,https://api.the-odds-api.com/v4/sports/americanfootball_nfl
2026,3,47dc7baa254659f3beb2ed2b38c207b6,2026-09-29T00:15:00Z,Bovada,2026-09-24T19:58:18Z,Philadelphia Eagles,Chicago Bears,h2h,Philadelphia Eagles,,-230,0.6969697,bovada|47dc7baa254659f3beb2ed2b38c207b6|h2h|event,0.66900702,https://api.the-odds-api.com/v4/sports/americanfootball_nfl
2026,3,47dc7baa254659f3beb2ed2b38c207b6,2026-09-29T00:15:00Z,Bovada,2026-09-24T19:58:18Z,Philadelphia Eagles,Chicago Bears,spreads,Chicago Bears,4.5,-110,0.52380952,bovada|47dc7baa254659f3beb2ed2b38c207b6|spreads|event,0.5,https://api.the-odds-api.com/v4/sports/americanfootball_nfl
2026,3,47dc7baa254659f3beb2ed2b38c207b6,2026-09-29T00:15:00Z,Bovada,2026-09-24T19:58:18Z,Philadelphia Eagles,Chicago Bears,spreads,Philadelphia Eagles,-4.5,-110,0.52380952,bovada|47dc7baa254659f3beb2ed2b38c207b6|spreads|event,0.5,https://api.the-odds-api.com/v4/sports/americanfootball_nfl
2026,3,47dc7baa254659f3beb2ed2b38c207b6,2026-09-29T00:15:00Z,Bovada,2026-09-24T19:58:18Z,Philadelphia Eagles,Chicago Bears,totals,Over,41.0,-115,0.53488372,bovada|47dc7baa254659f3beb2ed2b38c207b6|totals|41.0,0.51083424,https://api.the-odds-api.com/v4/sports/americanfootball_nfl
2026,3,47dc7baa254659f3beb2ed2b38c207b6,2026-09-29T00:15:00Z,Bovada,2026-09-24T19:58:18Z,Philadelphia Eagles,Chicago Bears,totals,Under,41.0,-105,0.51219512,bovada|47dc7baa254659f3beb2ed2b38c207b6|totals|41.0,0.48916576,https://api.the-odds-api.com/v4/sports/americanfootball_nfl
2026,3,d55cb69fed50a09170560b5b75d8de86,2026-10-02T00:15:00Z,DraftKings,2026-09-24T19:58:31Z,Pittsburgh Steelers,Cleveland Browns,h2h,Cleveland Browns,,124,0.44642857,draftkings|d55cb69fed50a09170560b5b75d8de86|h2h|event,0.42794037,https://api.the-odds-api.com/v4/sports/americanfootball_nfl
2026,3,d55cb69fed50a09170560b5b75d8de86,2026-10-02T00:15:00Z,DraftKings,2026-09-24T19:58:31Z,Pittsburgh Steelers,Cleveland Browns,h2h,Pittsburgh Steelers,,-148,0.59677419,draftkings|d55cb69fed50a09170560b5b75d8de86|h2h|event,0.57205963,https://api.the-odds-api.com/v4/sports/americanfootball_nfl
2026,3,d55cb69fed50a09170560b5b75d8de86,2026-10-02T00:15:00Z,DraftKings,2026-09-24T19:58:31Z,Pittsburgh Steelers,Cleveland Browns,spreads,Cleveland Browns,3.0,-120,0.54545455,draftkings|d55cb69fed50a09170560b5b75d8de86|spreads|event,0.52173913,https://api.the-odds-api.com/v4/sports/americanfootball_nfl
2026,3,d55cb69fed50a09170560b5b75d8de86,2026-10-02T00:15:00Z,DraftKings,2026-09-24T19:58:31Z,Pittsburgh Steelers,Cleveland Browns,spreads,Pittsburgh Steelers,-3.0,100,0.5,draftkings|d55cb69fed50a09170560b5b75d8de86|spreads|event,0.47826087,https://api.the-odds-api.com/v4/sports/americanfootball_nfl
2026,3,d55cb69fed50a09170560b5b75d8de86,2026-10-02T00:15:00Z,DraftKings,2026-09-24T19:58:31Z,Pittsburgh Steelers,Cleveland Browns,totals,Over,38.5,-110,0.52380952,draftkings|d55cb69fed50a09170560b5b75d8de86|totals|38.5,0.5,https://api.the-odds-api.com/v4/sports/americanfootball_nfl
2026,3,d55cb69fed50a09170560b5b75d8de86,2026-10-02T00:15:00Z,DraftKings,2026-09-24T19:58:31Z,Pittsburgh Steelers,Cleveland Browns,totals,Under,38.5,-110,0.52380952,draftkings|d55cb69fed50a09170560b5b75d8de86|totals|38.5,0.5,https://api.the-odds-api.com/v4/sports/americanfootball_nfl
2026,3,d55cb69fed50a09170560b5b75d8de86,2026-10-02T00:15:00Z,BetUS,2026-09-24T19:59:06Z,Pittsburgh Steelers,Cleveland Browns,spreads,Cleveland Browns,1.5,-105,0.51219512,betus|d55cb69fed50a09170560b5b75d8de86|spreads|event,0.48916576,https://api.the-odds-api.com/v4/sports/americanfootball_nfl
2026,3,d55cb69fed50a09170560b5b75d8de86,2026-10-02T00:15:00Z,BetUS,2026-09-24T19:59:06Z,Pittsburgh Steelers,Cleveland Browns,spreads,Pittsburgh Steelers,-1.5,-115,0.53488372,betus|d55cb69fed50a09170560b5b75d8de86|spreads|event,0.51083424,https://api.the-odds-api.com/v4/sports/americanfootball_nfl
2026,3,d55cb69fed50a09170560b5b75d8de86,2026-10-02T00:15:00Z,BetUS,2026-09-24T19:59:06Z,Pittsburgh Steelers,Cleveland Browns,totals,Over,37.5,-110,0.52380952,betus|d55cb69fed50a09170560b5b75d8de86|totals|37.5,0.5,https://api.the-odds-api.com/v4/sports/americanfootball_nfl
2026,3,d55cb69fed50a09170560b5b75d8de86,2026-10-02T00:15:00Z,BetUS,2026-09-24T19:59:06Z,Pittsburgh Steelers,Cleveland Browns,totals,Under,37.5,-110,0.52380952,betus|d55cb69fed50a09170560b5b75d8de86|totals|37.5,0.5,https://api.the-odds-api.com/v4/sports/americanfootball_nfl
2026,3,d55cb69fed50a09170560b5b75d8de86,2026-10-02T00:15:00Z,FanDuel,2026-09-24T19:59:06Z,Pittsburgh Steelers,Cleveland Browns,h2h,Cleveland Browns,,114,0.46728972,fanduel|d55cb69fed50a09170560b5b75d8de86|h2h|event,0.44934327,https://api.the-odds-api.com/v4/sports/americanfootball_nfl
2026,3,d55cb69fed50a09170560b5b75d8de86,2026-10-02T00:15:00Z,FanDuel,2026-09-24T19:59:06Z,Pittsburgh Steelers,Cleveland Browns,h2h,Pittsburgh Steelers,,-134,0.57264957,fanduel|d55cb69fed50a09170560b5b75d8de86|h2h|event,0.55065673,https://api.the-odds-api.com/v4/sports/americanfootball_nfl
2026,3,d55cb69fed50a09170560b5b75d8de86,2026-10-02T00:15:00Z,FanDuel,2026-09-24T19:59:06Z,Pittsburgh Steelers,Cleveland Browns,spreads,Cleveland Browns,2.5,-110,0.52380952,fanduel|d55cb69fed50a09170560b5b75d8de86|spreads|event,0.5,https://api.the-odds-api.com/v4/sports/americanfootball_nfl
2026,3,d55cb69fed50a09170560b5b75d8de86,2026-10-02T00:15:00Z,FanDuel,2026-09-24T19:59:06Z,Pittsburgh Steelers,Cleveland Browns,spreads,Pittsburgh Steelers,-2.5,-110,0.52380952,fanduel|d55cb69fed50a09170560b5b75d8de86|spreads|event,0.5,https://api.the-odds-api.com/v4/sports/americanfootball_nfl
2026,3,d55cb69fed50a09170560b5b75d8de86,2026-10-02T00:15:00Z,FanDuel,2026-09-24T19:59:06Z,Pittsburgh Steelers,Cleveland Browns,totals,Over,37.5,-105,0.51219512,fanduel|d55cb69fed50a09170560b5b75d8de86|totals|37.5,0.48916576,https://api.the-odds-api.com/v4/sports/americanfootball_nfl
2026,3,d55cb69fed50a09170560b5b75d8de86,2026-10-02T00:15:00Z,FanDuel,2026-09-24T19:59:06Z,Pittsburgh Steelers,Cleveland Browns,totals,Under,37.5,-115,0.53488372,fanduel|d55cb69fed50a09170560b5b75d8de86|totals|37.5,0.51083424,https://api.the-odds-api.com/v4/sports/americanfootball_nfl
2026,3,d55cb69fed50a09170560b5b75d8de86,2026-10-02T00:15:00Z,MyBookie.ag,2026-09-24T19:57:58Z,Pittsburgh Steelers,Cleveland Browns,h2h,Cleveland Browns,,114,0.46728972,mybookieag|d55cb69fed50a09170560b5b75d8de86|h2h|event,0.44051286,https://api.the-odds-api.com/v4/sports/americanfootball_nfl
2026,3,d55cb69fed50a09170560b5b75d8de86,2026-10-02T00:15:00Z,MyBookie.ag,2026-09-24T19:57:58Z,Pittsburgh Steelers,Cleveland Browns,h2h,Pittsburgh Steelers,,-146,0.59349593,mybookieag|d55cb69fed50a09170560b5b75d8de86|h2h|event,0.55948714,https://api.the-odds-api.com/v4/sports/americanfootball_nfl
2026,3,d55cb69fed50a09170560b5b75d8de86,2026-10-02T00:15:00Z,MyBookie.ag,2026-09-24T19:57:58Z,Pittsburgh Steelers,Cleveland Browns,spreads,Cleveland Browns,2.5,-110,0.52380952,mybookieag|d55cb69fed50a09170560b5b75d8de86|spreads|event,0.5,https://api.the-odds-api.com/v4/sports/americanfootball_nfl
2026,3,d55cb69fed50a09170560b5b75d8de86,2026-10-02T00:15:00Z,MyBookie.ag,2026-09-24T19:57:58Z,Pittsburgh Steelers,Cleveland Browns,spreads,Pittsburgh Steelers,-2.5,-110,0.52380952,mybookieag|d55cb69fed50a09170560b5b75d8de86|spreads|event,0.5,https://api.the-odds-api.com/v4/sports/americanfootball_nfl
2026,3,d55cb69fed50a09170560b5b75d8de86,2026-10-02T00:15:00Z,MyBookie.ag,2026-09-24T19:57:58Z,Pittsburgh Steelers,Cleveland Browns,totals,Over,37.5,-110,0.52380952,mybookieag|d55cb69fed50a09170560b5b75d8de86|totals|37.5,0.5,https://api.the-odds-api.com/v4/sports/americanfootball_nfl
2026,3,d55cb69fed50a09170560b5b75d8de86,2026-10-02T00:15:00Z,MyBookie.ag,2026-09-24T19:57:58Z,Pittsburgh Steelers,Cleveland Browns,totals,Under,37.5,-110,0.52380952,mybookieag|d55cb69fed50a09170560b5b75d8de86|totals|37.5,0.5,https://api.the-odds-api.com/v4/sports/americanfootball_nfl
2026,3,d55cb69fed50a09170560b5b75d8de86,2026-10-02T00:15:00Z,BetOnline.ag,2026-09-24T19:58:15Z,Pittsburgh Steelers,Cleveland Browns,spreads,Cleveland Browns,1.5,-105,0.51219512,betonlineag|d55cb69fed50a09170560b5b75d8de86|spreads|event,0.48916576,https://api.the-odds-api.com/v4/sports/americanfootball_nfl
2026,3,d55cb69fed50a09170560b5b75d8de86,2026-10-02T00:15:00Z,BetOnline.ag,2026-09-24T19:58:15Z,Pittsburgh Steelers,Cleveland Browns,spreads,Pittsburgh Steelers,-1.5,-115,0.53488372,betonlineag|d55cb69fed50a09170560b5b75d8de86|spreads|event,0.51083424,https://api.the-odds-api.com/v4/sports/americanfootball_nfl
2026,3,d55cb69fed50a09170560b5b75d8de86,2026-10-02T00:15:00Z,BetOnline.ag,2026-09-24T19:58:15Z,Pittsburgh Steelers,Cleveland Browns,totals,Over,37.5,-110,0.52380952,betonlineag|d55cb69fed50a09170560b5b75d8de86|totals|37.5,0.5,https://api.the-odds-api.com/v4/sports/americanfootball_nfl
2026,3,d55cb69fed50a09170560b5b75d8de86,2026-10-02T00:15:00Z,BetOnline.ag,2026-09-24T19:58:15Z,Pittsburgh Steelers,Cleveland Browns,totals,Under,37.5,-110,0.52380952,betonlineag|d55cb69fed50a09170560b5b75d8de86|totals|37.5,0.5,https://api.the-odds-api.com/v4/sports/americanfootball_nfl
2026,3,d55cb69fed50a09170560b5b75d8de86,2026-10-02T00:15:00Z,LowVig.ag,2026-09-24T19:59:07Z,Pittsburgh Steelers,Cleveland Browns,spreads,Cleveland Browns,1.5,100,0.5,lowvig|d55cb69fed50a09170560b5b75d8de86|spreads|event,0.48837209,https://api.the-odds-api.com/v4/sports/americanfootball_nfl
2026,3,d55cb69fed50a09170560b5b75d8de86,2026-10-02T00:15:00Z,LowVig.ag,2026-09-24T19:59:07Z,Pittsburgh Steelers,Cleveland Browns,spreads,Pittsburgh Steelers,-1.5,-110,0.52380952,lowvig|d55cb69fed50a09170560b5b75d8de86|spreads|event,0.51162791,https://api.the-odds-api.com/v4/sports/americanfootball_nfl
2026,3,d55cb69fed50a09170560b5b75d8de86,2026-10-02T00:15:00Z,LowVig.ag,2026-09-24T19:59:07Z,Pittsburgh Steelers,Cleveland Browns,totals,Over,37.5,-107,0.51690821,lowvig|d55cb69fed50a09170560b5b75d8de86|totals|37.5,0.5,https://api.the-odds-api.com/v4/sports/americanfootball_nfl
2026,3,d55cb69fed50a09170560b5b75d8de86,2026-10-02T00:15:00Z,LowVig.ag,2026-09-24T19:59:07Z,Pittsburgh Steelers,Cleveland Browns,totals,Under,37.5,-107,0.51690821,lowvig|d55cb69fed50a09170560b5b75d8de86|totals|37.5,0.5,https://api.the-odds-api.com/v4/sports/americanfootball_nfl
2026,3,d55cb69fed50a09170560b5b75d8de86,2026-10-02T00:15:00Z,BetRivers,2026-09-24T19:58:14Z,Pittsburgh Steelers,Cleveland Browns,h2h,Cleveland Browns,,117,0.46082949,betrivers|d55cb69fed50a09170560b5b75d8de86|h2h|event,0.44060917,https://api.the-odds-api.com/v4/sports/americanfootball_nfl
2026,3,d55cb69fed50a09170560b5b75d8de86,2026-10-02T00:15:00Z,BetRivers,2026-09-24T19:58:14Z,Pittsburgh Steelers,Cleveland Browns,h2h,Pittsburgh Steelers,,-141,0.58506224,betrivers|d55cb69fed50a09170560b5b75d8de86|h2h|event,0.55939083,https://api.the-odds-api.com/v4/sports/americanfootball_nfl
2026,3,d55cb69fed50a09170560b5b75d8de86,2026-10-02T00:15:00Z,BetRivers,2026-09-24T19:58:14Z,Pittsburgh Steelers,Cleveland Browns,spreads,Cleveland Browns,2.5,-105,0.51219512,betrivers|d55cb69fed50a09170560b5b75d8de86|spreads|event,0.48717126,https://api.the-odds-api.com/v4/sports/americanfootball_nfl
2026,3,d55cb69fed50a09170560b5b75d8de86,2026-10-02T00:15:00Z,BetRivers,2026-09-24T19:58:14Z,Pittsburgh Steelers,Cleveland Browns,spreads,Pittsburgh Steelers,-2.5,-117,0.53917051,betrivers|d55cb69fed50a09170560b5b75d8de86|spreads|event,0.51282874,https://api.the-odds-api.com/v4/sports/americanfootball_nfl
2026,3,d55cb69fed50a09170560b5b75d8de86,2026-10-02T00:15:00Z,BetRivers,2026-09-24T19:58:14Z,Pittsburgh Steelers,Cleveland Browns,totals,Over,38.0,-108,0.51923077,betrivers|d55cb69fed50a09170560b5b75d8de86|totals|38.0,0.49462458,https://api.the-odds-api.com/v4/sports/americanfootball_nfl
2026,3,d55cb69fed50a09170560b5b75d8de86,2026-10-02T00:15:00Z,BetRivers,2026-09-24T19:58:14Z,Pittsburgh Steelers,Cleveland Browns,totals,Under,38.0,-113,0.53051643,betrivers|d55cb69fed50a09170560b5b75d8de86|totals|38.0,0.50537542,https://api.the-odds-api.com/v4/sports/americanfootball_nfl
2026,3,c9d8ed8aa4889486eaf10a630138ede0,2026-10-04T13:30:00Z,DraftKings,2026-09-24T19:58:31Z,Indianapolis Colts,Washington Commanders,h2h,Indianapolis Colts,,-205,0.67213115,draftkings|c9d8ed8aa4889486eaf10a630138ede0|h2h|event,0.64472918,https://api.the-odds-api.com/v4/sports/americanfootball_nfl
2026,3,c9d8ed8aa4889486eaf10a630138ede0,2026-10-04T13:30:00Z,DraftKings,2026-09-24T19:58:31Z,Indianapolis Colts,Washington Commanders,h2h,Washington Commanders,,170,0.37037037,draftkings|c9d8ed8aa4889486eaf10a630138ede0|h2h|event,0.35527082,https://api.the-odds-api.com/v4/sports/americanfootball_nfl
2026,3,c9d8ed8aa4889486eaf10a630138ede0,2026-10-04T13:30:00Z,DraftKings,2026-09-24T19:58:31Z,Indianapolis Colts,Washington Commanders,spreads,Indianapolis Colts,-4.5,-110,0.52380952,draftkings|c9d8ed8aa4889486eaf10a630138ede0|spreads|event,0.5,https://api.the-odds-api.com/v4/sports/americanfootball_nfl
2026,3,c9d8ed8aa4889486eaf10a630138ede0,2026-10-04T13:30:00Z,DraftKings,2026-09-24T19:58:31Z,Indianapolis Colts,Washington Commanders,spreads,Washington Commanders,4.5,-110,0.52380952,draftkings|c9d8ed8aa4889486eaf10a630138ede0|spreads|event,0.5,https://api.the-odds-api.com/v4/sports/americanfootball_nfl
2026,3,c9d8ed8aa4889486eaf10a630138ede0,2026-10-04T13:30:00Z,DraftKings,2026-09-24T19:58:31Z,Indianapolis Colts,Washington Commanders,totals,Over,46.5,-110,0.52380952,draftkings|c9d8ed8aa4889486eaf10a630138ede0|totals|46.5,0.5,https://api.the-odds-api.com/v4/sports/americanfootball_nfl
2026,3,c9d8ed8aa4889486eaf10a630138ede0,2026-10-04T13:30:00Z,DraftKings,2026-09-24T19:58:31Z,Indianapolis Colts,Washington Commanders,totals,Under,46.5,-110,0.52380952,draftkings|c9d8ed8aa4889486eaf10a630138ede0|totals|46.5,0.5,https://api.the-odds-api.com/v4/sports/americanfootball_nfl
2026,3,c9d8ed8aa4889486eaf10a630138ede0,2026-10-04T13:30:00Z,FanDuel,2026-09-24T19:59:06Z,Indianapolis Colts,Washington Commanders,h2h,Indianapolis Colts,,-230,0.6969697,fanduel|c9d8ed8aa4889486eaf10a630138ede0|h2h|event,0.66900702,https://api.the-odds-api.com/v4/sports/americanfootball_nfl
2026,3,c9d8ed8aa4889486eaf10a630138ede0,2026-10-04T13:30:00Z,FanDuel,2026-09-24T19:59:06Z,Indianapolis Colts,Washington Commanders,h2h,Washington Commanders,,190,0.34482759,fanduel|c9d8ed8aa4889486eaf10a630138ede0|h2h|event,0.33099298,https://api.the-odds-api.com/v4/sports/americanfootball_nfl
2026,3,c9d8ed8aa4889486eaf10a630138ede0,2026-10-04T13:30:00Z,FanDuel,2026-09-24T19:59:06Z,Indianapolis Colts,Washington Commanders,spreads,Indianapolis Colts,-4.5,-115,0.53488372,fanduel|c9d8ed8aa4889486eaf10a630138ede0|spreads|event,0.51083424,https://api.the-odds-api.com/v4/sports/americanfootball_nfl
2026,3,c9d8ed8aa4889486eaf10a630138ede0,2026-10-04T13:30:00Z,FanDuel,2026-09-24T19:59:06Z,Indianapolis Colts,Washington Commanders,spreads,Washington Commanders,4.5,-105,0.51219512,fanduel|c9d8ed8aa4889486eaf10a630138ede0|spreads|event,0.48916576,https://api.the-odds-api.com/v4/sports/americanfootball_nfl
2026,3,c9d8ed8aa4889486eaf10a630138ede0,2026-10-04T13:30:00Z,FanDuel,2026-09-24T19:59:06Z,Indianapolis Colts,Washington Commanders,totals,Over,46.5,-104,0.50980392,fanduel|c9d8ed8aa4889486eaf10a630138ede0|totals|46.5,0.48502482,https://api.the-odds-api.com/v4/sports/americanfootball_nfl
2026,3,c9d8ed8aa4889486eaf10a630138ede0,2026-10-04T13:30:00Z,FanDuel,2026-09-24T19:59:06Z,Indianapolis Colts,Washington Commanders,totals,Under,46.5,-118,0.5412844,fanduel|c9d8ed8aa4889486eaf10a630138ede0|totals|46.5,0.51497518,https://api.the-odds-api.com/v4/sports/americanfootball_nfl
2026,3,c9d8ed8aa4889486eaf10a630138ede0,2026-10-04T13:30:00Z,BetUS,2026-09-24T19:59:06Z,Indianapolis Colts,Washington Commanders,spreads,Indianapolis Colts,-4.5,-110,0.52380952,betus|c9d8ed8aa4889486eaf10a630138ede0|spreads|event,0.5,https://api.the-odds-api.com/v4/sports/americanfootball_nfl
2026,3,c9d8ed8aa4889486eaf10a630138ede0,2026-10-04T13:30:00Z,BetUS,2026-09-24T19:59:06Z,Indianapolis Colts,Washington Commanders,spreads,Washington Commanders,4.5,-110,0.52380952,betus|c9d8ed8aa4889486eaf10a630138ede0|spreads|event,0.5,https://api.the-odds-api.com/v4/sports/americanfootball_nfl
2026,3,c9d8ed8aa4889486eaf10a630138ede0,2026-10-04T13:30:00Z,BetUS,2026-09-24T19:59:06Z,Indianapolis Colts,Washington Commanders,totals,Over,45.5,-110,0.52380952,betus|c9d8ed8aa4889486eaf10a630138ede0|totals|45.5,0.5,https://api.the-odds-api.com/v4/sports/americanfootball_nfl
2026,3,c9d8ed8aa4889486eaf10a630138ede0,2026-10-04T13:30:00Z,BetUS,2026-09-24T19:59:06Z,Indianapolis Colts,Washington Commanders,totals,Under,45.5,-110,0.52380952,betus|c9d8ed8aa4889486eaf10a630138ede0|totals|45.5,0.5,https://api.the-odds-api.com/v4/sports/americanfootball_nfl
2026,3,c9d8ed8aa4889486eaf10a630138ede0,2026-10-04T13:30:00Z,MyBookie.ag,2026-09-24T19:57:58Z,Indianapolis Colts,Washington Commanders,h2h,Indianapolis Colts,,-226,0.69325153,mybookieag|c9d8ed8aa4889486eaf10a630138ede0|h2h|event,0.65428747,https://api.the-odds-api.com/v4/sports/americanfootball_nfl
2026,3,c9d8ed8aa4889486eaf10a630138ede0,2026-10-04T13:30:00Z,MyBookie.ag,2026-09-24T19:57:58Z,Indianapolis Colts,Washington Commanders,h2h,Washington Commanders,,173,0.36630037,mybookieag|c9d8ed8aa4889486eaf10a630138ede0|h2h|event,0.34571253,https://api.the-odds-api.com/v4/sports/americanfootball_nfl
2026,3,c9d8ed8aa4889486eaf10a630138ede0,2026-10-04T13:30:00Z,MyBookie.ag,2026-09-24T19:57:58Z,Indianapolis Colts,Washington Commanders,spreads,Indianapolis Colts,-4.5,-110,0.52380952,mybookieag|c9d8ed8aa4889486eaf10a630138ede0|spreads|event,0.5,https://api.the-odds-api.com/v4/sports/americanfootball_nfl
2026,3,c9d8ed8aa4889486eaf10a630138ede0,2026-10-04T13:30:00Z,MyBookie.ag,2026-09-24T19:57:58Z,Indianapolis Colts,Washington Commanders,spreads,Washington Commanders,4.5,-110,0.52380952,mybookieag|c9d8ed8aa4889486eaf10a630138ede0|spreads|event,0.5,https://api.the-odds-api.com/v4/sports/americanfootball_nfl
2026,3,c9d8ed8aa4889486eaf10a630138ede0,2026-10-04T13:30:00Z,MyBookie.ag,2026-09-24T19:57:58Z,Indianapolis Colts,Washington Commanders,totals,Over,46.5,-110,0.52380952,mybookieag|c9d8ed8aa4889486eaf10a630138ede0|totals|46.5,0.5,https://api.the-odds-api.com/v4/sports/americanfootball_nfl
2026,3,c9d8ed8aa4889486eaf10a630138ede0,2026-10-04T13:30:00Z,MyBookie.ag,2026-09-24T19:57:58Z,Indianapolis Colts,Washington Commanders,totals,Under,46.5,-110,0.52380952,mybookieag|c9d8ed8aa4889486eaf10a630138ede0|totals|46.5,0.5,https://api.the-odds-api.com/v4/sports/americanfootball_nfl
2026,3,c9d8ed8aa4889486eaf10a630138ede0,2026-10-04T13:30:00Z,LowVig.ag,2026-09-24T19:59:07Z,Indianapolis Colts,Washington Commanders,spreads,Indianapolis Colts,-4.0,100,0.5,lowvig|c9d8ed8aa4889486eaf10a630138ede0|spreads|event,0.48837209,https://api.the-odds-api.com/v4/sports/americanfootball_nfl
2026,3,c9d8ed8aa4889486eaf10a630138ede0,2026-10-04T13:30:00Z,LowVig.ag,2026-09-24T19:59:07Z,Indianapolis Colts,Washington Commanders,spreads,Washington Commanders,4.0,-110,0.52380952,lowvig|c9d8ed8aa4889486eaf10a630138ede0|spreads|event,0.51162791,https://api.the-odds-api.com/v4/sports/americanfootball_nfl
2026,3,c9d8ed8aa4889486eaf10a630138ede0,2026-10-04T13:30:00Z,LowVig.ag,2026-09-24T19:59:07Z,Indianapolis Colts,Washington Commanders,totals,Over,46.0,-107,0.51690821,lowvig|c9d8ed8aa4889486eaf10a630138ede0|totals|46.0,0.5,https://api.the-odds-api.com/v4/sports/americanfootball_nfl
2026,3,c9d8ed8aa4889486eaf10a630138ede0,2026-10-04T13:30:00Z,LowVig.ag,2026-09-24T19:59:07Z,Indianapolis Colts,Washington Commanders,totals,Under,46.0,-107,0.51690821,lowvig|c9d8ed8aa4889486eaf10a630138ede0|totals|46.0,0.5,https://api.the-odds-api.com/v4/sports/americanfootball_nfl
2026,3,c9d8ed8aa4889486eaf10a630138ede0,2026-10-04T13:30:00Z,BetOnline.ag,2026-09-24T19:58:15Z,Indianapolis Colts,Washington Commanders,spreads,Indianapolis Colts,-4.0,-105,0.51219512,betonlineag|c9d8ed8aa4889486eaf10a630138ede0|spreads|event,0.48916576,https://api.the-odds-api.com/v4/sports/americanfootball_nfl
2026,3,c9d8ed8aa4889486eaf10a630138ede0,2026-10-04T13:30:00Z,BetOnline.ag,2026-09-24T19:58:15Z,Indianapolis Colts,Washington Commanders,spreads,Washington Commanders,4.0,-115,0.53488372,betonlineag|c9d8ed8aa4889486eaf10a630138ede0|spreads|event,0.51083424,https://api.the-odds-api.com/v4/sports/americanfootball_nfl
2026,3,c9d8ed8aa4889486eaf10a630138ede0,2026-10-04T13:30:00Z,BetOnline.ag,2026-09-24T19:58:15Z,Indianapolis Colts,Washington Commanders,totals,Over,46.0,-110,0.52380952,betonlineag|c9d8ed8aa4889486eaf10a630138ede0|totals|46.0,0.5,https://api.the-odds-api.com/v4/sports/americanfootball_nfl
2026,3,c9d8ed8aa4889486eaf10a630138ede0,2026-10-04T13:30:00Z,BetOnline.ag,2026-09-24T19:58:15Z,Indianapolis Colts,Washington Commanders,totals,Under,46.0,-110,0.52380952,betonlineag|c9d8ed8aa4889486eaf10a630138ede0|totals|46.0,0.5,https://api.the-odds-api.com/v4/sports/americanfootball_nfl
2026,3,c9d8ed8aa4889486eaf10a630138ede0,2026-10-04T13:30:00Z,BetRivers,2026-09-24T19:58:14Z,Indianapolis Colts,Washington Commanders,h2h,Indianapolis Colts,,-225,0.69230769,betrivers|c9d8ed8aa4889486eaf10a630138ede0|h2h|event,0.65968586,https://api.the-odds-api.com/v4/sports/americanfootball_nfl
2026,3,c9d8ed8aa4889486eaf10a630138ede0,2026-10-04T13:30:00Z,BetRivers,2026-09-24T19:58:14Z,Indianapolis Colts,Washington Commanders,h2h,Washington Commanders,,180,0.35714286,betrivers|c9d8ed8aa4889486eaf10a630138ede0|h2h|event,0.34031414,https://api.the-odds-api.com/v4/sports/americanfootball_nfl
2026,3,c9d8ed8aa4889486eaf10a630138ede0,2026-10-04T13:30:00Z,BetRivers,2026-09-24T19:58:14Z,Indianapolis Colts,Washington Commanders,spreads,Indianapolis Colts,-4.5,-113,0.53051643,betrivers|c9d8ed8aa4889486eaf10a630138ede0|spreads|event,0.50537542,https://api.the-odds-api.com/v4/sports/americanfootball_nfl
2026,3,c9d8ed8aa4889486eaf10a630138ede0,2026-10-04T13:30:00Z,BetRivers,2026-09-24T19:58:14Z,Indianapolis Colts,Washington Commanders,spreads,Washington Commanders,4.5,-108,0.51923077,betrivers|c9d8ed8aa4889486eaf10a630138ede0|spreads|event,0.49462458,https://api.the-odds-api.com/v4/sports/americanfootball_nfl
2026,3,c9d8ed8aa4889486eaf10a630138ede0,2026-10-04T13:30:00Z,BetRivers,2026-09-24T19:58:14Z,Indianapolis Colts,Washington Commanders,totals,Over,46.0,-113,0.53051643,betrivers|c9d8ed8aa4889486eaf10a630138ede0|totals|46.0,0.50537542,https://api.the-odds-api.com/v4/sports/americanfootball_nfl
2026,3,c9d8ed8aa4889486eaf10a630138ede0,2026-10-04T13:30:00Z,BetRivers,2026-09-24T19:58:14Z,Indianapolis Colts,Washington Commanders,totals,Under,46.0,-108,0.51923077,betrivers|c9d8ed8aa4889486eaf10a630138ede0|totals|46.0,0.49462458,https://api.the-odds-api.com/v4/sports/americanfootball_nfl
2026,3,664e6bda5721dc63be16bcf7d962a436,2026-10-04T17:00:00Z,DraftKings,2026-09-24T19:58:31Z,Arizona Cardinals,New York Giants,h2h,Arizona Cardinals,,120,0.45454545,draftkings|664e6bda5721dc63be16bcf7d962a436|h2h|event,0.43650793,https://api.the-odds-api.com/v4/sports/americanfootball_nfl
2026,3,664e6bda5721dc63be16bcf7d962a436,2026-10-04T17:00:00Z,DraftKings,2026-09-24T19:58:31Z,Arizona Cardinals,New York Giants,h2h,New York Giants,,-142,0.58677686,draftkings|664e6bda5721dc63be16bcf7d962a436|h2h|event,0.56349207,https://api.the-odds-api.com/v4/sports/americanfootball_nfl
2026,3,664e6bda5721dc63be16bcf7d962a436,2026-10-04T17:00:00Z,DraftKings,2026-09-24T19:58:31Z,Arizona Cardinals,New York Giants,spreads,Arizona Cardinals,2.5,-105,0.51219512,draftkings|664e6bda5721dc63be16bcf7d962a436|spreads|event,0.48916576,https://api.the-odds-api.com/v4/sports/americanfootball_nfl
2026,3,664e6bda5721dc63be16bcf7d962a436,2026-10-04T17:00:00Z,DraftKings,2026-09-24T19:58:31Z,Arizona Cardinals,New York Giants,spreads,New York Giants,-2.5,-115,0.53488372,draftkings|664e6bda5721dc63be16bcf7d962a436|spreads|event,0.51083424,https://api.the-odds-api.com/v4/sports/americanfootball_nfl
2026,3,664e6bda5721dc63be16bcf7d962a436,2026-10-04T17:00:00Z,DraftKings,2026-09-24T19:58:31Z,Arizona Cardinals,New York Giants,totals,Over,43.5,-110,0.52380952,draftkings|664e6bda5721dc63be16bcf7d962a436|totals|43.5,0.5,https://api.the-odds-api.com/v4/sports/americanfootball_nfl
2026,3,664e6bda5721dc63be16bcf7d962a436,2026-10-04T17:00:00Z,DraftKings,2026-09-24T19:58:31Z,Arizona Cardinals,New York Giants,totals,Under,43.5,-110,0.52380952,draftkings|664e6bda5721dc63be16bcf7d962a436|totals|43.5,0.5,https://api.the-odds-api.com/v4/sports/americanfootball_nfl
2026,3,664e6bda5721dc63be16bcf7d962a436,2026-10-04T17:00:00Z,BetUS,2026-09-24T19:59:06Z,Arizona Cardinals,New York Giants,spreads,Arizona Cardinals,1.5,-110,0.52380952,betus|664e6bda5721dc63be16bcf7d962a436|spreads|event,0.5,https://api.the-odds-api.com/v4/sports/americanfootball_nfl
2026,3,664e6bda5721dc63be16bcf7d962a436,2026-10-04T17:00:00Z,BetUS,2026-09-24T19:59:06Z,Arizona Cardinals,New York Giants,spreads,New York Giants,-1.5,-110,0.52380952,betus|664e6bda5721dc63be16bcf7d962a436|spreads|event,0.5,https://api.the-odds-api.com/v4/sports/americanfootball_nfl
2026,3,664e6bda5721dc63be16bcf7d962a436,2026-10-04T17:00:00Z,BetUS,2026-09-24T19:59:06Z,Arizona Cardinals,New York Giants,totals,Over,44.0,-110,0.52380952,betus|664e6bda5721dc63be16bcf7d962a436|totals|44.0,0.5,https://api.the-odds-api.com/v4/sports/americanfootball_nfl
2026,3,664e6bda5721dc63be16bcf7d962a436,2026-10-04T17:00:00Z,BetUS,2026-09-24T19:59:06Z,Arizona Cardinals,New York Giants,totals,Under,44.0,-110,0.52380952,betus|664e6bda5721dc63be16bcf7d962a436|totals|44.0,0.5,https://api.the-odds-api.com/v4/sports/americanfootball_nfl
2026,3,664e6bda5721dc63be16bcf7d962a436,2026-10-04T17:00:00Z,FanDuel,2026-09-24T19:59:06Z,Arizona Cardinals,New York Giants,h2h,Arizona Cardinals,,116,0.46296296,fanduel|664e6bda5721dc63be16bcf7d962a436|h2h|event,0.44548474,https://api.the-odds-api.com/v4/sports/americanfootball_nfl
2026,3,664e6bda5721dc63be16bcf7d962a436,2026-10-04T17:00:00Z,FanDuel,2026-09-24T19:59:06Z,Arizona Cardinals,New York Giants,h2h,New York Giants,,-136,0.57627119,fanduel|664e6bda5721dc63be16bcf7d962a436|h2h|event,0.55451526,https://api.the-odds-api.com/v4/sports/americanfootball_nfl
2026,3,664e6bda5721dc63be16bcf7d962a436,2026-10-04T17:00:00Z,FanDuel,2026-09-24T19:59:06Z,Arizona Cardinals,New York Giants,spreads,Arizona Cardinals,2.5,-110,0.52380952,fanduel|664e6bda5721dc63be16bcf7d962a436|spreads|event,0.5,https://api.the-odds-api.com/v4/sports/americanfootball_nfl
2026,3,664e6bda5721dc63be16bcf7d962a436,2026-10-04T17:00:00Z,FanDuel,2026-09-24T19:59:06Z,Arizona Cardinals,New York Giants,spreads,New York Giants,-2.5,-110,0.52380952,fanduel|664e6bda5721dc63be16bcf7d962a436|spreads|event,0.5,https://api.the-odds-api.com/v4/sports/americanfootball_nfl
2026,3,664e6bda5721dc63be16bcf7d962a436,2026-10-04T17:00:00Z,FanDuel,2026-09-24T19:59:06Z,Arizona Cardinals,New York Giants,totals,Over,43.5,-115,0.53488372,fanduel|664e6bda5721dc63be16bcf7d962a436|totals|43.5,0.51083424,https://api.the-odds-api.com/v4/sports/americanfootball_nfl
2026,3,664e6bda5721dc63be16bcf7d962a436,2026-10-04T17:00:00Z,FanDuel,2026-09-24T19:59:06Z,Arizona Cardinals,New York Giants,totals,Under,43.5,-105,0.51219512,fanduel|664e6bda5721dc63be16bcf7d962a436|totals|43.5,0.48916576,https://api.the-odds-api.com/v4/sports/americanfootball_nfl
2026,3,664e6bda5721dc63be16bcf7d962a436,2026-10-04T17:00:00Z,BetRivers,2026-09-24T19:58:14Z,Arizona Cardinals,New York Giants,h2h,Arizona Cardinals,,117,0.46082949,betrivers|664e6bda5721dc63be16bcf7d962a436|h2h|event,0.44060917,https://api.the-odds-api.com/v4/sports/americanfootball_nfl
2026,3,664e6bda5721dc63be16bcf7d962a436,2026-10-04T17:00:00Z,BetRivers,2026-09-24T19:58:14Z,Arizona Cardinals,New York Giants,h2h,New York Giants,,-141,0.58506224,betrivers|664e6bda5721dc63be16bcf7d962a436|h2h|event,0.55939083,https://api.the-odds-api.com/v4/sports/americanfootball_nfl
2026,3,664e6bda5721dc63be16bcf7d962a436,2026-10-04T17:00:00Z,BetRivers,2026-09-24T19:58:14Z,Arizona Cardinals,New York Giants,spreads,Arizona Cardinals,2.5,-105,0.51219512,betrivers|664e6bda5721dc63be16bcf7d962a436|spreads|event,0.48717126,https://api.the-odds-api.com/v4/sports/americanfootball_nfl
2026,3,664e6bda5721dc63be16bcf7d962a436,2026-10-04T17:00:00Z,BetRivers,2026-09-24T19:58:14Z,Arizona Cardinals,New York Giants,spreads,New York Giants,-2.5,-117,0.53917051,betrivers|664e6bda5721dc63be16bcf7d962a436|spreads|event,0.51282874,https://api.the-odds-api.com/v4/sports/americanfootball_nfl
2026,3,664e6bda5721dc63be16bcf7d962a436,2026-10-04T17:00:00Z,BetRivers,2026-09-24T19:58:14Z,Arizona Cardinals,New York Giants,totals,Over,43.5,-112,0.52830189,betrivers|664e6bda5721dc63be16bcf7d962a436|totals|43.5,0.5032247,https://api.the-odds-api.com/v4/sports/americanfootball_nfl
2026,3,664e6bda5721dc63be16bcf7d962a436,2026-10-04T17:00:00Z,BetRivers,2026-09-24T19:58:14Z,Arizona Cardinals,New York Giants,totals,Under,43.5,-109,0.5215311,betrivers|664e6bda5721dc63be16bcf7d962a436|totals|43.5,0.4967753,https://api.the-odds-api.com/v4/sports/americanfootball_nfl
2026,3,664e6bda5721dc63be16bcf7d962a436,2026-10-04T17:00:00Z,MyBookie.ag,2026-09-24T19:57:58Z,Arizona Cardinals,New York Giants,h2h,Arizona Cardinals,,113,0.46948357,mybookieag|664e6bda5721dc63be16bcf7d962a436|h2h|event,0.44305637,https://api.the-odds-api.com/v4/sports/americanfootball_nfl
2026,3,664e6bda5721dc63be16bcf7d962a436,2026-10-04T17:00:00Z,MyBookie.ag,2026-09-24T19:57:58Z,Arizona Cardinals,New York Giants,h2h,New York Giants,,-144,0.59016393,mybookieag|664e6bda5721dc63be16bcf7d962a436|h2h|event,0.55694363,https://api.the-odds-api.com/v4/sports/americanfootball_nfl
2026,3,664e6bda5721dc63be16bcf7d962a436,2026-10-04T17:00:00Z,MyBookie.ag,2026-09-24T19:57:58Z,Arizona Cardinals,New York Giants,spreads,Arizona Cardinals,2.5,-110,0.52380952,mybookieag|664e6bda5721dc63be16bcf7d962a436|spreads|event,0.5,https://api.the-odds-api.com/v4/sports/americanfootball_nfl
2026,3,664e6bda5721dc63be16bcf7d962a436,2026-10-04T17:00:00Z,MyBookie.ag,2026-09-24T19:57:58Z,Arizona Cardinals,New York Giants,spreads,New York Giants,-2.5,-110,0.52380952,mybookieag|664e6bda5721dc63be16bcf7d962a436|spreads|event,0.5,https://api.the-odds-api.com/v4/sports/americanfootball_nfl
2026,3,664e6bda5721dc63be16bcf7d962a436,2026-10-04T17:00:00Z,MyBookie.ag,2026-09-24T19:57:58Z,Arizona Cardinals,New York Giants,totals,Over,43.5,-110,0.52380952,mybookieag|664e6bda5721dc63be16bcf7d962a436|totals|43.5,0.5,https://api.the-odds-api.com/v4/sports/americanfootball_nfl
2026,3,664e6bda5721dc63be16bcf7d962a436,2026-10-04T17:00:00Z,MyBookie.ag,2026-09-24T19:57:58Z,Arizona Cardinals,New York Giants,totals,Under,43.5,-110,0.52380952,mybookieag|664e6bda5721dc63be16bcf7d962a436|totals|43.5,0.5,https://api.the-odds-api.com/v4/sports/americanfootball_nfl
2026,3,f01589b0e7e6dd4f4ac1220a1db81f53,2026-10-04T17:00:00Z,DraftKings,2026-09-24T19:58:31Z,Tennessee Titans,Baltimore Ravens,h2h,Baltimore Ravens,,-600,0.85714286,draftkings|f01589b0e7e6dd4f4ac1220a1db81f53|h2h|event,0.82233502,https://api.the-odds-api.com/v4/sports/americanfootball_nfl
2026,3,f01589b0e7e6dd4f4ac1220a1db81f53,2026-10-04T17:00:00Z,DraftKings,2026-09-24T19:58:31Z,Tennessee Titans,Baltimore Ravens,h2h,Tennessee Titans,,440,0.18518519,draftkings|f01589b0e7e6dd4f4ac1220a1db81f53|h2h|event,0.17766498,https://api.the-odds-api.com/v4/sports/americanfootball_nfl
2026,3,f01589b0e7e6dd4f4ac1220a1db81f53,2026-10-04T17:00:00Z,DraftKings,2026-09-24T19:58:31Z,Tennessee Titans,Baltimore Ravens,spreads,Baltimore Ravens,-10.5,-110,0.52380952,draftkings|f01589b0e7e6dd4f4ac1220a1db81f53|spreads|event,0.5,https://api.the-odds-api.com/v4/sports/americanfootball_nfl
2026,3,f01589b0e7e6dd4f4ac1220a1db81f53,2026-10-04T17:00:00Z,DraftKings,2026-09-24T19:58:31Z,Tennessee Titans,Baltimore Ravens,spreads,Tennessee Titans,10.5,-110,0.52380952,draftkings|f01589b0e7e6dd4f4ac1220a1db81f53|spreads|event,0.5,https://api.the-odds-api.com/v4/sports/americanfootball_nfl
2026,3,f01589b0e7e6dd4f4ac1220a1db81f53,2026-10-04T17:00:00Z,DraftKings,2026-09-24T19:58:31Z,Tennessee Titans,Baltimore Ravens,totals,Over,44.5,-110,0.52380952,draftkings|f01589b0e7e6dd4f4ac1220a1db81f53|totals|44.5,0.5,https://api.the-odds-api.com/v4/sports/americanfootball_nfl
2026,3,f01589b0e7e6dd4f4ac1220a1db81f53,2026-10-04T17:00:00Z,DraftKings,2026-09-24T19:58:31Z,Tennessee Titans,Baltimore Ravens,totals,Under,44.5,-110,0.52380952,draftkings|f01589b0e7e6dd4f4ac1220a1db81f53|totals|44.5,0.5,https://api.the-odds-api.com/v4/sports/americanfootball_nfl
2026,3,f01589b0e7e6dd4f4ac1220a1db81f53,2026-10-04T17:00:00Z,BetUS,2026-09-24T19:59:06Z,Tennessee Titans,Baltimore Ravens,spreads,Baltimore Ravens,-10.5,-110,0.52380952,betus|f01589b0e7e6dd4f4ac1220a1db81f53|spreads|event,0.5,https://api.the-odds-api.com/v4/sports/americanfootball_nfl
2026,3,f01589b0e7e6dd4f4ac1220a1db81f53,2026-10-04T17:00:00Z,BetUS,2026-09-24T19:59:06Z,Tennessee Titans,Baltimore Ravens,spreads,Tennessee Titans,10.5,-110,0.52380952,betus|f01589b0e7e6dd4f4ac1220a1db81f53|spreads|event,0.5,https://api.the-odds-api.com/v4/sports/americanfootball_nfl
2026,3,f01589b0e7e6dd4f4ac1220a1db81f53,2026-10-04T17:00:00Z,BetUS,2026-09-24T19:59:06Z,Tennessee Titans,Baltimore Ravens,totals,Over,45.0,-110,0.52380952,betus|f01589b0e7e6dd4f4ac1220a1db81f53|totals|45.0,0.5,https://api.the-odds-api.com/v4/sports/americanfootball_nfl
2026,3,f01589b0e7e6dd4f4ac1220a1db81f53,2026-10-04T17:00:00Z,BetUS,2026-09-24T19:59:06Z,Tennessee Titans,Baltimore Ravens,totals,Under,45.0,-110,0.52380952,betus|f01589b0e7e6dd4f4ac1220a1db81f53|totals|45.0,0.5,https://api.the-odds-api.com/v4/sports/americanfootball_nfl
2026,3,f01589b0e7e6dd4f4ac1220a1db81f53,2026-10-04T17:00:00Z,FanDuel,2026-09-24T19:59:06Z,Tennessee Titans,Baltimore Ravens,h2h,Baltimore Ravens,,-700,0.875,fanduel|f01589b0e7e6dd4f4ac1220a1db81f53|h2h|event,0.84,https://api.the-odds-api.com/v4/sports/americanfootball_nfl
2026,3,f01589b0e7e6dd4f4ac1220a1db81f53,2026-10-04T17:00:00Z,FanDuel,2026-09-24T19:59:06Z,Tennessee Titans,Baltimore Ravens,h2h,Tennessee Titans,,500,0.16666667,fanduel|f01589b0e7e6dd4f4ac1220a1db81f53|h2h|event,0.16,https://api.the-odds-api.com/v4/sports/americanfootball_nfl
2026,3,f01589b0e7e6dd4f4ac1220a1db81f53,2026-10-04T17:00:00Z,FanDuel,2026-09-24T19:59:06Z,Tennessee Titans,Baltimore Ravens,spreads,Baltimore Ravens,-10.5,-110,0.52380952,fanduel|f01589b0e7e6dd4f4ac1220a1db81f53|spreads|event,0.5,https://api.the-odds-api.com/v4/sports/americanfootball_nfl
2026,3,f01589b0e7e6dd4f4ac1220a1db81f53,2026-10-04T17:00:00Z,FanDuel,2026-09-24T19:59:06Z,Tennessee Titans,Baltimore Ravens,spreads,Tennessee Titans,10.5,-110,0.52380952,fanduel|f01589b0e7e6dd4f4ac1220a1db81f53|spreads|event,0.5,https://api.the-odds-api.com/v4/sports/americanfootball_nfl
2026,3,f01589b0e7e6dd4f4ac1220a1db81f53,2026-10-04T17:00:00Z,FanDuel,2026-09-24T19:59:06Z,Tennessee Titans,Baltimore Ravens,totals,Over,44.5,-118,0.5412844,fanduel|f01589b0e7e6dd4f4ac1220a1db81f53|totals|44.5,0.51497518,https://api.the-odds-api.com/v4/sports/americanfootball_nfl
2026,3,f01589b0e7e6dd4f4ac1220a1db81f53,2026-10-04T17:00:00Z,FanDuel,2026-09-24T19:59:06Z,Tennessee Titans,Baltimore Ravens,totals,Under,44.5,-104,0.50980392,fanduel|f01589b0e7e6dd4f4ac1220a1db81f53|totals|44.5,0.48502482,https://api.the-odds-api.com/v4/sports/americanfootball_nfl
2026,3,f01589b0e7e6dd4f4ac1220a1db81f53,2026-10-04T17:00:00Z,BetOnline.ag,2026-09-24T19:58:15Z,Tennessee Titans,Baltimore Ravens,spreads,Baltimore Ravens,-10.5,-110,0.52380952,betonlineag|f01589b0e7e6dd4f4ac1220a1db81f53|spreads|event,0.5,https://api.the-odds-api.com/v4/sports/americanfootball_nfl
2026,3,f01589b0e7e6dd4f4ac1220a1db81f53,2026-10-04T17:00:00Z,BetOnline.ag,2026-09-24T19:58:15Z,Tennessee Titans,Baltimore Ravens,spreads,Tennessee Titans,10.5,-110,0.52380952,betonlineag|f01589b0e7e6dd4f4ac1220a1db81f53|spreads|event,0.5,https://api.the-odds-api.com/v4/sports/americanfootball_nfl
2026,3,f01589b0e7e6dd4f4ac1220a1db81f53,2026-10-04T17:00:00Z,BetOnline.ag,2026-09-24T19:58:15Z,Tennessee Titans,Baltimore Ravens,totals,Over,45.0,-110,0.52380952,betonlineag|f01589b0e7e6dd4f4ac1220a1db81f53|totals|45.0,0.5,https://api.the-odds-api.com/v4/sports/americanfootball_nfl
2026,3,f01589b0e7e6dd4f4ac1220a1db81f53,2026-10-04T17:00:00Z,BetOnline.ag,2026-09-24T19:58:15Z,Tennessee Titans,Baltimore Ravens,totals,Under,45.0,-110,0.52380952,betonlineag|f01589b0e7e6dd4f4ac1220a1db81f53|totals|45.0,0.5,https://api.the-odds-api.com/v4/sports/americanfootball_nfl
2026,3,f01589b0e7e6dd4f4ac1220a1db81f53,2026-10-04T17:00:00Z,LowVig.ag,2026-09-24T19:59:07Z,Tennessee Titans,Baltimore Ravens,spreads,Baltimore Ravens,-10.5,-105,0.51219512,lowvig|f01589b0e7e6dd4f4ac1220a1db81f53|spreads|event,0.5,https://api.the-odds-api.com/v4/sports/americanfootball_nfl
2026,3,f01589b0e7e6dd4f4ac1220a1db81f53,2026-10-04T17:00:00Z,LowVig.ag,2026-09-24T19:59:07Z,Tennessee Titans,Baltimore Ravens,spreads,Tennessee Titans,10.5,-105,0.51219512,lowvig|f01589b0e7e6dd4f4ac1220a1db81f53|spreads|event,0.5,https://api.the-odds-api.com/v4/sports/americanfootball_nfl
2026,3,f01589b0e7e6dd4f4ac1220a1db81f53,2026-10-04T17:00:00Z,LowVig.ag,2026-09-24T19:59:07Z,Tennessee Titans,Baltimore Ravens,totals,Over,45.0,-107,0.51690821,lowvig|f01589b0e7e6dd4f4ac1220a1db81f53|totals|45.0,0.5,https://api.the-odds-api.com/v4/sports/americanfootball_nfl
2026,3,f01589b0e7e6dd4f4ac1220a1db81f53,2026-10-04T17:00:00Z,LowVig.ag,2026-09-24T19:59:07Z,Tennessee Titans,Baltimore Ravens,totals,Under,45.0,-107,0.51690821,lowvig|f01589b0e7e6dd4f4ac1220a1db81f53|totals|45.0,0.5,https://api.the-odds-api.com/v4/sports/americanfootball_nfl
2026,3,f01589b0e7e6dd4f4ac1220a1db81f53,2026-10-04T17:00:00Z,BetRivers,2026-09-24T19:58:14Z,Tennessee Titans,Baltimore Ravens,h2h,Baltimore Ravens,,-670,0.87012987,betrivers|f01589b0e7e6dd4f4ac1220a1db81f53|h2h|event,0.82972136,https://api.the-odds-api.com/v4/sports/americanfootball_nfl
2026,3,f01589b0e7e6dd4f4ac1220a1db81f53,2026-10-04T17:00:00Z,BetRivers,2026-09-24T19:58:14Z,Tennessee Titans,Baltimore Ravens,h2h,Tennessee Titans,,460,0.17857143,betrivers|f01589b0e7e6dd4f4ac1220a1db81f53|h2h|event,0.17027864,https://api.the-odds-api.com/v4/sports/americanfootball_nfl
2026,3,f01589b0e7e6dd4f4ac1220a1db81f53,2026-10-04T17:00:00Z,BetRivers,2026-09-24T19:58:14Z,Tennessee Titans,Baltimore Ravens,spreads,Baltimore Ravens,-10.0,-114,0.53271028,betrivers|f01589b0e7e6dd4f4ac1220a1db81f53|spreads|event,0.50752753,https://api.the-odds-api.com/v4/sports/americanfootball_nfl
2026,3,f01589b0e7e6dd4f4ac1220a1db81f53,2026-10-04T17:00:00Z,BetRivers,2026-09-24T19:58:14Z,Tennessee Titans,Baltimore Ravens,spreads,Tennessee Titans,10.0,-107,0.51690821,betrivers|f01589b0e7e6dd4f4ac1220a1db81f53|spreads|event,0.49247247,https://api.the-odds-api.com/v4/sports/americanfootball_nfl
2026,3,f01589b0e7e6dd4f4ac1220a1db81f53,2026-10-04T17:00:00Z,BetRivers,2026-09-24T19:58:14Z,Tennessee Titans,Baltimore Ravens,totals,Over,44.5,-110,0.52380952,betrivers|f01589b0e7e6dd4f4ac1220a1db81f53|totals|44.5,0.5,https://api.the-odds-api.com/v4/sports/americanfootball_nfl
2026,3,f01589b0e7e6dd4f4ac1220a1db81f53,2026-10-04T17:00:00Z,BetRivers,2026-09-24T19:58:14Z,Tennessee Titans,Baltimore Ravens,totals,Under,44.5,-110,0.52380952,betrivers|f01589b0e7e6dd4f4ac1220a1db81f53|totals|44.5,0.5,https://api.the-odds-api.com/v4/sports/americanfootball_nfl
2026,3,f01589b0e7e6dd4f4ac1220a1db81f53,2026-10-04T17:00:00Z,MyBookie.ag,2026-09-24T19:57:58Z,Tennessee Titans,Baltimore Ravens,h2h,Baltimore Ravens,,-676,0.87113402,mybookieag|f01589b0e7e6dd4f4ac1220a1db81f53|h2h|event,0.82196935,https://api.the-odds-api.com/v4/sports/americanfootball_nfl
2026,3,f01589b0e7e6dd4f4ac1220a1db81f53,2026-10-04T17:00:00Z,MyBookie.ag,2026-09-24T19:57:58Z,Tennessee Titans,Baltimore Ravens,h2h,Tennessee Titans,,430,0.18867925,mybookieag|f01589b0e7e6dd4f4ac1220a1db81f53|h2h|event,0.17803065,https://api.the-odds-api.com/v4/sports/americanfootball_nfl
2026,3,f01589b0e7e6dd4f4ac1220a1db81f53,2026-10-04T17:00:00Z,MyBookie.ag,2026-09-24T19:57:58Z,Tennessee Titans,Baltimore Ravens,spreads,Baltimore Ravens,-10.5,-110,0.52380952,mybookieag|f01589b0e7e6dd4f4ac1220a1db81f53|spreads|event,0.5,https://api.the-odds-api.com/v4/sports/americanfootball_nfl
2026,3,f01589b0e7e6dd4f4ac1220a1db81f53,2026-10-04T17:00:00Z,MyBookie.ag,2026-09-24T19:57:58Z,Tennessee Titans,Baltimore Ravens,spreads,Tennessee Titans,10.5,-110,0.52380952,mybookieag|f01589b0e7e6dd4f4ac1220a1db81f53|spreads|event,0.5,https://api.the-odds-api.com/v4/sports/americanfootball_nfl
2026,3,f01589b0e7e6dd4f4ac1220a1db81f53,2026-10-04T17:00:00Z,MyBookie.ag,2026-09-24T19:57:58Z,Tennessee Titans,Baltimore Ravens,totals,Over,45.0,-110,0.52380952,mybookieag|f01589b0e7e6dd4f4ac1220a1db81f53|totals|45.0,0.5,https://api.the-odds-api.com/v4/sports/americanfootball_nfl
2026,3,f01589b0e7e6dd4f4ac1220a1db81f53,2026-10-04T17:00:00Z,MyBookie.ag,2026-09-24T19:57:58Z,Tennessee Titans,Baltimore Ravens,totals,Under,45.0,-110,0.52380952,mybookieag|f01589b0e7e6dd4f4ac1220a1db81f53|totals|45.0,0.5,https://api.the-odds-api.com/v4/sports/americanfootball_nfl
2026,3,573cc0ef39631a4f6673ec843a8bedd4,2026-10-04T17:00:00Z,DraftKings,2026-09-24T19:58:31Z,New England Patriots,Buffalo Bills,h2h,Buffalo Bills,,-250,0.71428571,draftkings|573cc0ef39631a4f6673ec843a8bedd4|h2h|event,0.68539326,https://api.the-odds-api.com/v4/sports/americanfootball_nfl
2026,3,573cc0ef39631a4f6673ec843a8bedd4,2026-10-04T17:00:00Z,DraftKings,2026-09-24T19:58:31Z,New England Patriots,Buffalo Bills,h2h,New England Patriots,,205,0.32786885,draftkings|573cc0ef39631a4f6673ec843a8bedd4|h2h|event,0.31460674,https://api.the-odds-api.com/v4/sports/americanfootball_nfl
2026,3,573cc0ef39631a4f6673ec843a8bedd4,2026-10-04T17:00:00Z,DraftKings,2026-09-24T19:58:31Z,New England Patriots,Buffalo Bills,spreads,Buffalo Bills,-5.5,-110,0.52380952,draftkings|573cc0ef39631a4f6673ec843a8bedd4|spreads|event,0.5,https://api.the-odds-api.com/v4/sports/americanfootball_nfl
2026,3,573cc0ef39631a4f6673ec843a8bedd4,2026-10-04T17:00:00Z,DraftKings,2026-09-24T19:58:31Z,New England Patriots,Buffalo Bills,spreads,New England Patriots,5.5,-110,0.52380952,draftkings|573cc0ef39631a4f6673ec843a8bedd4|spreads|event,0.5,https://api.the-odds-api.com/v4/sports/americanfootball_nfl
2026,3,573cc0ef39631a4f6673ec843a8bedd4,2026-10-04T17:00:00Z,DraftKings,2026-09-24T19:58:31Z,New England Patriots,Buffalo Bills,totals,Over,49.5,-110,0.52380952,draftkings|573cc0ef39631a4f6673ec843a8bedd4|totals|49.5,0.5,https://api.the-odds-api.com/v4/sports/americanfootball_nfl
2026,3,573cc0ef39631a4f6673ec843a8bedd4,2026-10-04T17:00:00Z,DraftKings,2026-09-24T19:58:31Z,New England Patriots,Buffalo Bills,totals,Under,49.5,-110,0.52380952,draftkings|573cc0ef39631a4f6673ec843a8bedd4|totals|49.5,0.5,https://api.the-odds-api.com/v4/sports/americanfootball_nfl
2026,3,573cc0ef39631a4f6673ec843a8bedd4,2026-10-04T17:00:00Z,FanDuel,2026-09-24T19:59:06Z,New England Patriots,Buffalo Bills,h2h,Buffalo Bills,,-260,0.72222222,fanduel|573cc0ef39631a4f6673ec843a8bedd4|h2h|event,0.69465649,https://api.the-odds-api.com/v4/sports/americanfootball_nfl
2026,3,573cc0ef39631a4f6673ec843a8bedd4,2026-10-04T17:00:00Z,FanDuel,2026-09-24T19:59:06Z,New England Patriots,Buffalo Bills,h2h,New England Patriots,,215,0.31746032,fanduel|573cc0ef39631a4f6673ec843a8bedd4|h2h|event,0.30534351,https://api.the-odds-api.com/v4/sports/americanfootball_nfl
2026,3,573cc0ef39631a4f6673ec843a8bedd4,2026-10-04T17:00:00Z,FanDuel,2026-09-24T19:59:06Z,New England Patriots,Buffalo Bills,spreads,Buffalo Bills,-5.5,-115,0.53488372,fanduel|573cc0ef39631a4f6673ec843a8bedd4|spreads|event,0.51083424,https://api.the-odds-api.com/v4/sports/americanfootball_nfl
2026,3,573cc0ef39631a4f6673ec843a8bedd4,2026-10-04T17:00:00Z,FanDuel,2026-09-24T19:59:06Z,New England Patriots,Buffalo Bills,spreads,New England Patriots,5.5,-105,0.51219512,fanduel|573cc0ef39631a4f6673ec843a8bedd4|spreads|event,0.48916576,https://api.the-odds-api.com/v4/sports/americanfootball_nfl
2026,3,573cc0ef39631a4f6673ec843a8bedd4,2026-10-04T17:00:00Z,FanDuel,2026-09-24T19:59:06Z,New England Patriots,Buffalo Bills,totals,Over,50.5,-104,0.50980392,fanduel|573cc0ef39631a4f6673ec843a8bedd4|totals|50.5,0.48502482,https://api.the-odds-api.com/v4/sports/americanfootball_nfl
2026,3,573cc0ef39631a4f6673ec843a8bedd4,2026-10-04T17:00:00Z,FanDuel,2026-09-24T19:59:06Z,New England Patriots,Buffalo Bills,totals,Under,50.5,-118,0.5412844,fanduel|573cc0ef39631a4f6673ec843a8bedd4|totals|50.5,0.51497518,https://api.the-odds-api.com/v4/sports/americanfootball_nfl
2026,3,573cc0ef39631a4f6673ec843a8bedd4,2026-10-04T17:00:00Z,BetUS,2026-09-24T19:59:06Z,New England Patriots,Buffalo Bills,spreads,Buffalo Bills,-5.5,-110,0.52380952,betus|573cc0ef39631a4f6673ec843a8bedd4|spreads|event,0.5,https://api.the-odds-api.com/v4/sports/americanfootball_nfl
2026,3,573cc0ef39631a4f6673ec843a8bedd4,2026-10-04T17:00:00Z,BetUS,2026-09-24T19:59:06Z,New England Patriots,Buffalo Bills,spreads,New England Patriots,5.5,-110,0.52380952,betus|573cc0ef39631a4f6673ec843a8bedd4|spreads|event,0.5,https://api.the-odds-api.com/v4/sports/americanfootball_nfl
2026,3,573cc0ef39631a4f6673ec843a8bedd4,2026-10-04T17:00:00Z,BetUS,2026-09-24T19:59:06Z,New England Patriots,Buffalo Bills,totals,Over,50.5,-110,0.52380952,betus|573cc0ef39631a4f6673ec843a8bedd4|totals|50.5,0.5,https://api.the-odds-api.com/v4/sports/americanfootball_nfl
2026,3,573cc0ef39631a4f6673ec843a8bedd4,2026-10-04T17:00:00Z,BetUS,2026-09-24T19:59:06Z,New England Patriots,Buffalo Bills,totals,Under,50.5,-110,0.52380952,betus|573cc0ef39631a4f6673ec843a8bedd4|totals|50.5,0.5,https://api.the-odds-api.com/v4/sports/americanfootball_nfl
2026,3,573cc0ef39631a4f6673ec843a8bedd4,2026-10-04T17:00:00Z,LowVig.ag,2026-09-24T19:59:07Z,New England Patriots,Buffalo Bills,spreads,Buffalo Bills,-5.5,-105,0.51219512,lowvig|573cc0ef39631a4f6673ec843a8bedd4|spreads|event,0.5,https://api.the-odds-api.com/v4/sports/americanfootball_nfl
2026,3,573cc0ef39631a4f6673ec843a8bedd4,2026-10-04T17:00:00Z,LowVig.ag,2026-09-24T19:59:07Z,New England Patriots,Buffalo Bills,spreads,New England Patriots,5.5,-105,0.51219512,lowvig|573cc0ef39631a4f6673ec843a8bedd4|spreads|event,0.5,https://api.the-odds-api.com/v4/sports/americanfootball_nfl
2026,3,573cc0ef39631a4f6673ec843a8bedd4,2026-10-04T17:00:00Z,LowVig.ag,2026-09-24T19:59:07Z,New England Patriots,Buffalo Bills,totals,Over,50.0,-107,0.51690821,lowvig|573cc0ef39631a4f6673ec843a8bedd4|totals|50.0,0.5,https://api.the-odds-api.com/v4/sports/americanfootball_nfl
2026,3,573cc0ef39631a4f6673ec843a8bedd4,2026-10-04T17:00:00Z,LowVig.ag,2026-09-24T19:59:07Z,New England Patriots,Buffalo Bills,totals,Under,50.0,-107,0.51690821,lowvig|573cc0ef39631a4f6673ec843a8bedd4|totals|50.0,0.5,https://api.the-odds-api.com/v4/sports/americanfootball_nfl
2026,3,573cc0ef39631a4f6673ec843a8bedd4,2026-10-04T17:00:00Z,BetOnline.ag,2026-09-24T19:58:15Z,New England Patriots,Buffalo Bills,spreads,Buffalo Bills,-5.5,-110,0.52380952,betonlineag|573cc0ef39631a4f6673ec843a8bedd4|spreads|event,0.5,https://api.the-odds-api.com/v4/sports/americanfootball_nfl
2026,3,573cc0ef39631a4f6673ec843a8bedd4,2026-10-04T17:00:00Z,BetOnline.ag,2026-09-24T19:58:15Z,New England Patriots,Buffalo Bills,spreads,New England Patriots,5.5,-110,0.52380952,betonlineag|573cc0ef39631a4f6673ec843a8bedd4|spreads|event,0.5,https://api.the-odds-api.com/v4/sports/americanfootball_nfl
2026,3,573cc0ef39631a4f6673ec843a8bedd4,2026-10-04T17:00:00Z,BetOnline.ag,2026-09-24T19:58:15Z,New England Patriots,Buffalo Bills,totals,Over,50.0,-110,0.52380952,betonlineag|573cc0ef39631a4f6673ec843a8bedd4|totals|50.0,0.5,https://api.the-odds-api.com/v4/sports/americanfootball_nfl
2026,3,573cc0ef39631a4f6673ec843a8bedd4,2026-10-04T17:00:00Z,BetOnline.ag,2026-09-24T19:58:15Z,New England Patriots,Buffalo Bills,totals,Under,50.0,-110,0.52380952,betonlineag|573cc0ef39631a4f6673ec843a8bedd4|totals|50.0,0.5,https://api.the-odds-api.com/v4/sports/americanfootball_nfl
2026,3,573cc0ef39631a4f6673ec843a8bedd4,2026-10-04T17:00:00Z,BetRivers,2026-09-24T19:58:14Z,New England Patriots,Buffalo Bills,h2h,Buffalo Bills,,-265,0.7260274,betrivers|573cc0ef39631a4f6673ec843a8bedd4|h2h|event,0.69237252,https://api.the-odds-api.com/v4/sports/americanfootball_nfl
2026,3,573cc0ef39631a4f6673ec843a8bedd4,2026-10-04T17:00:00Z,BetRivers,2026-09-24T19:58:14Z,New England Patriots,Buffalo Bills,h2h,New England Patriots,,210,0.32258065,betrivers|573cc0ef39631a4f6673ec843a8bedd4|h2h|event,0.30762748,https://api.the-odds-api.com/v4/sports/americanfootball_nfl
2026,3,573cc0ef39631a4f6673ec843a8bedd4,2026-10-04T17:00:00Z,BetRivers,2026-09-24T19:58:14Z,New England Patriots,Buffalo Bills,spreads,Buffalo Bills,-5.5,-112,0.52830189,betrivers|573cc0ef39631a4f6673ec843a8bedd4|spreads|event,0.5032247,https://api.the-odds-api.com/v4/sports/americanfootball_nfl
2026,3,573cc0ef39631a4f6673ec843a8bedd4,2026-10-04T17:00:00Z,BetRivers,2026-09-24T19:58:14Z,New England Patriots,Buffalo Bills,spreads,New England Patriots,5.5,-109,0.5215311,betrivers|573cc0ef39631a4f6673ec843a8bedd4|spreads|event,0.4967753,https://api.the-odds-api.com/v4/sports/americanfootball_nfl
2026,3,573cc0ef39631a4f6673ec843a8bedd4,2026-10-04T17:00:00Z,BetRivers,2026-09-24T19:58:14Z,New England Patriots,Buffalo Bills,totals,Over,49.5,-113,0.53051643,betrivers|573cc0ef39631a4f6673ec843a8bedd4|totals|49.5,0.50537542,https://api.the-odds-api.com/v4/sports/americanfootball_nfl
2026,3,573cc0ef39631a4f6673ec843a8bedd4,2026-10-04T17:00:00Z,BetRivers,2026-09-24T19:58:14Z,New England Patriots,Buffalo Bills,totals,Under,49.5,-108,0.51923077,betrivers|573cc0ef39631a4f6673ec843a8bedd4|totals|49.5,0.49462458,https://api.the-odds-api.com/v4/sports/americanfootball_nfl
2026,3,573cc0ef39631a4f6673ec843a8bedd4,2026-10-04T17:00:00Z,MyBookie.ag,2026-09-24T19:57:58Z,New England Patriots,Buffalo Bills,h2h,Buffalo Bills,,-250,0.71428571,mybookieag|573cc0ef39631a4f6673ec843a8bedd4|h2h|event,0.67365967,https://api.the-odds-api.com/v4/sports/americanfootball_nfl
2026,3,573cc0ef39631a4f6673ec843a8bedd4,2026-10-04T17:00:00Z,MyBookie.ag,2026-09-24T19:57:58Z,New England Patriots,Buffalo Bills,h2h,New England Patriots,,189,0.34602076,mybookieag|573cc0ef39631a4f6673ec843a8bedd4|h2h|event,0.32634033,https://api.the-odds-api.com/v4/sports/americanfootball_nfl
2026,3,573cc0ef39631a4f6673ec843a8bedd4,2026-10-04T17:00:00Z,MyBookie.ag,2026-09-24T19:57:58Z,New England Patriots,Buffalo Bills,spreads,Buffalo Bills,-5.5,-110,0.52380952,mybookieag|573cc0ef39631a4f6673ec843a8bedd4|spreads|event,0.5,https://api.the-odds-api.com/v4/sports/americanfootball_nfl
2026,3,573cc0ef39631a4f6673ec843a8bedd4,2026-10-04T17:00:00Z,MyBookie.ag,2026-09-24T19:57:58Z,New England Patriots,Buffalo Bills,spreads,New England Patriots,5.5,-110,0.52380952,mybookieag|573cc0ef39631a4f6673ec843a8bedd4|spreads|event,0.5,https://api.the-odds-api.com/v4/sports/americanfootball_nfl
2026,3,573cc0ef39631a4f6673ec843a8bedd4,2026-10-04T17:00:00Z,MyBookie.ag,2026-09-24T19:57:58Z,New England Patriots,Buffalo Bills,totals,Over,50.0,-110,0.52380952,mybookieag|573cc0ef39631a4f6673ec843a8bedd4|totals|50.0,0.5,https://api.the-odds-api.com/v4/sports/americanfootball_nfl
2026,3,573cc0ef39631a4f6673ec843a8bedd4,2026-10-04T17:00:00Z,MyBookie.ag,2026-09-24T19:57:58Z,New England Patriots,Buffalo Bills,totals,Under,50.0,-110,0.52380952,mybookieag|573cc0ef39631a4f6673ec843a8bedd4|totals|50.0,0.5,https://api.the-odds-api.com/v4/sports/americanfootball_nfl
2026,3,164e6eb68f31bac190381903c3cccd31,2026-10-04T17:00:00Z,DraftKings,2026-09-24T19:58:31Z,New York Jets,Chicago Bears,h2h,Chicago Bears,,-175,0.63636364,draftkings|164e6eb68f31bac190381903c3cccd31|h2h|event,0.60923623,https://api.the-odds-api.com/v4/sports/americanfootball_nfl
2026,3,164e6eb68f31bac190381903c3cccd31,2026-10-04T17:00:00Z,DraftKings,2026-09-24T19:58:31Z,New York Jets,Chicago Bears,h2h,New York Jets,,145,0.40816327,draftkings|164e6eb68f31bac190381903c3cccd31|h2h|event,0.39076377,https://api.the-odds-api.com/v4/sports/americanfootball_nfl
2026,3,164e6eb68f31bac190381903c3cccd31,2026-10-04T17:00:00Z,DraftKings,2026-09-24T19:58:31Z,New York Jets,Chicago Bears,spreads,Chicago Bears,-3.5,-102,0.5049505,draftkings|164e6eb68f31bac190381903c3cccd31|spreads|event,0.48263588,https://api.the-odds-api.com/v4/sports/americanfootball_nfl
2026,3,164e6eb68f31bac190381903c3cccd31,2026-10-04T17:00:00Z,DraftKings,2026-09-24T19:58:31Z,New York Jets,Chicago Bears,spreads,New York Jets,3.5,-118,0.5412844,draftkings|164e6eb68f31bac190381903c3cccd31|spreads|event,0.51736412,https://api.the-odds-api.com/v4/sports/americanfootball_nfl
2026,3,164e6eb68f31bac190381903c3cccd31,2026-10-04T17:00:00Z,DraftKings,2026-09-24T19:58:31Z,New York Jets,Chicago Bears,totals,Over,43.5,-110,0.52380952,draftkings|164e6eb68f31bac190381903c3cccd31|totals|43.5,0.5,https://api.the-odds-api.com/v4/sports/americanfootball_nfl
2026,3,164e6eb68f31bac190381903c3cccd31,2026-10-04T17:00:00Z,DraftKings,2026-09-24T19:58:31Z,New York Jets,Chicago Bears,totals,Under,43.5,-110,0.52380952,draftkings|164e6eb68f31bac190381903c3cccd31|totals|43.5,0.5,https://api.the-odds-api.com/v4/sports/americanfootball_nfl
2026,3,164e6eb68f31bac190381903c3cccd31,2026-10-04T17:00:00Z,FanDuel,2026-09-24T19:59:06Z,New York Jets,Chicago Bears,h2h,Chicago Bears,,-190,0.65517241,fanduel|164e6eb68f31bac190381903c3cccd31|h2h|event,0.63010204,https://api.the-odds-api.com/v4/sports/americanfootball_nfl
2026,3,164e6eb68f31bac190381903c3cccd31,2026-10-04T17:00:00Z,FanDuel,2026-09-24T19:59:06Z,New York Jets,Chicago Bears,h2h,New York Jets,,160,0.38461538,fanduel|164e6eb68f31bac190381903c3cccd31|h2h|event,0.36989796,https://api.the-odds-api.com/v4/sports/americanfootball_nfl
2026,3,164e6eb68f31bac190381903c3cccd31,2026-10-04T17:00:00Z,FanDuel,2026-09-24T19:59:06Z,New York Jets,Chicago Bears,spreads,Chicago Bears,-3.5,-110,0.52380952,fanduel|164e6eb68f31bac190381903c3cccd31|spreads|event,0.5,https://api.the-odds-api.com/v4/sports/americanfootball_nfl
2026,3,164e6eb68f31bac190381903c3cccd31,2026-10-04T17:00:00Z,FanDuel,2026-09-24T19:59:06Z,New York Jets,Chicago Bears,spreads,New York Jets,3.5,-110,0.52380952,fanduel|164e6eb68f31bac190381903c3cccd31|spreads|event,0.5,https://api.the-odds-api.com/v4/sports/americanfootball_nfl
2026,3,164e6eb68f31bac190381903c3cccd31,2026-10-04T17:00:00Z,FanDuel,2026-09-24T19:59:06Z,New York Jets,Chicago Bears,totals,Over,43.5,-105,0.51219512,fanduel|164e6eb68f31bac190381903c3cccd31|totals|43.5,0.48916576,https://api.the-odds-api.com/v4/sports/americanfootball_nfl
2026,3,164e6eb68f31bac190381903c3cccd31,2026-10-04T17:00:00Z,FanDuel,2026-09-24T19:59:06Z,New York Jets,Chicago Bears,totals,Under,43.5,-115,0.53488372,fanduel|164e6eb68f31bac190381903c3cccd31|totals|43.5,0.51083424,https://api.the-odds-api.com/v4/sports/americanfootball_nfl
2026,3,164e6eb68f31bac190381903c3cccd31,2026-10-04T17:00:00Z,BetUS,2026-09-24T19:59:06Z,New York Jets,Chicago Bears,spreads,Chicago Bears,-3.5,-105,0.51219512,betus|164e6eb68f31bac190381903c3cccd31|spreads|event,0.48916576,https://api.the-odds-api.com/v4/sports/americanfootball_nfl
2026,3,164e6eb68f31bac190381903c3cccd31,2026-10-04T17:00:00Z,BetUS,2026-09-24T19:59:06Z,New York Jets,Chicago Bears,spreads,New York Jets,3.5,-115,0.53488372,betus|164e6eb68f31bac190381903c3cccd31|spreads|event,0.51083424,https://api.the-odds-api.com/v4/sports/americanfootball_nfl
2026,3,164e6eb68f31bac190381903c3cccd31,2026-10-04T17:00:00Z,BetUS,2026-09-24T19:59:06Z,New York Jets,Chicago Bears,totals,Over,43.0,-110,0.52380952,betus|164e6eb68f31bac190381903c3cccd31|totals|43.0,0.5,https://api.the-odds-api.com/v4/sports/americanfootball_nfl
2026,3,164e6eb68f31bac190381903c3cccd31,2026-10-04T17:00:00Z,BetUS,2026-09-24T19:59:06Z,New York Jets,Chicago Bears,totals,Under,43.0,-110,0.52380952,betus|164e6eb68f31bac190381903c3cccd31|totals|43.0,0.5,https://api.the-odds-api.com/v4/sports/americanfootball_nfl
2026,3,164e6eb68f31bac190381903c3cccd31,2026-10-04T17:00:00Z,LowVig.ag,2026-09-24T19:59:07Z,New York Jets,Chicago Bears,spreads,Chicago Bears,-3.5,100,0.5,lowvig|164e6eb68f31bac190381903c3cccd31|spreads|event,0.48837209,https://api.the-odds-api.com/v4/sports/americanfootball_nfl
2026,3,164e6eb68f31bac190381903c3cccd31,2026-10-04T17:00:00Z,LowVig.ag,2026-09-24T19:59:07Z,New York Jets,Chicago Bears,spreads,New York Jets,3.5,-110,0.52380952,lowvig|164e6eb68f31bac190381903c3cccd31|spreads|event,0.51162791,https://api.the-odds-api.com/v4/sports/americanfootball_nfl
2026,3,164e6eb68f31bac190381903c3cccd31,2026-10-04T17:00:00Z,LowVig.ag,2026-09-24T19:59:07Z,New York Jets,Chicago Bears,totals,Over,43.0,-107,0.51690821,lowvig|164e6eb68f31bac190381903c3cccd31|totals|43.0,0.5,https://api.the-odds-api.com/v4/sports/americanfootball_nfl
2026,3,164e6eb68f31bac190381903c3cccd31,2026-10-04T17:00:00Z,LowVig.ag,2026-09-24T19:59:07Z,New York Jets,Chicago Bears,totals,Under,43.0,-107,0.51690821,lowvig|164e6eb68f31bac190381903c3cccd31|totals|43.0,0.5,https://api.the-odds-api.com/v4/sports/americanfootball_nfl
2026,3,164e6eb68f31bac190381903c3cccd31,2026-10-04T17:00:00Z,BetOnline.ag,2026-09-24T19:58:15Z,New York Jets,Chicago Bears,spreads,Chicago Bears,-3.5,-105,0.51219512,betonlineag|164e6eb68f31bac190381903c3cccd31|spreads|event,0.48916576,https://api.the-odds-api.com/v4/sports/americanfootball_nfl
2026,3,164e6eb68f31bac190381903c3cccd31,2026-10-04T17:00:00Z,BetOnline.ag,2026-09-24T19:58:15Z,New York Jets,Chicago Bears,spreads,New York Jets,3.5,-115,0.53488372,betonlineag|164e6eb68f31bac190381903c3cccd31|spreads|event,0.51083424,https://api.the-odds-api.com/v4/sports/americanfootball_nfl
2026,3,164e6eb68f31bac190381903c3cccd31,2026-10-04T17:00:00Z,BetOnline.ag,2026-09-24T19:58:15Z,New York Jets,Chicago Bears,totals,Over,43.0,-110,0.52380952,betonlineag|164e6eb68f31bac190381903c3cccd31|totals|43.0,0.5,https://api.the-odds-api.com/v4/sports/americanfootball_nfl
2026,3,164e6eb68f31bac190381903c3cccd31,2026-10-04T17:00:00Z,BetOnline.ag,2026-09-24T19:58:15Z,New York Jets,Chicago Bears,totals,Under,43.0,-110,0.52380952,betonlineag|164e6eb68f31bac190381903c3cccd31|totals|43.0,0.5,https://api.the-odds-api.com/v4/sports/americanfootball_nfl
2026,3,164e6eb68f31bac190381903c3cccd31,2026-10-04T17:00:00Z,BetRivers,2026-09-24T19:58:14Z,New York Jets,Chicago Bears,h2h,Chicago Bears,,-182,0.64539007,betrivers|164e6eb68f31bac190381903c3cccd31|h2h|event,0.61736771,https://api.the-odds-api.com/v4/sports/americanfootball_nfl
2026,3,164e6eb68f31bac190381903c3cccd31,2026-10-04T17:00:00Z,BetRivers,2026-09-24T19:58:14Z,New York Jets,Chicago Bears,h2h,New York Jets,,150,0.4,betrivers|164e6eb68f31bac190381903c3cccd31|h2h|event,0.38263229,https://api.the-odds-api.com/v4/sports/americanfootball_nfl
2026,3,164e6eb68f31bac190381903c3cccd31,2026-10-04T17:00:00Z,BetRivers,2026-09-24T19:58:14Z,New York Jets,Chicago Bears,spreads,Chicago Bears,-3.5,-110,0.52380952,betrivers|164e6eb68f31bac190381903c3cccd31|spreads|event,0.5,https://api.the-odds-api.com/v4/sports/americanfootball_nfl
2026,3,164e6eb68f31bac190381903c3cccd31,2026-10-04T17:00:00Z,BetRivers,2026-09-24T19:58:14Z,New York Jets,Chicago Bears,spreads,New York Jets,3.5,-110,0.52380952,betrivers|164e6eb68f31bac190381903c3cccd31|spreads|event,0.5,https://api.the-odds-api.com/v4/sports/americanfootball_nfl
2026,3,164e6eb68f31bac190381903c3cccd31,2026-10-04T17:00:00Z,BetRivers,2026-09-24T19:58:14Z,New York Jets,Chicago Bears,totals,Over,43.5,-110,0.52380952,betrivers|164e6eb68f31bac190381903c3cccd31|totals|43.5,0.5,https://api.the-odds-api.com/v4/sports/americanfootball_nfl
2026,3,164e6eb68f31bac190381903c3cccd31,2026-10-04T17:00:00Z,BetRivers,2026-09-24T19:58:14Z,New York Jets,Chicago Bears,totals,Under,43.5,-110,0.52380952,betrivers|164e6eb68f31bac190381903c3cccd31|totals|43.5,0.5,https://api.the-odds-api.com/v4/sports/americanfootball_nfl
2026,3,164e6eb68f31bac190381903c3cccd31,2026-10-04T17:00:00Z,MyBookie.ag,2026-09-24T19:57:58Z,New York Jets,Chicago Bears,h2h,Chicago Bears,,-188,0.65277778,mybookieag|164e6eb68f31bac190381903c3cccd31|h2h|event,0.6162456,https://api.the-odds-api.com/v4/sports/americanfootball_nfl
2026,3,164e6eb68f31bac190381903c3cccd31,2026-10-04T17:00:00Z,MyBookie.ag,2026-09-24T19:57:58Z,New York Jets,Chicago Bears,h2h,New York Jets,,146,0.40650407,mybookieag|164e6eb68f31bac190381903c3cccd31|h2h|event,0.3837544,https://api.the-odds-api.com/v4/sports/americanfootball_nfl
2026,3,164e6eb68f31bac190381903c3cccd31,2026-10-04T17:00:00Z,MyBookie.ag,2026-09-24T19:57:58Z,New York Jets,Chicago Bears,spreads,Chicago Bears,-3.5,-110,0.52380952,mybookieag|164e6eb68f31bac190381903c3cccd31|spreads|event,0.5,https://api.the-odds-api.com/v4/sports/americanfootball_nfl
2026,3,164e6eb68f31bac190381903c3cccd31,2026-10-04T17:00:00Z,MyBookie.ag,2026-09-24T19:57:58Z,New York Jets,Chicago Bears,spreads,New York Jets,3.5,-110,0.52380952,mybookieag|164e6eb68f31bac190381903c3cccd31|spreads|event,0.5,https://api.the-odds-api.com/v4/sports/americanfootball_nfl
2026,3,164e6eb68f31bac190381903c3cccd31,2026-10-04T17:00:00Z,MyBookie.ag,2026-09-24T19:57:58Z,New York Jets,Chicago Bears,totals,Over,43.5,-110,0.52380952,mybookieag|164e6eb68f31bac190381903c3cccd31|totals|43.5,0.5,https://api.the-odds-api.com/v4/sports/americanfootball_nfl
2026,3,164e6eb68f31bac190381903c3cccd31,2026-10-04T17:00:00Z,MyBookie.ag,2026-09-24T19:57:58Z,New York Jets,Chicago Bears,totals,Under,43.5,-110,0.52380952,mybookieag|164e6eb68f31bac190381903c3cccd31|totals|43.5,0.5,https://api.the-odds-api.com/v4/sports/americanfootball_nfl
2026,3,2ea94ddf20f66432b9024fe2e2eaba5f,2026-10-04T17:00:00Z,DraftKings,2026-09-24T19:58:31Z,Jacksonville Jaguars,Cincinnati Bengals,h2h,Cincinnati Bengals,,-162,0.61832061,draftkings|2ea94ddf20f66432b9024fe2e2eaba5f|h2h|event,0.59336976,https://api.the-odds-api.com/v4/sports/americanfootball_nfl
2026,3,2ea94ddf20f66432b9024fe2e2eaba5f,2026-10-04T17:00:00Z,DraftKings,2026-09-24T19:58:31Z,Jacksonville Jaguars,Cincinnati Bengals,h2h,Jacksonville Jaguars,,136,0.42372881,draftkings|2ea94ddf20f66432b9024fe2e2eaba5f|h2h|event,0.40663024,https://api.the-odds-api.com/v4/sports/americanfootball_nfl
2026,3,2ea94ddf20f66432b9024fe2e2eaba5f,2026-10-04T17:00:00Z,DraftKings,2026-09-24T19:58:31Z,Jacksonville Jaguars,Cincinnati Bengals,spreads,Cincinnati Bengals,-3.0,-110,0.52380952,draftkings|2ea94ddf20f66432b9024fe2e2eaba5f|spreads|event,0.5,https://api.the-odds-api.com/v4/sports/americanfootball_nfl
2026,3,2ea94ddf20f66432b9024fe2e2eaba5f,2026-10-04T17:00:00Z,DraftKings,2026-09-24T19:58:31Z,Jacksonville Jaguars,Cincinnati Bengals,spreads,Jacksonville Jaguars,3.0,-110,0.52380952,draftkings|2ea94ddf20f66432b9024fe2e2eaba5f|spreads|event,0.5,https://api.the-odds-api.com/v4/sports/americanfootball_nfl
2026,3,2ea94ddf20f66432b9024fe2e2eaba5f,2026-10-04T17:00:00Z,DraftKings,2026-09-24T19:58:31Z,Jacksonville Jaguars,Cincinnati Bengals,totals,Over,49.5,-110,0.52380952,draftkings|2ea94ddf20f66432b9024fe2e2eaba5f|totals|49.5,0.5,https://api.the-odds-api.com/v4/sports/americanfootball_nfl
2026,3,2ea94ddf20f66432b9024fe2e2eaba5f,2026-10-04T17:00:00Z,DraftKings,2026-09-24T19:58:31Z,Jacksonville Jaguars,Cincinnati Bengals,totals,Under,49.5,-110,0.52380952,draftkings|2ea94ddf20f66432b9024fe2e2eaba5f|totals|49.5,0.5,https://api.the-odds-api.com/v4/sports/americanfootball_nfl
2026,3,2ea94ddf20f66432b9024fe2e2eaba5f,2026-10-04T17:00:00Z,BetUS,2026-09-24T19:59:06Z,Jacksonville Jaguars,Cincinnati Bengals,spreads,Cincinnati Bengals,-2.5,-115,0.53488372,betus|2ea94ddf20f66432b9024fe2e2eaba5f|spreads|event,0.51083424,https://api.the-odds-api.com/v4/sports/americanfootball_nfl
2026,3,2ea94ddf20f66432b9024fe2e2eaba5f,2026-10-04T17:00:00Z,BetUS,2026-09-24T19:59:06Z,Jacksonville Jaguars,Cincinnati Bengals,spreads,Jacksonville Jaguars,2.5,-105,0.51219512,betus|2ea94ddf20f66432b9024fe2e2eaba5f|spreads|event,0.48916576,https://api.the-odds-api.com/v4/sports/americanfootball_nfl
2026,3,2ea94ddf20f66432b9024fe2e2eaba5f,2026-10-04T17:00:00Z,BetUS,2026-09-24T19:59:06Z,Jacksonville Jaguars,Cincinnati Bengals,totals,Over,49.5,-110,0.52380952,betus|2ea94ddf20f66432b9024fe2e2eaba5f|totals|49.5,0.5,https://api.the-odds-api.com/v4/sports/americanfootball_nfl
2026,3,2ea94ddf20f66432b9024fe2e2eaba5f,2026-10-04T17:00:00Z,BetUS,2026-09-24T19:59:06Z,Jacksonville Jaguars,Cincinnati Bengals,totals,Under,49.5,-110,0.52380952,betus|2ea94ddf20f66432b9024fe2e2eaba5f|totals|49.5,0.5,https://api.the-odds-api.com/v4/sports/americanfootball_nfl
2026,3,2ea94ddf20f66432b9024fe2e2eaba5f,2026-10-04T17:00:00Z,FanDuel,2026-09-24T19:59:06Z,Jacksonville Jaguars,Cincinnati Bengals,h2h,Cincinnati Bengals,,-144,0.59016393,fanduel|2ea94ddf20f66432b9024fe2e2eaba5f|h2h|event,0.56713029,https://api.the-odds-api.com/v4/sports/americanfootball_nfl
2026,3,2ea94ddf20f66432b9024fe2e2eaba5f,2026-10-04T17:00:00Z,FanDuel,2026-09-24T19:59:06Z,Jacksonville Jaguars,Cincinnati Bengals,h2h,Jacksonville Jaguars,,122,0.45045045,fanduel|2ea94ddf20f66432b9024fe2e2eaba5f|h2h|event,0.43286971,https://api.the-odds-api.com/v4/sports/americanfootball_nfl
2026,3,2ea94ddf20f66432b9024fe2e2eaba5f,2026-10-04T17:00:00Z,FanDuel,2026-09-24T19:59:06Z,Jacksonville Jaguars,Cincinnati Bengals,spreads,Cincinnati Bengals,-2.5,-115,0.53488372,fanduel|2ea94ddf20f66432b9024fe2e2eaba5f|spreads|event,0.51083424,https://api.the-odds-api.com/v4/sports/americanfootball_nfl
2026,3,2ea94ddf20f66432b9024fe2e2eaba5f,2026-10-04T17:00:00Z,FanDuel,2026-09-24T19:59:06Z,Jacksonville Jaguars,Cincinnati Bengals,spreads,Jacksonville Jaguars,2.5,-105,0.51219512,fanduel|2ea94ddf20f66432b9024fe2e2eaba5f|spreads|event,0.48916576,https://api.the-odds-api.com/v4/sports/americanfootball_nfl
2026,3,2ea94ddf20f66432b9024fe2e2eaba5f,2026-10-04T17:00:00Z,FanDuel,2026-09-24T19:59:06Z,Jacksonville Jaguars,Cincinnati Bengals,totals,Over,50.5,-118,0.5412844,fanduel|2ea94ddf20f66432b9024fe2e2eaba5f|totals|50.5,0.51497518,https://api.the-odds-api.com/v4/sports/americanfootball_nfl
2026,3,2ea94ddf20f66432b9024fe2e2eaba5f,2026-10-04T17:00:00Z,FanDuel,2026-09-24T19:59:06Z,Jacksonville Jaguars,Cincinnati Bengals,totals,Under,50.5,-104,0.50980392,fanduel|2ea94ddf20f66432b9024fe2e2eaba5f|totals|50.5,0.48502482,https://api.the-odds-api.com/v4/sports/americanfootball_nfl
2026,3,2ea94ddf20f66432b9024fe2e2eaba5f,2026-10-04T17:00:00Z,BetOnline.ag,2026-09-24T19:58:15Z,Jacksonville Jaguars,Cincinnati Bengals,spreads,Cincinnati Bengals,-2.5,-115,0.53488372,betonlineag|2ea94ddf20f66432b9024fe2e2eaba5f|spreads|event,0.51083424,https://api.the-odds-api.com/v4/sports/americanfootball_nfl
2026,3,2ea94ddf20f66432b9024fe2e2eaba5f,2026-10-04T17:00:00Z,BetOnline.ag,2026-09-24T19:58:15Z,Jacksonville Jaguars,Cincinnati Bengals,spreads,Jacksonville Jaguars,2.5,-105,0.51219512,betonlineag|2ea94ddf20f66432b9024fe2e2eaba5f|spreads|event,0.48916576,https://api.the-odds-api.com/v4/sports/americanfootball_nfl
2026,3,2ea94ddf20f66432b9024fe2e2eaba5f,2026-10-04T17:00:00Z,BetOnline.ag,2026-09-24T19:58:15Z,Jacksonville Jaguars,Cincinnati Bengals,totals,Over,50.5,-110,0.52380952,betonlineag|2ea94ddf20f66432b9024fe2e2eaba5f|totals|50.5,0.5,https://api.the-odds-api.com/v4/sports/americanfootball_nfl
2026,3,2ea94ddf20f66432b9024fe2e2eaba5f,2026-10-04T17:00:00Z,BetOnline.ag,2026-09-24T19:58:15Z,Jacksonville Jaguars,Cincinnati Bengals,totals,Under,50.5,-110,0.52380952,betonlineag|2ea94ddf20f66432b9024fe2e2eaba5f|totals|50.5,0.5,https://api.the-odds-api.com/v4/sports/americanfootball_nfl
2026,3,2ea94ddf20f66432b9024fe2e2eaba5f,2026-10-04T17:00:00Z,LowVig.ag,2026-09-24T19:59:07Z,Jacksonville Jaguars,Cincinnati Bengals,spreads,Cincinnati Bengals,-2.5,-110,0.52380952,lowvig|2ea94ddf20f66432b9024fe2e2eaba5f|spreads|event,0.51162791,https://api.the-odds-api.com/v4/sports/americanfootball_nfl
2026,3,2ea94ddf20f66432b9024fe2e2eaba5f,2026-10-04T17:00:00Z,LowVig.ag,2026-09-24T19:59:07Z,Jacksonville Jaguars,Cincinnati Bengals,spreads,Jacksonville Jaguars,2.5,100,0.5,lowvig|2ea94ddf20f66432b9024fe2e2eaba5f|spreads|event,0.48837209,https://api.the-odds-api.com/v4/sports/americanfootball_nfl
2026,3,2ea94ddf20f66432b9024fe2e2eaba5f,2026-10-04T17:00:00Z,LowVig.ag,2026-09-24T19:59:07Z,Jacksonville Jaguars,Cincinnati Bengals,totals,Over,50.5,-107,0.51690821,lowvig|2ea94ddf20f66432b9024fe2e2eaba5f|totals|50.5,0.5,https://api.the-odds-api.com/v4/sports/americanfootball_nfl
2026,3,2ea94ddf20f66432b9024fe2e2eaba5f,2026-10-04T17:00:00Z,LowVig.ag,2026-09-24T19:59:07Z,Jacksonville Jaguars,Cincinnati Bengals,totals,Under,50.5,-107,0.51690821,lowvig|2ea94ddf20f66432b9024fe2e2eaba5f|totals|50.5,0.5,https://api.the-odds-api.com/v4/sports/americanfootball_nfl
2026,3,2ea94ddf20f66432b9024fe2e2eaba5f,2026-10-04T17:00:00Z,BetRivers,2026-09-24T19:58:14Z,Jacksonville Jaguars,Cincinnati Bengals,h2h,Cincinnati Bengals,,-152,0.6031746,betrivers|2ea94ddf20f66432b9024fe2e2eaba5f|h2h|event,0.57575758,https://api.the-odds-api.com/v4/sports/americanfootball_nfl
2026,3,2ea94ddf20f66432b9024fe2e2eaba5f,2026-10-04T17:00:00Z,BetRivers,2026-09-24T19:58:14Z,Jacksonville Jaguars,Cincinnati Bengals,h2h,Jacksonville Jaguars,,125,0.44444444,betrivers|2ea94ddf20f66432b9024fe2e2eaba5f|h2h|event,0.42424242,https://api.the-odds-api.com/v4/sports/americanfootball_nfl
2026,3,2ea94ddf20f66432b9024fe2e2eaba5f,2026-10-04T17:00:00Z,BetRivers,2026-09-24T19:58:14Z,Jacksonville Jaguars,Cincinnati Bengals,spreads,Cincinnati Bengals,-2.5,-118,0.5412844,betrivers|2ea94ddf20f66432b9024fe2e2eaba5f|spreads|event,0.51497518,https://api.the-odds-api.com/v4/sports/americanfootball_nfl
2026,3,2ea94ddf20f66432b9024fe2e2eaba5f,2026-10-04T17:00:00Z,BetRivers,2026-09-24T19:58:14Z,Jacksonville Jaguars,Cincinnati Bengals,spreads,Jacksonville Jaguars,2.5,-104,0.50980392,betrivers|2ea94ddf20f66432b9024fe2e2eaba5f|spreads|event,0.48502482,https://api.the-odds-api.com/v4/sports/americanfootball_nfl
2026,3,2ea94ddf20f66432b9024fe2e2eaba5f,2026-10-04T17:00:00Z,BetRivers,2026-09-24T19:58:14Z,Jacksonville Jaguars,Cincinnati Bengals,totals,Over,50.0,-114,0.53271028,betrivers|2ea94ddf20f66432b9024fe2e2eaba5f|totals|50.0,0.50752753,https://api.the-odds-api.com/v4/sports/americanfootball_nfl
2026,3,2ea94ddf20f66432b9024fe2e2eaba5f,2026-10-04T17:00:00Z,BetRivers,2026-09-24T19:58:14Z,Jacksonville Jaguars,Cincinnati Bengals,totals,Under,50.0,-107,0.51690821,betrivers|2ea94ddf20f66432b9024fe2e2eaba5f|totals|50.0,0.49247247,https://api.the-odds-api.com/v4/sports/americanfootball_nfl
2026,3,2ea94ddf20f66432b9024fe2e2eaba5f,2026-10-04T17:00:00Z,MyBookie.ag,2026-09-24T19:57:58Z,Jacksonville Jaguars,Cincinnati Bengals,h2h,Cincinnati Bengals,,-157,0.61089494,mybookieag|2ea94ddf20f66432b9024fe2e2eaba5f|h2h|event,0.57668297,https://api.the-odds-api.com/v4/sports/americanfootball_nfl
2026,3,2ea94ddf20f66432b9024fe2e2eaba5f,2026-10-04T17:00:00Z,MyBookie.ag,2026-09-24T19:57:58Z,Jacksonville Jaguars,Cincinnati Bengals,h2h,Jacksonville Jaguars,,123,0.44843049,mybookieag|2ea94ddf20f66432b9024fe2e2eaba5f|h2h|event,0.42331703,https://api.the-odds-api.com/v4/sports/americanfootball_nfl
2026,3,2ea94ddf20f66432b9024fe2e2eaba5f,2026-10-04T17:00:00Z,MyBookie.ag,2026-09-24T19:57:58Z,Jacksonville Jaguars,Cincinnati Bengals,spreads,Cincinnati Bengals,-3.0,-110,0.52380952,mybookieag|2ea94ddf20f66432b9024fe2e2eaba5f|spreads|event,0.5,https://api.the-odds-api.com/v4/sports/americanfootball_nfl
2026,3,2ea94ddf20f66432b9024fe2e2eaba5f,2026-10-04T17:00:00Z,MyBookie.ag,2026-09-24T19:57:58Z,Jacksonville Jaguars,Cincinnati Bengals,spreads,Jacksonville Jaguars,3.0,-110,0.52380952,mybookieag|2ea94ddf20f66432b9024fe2e2eaba5f|spreads|event,0.5,https://api.the-odds-api.com/v4/sports/americanfootball_nfl
2026,3,2ea94ddf20f66432b9024fe2e2eaba5f,2026-10-04T17:00:00Z,MyBookie.ag,2026-09-24T19:57:58Z,Jacksonville Jaguars,Cincinnati Bengals,totals,Over,50.5,-110,0.52380952,mybookieag|2ea94ddf20f66432b9024fe2e2eaba5f|totals|50.5,0.5,https://api.the-odds-api.com/v4/sports/americanfootball_nfl
2026,3,2ea94ddf20f66432b9024fe2e2eaba5f,2026-10-04T17:00:00Z,MyBookie.ag,2026-09-24T19:57:58Z,Jacksonville Jaguars,Cincinnati Bengals,totals,Under,50.5,-110,0.52380952,mybookieag|2ea94ddf20f66432b9024fe2e2eaba5f|totals|50.5,0.5,https://api.the-odds-api.com/v4/sports/americanfootball_nfl
2026,3,daf55e2df5341c007fee5a0fc5bbc2d4,2026-10-04T17:00:00Z,DraftKings,2026-09-24T19:58:31Z,Dallas Cowboys,Houston Texans,h2h,Dallas Cowboys,,136,0.42372881,draftkings|daf55e2df5341c007fee5a0fc5bbc2d4|h2h|event,0.40663024,https://api.the-odds-api.com/v4/sports/americanfootball_nfl
2026,3,daf55e2df5341c007fee5a0fc5bbc2d4,2026-10-04T17:00:00Z,DraftKings,2026-09-24T19:58:31Z,Dallas Cowboys,Houston Texans,h2h,Houston Texans,,-162,0.61832061,draftkings|daf55e2df5341c007fee5a0fc5bbc2d4|h2h|event,0.59336976,https://api.the-odds-api.com/v4/sports/americanfootball_nfl
2026,3,daf55e2df5341c007fee5a0fc5bbc2d4,2026-10-04T17:00:00Z,DraftKings,2026-09-24T19:58:31Z,Dallas Cowboys,Houston Texans,spreads,Dallas Cowboys,3.0,-110,0.52380952,draftkings|daf55e2df5341c007fee5a0fc5bbc2d4|spreads|event,0.5,https://api.the-odds-api.com/v4/sports/americanfootball_nfl
2026,3,daf55e2df5341c007fee5a0fc5bbc2d4,2026-10-04T17:00:00Z,DraftKings,2026-09-24T19:58:31Z,Dallas Cowboys,Houston Texans,spreads,Houston Texans,-3.0,-110,0.52380952,draftkings|daf55e2df5341c007fee5a0fc5bbc2d4|spreads|event,0.5,https://api.the-odds-api.com/v4/sports/americanfootball_nfl
2026,3,daf55e2df5341c007fee5a0fc5bbc2d4,2026-10-04T17:00:00Z,DraftKings,2026-09-24T19:58:31Z,Dallas Cowboys,Houston Texans,totals,Over,47.5,-110,0.52380952,draftkings|daf55e2df5341c007fee5a0fc5bbc2d4|totals|47.5,0.5,https://api.the-odds-api.com/v4/sports/americanfootball_nfl
2026,3,daf55e2df5341c007fee5a0fc5bbc2d4,2026-10-04T17:00:00Z,DraftKings,2026-09-24T19:58:31Z,Dallas Cowboys,Houston Texans,totals,Under,47.5,-110,0.52380952,draftkings|daf55e2df5341c007fee5a0fc5bbc2d4|totals|47.5,0.5,https://api.the-odds-api.com/v4/sports/americanfootball_nfl
2026,3,daf55e2df5341c007fee5a0fc5bbc2d4,2026-10-04T17:00:00Z,BetUS,2026-09-24T19:59:06Z,Dallas Cowboys,Houston Texans,spreads,Dallas Cowboys,3.0,-115,0.53488372,betus|daf55e2df5341c007fee5a0fc5bbc2d4|spreads|event,0.51083424,https://api.the-odds-api.com/v4/sports/americanfootball_nfl
2026,3,daf55e2df5341c007fee5a0fc5bbc2d4,2026-10-04T17:00:00Z,BetUS,2026-09-24T19:59:06Z,Dallas Cowboys,Houston Texans,spreads,Houston Texans,-3.0,-105,0.51219512,betus|daf55e2df5341c007fee5a0fc5bbc2d4|spreads|event,0.48916576,https://api.the-odds-api.com/v4/sports/americanfootball_nfl
2026,3,daf55e2df5341c007fee5a0fc5bbc2d4,2026-10-04T17:00:00Z,BetUS,2026-09-24T19:59:06Z,Dallas Cowboys,Houston Texans,totals,Over,48.0,-110,0.52380952,betus|daf55e2df5341c007fee5a0fc5bbc2d4|totals|48.0,0.5,https://api.the-odds-api.com/v4/sports/americanfootball_nfl
2026,3,daf55e2df5341c007fee5a0fc5bbc2d4,2026-10-04T17:00:00Z,BetUS,2026-09-24T19:59:06Z,Dallas Cowboys,Houston Texans,totals,Under,48.0,-110,0.52380952,betus|daf55e2df5341c007fee5a0fc5bbc2d4|totals|48.0,0.5,https://api.the-odds-api.com/v4/sports/americanfootball_nfl
2026,3,daf55e2df5341c007fee5a0fc5bbc2d4,2026-10-04T17:00:00Z,FanDuel,2026-09-24T19:59:06Z,Dallas Cowboys,Houston Texans,h2h,Dallas Cowboys,,124,0.44642857,fanduel|daf55e2df5341c007fee5a0fc5bbc2d4|h2h|event,0.42928941,https://api.the-odds-api.com/v4/sports/americanfootball_nfl
2026,3,daf55e2df5341c007fee5a0fc5bbc2d4,2026-10-04T17:00:00Z,FanDuel,2026-09-24T19:59:06Z,Dallas Cowboys,Houston Texans,h2h,Houston Texans,,-146,0.59349593,fanduel|daf55e2df5341c007fee5a0fc5bbc2d4|h2h|event,0.57071059,https://api.the-odds-api.com/v4/sports/americanfootball_nfl
2026,3,daf55e2df5341c007fee5a0fc5bbc2d4,2026-10-04T17:00:00Z,FanDuel,2026-09-24T19:59:06Z,Dallas Cowboys,Houston Texans,spreads,Dallas Cowboys,2.5,-105,0.51219512,fanduel|daf55e2df5341c007fee5a0fc5bbc2d4|spreads|event,0.48916576,https://api.the-odds-api.com/v4/sports/americanfootball_nfl
2026,3,daf55e2df5341c007fee5a0fc5bbc2d4,2026-10-04T17:00:00Z,FanDuel,2026-09-24T19:59:06Z,Dallas Cowboys,Houston Texans,spreads,Houston Texans,-2.5,-115,0.53488372,fanduel|daf55e2df5341c007fee5a0fc5bbc2d4|spreads|event,0.51083424,https://api.the-odds-api.com/v4/sports/americanfootball_nfl
2026,3,daf55e2df5341c007fee5a0fc5bbc2d4,2026-10-04T17:00:00Z,FanDuel,2026-09-24T19:59:06Z,Dallas Cowboys,Houston Texans,totals,Over,47.5,-105,0.51219512,fanduel|daf55e2df5341c007fee5a0fc5bbc2d4|totals|47.5,0.48916576,https://api.the-odds-api.com/v4/sports/americanfootball_nfl
2026,3,daf55e2df5341c007fee5a0fc5bbc2d4,2026-10-04T17:00:00Z,FanDuel,2026-09-24T19:59:06Z,Dallas Cowboys,Houston Texans,totals,Under,47.5,-115,0.53488372,fanduel|daf55e2df5341c007fee5a0fc5bbc2d4|totals|47.5,0.51083424,https://api.the-odds-api.com/v4/sports/americanfootball_nfl
2026,3,daf55e2df5341c007fee5a0fc5bbc2d4,2026-10-04T17:00:00Z,BetOnline.ag,2026-09-24T19:58:15Z,Dallas Cowboys,Houston Texans,spreads,Dallas Cowboys,3.0,-115,0.53488372,betonlineag|daf55e2df5341c007fee5a0fc5bbc2d4|spreads|event,0.51083424,https://api.the-odds-api.com/v4/sports/americanfootball_nfl
2026,3,daf55e2df5341c007fee5a0fc5bbc2d4,2026-10-04T17:00:00Z,BetOnline.ag,2026-09-24T19:58:15Z,Dallas Cowboys,Houston Texans,spreads,Houston Texans,-3.0,-105,0.51219512,betonlineag|daf55e2df5341c007fee5a0fc5bbc2d4|spreads|event,0.48916576,https://api.the-odds-api.com/v4/sports/americanfootball_nfl
2026,3,daf55e2df5341c007fee5a0fc5bbc2d4,2026-10-04T17:00:00Z,BetOnline.ag,2026-09-24T19:58:15Z,Dallas Cowboys,Houston Texans,totals,Over,47.5,-110,0.52380952,betonlineag|daf55e2df5341c007fee5a0fc5bbc2d4|totals|47.5,0.5,https://api.the-odds-api.com/v4/sports/americanfootball_nfl
2026,3,daf55e2df5341c007fee5a0fc5bbc2d4,2026-10-04T17:00:00Z,BetOnline.ag,2026-09-24T19:58:15Z,Dallas Cowboys,Houston Texans,totals,Under,47.5,-110,0.52380952,betonlineag|daf55e2df5341c007fee5a0fc5bbc2d4|totals|47.5,0.5,https://api.the-odds-api.com/v4/sports/americanfootball_nfl
2026,3,daf55e2df5341c007fee5a0fc5bbc2d4,2026-10-04T17:00:00Z,LowVig.ag,2026-09-24T19:59:07Z,Dallas Cowboys,Houston Texans,spreads,Dallas Cowboys,3.0,-110,0.52380952,lowvig|daf55e2df5341c007fee5a0fc5bbc2d4|spreads|event,0.51162791,https://api.the-odds-api.com/v4/sports/americanfootball_nfl
2026,3,daf55e2df5341c007fee5a0fc5bbc2d4,2026-10-04T17:00:00Z,LowVig.ag,2026-09-24T19:59:07Z,Dallas Cowboys,Houston Texans,spreads,Houston Texans,-3.0,100,0.5,lowvig|daf55e2df5341c007fee5a0fc5bbc2d4|spreads|event,0.48837209,https://api.the-odds-api.com/v4/sports/americanfootball_nfl
2026,3,daf55e2df5341c007fee5a0fc5bbc2d4,2026-10-04T17:00:00Z,LowVig.ag,2026-09-24T19:59:07Z,Dallas Cowboys,Houston Texans,totals,Over,47.5,-107,0.51690821,lowvig|daf55e2df5341c007fee5a0fc5bbc2d4|totals|47.5,0.5,https://api.the-odds-api.com/v4/sports/americanfootball_nfl
2026,3,daf55e2df5341c007fee5a0fc5bbc2d4,2026-10-04T17:00:00Z,LowVig.ag,2026-09-24T19:59:07Z,Dallas Cowboys,Houston Texans,totals,Under,47.5,-107,0.51690821,lowvig|daf55e2df5341c007fee5a0fc5bbc2d4|totals|47.5,0.5,https://api.the-odds-api.com/v4/sports/americanfootball_nfl
2026,3,daf55e2df5341c007fee5a0fc5bbc2d4,2026-10-04T17:00:00Z,BetRivers,2026-09-24T19:58:14Z,Dallas Cowboys,Houston Texans,h2h,Dallas Cowboys,,125,0.44444444,betrivers|daf55e2df5341c007fee5a0fc5bbc2d4|h2h|event,0.42424242,https://api.the-odds-api.com/v4/sports/americanfootball_nfl
2026,3,daf55e2df5341c007fee5a0fc5bbc2d4,2026-10-04T17:00:00Z,BetRivers,2026-09-24T19:58:14Z,Dallas Cowboys,Houston Texans,h2h,Houston Texans,,-152,0.6031746,betrivers|daf55e2df5341c007fee5a0fc5bbc2d4|h2h|event,0.57575758,https://api.the-odds-api.com/v4/sports/americanfootball_nfl
2026,3,daf55e2df5341c007fee5a0fc5bbc2d4,2026-10-04T17:00:00Z,BetRivers,2026-09-24T19:58:14Z,Dallas Cowboys,Houston Texans,spreads,Dallas Cowboys,2.5,-104,0.50980392,betrivers|daf55e2df5341c007fee5a0fc5bbc2d4|spreads|event,0.48502482,https://api.the-odds-api.com/v4/sports/americanfootball_nfl
2026,3,daf55e2df5341c007fee5a0fc5bbc2d4,2026-10-04T17:00:00Z,BetRivers,2026-09-24T19:58:14Z,Dallas Cowboys,Houston Texans,spreads,Houston Texans,-2.5,-118,0.5412844,betrivers|daf55e2df5341c007fee5a0fc5bbc2d4|spreads|event,0.51497518,https://api.the-odds-api.com/v4/sports/americanfootball_nfl
2026,3,daf55e2df5341c007fee5a0fc5bbc2d4,2026-10-04T17:00:00Z,BetRivers,2026-09-24T19:58:14Z,Dallas Cowboys,Houston Texans,totals,Over,47.5,-112,0.52830189,betrivers|daf55e2df5341c007fee5a0fc5bbc2d4|totals|47.5,0.5032247,https://api.the-odds-api.com/v4/sports/americanfootball_nfl
2026,3,daf55e2df5341c007fee5a0fc5bbc2d4,2026-10-04T17:00:00Z,BetRivers,2026-09-24T19:58:14Z,Dallas Cowboys,Houston Texans,totals,Under,47.5,-109,0.5215311,betrivers|daf55e2df5341c007fee5a0fc5bbc2d4|totals|47.5,0.4967753,https://api.the-odds-api.com/v4/sports/americanfootball_nfl
2026,3,daf55e2df5341c007fee5a0fc5bbc2d4,2026-10-04T17:00:00Z,MyBookie.ag,2026-09-24T19:57:58Z,Dallas Cowboys,Houston Texans,h2h,Dallas Cowboys,,124,0.44642857,mybookieag|daf55e2df5341c007fee5a0fc5bbc2d4|h2h|event,0.42102868,https://api.the-odds-api.com/v4/sports/americanfootball_nfl
2026,3,daf55e2df5341c007fee5a0fc5bbc2d4,2026-10-04T17:00:00Z,MyBookie.ag,2026-09-24T19:57:58Z,Dallas Cowboys,Houston Texans,h2h,Houston Texans,,-159,0.61389961,mybookieag|daf55e2df5341c007fee5a0fc5bbc2d4|h2h|event,0.57897132,https://api.the-odds-api.com/v4/sports/americanfootball_nfl
2026,3,daf55e2df5341c007fee5a0fc5bbc2d4,2026-10-04T17:00:00Z,MyBookie.ag,2026-09-24T19:57:58Z,Dallas Cowboys,Houston Texans,spreads,Dallas Cowboys,3.0,-110,0.52380952,mybookieag|daf55e2df5341c007fee5a0fc5bbc2d4|spreads|event,0.5,https://api.the-odds-api.com/v4/sports/americanfootball_nfl
2026,3,daf55e2df5341c007fee5a0fc5bbc2d4,2026-10-04T17:00:00Z,MyBookie.ag,2026-09-24T19:57:58Z,Dallas Cowboys,Houston Texans,spreads,Houston Texans,-3.0,-110,0.52380952,mybookieag|daf55e2df5341c007fee5a0fc5bbc2d4|spreads|event,0.5,https://api.the-odds-api.com/v4/sports/americanfootball_nfl
2026,3,daf55e2df5341c007fee5a0fc5bbc2d4,2026-10-04T17:00:00Z,MyBookie.ag,2026-09-24T19:57:58Z,Dallas Cowboys,Houston Texans,totals,Over,47.5,-110,0.52380952,mybookieag|daf55e2df5341c007fee5a0fc5bbc2d4|totals|47.5,0.5,https://api.the-odds-api.com/v4/sports/americanfootball_nfl
2026,3,daf55e2df5341c007fee5a0fc5bbc2d4,2026-10-04T17:00:00Z,MyBookie.ag,2026-09-24T19:57:58Z,Dallas Cowboys,Houston Texans,totals,Under,47.5,-110,0.52380952,mybookieag|daf55e2df5341c007fee5a0fc5bbc2d4|totals|47.5,0.5,https://api.the-odds-api.com/v4/sports/americanfootball_nfl
2026,3,99a9bae4dc0dc2590496bd3102b211f2,2026-10-04T17:00:00Z,DraftKings,2026-09-24T19:58:31Z,Green Bay Packers,Tampa Bay Buccaneers,h2h,Green Bay Packers,,-118,0.5412844,draftkings|99a9bae4dc0dc2590496bd3102b211f2|h2h|event,0.51736412,https://api.the-odds-api.com/v4/sports/americanfootball_nfl
2026,3,99a9bae4dc0dc2590496bd3102b211f2,2026-10-04T17:00:00Z,DraftKings,2026-09-24T19:58:31Z,Green Bay Packers,Tampa Bay Buccaneers,h2h,Tampa Bay Buccaneers,,-102,0.5049505,draftkings|99a9bae4dc0dc2590496bd3102b211f2|h2h|event,0.48263588,https://api.the-odds-api.com/v4/sports/americanfootball_nfl
2026,3,99a9bae4dc0dc2590496bd3102b211f2,2026-10-04T17:00:00Z,DraftKings,2026-09-24T19:58:31Z,Green Bay Packers,Tampa Bay Buccaneers,spreads,Green Bay Packers,-1.5,-105,0.51219512,draftkings|99a9bae4dc0dc2590496bd3102b211f2|spreads|event,0.48916576,https://api.the-odds-api.com/v4/sports/americanfootball_nfl
2026,3,99a9bae4dc0dc2590496bd3102b211f2,2026-10-04T17:00:00Z,DraftKings,2026-09-24T19:58:31Z,Green Bay Packers,Tampa Bay Buccaneers,spreads,Tampa Bay Buccaneers,1.5,-115,0.53488372,draftkings|99a9bae4dc0dc2590496bd3102b211f2|spreads|event,0.51083424,https://api.the-odds-api.com/v4/sports/americanfootball_nfl
2026,3,99a9bae4dc0dc2590496bd3102b211f2,2026-10-04T17:00:00Z,DraftKings,2026-09-24T19:58:31Z,Green Bay Packers,Tampa Bay Buccaneers,totals,Over,45.5,-110,0.52380952,draftkings|99a9bae4dc0dc2590496bd3102b211f2|totals|45.5,0.5,https://api.the-odds-api.com/v4/sports/americanfootball_nfl
2026,3,99a9bae4dc0dc2590496bd3102b211f2,2026-10-04T17:00:00Z,DraftKings,2026-09-24T19:58:31Z,Green Bay Packers,Tampa Bay Buccaneers,totals,Under,45.5,-110,0.52380952,draftkings|99a9bae4dc0dc2590496bd3102b211f2|totals|45.5,0.5,https://api.the-odds-api.com/v4/sports/americanfootball_nfl
2026,3,99a9bae4dc0dc2590496bd3102b211f2,2026-10-04T17:00:00Z,BetUS,2026-09-24T19:59:06Z,Green Bay Packers,Tampa Bay Buccaneers,spreads,Green Bay Packers,-1.5,-110,0.52380952,betus|99a9bae4dc0dc2590496bd3102b211f2|spreads|event,0.5,https://api.the-odds-api.com/v4/sports/americanfootball_nfl
2026,3,99a9bae4dc0dc2590496bd3102b211f2,2026-10-04T17:00:00Z,BetUS,2026-09-24T19:59:06Z,Green Bay Packers,Tampa Bay Buccaneers,spreads,Tampa Bay Buccaneers,1.5,-110,0.52380952,betus|99a9bae4dc0dc2590496bd3102b211f2|spreads|event,0.5,https://api.the-odds-api.com/v4/sports/americanfootball_nfl
2026,3,99a9bae4dc0dc2590496bd3102b211f2,2026-10-04T17:00:00Z,BetUS,2026-09-24T19:59:06Z,Green Bay Packers,Tampa Bay Buccaneers,totals,Over,46.0,-110,0.52380952,betus|99a9bae4dc0dc2590496bd3102b211f2|totals|46.0,0.5,https://api.the-odds-api.com/v4/sports/americanfootball_nfl
2026,3,99a9bae4dc0dc2590496bd3102b211f2,2026-10-04T17:00:00Z,BetUS,2026-09-24T19:59:06Z,Green Bay Packers,Tampa Bay Buccaneers,totals,Under,46.0,-110,0.52380952,betus|99a9bae4dc0dc2590496bd3102b211f2|totals|46.0,0.5,https://api.the-odds-api.com/v4/sports/americanfootball_nfl
2026,3,99a9bae4dc0dc2590496bd3102b211f2,2026-10-04T17:00:00Z,FanDuel,2026-09-24T19:59:06Z,Green Bay Packers,Tampa Bay Buccaneers,h2h,Green Bay Packers,,-112,0.52830189,fanduel|99a9bae4dc0dc2590496bd3102b211f2|h2h|event,0.50890948,https://api.the-odds-api.com/v4/sports/americanfootball_nfl
2026,3,99a9bae4dc0dc2590496bd3102b211f2,2026-10-04T17:00:00Z,FanDuel,2026-09-24T19:59:06Z,Green Bay Packers,Tampa Bay Buccaneers,h2h,Tampa Bay Buccaneers,,-104,0.50980392,fanduel|99a9bae4dc0dc2590496bd3102b211f2|h2h|event,0.49109052,https://api.the-odds-api.com/v4/sports/americanfootball_nfl
2026,3,99a9bae4dc0dc2590496bd3102b211f2,2026-10-04T17:00:00Z,FanDuel,2026-09-24T19:59:06Z,Green Bay Packers,Tampa Bay Buccaneers,spreads,Green Bay Packers,-1.5,-102,0.5049505,fanduel|99a9bae4dc0dc2590496bd3102b211f2|spreads|event,0.48071979,https://api.the-odds-api.com/v4/sports/americanfootball_nfl
2026,3,99a9bae4dc0dc2590496bd3102b211f2,2026-10-04T17:00:00Z,FanDuel,2026-09-24T19:59:06Z,Green Bay Packers,Tampa Bay Buccaneers,spreads,Tampa Bay Buccaneers,1.5,-120,0.54545455,fanduel|99a9bae4dc0dc2590496bd3102b211f2|spreads|event,0.51928021,https://api.the-odds-api.com/v4/sports/americanfootball_nfl
2026,3,99a9bae4dc0dc2590496bd3102b211f2,2026-10-04T17:00:00Z,FanDuel,2026-09-24T19:59:06Z,Green Bay Packers,Tampa Bay Buccaneers,totals,Over,45.5,-115,0.53488372,fanduel|99a9bae4dc0dc2590496bd3102b211f2|totals|45.5,0.51083424,https://api.the-odds-api.com/v4/sports/americanfootball_nfl
2026,3,99a9bae4dc0dc2590496bd3102b211f2,2026-10-04T17:00:00Z,FanDuel,2026-09-24T19:59:06Z,Green Bay Packers,Tampa Bay Buccaneers,totals,Under,45.5,-105,0.51219512,fanduel|99a9bae4dc0dc2590496bd3102b211f2|totals|45.5,0.48916576,https://api.the-odds-api.com/v4/sports/americanfootball_nfl
2026,3,99a9bae4dc0dc2590496bd3102b211f2,2026-10-04T17:00:00Z,BetOnline.ag,2026-09-24T19:58:15Z,Green Bay Packers,Tampa Bay Buccaneers,spreads,Green Bay Packers,-1.5,-105,0.51219512,betonlineag|99a9bae4dc0dc2590496bd3102b211f2|spreads|event,0.48916576,https://api.the-odds-api.com/v4/sports/americanfootball_nfl
2026,3,99a9bae4dc0dc2590496bd3102b211f2,2026-10-04T17:00:00Z,BetOnline.ag,2026-09-24T19:58:15Z,Green Bay Packers,Tampa Bay Buccaneers,spreads,Tampa Bay Buccaneers,1.5,-115,0.53488372,betonlineag|99a9bae4dc0dc2590496bd3102b211f2|spreads|event,0.51083424,https://api.the-odds-api.com/v4/sports/americanfootball_nfl
2026,3,99a9bae4dc0dc2590496bd3102b211f2,2026-10-04T17:00:00Z,BetOnline.ag,2026-09-24T19:58:15Z,Green Bay Packers,Tampa Bay Buccaneers,totals,Over,46.0,-110,0.52380952,betonlineag|99a9bae4dc0dc2590496bd3102b211f2|totals|46.0,0.5,https://api.the-odds-api.com/v4/sports/americanfootball_nfl
2026,3,99a9bae4dc0dc2590496bd3102b211f2,2026-10-04T17:00:00Z,BetOnline.ag,2026-09-24T19:58:15Z,Green Bay Packers,Tampa Bay Buccaneers,totals,Under,46.0,-110,0.52380952,betonlineag|99a9bae4dc0dc2590496bd3102b211f2|totals|46.0,0.5,https://api.the-odds-api.com/v4/sports/americanfootball_nfl
2026,3,99a9bae4dc0dc2590496bd3102b211f2,2026-10-04T17:00:00Z,LowVig.ag,2026-09-24T19:59:07Z,Green Bay Packers,Tampa Bay Buccaneers,spreads,Green Bay Packers,-1.5,100,0.5,lowvig|99a9bae4dc0dc2590496bd3102b211f2|spreads|event,0.48837209,https://api.the-odds-api.com/v4/sports/americanfootball_nfl
2026,3,99a9bae4dc0dc2590496bd3102b211f2,2026-10-04T17:00:00Z,LowVig.ag,2026-09-24T19:59:07Z,Green Bay Packers,Tampa Bay Buccaneers,spreads,Tampa Bay Buccaneers,1.5,-110,0.52380952,lowvig|99a9bae4dc0dc2590496bd3102b211f2|spreads|event,0.51162791,https://api.the-odds-api.com/v4/sports/americanfootball_nfl
2026,3,99a9bae4dc0dc2590496bd3102b211f2,2026-10-04T17:00:00Z,LowVig.ag,2026-09-24T19:59:07Z,Green Bay Packers,Tampa Bay Buccaneers,totals,Over,46.0,-107,0.51690821,lowvig|99a9bae4dc0dc2590496bd3102b211f2|totals|46.0,0.5,https://api.the-odds-api.com/v4/sports/americanfootball_nfl
2026,3,99a9bae4dc0dc2590496bd3102b211f2,2026-10-04T17:00:00Z,LowVig.ag,2026-09-24T19:59:07Z,Green Bay Packers,Tampa Bay Buccaneers,totals,Under,46.0,-107,0.51690821,lowvig|99a9bae4dc0dc2590496bd3102b211f2|totals|46.0,0.5,https://api.the-odds-api.com/v4/sports/americanfootball_nfl
2026,3,99a9bae4dc0dc2590496bd3102b211f2,2026-10-04T17:00:00Z,BetRivers,2026-09-24T19:58:14Z,Green Bay Packers,Tampa Bay Buccaneers,h2h,Green Bay Packers,,-120,0.54545455,betrivers|99a9bae4dc0dc2590496bd3102b211f2|h2h|event,0.51807742,https://api.the-odds-api.com/v4/sports/americanfootball_nfl
2026,3,99a9bae4dc0dc2590496bd3102b211f2,2026-10-04T17:00:00Z,BetRivers,2026-09-24T19:58:14Z,Green Bay Packers,Tampa Bay Buccaneers,h2h,Tampa Bay Buccaneers,,-103,0.50738916,betrivers|99a9bae4dc0dc2590496bd3102b211f2|h2h|event,0.48192258,https://api.the-odds-api.com/v4/sports/americanfootball_nfl
2026,3,99a9bae4dc0dc2590496bd3102b211f2,2026-10-04T17:00:00Z,BetRivers,2026-09-24T19:58:14Z,Green Bay Packers,Tampa Bay Buccaneers,spreads,Green Bay Packers,-1.0,-112,0.52830189,betrivers|99a9bae4dc0dc2590496bd3102b211f2|spreads|event,0.5032247,https://api.the-odds-api.com/v4/sports/americanfootball_nfl
2026,3,99a9bae4dc0dc2590496bd3102b211f2,2026-10-04T17:00:00Z,BetRivers,2026-09-24T19:58:14Z,Green Bay Packers,Tampa Bay Buccaneers,spreads,Tampa Bay Buccaneers,1.0,-109,0.5215311,betrivers|99a9bae4dc0dc2590496bd3102b211f2|spreads|event,0.4967753,https://api.the-odds-api.com/v4/sports/americanfootball_nfl
2026,3,99a9bae4dc0dc2590496bd3102b211f2,2026-10-04T17:00:00Z,BetRivers,2026-09-24T19:58:14Z,Green Bay Packers,Tampa Bay Buccaneers,totals,Over,45.5,-109,0.5215311,betrivers|99a9bae4dc0dc2590496bd3102b211f2|totals|45.5,0.4967753,https://api.the-odds-api.com/v4/sports/americanfootball_nfl
2026,3,99a9bae4dc0dc2590496bd3102b211f2,2026-10-04T17:00:00Z,BetRivers,2026-09-24T19:58:14Z,Green Bay Packers,Tampa Bay Buccaneers,totals,Under,45.5,-112,0.52830189,betrivers|99a9bae4dc0dc2590496bd3102b211f2|totals|45.5,0.5032247,https://api.the-odds-api.com/v4/sports/americanfootball_nfl
2026,3,99a9bae4dc0dc2590496bd3102b211f2,2026-10-04T17:00:00Z,Bovada,2026-09-24T19:58:18Z,Green Bay Packers,Tampa Bay Buccaneers,h2h,Green Bay Packers,,-120,0.54545455,bovada|99a9bae4dc0dc2590496bd3102b211f2|h2h|event,0.52173913,https://api.the-odds-api.com/v4/sports/americanfootball_nfl
2026,3,99a9bae4dc0dc2590496bd3102b211f2,2026-10-04T17:00:00Z,Bovada,2026-09-24T19:58:18Z,Green Bay Packers,Tampa Bay Buccaneers,h2h,Tampa Bay Buccaneers,,100,0.5,bovada|99a9bae4dc0dc2590496bd3102b211f2|h2h|event,0.47826087,https://api.the-odds-api.com/v4/sports/americanfootball_nfl
2026,3,99a9bae4dc0dc2590496bd3102b211f2,2026-10-04T17:00:00Z,Bovada,2026-09-24T19:58:18Z,Green Bay Packers,Tampa Bay Buccaneers,spreads,Green Bay Packers,-1.5,-105,0.51219512,bovada|99a9bae4dc0dc2590496bd3102b211f2|spreads|event,0.48916576,https://api.the-odds-api.com/v4/sports/americanfootball_nfl
2026,3,99a9bae4dc0dc2590496bd3102b211f2,2026-10-04T17:00:00Z,Bovada,2026-09-24T19:58:18Z,Green Bay Packers,Tampa Bay Buccaneers,spreads,Tampa Bay Buccaneers,1.5,-115,0.53488372,bovada|99a9bae4dc0dc2590496bd3102b211f2|spreads|event,0.51083424,https://api.the-odds-api.com/v4/sports/americanfootball_nfl
2026,3,99a9bae4dc0dc2590496bd3102b211f2,2026-10-04T17:00:00Z,Bovada,2026-09-24T19:58:18Z,Green Bay Packers,Tampa Bay Buccaneers,totals,Over,46.0,-110,0.52380952,bovada|99a9bae4dc0dc2590496bd3102b211f2|totals|46.0,0.5,https://api.the-odds-api.com/v4/sports/americanfootball_nfl
2026,3,99a9bae4dc0dc2590496bd3102b211f2,2026-10-04T17:00:00Z,Bovada,2026-09-24T19:58:18Z,Green Bay Packers,Tampa Bay Buccaneers,totals,Under,46.0,-110,0.52380952,bovada|99a9bae4dc0dc2590496bd3102b211f2|totals|46.0,0.5,https://api.the-odds-api.com/v4/sports/americanfootball_nfl
2026,3,99a9bae4dc0dc2590496bd3102b211f2,2026-10-04T17:00:00Z,MyBookie.ag,2026-09-24T19:57:58Z,Green Bay Packers,Tampa Bay Buccaneers,h2h,Green Bay Packers,,-118,0.5412844,mybookieag|99a9bae4dc0dc2590496bd3102b211f2|h2h|event,0.51151784,https://api.the-odds-api.com/v4/sports/americanfootball_nfl
2026,3,99a9bae4dc0dc2590496bd3102b211f2,2026-10-04T17:00:00Z,MyBookie.ag,2026-09-24T19:57:58Z,Green Bay Packers,Tampa Bay Buccaneers,h2h,Tampa Bay Buccaneers,,-107,0.51690821,mybookieag|99a9bae4dc0dc2590496bd3102b211f2|h2h|event,0.48848216,https://api.the-odds-api.com/v4/sports/americanfootball_nfl
2026,3,99a9bae4dc0dc2590496bd3102b211f2,2026-10-04T17:00:00Z,MyBookie.ag,2026-09-24T19:57:58Z,Green Bay Packers,Tampa Bay Buccaneers,spreads,Green Bay Packers,-1.0,-110,0.52380952,mybookieag|99a9bae4dc0dc2590496bd3102b211f2|spreads|event,0.5,https://api.the-odds-api.com/v4/sports/americanfootball_nfl
2026,3,99a9bae4dc0dc2590496bd3102b211f2,2026-10-04T17:00:00Z,MyBookie.ag,2026-09-24T19:57:58Z,Green Bay Packers,Tampa Bay Buccaneers,spreads,Tampa Bay Buccaneers,1.0,-110,0.52380952,mybookieag|99a9bae4dc0dc2590496bd3102b211f2|spreads|event,0.5,https://api.the-odds-api.com/v4/sports/americanfootball_nfl
2026,3,99a9bae4dc0dc2590496bd3102b211f2,2026-10-04T17:00:00Z,MyBookie.ag,2026-09-24T19:57:58Z,Green Bay Packers,Tampa Bay Buccaneers,totals,Over,45.5,-110,0.52380952,mybookieag|99a9bae4dc0dc2590496bd3102b211f2|totals|45.5,0.5,https://api.the-odds-api.com/v4/sports/americanfootball_nfl
2026,3,99a9bae4dc0dc2590496bd3102b211f2,2026-10-04T17:00:00Z,MyBookie.ag,2026-09-24T19:57:58Z,Green Bay Packers,Tampa Bay Buccaneers,totals,Under,45.5,-110,0.52380952,mybookieag|99a9bae4dc0dc2590496bd3102b211f2|totals|45.5,0.5,https://api.the-odds-api.com/v4/sports/americanfootball_nfl
2026,3,1b4f2e60ce83fa1d63a5dff83769d27c,2026-10-04T17:00:00Z,DraftKings,2026-09-24T19:58:31Z,Los Angeles Rams,Philadelphia Eagles,h2h,Los Angeles Rams,,-135,0.57446809,draftkings|1b4f2e60ce83fa1d63a5dff83769d27c|h2h|event,0.55144112,https://api.the-odds-api.com/v4/sports/americanfootball_nfl
2026,3,1b4f2e60ce83fa1d63a5dff83769d27c,2026-10-04T17:00:00Z,DraftKings,2026-09-24T19:58:31Z,Los Angeles Rams,Philadelphia Eagles,h2h,Philadelphia Eagles,,114,0.46728972,draftkings|1b4f2e60ce83fa1d63a5dff83769d27c|h2h|event,0.44855888,https://api.the-odds-api.com/v4/sports/americanfootball_nfl
2026,3,1b4f2e60ce83fa1d63a5dff83769d27c,2026-10-04T17:00:00Z,DraftKings,2026-09-24T19:58:31Z,Los Angeles Rams,Philadelphia Eagles,spreads,Los Angeles Rams,-2.5,-105,0.51219512,draftkings|1b4f2e60ce83fa1d63a5dff83769d27c|spreads|event,0.48916576,https://api.the-odds-api.com/v4/sports/americanfootball_nfl
2026,3,1b4f2e60ce83fa1d63a5dff83769d27c,2026-10-04T17:00:00Z,DraftKings,2026-09-24T19:58:31Z,Los Angeles Rams,Philadelphia Eagles,spreads,Philadelphia Eagles,2.5,-115,0.53488372,draftkings|1b4f2e60ce83fa1d63a5dff83769d27c|spreads|event,0.51083424,https://api.the-odds-api.com/v4/sports/americanfootball_nfl
2026,3,1b4f2e60ce83fa1d63a5dff83769d27c,2026-10-04T17:00:00Z,DraftKings,2026-09-24T19:58:31Z,Los Angeles Rams,Philadelphia Eagles,totals,Over,45.5,-110,0.52380952,draftkings|1b4f2e60ce83fa1d63a5dff83769d27c|totals|45.5,0.5,https://api.the-odds-api.com/v4/sports/americanfootball_nfl
2026,3,1b4f2e60ce83fa1d63a5dff83769d27c,2026-10-04T17:00:00Z,DraftKings,2026-09-24T19:58:31Z,Los Angeles Rams,Philadelphia Eagles,totals,Under,45.5,-110,0.52380952,draftkings|1b4f2e60ce83fa1d63a5dff83769d27c|totals|45.5,0.5,https://api.the-odds-api.com/v4/sports/americanfootball_nfl
2026,3,1b4f2e60ce83fa1d63a5dff83769d27c,2026-10-04T17:00:00Z,BetUS,2026-09-24T19:59:06Z,Los Angeles Rams,Philadelphia Eagles,spreads,Los Angeles Rams,-2.5,-120,0.54545455,betus|1b4f2e60ce83fa1d63a5dff83769d27c|spreads|event,0.52173913,https://api.the-odds-api.com/v4/sports/americanfootball_nfl
2026,3,1b4f2e60ce83fa1d63a5dff83769d27c,2026-10-04T17:00:00Z,BetUS,2026-09-24T19:59:06Z,Los Angeles Rams,Philadelphia Eagles,spreads,Philadelphia Eagles,2.5,100,0.5,betus|1b4f2e60ce83fa1d63a5dff83769d27c|spreads|event,0.47826087,https://api.the-odds-api.com/v4/sports/americanfootball_nfl
2026,3,1b4f2e60ce83fa1d63a5dff83769d27c,2026-10-04T17:00:00Z,BetUS,2026-09-24T19:59:06Z,Los Angeles Rams,Philadelphia Eagles,totals,Over,46.0,-110,0.52380952,betus|1b4f2e60ce83fa1d63a5dff83769d27c|totals|46.0,0.5,https://api.the-odds-api.com/v4/sports/americanfootball_nfl
2026,3,1b4f2e60ce83fa1d63a5dff83769d27c,2026-10-04T17:00:00Z,BetUS,2026-09-24T19:59:06Z,Los Angeles Rams,Philadelphia Eagles,totals,Under,46.0,-110,0.52380952,betus|1b4f2e60ce83fa1d63a5dff83769d27c|totals|46.0,0.5,https://api.the-odds-api.com/v4/sports/americanfootball_nfl
2026,3,1b4f2e60ce83fa1d63a5dff83769d27c,2026-10-04T17:00:00Z,FanDuel,2026-09-24T19:59:06Z,Los Angeles Rams,Philadelphia Eagles,h2h,Los Angeles Rams,,-152,0.6031746,fanduel|1b4f2e60ce83fa1d63a5dff83769d27c|h2h|event,0.57898957,https://api.the-odds-api.com/v4/sports/americanfootball_nfl
2026,3,1b4f2e60ce83fa1d63a5dff83769d27c,2026-10-04T17:00:00Z,FanDuel,2026-09-24T19:59:06Z,Los Angeles Rams,Philadelphia Eagles,h2h,Philadelphia Eagles,,128,0.43859649,fanduel|1b4f2e60ce83fa1d63a5dff83769d27c|h2h|event,0.42101043,https://api.the-odds-api.com/v4/sports/americanfootball_nfl
2026,3,1b4f2e60ce83fa1d63a5dff83769d27c,2026-10-04T17:00:00Z,FanDuel,2026-09-24T19:59:06Z,Los Angeles Rams,Philadelphia Eagles,spreads,Los Angeles Rams,-3.0,-104,0.50980392,fanduel|1b4f2e60ce83fa1d63a5dff83769d27c|spreads|event,0.48502482,https://api.the-odds-api.com/v4/sports/americanfootball_nfl
2026,3,1b4f2e60ce83fa1d63a5dff83769d27c,2026-10-04T17:00:00Z,FanDuel,2026-09-24T19:59:06Z,Los Angeles Rams,Philadelphia Eagles,spreads,Philadelphia Eagles,3.0,-118,0.5412844,fanduel|1b4f2e60ce83fa1d63a5dff83769d27c|spreads|event,0.51497518,https://api.the-odds-api.com/v4/sports/americanfootball_nfl
2026,3,1b4f2e60ce83fa1d63a5dff83769d27c,2026-10-04T17:00:00Z,FanDuel,2026-09-24T19:59:06Z,Los Angeles Rams,Philadelphia Eagles,totals,Over,46.5,-104,0.50980392,fanduel|1b4f2e60ce83fa1d63a5dff83769d27c|totals|46.5,0.48502482,https://api.the-odds-api.com/v4/sports/americanfootball_nfl
2026,3,1b4f2e60ce83fa1d63a5dff83769d27c,2026-10-04T17:00:00Z,FanDuel,2026-09-24T19:59:06Z,Los Angeles Rams,Philadelphia Eagles,totals,Under,46.5,-118,0.5412844,fanduel|1b4f2e60ce83fa1d63a5dff83769d27c|totals|46.5,0.51497518,https://api.the-odds-api.com/v4/sports/americanfootball_nfl
2026,3,1b4f2e60ce83fa1d63a5dff83769d27c,2026-10-04T17:00:00Z,BetOnline.ag,2026-09-24T19:58:15Z,Los Angeles Rams,Philadelphia Eagles,spreads,Los Angeles Rams,-2.5,-120,0.54545455,betonlineag|1b4f2e60ce83fa1d63a5dff83769d27c|spreads|event,0.52173913,https://api.the-odds-api.com/v4/sports/americanfootball_nfl
2026,3,1b4f2e60ce83fa1d63a5dff83769d27c,2026-10-04T17:00:00Z,BetOnline.ag,2026-09-24T19:58:15Z,Los Angeles Rams,Philadelphia Eagles,spreads,Philadelphia Eagles,2.5,100,0.5,betonlineag|1b4f2e60ce83fa1d63a5dff83769d27c|spreads|event,0.47826087,https://api.the-odds-api.com/v4/sports/americanfootball_nfl
2026,3,1b4f2e60ce83fa1d63a5dff83769d27c,2026-10-04T17:00:00Z,BetOnline.ag,2026-09-24T19:58:15Z,Los Angeles Rams,Philadelphia Eagles,totals,Over,46.0,-110,0.52380952,betonlineag|1b4f2e60ce83fa1d63a5dff83769d27c|totals|46.0,0.5,https://api.the-odds-api.com/v4/sports/americanfootball_nfl
2026,3,1b4f2e60ce83fa1d63a5dff83769d27c,2026-10-04T17:00:00Z,BetOnline.ag,2026-09-24T19:58:15Z,Los Angeles Rams,Philadelphia Eagles,totals,Under,46.0,-110,0.52380952,betonlineag|1b4f2e60ce83fa1d63a5dff83769d27c|totals|46.0,0.5,https://api.the-odds-api.com/v4/sports/americanfootball_nfl
2026,3,1b4f2e60ce83fa1d63a5dff83769d27c,2026-10-04T17:00:00Z,LowVig.ag,2026-09-24T19:59:07Z,Los Angeles Rams,Philadelphia Eagles,spreads,Los Angeles Rams,-2.5,-116,0.53703704,lowvig|1b4f2e60ce83fa1d63a5dff83769d27c|spreads|event,0.52401939,https://api.the-odds-api.com/v4/sports/americanfootball_nfl
2026,3,1b4f2e60ce83fa1d63a5dff83769d27c,2026-10-04T17:00:00Z,LowVig.ag,2026-09-24T19:59:07Z,Los Angeles Rams,Philadelphia Eagles,spreads,Philadelphia Eagles,2.5,105,0.48780488,lowvig|1b4f2e60ce83fa1d63a5dff83769d27c|spreads|event,0.47598061,https://api.the-odds-api.com/v4/sports/americanfootball_nfl
2026,3,1b4f2e60ce83fa1d63a5dff83769d27c,2026-10-04T17:00:00Z,LowVig.ag,2026-09-24T19:59:07Z,Los Angeles Rams,Philadelphia Eagles,totals,Over,46.0,-107,0.51690821,lowvig|1b4f2e60ce83fa1d63a5dff83769d27c|totals|46.0,0.5,https://api.the-odds-api.com/v4/sports/americanfootball_nfl
2026,3,1b4f2e60ce83fa1d63a5dff83769d27c,2026-10-04T17:00:00Z,LowVig.ag,2026-09-24T19:59:07Z,Los Angeles Rams,Philadelphia Eagles,totals,Under,46.0,-107,0.51690821,lowvig|1b4f2e60ce83fa1d63a5dff83769d27c|totals|46.0,0.5,https://api.the-odds-api.com/v4/sports/americanfootball_nfl
2026,3,1b4f2e60ce83fa1d63a5dff83769d27c,2026-10-04T17:00:00Z,BetRivers,2026-09-24T19:58:14Z,Los Angeles Rams,Philadelphia Eagles,h2h,Los Angeles Rams,,-143,0.58847737,betrivers|1b4f2e60ce83fa1d63a5dff83769d27c|h2h|event,0.55739317,https://api.the-odds-api.com/v4/sports/americanfootball_nfl
2026,3,1b4f2e60ce83fa1d63a5dff83769d27c,2026-10-04T17:00:00Z,BetRivers,2026-09-24T19:58:14Z,Los Angeles Rams,Philadelphia Eagles,h2h,Philadelphia Eagles,,114,0.46728972,betrivers|1b4f2e60ce83fa1d63a5dff83769d27c|h2h|event,0.44260683,https://api.the-odds-api.com/v4/sports/americanfootball_nfl
2026,3,1b4f2e60ce83fa1d63a5dff83769d27c,2026-10-04T17:00:00Z,BetRivers,2026-09-24T19:58:14Z,Los Angeles Rams,Philadelphia Eagles,spreads,Los Angeles Rams,-2.5,-113,0.53051643,betrivers|1b4f2e60ce83fa1d63a5dff83769d27c|spreads|event,0.50537542,https://api.the-odds-api.com/v4/sports/americanfootball_nfl
2026,3,1b4f2e60ce83fa1d63a5dff83769d27c,2026-10-04T17:00:00Z,BetRivers,2026-09-24T19:58:14Z,Los Angeles Rams,Philadelphia Eagles,spreads,Philadelphia Eagles,2.5,-108,0.51923077,betrivers|1b4f2e60ce83fa1d63a5dff83769d27c|spreads|event,0.49462458,https://api.the-odds-api.com/v4/sports/americanfootball_nfl
2026,3,1b4f2e60ce83fa1d63a5dff83769d27c,2026-10-04T17:00:00Z,BetRivers,2026-09-24T19:58:14Z,Los Angeles Rams,Philadelphia Eagles,totals,Over,46.5,-110,0.52380952,betrivers|1b4f2e60ce83fa1d63a5dff83769d27c|totals|46.5,0.5,https://api.the-odds-api.com/v4/sports/americanfootball_nfl
2026,3,1b4f2e60ce83fa1d63a5dff83769d27c,2026-10-04T17:00:00Z,BetRivers,2026-09-24T19:58:14Z,Los Angeles Rams,Philadelphia Eagles,totals,Under,46.5,-110,0.52380952,betrivers|1b4f2e60ce83fa1d63a5dff83769d27c|totals|46.5,0.5,https://api.the-odds-api.com/v4/sports/americanfootball_nfl
2026,3,1b4f2e60ce83fa1d63a5dff83769d27c,2026-10-04T17:00:00Z,MyBookie.ag,2026-09-24T19:57:58Z,Los Angeles Rams,Philadelphia Eagles,h2h,Los Angeles Rams,,-148,0.59677419,mybookieag|1b4f2e60ce83fa1d63a5dff83769d27c|h2h|event,0.56313416,https://api.the-odds-api.com/v4/sports/americanfootball_nfl
2026,3,1b4f2e60ce83fa1d63a5dff83769d27c,2026-10-04T17:00:00Z,MyBookie.ag,2026-09-24T19:57:58Z,Los Angeles Rams,Philadelphia Eagles,h2h,Philadelphia Eagles,,116,0.46296296,mybookieag|1b4f2e60ce83fa1d63a5dff83769d27c|h2h|event,0.43686584,https://api.the-odds-api.com/v4/sports/americanfootball_nfl
2026,3,1b4f2e60ce83fa1d63a5dff83769d27c,2026-10-04T17:00:00Z,MyBookie.ag,2026-09-24T19:57:58Z,Los Angeles Rams,Philadelphia Eagles,spreads,Los Angeles Rams,-3.0,-110,0.52380952,mybookieag|1b4f2e60ce83fa1d63a5dff83769d27c|spreads|event,0.5,https://api.the-odds-api.com/v4/sports/americanfootball_nfl
2026,3,1b4f2e60ce83fa1d63a5dff83769d27c,2026-10-04T17:00:00Z,MyBookie.ag,2026-09-24T19:57:58Z,Los Angeles Rams,Philadelphia Eagles,spreads,Philadelphia Eagles,3.0,-110,0.52380952,mybookieag|1b4f2e60ce83fa1d63a5dff83769d27c|spreads|event,0.5,https://api.the-odds-api.com/v4/sports/americanfootball_nfl
2026,3,1b4f2e60ce83fa1d63a5dff83769d27c,2026-10-04T17:00:00Z,MyBookie.ag,2026-09-24T19:57:58Z,Los Angeles Rams,Philadelphia Eagles,totals,Over,46.0,-110,0.52380952,mybookieag|1b4f2e60ce83fa1d63a5dff83769d27c|totals|46.0,0.5,https://api.the-odds-api.com/v4/sports/americanfootball_nfl
2026,3,1b4f2e60ce83fa1d63a5dff83769d27c,2026-10-04T17:00:00Z,MyBookie.ag,2026-09-24T19:57:58Z,Los Angeles Rams,Philadelphia Eagles,totals,Under,46.0,-110,0.52380952,mybookieag|1b4f2e60ce83fa1d63a5dff83769d27c|totals|46.0,0.5,https://api.the-odds-api.com/v4/sports/americanfootball_nfl
2026,3,c327223d76a3b7b0db8c6c104442f44b,2026-10-04T20:05:00Z,DraftKings,2026-09-24T19:58:31Z,Miami Dolphins,Minnesota Vikings,h2h,Miami Dolphins,,500,0.16666667,draftkings|c327223d76a3b7b0db8c6c104442f44b|h2h|event,0.16,https://api.the-odds-api.com/v4/sports/americanfootball_nfl
2026,3,c327223d76a3b7b0db8c6c104442f44b,2026-10-04T20:05:00Z,DraftKings,2026-09-24T19:58:31Z,Miami Dolphins,Minnesota Vikings,h2h,Minnesota Vikings,,-700,0.875,draftkings|c327223d76a3b7b0db8c6c104442f44b|h2h|event,0.84,https://api.the-odds-api.com/v4/sports/americanfootball_nfl
2026,3,c327223d76a3b7b0db8c6c104442f44b,2026-10-04T20:05:00Z,DraftKings,2026-09-24T19:58:31Z,Miami Dolphins,Minnesota Vikings,spreads,Miami Dolphins,10.5,-110,0.52380952,draftkings|c327223d76a3b7b0db8c6c104442f44b|spreads|event,0.5,https://api.the-odds-api.com/v4/sports/americanfootball_nfl
2026,3,c327223d76a3b7b0db8c6c104442f44b,2026-10-04T20:05:00Z,DraftKings,2026-09-24T19:58:31Z,Miami Dolphins,Minnesota Vikings,spreads,Minnesota Vikings,-10.5,-110,0.52380952,draftkings|c327223d76a3b7b0db8c6c104442f44b|spreads|event,0.5,https://api.the-odds-api.com/v4/sports/americanfootball_nfl
2026,3,c327223d76a3b7b0db8c6c104442f44b,2026-10-04T20:05:00Z,DraftKings,2026-09-24T19:58:31Z,Miami Dolphins,Minnesota Vikings,totals,Over,42.5,-110,0.52380952,draftkings|c327223d76a3b7b0db8c6c104442f44b|totals|42.5,0.5,https://api.the-odds-api.com/v4/sports/americanfootball_nfl
2026,3,c327223d76a3b7b0db8c6c104442f44b,2026-10-04T20:05:00Z,DraftKings,2026-09-24T19:58:31Z,Miami Dolphins,Minnesota Vikings,totals,Under,42.5,-110,0.52380952,draftkings|c327223d76a3b7b0db8c6c104442f44b|totals|42.5,0.5,https://api.the-odds-api.com/v4/sports/americanfootball_nfl
2026,3,c327223d76a3b7b0db8c6c104442f44b,2026-10-04T20:05:00Z,BetUS,2026-09-24T19:59:06Z,Miami Dolphins,Minnesota Vikings,spreads,Miami Dolphins,10.5,-110,0.52380952,betus|c327223d76a3b7b0db8c6c104442f44b|spreads|event,0.5,https://api.the-odds-api.com/v4/sports/americanfootball_nfl
2026,3,c327223d76a3b7b0db8c6c104442f44b,2026-10-04T20:05:00Z,BetUS,2026-09-24T19:59:06Z,Miami Dolphins,Minnesota Vikings,spreads,Minnesota Vikings,-10.5,-110,0.52380952,betus|c327223d76a3b7b0db8c6c104442f44b|spreads|event,0.5,https://api.the-odds-api.com/v4/sports/americanfootball_nfl
2026,3,c327223d76a3b7b0db8c6c104442f44b,2026-10-04T20:05:00Z,BetUS,2026-09-24T19:59:06Z,Miami Dolphins,Minnesota Vikings,totals,Over,42.0,-110,0.52380952,betus|c327223d76a3b7b0db8c6c104442f44b|totals|42.0,0.5,https://api.the-odds-api.com/v4/sports/americanfootball_nfl
2026,3,c327223d76a3b7b0db8c6c104442f44b,2026-10-04T20:05:00Z,BetUS,2026-09-24T19:59:06Z,Miami Dolphins,Minnesota Vikings,totals,Under,42.0,-110,0.52380952,betus|c327223d76a3b7b0db8c6c104442f44b|totals|42.0,0.5,https://api.the-odds-api.com/v4/sports/americanfootball_nfl
2026,3,c327223d76a3b7b0db8c6c104442f44b,2026-10-04T20:05:00Z,FanDuel,2026-09-24T19:59:06Z,Miami Dolphins,Minnesota Vikings,h2h,Miami Dolphins,,420,0.19230769,fanduel|c327223d76a3b7b0db8c6c104442f44b|h2h|event,0.18477043,https://api.the-odds-api.com/v4/sports/americanfootball_nfl
2026,3,c327223d76a3b7b0db8c6c104442f44b,2026-10-04T20:05:00Z,FanDuel,2026-09-24T19:59:06Z,Miami Dolphins,Minnesota Vikings,h2h,Minnesota Vikings,,-560,0.84848485,fanduel|c327223d76a3b7b0db8c6c104442f44b|h2h|event,0.81522957,https://api.the-odds-api.com/v4/sports/americanfootball_nfl
2026,3,c327223d76a3b7b0db8c6c104442f44b,2026-10-04T20:05:00Z,FanDuel,2026-09-24T19:59:06Z,Miami Dolphins,Minnesota Vikings,spreads,Miami Dolphins,10.5,-120,0.54545455,fanduel|c327223d76a3b7b0db8c6c104442f44b|spreads|event,0.51928021,https://api.the-odds-api.com/v4/sports/americanfootball_nfl
2026,3,c327223d76a3b7b0db8c6c104442f44b,2026-10-04T20:05:00Z,FanDuel,2026-09-24T19:59:06Z,Miami Dolphins,Minnesota Vikings,spreads,Minnesota Vikings,-10.5,-102,0.5049505,fanduel|c327223d76a3b7b0db8c6c104442f44b|spreads|event,0.48071979,https://api.the-odds-api.com/v4/sports/americanfootball_nfl
2026,3,c327223d76a3b7b0db8c6c104442f44b,2026-10-04T20:05:00Z,FanDuel,2026-09-24T19:59:06Z,Miami Dolphins,Minnesota Vikings,totals,Over,43.5,-105,0.51219512,fanduel|c327223d76a3b7b0db8c6c104442f44b|totals|43.5,0.48916576,https://api.the-odds-api.com/v4/sports/americanfootball_nfl
2026,3,c327223d76a3b7b0db8c6c104442f44b,2026-10-04T20:05:00Z,FanDuel,2026-09-24T19:59:06Z,Miami Dolphins,Minnesota Vikings,totals,Under,43.5,-115,0.53488372,fanduel|c327223d76a3b7b0db8c6c104442f44b|totals|43.5,0.51083424,https://api.the-odds-api.com/v4/sports/americanfootball_nfl
2026,3,c327223d76a3b7b0db8c6c104442f44b,2026-10-04T20:05:00Z,BetOnline.ag,2026-09-24T19:58:15Z,Miami Dolphins,Minnesota Vikings,spreads,Miami Dolphins,10.0,-110,0.52380952,betonlineag|c327223d76a3b7b0db8c6c104442f44b|spreads|event,0.5,https://api.the-odds-api.com/v4/sports/americanfootball_nfl
2026,3,c327223d76a3b7b0db8c6c104442f44b,2026-10-04T20:05:00Z,BetOnline.ag,2026-09-24T19:58:15Z,Miami Dolphins,Minnesota Vikings,spreads,Minnesota Vikings,-10.0,-110,0.52380952,betonlineag|c327223d76a3b7b0db8c6c104442f44b|spreads|event,0.5,https://api.the-odds-api.com/v4/sports/americanfootball_nfl
2026,3,c327223d76a3b7b0db8c6c104442f44b,2026-10-04T20:05:00Z,BetOnline.ag,2026-09-24T19:58:15Z,Miami Dolphins,Minnesota Vikings,totals,Over,42.5,-110,0.52380952,betonlineag|c327223d76a3b7b0db8c6c104442f44b|totals|42.5,0.5,https://api.the-odds-api.com/v4/sports/americanfootball_nfl
2026,3,c327223d76a3b7b0db8c6c104442f44b,2026-10-04T20:05:00Z,BetOnline.ag,2026-09-24T19:58:15Z,Miami Dolphins,Minnesota Vikings,totals,Under,42.5,-110,0.52380952,betonlineag|c327223d76a3b7b0db8c6c104442f44b|totals|42.5,0.5,https://api.the-odds-api.com/v4/sports/americanfootball_nfl
2026,3,c327223d76a3b7b0db8c6c104442f44b,2026-10-04T20:05:00Z,LowVig.ag,2026-09-24T19:59:07Z,Miami Dolphins,Minnesota Vikings,spreads,Miami Dolphins,10.0,-105,0.51219512,lowvig|c327223d76a3b7b0db8c6c104442f44b|spreads|event,0.5,https://api.the-odds-api.com/v4/sports/americanfootball_nfl
2026,3,c327223d76a3b7b0db8c6c104442f44b,2026-10-04T20:05:00Z,LowVig.ag,2026-09-24T19:59:07Z,Miami Dolphins,Minnesota Vikings,spreads,Minnesota Vikings,-10.0,-105,0.51219512,lowvig|c327223d76a3b7b0db8c6c104442f44b|spreads|event,0.5,https://api.the-odds-api.com/v4/sports/americanfootball_nfl
2026,3,c327223d76a3b7b0db8c6c104442f44b,2026-10-04T20:05:00Z,LowVig.ag,2026-09-24T19:59:07Z,Miami Dolphins,Minnesota Vikings,totals,Over,42.5,-107,0.51690821,lowvig|c327223d76a3b7b0db8c6c104442f44b|totals|42.5,0.5,https://api.the-odds-api.com/v4/sports/americanfootball_nfl
2026,3,c327223d76a3b7b0db8c6c104442f44b,2026-10-04T20:05:00Z,LowVig.ag,2026-09-24T19:59:07Z,Miami Dolphins,Minnesota Vikings,totals,Under,42.5,-107,0.51690821,lowvig|c327223d76a3b7b0db8c6c104442f44b|totals|42.5,0.5,https://api.the-odds-api.com/v4/sports/americanfootball_nfl
2026,3,c327223d76a3b7b0db8c6c104442f44b,2026-10-04T20:05:00Z,BetRivers,2026-09-24T19:58:14Z,Miami Dolphins,Minnesota Vikings,h2h,Miami Dolphins,,440,0.18518519,betrivers|c327223d76a3b7b0db8c6c104442f44b|h2h|event,0.17682927,https://api.the-odds-api.com/v4/sports/americanfootball_nfl
2026,3,c327223d76a3b7b0db8c6c104442f44b,2026-10-04T20:05:00Z,BetRivers,2026-09-24T19:58:14Z,Miami Dolphins,Minnesota Vikings,h2h,Minnesota Vikings,,-625,0.86206897,betrivers|c327223d76a3b7b0db8c6c104442f44b|h2h|event,0.82317073,https://api.the-odds-api.com/v4/sports/americanfootball_nfl
2026,3,c327223d76a3b7b0db8c6c104442f44b,2026-10-04T20:05:00Z,BetRivers,2026-09-24T19:58:14Z,Miami Dolphins,Minnesota Vikings,spreads,Miami Dolphins,10.5,-113,0.53051643,betrivers|c327223d76a3b7b0db8c6c104442f44b|spreads|event,0.50537542,https://api.the-odds-api.com/v4/sports/americanfootball_nfl
2026,3,c327223d76a3b7b0db8c6c104442f44b,2026-10-04T20:05:00Z,BetRivers,2026-09-24T19:58:14Z,Miami Dolphins,Minnesota Vikings,spreads,Minnesota Vikings,-10.5,-108,0.51923077,betrivers|c327223d76a3b7b0db8c6c104442f44b|spreads|event,0.49462458,https://api.the-odds-api.com/v4/sports/americanfootball_nfl
2026,3,c327223d76a3b7b0db8c6c104442f44b,2026-10-04T20:05:00Z,BetRivers,2026-09-24T19:58:14Z,Miami Dolphins,Minnesota Vikings,totals,Over,43.0,-110,0.52380952,betrivers|c327223d76a3b7b0db8c6c104442f44b|totals|43.0,0.5,https://api.the-odds-api.com/v4/sports/americanfootball_nfl
2026,3,c327223d76a3b7b0db8c6c104442f44b,2026-10-04T20:05:00Z,BetRivers,2026-09-24T19:58:14Z,Miami Dolphins,Minnesota Vikings,totals,Under,43.0,-110,0.52380952,betrivers|c327223d76a3b7b0db8c6c104442f44b|totals|43.0,0.5,https://api.the-odds-api.com/v4/sports/americanfootball_nfl
2026,3,c327223d76a3b7b0db8c6c104442f44b,2026-10-04T20:05:00Z,MyBookie.ag,2026-09-24T19:57:58Z,Miami Dolphins,Minnesota Vikings,h2h,Miami Dolphins,,430,0.18867925,mybookieag|c327223d76a3b7b0db8c6c104442f44b|h2h|event,0.17803065,https://api.the-odds-api.com/v4/sports/americanfootball_nfl
2026,3,c327223d76a3b7b0db8c6c104442f44b,2026-10-04T20:05:00Z,MyBookie.ag,2026-09-24T19:57:58Z,Miami Dolphins,Minnesota Vikings,h2h,Minnesota Vikings,,-676,0.87113402,mybookieag|c327223d76a3b7b0db8c6c104442f44b|h2h|event,0.82196935,https://api.the-odds-api.com/v4/sports/americanfootball_nfl
2026,3,c327223d76a3b7b0db8c6c104442f44b,2026-10-04T20:05:00Z,MyBookie.ag,2026-09-24T19:57:58Z,Miami Dolphins,Minnesota Vikings,spreads,Miami Dolphins,10.5,-110,0.52380952,mybookieag|c327223d76a3b7b0db8c6c104442f44b|spreads|event,0.5,https://api.the-odds-api.com/v4/sports/americanfootball_nfl
2026,3,c327223d76a3b7b0db8c6c104442f44b,2026-10-04T20:05:00Z,MyBookie.ag,2026-09-24T19:57:58Z,Miami Dolphins,Minnesota Vikings,spreads,Minnesota Vikings,-10.5,-110,0.52380952,mybookieag|c327223d76a3b7b0db8c6c104442f44b|spreads|event,0.5,https://api.the-odds-api.com/v4/sports/americanfootball_nfl
2026,3,c327223d76a3b7b0db8c6c104442f44b,2026-10-04T20:05:00Z,MyBookie.ag,2026-09-24T19:57:58Z,Miami Dolphins,Minnesota Vikings,totals,Over,43.0,-110,0.52380952,mybookieag|c327223d76a3b7b0db8c6c104442f44b|totals|43.0,0.5,https://api.the-odds-api.com/v4/sports/americanfootball_nfl
2026,3,c327223d76a3b7b0db8c6c104442f44b,2026-10-04T20:05:00Z,MyBookie.ag,2026-09-24T19:57:58Z,Miami Dolphins,Minnesota Vikings,totals,Under,43.0,-110,0.52380952,mybookieag|c327223d76a3b7b0db8c6c104442f44b|totals|43.0,0.5,https://api.the-odds-api.com/v4/sports/americanfootball_nfl
2026,3,a7e7efb75a9792ac63480ae6328dca18,2026-10-04T20:25:00Z,DraftKings,2026-09-24T19:58:31Z,Denver Broncos,San Francisco 49ers,h2h,Denver Broncos,,170,0.37037037,draftkings|a7e7efb75a9792ac63480ae6328dca18|h2h|event,0.35527082,https://api.the-odds-api.com/v4/sports/americanfootball_nfl
2026,3,a7e7efb75a9792ac63480ae6328dca18,2026-10-04T20:25:00Z,DraftKings,2026-09-24T19:58:31Z,Denver Broncos,San Francisco 49ers,h2h,San Francisco 49ers,,-205,0.67213115,draftkings|a7e7efb75a9792ac63480ae6328dca18|h2h|event,0.64472918,https://api.the-odds-api.com/v4/sports/americanfootball_nfl
2026,3,a7e7efb75a9792ac63480ae6328dca18,2026-10-04T20:25:00Z,DraftKings,2026-09-24T19:58:31Z,Denver Broncos,San Francisco 49ers,spreads,Denver Broncos,4.5,-115,0.53488372,draftkings|a7e7efb75a9792ac63480ae6328dca18|spreads|event,0.51083424,https://api.the-odds-api.com/v4/sports/americanfootball_nfl
2026,3,a7e7efb75a9792ac63480ae6328dca18,2026-10-04T20:25:00Z,DraftKings,2026-09-24T19:58:31Z,Denver Broncos,San Francisco 49ers,spreads,San Francisco 49ers,-4.5,-105,0.51219512,draftkings|a7e7efb75a9792ac63480ae6328dca18|spreads|event,0.48916576,https://api.the-odds-api.com/v4/sports/americanfootball_nfl
2026,3,a7e7efb75a9792ac63480ae6328dca18,2026-10-04T20:25:00Z,DraftKings,2026-09-24T19:58:31Z,Denver Broncos,San Francisco 49ers,totals,Over,45.5,-110,0.52380952,draftkings|a7e7efb75a9792ac63480ae6328dca18|totals|45.5,0.5,https://api.the-odds-api.com/v4/sports/americanfootball_nfl
2026,3,a7e7efb75a9792ac63480ae6328dca18,2026-10-04T20:25:00Z,DraftKings,2026-09-24T19:58:31Z,Denver Broncos,San Francisco 49ers,totals,Under,45.5,-110,0.52380952,draftkings|a7e7efb75a9792ac63480ae6328dca18|totals|45.5,0.5,https://api.the-odds-api.com/v4/sports/americanfootball_nfl
2026,3,a7e7efb75a9792ac63480ae6328dca18,2026-10-04T20:25:00Z,BetUS,2026-09-24T19:59:06Z,Denver Broncos,San Francisco 49ers,spreads,Denver Broncos,3.5,-105,0.51219512,betus|a7e7efb75a9792ac63480ae6328dca18|spreads|event,0.48916576,https://api.the-odds-api.com/v4/sports/americanfootball_nfl
2026,3,a7e7efb75a9792ac63480ae6328dca18,2026-10-04T20:25:00Z,BetUS,2026-09-24T19:59:06Z,Denver Broncos,San Francisco 49ers,spreads,San Francisco 49ers,-3.5,-115,0.53488372,betus|a7e7efb75a9792ac63480ae6328dca18|spreads|event,0.51083424,https://api.the-odds-api.com/v4/sports/americanfootball_nfl
2026,3,a7e7efb75a9792ac63480ae6328dca18,2026-10-04T20:25:00Z,BetUS,2026-09-24T19:59:06Z,Denver Broncos,San Francisco 49ers,totals,Over,46.0,-110,0.52380952,betus|a7e7efb75a9792ac63480ae6328dca18|totals|46.0,0.5,https://api.the-odds-api.com/v4/sports/americanfootball_nfl
2026,3,a7e7efb75a9792ac63480ae6328dca18,2026-10-04T20:25:00Z,BetUS,2026-09-24T19:59:06Z,Denver Broncos,San Francisco 49ers,totals,Under,46.0,-110,0.52380952,betus|a7e7efb75a9792ac63480ae6328dca18|totals|46.0,0.5,https://api.the-odds-api.com/v4/sports/americanfootball_nfl
2026,3,a7e7efb75a9792ac63480ae6328dca18,2026-10-04T20:25:00Z,FanDuel,2026-09-24T19:59:06Z,Denver Broncos,San Francisco 49ers,h2h,Denver Broncos,,172,0.36764706,fanduel|a7e7efb75a9792ac63480ae6328dca18|h2h|event,0.35358219,https://api.the-odds-api.com/v4/sports/americanfootball_nfl
2026,3,a7e7efb75a9792ac63480ae6328dca18,2026-10-04T20:25:00Z,FanDuel,2026-09-24T19:59:06Z,Denver Broncos,San Francisco 49ers,h2h,San Francisco 49ers,,-205,0.67213115,fanduel|a7e7efb75a9792ac63480ae6328dca18|h2h|event,0.64641781,https://api.the-odds-api.com/v4/sports/americanfootball_nfl
2026,3,a7e7efb75a9792ac63480ae6328dca18,2026-10-04T20:25:00Z,FanDuel,2026-09-24T19:59:06Z,Denver Broncos,San Francisco 49ers,spreads,Denver Broncos,3.5,-106,0.51456311,fanduel|a7e7efb75a9792ac63480ae6328dca18|spreads|event,0.49133599,https://api.the-odds-api.com/v4/sports/americanfootball_nfl
2026,3,a7e7efb75a9792ac63480ae6328dca18,2026-10-04T20:25:00Z,FanDuel,2026-09-24T19:59:06Z,Denver Broncos,San Francisco 49ers,spreads,San Francisco 49ers,-3.5,-114,0.53271028,fanduel|a7e7efb75a9792ac63480ae6328dca18|spreads|event,0.50866401,https://api.the-odds-api.com/v4/sports/americanfootball_nfl
2026,3,a7e7efb75a9792ac63480ae6328dca18,2026-10-04T20:25:00Z,FanDuel,2026-09-24T19:59:06Z,Denver Broncos,San Francisco 49ers,totals,Over,46.5,-110,0.52380952,fanduel|a7e7efb75a9792ac63480ae6328dca18|totals|46.5,0.5,https://api.the-odds-api.com/v4/sports/americanfootball_nfl
2026,3,a7e7efb75a9792ac63480ae6328dca18,2026-10-04T20:25:00Z,FanDuel,2026-09-24T19:59:06Z,Denver Broncos,San Francisco 49ers,totals,Under,46.5,-110,0.52380952,fanduel|a7e7efb75a9792ac63480ae6328dca18|totals|46.5,0.5,https://api.the-odds-api.com/v4/sports/americanfootball_nfl
2026,3,a7e7efb75a9792ac63480ae6328dca18,2026-10-04T20:25:00Z,BetOnline.ag,2026-09-24T19:58:15Z,Denver Broncos,San Francisco 49ers,spreads,Denver Broncos,3.5,-105,0.51219512,betonlineag|a7e7efb75a9792ac63480ae6328dca18|spreads|event,0.48916576,https://api.the-odds-api.com/v4/sports/americanfootball_nfl
2026,3,a7e7efb75a9792ac63480ae6328dca18,2026-10-04T20:25:00Z,BetOnline.ag,2026-09-24T19:58:15Z,Denver Broncos,San Francisco 49ers,spreads,San Francisco 49ers,-3.5,-115,0.53488372,betonlineag|a7e7efb75a9792ac63480ae6328dca18|spreads|event,0.51083424,https://api.the-odds-api.com/v4/sports/americanfootball_nfl
2026,3,a7e7efb75a9792ac63480ae6328dca18,2026-10-04T20:25:00Z,BetOnline.ag,2026-09-24T19:58:15Z,Denver Broncos,San Francisco 49ers,totals,Over,46.0,-110,0.52380952,betonlineag|a7e7efb75a9792ac63480ae6328dca18|totals|46.0,0.5,https://api.the-odds-api.com/v4/sports/americanfootball_nfl
2026,3,a7e7efb75a9792ac63480ae6328dca18,2026-10-04T20:25:00Z,BetOnline.ag,2026-09-24T19:58:15Z,Denver Broncos,San Francisco 49ers,totals,Under,46.0,-110,0.52380952,betonlineag|a7e7efb75a9792ac63480ae6328dca18|totals|46.0,0.5,https://api.the-odds-api.com/v4/sports/americanfootball_nfl
2026,3,a7e7efb75a9792ac63480ae6328dca18,2026-10-04T20:25:00Z,LowVig.ag,2026-09-24T19:59:07Z,Denver Broncos,San Francisco 49ers,spreads,Denver Broncos,3.5,100,0.5,lowvig|a7e7efb75a9792ac63480ae6328dca18|spreads|event,0.48837209,https://api.the-odds-api.com/v4/sports/americanfootball_nfl
2026,3,a7e7efb75a9792ac63480ae6328dca18,2026-10-04T20:25:00Z,LowVig.ag,2026-09-24T19:59:07Z,Denver Broncos,San Francisco 49ers,spreads,San Francisco 49ers,-3.5,-110,0.52380952,lowvig|a7e7efb75a9792ac63480ae6328dca18|spreads|event,0.51162791,https://api.the-odds-api.com/v4/sports/americanfootball_nfl
2026,3,a7e7efb75a9792ac63480ae6328dca18,2026-10-04T20:25:00Z,LowVig.ag,2026-09-24T19:59:07Z,Denver Broncos,San Francisco 49ers,totals,Over,46.0,-107,0.51690821,lowvig|a7e7efb75a9792ac63480ae6328dca18|totals|46.0,0.5,https://api.the-odds-api.com/v4/sports/americanfootball_nfl
2026,3,a7e7efb75a9792ac63480ae6328dca18,2026-10-04T20:25:00Z,LowVig.ag,2026-09-24T19:59:07Z,Denver Broncos,San Francisco 49ers,totals,Under,46.0,-107,0.51690821,lowvig|a7e7efb75a9792ac63480ae6328dca18|totals|46.0,0.5,https://api.the-odds-api.com/v4/sports/americanfootball_nfl
2026,3,a7e7efb75a9792ac63480ae6328dca18,2026-10-04T20:25:00Z,BetRivers,2026-09-24T19:58:14Z,Denver Broncos,San Francisco 49ers,h2h,Denver Broncos,,150,0.4,betrivers|a7e7efb75a9792ac63480ae6328dca18|h2h|event,0.38082557,https://api.the-odds-api.com/v4/sports/americanfootball_nfl
2026,3,a7e7efb75a9792ac63480ae6328dca18,2026-10-04T20:25:00Z,BetRivers,2026-09-24T19:58:14Z,Denver Broncos,San Francisco 49ers,h2h,San Francisco 49ers,,-186,0.65034965,betrivers|a7e7efb75a9792ac63480ae6328dca18|h2h|event,0.61917443,https://api.the-odds-api.com/v4/sports/americanfootball_nfl
2026,3,a7e7efb75a9792ac63480ae6328dca18,2026-10-04T20:25:00Z,BetRivers,2026-09-24T19:58:14Z,Denver Broncos,San Francisco 49ers,spreads,Denver Broncos,4.0,-113,0.53051643,betrivers|a7e7efb75a9792ac63480ae6328dca18|spreads|event,0.50537542,https://api.the-odds-api.com/v4/sports/americanfootball_nfl
2026,3,a7e7efb75a9792ac63480ae6328dca18,2026-10-04T20:25:00Z,BetRivers,2026-09-24T19:58:14Z,Denver Broncos,San Francisco 49ers,spreads,San Francisco 49ers,-4.0,-108,0.51923077,betrivers|a7e7efb75a9792ac63480ae6328dca18|spreads|event,0.49462458,https://api.the-odds-api.com/v4/sports/americanfootball_nfl
2026,3,a7e7efb75a9792ac63480ae6328dca18,2026-10-04T20:25:00Z,BetRivers,2026-09-24T19:58:14Z,Denver Broncos,San Francisco 49ers,totals,Over,45.5,-113,0.53051643,betrivers|a7e7efb75a9792ac63480ae6328dca18|totals|45.5,0.50537542,https://api.the-odds-api.com/v4/sports/americanfootball_nfl
2026,3,a7e7efb75a9792ac63480ae6328dca18,2026-10-04T20:25:00Z,BetRivers,2026-09-24T19:58:14Z,Denver Broncos,San Francisco 49ers,totals,Under,45.5,-108,0.51923077,betrivers|a7e7efb75a9792ac63480ae6328dca18|totals|45.5,0.49462458,https://api.the-odds-api.com/v4/sports/americanfootball_nfl
2026,3,a7e7efb75a9792ac63480ae6328dca18,2026-10-04T20:25:00Z,MyBookie.ag,2026-09-24T19:57:58Z,Denver Broncos,San Francisco 49ers,h2h,Denver Broncos,,159,0.38610039,mybookieag|a7e7efb75a9792ac63480ae6328dca18|h2h|event,0.36375661,https://api.the-odds-api.com/v4/sports/americanfootball_nfl
2026,3,a7e7efb75a9792ac63480ae6328dca18,2026-10-04T20:25:00Z,MyBookie.ag,2026-09-24T19:57:58Z,Denver Broncos,San Francisco 49ers,h2h,San Francisco 49ers,,-208,0.67532468,mybookieag|a7e7efb75a9792ac63480ae6328dca18|h2h|event,0.63624339,https://api.the-odds-api.com/v4/sports/americanfootball_nfl
2026,3,a7e7efb75a9792ac63480ae6328dca18,2026-10-04T20:25:00Z,MyBookie.ag,2026-09-24T19:57:58Z,Denver Broncos,San Francisco 49ers,spreads,Denver Broncos,4.0,-110,0.52380952,mybookieag|a7e7efb75a9792ac63480ae6328dca18|spreads|event,0.5,https://api.the-odds-api.com/v4/sports/americanfootball_nfl
2026,3,a7e7efb75a9792ac63480ae6328dca18,2026-10-04T20:25:00Z,MyBookie.ag,2026-09-24T19:57:58Z,Denver Broncos,San Francisco 49ers,spreads,San Francisco 49ers,-4.0,-110,0.52380952,mybookieag|a7e7efb75a9792ac63480ae6328dca18|spreads|event,0.5,https://api.the-odds-api.com/v4/sports/americanfootball_nfl
2026,3,a7e7efb75a9792ac63480ae6328dca18,2026-10-04T20:25:00Z,MyBookie.ag,2026-09-24T19:57:58Z,Denver Broncos,San Francisco 49ers,totals,Over,46.0,-110,0.52380952,mybookieag|a7e7efb75a9792ac63480ae6328dca18|totals|46.0,0.5,https://api.the-odds-api.com/v4/sports/americanfootball_nfl
2026,3,a7e7efb75a9792ac63480ae6328dca18,2026-10-04T20:25:00Z,MyBookie.ag,2026-09-24T19:57:58Z,Denver Broncos,San Francisco 49ers,totals,Under,46.0,-110,0.52380952,mybookieag|a7e7efb75a9792ac63480ae6328dca18|totals|46.0,0.5,https://api.the-odds-api.com/v4/sports/americanfootball_nfl
2026,3,e0cbd266dcf997089203a1b33ba0333d,2026-10-04T20:25:00Z,DraftKings,2026-09-24T19:58:31Z,Kansas City Chiefs,Las Vegas Raiders,h2h,Kansas City Chiefs,,-250,0.71428571,draftkings|e0cbd266dcf997089203a1b33ba0333d|h2h|event,0.68539326,https://api.the-odds-api.com/v4/sports/americanfootball_nfl
2026,3,e0cbd266dcf997089203a1b33ba0333d,2026-10-04T20:25:00Z,DraftKings,2026-09-24T19:58:31Z,Kansas City Chiefs,Las Vegas Raiders,h2h,Las Vegas Raiders,,205,0.32786885,draftkings|e0cbd266dcf997089203a1b33ba0333d|h2h|event,0.31460674,https://api.the-odds-api.com/v4/sports/americanfootball_nfl
2026,3,e0cbd266dcf997089203a1b33ba0333d,2026-10-04T20:25:00Z,DraftKings,2026-09-24T19:58:31Z,Kansas City Chiefs,Las Vegas Raiders,spreads,Kansas City Chiefs,-6.0,-110,0.52380952,draftkings|e0cbd266dcf997089203a1b33ba0333d|spreads|event,0.5,https://api.the-odds-api.com/v4/sports/americanfootball_nfl
2026,3,e0cbd266dcf997089203a1b33ba0333d,2026-10-04T20:25:00Z,DraftKings,2026-09-24T19:58:31Z,Kansas City Chiefs,Las Vegas Raiders,spreads,Las Vegas Raiders,6.0,-110,0.52380952,draftkings|e0cbd266dcf997089203a1b33ba0333d|spreads|event,0.5,https://api.the-odds-api.com/v4/sports/americanfootball_nfl
2026,3,e0cbd266dcf997089203a1b33ba0333d,2026-10-04T20:25:00Z,DraftKings,2026-09-24T19:58:31Z,Kansas City Chiefs,Las Vegas Raiders,totals,Over,45.5,-110,0.52380952,draftkings|e0cbd266dcf997089203a1b33ba0333d|totals|45.5,0.5,https://api.the-odds-api.com/v4/sports/americanfootball_nfl
2026,3,e0cbd266dcf997089203a1b33ba0333d,2026-10-04T20:25:00Z,DraftKings,2026-09-24T19:58:31Z,Kansas City Chiefs,Las Vegas Raiders,totals,Under,45.5,-110,0.52380952,draftkings|e0cbd266dcf997089203a1b33ba0333d|totals|45.5,0.5,https://api.the-odds-api.com/v4/sports/americanfootball_nfl
2026,3,e0cbd266dcf997089203a1b33ba0333d,2026-10-04T20:25:00Z,BetUS,2026-09-24T19:59:06Z,Kansas City Chiefs,Las Vegas Raiders,spreads,Kansas City Chiefs,-5.5,-110,0.52380952,betus|e0cbd266dcf997089203a1b33ba0333d|spreads|event,0.5,https://api.the-odds-api.com/v4/sports/americanfootball_nfl
2026,3,e0cbd266dcf997089203a1b33ba0333d,2026-10-04T20:25:00Z,BetUS,2026-09-24T19:59:06Z,Kansas City Chiefs,Las Vegas Raiders,spreads,Las Vegas Raiders,5.5,-110,0.52380952,betus|e0cbd266dcf997089203a1b33ba0333d|spreads|event,0.5,https://api.the-odds-api.com/v4/sports/americanfootball_nfl
2026,3,e0cbd266dcf997089203a1b33ba0333d,2026-10-04T20:25:00Z,BetUS,2026-09-24T19:59:06Z,Kansas City Chiefs,Las Vegas Raiders,totals,Over,46.0,-110,0.52380952,betus|e0cbd266dcf997089203a1b33ba0333d|totals|46.0,0.5,https://api.the-odds-api.com/v4/sports/americanfootball_nfl
2026,3,e0cbd266dcf997089203a1b33ba0333d,2026-10-04T20:25:00Z,BetUS,2026-09-24T19:59:06Z,Kansas City Chiefs,Las Vegas Raiders,totals,Under,46.0,-110,0.52380952,betus|e0cbd266dcf997089203a1b33ba0333d|totals|46.0,0.5,https://api.the-odds-api.com/v4/sports/americanfootball_nfl
2026,3,e0cbd266dcf997089203a1b33ba0333d,2026-10-04T20:25:00Z,FanDuel,2026-09-24T19:59:06Z,Kansas City Chiefs,Las Vegas Raiders,h2h,Kansas City Chiefs,,-240,0.70588235,fanduel|e0cbd266dcf997089203a1b33ba0333d|h2h|event,0.6777862,https://api.the-odds-api.com/v4/sports/americanfootball_nfl
2026,3,e0cbd266dcf997089203a1b33ba0333d,2026-10-04T20:25:00Z,FanDuel,2026-09-24T19:59:06Z,Kansas City Chiefs,Las Vegas Raiders,h2h,Las Vegas Raiders,,198,0.33557047,fanduel|e0cbd266dcf997089203a1b33ba0333d|h2h|event,0.3222138,https://api.the-odds-api.com/v4/sports/americanfootball_nfl
2026,3,e0cbd266dcf997089203a1b33ba0333d,2026-10-04T20:25:00Z,FanDuel,2026-09-24T19:59:06Z,Kansas City Chiefs,Las Vegas Raiders,spreads,Kansas City Chiefs,-5.5,-105,0.51219512,fanduel|e0cbd266dcf997089203a1b33ba0333d|spreads|event,0.48916576,https://api.the-odds-api.com/v4/sports/americanfootball_nfl
2026,3,e0cbd266dcf997089203a1b33ba0333d,2026-10-04T20:25:00Z,FanDuel,2026-09-24T19:59:06Z,Kansas City Chiefs,Las Vegas Raiders,spreads,Las Vegas Raiders,5.5,-115,0.53488372,fanduel|e0cbd266dcf997089203a1b33ba0333d|spreads|event,0.51083424,https://api.the-odds-api.com/v4/sports/americanfootball_nfl
2026,3,e0cbd266dcf997089203a1b33ba0333d,2026-10-04T20:25:00Z,FanDuel,2026-09-24T19:59:06Z,Kansas City Chiefs,Las Vegas Raiders,totals,Over,45.5,-118,0.5412844,fanduel|e0cbd266dcf997089203a1b33ba0333d|totals|45.5,0.51497518,https://api.the-odds-api.com/v4/sports/americanfootball_nfl
2026,3,e0cbd266dcf997089203a1b33ba0333d,2026-10-04T20:25:00Z,FanDuel,2026-09-24T19:59:06Z,Kansas City Chiefs,Las Vegas Raiders,totals,Under,45.5,-104,0.50980392,fanduel|e0cbd266dcf997089203a1b33ba0333d|totals|45.5,0.48502482,https://api.the-odds-api.com/v4/sports/americanfootball_nfl
2026,3,e0cbd266dcf997089203a1b33ba0333d,2026-10-04T20:25:00Z,LowVig.ag,2026-09-24T19:59:07Z,Kansas City Chiefs,Las Vegas Raiders,spreads,Kansas City Chiefs,-5.5,-105,0.51219512,lowvig|e0cbd266dcf997089203a1b33ba0333d|spreads|event,0.5,https://api.the-odds-api.com/v4/sports/americanfootball_nfl
2026,3,e0cbd266dcf997089203a1b33ba0333d,2026-10-04T20:25:00Z,LowVig.ag,2026-09-24T19:59:07Z,Kansas City Chiefs,Las Vegas Raiders,spreads,Las Vegas Raiders,5.5,-105,0.51219512,lowvig|e0cbd266dcf997089203a1b33ba0333d|spreads|event,0.5,https://api.the-odds-api.com/v4/sports/americanfootball_nfl
2026,3,e0cbd266dcf997089203a1b33ba0333d,2026-10-04T20:25:00Z,LowVig.ag,2026-09-24T19:59:07Z,Kansas City Chiefs,Las Vegas Raiders,totals,Over,45.5,-107,0.51690821,lowvig|e0cbd266dcf997089203a1b33ba0333d|totals|45.5,0.5,https://api.the-odds-api.com/v4/sports/americanfootball_nfl
2026,3,e0cbd266dcf997089203a1b33ba0333d,2026-10-04T20:25:00Z,LowVig.ag,2026-09-24T19:59:07Z,Kansas City Chiefs,Las Vegas Raiders,totals,Under,45.5,-107,0.51690821,lowvig|e0cbd266dcf997089203a1b33ba0333d|totals|45.5,0.5,https://api.the-odds-api.com/v4/sports/americanfootball_nfl
2026,3,e0cbd266dcf997089203a1b33ba0333d,2026-10-04T20:25:00Z,BetOnline.ag,2026-09-24T19:58:15Z,Kansas City Chiefs,Las Vegas Raiders,spreads,Kansas City Chiefs,-5.5,-110,0.52380952,betonlineag|e0cbd266dcf997089203a1b33ba0333d|spreads|event,0.5,https://api.the-odds-api.com/v4/sports/americanfootball_nfl
2026,3,e0cbd266dcf997089203a1b33ba0333d,2026-10-04T20:25:00Z,BetOnline.ag,2026-09-24T19:58:15Z,Kansas City Chiefs,Las Vegas Raiders,spreads,Las Vegas Raiders,5.5,-110,0.52380952,betonlineag|e0cbd266dcf997089203a1b33ba0333d|spreads|event,0.5,https://api.the-odds-api.com/v4/sports/americanfootball_nfl
2026,3,e0cbd266dcf997089203a1b33ba0333d,2026-10-04T20:25:00Z,BetOnline.ag,2026-09-24T19:58:15Z,Kansas City Chiefs,Las Vegas Raiders,totals,Over,45.5,-110,0.52380952,betonlineag|e0cbd266dcf997089203a1b33ba0333d|totals|45.5,0.5,https://api.the-odds-api.com/v4/sports/americanfootball_nfl
2026,3,e0cbd266dcf997089203a1b33ba0333d,2026-10-04T20:25:00Z,BetOnline.ag,2026-09-24T19:58:15Z,Kansas City Chiefs,Las Vegas Raiders,totals,Under,45.5,-110,0.52380952,betonlineag|e0cbd266dcf997089203a1b33ba0333d|totals|45.5,0.5,https://api.the-odds-api.com/v4/sports/americanfootball_nfl
2026,3,e0cbd266dcf997089203a1b33ba0333d,2026-10-04T20:25:00Z,BetRivers,2026-09-24T19:58:14Z,Kansas City Chiefs,Las Vegas Raiders,h2h,Kansas City Chiefs,,-250,0.71428571,betrivers|e0cbd266dcf997089203a1b33ba0333d|h2h|event,0.68181818,https://api.the-odds-api.com/v4/sports/americanfootball_nfl
2026,3,e0cbd266dcf997089203a1b33ba0333d,2026-10-04T20:25:00Z,BetRivers,2026-09-24T19:58:14Z,Kansas City Chiefs,Las Vegas Raiders,h2h,Las Vegas Raiders,,200,0.33333333,betrivers|e0cbd266dcf997089203a1b33ba0333d|h2h|event,0.31818182,https://api.the-odds-api.com/v4/sports/americanfootball_nfl
2026,3,e0cbd266dcf997089203a1b33ba0333d,2026-10-04T20:25:00Z,BetRivers,2026-09-24T19:58:14Z,Kansas City Chiefs,Las Vegas Raiders,spreads,Kansas City Chiefs,-5.5,-114,0.53271028,betrivers|e0cbd266dcf997089203a1b33ba0333d|spreads|event,0.50752753,https://api.the-odds-api.com/v4/sports/americanfootball_nfl
2026,3,e0cbd266dcf997089203a1b33ba0333d,2026-10-04T20:25:00Z,BetRivers,2026-09-24T19:58:14Z,Kansas City Chiefs,Las Vegas Raiders,spreads,Las Vegas Raiders,5.5,-107,0.51690821,betrivers|e0cbd266dcf997089203a1b33ba0333d|spreads|event,0.49247247,https://api.the-odds-api.com/v4/sports/americanfootball_nfl
2026,3,e0cbd266dcf997089203a1b33ba0333d,2026-10-04T20:25:00Z,BetRivers,2026-09-24T19:58:14Z,Kansas City Chiefs,Las Vegas Raiders,totals,Over,45.5,-109,0.5215311,betrivers|e0cbd266dcf997089203a1b33ba0333d|totals|45.5,0.4967753,https://api.the-odds-api.com/v4/sports/americanfootball_nfl
2026,3,e0cbd266dcf997089203a1b33ba0333d,2026-10-04T20:25:00Z,BetRivers,2026-09-24T19:58:14Z,Kansas City Chiefs,Las Vegas Raiders,totals,Under,45.5,-112,0.52830189,betrivers|e0cbd266dcf997089203a1b33ba0333d|totals|45.5,0.5032247,https://api.the-odds-api.com/v4/sports/americanfootball_nfl
2026,3,e0cbd266dcf997089203a1b33ba0333d,2026-10-04T20:25:00Z,MyBookie.ag,2026-09-24T19:57:58Z,Kansas City Chiefs,Las Vegas Raiders,h2h,Kansas City Chiefs,,-250,0.71428571,mybookieag|e0cbd266dcf997089203a1b33ba0333d|h2h|event,0.67517401,https://api.the-odds-api.com/v4/sports/americanfootball_nfl
2026,3,e0cbd266dcf997089203a1b33ba0333d,2026-10-04T20:25:00Z,MyBookie.ag,2026-09-24T19:57:58Z,Kansas City Chiefs,Las Vegas Raiders,h2h,Las Vegas Raiders,,191,0.34364261,mybookieag|e0cbd266dcf997089203a1b33ba0333d|h2h|event,0.32482599,https://api.the-odds-api.com/v4/sports/americanfootball_nfl
2026,3,e0cbd266dcf997089203a1b33ba0333d,2026-10-04T20:25:00Z,MyBookie.ag,2026-09-24T19:57:58Z,Kansas City Chiefs,Las Vegas Raiders,spreads,Kansas City Chiefs,-5.5,-110,0.52380952,mybookieag|e0cbd266dcf997089203a1b33ba0333d|spreads|event,0.5,https://api.the-odds-api.com/v4/sports/americanfootball_nfl
2026,3,e0cbd266dcf997089203a1b33ba0333d,2026-10-04T20:25:00Z,MyBookie.ag,2026-09-24T19:57:58Z,Kansas City Chiefs,Las Vegas Raiders,spreads,Las Vegas Raiders,5.5,-110,0.52380952,mybookieag|e0cbd266dcf997089203a1b33ba0333d|spreads|event,0.5,https://api.the-odds-api.com/v4/sports/americanfootball_nfl
2026,3,e0cbd266dcf997089203a1b33ba0333d,2026-10-04T20:25:00Z,MyBookie.ag,2026-09-24T19:57:58Z,Kansas City Chiefs,Las Vegas Raiders,totals,Over,45.5,-110,0.52380952,mybookieag|e0cbd266dcf997089203a1b33ba0333d|totals|45.5,0.5,https://api.the-odds-api.com/v4/sports/americanfootball_nfl
2026,3,e0cbd266dcf997089203a1b33ba0333d,2026-10-04T20:25:00Z,MyBookie.ag,2026-09-24T19:57:58Z,Kansas City Chiefs,Las Vegas Raiders,totals,Under,45.5,-110,0.52380952,mybookieag|e0cbd266dcf997089203a1b33ba0333d|totals|45.5,0.5,https://api.the-odds-api.com/v4/sports/americanfootball_nfl
2026,3,96d2373cda647873b971f268482bced0,2026-10-04T20:25:00Z,DraftKings,2026-09-24T19:58:31Z,Los Angeles Chargers,Seattle Seahawks,h2h,Los Angeles Chargers,,235,0.29850746,draftkings|96d2373cda647873b971f268482bced0|h2h|event,0.28644877,https://api.the-odds-api.com/v4/sports/americanfootball_nfl
2026,3,96d2373cda647873b971f268482bced0,2026-10-04T20:25:00Z,DraftKings,2026-09-24T19:58:31Z,Los Angeles Chargers,Seattle Seahawks,h2h,Seattle Seahawks,,-290,0.74358974,draftkings|96d2373cda647873b971f268482bced0|h2h|event,0.71355123,https://api.the-odds-api.com/v4/sports/americanfootball_nfl
2026,3,96d2373cda647873b971f268482bced0,2026-10-04T20:25:00Z,DraftKings,2026-09-24T19:58:31Z,Los Angeles Chargers,Seattle Seahawks,spreads,Los Angeles Chargers,6.5,-110,0.52380952,draftkings|96d2373cda647873b971f268482bced0|spreads|event,0.5,https://api.the-odds-api.com/v4/sports/americanfootball_nfl
2026,3,96d2373cda647873b971f268482bced0,2026-10-04T20:25:00Z,DraftKings,2026-09-24T19:58:31Z,Los Angeles Chargers,Seattle Seahawks,spreads,Seattle Seahawks,-6.5,-110,0.52380952,draftkings|96d2373cda647873b971f268482bced0|spreads|event,0.5,https://api.the-odds-api.com/v4/sports/americanfootball_nfl
2026,3,96d2373cda647873b971f268482bced0,2026-10-04T20:25:00Z,DraftKings,2026-09-24T19:58:31Z,Los Angeles Chargers,Seattle Seahawks,totals,Over,42.5,-110,0.52380952,draftkings|96d2373cda647873b971f268482bced0|totals|42.5,0.5,https://api.the-odds-api.com/v4/sports/americanfootball_nfl
2026,3,96d2373cda647873b971f268482bced0,2026-10-04T20:25:00Z,DraftKings,2026-09-24T19:58:31Z,Los Angeles Chargers,Seattle Seahawks,totals,Under,42.5,-110,0.52380952,draftkings|96d2373cda647873b971f268482bced0|totals|42.5,0.5,https://api.the-odds-api.com/v4/sports/americanfootball_nfl
2026,3,96d2373cda647873b971f268482bced0,2026-10-04T20:25:00Z,BetUS,2026-09-24T19:59:06Z,Los Angeles Chargers,Seattle Seahawks,spreads,Los Angeles Chargers,6.5,-110,0.52380952,betus|96d2373cda647873b971f268482bced0|spreads|event,0.5,https://api.the-odds-api.com/v4/sports/americanfootball_nfl
2026,3,96d2373cda647873b971f268482bced0,2026-10-04T20:25:00Z,BetUS,2026-09-24T19:59:06Z,Los Angeles Chargers,Seattle Seahawks,spreads,Seattle Seahawks,-6.5,-110,0.52380952,betus|96d2373cda647873b971f268482bced0|spreads|event,0.5,https://api.the-odds-api.com/v4/sports/americanfootball_nfl
2026,3,96d2373cda647873b971f268482bced0,2026-10-04T20:25:00Z,BetUS,2026-09-24T19:59:06Z,Los Angeles Chargers,Seattle Seahawks,totals,Over,43.5,-110,0.52380952,betus|96d2373cda647873b971f268482bced0|totals|43.5,0.5,https://api.the-odds-api.com/v4/sports/americanfootball_nfl
2026,3,96d2373cda647873b971f268482bced0,2026-10-04T20:25:00Z,BetUS,2026-09-24T19:59:06Z,Los Angeles Chargers,Seattle Seahawks,totals,Under,43.5,-110,0.52380952,betus|96d2373cda647873b971f268482bced0|totals|43.5,0.5,https://api.the-odds-api.com/v4/sports/americanfootball_nfl
2026,3,96d2373cda647873b971f268482bced0,2026-10-04T20:25:00Z,FanDuel,2026-09-24T19:59:06Z,Los Angeles Chargers,Seattle Seahawks,h2h,Los Angeles Chargers,,275,0.26666667,fanduel|96d2373cda647873b971f268482bced0|h2h|event,0.25655977,https://api.the-odds-api.com/v4/sports/americanfootball_nfl
2026,3,96d2373cda647873b971f268482bced0,2026-10-04T20:25:00Z,FanDuel,2026-09-24T19:59:06Z,Los Angeles Chargers,Seattle Seahawks,h2h,Seattle Seahawks,,-340,0.77272727,fanduel|96d2373cda647873b971f268482bced0|h2h|event,0.74344023,https://api.the-odds-api.com/v4/sports/americanfootball_nfl
2026,3,96d2373cda647873b971f268482bced0,2026-10-04T20:25:00Z,FanDuel,2026-09-24T19:59:06Z,Los Angeles Chargers,Seattle Seahawks,spreads,Los Angeles Chargers,7.0,-115,0.53488372,fanduel|96d2373cda647873b971f268482bced0|spreads|event,0.51083424,https://api.the-odds-api.com/v4/sports/americanfootball_nfl
2026,3,96d2373cda647873b971f268482bced0,2026-10-04T20:25:00Z,FanDuel,2026-09-24T19:59:06Z,Los Angeles Chargers,Seattle Seahawks,spreads,Seattle Seahawks,-7.0,-105,0.51219512,fanduel|96d2373cda647873b971f268482bced0|spreads|event,0.48916576,https://api.the-odds-api.com/v4/sports/americanfootball_nfl
2026,3,96d2373cda647873b971f268482bced0,2026-10-04T20:25:00Z,FanDuel,2026-09-24T19:59:06Z,Los Angeles Chargers,Seattle Seahawks,totals,Over,43.5,-115,0.53488372,fanduel|96d2373cda647873b971f268482bced0|totals|43.5,0.51083424,https://api.the-odds-api.com/v4/sports/americanfootball_nfl
2026,3,96d2373cda647873b971f268482bced0,2026-10-04T20:25:00Z,FanDuel,2026-09-24T19:59:06Z,Los Angeles Chargers,Seattle Seahawks,totals,Under,43.5,-105,0.51219512,fanduel|96d2373cda647873b971f268482bced0|totals|43.5,0.48916576,https://api.the-odds-api.com/v4/sports/americanfootball_nfl
2026,3,96d2373cda647873b971f268482bced0,2026-10-04T20:25:00Z,BetOnline.ag,2026-09-24T19:58:15Z,Los Angeles Chargers,Seattle Seahawks,spreads,Los Angeles Chargers,6.5,-110,0.52380952,betonlineag|96d2373cda647873b971f268482bced0|spreads|event,0.5,https://api.the-odds-api.com/v4/sports/americanfootball_nfl
2026,3,96d2373cda647873b971f268482bced0,2026-10-04T20:25:00Z,BetOnline.ag,2026-09-24T19:58:15Z,Los Angeles Chargers,Seattle Seahawks,spreads,Seattle Seahawks,-6.5,-110,0.52380952,betonlineag|96d2373cda647873b971f268482bced0|spreads|event,0.5,https://api.the-odds-api.com/v4/sports/americanfootball_nfl
2026,3,96d2373cda647873b971f268482bced0,2026-10-04T20:25:00Z,BetOnline.ag,2026-09-24T19:58:15Z,Los Angeles Chargers,Seattle Seahawks,totals,Over,43.5,-110,0.52380952,betonlineag|96d2373cda647873b971f268482bced0|totals|43.5,0.5,https://api.the-odds-api.com/v4/sports/americanfootball_nfl
2026,3,96d2373cda647873b971f268482bced0,2026-10-04T20:25:00Z,BetOnline.ag,2026-09-24T19:58:15Z,Los Angeles Chargers,Seattle Seahawks,totals,Under,43.5,-110,0.52380952,betonlineag|96d2373cda647873b971f268482bced0|totals|43.5,0.5,https://api.the-odds-api.com/v4/sports/americanfootball_nfl
2026,3,96d2373cda647873b971f268482bced0,2026-10-04T20:25:00Z,LowVig.ag,2026-09-24T19:59:07Z,Los Angeles Chargers,Seattle Seahawks,spreads,Los Angeles Chargers,6.5,-105,0.51219512,lowvig|96d2373cda647873b971f268482bced0|spreads|event,0.5,https://api.the-odds-api.com/v4/sports/americanfootball_nfl
2026,3,96d2373cda647873b971f268482bced0,2026-10-04T20:25:00Z,LowVig.ag,2026-09-24T19:59:07Z,Los Angeles Chargers,Seattle Seahawks,spreads,Seattle Seahawks,-6.5,-105,0.51219512,lowvig|96d2373cda647873b971f268482bced0|spreads|event,0.5,https://api.the-odds-api.com/v4/sports/americanfootball_nfl
2026,3,96d2373cda647873b971f268482bced0,2026-10-04T20:25:00Z,LowVig.ag,2026-09-24T19:59:07Z,Los Angeles Chargers,Seattle Seahawks,totals,Over,43.5,-107,0.51690821,lowvig|96d2373cda647873b971f268482bced0|totals|43.5,0.5,https://api.the-odds-api.com/v4/sports/americanfootball_nfl
2026,3,96d2373cda647873b971f268482bced0,2026-10-04T20:25:00Z,LowVig.ag,2026-09-24T19:59:07Z,Los Angeles Chargers,Seattle Seahawks,totals,Under,43.5,-107,0.51690821,lowvig|96d2373cda647873b971f268482bced0|totals|43.5,0.5,https://api.the-odds-api.com/v4/sports/americanfootball_nfl
2026,3,96d2373cda647873b971f268482bced0,2026-10-04T20:25:00Z,BetRivers,2026-09-24T19:58:14Z,Los Angeles Chargers,Seattle Seahawks,h2h,Los Angeles Chargers,,255,0.28169014,betrivers|96d2373cda647873b971f268482bced0|h2h|event,0.26781592,https://api.the-odds-api.com/v4/sports/americanfootball_nfl
2026,3,96d2373cda647873b971f268482bced0,2026-10-04T20:25:00Z,BetRivers,2026-09-24T19:58:14Z,Los Angeles Chargers,Seattle Seahawks,h2h,Seattle Seahawks,,-335,0.77011494,betrivers|96d2373cda647873b971f268482bced0|h2h|event,0.73218408,https://api.the-odds-api.com/v4/sports/americanfootball_nfl
2026,3,96d2373cda647873b971f268482bced0,2026-10-04T20:25:00Z,BetRivers,2026-09-24T19:58:14Z,Los Angeles Chargers,Seattle Seahawks,spreads,Los Angeles Chargers,6.5,-106,0.51456311,betrivers|96d2373cda647873b971f268482bced0|spreads|event,0.49031842,https://api.the-odds-api.com/v4/sports/americanfootball_nfl
2026,3,96d2373cda647873b971f268482bced0,2026-10-04T20:25:00Z,BetRivers,2026-09-24T19:58:14Z,Los Angeles Chargers,Seattle Seahawks,spreads,Seattle Seahawks,-6.5,-115,0.53488372,betrivers|96d2373cda647873b971f268482bced0|spreads|event,0.50968158,https://api.the-odds-api.com/v4/sports/americanfootball_nfl
2026,3,96d2373cda647873b971f268482bced0,2026-10-04T20:25:00Z,BetRivers,2026-09-24T19:58:14Z,Los Angeles Chargers,Seattle Seahawks,totals,Over,43.0,-110,0.52380952,betrivers|96d2373cda647873b971f268482bced0|totals|43.0,0.5,https://api.the-odds-api.com/v4/sports/americanfootball_nfl
2026,3,96d2373cda647873b971f268482bced0,2026-10-04T20:25:00Z,BetRivers,2026-09-24T19:58:14Z,Los Angeles Chargers,Seattle Seahawks,totals,Under,43.0,-110,0.52380952,betrivers|96d2373cda647873b971f268482bced0|totals|43.0,0.5,https://api.the-odds-api.com/v4/sports/americanfootball_nfl
2026,3,96d2373cda647873b971f268482bced0,2026-10-04T20:25:00Z,MyBookie.ag,2026-09-24T19:57:58Z,Los Angeles Chargers,Seattle Seahawks,h2h,Los Angeles Chargers,,232,0.30120482,mybookieag|96d2373cda647873b971f268482bced0|h2h|event,0.28347586,https://api.the-odds-api.com/v4/sports/americanfootball_nfl
2026,3,96d2373cda647873b971f268482bced0,2026-10-04T20:25:00Z,MyBookie.ag,2026-09-24T19:57:58Z,Los Angeles Chargers,Seattle Seahawks,h2h,Seattle Seahawks,,-319,0.76133652,mybookieag|96d2373cda647873b971f268482bced0|h2h|event,0.71652414,https://api.the-odds-api.com/v4/sports/americanfootball_nfl
2026,3,96d2373cda647873b971f268482bced0,2026-10-04T20:25:00Z,MyBookie.ag,2026-09-24T19:57:58Z,Los Angeles Chargers,Seattle Seahawks,spreads,Los Angeles Chargers,6.5,-110,0.52380952,mybookieag|96d2373cda647873b971f268482bced0|spreads|event,0.5,https://api.the-odds-api.com/v4/sports/americanfootball_nfl
2026,3,96d2373cda647873b971f268482bced0,2026-10-04T20:25:00Z,MyBookie.ag,2026-09-24T19:57:58Z,Los Angeles Chargers,Seattle Seahawks,spreads,Seattle Seahawks,-6.5,-110,0.52380952,mybookieag|96d2373cda647873b971f268482bced0|spreads|event,0.5,https://api.the-odds-api.com/v4/sports/americanfootball_nfl
2026,3,96d2373cda647873b971f268482bced0,2026-10-04T20:25:00Z,MyBookie.ag,2026-09-24T19:57:58Z,Los Angeles Chargers,Seattle Seahawks,totals,Over,43.0,-110,0.52380952,mybookieag|96d2373cda647873b971f268482bced0|totals|43.0,0.5,https://api.the-odds-api.com/v4/sports/americanfootball_nfl
2026,3,96d2373cda647873b971f268482bced0,2026-10-04T20:25:00Z,MyBookie.ag,2026-09-24T19:57:58Z,Los Angeles Chargers,Seattle Seahawks,totals,Under,43.0,-110,0.52380952,mybookieag|96d2373cda647873b971f268482bced0|totals|43.0,0.5,https://api.the-odds-api.com/v4/sports/americanfootball_nfl
2026,3,a73a76599a4f3422803e57bd8f61b626,2026-10-05T00:20:00Z,DraftKings,2026-09-24T19:58:31Z,Detroit Lions,Carolina Panthers,h2h,Carolina Panthers,,130,0.43478261,draftkings|a73a76599a4f3422803e57bd8f61b626|h2h|event,0.41700736,https://api.the-odds-api.com/v4/sports/americanfootball_nfl
2026,3,a73a76599a4f3422803e57bd8f61b626,2026-10-05T00:20:00Z,DraftKings,2026-09-24T19:58:31Z,Detroit Lions,Carolina Panthers,h2h,Detroit Lions,,-155,0.60784314,draftkings|a73a76599a4f3422803e57bd8f61b626|h2h|event,0.58299264,https://api.the-odds-api.com/v4/sports/americanfootball_nfl
2026,3,a73a76599a4f3422803e57bd8f61b626,2026-10-05T00:20:00Z,DraftKings,2026-09-24T19:58:31Z,Detroit Lions,Carolina Panthers,spreads,Carolina Panthers,3.0,-120,0.54545455,draftkings|a73a76599a4f3422803e57bd8f61b626|spreads|event,0.52173913,https://api.the-odds-api.com/v4/sports/americanfootball_nfl
2026,3,a73a76599a4f3422803e57bd8f61b626,2026-10-05T00:20:00Z,DraftKings,2026-09-24T19:58:31Z,Detroit Lions,Carolina Panthers,spreads,Detroit Lions,-3.0,100,0.5,draftkings|a73a76599a4f3422803e57bd8f61b626|spreads|event,0.47826087,https://api.the-odds-api.com/v4/sports/americanfootball_nfl
2026,3,a73a76599a4f3422803e57bd8f61b626,2026-10-05T00:20:00Z,DraftKings,2026-09-24T19:58:31Z,Detroit Lions,Carolina Panthers,totals,Over,49.5,-110,0.52380952,draftkings|a73a76599a4f3422803e57bd8f61b626|totals|49.5,0.5,https://api.the-odds-api.com/v4/sports/americanfootball_nfl
2026,3,a73a76599a4f3422803e57bd8f61b626,2026-10-05T00:20:00Z,DraftKings,2026-09-24T19:58:31Z,Detroit Lions,Carolina Panthers,totals,Under,49.5,-110,0.52380952,draftkings|a73a76599a4f3422803e57bd8f61b626|totals|49.5,0.5,https://api.the-odds-api.com/v4/sports/americanfootball_nfl
2026,3,a73a76599a4f3422803e57bd8f61b626,2026-10-05T00:20:00Z,FanDuel,2026-09-24T19:59:06Z,Detroit Lions,Carolina Panthers,h2h,Carolina Panthers,,118,0.4587156,fanduel|a73a76599a4f3422803e57bd8f61b626|h2h|event,0.44168956,https://api.the-odds-api.com/v4/sports/americanfootball_nfl
2026,3,a73a76599a4f3422803e57bd8f61b626,2026-10-05T00:20:00Z,FanDuel,2026-09-24T19:59:06Z,Detroit Lions,Carolina Panthers,h2h,Detroit Lions,,-138,0.57983193,fanduel|a73a76599a4f3422803e57bd8f61b626|h2h|event,0.55831044,https://api.the-odds-api.com/v4/sports/americanfootball_nfl
2026,3,a73a76599a4f3422803e57bd8f61b626,2026-10-05T00:20:00Z,FanDuel,2026-09-24T19:59:06Z,Detroit Lions,Carolina Panthers,spreads,Carolina Panthers,2.5,-110,0.52380952,fanduel|a73a76599a4f3422803e57bd8f61b626|spreads|event,0.5,https://api.the-odds-api.com/v4/sports/americanfootball_nfl
2026,3,a73a76599a4f3422803e57bd8f61b626,2026-10-05T00:20:00Z,FanDuel,2026-09-24T19:59:06Z,Detroit Lions,Carolina Panthers,spreads,Detroit Lions,-2.5,-110,0.52380952,fanduel|a73a76599a4f3422803e57bd8f61b626|spreads|event,0.5,https://api.the-odds-api.com/v4/sports/americanfootball_nfl
2026,3,a73a76599a4f3422803e57bd8f61b626,2026-10-05T00:20:00Z,FanDuel,2026-09-24T19:59:06Z,Detroit Lions,Carolina Panthers,totals,Over,49.5,-110,0.52380952,fanduel|a73a76599a4f3422803e57bd8f61b626|totals|49.5,0.5,https://api.the-odds-api.com/v4/sports/americanfootball_nfl
2026,3,a73a76599a4f3422803e57bd8f61b626,2026-10-05T00:20:00Z,FanDuel,2026-09-24T19:59:06Z,Detroit Lions,Carolina Panthers,totals,Under,49.5,-110,0.52380952,fanduel|a73a76599a4f3422803e57bd8f61b626|totals|49.5,0.5,https://api.the-odds-api.com/v4/sports/americanfootball_nfl
2026,3,a73a76599a4f3422803e57bd8f61b626,2026-10-05T00:20:00Z,BetUS,2026-09-24T19:59:06Z,Detroit Lions,Carolina Panthers,spreads,Carolina Panthers,2.5,105,0.48780488,betus|a73a76599a4f3422803e57bd8f61b626|spreads|event,0.46753247,https://api.the-odds-api.com/v4/sports/americanfootball_nfl
2026,3,a73a76599a4f3422803e57bd8f61b626,2026-10-05T00:20:00Z,BetUS,2026-09-24T19:59:06Z,Detroit Lions,Carolina Panthers,spreads,Detroit Lions,-2.5,-125,0.55555556,betus|a73a76599a4f3422803e57bd8f61b626|spreads|event,0.53246753,https://api.the-odds-api.com/v4/sports/americanfootball_nfl
2026,3,a73a76599a4f3422803e57bd8f61b626,2026-10-05T00:20:00Z,BetUS,2026-09-24T19:59:06Z,Detroit Lions,Carolina Panthers,totals,Over,49.5,-110,0.52380952,betus|a73a76599a4f3422803e57bd8f61b626|totals|49.5,0.5,https://api.the-odds-api.com/v4/sports/americanfootball_nfl
2026,3,a73a76599a4f3422803e57bd8f61b626,2026-10-05T00:20:00Z,BetUS,2026-09-24T19:59:06Z,Detroit Lions,Carolina Panthers,totals,Under,49.5,-110,0.52380952,betus|a73a76599a4f3422803e57bd8f61b626|totals|49.5,0.5,https://api.the-odds-api.com/v4/sports/americanfootball_nfl
2026,3,a73a76599a4f3422803e57bd8f61b626,2026-10-05T00:20:00Z,LowVig.ag,2026-09-24T19:59:07Z,Detroit Lions,Carolina Panthers,spreads,Carolina Panthers,2.5,110,0.47619048,lowvig|a73a76599a4f3422803e57bd8f61b626|spreads|event,0.46516523,https://api.the-odds-api.com/v4/sports/americanfootball_nfl
2026,3,a73a76599a4f3422803e57bd8f61b626,2026-10-05T00:20:00Z,LowVig.ag,2026-09-24T19:59:07Z,Detroit Lions,Carolina Panthers,spreads,Detroit Lions,-2.5,-121,0.54751131,lowvig|a73a76599a4f3422803e57bd8f61b626|spreads|event,0.53483477,https://api.the-odds-api.com/v4/sports/americanfootball_nfl
2026,3,a73a76599a4f3422803e57bd8f61b626,2026-10-05T00:20:00Z,LowVig.ag,2026-09-24T19:59:07Z,Detroit Lions,Carolina Panthers,totals,Over,49.5,-107,0.51690821,lowvig|a73a76599a4f3422803e57bd8f61b626|totals|49.5,0.5,https://api.the-odds-api.com/v4/sports/americanfootball_nfl
2026,3,a73a76599a4f3422803e57bd8f61b626,2026-10-05T00:20:00Z,LowVig.ag,2026-09-24T19:59:07Z,Detroit Lions,Carolina Panthers,totals,Under,49.5,-107,0.51690821,lowvig|a73a76599a4f3422803e57bd8f61b626|totals|49.5,0.5,https://api.the-odds-api.com/v4/sports/americanfootball_nfl
2026,3,a73a76599a4f3422803e57bd8f61b626,2026-10-05T00:20:00Z,BetOnline.ag,2026-09-24T19:58:15Z,Detroit Lions,Carolina Panthers,spreads,Carolina Panthers,2.5,105,0.48780488,betonlineag|a73a76599a4f3422803e57bd8f61b626|spreads|event,0.46753247,https://api.the-odds-api.com/v4/sports/americanfootball_nfl
2026,3,a73a76599a4f3422803e57bd8f61b626,2026-10-05T00:20:00Z,BetOnline.ag,2026-09-24T19:58:15Z,Detroit Lions,Carolina Panthers,spreads,Detroit Lions,-2.5,-125,0.55555556,betonlineag|a73a76599a4f3422803e57bd8f61b626|spreads|event,0.53246753,https://api.the-odds-api.com/v4/sports/americanfootball_nfl
2026,3,a73a76599a4f3422803e57bd8f61b626,2026-10-05T00:20:00Z,BetOnline.ag,2026-09-24T19:58:15Z,Detroit Lions,Carolina Panthers,totals,Over,49.5,-110,0.52380952,betonlineag|a73a76599a4f3422803e57bd8f61b626|totals|49.5,0.5,https://api.the-odds-api.com/v4/sports/americanfootball_nfl
2026,3,a73a76599a4f3422803e57bd8f61b626,2026-10-05T00:20:00Z,BetOnline.ag,2026-09-24T19:58:15Z,Detroit Lions,Carolina Panthers,totals,Under,49.5,-110,0.52380952,betonlineag|a73a76599a4f3422803e57bd8f61b626|totals|49.5,0.5,https://api.the-odds-api.com/v4/sports/americanfootball_nfl
2026,3,a73a76599a4f3422803e57bd8f61b626,2026-10-05T00:20:00Z,BetRivers,2026-09-24T19:58:14Z,Detroit Lions,Carolina Panthers,h2h,Carolina Panthers,,123,0.44843049,betrivers|a73a76599a4f3422803e57bd8f61b626|h2h|event,0.42771599,https://api.the-odds-api.com/v4/sports/americanfootball_nfl
2026,3,a73a76599a4f3422803e57bd8f61b626,2026-10-05T00:20:00Z,BetRivers,2026-09-24T19:58:14Z,Detroit Lions,Carolina Panthers,h2h,Detroit Lions,,-150,0.6,betrivers|a73a76599a4f3422803e57bd8f61b626|h2h|event,0.57228401,https://api.the-odds-api.com/v4/sports/americanfootball_nfl
2026,3,a73a76599a4f3422803e57bd8f61b626,2026-10-05T00:20:00Z,BetRivers,2026-09-24T19:58:14Z,Detroit Lions,Carolina Panthers,spreads,Carolina Panthers,3.0,-114,0.53271028,betrivers|a73a76599a4f3422803e57bd8f61b626|spreads|event,0.50752753,https://api.the-odds-api.com/v4/sports/americanfootball_nfl
2026,3,a73a76599a4f3422803e57bd8f61b626,2026-10-05T00:20:00Z,BetRivers,2026-09-24T19:58:14Z,Detroit Lions,Carolina Panthers,spreads,Detroit Lions,-3.0,-107,0.51690821,betrivers|a73a76599a4f3422803e57bd8f61b626|spreads|event,0.49247247,https://api.the-odds-api.com/v4/sports/americanfootball_nfl
2026,3,a73a76599a4f3422803e57bd8f61b626,2026-10-05T00:20:00Z,BetRivers,2026-09-24T19:58:14Z,Detroit Lions,Carolina Panthers,totals,Over,49.5,-110,0.52380952,betrivers|a73a76599a4f3422803e57bd8f61b626|totals|49.5,0.5,https://api.the-odds-api.com/v4/sports/americanfootball_nfl
2026,3,a73a76599a4f3422803e57bd8f61b626,2026-10-05T00:20:00Z,BetRivers,2026-09-24T19:58:14Z,Detroit Lions,Carolina Panthers,totals,Under,49.5,-110,0.52380952,betrivers|a73a76599a4f3422803e57bd8f61b626|totals|49.5,0.5,https://api.the-odds-api.com/v4/sports/americanfootball_nfl
2026,3,a73a76599a4f3422803e57bd8f61b626,2026-10-05T00:20:00Z,Bovada,2026-09-24T19:58:18Z,Detroit Lions,Carolina Panthers,h2h,Carolina Panthers,,130,0.43478261,bovada|a73a76599a4f3422803e57bd8f61b626|h2h|event,0.42016807,https://api.the-odds-api.com/v4/sports/americanfootball_nfl
2026,3,a73a76599a4f3422803e57bd8f61b626,2026-10-05T00:20:00Z,Bovada,2026-09-24T19:58:18Z,Detroit Lions,Carolina Panthers,h2h,Detroit Lions,,-150,0.6,bovada|a73a76599a4f3422803e57bd8f61b626|h2h|event,0.57983193,https://api.the-odds-api.com/v4/sports/americanfootball_nfl
2026,3,a73a76599a4f3422803e57bd8f61b626,2026-10-05T00:20:00Z,Bovada,2026-09-24T19:58:18Z,Detroit Lions,Carolina Panthers,spreads,Carolina Panthers,3.0,-120,0.54545455,bovada|a73a76599a4f3422803e57bd8f61b626|spreads|event,0.52173913,https://api.the-odds-api.com/v4/sports/americanfootball_nfl
2026,3,a73a76599a4f3422803e57bd8f61b626,2026-10-05T00:20:00Z,Bovada,2026-09-24T19:58:18Z,Detroit Lions,Carolina Panthers,spreads,Detroit Lions,-3.0,100,0.5,bovada|a73a76599a4f3422803e57bd8f61b626|spreads|event,0.47826087,https://api.the-odds-api.com/v4/sports/americanfootball_nfl
2026,3,a73a76599a4f3422803e57bd8f61b626,2026-10-05T00:20:00Z,Bovada,2026-09-24T19:58:18Z,Detroit Lions,Carolina Panthers,totals,Over,49.5,-110,0.52380952,bovada|a73a76599a4f3422803e57bd8f61b626|totals|49.5,0.5,https://api.the-odds-api.com/v4/sports/americanfootball_nfl
2026,3,a73a76599a4f3422803e57bd8f61b626,2026-10-05T00:20:00Z,Bovada,2026-09-24T19:58:18Z,Detroit Lions,Carolina Panthers,totals,Under,49.5,-110,0.52380952,bovada|a73a76599a4f3422803e57bd8f61b626|totals|49.5,0.5,https://api.the-odds-api.com/v4/sports/americanfootball_nfl
2026,3,a73a76599a4f3422803e57bd8f61b626,2026-10-05T00:20:00Z,MyBookie.ag,2026-09-24T19:57:58Z,Detroit Lions,Carolina Panthers,h2h,Carolina Panthers,,118,0.4587156,mybookieag|a73a76599a4f3422803e57bd8f61b626|h2h|event,0.43262436,https://api.the-odds-api.com/v4/sports/americanfootball_nfl
2026,3,a73a76599a4f3422803e57bd8f61b626,2026-10-05T00:20:00Z,MyBookie.ag,2026-09-24T19:57:58Z,Detroit Lions,Carolina Panthers,h2h,Detroit Lions,,-151,0.60159363,mybookieag|a73a76599a4f3422803e57bd8f61b626|h2h|event,0.56737564,https://api.the-odds-api.com/v4/sports/americanfootball_nfl
2026,3,a73a76599a4f3422803e57bd8f61b626,2026-10-05T00:20:00Z,MyBookie.ag,2026-09-24T19:57:58Z,Detroit Lions,Carolina Panthers,spreads,Carolina Panthers,3.0,-110,0.52380952,mybookieag|a73a76599a4f3422803e57bd8f61b626|spreads|event,0.5,https://api.the-odds-api.com/v4/sports/americanfootball_nfl
2026,3,a73a76599a4f3422803e57bd8f61b626,2026-10-05T00:20:00Z,MyBookie.ag,2026-09-24T19:57:58Z,Detroit Lions,Carolina Panthers,spreads,Detroit Lions,-3.0,-110,0.52380952,mybookieag|a73a76599a4f3422803e57bd8f61b626|spreads|event,0.5,https://api.the-odds-api.com/v4/sports/americanfootball_nfl
2026,3,a73a76599a4f3422803e57bd8f61b626,2026-10-05T00:20:00Z,MyBookie.ag,2026-09-24T19:57:58Z,Detroit Lions,Carolina Panthers,totals,Over,49.5,-110,0.52380952,mybookieag|a73a76599a4f3422803e57bd8f61b626|totals|49.5,0.5,https://api.the-odds-api.com/v4/sports/americanfootball_nfl
2026,3,a73a76599a4f3422803e57bd8f61b626,2026-10-05T00:20:00Z,MyBookie.ag,2026-09-24T19:57:58Z,Detroit Lions,Carolina Panthers,totals,Under,49.5,-110,0.52380952,mybookieag|a73a76599a4f3422803e57bd8f61b626|totals|49.5,0.5,https://api.the-odds-api.com/v4/sports/americanfootball_nfl
2026,3,8bd90781e17e6d97df3941063cedae1e,2026-10-06T00:15:00Z,DraftKings,2026-09-24T19:58:31Z,Atlanta Falcons,New Orleans Saints,h2h,Atlanta Falcons,,154,0.39370079,draftkings|8bd90781e17e6d97df3941063cedae1e|h2h|event,0.37753345,https://api.the-odds-api.com/v4/sports/americanfootball_nfl
2026,3,8bd90781e17e6d97df3941063cedae1e,2026-10-06T00:15:00Z,DraftKings,2026-09-24T19:58:31Z,Atlanta Falcons,New Orleans Saints,h2h,New Orleans Saints,,-185,0.64912281,draftkings|8bd90781e17e6d97df3941063cedae1e|h2h|event,0.62246655,https://api.the-odds-api.com/v4/sports/americanfootball_nfl
2026,3,8bd90781e17e6d97df3941063cedae1e,2026-10-06T00:15:00Z,DraftKings,2026-09-24T19:58:31Z,Atlanta Falcons,New Orleans Saints,spreads,Atlanta Falcons,3.5,-110,0.52380952,draftkings|8bd90781e17e6d97df3941063cedae1e|spreads|event,0.5,https://api.the-odds-api.com/v4/sports/americanfootball_nfl
2026,3,8bd90781e17e6d97df3941063cedae1e,2026-10-06T00:15:00Z,DraftKings,2026-09-24T19:58:31Z,Atlanta Falcons,New Orleans Saints,spreads,New Orleans Saints,-3.5,-110,0.52380952,draftkings|8bd90781e17e6d97df3941063cedae1e|spreads|event,0.5,https://api.the-odds-api.com/v4/sports/americanfootball_nfl
2026,3,8bd90781e17e6d97df3941063cedae1e,2026-10-06T00:15:00Z,DraftKings,2026-09-24T19:58:31Z,Atlanta Falcons,New Orleans Saints,totals,Over,45.5,-115,0.53488372,draftkings|8bd90781e17e6d97df3941063cedae1e|totals|45.5,0.51083424,https://api.the-odds-api.com/v4/sports/americanfootball_nfl
2026,3,8bd90781e17e6d97df3941063cedae1e,2026-10-06T00:15:00Z,DraftKings,2026-09-24T19:58:31Z,Atlanta Falcons,New Orleans Saints,totals,Under,45.5,-105,0.51219512,draftkings|8bd90781e17e6d97df3941063cedae1e|totals|45.5,0.48916576,https://api.the-odds-api.com/v4/sports/americanfootball_nfl
2026,3,8bd90781e17e6d97df3941063cedae1e,2026-10-06T00:15:00Z,BetUS,2026-09-24T19:59:06Z,Atlanta Falcons,New Orleans Saints,spreads,Atlanta Falcons,3.5,-110,0.52380952,betus|8bd90781e17e6d97df3941063cedae1e|spreads|event,0.5,https://api.the-odds-api.com/v4/sports/americanfootball_nfl
2026,3,8bd90781e17e6d97df3941063cedae1e,2026-10-06T00:15:00Z,BetUS,2026-09-24T19:59:06Z,Atlanta Falcons,New Orleans Saints,spreads,New Orleans Saints,-3.5,-110,0.52380952,betus|8bd90781e17e6d97df3941063cedae1e|spreads|event,0.5,https://api.the-odds-api.com/v4/sports/americanfootball_nfl
2026,3,8bd90781e17e6d97df3941063cedae1e,2026-10-06T00:15:00Z,BetUS,2026-09-24T19:59:06Z,Atlanta Falcons,New Orleans Saints,totals,Over,46.0,-110,0.52380952,betus|8bd90781e17e6d97df3941063cedae1e|totals|46.0,0.5,https://api.the-odds-api.com/v4/sports/americanfootball_nfl
2026,3,8bd90781e17e6d97df3941063cedae1e,2026-10-06T00:15:00Z,BetUS,2026-09-24T19:59:06Z,Atlanta Falcons,New Orleans Saints,totals,Under,46.0,-110,0.52380952,betus|8bd90781e17e6d97df3941063cedae1e|totals|46.0,0.5,https://api.the-odds-api.com/v4/sports/americanfootball_nfl
2026,3,8bd90781e17e6d97df3941063cedae1e,2026-10-06T00:15:00Z,FanDuel,2026-09-24T19:59:06Z,Atlanta Falcons,New Orleans Saints,h2h,Atlanta Falcons,,160,0.38461538,fanduel|8bd90781e17e6d97df3941063cedae1e|h2h|event,0.36989796,https://api.the-odds-api.com/v4/sports/americanfootball_nfl
2026,3,8bd90781e17e6d97df3941063cedae1e,2026-10-06T00:15:00Z,FanDuel,2026-09-24T19:59:06Z,Atlanta Falcons,New Orleans Saints,h2h,New Orleans Saints,,-190,0.65517241,fanduel|8bd90781e17e6d97df3941063cedae1e|h2h|event,0.63010204,https://api.the-odds-api.com/v4/sports/americanfootball_nfl
2026,3,8bd90781e17e6d97df3941063cedae1e,2026-10-06T00:15:00Z,FanDuel,2026-09-24T19:59:06Z,Atlanta Falcons,New Orleans Saints,spreads,Atlanta Falcons,3.5,-110,0.52380952,fanduel|8bd90781e17e6d97df3941063cedae1e|spreads|event,0.5,https://api.the-odds-api.com/v4/sports/americanfootball_nfl
2026,3,8bd90781e17e6d97df3941063cedae1e,2026-10-06T00:15:00Z,FanDuel,2026-09-24T19:59:06Z,Atlanta Falcons,New Orleans Saints,spreads,New Orleans Saints,-3.5,-110,0.52380952,fanduel|8bd90781e17e6d97df3941063cedae1e|spreads|event,0.5,https://api.the-odds-api.com/v4/sports/americanfootball_nfl
2026,3,8bd90781e17e6d97df3941063cedae1e,2026-10-06T00:15:00Z,FanDuel,2026-09-24T19:59:06Z,Atlanta Falcons,New Orleans Saints,totals,Over,45.5,-105,0.51219512,fanduel|8bd90781e17e6d97df3941063cedae1e|totals|45.5,0.48916576,https://api.the-odds-api.com/v4/sports/americanfootball_nfl
2026,3,8bd90781e17e6d97df3941063cedae1e,2026-10-06T00:15:00Z,FanDuel,2026-09-24T19:59:06Z,Atlanta Falcons,New Orleans Saints,totals,Under,45.5,-115,0.53488372,fanduel|8bd90781e17e6d97df3941063cedae1e|totals|45.5,0.51083424,https://api.the-odds-api.com/v4/sports/americanfootball_nfl
2026,3,8bd90781e17e6d97df3941063cedae1e,2026-10-06T00:15:00Z,BetOnline.ag,2026-09-24T19:58:15Z,Atlanta Falcons,New Orleans Saints,spreads,Atlanta Falcons,3.5,-110,0.52380952,betonlineag|8bd90781e17e6d97df3941063cedae1e|spreads|event,0.5,https://api.the-odds-api.com/v4/sports/americanfootball_nfl
2026,3,8bd90781e17e6d97df3941063cedae1e,2026-10-06T00:15:00Z,BetOnline.ag,2026-09-24T19:58:15Z,Atlanta Falcons,New Orleans Saints,spreads,New Orleans Saints,-3.5,-110,0.52380952,betonlineag|8bd90781e17e6d97df3941063cedae1e|spreads|event,0.5,https://api.the-odds-api.com/v4/sports/americanfootball_nfl
2026,3,8bd90781e17e6d97df3941063cedae1e,2026-10-06T00:15:00Z,BetOnline.ag,2026-09-24T19:58:15Z,Atlanta Falcons,New Orleans Saints,totals,Over,45.5,-110,0.52380952,betonlineag|8bd90781e17e6d97df3941063cedae1e|totals|45.5,0.5,https://api.the-odds-api.com/v4/sports/americanfootball_nfl
2026,3,8bd90781e17e6d97df3941063cedae1e,2026-10-06T00:15:00Z,BetOnline.ag,2026-09-24T19:58:15Z,Atlanta Falcons,New Orleans Saints,totals,Under,45.5,-110,0.52380952,betonlineag|8bd90781e17e6d97df3941063cedae1e|totals|45.5,0.5,https://api.the-odds-api.com/v4/sports/americanfootball_nfl
2026,3,8bd90781e17e6d97df3941063cedae1e,2026-10-06T00:15:00Z,LowVig.ag,2026-09-24T19:59:07Z,Atlanta Falcons,New Orleans Saints,spreads,Atlanta Falcons,3.5,-105,0.51219512,lowvig|8bd90781e17e6d97df3941063cedae1e|spreads|event,0.5,https://api.the-odds-api.com/v4/sports/americanfootball_nfl
2026,3,8bd90781e17e6d97df3941063cedae1e,2026-10-06T00:15:00Z,LowVig.ag,2026-09-24T19:59:07Z,Atlanta Falcons,New Orleans Saints,spreads,New Orleans Saints,-3.5,-105,0.51219512,lowvig|8bd90781e17e6d97df3941063cedae1e|spreads|event,0.5,https://api.the-odds-api.com/v4/sports/americanfootball_nfl
2026,3,8bd90781e17e6d97df3941063cedae1e,2026-10-06T00:15:00Z,LowVig.ag,2026-09-24T19:59:07Z,Atlanta Falcons,New Orleans Saints,totals,Over,45.5,-107,0.51690821,lowvig|8bd90781e17e6d97df3941063cedae1e|totals|45.5,0.5,https://api.the-odds-api.com/v4/sports/americanfootball_nfl
2026,3,8bd90781e17e6d97df3941063cedae1e,2026-10-06T00:15:00Z,LowVig.ag,2026-09-24T19:59:07Z,Atlanta Falcons,New Orleans Saints,totals,Under,45.5,-107,0.51690821,lowvig|8bd90781e17e6d97df3941063cedae1e|totals|45.5,0.5,https://api.the-odds-api.com/v4/sports/americanfootball_nfl
2026,3,8bd90781e17e6d97df3941063cedae1e,2026-10-06T00:15:00Z,BetRivers,2026-09-24T19:58:14Z,Atlanta Falcons,New Orleans Saints,h2h,Atlanta Falcons,,155,0.39215686,betrivers|8bd90781e17e6d97df3941063cedae1e|h2h|event,0.37443512,https://api.the-odds-api.com/v4/sports/americanfootball_nfl
2026,3,8bd90781e17e6d97df3941063cedae1e,2026-10-06T00:15:00Z,BetRivers,2026-09-24T19:58:14Z,Atlanta Falcons,New Orleans Saints,h2h,New Orleans Saints,,-190,0.65517241,betrivers|8bd90781e17e6d97df3941063cedae1e|h2h|event,0.62556488,https://api.the-odds-api.com/v4/sports/americanfootball_nfl
2026,3,8bd90781e17e6d97df3941063cedae1e,2026-10-06T00:15:00Z,BetRivers,2026-09-24T19:58:14Z,Atlanta Falcons,New Orleans Saints,spreads,Atlanta Falcons,3.5,-110,0.52380952,betrivers|8bd90781e17e6d97df3941063cedae1e|spreads|event,0.5,https://api.the-odds-api.com/v4/sports/americanfootball_nfl
2026,3,8bd90781e17e6d97df3941063cedae1e,2026-10-06T00:15:00Z,BetRivers,2026-09-24T19:58:14Z,Atlanta Falcons,New Orleans Saints,spreads,New Orleans Saints,-3.5,-110,0.52380952,betrivers|8bd90781e17e6d97df3941063cedae1e|spreads|event,0.5,https://api.the-odds-api.com/v4/sports/americanfootball_nfl
2026,3,8bd90781e17e6d97df3941063cedae1e,2026-10-06T00:15:00Z,BetRivers,2026-09-24T19:58:14Z,Atlanta Falcons,New Orleans Saints,totals,Over,45.5,-110,0.52380952,betrivers|8bd90781e17e6d97df3941063cedae1e|totals|45.5,0.5,https://api.the-odds-api.com/v4/sports/americanfootball_nfl
2026,3,8bd90781e17e6d97df3941063cedae1e,2026-10-06T00:15:00Z,BetRivers,2026-09-24T19:58:14Z,Atlanta Falcons,New Orleans Saints,totals,Under,45.5,-110,0.52380952,betrivers|8bd90781e17e6d97df3941063cedae1e|totals|45.5,0.5,https://api.the-odds-api.com/v4/sports/americanfootball_nfl
2026,3,8bd90781e17e6d97df3941063cedae1e,2026-10-06T00:15:00Z,MyBookie.ag,2026-09-24T19:57:58Z,Atlanta Falcons,New Orleans Saints,h2h,Atlanta Falcons,,152,0.3968254,mybookieag|8bd90781e17e6d97df3941063cedae1e|h2h|event,0.37431942,https://api.the-odds-api.com/v4/sports/americanfootball_nfl
2026,3,8bd90781e17e6d97df3941063cedae1e,2026-10-06T00:15:00Z,MyBookie.ag,2026-09-24T19:57:58Z,Atlanta Falcons,New Orleans Saints,h2h,New Orleans Saints,,-197,0.66329966,mybookieag|8bd90781e17e6d97df3941063cedae1e|h2h|event,0.62568058,https://api.the-odds-api.com/v4/sports/americanfootball_nfl
2026,3,8bd90781e17e6d97df3941063cedae1e,2026-10-06T00:15:00Z,MyBookie.ag,2026-09-24T19:57:58Z,Atlanta Falcons,New Orleans Saints,spreads,Atlanta Falcons,3.5,-110,0.52380952,mybookieag|8bd90781e17e6d97df3941063cedae1e|spreads|event,0.5,https://api.the-odds-api.com/v4/sports/americanfootball_nfl
2026,3,8bd90781e17e6d97df3941063cedae1e,2026-10-06T00:15:00Z,MyBookie.ag,2026-09-24T19:57:58Z,Atlanta Falcons,New Orleans Saints,spreads,New Orleans Saints,-3.5,-110,0.52380952,mybookieag|8bd90781e17e6d97df3941063cedae1e|spreads|event,0.5,https://api.the-odds-api.com/v4/sports/americanfootball_nfl
2026,3,8bd90781e17e6d97df3941063cedae1e,2026-10-06T00:15:00Z,MyBookie.ag,2026-09-24T19:57:58Z,Atlanta Falcons,New Orleans Saints,totals,Over,45.5,-110,0.52380952,mybookieag|8bd90781e17e6d97df3941063cedae1e|totals|45.5,0.5,https://api.the-odds-api.com/v4/sports/americanfootball_nfl
2026,3,8bd90781e17e6d97df3941063cedae1e,2026-10-06T00:15:00Z,MyBookie.ag,2026-09-24T19:57:58Z,Atlanta Falcons,New Orleans Saints,totals,Under,45.5,-110,0.52380952,mybookieag|8bd90781e17e6d97df3941063cedae1e|totals|45.5,0.5,https://api.the-odds-api.com/v4/sports/americanfootball_nfl
