Season,Week,Event ID,Commence Time,Bookmaker,Last Update,Away,Home,Market,Team / Side,Line,American Odds,Raw Implied,Pair Key,No-Vig Implied,Source URL
2026,2,9d14f87600f6edc74dbcb5c74edf6246,2026-09-20T17:02:22Z,DraftKings,2026-09-20T17:27:02Z,Pittsburgh Steelers,New England Patriots,h2h,New England Patriots,,-502,0.83388704,draftkings|9d14f87600f6edc74dbcb5c74edf6246|h2h|event,0.79068587,https://api.the-odds-api.com/v4/sports/americanfootball_nfl
2026,2,9d14f87600f6edc74dbcb5c74edf6246,2026-09-20T17:02:22Z,DraftKings,2026-09-20T17:27:02Z,Pittsburgh Steelers,New England Patriots,h2h,Pittsburgh Steelers,,353,0.22075055,draftkings|9d14f87600f6edc74dbcb5c74edf6246|h2h|event,0.20931413,https://api.the-odds-api.com/v4/sports/americanfootball_nfl
2026,2,9d14f87600f6edc74dbcb5c74edf6246,2026-09-20T17:02:22Z,DraftKings,2026-09-20T17:27:02Z,Pittsburgh Steelers,New England Patriots,spreads,New England Patriots,-10.5,-108,0.51923077,draftkings|9d14f87600f6edc74dbcb5c74edf6246|spreads|event,0.48581618,https://api.the-odds-api.com/v4/sports/americanfootball_nfl
2026,2,9d14f87600f6edc74dbcb5c74edf6246,2026-09-20T17:02:22Z,DraftKings,2026-09-20T17:27:02Z,Pittsburgh Steelers,New England Patriots,spreads,Pittsburgh Steelers,10.5,-122,0.54954955,draftkings|9d14f87600f6edc74dbcb5c74edf6246|spreads|event,0.51418382,https://api.the-odds-api.com/v4/sports/americanfootball_nfl
2026,2,9d14f87600f6edc74dbcb5c74edf6246,2026-09-20T17:02:22Z,DraftKings,2026-09-20T17:27:02Z,Pittsburgh Steelers,New England Patriots,totals,Over,43.5,-112,0.52830189,draftkings|9d14f87600f6edc74dbcb5c74edf6246|totals|43.5,0.49490918,https://api.the-odds-api.com/v4/sports/americanfootball_nfl
2026,2,9d14f87600f6edc74dbcb5c74edf6246,2026-09-20T17:02:22Z,DraftKings,2026-09-20T17:27:02Z,Pittsburgh Steelers,New England Patriots,totals,Under,43.5,-117,0.53917051,draftkings|9d14f87600f6edc74dbcb5c74edf6246|totals|43.5,0.50509082,https://api.the-odds-api.com/v4/sports/americanfootball_nfl
2026,2,9d14f87600f6edc74dbcb5c74edf6246,2026-09-20T17:02:22Z,MyBookie.ag,2026-09-20T17:19:12Z,Pittsburgh Steelers,New England Patriots,h2h,New England Patriots,,-333,0.76905312,mybookieag|9d14f87600f6edc74dbcb5c74edf6246|h2h|event,0.73464885,https://api.the-odds-api.com/v4/sports/americanfootball_nfl
2026,2,9d14f87600f6edc74dbcb5c74edf6246,2026-09-20T17:02:22Z,MyBookie.ag,2026-09-20T17:19:12Z,Pittsburgh Steelers,New England Patriots,h2h,Pittsburgh Steelers,,260,0.27777778,mybookieag|9d14f87600f6edc74dbcb5c74edf6246|h2h|event,0.26535115,https://api.the-odds-api.com/v4/sports/americanfootball_nfl
2026,2,9d14f87600f6edc74dbcb5c74edf6246,2026-09-20T17:02:22Z,MyBookie.ag,2026-09-20T17:19:12Z,Pittsburgh Steelers,New England Patriots,spreads,New England Patriots,-7.5,-105,0.51219512,mybookieag|9d14f87600f6edc74dbcb5c74edf6246|spreads|event,0.47969543,https://api.the-odds-api.com/v4/sports/americanfootball_nfl
2026,2,9d14f87600f6edc74dbcb5c74edf6246,2026-09-20T17:02:22Z,MyBookie.ag,2026-09-20T17:19:12Z,Pittsburgh Steelers,New England Patriots,spreads,Pittsburgh Steelers,7.5,-125,0.55555556,mybookieag|9d14f87600f6edc74dbcb5c74edf6246|spreads|event,0.52030457,https://api.the-odds-api.com/v4/sports/americanfootball_nfl
2026,2,9d14f87600f6edc74dbcb5c74edf6246,2026-09-20T17:02:22Z,MyBookie.ag,2026-09-20T17:19:12Z,Pittsburgh Steelers,New England Patriots,totals,Over,39.5,-118,0.5412844,mybookieag|9d14f87600f6edc74dbcb5c74edf6246|totals|39.5,0.50712889,https://api.the-odds-api.com/v4/sports/americanfootball_nfl
2026,2,9d14f87600f6edc74dbcb5c74edf6246,2026-09-20T17:02:22Z,MyBookie.ag,2026-09-20T17:19:12Z,Pittsburgh Steelers,New England Patriots,totals,Under,39.5,-111,0.52606635,mybookieag|9d14f87600f6edc74dbcb5c74edf6246|totals|39.5,0.49287111,https://api.the-odds-api.com/v4/sports/americanfootball_nfl
2026,2,9d14f87600f6edc74dbcb5c74edf6246,2026-09-20T17:02:22Z,FanDuel,2026-09-20T17:27:03Z,Pittsburgh Steelers,New England Patriots,h2h,New England Patriots,,-500,0.83333333,fanduel|9d14f87600f6edc74dbcb5c74edf6246|h2h|event,0.78571428,https://api.the-odds-api.com/v4/sports/americanfootball_nfl
2026,2,9d14f87600f6edc74dbcb5c74edf6246,2026-09-20T17:02:22Z,FanDuel,2026-09-20T17:27:03Z,Pittsburgh Steelers,New England Patriots,h2h,Pittsburgh Steelers,,340,0.22727273,fanduel|9d14f87600f6edc74dbcb5c74edf6246|h2h|event,0.21428572,https://api.the-odds-api.com/v4/sports/americanfootball_nfl
2026,2,9d14f87600f6edc74dbcb5c74edf6246,2026-09-20T17:02:22Z,FanDuel,2026-09-20T17:27:03Z,Pittsburgh Steelers,New England Patriots,spreads,New England Patriots,-8.5,-104,0.50980392,fanduel|9d14f87600f6edc74dbcb5c74edf6246|spreads|event,0.47591522,https://api.the-odds-api.com/v4/sports/americanfootball_nfl
2026,2,9d14f87600f6edc74dbcb5c74edf6246,2026-09-20T17:02:22Z,FanDuel,2026-09-20T17:27:03Z,Pittsburgh Steelers,New England Patriots,spreads,Pittsburgh Steelers,8.5,-128,0.56140351,fanduel|9d14f87600f6edc74dbcb5c74edf6246|spreads|event,0.52408478,https://api.the-odds-api.com/v4/sports/americanfootball_nfl
2026,2,9d14f87600f6edc74dbcb5c74edf6246,2026-09-20T17:02:22Z,FanDuel,2026-09-20T17:27:03Z,Pittsburgh Steelers,New England Patriots,totals,Over,44.5,-118,0.5412844,fanduel|9d14f87600f6edc74dbcb5c74edf6246|totals|44.5,0.50606894,https://api.the-odds-api.com/v4/sports/americanfootball_nfl
2026,2,9d14f87600f6edc74dbcb5c74edf6246,2026-09-20T17:02:22Z,FanDuel,2026-09-20T17:27:03Z,Pittsburgh Steelers,New England Patriots,totals,Under,44.5,-112,0.52830189,fanduel|9d14f87600f6edc74dbcb5c74edf6246|totals|44.5,0.49393106,https://api.the-odds-api.com/v4/sports/americanfootball_nfl
2026,2,9d14f87600f6edc74dbcb5c74edf6246,2026-09-20T17:02:22Z,BetRivers,2026-09-20T17:26:41Z,Pittsburgh Steelers,New England Patriots,h2h,New England Patriots,,-480,0.82758621,betrivers|9d14f87600f6edc74dbcb5c74edf6246|h2h|event,0.78260869,https://api.the-odds-api.com/v4/sports/americanfootball_nfl
2026,2,9d14f87600f6edc74dbcb5c74edf6246,2026-09-20T17:02:22Z,BetRivers,2026-09-20T17:26:41Z,Pittsburgh Steelers,New England Patriots,h2h,Pittsburgh Steelers,,335,0.22988506,betrivers|9d14f87600f6edc74dbcb5c74edf6246|h2h|event,0.21739131,https://api.the-odds-api.com/v4/sports/americanfootball_nfl
2026,2,9d14f87600f6edc74dbcb5c74edf6246,2026-09-20T17:02:22Z,BetRivers,2026-09-20T17:26:41Z,Pittsburgh Steelers,New England Patriots,spreads,New England Patriots,-9.5,-114,0.53271028,betrivers|9d14f87600f6edc74dbcb5c74edf6246|spreads|event,0.50103169,https://api.the-odds-api.com/v4/sports/americanfootball_nfl
2026,2,9d14f87600f6edc74dbcb5c74edf6246,2026-09-20T17:02:22Z,BetRivers,2026-09-20T17:26:41Z,Pittsburgh Steelers,New England Patriots,spreads,Pittsburgh Steelers,9.5,-113,0.53051643,betrivers|9d14f87600f6edc74dbcb5c74edf6246|spreads|event,0.49896831,https://api.the-odds-api.com/v4/sports/americanfootball_nfl
2026,2,9d14f87600f6edc74dbcb5c74edf6246,2026-09-20T17:02:22Z,BetRivers,2026-09-20T17:26:41Z,Pittsburgh Steelers,New England Patriots,totals,Over,44.0,-114,0.53271028,betrivers|9d14f87600f6edc74dbcb5c74edf6246|totals|44.0,0.50103169,https://api.the-odds-api.com/v4/sports/americanfootball_nfl
2026,2,9d14f87600f6edc74dbcb5c74edf6246,2026-09-20T17:02:22Z,BetRivers,2026-09-20T17:26:41Z,Pittsburgh Steelers,New England Patriots,totals,Under,44.0,-113,0.53051643,betrivers|9d14f87600f6edc74dbcb5c74edf6246|totals|44.0,0.49896831,https://api.the-odds-api.com/v4/sports/americanfootball_nfl
2026,2,9d14f87600f6edc74dbcb5c74edf6246,2026-09-20T17:02:22Z,BetMGM,2026-09-20T17:27:02Z,Pittsburgh Steelers,New England Patriots,h2h,New England Patriots,,-450,0.81818182,betmgm|9d14f87600f6edc74dbcb5c74edf6246|h2h|event,0.77986792,https://api.the-odds-api.com/v4/sports/americanfootball_nfl
2026,2,9d14f87600f6edc74dbcb5c74edf6246,2026-09-20T17:02:22Z,BetMGM,2026-09-20T17:27:02Z,Pittsburgh Steelers,New England Patriots,h2h,Pittsburgh Steelers,,333,0.23094688,betmgm|9d14f87600f6edc74dbcb5c74edf6246|h2h|event,0.22013208,https://api.the-odds-api.com/v4/sports/americanfootball_nfl
2026,2,9d14f87600f6edc74dbcb5c74edf6246,2026-09-20T17:02:22Z,BetMGM,2026-09-20T17:27:02Z,Pittsburgh Steelers,New England Patriots,spreads,New England Patriots,-8.5,-108,0.51923077,betmgm|9d14f87600f6edc74dbcb5c74edf6246|spreads|event,0.48768473,https://api.the-odds-api.com/v4/sports/americanfootball_nfl
2026,2,9d14f87600f6edc74dbcb5c74edf6246,2026-09-20T17:02:22Z,BetMGM,2026-09-20T17:27:02Z,Pittsburgh Steelers,New England Patriots,spreads,Pittsburgh Steelers,8.5,-120,0.54545455,betmgm|9d14f87600f6edc74dbcb5c74edf6246|spreads|event,0.51231527,https://api.the-odds-api.com/v4/sports/americanfootball_nfl
2026,2,9d14f87600f6edc74dbcb5c74edf6246,2026-09-20T17:02:22Z,BetMGM,2026-09-20T17:27:02Z,Pittsburgh Steelers,New England Patriots,totals,Over,43.5,-118,0.5412844,betmgm|9d14f87600f6edc74dbcb5c74edf6246|totals|43.5,0.50606894,https://api.the-odds-api.com/v4/sports/americanfootball_nfl
2026,2,9d14f87600f6edc74dbcb5c74edf6246,2026-09-20T17:02:22Z,BetMGM,2026-09-20T17:27:02Z,Pittsburgh Steelers,New England Patriots,totals,Under,43.5,-112,0.52830189,betmgm|9d14f87600f6edc74dbcb5c74edf6246|totals|43.5,0.49393106,https://api.the-odds-api.com/v4/sports/americanfootball_nfl
2026,2,9d14f87600f6edc74dbcb5c74edf6246,2026-09-20T17:02:22Z,Bovada,2026-09-20T17:17:07Z,Pittsburgh Steelers,New England Patriots,h2h,New England Patriots,,-325,0.76470588,bovada|9d14f87600f6edc74dbcb5c74edf6246|h2h|event,0.71619366,https://api.the-odds-api.com/v4/sports/americanfootball_nfl
2026,2,9d14f87600f6edc74dbcb5c74edf6246,2026-09-20T17:02:22Z,Bovada,2026-09-20T17:17:07Z,Pittsburgh Steelers,New England Patriots,h2h,Pittsburgh Steelers,,230,0.3030303,bovada|9d14f87600f6edc74dbcb5c74edf6246|h2h|event,0.28380634,https://api.the-odds-api.com/v4/sports/americanfootball_nfl
2026,2,9d14f87600f6edc74dbcb5c74edf6246,2026-09-20T17:02:22Z,Bovada,2026-09-20T17:17:07Z,Pittsburgh Steelers,New England Patriots,spreads,New England Patriots,-6.5,-115,0.53488372,bovada|9d14f87600f6edc74dbcb5c74edf6246|spreads|event,0.5,https://api.the-odds-api.com/v4/sports/americanfootball_nfl
2026,2,9d14f87600f6edc74dbcb5c74edf6246,2026-09-20T17:02:22Z,Bovada,2026-09-20T17:17:07Z,Pittsburgh Steelers,New England Patriots,spreads,Pittsburgh Steelers,6.5,-115,0.53488372,bovada|9d14f87600f6edc74dbcb5c74edf6246|spreads|event,0.5,https://api.the-odds-api.com/v4/sports/americanfootball_nfl
2026,2,9d14f87600f6edc74dbcb5c74edf6246,2026-09-20T17:02:22Z,Bovada,2026-09-20T17:17:07Z,Pittsburgh Steelers,New England Patriots,totals,Over,38.5,-115,0.53488372,bovada|9d14f87600f6edc74dbcb5c74edf6246|totals|38.5,0.5,https://api.the-odds-api.com/v4/sports/americanfootball_nfl
2026,2,9d14f87600f6edc74dbcb5c74edf6246,2026-09-20T17:02:22Z,Bovada,2026-09-20T17:17:07Z,Pittsburgh Steelers,New England Patriots,totals,Under,38.5,-115,0.53488372,bovada|9d14f87600f6edc74dbcb5c74edf6246|totals|38.5,0.5,https://api.the-odds-api.com/v4/sports/americanfootball_nfl
2026,2,2143ade9684fd876b68a4e8cbf451f05,2026-09-20T17:02:38Z,DraftKings,2026-09-20T17:27:02Z,New Orleans Saints,Baltimore Ravens,h2h,Baltimore Ravens,,-700,0.875,draftkings|2143ade9684fd876b68a4e8cbf451f05|h2h|event,0.83274096,https://api.the-odds-api.com/v4/sports/americanfootball_nfl
2026,2,2143ade9684fd876b68a4e8cbf451f05,2026-09-20T17:02:38Z,DraftKings,2026-09-20T17:27:02Z,New Orleans Saints,Baltimore Ravens,h2h,New Orleans Saints,,469,0.17574692,draftkings|2143ade9684fd876b68a4e8cbf451f05|h2h|event,0.16725904,https://api.the-odds-api.com/v4/sports/americanfootball_nfl
2026,2,2143ade9684fd876b68a4e8cbf451f05,2026-09-20T17:02:38Z,DraftKings,2026-09-20T17:27:02Z,New Orleans Saints,Baltimore Ravens,spreads,Baltimore Ravens,-12.5,-118,0.5412844,draftkings|2143ade9684fd876b68a4e8cbf451f05|spreads|event,0.50712889,https://api.the-odds-api.com/v4/sports/americanfootball_nfl
2026,2,2143ade9684fd876b68a4e8cbf451f05,2026-09-20T17:02:38Z,DraftKings,2026-09-20T17:27:02Z,New Orleans Saints,Baltimore Ravens,spreads,New Orleans Saints,12.5,-111,0.52606635,draftkings|2143ade9684fd876b68a4e8cbf451f05|spreads|event,0.49287111,https://api.the-odds-api.com/v4/sports/americanfootball_nfl
2026,2,2143ade9684fd876b68a4e8cbf451f05,2026-09-20T17:02:38Z,DraftKings,2026-09-20T17:27:02Z,New Orleans Saints,Baltimore Ravens,totals,Over,43.5,-123,0.55156951,draftkings|2143ade9684fd876b68a4e8cbf451f05|totals|43.5,0.51621995,https://api.the-odds-api.com/v4/sports/americanfootball_nfl
2026,2,2143ade9684fd876b68a4e8cbf451f05,2026-09-20T17:02:38Z,DraftKings,2026-09-20T17:27:02Z,New Orleans Saints,Baltimore Ravens,totals,Under,43.5,-107,0.51690821,draftkings|2143ade9684fd876b68a4e8cbf451f05|totals|43.5,0.48378005,https://api.the-odds-api.com/v4/sports/americanfootball_nfl
2026,2,2143ade9684fd876b68a4e8cbf451f05,2026-09-20T17:02:38Z,MyBookie.ag,2026-09-20T17:25:37Z,New Orleans Saints,Baltimore Ravens,h2h,Baltimore Ravens,,-455,0.81981982,mybookieag|2143ade9684fd876b68a4e8cbf451f05|h2h|event,0.78294877,https://api.the-odds-api.com/v4/sports/americanfootball_nfl
2026,2,2143ade9684fd876b68a4e8cbf451f05,2026-09-20T17:02:38Z,MyBookie.ag,2026-09-20T17:25:37Z,New Orleans Saints,Baltimore Ravens,h2h,New Orleans Saints,,340,0.22727273,mybookieag|2143ade9684fd876b68a4e8cbf451f05|h2h|event,0.21705123,https://api.the-odds-api.com/v4/sports/americanfootball_nfl
2026,2,2143ade9684fd876b68a4e8cbf451f05,2026-09-20T17:02:38Z,MyBookie.ag,2026-09-20T17:25:37Z,New Orleans Saints,Baltimore Ravens,spreads,Baltimore Ravens,-9.5,-118,0.5412844,mybookieag|2143ade9684fd876b68a4e8cbf451f05|spreads|event,0.51380629,https://api.the-odds-api.com/v4/sports/americanfootball_nfl
2026,2,2143ade9684fd876b68a4e8cbf451f05,2026-09-20T17:02:38Z,MyBookie.ag,2026-09-20T17:25:37Z,New Orleans Saints,Baltimore Ravens,spreads,New Orleans Saints,9.5,-105,0.51219512,mybookieag|2143ade9684fd876b68a4e8cbf451f05|spreads|event,0.48619371,https://api.the-odds-api.com/v4/sports/americanfootball_nfl
2026,2,2143ade9684fd876b68a4e8cbf451f05,2026-09-20T17:02:38Z,MyBookie.ag,2026-09-20T17:25:37Z,New Orleans Saints,Baltimore Ravens,totals,Over,42.5,-111,0.52606635,mybookieag|2143ade9684fd876b68a4e8cbf451f05|totals|42.5,0.49287111,https://api.the-odds-api.com/v4/sports/americanfootball_nfl
2026,2,2143ade9684fd876b68a4e8cbf451f05,2026-09-20T17:02:38Z,MyBookie.ag,2026-09-20T17:25:37Z,New Orleans Saints,Baltimore Ravens,totals,Under,42.5,-118,0.5412844,mybookieag|2143ade9684fd876b68a4e8cbf451f05|totals|42.5,0.50712889,https://api.the-odds-api.com/v4/sports/americanfootball_nfl
2026,2,2143ade9684fd876b68a4e8cbf451f05,2026-09-20T17:02:38Z,FanDuel,2026-09-20T17:27:03Z,New Orleans Saints,Baltimore Ravens,h2h,Baltimore Ravens,,-1000,0.90909091,fanduel|2143ade9684fd876b68a4e8cbf451f05|h2h|event,0.85714286,https://api.the-odds-api.com/v4/sports/americanfootball_nfl
2026,2,2143ade9684fd876b68a4e8cbf451f05,2026-09-20T17:02:38Z,FanDuel,2026-09-20T17:27:03Z,New Orleans Saints,Baltimore Ravens,h2h,New Orleans Saints,,560,0.15151515,fanduel|2143ade9684fd876b68a4e8cbf451f05|h2h|event,0.14285714,https://api.the-odds-api.com/v4/sports/americanfootball_nfl
2026,2,2143ade9684fd876b68a4e8cbf451f05,2026-09-20T17:02:38Z,FanDuel,2026-09-20T17:27:03Z,New Orleans Saints,Baltimore Ravens,spreads,Baltimore Ravens,-10.5,-132,0.56896552,fanduel|2143ade9684fd876b68a4e8cbf451f05|spreads|event,0.53225807,https://api.the-odds-api.com/v4/sports/americanfootball_nfl
2026,2,2143ade9684fd876b68a4e8cbf451f05,2026-09-20T17:02:38Z,FanDuel,2026-09-20T17:27:03Z,New Orleans Saints,Baltimore Ravens,spreads,New Orleans Saints,10.5,100,0.5,fanduel|2143ade9684fd876b68a4e8cbf451f05|spreads|event,0.46774193,https://api.the-odds-api.com/v4/sports/americanfootball_nfl
2026,2,2143ade9684fd876b68a4e8cbf451f05,2026-09-20T17:02:38Z,FanDuel,2026-09-20T17:27:03Z,New Orleans Saints,Baltimore Ravens,totals,Over,44.5,-112,0.52830189,fanduel|2143ade9684fd876b68a4e8cbf451f05|totals|44.5,0.49393106,https://api.the-odds-api.com/v4/sports/americanfootball_nfl
2026,2,2143ade9684fd876b68a4e8cbf451f05,2026-09-20T17:02:38Z,FanDuel,2026-09-20T17:27:03Z,New Orleans Saints,Baltimore Ravens,totals,Under,44.5,-118,0.5412844,fanduel|2143ade9684fd876b68a4e8cbf451f05|totals|44.5,0.50606894,https://api.the-odds-api.com/v4/sports/americanfootball_nfl
2026,2,2143ade9684fd876b68a4e8cbf451f05,2026-09-20T17:02:38Z,BetRivers,2026-09-20T17:26:41Z,New Orleans Saints,Baltimore Ravens,h2h,Baltimore Ravens,,-835,0.89304813,betrivers|2143ade9684fd876b68a4e8cbf451f05|h2h|event,0.84490337,https://api.the-odds-api.com/v4/sports/americanfootball_nfl
2026,2,2143ade9684fd876b68a4e8cbf451f05,2026-09-20T17:02:38Z,BetRivers,2026-09-20T17:26:41Z,New Orleans Saints,Baltimore Ravens,h2h,New Orleans Saints,,510,0.16393443,betrivers|2143ade9684fd876b68a4e8cbf451f05|h2h|event,0.15509663,https://api.the-odds-api.com/v4/sports/americanfootball_nfl
2026,2,2143ade9684fd876b68a4e8cbf451f05,2026-09-20T17:02:38Z,BetRivers,2026-09-20T17:26:41Z,New Orleans Saints,Baltimore Ravens,spreads,Baltimore Ravens,-11.5,-115,0.53488372,betrivers|2143ade9684fd876b68a4e8cbf451f05|spreads|event,0.50309533,https://api.the-odds-api.com/v4/sports/americanfootball_nfl
2026,2,2143ade9684fd876b68a4e8cbf451f05,2026-09-20T17:02:38Z,BetRivers,2026-09-20T17:26:41Z,New Orleans Saints,Baltimore Ravens,spreads,New Orleans Saints,11.5,-112,0.52830189,betrivers|2143ade9684fd876b68a4e8cbf451f05|spreads|event,0.49690467,https://api.the-odds-api.com/v4/sports/americanfootball_nfl
2026,2,2143ade9684fd876b68a4e8cbf451f05,2026-09-20T17:02:38Z,BetRivers,2026-09-20T17:26:41Z,New Orleans Saints,Baltimore Ravens,totals,Over,44.0,-109,0.5215311,betrivers|2143ade9684fd876b68a4e8cbf451f05|totals|44.0,0.49070709,https://api.the-odds-api.com/v4/sports/americanfootball_nfl
2026,2,2143ade9684fd876b68a4e8cbf451f05,2026-09-20T17:02:38Z,BetRivers,2026-09-20T17:26:41Z,New Orleans Saints,Baltimore Ravens,totals,Under,44.0,-118,0.5412844,betrivers|2143ade9684fd876b68a4e8cbf451f05|totals|44.0,0.50929291,https://api.the-odds-api.com/v4/sports/americanfootball_nfl
2026,2,2143ade9684fd876b68a4e8cbf451f05,2026-09-20T17:02:38Z,BetMGM,2026-09-20T17:27:02Z,New Orleans Saints,Baltimore Ravens,h2h,Baltimore Ravens,,-700,0.875,betmgm|2143ade9684fd876b68a4e8cbf451f05|h2h|event,0.83419689,https://api.the-odds-api.com/v4/sports/americanfootball_nfl
2026,2,2143ade9684fd876b68a4e8cbf451f05,2026-09-20T17:02:38Z,BetMGM,2026-09-20T17:27:02Z,New Orleans Saints,Baltimore Ravens,h2h,New Orleans Saints,,475,0.17391304,betmgm|2143ade9684fd876b68a4e8cbf451f05|h2h|event,0.16580311,https://api.the-odds-api.com/v4/sports/americanfootball_nfl
2026,2,2143ade9684fd876b68a4e8cbf451f05,2026-09-20T17:02:38Z,BetMGM,2026-09-20T17:27:02Z,New Orleans Saints,Baltimore Ravens,spreads,Baltimore Ravens,-12.5,-120,0.54545455,betmgm|2143ade9684fd876b68a4e8cbf451f05|spreads|event,0.51012146,https://api.the-odds-api.com/v4/sports/americanfootball_nfl
2026,2,2143ade9684fd876b68a4e8cbf451f05,2026-09-20T17:02:38Z,BetMGM,2026-09-20T17:27:02Z,New Orleans Saints,Baltimore Ravens,spreads,New Orleans Saints,12.5,-110,0.52380952,betmgm|2143ade9684fd876b68a4e8cbf451f05|spreads|event,0.48987854,https://api.the-odds-api.com/v4/sports/americanfootball_nfl
2026,2,2143ade9684fd876b68a4e8cbf451f05,2026-09-20T17:02:38Z,BetMGM,2026-09-20T17:27:02Z,New Orleans Saints,Baltimore Ravens,totals,Over,43.5,-120,0.54545455,betmgm|2143ade9684fd876b68a4e8cbf451f05|totals|43.5,0.51012146,https://api.the-odds-api.com/v4/sports/americanfootball_nfl
2026,2,2143ade9684fd876b68a4e8cbf451f05,2026-09-20T17:02:38Z,BetMGM,2026-09-20T17:27:02Z,New Orleans Saints,Baltimore Ravens,totals,Under,43.5,-110,0.52380952,betmgm|2143ade9684fd876b68a4e8cbf451f05|totals|43.5,0.48987854,https://api.the-odds-api.com/v4/sports/americanfootball_nfl
2026,2,2143ade9684fd876b68a4e8cbf451f05,2026-09-20T17:02:38Z,Bovada,2026-09-20T17:25:42Z,New Orleans Saints,Baltimore Ravens,h2h,Baltimore Ravens,,-700,0.875,bovada|2143ade9684fd876b68a4e8cbf451f05|h2h|event,0.82122905,https://api.the-odds-api.com/v4/sports/americanfootball_nfl
2026,2,2143ade9684fd876b68a4e8cbf451f05,2026-09-20T17:02:38Z,Bovada,2026-09-20T17:25:42Z,New Orleans Saints,Baltimore Ravens,h2h,New Orleans Saints,,425,0.19047619,bovada|2143ade9684fd876b68a4e8cbf451f05|h2h|event,0.17877095,https://api.the-odds-api.com/v4/sports/americanfootball_nfl
2026,2,2143ade9684fd876b68a4e8cbf451f05,2026-09-20T17:02:38Z,Bovada,2026-09-20T17:25:42Z,New Orleans Saints,Baltimore Ravens,spreads,Baltimore Ravens,-10.5,-115,0.53488372,bovada|2143ade9684fd876b68a4e8cbf451f05|spreads|event,0.5,https://api.the-odds-api.com/v4/sports/americanfootball_nfl
2026,2,2143ade9684fd876b68a4e8cbf451f05,2026-09-20T17:02:38Z,Bovada,2026-09-20T17:25:42Z,New Orleans Saints,Baltimore Ravens,spreads,New Orleans Saints,10.5,-115,0.53488372,bovada|2143ade9684fd876b68a4e8cbf451f05|spreads|event,0.5,https://api.the-odds-api.com/v4/sports/americanfootball_nfl
2026,2,2143ade9684fd876b68a4e8cbf451f05,2026-09-20T17:02:38Z,Bovada,2026-09-20T17:25:42Z,New Orleans Saints,Baltimore Ravens,totals,Over,44.0,-120,0.54545455,bovada|2143ade9684fd876b68a4e8cbf451f05|totals|44.0,0.51012146,https://api.the-odds-api.com/v4/sports/americanfootball_nfl
2026,2,2143ade9684fd876b68a4e8cbf451f05,2026-09-20T17:02:38Z,Bovada,2026-09-20T17:25:42Z,New Orleans Saints,Baltimore Ravens,totals,Under,44.0,-110,0.52380952,bovada|2143ade9684fd876b68a4e8cbf451f05|totals|44.0,0.48987854,https://api.the-odds-api.com/v4/sports/americanfootball_nfl
2026,2,0283a29e1b38ef78b29b904fd56a16dd,2026-09-20T17:02:38Z,DraftKings,2026-09-20T17:27:02Z,Minnesota Vikings,Chicago Bears,h2h,Chicago Bears,,-275,0.73333333,draftkings|0283a29e1b38ef78b29b904fd56a16dd|h2h|event,0.69033856,https://api.the-odds-api.com/v4/sports/americanfootball_nfl
2026,2,0283a29e1b38ef78b29b904fd56a16dd,2026-09-20T17:02:38Z,DraftKings,2026-09-20T17:27:02Z,Minnesota Vikings,Chicago Bears,h2h,Minnesota Vikings,,204,0.32894737,draftkings|0283a29e1b38ef78b29b904fd56a16dd|h2h|event,0.30966144,https://api.the-odds-api.com/v4/sports/americanfootball_nfl
2026,2,0283a29e1b38ef78b29b904fd56a16dd,2026-09-20T17:02:38Z,DraftKings,2026-09-20T17:27:02Z,Minnesota Vikings,Chicago Bears,spreads,Chicago Bears,-6.5,-116,0.53703704,draftkings|0283a29e1b38ef78b29b904fd56a16dd|spreads|event,0.503054,https://api.the-odds-api.com/v4/sports/americanfootball_nfl
2026,2,0283a29e1b38ef78b29b904fd56a16dd,2026-09-20T17:02:38Z,DraftKings,2026-09-20T17:27:02Z,Minnesota Vikings,Chicago Bears,spreads,Minnesota Vikings,6.5,-113,0.53051643,draftkings|0283a29e1b38ef78b29b904fd56a16dd|spreads|event,0.496946,https://api.the-odds-api.com/v4/sports/americanfootball_nfl
2026,2,0283a29e1b38ef78b29b904fd56a16dd,2026-09-20T17:02:38Z,DraftKings,2026-09-20T17:27:02Z,Minnesota Vikings,Chicago Bears,totals,Over,44.5,-119,0.543379,draftkings|0283a29e1b38ef78b29b904fd56a16dd|totals|44.5,0.50809422,https://api.the-odds-api.com/v4/sports/americanfootball_nfl
2026,2,0283a29e1b38ef78b29b904fd56a16dd,2026-09-20T17:02:38Z,DraftKings,2026-09-20T17:27:02Z,Minnesota Vikings,Chicago Bears,totals,Under,44.5,-111,0.52606635,draftkings|0283a29e1b38ef78b29b904fd56a16dd|totals|44.5,0.49190578,https://api.the-odds-api.com/v4/sports/americanfootball_nfl
2026,2,0283a29e1b38ef78b29b904fd56a16dd,2026-09-20T17:02:38Z,MyBookie.ag,2026-09-20T17:25:37Z,Minnesota Vikings,Chicago Bears,h2h,Chicago Bears,,-200,0.66666667,mybookieag|0283a29e1b38ef78b29b904fd56a16dd|h2h|event,0.64285714,https://api.the-odds-api.com/v4/sports/americanfootball_nfl
2026,2,0283a29e1b38ef78b29b904fd56a16dd,2026-09-20T17:02:38Z,MyBookie.ag,2026-09-20T17:25:37Z,Minnesota Vikings,Chicago Bears,h2h,Minnesota Vikings,,170,0.37037037,mybookieag|0283a29e1b38ef78b29b904fd56a16dd|h2h|event,0.35714286,https://api.the-odds-api.com/v4/sports/americanfootball_nfl
2026,2,0283a29e1b38ef78b29b904fd56a16dd,2026-09-20T17:02:38Z,MyBookie.ag,2026-09-20T17:25:37Z,Minnesota Vikings,Chicago Bears,totals,Over,43.5,-118,0.5412844,mybookieag|0283a29e1b38ef78b29b904fd56a16dd|totals|43.5,0.51380629,https://api.the-odds-api.com/v4/sports/americanfootball_nfl
2026,2,0283a29e1b38ef78b29b904fd56a16dd,2026-09-20T17:02:38Z,MyBookie.ag,2026-09-20T17:25:37Z,Minnesota Vikings,Chicago Bears,totals,Under,43.5,-105,0.51219512,mybookieag|0283a29e1b38ef78b29b904fd56a16dd|totals|43.5,0.48619371,https://api.the-odds-api.com/v4/sports/americanfootball_nfl
2026,2,0283a29e1b38ef78b29b904fd56a16dd,2026-09-20T17:02:38Z,FanDuel,2026-09-20T17:27:03Z,Minnesota Vikings,Chicago Bears,h2h,Chicago Bears,,-295,0.74683544,fanduel|0283a29e1b38ef78b29b904fd56a16dd|h2h|event,0.70500373,https://api.the-odds-api.com/v4/sports/americanfootball_nfl
2026,2,0283a29e1b38ef78b29b904fd56a16dd,2026-09-20T17:02:38Z,FanDuel,2026-09-20T17:27:03Z,Minnesota Vikings,Chicago Bears,h2h,Minnesota Vikings,,220,0.3125,fanduel|0283a29e1b38ef78b29b904fd56a16dd|h2h|event,0.29499627,https://api.the-odds-api.com/v4/sports/americanfootball_nfl
2026,2,0283a29e1b38ef78b29b904fd56a16dd,2026-09-20T17:02:38Z,FanDuel,2026-09-20T17:27:03Z,Minnesota Vikings,Chicago Bears,spreads,Chicago Bears,-6.5,-102,0.5049505,fanduel|0283a29e1b38ef78b29b904fd56a16dd|spreads|event,0.47184232,https://api.the-odds-api.com/v4/sports/americanfootball_nfl
2026,2,0283a29e1b38ef78b29b904fd56a16dd,2026-09-20T17:02:38Z,FanDuel,2026-09-20T17:27:03Z,Minnesota Vikings,Chicago Bears,spreads,Minnesota Vikings,6.5,-130,0.56521739,fanduel|0283a29e1b38ef78b29b904fd56a16dd|spreads|event,0.52815768,https://api.the-odds-api.com/v4/sports/americanfootball_nfl
2026,2,0283a29e1b38ef78b29b904fd56a16dd,2026-09-20T17:02:38Z,FanDuel,2026-09-20T17:27:03Z,Minnesota Vikings,Chicago Bears,totals,Over,45.5,-114,0.53271028,fanduel|0283a29e1b38ef78b29b904fd56a16dd|totals|45.5,0.5,https://api.the-odds-api.com/v4/sports/americanfootball_nfl
2026,2,0283a29e1b38ef78b29b904fd56a16dd,2026-09-20T17:02:38Z,FanDuel,2026-09-20T17:27:03Z,Minnesota Vikings,Chicago Bears,totals,Under,45.5,-114,0.53271028,fanduel|0283a29e1b38ef78b29b904fd56a16dd|totals|45.5,0.5,https://api.the-odds-api.com/v4/sports/americanfootball_nfl
2026,2,0283a29e1b38ef78b29b904fd56a16dd,2026-09-20T17:02:38Z,BetRivers,2026-09-20T17:26:41Z,Minnesota Vikings,Chicago Bears,h2h,Chicago Bears,,-335,0.77011494,betrivers|0283a29e1b38ef78b29b904fd56a16dd|h2h|event,0.72654408,https://api.the-odds-api.com/v4/sports/americanfootball_nfl
2026,2,0283a29e1b38ef78b29b904fd56a16dd,2026-09-20T17:02:38Z,BetRivers,2026-09-20T17:26:41Z,Minnesota Vikings,Chicago Bears,h2h,Minnesota Vikings,,245,0.28985507,betrivers|0283a29e1b38ef78b29b904fd56a16dd|h2h|event,0.27345592,https://api.the-odds-api.com/v4/sports/americanfootball_nfl
2026,2,0283a29e1b38ef78b29b904fd56a16dd,2026-09-20T17:02:38Z,BetRivers,2026-09-20T17:26:41Z,Minnesota Vikings,Chicago Bears,spreads,Chicago Bears,-6.5,-121,0.54751131,betrivers|0283a29e1b38ef78b29b904fd56a16dd|spreads|event,0.51325557,https://api.the-odds-api.com/v4/sports/americanfootball_nfl
2026,2,0283a29e1b38ef78b29b904fd56a16dd,2026-09-20T17:02:38Z,BetRivers,2026-09-20T17:26:41Z,Minnesota Vikings,Chicago Bears,spreads,Minnesota Vikings,6.5,-108,0.51923077,betrivers|0283a29e1b38ef78b29b904fd56a16dd|spreads|event,0.48674443,https://api.the-odds-api.com/v4/sports/americanfootball_nfl
2026,2,0283a29e1b38ef78b29b904fd56a16dd,2026-09-20T17:02:38Z,BetRivers,2026-09-20T17:26:41Z,Minnesota Vikings,Chicago Bears,totals,Over,45.5,-113,0.53051643,betrivers|0283a29e1b38ef78b29b904fd56a16dd|totals|45.5,0.4979504,https://api.the-odds-api.com/v4/sports/americanfootball_nfl
2026,2,0283a29e1b38ef78b29b904fd56a16dd,2026-09-20T17:02:38Z,BetRivers,2026-09-20T17:26:41Z,Minnesota Vikings,Chicago Bears,totals,Under,45.5,-115,0.53488372,betrivers|0283a29e1b38ef78b29b904fd56a16dd|totals|45.5,0.5020496,https://api.the-odds-api.com/v4/sports/americanfootball_nfl
2026,2,0283a29e1b38ef78b29b904fd56a16dd,2026-09-20T17:02:38Z,BetMGM,2026-09-20T17:27:02Z,Minnesota Vikings,Chicago Bears,h2h,Chicago Bears,,-275,0.73333333,betmgm|0283a29e1b38ef78b29b904fd56a16dd|h2h|event,0.6875,https://api.the-odds-api.com/v4/sports/americanfootball_nfl
2026,2,0283a29e1b38ef78b29b904fd56a16dd,2026-09-20T17:02:38Z,BetMGM,2026-09-20T17:27:02Z,Minnesota Vikings,Chicago Bears,h2h,Minnesota Vikings,,200,0.33333333,betmgm|0283a29e1b38ef78b29b904fd56a16dd|h2h|event,0.3125,https://api.the-odds-api.com/v4/sports/americanfootball_nfl
2026,2,0283a29e1b38ef78b29b904fd56a16dd,2026-09-20T17:02:38Z,BetMGM,2026-09-20T17:27:02Z,Minnesota Vikings,Chicago Bears,spreads,Chicago Bears,-6.5,-108,0.51923077,betmgm|0283a29e1b38ef78b29b904fd56a16dd|spreads|event,0.48768473,https://api.the-odds-api.com/v4/sports/americanfootball_nfl
2026,2,0283a29e1b38ef78b29b904fd56a16dd,2026-09-20T17:02:38Z,BetMGM,2026-09-20T17:27:02Z,Minnesota Vikings,Chicago Bears,spreads,Minnesota Vikings,6.5,-120,0.54545455,betmgm|0283a29e1b38ef78b29b904fd56a16dd|spreads|event,0.51231527,https://api.the-odds-api.com/v4/sports/americanfootball_nfl
2026,2,0283a29e1b38ef78b29b904fd56a16dd,2026-09-20T17:02:38Z,BetMGM,2026-09-20T17:27:02Z,Minnesota Vikings,Chicago Bears,totals,Over,44.5,-108,0.51923077,betmgm|0283a29e1b38ef78b29b904fd56a16dd|totals|44.5,0.48768473,https://api.the-odds-api.com/v4/sports/americanfootball_nfl
2026,2,0283a29e1b38ef78b29b904fd56a16dd,2026-09-20T17:02:38Z,BetMGM,2026-09-20T17:27:02Z,Minnesota Vikings,Chicago Bears,totals,Under,44.5,-120,0.54545455,betmgm|0283a29e1b38ef78b29b904fd56a16dd|totals|44.5,0.51231527,https://api.the-odds-api.com/v4/sports/americanfootball_nfl
2026,2,0283a29e1b38ef78b29b904fd56a16dd,2026-09-20T17:02:38Z,Bovada,2026-09-20T17:25:42Z,Minnesota Vikings,Chicago Bears,h2h,Chicago Bears,,-210,0.67741935,bovada|0283a29e1b38ef78b29b904fd56a16dd|h2h|event,0.63785047,https://api.the-odds-api.com/v4/sports/americanfootball_nfl
2026,2,0283a29e1b38ef78b29b904fd56a16dd,2026-09-20T17:02:38Z,Bovada,2026-09-20T17:25:42Z,Minnesota Vikings,Chicago Bears,h2h,Minnesota Vikings,,160,0.38461538,bovada|0283a29e1b38ef78b29b904fd56a16dd|h2h|event,0.36214953,https://api.the-odds-api.com/v4/sports/americanfootball_nfl
2026,2,0283a29e1b38ef78b29b904fd56a16dd,2026-09-20T17:02:38Z,Bovada,2026-09-20T17:25:42Z,Minnesota Vikings,Chicago Bears,spreads,Chicago Bears,-3.5,-115,0.53488372,bovada|0283a29e1b38ef78b29b904fd56a16dd|spreads|event,0.5,https://api.the-odds-api.com/v4/sports/americanfootball_nfl
2026,2,0283a29e1b38ef78b29b904fd56a16dd,2026-09-20T17:02:38Z,Bovada,2026-09-20T17:25:42Z,Minnesota Vikings,Chicago Bears,spreads,Minnesota Vikings,3.5,-115,0.53488372,bovada|0283a29e1b38ef78b29b904fd56a16dd|spreads|event,0.5,https://api.the-odds-api.com/v4/sports/americanfootball_nfl
2026,2,0283a29e1b38ef78b29b904fd56a16dd,2026-09-20T17:02:38Z,Bovada,2026-09-20T17:25:42Z,Minnesota Vikings,Chicago Bears,totals,Over,44.0,-115,0.53488372,bovada|0283a29e1b38ef78b29b904fd56a16dd|totals|44.0,0.5,https://api.the-odds-api.com/v4/sports/americanfootball_nfl
2026,2,0283a29e1b38ef78b29b904fd56a16dd,2026-09-20T17:02:38Z,Bovada,2026-09-20T17:25:42Z,Minnesota Vikings,Chicago Bears,totals,Under,44.0,-115,0.53488372,bovada|0283a29e1b38ef78b29b904fd56a16dd|totals|44.0,0.5,https://api.the-odds-api.com/v4/sports/americanfootball_nfl
2026,2,36ad2fa722f4915ef23d2c81351261de,2026-09-20T17:02:38Z,DraftKings,2026-09-20T17:27:02Z,Cincinnati Bengals,Houston Texans,h2h,Cincinnati Bengals,,101,0.49751244,draftkings|36ad2fa722f4915ef23d2c81351261de|h2h|event,0.46569264,https://api.the-odds-api.com/v4/sports/americanfootball_nfl
2026,2,36ad2fa722f4915ef23d2c81351261de,2026-09-20T17:02:38Z,DraftKings,2026-09-20T17:27:02Z,Cincinnati Bengals,Houston Texans,h2h,Houston Texans,,-133,0.57081545,draftkings|36ad2fa722f4915ef23d2c81351261de|h2h|event,0.53430736,https://api.the-odds-api.com/v4/sports/americanfootball_nfl
2026,2,36ad2fa722f4915ef23d2c81351261de,2026-09-20T17:02:38Z,DraftKings,2026-09-20T17:27:02Z,Cincinnati Bengals,Houston Texans,spreads,Cincinnati Bengals,1.5,-111,0.52606635,draftkings|36ad2fa722f4915ef23d2c81351261de|spreads|event,0.49287111,https://api.the-odds-api.com/v4/sports/americanfootball_nfl
2026,2,36ad2fa722f4915ef23d2c81351261de,2026-09-20T17:02:38Z,DraftKings,2026-09-20T17:27:02Z,Cincinnati Bengals,Houston Texans,spreads,Houston Texans,-1.5,-118,0.5412844,draftkings|36ad2fa722f4915ef23d2c81351261de|spreads|event,0.50712889,https://api.the-odds-api.com/v4/sports/americanfootball_nfl
2026,2,36ad2fa722f4915ef23d2c81351261de,2026-09-20T17:02:38Z,DraftKings,2026-09-20T17:27:02Z,Cincinnati Bengals,Houston Texans,totals,Over,40.5,-110,0.52380952,draftkings|36ad2fa722f4915ef23d2c81351261de|totals|40.5,0.48987854,https://api.the-odds-api.com/v4/sports/americanfootball_nfl
2026,2,36ad2fa722f4915ef23d2c81351261de,2026-09-20T17:02:38Z,DraftKings,2026-09-20T17:27:02Z,Cincinnati Bengals,Houston Texans,totals,Under,40.5,-120,0.54545455,draftkings|36ad2fa722f4915ef23d2c81351261de|totals|40.5,0.51012146,https://api.the-odds-api.com/v4/sports/americanfootball_nfl
2026,2,36ad2fa722f4915ef23d2c81351261de,2026-09-20T17:02:38Z,MyBookie.ag,2026-09-20T17:25:37Z,Cincinnati Bengals,Houston Texans,h2h,Cincinnati Bengals,,130,0.43478261,mybookieag|36ad2fa722f4915ef23d2c81351261de|h2h|event,0.41762578,https://api.the-odds-api.com/v4/sports/americanfootball_nfl
2026,2,36ad2fa722f4915ef23d2c81351261de,2026-09-20T17:02:38Z,MyBookie.ag,2026-09-20T17:25:37Z,Cincinnati Bengals,Houston Texans,h2h,Houston Texans,,-154,0.60629921,mybookieag|36ad2fa722f4915ef23d2c81351261de|h2h|event,0.58237422,https://api.the-odds-api.com/v4/sports/americanfootball_nfl
2026,2,36ad2fa722f4915ef23d2c81351261de,2026-09-20T17:02:38Z,MyBookie.ag,2026-09-20T17:25:37Z,Cincinnati Bengals,Houston Texans,spreads,Cincinnati Bengals,3.5,-125,0.55555556,mybookieag|36ad2fa722f4915ef23d2c81351261de|spreads|event,0.52631579,https://api.the-odds-api.com/v4/sports/americanfootball_nfl
2026,2,36ad2fa722f4915ef23d2c81351261de,2026-09-20T17:02:38Z,MyBookie.ag,2026-09-20T17:25:37Z,Cincinnati Bengals,Houston Texans,spreads,Houston Texans,-3.5,100,0.5,mybookieag|36ad2fa722f4915ef23d2c81351261de|spreads|event,0.47368421,https://api.the-odds-api.com/v4/sports/americanfootball_nfl
2026,2,36ad2fa722f4915ef23d2c81351261de,2026-09-20T17:02:38Z,MyBookie.ag,2026-09-20T17:25:37Z,Cincinnati Bengals,Houston Texans,totals,Over,41.5,-111,0.52606635,mybookieag|36ad2fa722f4915ef23d2c81351261de|totals|41.5,0.5,https://api.the-odds-api.com/v4/sports/americanfootball_nfl
2026,2,36ad2fa722f4915ef23d2c81351261de,2026-09-20T17:02:38Z,MyBookie.ag,2026-09-20T17:25:37Z,Cincinnati Bengals,Houston Texans,totals,Under,41.5,-111,0.52606635,mybookieag|36ad2fa722f4915ef23d2c81351261de|totals|41.5,0.5,https://api.the-odds-api.com/v4/sports/americanfootball_nfl
2026,2,36ad2fa722f4915ef23d2c81351261de,2026-09-20T17:02:38Z,FanDuel,2026-09-20T17:27:03Z,Cincinnati Bengals,Houston Texans,h2h,Cincinnati Bengals,,110,0.47619048,fanduel|36ad2fa722f4915ef23d2c81351261de|h2h|event,0.44943821,https://api.the-odds-api.com/v4/sports/americanfootball_nfl
2026,2,36ad2fa722f4915ef23d2c81351261de,2026-09-20T17:02:38Z,FanDuel,2026-09-20T17:27:03Z,Cincinnati Bengals,Houston Texans,h2h,Houston Texans,,-140,0.58333333,fanduel|36ad2fa722f4915ef23d2c81351261de|h2h|event,0.55056179,https://api.the-odds-api.com/v4/sports/americanfootball_nfl
2026,2,36ad2fa722f4915ef23d2c81351261de,2026-09-20T17:02:38Z,FanDuel,2026-09-20T17:27:03Z,Cincinnati Bengals,Houston Texans,spreads,Cincinnati Bengals,1.5,-106,0.51456311,fanduel|36ad2fa722f4915ef23d2c81351261de|spreads|event,0.48084677,https://api.the-odds-api.com/v4/sports/americanfootball_nfl
2026,2,36ad2fa722f4915ef23d2c81351261de,2026-09-20T17:02:38Z,FanDuel,2026-09-20T17:27:03Z,Cincinnati Bengals,Houston Texans,spreads,Houston Texans,-1.5,-125,0.55555556,fanduel|36ad2fa722f4915ef23d2c81351261de|spreads|event,0.51915323,https://api.the-odds-api.com/v4/sports/americanfootball_nfl
2026,2,36ad2fa722f4915ef23d2c81351261de,2026-09-20T17:02:38Z,FanDuel,2026-09-20T17:27:03Z,Cincinnati Bengals,Houston Texans,totals,Over,41.5,102,0.4950495,fanduel|36ad2fa722f4915ef23d2c81351261de|totals|41.5,0.46209273,https://api.the-odds-api.com/v4/sports/americanfootball_nfl
2026,2,36ad2fa722f4915ef23d2c81351261de,2026-09-20T17:02:38Z,FanDuel,2026-09-20T17:27:03Z,Cincinnati Bengals,Houston Texans,totals,Under,41.5,-136,0.57627119,fanduel|36ad2fa722f4915ef23d2c81351261de|totals|41.5,0.53790727,https://api.the-odds-api.com/v4/sports/americanfootball_nfl
2026,2,36ad2fa722f4915ef23d2c81351261de,2026-09-20T17:02:38Z,BetRivers,2026-09-20T17:26:41Z,Cincinnati Bengals,Houston Texans,h2h,Cincinnati Bengals,,-107,0.51690821,betrivers|36ad2fa722f4915ef23d2c81351261de|h2h|event,0.48656469,https://api.the-odds-api.com/v4/sports/americanfootball_nfl
2026,2,36ad2fa722f4915ef23d2c81351261de,2026-09-20T17:02:38Z,BetRivers,2026-09-20T17:26:41Z,Cincinnati Bengals,Houston Texans,h2h,Houston Texans,,-120,0.54545455,betrivers|36ad2fa722f4915ef23d2c81351261de|h2h|event,0.51343531,https://api.the-odds-api.com/v4/sports/americanfootball_nfl
2026,2,36ad2fa722f4915ef23d2c81351261de,2026-09-20T17:02:38Z,BetRivers,2026-09-20T17:26:41Z,Cincinnati Bengals,Houston Texans,spreads,Cincinnati Bengals,1.5,-121,0.54751131,betrivers|36ad2fa722f4915ef23d2c81351261de|spreads|event,0.50685092,https://api.the-odds-api.com/v4/sports/americanfootball_nfl
2026,2,36ad2fa722f4915ef23d2c81351261de,2026-09-20T17:02:38Z,BetRivers,2026-09-20T17:26:41Z,Cincinnati Bengals,Houston Texans,spreads,Houston Texans,-1.5,-114,0.53271028,betrivers|36ad2fa722f4915ef23d2c81351261de|spreads|event,0.49314908,https://api.the-odds-api.com/v4/sports/americanfootball_nfl
2026,2,36ad2fa722f4915ef23d2c81351261de,2026-09-20T17:02:38Z,BetRivers,2026-09-20T17:26:41Z,Cincinnati Bengals,Houston Texans,totals,Over,41.0,-110,0.52380952,betrivers|36ad2fa722f4915ef23d2c81351261de|totals|41.0,0.49277456,https://api.the-odds-api.com/v4/sports/americanfootball_nfl
2026,2,36ad2fa722f4915ef23d2c81351261de,2026-09-20T17:02:38Z,BetRivers,2026-09-20T17:26:41Z,Cincinnati Bengals,Houston Texans,totals,Under,41.0,-117,0.53917051,betrivers|36ad2fa722f4915ef23d2c81351261de|totals|41.0,0.50722544,https://api.the-odds-api.com/v4/sports/americanfootball_nfl
2026,2,36ad2fa722f4915ef23d2c81351261de,2026-09-20T17:02:38Z,BetMGM,2026-09-20T17:27:02Z,Cincinnati Bengals,Houston Texans,h2h,Cincinnati Bengals,,110,0.47619048,betmgm|36ad2fa722f4915ef23d2c81351261de|h2h|event,0.45725646,https://api.the-odds-api.com/v4/sports/americanfootball_nfl
2026,2,36ad2fa722f4915ef23d2c81351261de,2026-09-20T17:02:38Z,BetMGM,2026-09-20T17:27:02Z,Cincinnati Bengals,Houston Texans,h2h,Houston Texans,,-130,0.56521739,betmgm|36ad2fa722f4915ef23d2c81351261de|h2h|event,0.54274354,https://api.the-odds-api.com/v4/sports/americanfootball_nfl
2026,2,36ad2fa722f4915ef23d2c81351261de,2026-09-20T17:02:38Z,BetMGM,2026-09-20T17:27:02Z,Cincinnati Bengals,Houston Texans,spreads,Cincinnati Bengals,1.5,-110,0.52380952,betmgm|36ad2fa722f4915ef23d2c81351261de|spreads|event,0.48987854,https://api.the-odds-api.com/v4/sports/americanfootball_nfl
2026,2,36ad2fa722f4915ef23d2c81351261de,2026-09-20T17:02:38Z,BetMGM,2026-09-20T17:27:02Z,Cincinnati Bengals,Houston Texans,spreads,Houston Texans,-1.5,-120,0.54545455,betmgm|36ad2fa722f4915ef23d2c81351261de|spreads|event,0.51012146,https://api.the-odds-api.com/v4/sports/americanfootball_nfl
2026,2,36ad2fa722f4915ef23d2c81351261de,2026-09-20T17:02:38Z,BetMGM,2026-09-20T17:27:02Z,Cincinnati Bengals,Houston Texans,totals,Over,40.5,-112,0.52830189,betmgm|36ad2fa722f4915ef23d2c81351261de|totals|40.5,0.49393106,https://api.the-odds-api.com/v4/sports/americanfootball_nfl
2026,2,36ad2fa722f4915ef23d2c81351261de,2026-09-20T17:02:38Z,BetMGM,2026-09-20T17:27:02Z,Cincinnati Bengals,Houston Texans,totals,Under,40.5,-118,0.5412844,betmgm|36ad2fa722f4915ef23d2c81351261de|totals|40.5,0.50606894,https://api.the-odds-api.com/v4/sports/americanfootball_nfl
2026,2,36ad2fa722f4915ef23d2c81351261de,2026-09-20T17:02:38Z,Bovada,2026-09-20T17:25:42Z,Cincinnati Bengals,Houston Texans,h2h,Cincinnati Bengals,,100,0.5,bovada|36ad2fa722f4915ef23d2c81351261de|h2h|event,0.46938776,https://api.the-odds-api.com/v4/sports/americanfootball_nfl
2026,2,36ad2fa722f4915ef23d2c81351261de,2026-09-20T17:02:38Z,Bovada,2026-09-20T17:25:42Z,Cincinnati Bengals,Houston Texans,h2h,Houston Texans,,-130,0.56521739,bovada|36ad2fa722f4915ef23d2c81351261de|h2h|event,0.53061224,https://api.the-odds-api.com/v4/sports/americanfootball_nfl
2026,2,36ad2fa722f4915ef23d2c81351261de,2026-09-20T17:02:38Z,Bovada,2026-09-20T17:25:42Z,Cincinnati Bengals,Houston Texans,spreads,Cincinnati Bengals,1.5,-115,0.53488372,bovada|36ad2fa722f4915ef23d2c81351261de|spreads|event,0.5,https://api.the-odds-api.com/v4/sports/americanfootball_nfl
2026,2,36ad2fa722f4915ef23d2c81351261de,2026-09-20T17:02:38Z,Bovada,2026-09-20T17:25:42Z,Cincinnati Bengals,Houston Texans,spreads,Houston Texans,-1.5,-115,0.53488372,bovada|36ad2fa722f4915ef23d2c81351261de|spreads|event,0.5,https://api.the-odds-api.com/v4/sports/americanfootball_nfl
2026,2,36ad2fa722f4915ef23d2c81351261de,2026-09-20T17:02:38Z,Bovada,2026-09-20T17:25:42Z,Cincinnati Bengals,Houston Texans,totals,Over,41.0,-115,0.53488372,bovada|36ad2fa722f4915ef23d2c81351261de|totals|41.0,0.5,https://api.the-odds-api.com/v4/sports/americanfootball_nfl
2026,2,36ad2fa722f4915ef23d2c81351261de,2026-09-20T17:02:38Z,Bovada,2026-09-20T17:25:42Z,Cincinnati Bengals,Houston Texans,totals,Under,41.0,-115,0.53488372,bovada|36ad2fa722f4915ef23d2c81351261de|totals|41.0,0.5,https://api.the-odds-api.com/v4/sports/americanfootball_nfl
2026,2,0636ebff776d43f8c829a36713c80b22,2026-09-20T17:02:40Z,DraftKings,2026-09-20T17:27:02Z,Cleveland Browns,Tampa Bay Buccaneers,h2h,Cleveland Browns,,367,0.21413276,draftkings|0636ebff776d43f8c829a36713c80b22|h2h|event,0.20318585,https://api.the-odds-api.com/v4/sports/americanfootball_nfl
2026,2,0636ebff776d43f8c829a36713c80b22,2026-09-20T17:02:40Z,DraftKings,2026-09-20T17:27:02Z,Cleveland Browns,Tampa Bay Buccaneers,h2h,Tampa Bay Buccaneers,,-524,0.83974359,draftkings|0636ebff776d43f8c829a36713c80b22|h2h|event,0.79681415,https://api.the-odds-api.com/v4/sports/americanfootball_nfl
2026,2,0636ebff776d43f8c829a36713c80b22,2026-09-20T17:02:40Z,DraftKings,2026-09-20T17:27:02Z,Cleveland Browns,Tampa Bay Buccaneers,spreads,Cleveland Browns,9.5,-111,0.52606635,draftkings|0636ebff776d43f8c829a36713c80b22|spreads|event,0.49287111,https://api.the-odds-api.com/v4/sports/americanfootball_nfl
2026,2,0636ebff776d43f8c829a36713c80b22,2026-09-20T17:02:40Z,DraftKings,2026-09-20T17:27:02Z,Cleveland Browns,Tampa Bay Buccaneers,spreads,Tampa Bay Buccaneers,-9.5,-118,0.5412844,draftkings|0636ebff776d43f8c829a36713c80b22|spreads|event,0.50712889,https://api.the-odds-api.com/v4/sports/americanfootball_nfl
2026,2,0636ebff776d43f8c829a36713c80b22,2026-09-20T17:02:40Z,DraftKings,2026-09-20T17:27:02Z,Cleveland Browns,Tampa Bay Buccaneers,totals,Over,43.5,-107,0.51690821,draftkings|0636ebff776d43f8c829a36713c80b22|totals|43.5,0.48378005,https://api.the-odds-api.com/v4/sports/americanfootball_nfl
2026,2,0636ebff776d43f8c829a36713c80b22,2026-09-20T17:02:40Z,DraftKings,2026-09-20T17:27:02Z,Cleveland Browns,Tampa Bay Buccaneers,totals,Under,43.5,-123,0.55156951,draftkings|0636ebff776d43f8c829a36713c80b22|totals|43.5,0.51621995,https://api.the-odds-api.com/v4/sports/americanfootball_nfl
2026,2,0636ebff776d43f8c829a36713c80b22,2026-09-20T17:02:40Z,MyBookie.ag,2026-09-20T17:25:37Z,Cleveland Browns,Tampa Bay Buccaneers,h2h,Cleveland Browns,,345,0.2247191,mybookieag|0636ebff776d43f8c829a36713c80b22|h2h|event,0.21513712,https://api.the-odds-api.com/v4/sports/americanfootball_nfl
2026,2,0636ebff776d43f8c829a36713c80b22,2026-09-20T17:02:40Z,MyBookie.ag,2026-09-20T17:25:37Z,Cleveland Browns,Tampa Bay Buccaneers,h2h,Tampa Bay Buccaneers,,-455,0.81981982,mybookieag|0636ebff776d43f8c829a36713c80b22|h2h|event,0.78486288,https://api.the-odds-api.com/v4/sports/americanfootball_nfl
2026,2,0636ebff776d43f8c829a36713c80b22,2026-09-20T17:02:40Z,MyBookie.ag,2026-09-20T17:25:37Z,Cleveland Browns,Tampa Bay Buccaneers,spreads,Cleveland Browns,9.5,-111,0.52606635,mybookieag|0636ebff776d43f8c829a36713c80b22|spreads|event,0.49287111,https://api.the-odds-api.com/v4/sports/americanfootball_nfl
2026,2,0636ebff776d43f8c829a36713c80b22,2026-09-20T17:02:40Z,MyBookie.ag,2026-09-20T17:25:37Z,Cleveland Browns,Tampa Bay Buccaneers,spreads,Tampa Bay Buccaneers,-9.5,-118,0.5412844,mybookieag|0636ebff776d43f8c829a36713c80b22|spreads|event,0.50712889,https://api.the-odds-api.com/v4/sports/americanfootball_nfl
2026,2,0636ebff776d43f8c829a36713c80b22,2026-09-20T17:02:40Z,MyBookie.ag,2026-09-20T17:25:37Z,Cleveland Browns,Tampa Bay Buccaneers,totals,Over,42.5,-118,0.5412844,mybookieag|0636ebff776d43f8c829a36713c80b22|totals|42.5,0.50712889,https://api.the-odds-api.com/v4/sports/americanfootball_nfl
2026,2,0636ebff776d43f8c829a36713c80b22,2026-09-20T17:02:40Z,MyBookie.ag,2026-09-20T17:25:37Z,Cleveland Browns,Tampa Bay Buccaneers,totals,Under,42.5,-111,0.52606635,mybookieag|0636ebff776d43f8c829a36713c80b22|totals|42.5,0.49287111,https://api.the-odds-api.com/v4/sports/americanfootball_nfl
2026,2,0636ebff776d43f8c829a36713c80b22,2026-09-20T17:02:40Z,FanDuel,2026-09-20T17:27:03Z,Cleveland Browns,Tampa Bay Buccaneers,h2h,Cleveland Browns,,420,0.19230769,fanduel|0636ebff776d43f8c829a36713c80b22|h2h|event,0.18159806,https://api.the-odds-api.com/v4/sports/americanfootball_nfl
2026,2,0636ebff776d43f8c829a36713c80b22,2026-09-20T17:02:40Z,FanDuel,2026-09-20T17:27:03Z,Cleveland Browns,Tampa Bay Buccaneers,h2h,Tampa Bay Buccaneers,,-650,0.86666667,fanduel|0636ebff776d43f8c829a36713c80b22|h2h|event,0.81840194,https://api.the-odds-api.com/v4/sports/americanfootball_nfl
2026,2,0636ebff776d43f8c829a36713c80b22,2026-09-20T17:02:40Z,FanDuel,2026-09-20T17:27:03Z,Cleveland Browns,Tampa Bay Buccaneers,spreads,Cleveland Browns,8.5,-108,0.51923077,fanduel|0636ebff776d43f8c829a36713c80b22|spreads|event,0.48581618,https://api.the-odds-api.com/v4/sports/americanfootball_nfl
2026,2,0636ebff776d43f8c829a36713c80b22,2026-09-20T17:02:40Z,FanDuel,2026-09-20T17:27:03Z,Cleveland Browns,Tampa Bay Buccaneers,spreads,Tampa Bay Buccaneers,-8.5,-122,0.54954955,fanduel|0636ebff776d43f8c829a36713c80b22|spreads|event,0.51418382,https://api.the-odds-api.com/v4/sports/americanfootball_nfl
2026,2,0636ebff776d43f8c829a36713c80b22,2026-09-20T17:02:40Z,FanDuel,2026-09-20T17:27:03Z,Cleveland Browns,Tampa Bay Buccaneers,totals,Over,42.5,-130,0.56521739,fanduel|0636ebff776d43f8c829a36713c80b22|totals|42.5,0.52815768,https://api.the-odds-api.com/v4/sports/americanfootball_nfl
2026,2,0636ebff776d43f8c829a36713c80b22,2026-09-20T17:02:40Z,FanDuel,2026-09-20T17:27:03Z,Cleveland Browns,Tampa Bay Buccaneers,totals,Under,42.5,-102,0.5049505,fanduel|0636ebff776d43f8c829a36713c80b22|totals|42.5,0.47184232,https://api.the-odds-api.com/v4/sports/americanfootball_nfl
2026,2,0636ebff776d43f8c829a36713c80b22,2026-09-20T17:02:40Z,BetRivers,2026-09-20T17:26:41Z,Cleveland Browns,Tampa Bay Buccaneers,h2h,Cleveland Browns,,440,0.18518519,betrivers|0636ebff776d43f8c829a36713c80b22|h2h|event,0.17547858,https://api.the-odds-api.com/v4/sports/americanfootball_nfl
2026,2,0636ebff776d43f8c829a36713c80b22,2026-09-20T17:02:40Z,BetRivers,2026-09-20T17:26:41Z,Cleveland Browns,Tampa Bay Buccaneers,h2h,Tampa Bay Buccaneers,,-670,0.87012987,betrivers|0636ebff776d43f8c829a36713c80b22|h2h|event,0.82452142,https://api.the-odds-api.com/v4/sports/americanfootball_nfl
2026,2,0636ebff776d43f8c829a36713c80b22,2026-09-20T17:02:40Z,BetRivers,2026-09-20T17:26:41Z,Cleveland Browns,Tampa Bay Buccaneers,spreads,Cleveland Browns,10.0,-112,0.52830189,betrivers|0636ebff776d43f8c829a36713c80b22|spreads|event,0.49690467,https://api.the-odds-api.com/v4/sports/americanfootball_nfl
2026,2,0636ebff776d43f8c829a36713c80b22,2026-09-20T17:02:40Z,BetRivers,2026-09-20T17:26:41Z,Cleveland Browns,Tampa Bay Buccaneers,spreads,Tampa Bay Buccaneers,-10.0,-115,0.53488372,betrivers|0636ebff776d43f8c829a36713c80b22|spreads|event,0.50309533,https://api.the-odds-api.com/v4/sports/americanfootball_nfl
2026,2,0636ebff776d43f8c829a36713c80b22,2026-09-20T17:02:40Z,BetRivers,2026-09-20T17:26:41Z,Cleveland Browns,Tampa Bay Buccaneers,totals,Over,42.5,-115,0.53488372,betrivers|0636ebff776d43f8c829a36713c80b22|totals|42.5,0.50309533,https://api.the-odds-api.com/v4/sports/americanfootball_nfl
2026,2,0636ebff776d43f8c829a36713c80b22,2026-09-20T17:02:40Z,BetRivers,2026-09-20T17:26:41Z,Cleveland Browns,Tampa Bay Buccaneers,totals,Under,42.5,-112,0.52830189,betrivers|0636ebff776d43f8c829a36713c80b22|totals|42.5,0.49690467,https://api.the-odds-api.com/v4/sports/americanfootball_nfl
2026,2,0636ebff776d43f8c829a36713c80b22,2026-09-20T17:02:40Z,BetMGM,2026-09-20T17:27:03Z,Cleveland Browns,Tampa Bay Buccaneers,h2h,Cleveland Browns,,450,0.18181818,betmgm|0636ebff776d43f8c829a36713c80b22|h2h|event,0.175,https://api.the-odds-api.com/v4/sports/americanfootball_nfl
2026,2,0636ebff776d43f8c829a36713c80b22,2026-09-20T17:02:40Z,BetMGM,2026-09-20T17:27:03Z,Cleveland Browns,Tampa Bay Buccaneers,h2h,Tampa Bay Buccaneers,,-600,0.85714286,betmgm|0636ebff776d43f8c829a36713c80b22|h2h|event,0.825,https://api.the-odds-api.com/v4/sports/americanfootball_nfl
2026,2,0636ebff776d43f8c829a36713c80b22,2026-09-20T17:02:40Z,BetMGM,2026-09-20T17:27:03Z,Cleveland Browns,Tampa Bay Buccaneers,spreads,Cleveland Browns,9.5,-112,0.52830189,betmgm|0636ebff776d43f8c829a36713c80b22|spreads|event,0.49690467,https://api.the-odds-api.com/v4/sports/americanfootball_nfl
2026,2,0636ebff776d43f8c829a36713c80b22,2026-09-20T17:02:40Z,BetMGM,2026-09-20T17:27:03Z,Cleveland Browns,Tampa Bay Buccaneers,spreads,Tampa Bay Buccaneers,-9.5,-115,0.53488372,betmgm|0636ebff776d43f8c829a36713c80b22|spreads|event,0.50309533,https://api.the-odds-api.com/v4/sports/americanfootball_nfl
2026,2,0636ebff776d43f8c829a36713c80b22,2026-09-20T17:02:40Z,BetMGM,2026-09-20T17:27:03Z,Cleveland Browns,Tampa Bay Buccaneers,totals,Over,43.5,-108,0.51923077,betmgm|0636ebff776d43f8c829a36713c80b22|totals|43.5,0.48768473,https://api.the-odds-api.com/v4/sports/americanfootball_nfl
2026,2,0636ebff776d43f8c829a36713c80b22,2026-09-20T17:02:40Z,BetMGM,2026-09-20T17:27:03Z,Cleveland Browns,Tampa Bay Buccaneers,totals,Under,43.5,-120,0.54545455,betmgm|0636ebff776d43f8c829a36713c80b22|totals|43.5,0.51231527,https://api.the-odds-api.com/v4/sports/americanfootball_nfl
2026,2,0636ebff776d43f8c829a36713c80b22,2026-09-20T17:02:40Z,Bovada,2026-09-20T17:17:07Z,Cleveland Browns,Tampa Bay Buccaneers,h2h,Cleveland Browns,,325,0.23529412,bovada|0636ebff776d43f8c829a36713c80b22|h2h|event,0.22018349,https://api.the-odds-api.com/v4/sports/americanfootball_nfl
2026,2,0636ebff776d43f8c829a36713c80b22,2026-09-20T17:02:40Z,Bovada,2026-09-20T17:17:07Z,Cleveland Browns,Tampa Bay Buccaneers,h2h,Tampa Bay Buccaneers,,-500,0.83333333,bovada|0636ebff776d43f8c829a36713c80b22|h2h|event,0.77981651,https://api.the-odds-api.com/v4/sports/americanfootball_nfl
2026,2,0636ebff776d43f8c829a36713c80b22,2026-09-20T17:02:40Z,Bovada,2026-09-20T17:17:07Z,Cleveland Browns,Tampa Bay Buccaneers,spreads,Cleveland Browns,8.5,-115,0.53488372,bovada|0636ebff776d43f8c829a36713c80b22|spreads|event,0.5,https://api.the-odds-api.com/v4/sports/americanfootball_nfl
2026,2,0636ebff776d43f8c829a36713c80b22,2026-09-20T17:02:40Z,Bovada,2026-09-20T17:17:07Z,Cleveland Browns,Tampa Bay Buccaneers,spreads,Tampa Bay Buccaneers,-8.5,-115,0.53488372,bovada|0636ebff776d43f8c829a36713c80b22|spreads|event,0.5,https://api.the-odds-api.com/v4/sports/americanfootball_nfl
2026,2,0636ebff776d43f8c829a36713c80b22,2026-09-20T17:02:40Z,Bovada,2026-09-20T17:17:07Z,Cleveland Browns,Tampa Bay Buccaneers,totals,Over,43.0,-110,0.52380952,bovada|0636ebff776d43f8c829a36713c80b22|totals|43.0,0.48987854,https://api.the-odds-api.com/v4/sports/americanfootball_nfl
2026,2,0636ebff776d43f8c829a36713c80b22,2026-09-20T17:02:40Z,Bovada,2026-09-20T17:17:07Z,Cleveland Browns,Tampa Bay Buccaneers,totals,Under,43.0,-120,0.54545455,bovada|0636ebff776d43f8c829a36713c80b22|totals|43.0,0.51012146,https://api.the-odds-api.com/v4/sports/americanfootball_nfl
2026,2,fafc649c455e32a0f2ba1bd06e2039bc,2026-09-20T17:02:50Z,DraftKings,2026-09-20T17:27:02Z,Philadelphia Eagles,Tennessee Titans,h2h,Philadelphia Eagles,,-201,0.66777409,draftkings|fafc649c455e32a0f2ba1bd06e2039bc|h2h|event,0.6263237,https://api.the-odds-api.com/v4/sports/americanfootball_nfl
2026,2,fafc649c455e32a0f2ba1bd06e2039bc,2026-09-20T17:02:50Z,DraftKings,2026-09-20T17:27:02Z,Philadelphia Eagles,Tennessee Titans,h2h,Tennessee Titans,,151,0.39840637,draftkings|fafc649c455e32a0f2ba1bd06e2039bc|h2h|event,0.3736763,https://api.the-odds-api.com/v4/sports/americanfootball_nfl
2026,2,fafc649c455e32a0f2ba1bd06e2039bc,2026-09-20T17:02:50Z,DraftKings,2026-09-20T17:27:02Z,Philadelphia Eagles,Tennessee Titans,spreads,Philadelphia Eagles,-3.5,-115,0.53488372,draftkings|fafc649c455e32a0f2ba1bd06e2039bc|spreads|event,0.50101792,https://api.the-odds-api.com/v4/sports/americanfootball_nfl
2026,2,fafc649c455e32a0f2ba1bd06e2039bc,2026-09-20T17:02:50Z,DraftKings,2026-09-20T17:27:02Z,Philadelphia Eagles,Tennessee Titans,spreads,Tennessee Titans,3.5,-114,0.53271028,draftkings|fafc649c455e32a0f2ba1bd06e2039bc|spreads|event,0.49898208,https://api.the-odds-api.com/v4/sports/americanfootball_nfl
2026,2,fafc649c455e32a0f2ba1bd06e2039bc,2026-09-20T17:02:50Z,DraftKings,2026-09-20T17:27:02Z,Philadelphia Eagles,Tennessee Titans,totals,Over,39.5,-121,0.54751131,draftkings|fafc649c455e32a0f2ba1bd06e2039bc|totals|39.5,0.51325557,https://api.the-odds-api.com/v4/sports/americanfootball_nfl
2026,2,fafc649c455e32a0f2ba1bd06e2039bc,2026-09-20T17:02:50Z,DraftKings,2026-09-20T17:27:02Z,Philadelphia Eagles,Tennessee Titans,totals,Under,39.5,-108,0.51923077,draftkings|fafc649c455e32a0f2ba1bd06e2039bc|totals|39.5,0.48674443,https://api.the-odds-api.com/v4/sports/americanfootball_nfl
2026,2,fafc649c455e32a0f2ba1bd06e2039bc,2026-09-20T17:02:50Z,MyBookie.ag,2026-09-20T17:19:12Z,Philadelphia Eagles,Tennessee Titans,h2h,Philadelphia Eagles,,-556,0.84756098,mybookieag|fafc649c455e32a0f2ba1bd06e2039bc|h2h|event,0.80908033,https://api.the-odds-api.com/v4/sports/americanfootball_nfl
2026,2,fafc649c455e32a0f2ba1bd06e2039bc,2026-09-20T17:02:50Z,MyBookie.ag,2026-09-20T17:19:12Z,Philadelphia Eagles,Tennessee Titans,h2h,Tennessee Titans,,400,0.2,mybookieag|fafc649c455e32a0f2ba1bd06e2039bc|h2h|event,0.19091967,https://api.the-odds-api.com/v4/sports/americanfootball_nfl
2026,2,fafc649c455e32a0f2ba1bd06e2039bc,2026-09-20T17:02:50Z,MyBookie.ag,2026-09-20T17:19:12Z,Philadelphia Eagles,Tennessee Titans,spreads,Philadelphia Eagles,-10.5,-118,0.5412844,mybookieag|fafc649c455e32a0f2ba1bd06e2039bc|spreads|event,0.50712889,https://api.the-odds-api.com/v4/sports/americanfootball_nfl
2026,2,fafc649c455e32a0f2ba1bd06e2039bc,2026-09-20T17:02:50Z,MyBookie.ag,2026-09-20T17:19:12Z,Philadelphia Eagles,Tennessee Titans,spreads,Tennessee Titans,10.5,-111,0.52606635,mybookieag|fafc649c455e32a0f2ba1bd06e2039bc|spreads|event,0.49287111,https://api.the-odds-api.com/v4/sports/americanfootball_nfl
2026,2,fafc649c455e32a0f2ba1bd06e2039bc,2026-09-20T17:02:50Z,MyBookie.ag,2026-09-20T17:19:12Z,Philadelphia Eagles,Tennessee Titans,totals,Over,38.5,-105,0.51219512,mybookieag|fafc649c455e32a0f2ba1bd06e2039bc|totals|38.5,0.48619371,https://api.the-odds-api.com/v4/sports/americanfootball_nfl
2026,2,fafc649c455e32a0f2ba1bd06e2039bc,2026-09-20T17:02:50Z,MyBookie.ag,2026-09-20T17:19:12Z,Philadelphia Eagles,Tennessee Titans,totals,Under,38.5,-118,0.5412844,mybookieag|fafc649c455e32a0f2ba1bd06e2039bc|totals|38.5,0.51380629,https://api.the-odds-api.com/v4/sports/americanfootball_nfl
2026,2,fafc649c455e32a0f2ba1bd06e2039bc,2026-09-20T17:02:50Z,FanDuel,2026-09-20T17:27:03Z,Philadelphia Eagles,Tennessee Titans,h2h,Philadelphia Eagles,,-188,0.65277778,fanduel|fafc649c455e32a0f2ba1bd06e2039bc|h2h|event,0.6162456,https://api.the-odds-api.com/v4/sports/americanfootball_nfl
2026,2,fafc649c455e32a0f2ba1bd06e2039bc,2026-09-20T17:02:50Z,FanDuel,2026-09-20T17:27:03Z,Philadelphia Eagles,Tennessee Titans,h2h,Tennessee Titans,,146,0.40650407,fanduel|fafc649c455e32a0f2ba1bd06e2039bc|h2h|event,0.3837544,https://api.the-odds-api.com/v4/sports/americanfootball_nfl
2026,2,fafc649c455e32a0f2ba1bd06e2039bc,2026-09-20T17:02:50Z,FanDuel,2026-09-20T17:27:03Z,Philadelphia Eagles,Tennessee Titans,spreads,Philadelphia Eagles,-3.5,-102,0.5049505,fanduel|fafc649c455e32a0f2ba1bd06e2039bc|spreads|event,0.47184232,https://api.the-odds-api.com/v4/sports/americanfootball_nfl
2026,2,fafc649c455e32a0f2ba1bd06e2039bc,2026-09-20T17:02:50Z,FanDuel,2026-09-20T17:27:03Z,Philadelphia Eagles,Tennessee Titans,spreads,Tennessee Titans,3.5,-130,0.56521739,fanduel|fafc649c455e32a0f2ba1bd06e2039bc|spreads|event,0.52815768,https://api.the-odds-api.com/v4/sports/americanfootball_nfl
2026,2,fafc649c455e32a0f2ba1bd06e2039bc,2026-09-20T17:02:50Z,FanDuel,2026-09-20T17:27:03Z,Philadelphia Eagles,Tennessee Titans,totals,Over,40.5,-132,0.56896552,fanduel|fafc649c455e32a0f2ba1bd06e2039bc|totals|40.5,0.53225807,https://api.the-odds-api.com/v4/sports/americanfootball_nfl
2026,2,fafc649c455e32a0f2ba1bd06e2039bc,2026-09-20T17:02:50Z,FanDuel,2026-09-20T17:27:03Z,Philadelphia Eagles,Tennessee Titans,totals,Under,40.5,100,0.5,fanduel|fafc649c455e32a0f2ba1bd06e2039bc|totals|40.5,0.46774193,https://api.the-odds-api.com/v4/sports/americanfootball_nfl
2026,2,fafc649c455e32a0f2ba1bd06e2039bc,2026-09-20T17:02:50Z,BetRivers,2026-09-20T17:26:41Z,Philadelphia Eagles,Tennessee Titans,h2h,Philadelphia Eagles,,-200,0.66666667,betrivers|fafc649c455e32a0f2ba1bd06e2039bc|h2h|event,0.62962963,https://api.the-odds-api.com/v4/sports/americanfootball_nfl
2026,2,fafc649c455e32a0f2ba1bd06e2039bc,2026-09-20T17:02:50Z,BetRivers,2026-09-20T17:26:41Z,Philadelphia Eagles,Tennessee Titans,h2h,Tennessee Titans,,155,0.39215686,betrivers|fafc649c455e32a0f2ba1bd06e2039bc|h2h|event,0.37037037,https://api.the-odds-api.com/v4/sports/americanfootball_nfl
2026,2,fafc649c455e32a0f2ba1bd06e2039bc,2026-09-20T17:02:50Z,BetRivers,2026-09-20T17:26:41Z,Philadelphia Eagles,Tennessee Titans,spreads,Philadelphia Eagles,-3.5,-117,0.53917051,betrivers|fafc649c455e32a0f2ba1bd06e2039bc|spreads|event,0.50722544,https://api.the-odds-api.com/v4/sports/americanfootball_nfl
2026,2,fafc649c455e32a0f2ba1bd06e2039bc,2026-09-20T17:02:50Z,BetRivers,2026-09-20T17:26:41Z,Philadelphia Eagles,Tennessee Titans,spreads,Tennessee Titans,3.5,-110,0.52380952,betrivers|fafc649c455e32a0f2ba1bd06e2039bc|spreads|event,0.49277456,https://api.the-odds-api.com/v4/sports/americanfootball_nfl
2026,2,fafc649c455e32a0f2ba1bd06e2039bc,2026-09-20T17:02:50Z,BetRivers,2026-09-20T17:26:41Z,Philadelphia Eagles,Tennessee Titans,totals,Over,41.0,-110,0.52380952,betrivers|fafc649c455e32a0f2ba1bd06e2039bc|totals|41.0,0.49179655,https://api.the-odds-api.com/v4/sports/americanfootball_nfl
2026,2,fafc649c455e32a0f2ba1bd06e2039bc,2026-09-20T17:02:50Z,BetRivers,2026-09-20T17:26:41Z,Philadelphia Eagles,Tennessee Titans,totals,Under,41.0,-118,0.5412844,betrivers|fafc649c455e32a0f2ba1bd06e2039bc|totals|41.0,0.50820345,https://api.the-odds-api.com/v4/sports/americanfootball_nfl
2026,2,fafc649c455e32a0f2ba1bd06e2039bc,2026-09-20T17:02:50Z,BetMGM,2026-09-20T17:27:03Z,Philadelphia Eagles,Tennessee Titans,h2h,Philadelphia Eagles,,-225,0.69230769,betmgm|fafc649c455e32a0f2ba1bd06e2039bc|h2h|event,0.6659815,https://api.the-odds-api.com/v4/sports/americanfootball_nfl
2026,2,fafc649c455e32a0f2ba1bd06e2039bc,2026-09-20T17:02:50Z,BetMGM,2026-09-20T17:27:03Z,Philadelphia Eagles,Tennessee Titans,h2h,Tennessee Titans,,188,0.34722222,betmgm|fafc649c455e32a0f2ba1bd06e2039bc|h2h|event,0.3340185,https://api.the-odds-api.com/v4/sports/americanfootball_nfl
2026,2,fafc649c455e32a0f2ba1bd06e2039bc,2026-09-20T17:02:50Z,BetMGM,2026-09-20T17:27:03Z,Philadelphia Eagles,Tennessee Titans,totals,Over,39.5,-112,0.52830189,betmgm|fafc649c455e32a0f2ba1bd06e2039bc|totals|39.5,0.49393106,https://api.the-odds-api.com/v4/sports/americanfootball_nfl
2026,2,fafc649c455e32a0f2ba1bd06e2039bc,2026-09-20T17:02:50Z,BetMGM,2026-09-20T17:27:03Z,Philadelphia Eagles,Tennessee Titans,totals,Under,39.5,-118,0.5412844,betmgm|fafc649c455e32a0f2ba1bd06e2039bc|totals|39.5,0.50606894,https://api.the-odds-api.com/v4/sports/americanfootball_nfl
2026,2,fafc649c455e32a0f2ba1bd06e2039bc,2026-09-20T17:02:50Z,Bovada,2026-09-20T17:25:42Z,Philadelphia Eagles,Tennessee Titans,h2h,Philadelphia Eagles,,-220,0.6875,bovada|fafc649c455e32a0f2ba1bd06e2039bc|h2h|event,0.64562569,https://api.the-odds-api.com/v4/sports/americanfootball_nfl
2026,2,fafc649c455e32a0f2ba1bd06e2039bc,2026-09-20T17:02:50Z,Bovada,2026-09-20T17:25:42Z,Philadelphia Eagles,Tennessee Titans,h2h,Tennessee Titans,,165,0.37735849,bovada|fafc649c455e32a0f2ba1bd06e2039bc|h2h|event,0.35437431,https://api.the-odds-api.com/v4/sports/americanfootball_nfl
2026,2,fafc649c455e32a0f2ba1bd06e2039bc,2026-09-20T17:02:50Z,Bovada,2026-09-20T17:25:42Z,Philadelphia Eagles,Tennessee Titans,spreads,Philadelphia Eagles,-3.5,-105,0.51219512,bovada|fafc649c455e32a0f2ba1bd06e2039bc|spreads|event,0.47969543,https://api.the-odds-api.com/v4/sports/americanfootball_nfl
2026,2,fafc649c455e32a0f2ba1bd06e2039bc,2026-09-20T17:02:50Z,Bovada,2026-09-20T17:25:42Z,Philadelphia Eagles,Tennessee Titans,spreads,Tennessee Titans,3.5,-125,0.55555556,bovada|fafc649c455e32a0f2ba1bd06e2039bc|spreads|event,0.52030457,https://api.the-odds-api.com/v4/sports/americanfootball_nfl
2026,2,fafc649c455e32a0f2ba1bd06e2039bc,2026-09-20T17:02:50Z,Bovada,2026-09-20T17:25:42Z,Philadelphia Eagles,Tennessee Titans,totals,Over,41.0,-115,0.53488372,bovada|fafc649c455e32a0f2ba1bd06e2039bc|totals|41.0,0.5,https://api.the-odds-api.com/v4/sports/americanfootball_nfl
2026,2,fafc649c455e32a0f2ba1bd06e2039bc,2026-09-20T17:02:50Z,Bovada,2026-09-20T17:25:42Z,Philadelphia Eagles,Tennessee Titans,totals,Under,41.0,-115,0.53488372,bovada|fafc649c455e32a0f2ba1bd06e2039bc|totals|41.0,0.5,https://api.the-odds-api.com/v4/sports/americanfootball_nfl
2026,2,aee7eae1849ebb103b9bf233e9741392,2026-09-20T17:02:58Z,DraftKings,2026-09-20T17:27:02Z,Carolina Panthers,Atlanta Falcons,h2h,Atlanta Falcons,,351,0.22172949,draftkings|aee7eae1849ebb103b9bf233e9741392|h2h|event,0.21021306,https://api.the-odds-api.com/v4/sports/americanfootball_nfl
2026,2,aee7eae1849ebb103b9bf233e9741392,2026-09-20T17:02:58Z,DraftKings,2026-09-20T17:27:02Z,Carolina Panthers,Atlanta Falcons,h2h,Carolina Panthers,,-499,0.83305509,draftkings|aee7eae1849ebb103b9bf233e9741392|h2h|event,0.78978694,https://api.the-odds-api.com/v4/sports/americanfootball_nfl
2026,2,aee7eae1849ebb103b9bf233e9741392,2026-09-20T17:02:58Z,DraftKings,2026-09-20T17:27:02Z,Carolina Panthers,Atlanta Falcons,spreads,Atlanta Falcons,10.5,-114,0.53271028,draftkings|aee7eae1849ebb103b9bf233e9741392|spreads|event,0.49898208,https://api.the-odds-api.com/v4/sports/americanfootball_nfl
2026,2,aee7eae1849ebb103b9bf233e9741392,2026-09-20T17:02:58Z,DraftKings,2026-09-20T17:27:02Z,Carolina Panthers,Atlanta Falcons,spreads,Carolina Panthers,-10.5,-115,0.53488372,draftkings|aee7eae1849ebb103b9bf233e9741392|spreads|event,0.50101792,https://api.the-odds-api.com/v4/sports/americanfootball_nfl
2026,2,aee7eae1849ebb103b9bf233e9741392,2026-09-20T17:02:58Z,DraftKings,2026-09-20T17:27:02Z,Carolina Panthers,Atlanta Falcons,totals,Over,47.5,-114,0.53271028,draftkings|aee7eae1849ebb103b9bf233e9741392|totals|47.5,0.49797767,https://api.the-odds-api.com/v4/sports/americanfootball_nfl
2026,2,aee7eae1849ebb103b9bf233e9741392,2026-09-20T17:02:58Z,DraftKings,2026-09-20T17:27:02Z,Carolina Panthers,Atlanta Falcons,totals,Under,47.5,-116,0.53703704,draftkings|aee7eae1849ebb103b9bf233e9741392|totals|47.5,0.50202233,https://api.the-odds-api.com/v4/sports/americanfootball_nfl
2026,2,aee7eae1849ebb103b9bf233e9741392,2026-09-20T17:02:58Z,MyBookie.ag,2026-09-20T17:25:37Z,Carolina Panthers,Atlanta Falcons,h2h,Atlanta Falcons,,275,0.26666667,mybookieag|aee7eae1849ebb103b9bf233e9741392|h2h|event,0.2574699,https://api.the-odds-api.com/v4/sports/americanfootball_nfl
2026,2,aee7eae1849ebb103b9bf233e9741392,2026-09-20T17:02:58Z,MyBookie.ag,2026-09-20T17:25:37Z,Carolina Panthers,Atlanta Falcons,h2h,Carolina Panthers,,-333,0.76905312,mybookieag|aee7eae1849ebb103b9bf233e9741392|h2h|event,0.7425301,https://api.the-odds-api.com/v4/sports/americanfootball_nfl
2026,2,aee7eae1849ebb103b9bf233e9741392,2026-09-20T17:02:58Z,MyBookie.ag,2026-09-20T17:25:37Z,Carolina Panthers,Atlanta Falcons,spreads,Atlanta Falcons,7.5,-111,0.52606635,mybookieag|aee7eae1849ebb103b9bf233e9741392|spreads|event,0.49287111,https://api.the-odds-api.com/v4/sports/americanfootball_nfl
2026,2,aee7eae1849ebb103b9bf233e9741392,2026-09-20T17:02:58Z,MyBookie.ag,2026-09-20T17:25:37Z,Carolina Panthers,Atlanta Falcons,spreads,Carolina Panthers,-7.5,-118,0.5412844,mybookieag|aee7eae1849ebb103b9bf233e9741392|spreads|event,0.50712889,https://api.the-odds-api.com/v4/sports/americanfootball_nfl
2026,2,aee7eae1849ebb103b9bf233e9741392,2026-09-20T17:02:58Z,MyBookie.ag,2026-09-20T17:25:37Z,Carolina Panthers,Atlanta Falcons,totals,Over,47.5,-105,0.51219512,mybookieag|aee7eae1849ebb103b9bf233e9741392|totals|47.5,0.48619371,https://api.the-odds-api.com/v4/sports/americanfootball_nfl
2026,2,aee7eae1849ebb103b9bf233e9741392,2026-09-20T17:02:58Z,MyBookie.ag,2026-09-20T17:25:37Z,Carolina Panthers,Atlanta Falcons,totals,Under,47.5,-118,0.5412844,mybookieag|aee7eae1849ebb103b9bf233e9741392|totals|47.5,0.51380629,https://api.the-odds-api.com/v4/sports/americanfootball_nfl
2026,2,aee7eae1849ebb103b9bf233e9741392,2026-09-20T17:02:58Z,FanDuel,2026-09-20T17:27:03Z,Carolina Panthers,Atlanta Falcons,h2h,Atlanta Falcons,,420,0.19230769,fanduel|aee7eae1849ebb103b9bf233e9741392|h2h|event,0.18159806,https://api.the-odds-api.com/v4/sports/americanfootball_nfl
2026,2,aee7eae1849ebb103b9bf233e9741392,2026-09-20T17:02:58Z,FanDuel,2026-09-20T17:27:03Z,Carolina Panthers,Atlanta Falcons,h2h,Carolina Panthers,,-650,0.86666667,fanduel|aee7eae1849ebb103b9bf233e9741392|h2h|event,0.81840194,https://api.the-odds-api.com/v4/sports/americanfootball_nfl
2026,2,aee7eae1849ebb103b9bf233e9741392,2026-09-20T17:02:58Z,FanDuel,2026-09-20T17:27:03Z,Carolina Panthers,Atlanta Falcons,spreads,Atlanta Falcons,9.5,-106,0.51456311,fanduel|aee7eae1849ebb103b9bf233e9741392|spreads|event,0.48084677,https://api.the-odds-api.com/v4/sports/americanfootball_nfl
2026,2,aee7eae1849ebb103b9bf233e9741392,2026-09-20T17:02:58Z,FanDuel,2026-09-20T17:27:03Z,Carolina Panthers,Atlanta Falcons,spreads,Carolina Panthers,-9.5,-125,0.55555556,fanduel|aee7eae1849ebb103b9bf233e9741392|spreads|event,0.51915323,https://api.the-odds-api.com/v4/sports/americanfootball_nfl
2026,2,aee7eae1849ebb103b9bf233e9741392,2026-09-20T17:02:58Z,FanDuel,2026-09-20T17:27:03Z,Carolina Panthers,Atlanta Falcons,totals,Over,47.5,-114,0.53271028,fanduel|aee7eae1849ebb103b9bf233e9741392|totals|47.5,0.4960083,https://api.the-odds-api.com/v4/sports/americanfootball_nfl
2026,2,aee7eae1849ebb103b9bf233e9741392,2026-09-20T17:02:58Z,FanDuel,2026-09-20T17:27:03Z,Carolina Panthers,Atlanta Falcons,totals,Under,47.5,-118,0.5412844,fanduel|aee7eae1849ebb103b9bf233e9741392|totals|47.5,0.5039917,https://api.the-odds-api.com/v4/sports/americanfootball_nfl
2026,2,aee7eae1849ebb103b9bf233e9741392,2026-09-20T17:02:58Z,BetRivers,2026-09-20T17:26:41Z,Carolina Panthers,Atlanta Falcons,h2h,Atlanta Falcons,,370,0.21276596,betrivers|aee7eae1849ebb103b9bf233e9741392|h2h|event,0.20048603,https://api.the-odds-api.com/v4/sports/americanfootball_nfl
2026,2,aee7eae1849ebb103b9bf233e9741392,2026-09-20T17:02:58Z,BetRivers,2026-09-20T17:26:41Z,Carolina Panthers,Atlanta Falcons,h2h,Carolina Panthers,,-560,0.84848485,betrivers|aee7eae1849ebb103b9bf233e9741392|h2h|event,0.79951397,https://api.the-odds-api.com/v4/sports/americanfootball_nfl
2026,2,aee7eae1849ebb103b9bf233e9741392,2026-09-20T17:02:58Z,BetRivers,2026-09-20T17:26:41Z,Carolina Panthers,Atlanta Falcons,spreads,Atlanta Falcons,10.0,-114,0.53271028,betrivers|aee7eae1849ebb103b9bf233e9741392|spreads|event,0.5,https://api.the-odds-api.com/v4/sports/americanfootball_nfl
2026,2,aee7eae1849ebb103b9bf233e9741392,2026-09-20T17:02:58Z,BetRivers,2026-09-20T17:26:41Z,Carolina Panthers,Atlanta Falcons,spreads,Carolina Panthers,-10.0,-114,0.53271028,betrivers|aee7eae1849ebb103b9bf233e9741392|spreads|event,0.5,https://api.the-odds-api.com/v4/sports/americanfootball_nfl
2026,2,aee7eae1849ebb103b9bf233e9741392,2026-09-20T17:02:58Z,BetRivers,2026-09-20T17:26:41Z,Carolina Panthers,Atlanta Falcons,totals,Over,47.0,-113,0.53051643,betrivers|aee7eae1849ebb103b9bf233e9741392|totals|47.0,0.49896831,https://api.the-odds-api.com/v4/sports/americanfootball_nfl
2026,2,aee7eae1849ebb103b9bf233e9741392,2026-09-20T17:02:58Z,BetRivers,2026-09-20T17:26:41Z,Carolina Panthers,Atlanta Falcons,totals,Under,47.0,-114,0.53271028,betrivers|aee7eae1849ebb103b9bf233e9741392|totals|47.0,0.50103169,https://api.the-odds-api.com/v4/sports/americanfootball_nfl
2026,2,aee7eae1849ebb103b9bf233e9741392,2026-09-20T17:02:58Z,BetMGM,2026-09-20T17:27:03Z,Carolina Panthers,Atlanta Falcons,h2h,Atlanta Falcons,,380,0.20833333,betmgm|aee7eae1849ebb103b9bf233e9741392|h2h|event,0.20140105,https://api.the-odds-api.com/v4/sports/americanfootball_nfl
2026,2,aee7eae1849ebb103b9bf233e9741392,2026-09-20T17:02:58Z,BetMGM,2026-09-20T17:27:03Z,Carolina Panthers,Atlanta Falcons,h2h,Carolina Panthers,,-475,0.82608696,betmgm|aee7eae1849ebb103b9bf233e9741392|h2h|event,0.79859895,https://api.the-odds-api.com/v4/sports/americanfootball_nfl
2026,2,aee7eae1849ebb103b9bf233e9741392,2026-09-20T17:02:58Z,BetMGM,2026-09-20T17:27:03Z,Carolina Panthers,Atlanta Falcons,spreads,Atlanta Falcons,10.5,-115,0.53488372,betmgm|aee7eae1849ebb103b9bf233e9741392|spreads|event,0.51439327,https://api.the-odds-api.com/v4/sports/americanfootball_nfl
2026,2,aee7eae1849ebb103b9bf233e9741392,2026-09-20T17:02:58Z,BetMGM,2026-09-20T17:27:03Z,Carolina Panthers,Atlanta Falcons,spreads,Carolina Panthers,-10.5,-102,0.5049505,betmgm|aee7eae1849ebb103b9bf233e9741392|spreads|event,0.48560673,https://api.the-odds-api.com/v4/sports/americanfootball_nfl
2026,2,aee7eae1849ebb103b9bf233e9741392,2026-09-20T17:02:58Z,BetMGM,2026-09-20T17:27:03Z,Carolina Panthers,Atlanta Falcons,totals,Over,46.5,-110,0.52380952,betmgm|aee7eae1849ebb103b9bf233e9741392|totals|46.5,0.50219491,https://api.the-odds-api.com/v4/sports/americanfootball_nfl
2026,2,aee7eae1849ebb103b9bf233e9741392,2026-09-20T17:02:58Z,BetMGM,2026-09-20T17:27:03Z,Carolina Panthers,Atlanta Falcons,totals,Under,46.5,-108,0.51923077,betmgm|aee7eae1849ebb103b9bf233e9741392|totals|46.5,0.49780509,https://api.the-odds-api.com/v4/sports/americanfootball_nfl
2026,2,aee7eae1849ebb103b9bf233e9741392,2026-09-20T17:02:58Z,Bovada,2026-09-20T17:25:42Z,Carolina Panthers,Atlanta Falcons,h2h,Atlanta Falcons,,340,0.22727273,bovada|aee7eae1849ebb103b9bf233e9741392|h2h|event,0.21294719,https://api.the-odds-api.com/v4/sports/americanfootball_nfl
2026,2,aee7eae1849ebb103b9bf233e9741392,2026-09-20T17:02:58Z,Bovada,2026-09-20T17:25:42Z,Carolina Panthers,Atlanta Falcons,h2h,Carolina Panthers,,-525,0.84,bovada|aee7eae1849ebb103b9bf233e9741392|h2h|event,0.78705281,https://api.the-odds-api.com/v4/sports/americanfootball_nfl
2026,2,aee7eae1849ebb103b9bf233e9741392,2026-09-20T17:02:58Z,Bovada,2026-09-20T17:25:42Z,Carolina Panthers,Atlanta Falcons,spreads,Atlanta Falcons,10.0,-120,0.54545455,bovada|aee7eae1849ebb103b9bf233e9741392|spreads|event,0.51012146,https://api.the-odds-api.com/v4/sports/americanfootball_nfl
2026,2,aee7eae1849ebb103b9bf233e9741392,2026-09-20T17:02:58Z,Bovada,2026-09-20T17:25:42Z,Carolina Panthers,Atlanta Falcons,spreads,Carolina Panthers,-10.0,-110,0.52380952,bovada|aee7eae1849ebb103b9bf233e9741392|spreads|event,0.48987854,https://api.the-odds-api.com/v4/sports/americanfootball_nfl
2026,2,aee7eae1849ebb103b9bf233e9741392,2026-09-20T17:02:58Z,Bovada,2026-09-20T17:25:42Z,Carolina Panthers,Atlanta Falcons,totals,Over,46.5,-120,0.54545455,bovada|aee7eae1849ebb103b9bf233e9741392|totals|46.5,0.51012146,https://api.the-odds-api.com/v4/sports/americanfootball_nfl
2026,2,aee7eae1849ebb103b9bf233e9741392,2026-09-20T17:02:58Z,Bovada,2026-09-20T17:25:42Z,Carolina Panthers,Atlanta Falcons,totals,Under,46.5,-110,0.52380952,bovada|aee7eae1849ebb103b9bf233e9741392|totals|46.5,0.48987854,https://api.the-odds-api.com/v4/sports/americanfootball_nfl
2026,2,4aeee070bb6ec60bdfae4dede61b9014,2026-09-20T17:03:51Z,DraftKings,2026-09-20T17:27:02Z,Green Bay Packers,New York Jets,h2h,Green Bay Packers,,-173,0.63369963,draftkings|4aeee070bb6ec60bdfae4dede61b9014|h2h|event,0.59517172,https://api.the-odds-api.com/v4/sports/americanfootball_nfl
2026,2,4aeee070bb6ec60bdfae4dede61b9014,2026-09-20T17:03:51Z,DraftKings,2026-09-20T17:27:02Z,Green Bay Packers,New York Jets,h2h,New York Jets,,132,0.43103448,draftkings|4aeee070bb6ec60bdfae4dede61b9014|h2h|event,0.40482828,https://api.the-odds-api.com/v4/sports/americanfootball_nfl
2026,2,4aeee070bb6ec60bdfae4dede61b9014,2026-09-20T17:03:51Z,DraftKings,2026-09-20T17:27:02Z,Green Bay Packers,New York Jets,spreads,Green Bay Packers,-3.5,104,0.49019608,draftkings|4aeee070bb6ec60bdfae4dede61b9014|spreads|event,0.45887547,https://api.the-odds-api.com/v4/sports/americanfootball_nfl
2026,2,4aeee070bb6ec60bdfae4dede61b9014,2026-09-20T17:03:51Z,DraftKings,2026-09-20T17:27:02Z,Green Bay Packers,New York Jets,spreads,New York Jets,3.5,-137,0.57805907,draftkings|4aeee070bb6ec60bdfae4dede61b9014|spreads|event,0.54112453,https://api.the-odds-api.com/v4/sports/americanfootball_nfl
2026,2,4aeee070bb6ec60bdfae4dede61b9014,2026-09-20T17:03:51Z,DraftKings,2026-09-20T17:27:02Z,Green Bay Packers,New York Jets,totals,Over,39.5,-122,0.54954955,draftkings|4aeee070bb6ec60bdfae4dede61b9014|totals|39.5,0.51418382,https://api.the-odds-api.com/v4/sports/americanfootball_nfl
2026,2,4aeee070bb6ec60bdfae4dede61b9014,2026-09-20T17:03:51Z,DraftKings,2026-09-20T17:27:02Z,Green Bay Packers,New York Jets,totals,Under,39.5,-108,0.51923077,draftkings|4aeee070bb6ec60bdfae4dede61b9014|totals|39.5,0.48581618,https://api.the-odds-api.com/v4/sports/americanfootball_nfl
2026,2,4aeee070bb6ec60bdfae4dede61b9014,2026-09-20T17:03:51Z,MyBookie.ag,2026-09-20T17:25:37Z,Green Bay Packers,New York Jets,h2h,Green Bay Packers,,-133,0.57081545,mybookieag|4aeee070bb6ec60bdfae4dede61b9014|h2h|event,0.54518836,https://api.the-odds-api.com/v4/sports/americanfootball_nfl
2026,2,4aeee070bb6ec60bdfae4dede61b9014,2026-09-20T17:03:51Z,MyBookie.ag,2026-09-20T17:25:37Z,Green Bay Packers,New York Jets,h2h,New York Jets,,110,0.47619048,mybookieag|4aeee070bb6ec60bdfae4dede61b9014|h2h|event,0.45481164,https://api.the-odds-api.com/v4/sports/americanfootball_nfl
2026,2,4aeee070bb6ec60bdfae4dede61b9014,2026-09-20T17:03:51Z,MyBookie.ag,2026-09-20T17:25:37Z,Green Bay Packers,New York Jets,spreads,Green Bay Packers,-2.5,-111,0.52606635,mybookieag|4aeee070bb6ec60bdfae4dede61b9014|spreads|event,0.49287111,https://api.the-odds-api.com/v4/sports/americanfootball_nfl
2026,2,4aeee070bb6ec60bdfae4dede61b9014,2026-09-20T17:03:51Z,MyBookie.ag,2026-09-20T17:25:37Z,Green Bay Packers,New York Jets,spreads,New York Jets,2.5,-118,0.5412844,mybookieag|4aeee070bb6ec60bdfae4dede61b9014|spreads|event,0.50712889,https://api.the-odds-api.com/v4/sports/americanfootball_nfl
2026,2,4aeee070bb6ec60bdfae4dede61b9014,2026-09-20T17:03:51Z,MyBookie.ag,2026-09-20T17:25:37Z,Green Bay Packers,New York Jets,totals,Over,42.5,-111,0.52606635,mybookieag|4aeee070bb6ec60bdfae4dede61b9014|totals|42.5,0.5,https://api.the-odds-api.com/v4/sports/americanfootball_nfl
2026,2,4aeee070bb6ec60bdfae4dede61b9014,2026-09-20T17:03:51Z,MyBookie.ag,2026-09-20T17:25:37Z,Green Bay Packers,New York Jets,totals,Under,42.5,-111,0.52606635,mybookieag|4aeee070bb6ec60bdfae4dede61b9014|totals|42.5,0.5,https://api.the-odds-api.com/v4/sports/americanfootball_nfl
2026,2,4aeee070bb6ec60bdfae4dede61b9014,2026-09-20T17:03:51Z,FanDuel,2026-09-20T17:27:03Z,Green Bay Packers,New York Jets,h2h,Green Bay Packers,,-132,0.56896552,fanduel|4aeee070bb6ec60bdfae4dede61b9014|h2h|event,0.53718481,https://api.the-odds-api.com/v4/sports/americanfootball_nfl
2026,2,4aeee070bb6ec60bdfae4dede61b9014,2026-09-20T17:03:51Z,FanDuel,2026-09-20T17:27:03Z,Green Bay Packers,New York Jets,h2h,New York Jets,,104,0.49019608,fanduel|4aeee070bb6ec60bdfae4dede61b9014|h2h|event,0.46281519,https://api.the-odds-api.com/v4/sports/americanfootball_nfl
2026,2,4aeee070bb6ec60bdfae4dede61b9014,2026-09-20T17:03:51Z,FanDuel,2026-09-20T17:27:03Z,Green Bay Packers,New York Jets,spreads,Green Bay Packers,-1.5,-118,0.5412844,fanduel|4aeee070bb6ec60bdfae4dede61b9014|spreads|event,0.50606894,https://api.the-odds-api.com/v4/sports/americanfootball_nfl
2026,2,4aeee070bb6ec60bdfae4dede61b9014,2026-09-20T17:03:51Z,FanDuel,2026-09-20T17:27:03Z,Green Bay Packers,New York Jets,spreads,New York Jets,1.5,-112,0.52830189,fanduel|4aeee070bb6ec60bdfae4dede61b9014|spreads|event,0.49393106,https://api.the-odds-api.com/v4/sports/americanfootball_nfl
2026,2,4aeee070bb6ec60bdfae4dede61b9014,2026-09-20T17:03:51Z,FanDuel,2026-09-20T17:27:03Z,Green Bay Packers,New York Jets,totals,Over,40.5,102,0.4950495,fanduel|4aeee070bb6ec60bdfae4dede61b9014|totals|40.5,0.46209273,https://api.the-odds-api.com/v4/sports/americanfootball_nfl
2026,2,4aeee070bb6ec60bdfae4dede61b9014,2026-09-20T17:03:51Z,FanDuel,2026-09-20T17:27:03Z,Green Bay Packers,New York Jets,totals,Under,40.5,-136,0.57627119,fanduel|4aeee070bb6ec60bdfae4dede61b9014|totals|40.5,0.53790727,https://api.the-odds-api.com/v4/sports/americanfootball_nfl
2026,2,4aeee070bb6ec60bdfae4dede61b9014,2026-09-20T17:03:51Z,BetRivers,2026-09-20T17:26:41Z,Green Bay Packers,New York Jets,h2h,Green Bay Packers,,-136,0.57627119,betrivers|4aeee070bb6ec60bdfae4dede61b9014|h2h|event,0.54517422,https://api.the-odds-api.com/v4/sports/americanfootball_nfl
2026,2,4aeee070bb6ec60bdfae4dede61b9014,2026-09-20T17:03:51Z,BetRivers,2026-09-20T17:26:41Z,Green Bay Packers,New York Jets,h2h,New York Jets,,108,0.48076923,betrivers|4aeee070bb6ec60bdfae4dede61b9014|h2h|event,0.45482578,https://api.the-odds-api.com/v4/sports/americanfootball_nfl
2026,2,4aeee070bb6ec60bdfae4dede61b9014,2026-09-20T17:03:51Z,BetRivers,2026-09-20T17:26:41Z,Green Bay Packers,New York Jets,spreads,Green Bay Packers,-2.5,-122,0.54954955,betrivers|4aeee070bb6ec60bdfae4dede61b9014|spreads|event,0.51418382,https://api.the-odds-api.com/v4/sports/americanfootball_nfl
2026,2,4aeee070bb6ec60bdfae4dede61b9014,2026-09-20T17:03:51Z,BetRivers,2026-09-20T17:26:41Z,Green Bay Packers,New York Jets,spreads,New York Jets,2.5,-108,0.51923077,betrivers|4aeee070bb6ec60bdfae4dede61b9014|spreads|event,0.48581618,https://api.the-odds-api.com/v4/sports/americanfootball_nfl
2026,2,4aeee070bb6ec60bdfae4dede61b9014,2026-09-20T17:03:51Z,BetRivers,2026-09-20T17:26:41Z,Green Bay Packers,New York Jets,totals,Over,40.5,-113,0.53051643,betrivers|4aeee070bb6ec60bdfae4dede61b9014|totals|40.5,0.49896831,https://api.the-odds-api.com/v4/sports/americanfootball_nfl
2026,2,4aeee070bb6ec60bdfae4dede61b9014,2026-09-20T17:03:51Z,BetRivers,2026-09-20T17:26:41Z,Green Bay Packers,New York Jets,totals,Under,40.5,-114,0.53271028,betrivers|4aeee070bb6ec60bdfae4dede61b9014|totals|40.5,0.50103169,https://api.the-odds-api.com/v4/sports/americanfootball_nfl
2026,2,4aeee070bb6ec60bdfae4dede61b9014,2026-09-20T17:03:51Z,BetMGM,2026-09-20T17:27:02Z,Green Bay Packers,New York Jets,h2h,Green Bay Packers,,-150,0.6,betmgm|4aeee070bb6ec60bdfae4dede61b9014|h2h|event,0.57446809,https://api.the-odds-api.com/v4/sports/americanfootball_nfl
2026,2,4aeee070bb6ec60bdfae4dede61b9014,2026-09-20T17:03:51Z,BetMGM,2026-09-20T17:27:02Z,Green Bay Packers,New York Jets,h2h,New York Jets,,125,0.44444444,betmgm|4aeee070bb6ec60bdfae4dede61b9014|h2h|event,0.42553191,https://api.the-odds-api.com/v4/sports/americanfootball_nfl
2026,2,4aeee070bb6ec60bdfae4dede61b9014,2026-09-20T17:03:51Z,BetMGM,2026-09-20T17:27:02Z,Green Bay Packers,New York Jets,spreads,Green Bay Packers,-2.5,-130,0.56521739,betmgm|4aeee070bb6ec60bdfae4dede61b9014|spreads|event,0.52815768,https://api.the-odds-api.com/v4/sports/americanfootball_nfl
2026,2,4aeee070bb6ec60bdfae4dede61b9014,2026-09-20T17:03:51Z,BetMGM,2026-09-20T17:27:02Z,Green Bay Packers,New York Jets,spreads,New York Jets,2.5,-102,0.5049505,betmgm|4aeee070bb6ec60bdfae4dede61b9014|spreads|event,0.47184232,https://api.the-odds-api.com/v4/sports/americanfootball_nfl
2026,2,4aeee070bb6ec60bdfae4dede61b9014,2026-09-20T17:03:51Z,BetMGM,2026-09-20T17:27:02Z,Green Bay Packers,New York Jets,totals,Over,38.5,-120,0.54545455,betmgm|4aeee070bb6ec60bdfae4dede61b9014|totals|38.5,0.51012146,https://api.the-odds-api.com/v4/sports/americanfootball_nfl
2026,2,4aeee070bb6ec60bdfae4dede61b9014,2026-09-20T17:03:51Z,BetMGM,2026-09-20T17:27:02Z,Green Bay Packers,New York Jets,totals,Under,38.5,-110,0.52380952,betmgm|4aeee070bb6ec60bdfae4dede61b9014|totals|38.5,0.48987854,https://api.the-odds-api.com/v4/sports/americanfootball_nfl
2026,2,4aeee070bb6ec60bdfae4dede61b9014,2026-09-20T17:03:51Z,Bovada,2026-09-20T17:25:42Z,Green Bay Packers,New York Jets,h2h,Green Bay Packers,,-125,0.55555556,bovada|4aeee070bb6ec60bdfae4dede61b9014|h2h|event,0.52030457,https://api.the-odds-api.com/v4/sports/americanfootball_nfl
2026,2,4aeee070bb6ec60bdfae4dede61b9014,2026-09-20T17:03:51Z,Bovada,2026-09-20T17:25:42Z,Green Bay Packers,New York Jets,h2h,New York Jets,,-105,0.51219512,bovada|4aeee070bb6ec60bdfae4dede61b9014|h2h|event,0.47969543,https://api.the-odds-api.com/v4/sports/americanfootball_nfl
2026,2,4aeee070bb6ec60bdfae4dede61b9014,2026-09-20T17:03:51Z,Bovada,2026-09-20T17:25:42Z,Green Bay Packers,New York Jets,spreads,Green Bay Packers,-1.0,-110,0.52380952,bovada|4aeee070bb6ec60bdfae4dede61b9014|spreads|event,0.48987854,https://api.the-odds-api.com/v4/sports/americanfootball_nfl
2026,2,4aeee070bb6ec60bdfae4dede61b9014,2026-09-20T17:03:51Z,Bovada,2026-09-20T17:25:42Z,Green Bay Packers,New York Jets,spreads,New York Jets,1.0,-120,0.54545455,bovada|4aeee070bb6ec60bdfae4dede61b9014|spreads|event,0.51012146,https://api.the-odds-api.com/v4/sports/americanfootball_nfl
2026,2,4aeee070bb6ec60bdfae4dede61b9014,2026-09-20T17:03:51Z,Bovada,2026-09-20T17:25:42Z,Green Bay Packers,New York Jets,totals,Over,41.0,-115,0.53488372,bovada|4aeee070bb6ec60bdfae4dede61b9014|totals|41.0,0.5,https://api.the-odds-api.com/v4/sports/americanfootball_nfl
2026,2,4aeee070bb6ec60bdfae4dede61b9014,2026-09-20T17:03:51Z,Bovada,2026-09-20T17:25:42Z,Green Bay Packers,New York Jets,totals,Under,41.0,-115,0.53488372,bovada|4aeee070bb6ec60bdfae4dede61b9014|totals|41.0,0.5,https://api.the-odds-api.com/v4/sports/americanfootball_nfl
2026,2,1fd6628c781f556a7a19638e97d7107f,2026-09-20T20:05:00Z,DraftKings,2026-09-20T17:27:02Z,Jacksonville Jaguars,Denver Broncos,h2h,Denver Broncos,,-148,0.59677419,draftkings|1fd6628c781f556a7a19638e97d7107f|h2h|event,0.57205963,https://api.the-odds-api.com/v4/sports/americanfootball_nfl
2026,2,1fd6628c781f556a7a19638e97d7107f,2026-09-20T20:05:00Z,DraftKings,2026-09-20T17:27:02Z,Jacksonville Jaguars,Denver Broncos,h2h,Jacksonville Jaguars,,124,0.44642857,draftkings|1fd6628c781f556a7a19638e97d7107f|h2h|event,0.42794037,https://api.the-odds-api.com/v4/sports/americanfootball_nfl
2026,2,1fd6628c781f556a7a19638e97d7107f,2026-09-20T20:05:00Z,DraftKings,2026-09-20T17:27:02Z,Jacksonville Jaguars,Denver Broncos,spreads,Denver Broncos,-2.5,-115,0.53488372,draftkings|1fd6628c781f556a7a19638e97d7107f|spreads|event,0.51083424,https://api.the-odds-api.com/v4/sports/americanfootball_nfl
2026,2,1fd6628c781f556a7a19638e97d7107f,2026-09-20T20:05:00Z,DraftKings,2026-09-20T17:27:02Z,Jacksonville Jaguars,Denver Broncos,spreads,Jacksonville Jaguars,2.5,-105,0.51219512,draftkings|1fd6628c781f556a7a19638e97d7107f|spreads|event,0.48916576,https://api.the-odds-api.com/v4/sports/americanfootball_nfl
2026,2,1fd6628c781f556a7a19638e97d7107f,2026-09-20T20:05:00Z,DraftKings,2026-09-20T17:27:02Z,Jacksonville Jaguars,Denver Broncos,totals,Over,45.5,-110,0.52380952,draftkings|1fd6628c781f556a7a19638e97d7107f|totals|45.5,0.5,https://api.the-odds-api.com/v4/sports/americanfootball_nfl
2026,2,1fd6628c781f556a7a19638e97d7107f,2026-09-20T20:05:00Z,DraftKings,2026-09-20T17:27:02Z,Jacksonville Jaguars,Denver Broncos,totals,Under,45.5,-110,0.52380952,draftkings|1fd6628c781f556a7a19638e97d7107f|totals|45.5,0.5,https://api.the-odds-api.com/v4/sports/americanfootball_nfl
2026,2,1fd6628c781f556a7a19638e97d7107f,2026-09-20T20:05:00Z,BetUS,2026-09-20T17:26:42Z,Jacksonville Jaguars,Denver Broncos,h2h,Denver Broncos,,-145,0.59183673,betus|1fd6628c781f556a7a19638e97d7107f|h2h|event,0.57111597,https://api.the-odds-api.com/v4/sports/americanfootball_nfl
2026,2,1fd6628c781f556a7a19638e97d7107f,2026-09-20T20:05:00Z,BetUS,2026-09-20T17:26:42Z,Jacksonville Jaguars,Denver Broncos,h2h,Jacksonville Jaguars,,125,0.44444444,betus|1fd6628c781f556a7a19638e97d7107f|h2h|event,0.42888403,https://api.the-odds-api.com/v4/sports/americanfootball_nfl
2026,2,1fd6628c781f556a7a19638e97d7107f,2026-09-20T20:05:00Z,BetUS,2026-09-20T17:26:42Z,Jacksonville Jaguars,Denver Broncos,spreads,Denver Broncos,-3.0,105,0.48780488,betus|1fd6628c781f556a7a19638e97d7107f|spreads|event,0.46753247,https://api.the-odds-api.com/v4/sports/americanfootball_nfl
2026,2,1fd6628c781f556a7a19638e97d7107f,2026-09-20T20:05:00Z,BetUS,2026-09-20T17:26:42Z,Jacksonville Jaguars,Denver Broncos,spreads,Jacksonville Jaguars,3.0,-125,0.55555556,betus|1fd6628c781f556a7a19638e97d7107f|spreads|event,0.53246753,https://api.the-odds-api.com/v4/sports/americanfootball_nfl
2026,2,1fd6628c781f556a7a19638e97d7107f,2026-09-20T20:05:00Z,BetUS,2026-09-20T17:26:42Z,Jacksonville Jaguars,Denver Broncos,totals,Over,45.5,-115,0.53488372,betus|1fd6628c781f556a7a19638e97d7107f|totals|45.5,0.51083424,https://api.the-odds-api.com/v4/sports/americanfootball_nfl
2026,2,1fd6628c781f556a7a19638e97d7107f,2026-09-20T20:05:00Z,BetUS,2026-09-20T17:26:42Z,Jacksonville Jaguars,Denver Broncos,totals,Under,45.5,-105,0.51219512,betus|1fd6628c781f556a7a19638e97d7107f|totals|45.5,0.48916576,https://api.the-odds-api.com/v4/sports/americanfootball_nfl
2026,2,1fd6628c781f556a7a19638e97d7107f,2026-09-20T20:05:00Z,MyBookie.ag,2026-09-20T17:25:37Z,Jacksonville Jaguars,Denver Broncos,h2h,Denver Broncos,,-148,0.59677419,mybookieag|1fd6628c781f556a7a19638e97d7107f|h2h|event,0.57314974,https://api.the-odds-api.com/v4/sports/americanfootball_nfl
2026,2,1fd6628c781f556a7a19638e97d7107f,2026-09-20T20:05:00Z,MyBookie.ag,2026-09-20T17:25:37Z,Jacksonville Jaguars,Denver Broncos,h2h,Jacksonville Jaguars,,125,0.44444444,mybookieag|1fd6628c781f556a7a19638e97d7107f|h2h|event,0.42685026,https://api.the-odds-api.com/v4/sports/americanfootball_nfl
2026,2,1fd6628c781f556a7a19638e97d7107f,2026-09-20T20:05:00Z,MyBookie.ag,2026-09-20T17:25:37Z,Jacksonville Jaguars,Denver Broncos,spreads,Denver Broncos,-2.5,-120,0.54545455,mybookieag|1fd6628c781f556a7a19638e97d7107f|spreads|event,0.52173913,https://api.the-odds-api.com/v4/sports/americanfootball_nfl
2026,2,1fd6628c781f556a7a19638e97d7107f,2026-09-20T20:05:00Z,MyBookie.ag,2026-09-20T17:25:37Z,Jacksonville Jaguars,Denver Broncos,spreads,Jacksonville Jaguars,2.5,100,0.5,mybookieag|1fd6628c781f556a7a19638e97d7107f|spreads|event,0.47826087,https://api.the-odds-api.com/v4/sports/americanfootball_nfl
2026,2,1fd6628c781f556a7a19638e97d7107f,2026-09-20T20:05:00Z,MyBookie.ag,2026-09-20T17:25:37Z,Jacksonville Jaguars,Denver Broncos,totals,Over,45.5,-110,0.52380952,mybookieag|1fd6628c781f556a7a19638e97d7107f|totals|45.5,0.5,https://api.the-odds-api.com/v4/sports/americanfootball_nfl
2026,2,1fd6628c781f556a7a19638e97d7107f,2026-09-20T20:05:00Z,MyBookie.ag,2026-09-20T17:25:37Z,Jacksonville Jaguars,Denver Broncos,totals,Under,45.5,-110,0.52380952,mybookieag|1fd6628c781f556a7a19638e97d7107f|totals|45.5,0.5,https://api.the-odds-api.com/v4/sports/americanfootball_nfl
2026,2,1fd6628c781f556a7a19638e97d7107f,2026-09-20T20:05:00Z,LowVig.ag,2026-09-20T17:27:03Z,Jacksonville Jaguars,Denver Broncos,h2h,Denver Broncos,,-142,0.58677686,lowvig|1fd6628c781f556a7a19638e97d7107f|h2h|event,0.56571675,https://api.the-odds-api.com/v4/sports/americanfootball_nfl
2026,2,1fd6628c781f556a7a19638e97d7107f,2026-09-20T20:05:00Z,LowVig.ag,2026-09-20T17:27:03Z,Jacksonville Jaguars,Denver Broncos,h2h,Jacksonville Jaguars,,122,0.45045045,lowvig|1fd6628c781f556a7a19638e97d7107f|h2h|event,0.43428325,https://api.the-odds-api.com/v4/sports/americanfootball_nfl
2026,2,1fd6628c781f556a7a19638e97d7107f,2026-09-20T20:05:00Z,LowVig.ag,2026-09-20T17:27:03Z,Jacksonville Jaguars,Denver Broncos,spreads,Denver Broncos,-2.5,-114,0.53271028,lowvig|1fd6628c781f556a7a19638e97d7107f|spreads|event,0.51955458,https://api.the-odds-api.com/v4/sports/americanfootball_nfl
2026,2,1fd6628c781f556a7a19638e97d7107f,2026-09-20T20:05:00Z,LowVig.ag,2026-09-20T17:27:03Z,Jacksonville Jaguars,Denver Broncos,spreads,Jacksonville Jaguars,2.5,103,0.49261084,lowvig|1fd6628c781f556a7a19638e97d7107f|spreads|event,0.48044542,https://api.the-odds-api.com/v4/sports/americanfootball_nfl
2026,2,1fd6628c781f556a7a19638e97d7107f,2026-09-20T20:05:00Z,LowVig.ag,2026-09-20T17:27:03Z,Jacksonville Jaguars,Denver Broncos,totals,Over,45.5,-113,0.53051643,lowvig|1fd6628c781f556a7a19638e97d7107f|totals|45.5,0.51234512,https://api.the-odds-api.com/v4/sports/americanfootball_nfl
2026,2,1fd6628c781f556a7a19638e97d7107f,2026-09-20T20:05:00Z,LowVig.ag,2026-09-20T17:27:03Z,Jacksonville Jaguars,Denver Broncos,totals,Under,45.5,-102,0.5049505,lowvig|1fd6628c781f556a7a19638e97d7107f|totals|45.5,0.48765488,https://api.the-odds-api.com/v4/sports/americanfootball_nfl
2026,2,1fd6628c781f556a7a19638e97d7107f,2026-09-20T20:05:00Z,BetOnline.ag,2026-09-20T17:26:40Z,Jacksonville Jaguars,Denver Broncos,h2h,Denver Broncos,,-142,0.58677686,betonlineag|1fd6628c781f556a7a19638e97d7107f|h2h|event,0.56571675,https://api.the-odds-api.com/v4/sports/americanfootball_nfl
2026,2,1fd6628c781f556a7a19638e97d7107f,2026-09-20T20:05:00Z,BetOnline.ag,2026-09-20T17:26:40Z,Jacksonville Jaguars,Denver Broncos,h2h,Jacksonville Jaguars,,122,0.45045045,betonlineag|1fd6628c781f556a7a19638e97d7107f|h2h|event,0.43428325,https://api.the-odds-api.com/v4/sports/americanfootball_nfl
2026,2,1fd6628c781f556a7a19638e97d7107f,2026-09-20T20:05:00Z,BetOnline.ag,2026-09-20T17:26:40Z,Jacksonville Jaguars,Denver Broncos,spreads,Denver Broncos,-2.5,-119,0.543379,betonlineag|1fd6628c781f556a7a19638e97d7107f|spreads|event,0.51954907,https://api.the-odds-api.com/v4/sports/americanfootball_nfl
2026,2,1fd6628c781f556a7a19638e97d7107f,2026-09-20T20:05:00Z,BetOnline.ag,2026-09-20T17:26:40Z,Jacksonville Jaguars,Denver Broncos,spreads,Jacksonville Jaguars,2.5,-101,0.50248756,betonlineag|1fd6628c781f556a7a19638e97d7107f|spreads|event,0.48045093,https://api.the-odds-api.com/v4/sports/americanfootball_nfl
2026,2,1fd6628c781f556a7a19638e97d7107f,2026-09-20T20:05:00Z,BetOnline.ag,2026-09-20T17:26:40Z,Jacksonville Jaguars,Denver Broncos,totals,Over,45.5,-115,0.53488372,betonlineag|1fd6628c781f556a7a19638e97d7107f|totals|45.5,0.51083424,https://api.the-odds-api.com/v4/sports/americanfootball_nfl
2026,2,1fd6628c781f556a7a19638e97d7107f,2026-09-20T20:05:00Z,BetOnline.ag,2026-09-20T17:26:40Z,Jacksonville Jaguars,Denver Broncos,totals,Under,45.5,-105,0.51219512,betonlineag|1fd6628c781f556a7a19638e97d7107f|totals|45.5,0.48916576,https://api.the-odds-api.com/v4/sports/americanfootball_nfl
2026,2,1fd6628c781f556a7a19638e97d7107f,2026-09-20T20:05:00Z,FanDuel,2026-09-20T17:27:03Z,Jacksonville Jaguars,Denver Broncos,h2h,Denver Broncos,,-148,0.59677419,fanduel|1fd6628c781f556a7a19638e97d7107f|h2h|event,0.5742343,https://api.the-odds-api.com/v4/sports/americanfootball_nfl
2026,2,1fd6628c781f556a7a19638e97d7107f,2026-09-20T20:05:00Z,FanDuel,2026-09-20T17:27:03Z,Jacksonville Jaguars,Denver Broncos,h2h,Jacksonville Jaguars,,126,0.44247788,fanduel|1fd6628c781f556a7a19638e97d7107f|h2h|event,0.4257657,https://api.the-odds-api.com/v4/sports/americanfootball_nfl
2026,2,1fd6628c781f556a7a19638e97d7107f,2026-09-20T20:05:00Z,FanDuel,2026-09-20T17:27:03Z,Jacksonville Jaguars,Denver Broncos,spreads,Denver Broncos,-2.5,-120,0.54545455,fanduel|1fd6628c781f556a7a19638e97d7107f|spreads|event,0.51928021,https://api.the-odds-api.com/v4/sports/americanfootball_nfl
2026,2,1fd6628c781f556a7a19638e97d7107f,2026-09-20T20:05:00Z,FanDuel,2026-09-20T17:27:03Z,Jacksonville Jaguars,Denver Broncos,spreads,Jacksonville Jaguars,2.5,-102,0.5049505,fanduel|1fd6628c781f556a7a19638e97d7107f|spreads|event,0.48071979,https://api.the-odds-api.com/v4/sports/americanfootball_nfl
2026,2,1fd6628c781f556a7a19638e97d7107f,2026-09-20T20:05:00Z,FanDuel,2026-09-20T17:27:03Z,Jacksonville Jaguars,Denver Broncos,totals,Over,45.5,-105,0.51219512,fanduel|1fd6628c781f556a7a19638e97d7107f|totals|45.5,0.48916576,https://api.the-odds-api.com/v4/sports/americanfootball_nfl
2026,2,1fd6628c781f556a7a19638e97d7107f,2026-09-20T20:05:00Z,FanDuel,2026-09-20T17:27:03Z,Jacksonville Jaguars,Denver Broncos,totals,Under,45.5,-115,0.53488372,fanduel|1fd6628c781f556a7a19638e97d7107f|totals|45.5,0.51083424,https://api.the-odds-api.com/v4/sports/americanfootball_nfl
2026,2,1fd6628c781f556a7a19638e97d7107f,2026-09-20T20:05:00Z,BetRivers,2026-09-20T17:26:41Z,Jacksonville Jaguars,Denver Broncos,h2h,Denver Broncos,,-152,0.6031746,betrivers|1fd6628c781f556a7a19638e97d7107f|h2h|event,0.57575758,https://api.the-odds-api.com/v4/sports/americanfootball_nfl
2026,2,1fd6628c781f556a7a19638e97d7107f,2026-09-20T20:05:00Z,BetRivers,2026-09-20T17:26:41Z,Jacksonville Jaguars,Denver Broncos,h2h,Jacksonville Jaguars,,125,0.44444444,betrivers|1fd6628c781f556a7a19638e97d7107f|h2h|event,0.42424242,https://api.the-odds-api.com/v4/sports/americanfootball_nfl
2026,2,1fd6628c781f556a7a19638e97d7107f,2026-09-20T20:05:00Z,BetRivers,2026-09-20T17:26:41Z,Jacksonville Jaguars,Denver Broncos,spreads,Denver Broncos,-2.5,-115,0.53488372,betrivers|1fd6628c781f556a7a19638e97d7107f|spreads|event,0.50968158,https://api.the-odds-api.com/v4/sports/americanfootball_nfl
2026,2,1fd6628c781f556a7a19638e97d7107f,2026-09-20T20:05:00Z,BetRivers,2026-09-20T17:26:41Z,Jacksonville Jaguars,Denver Broncos,spreads,Jacksonville Jaguars,2.5,-106,0.51456311,betrivers|1fd6628c781f556a7a19638e97d7107f|spreads|event,0.49031842,https://api.the-odds-api.com/v4/sports/americanfootball_nfl
2026,2,1fd6628c781f556a7a19638e97d7107f,2026-09-20T20:05:00Z,BetRivers,2026-09-20T17:26:41Z,Jacksonville Jaguars,Denver Broncos,totals,Over,45.0,-110,0.52380952,betrivers|1fd6628c781f556a7a19638e97d7107f|totals|45.0,0.5,https://api.the-odds-api.com/v4/sports/americanfootball_nfl
2026,2,1fd6628c781f556a7a19638e97d7107f,2026-09-20T20:05:00Z,BetRivers,2026-09-20T17:26:41Z,Jacksonville Jaguars,Denver Broncos,totals,Under,45.0,-110,0.52380952,betrivers|1fd6628c781f556a7a19638e97d7107f|totals|45.0,0.5,https://api.the-odds-api.com/v4/sports/americanfootball_nfl
2026,2,1fd6628c781f556a7a19638e97d7107f,2026-09-20T20:05:00Z,BetMGM,2026-09-20T17:27:03Z,Jacksonville Jaguars,Denver Broncos,h2h,Denver Broncos,,-150,0.6,betmgm|1fd6628c781f556a7a19638e97d7107f|h2h|event,0.57446809,https://api.the-odds-api.com/v4/sports/americanfootball_nfl
2026,2,1fd6628c781f556a7a19638e97d7107f,2026-09-20T20:05:00Z,BetMGM,2026-09-20T17:27:03Z,Jacksonville Jaguars,Denver Broncos,h2h,Jacksonville Jaguars,,125,0.44444444,betmgm|1fd6628c781f556a7a19638e97d7107f|h2h|event,0.42553191,https://api.the-odds-api.com/v4/sports/americanfootball_nfl
2026,2,1fd6628c781f556a7a19638e97d7107f,2026-09-20T20:05:00Z,BetMGM,2026-09-20T17:27:03Z,Jacksonville Jaguars,Denver Broncos,spreads,Denver Broncos,-2.5,-118,0.5412844,betmgm|1fd6628c781f556a7a19638e97d7107f|spreads|event,0.51736412,https://api.the-odds-api.com/v4/sports/americanfootball_nfl
2026,2,1fd6628c781f556a7a19638e97d7107f,2026-09-20T20:05:00Z,BetMGM,2026-09-20T17:27:03Z,Jacksonville Jaguars,Denver Broncos,spreads,Jacksonville Jaguars,2.5,-102,0.5049505,betmgm|1fd6628c781f556a7a19638e97d7107f|spreads|event,0.48263588,https://api.the-odds-api.com/v4/sports/americanfootball_nfl
2026,2,1fd6628c781f556a7a19638e97d7107f,2026-09-20T20:05:00Z,BetMGM,2026-09-20T17:27:03Z,Jacksonville Jaguars,Denver Broncos,totals,Over,45.5,-110,0.52380952,betmgm|1fd6628c781f556a7a19638e97d7107f|totals|45.5,0.50219491,https://api.the-odds-api.com/v4/sports/americanfootball_nfl
2026,2,1fd6628c781f556a7a19638e97d7107f,2026-09-20T20:05:00Z,BetMGM,2026-09-20T17:27:03Z,Jacksonville Jaguars,Denver Broncos,totals,Under,45.5,-108,0.51923077,betmgm|1fd6628c781f556a7a19638e97d7107f|totals|45.5,0.49780509,https://api.the-odds-api.com/v4/sports/americanfootball_nfl
2026,2,1fd6628c781f556a7a19638e97d7107f,2026-09-20T20:05:00Z,Bovada,2026-09-20T17:25:42Z,Jacksonville Jaguars,Denver Broncos,h2h,Denver Broncos,,-145,0.59183673,bovada|1fd6628c781f556a7a19638e97d7107f|h2h|event,0.57111597,https://api.the-odds-api.com/v4/sports/americanfootball_nfl
2026,2,1fd6628c781f556a7a19638e97d7107f,2026-09-20T20:05:00Z,Bovada,2026-09-20T17:25:42Z,Jacksonville Jaguars,Denver Broncos,h2h,Jacksonville Jaguars,,125,0.44444444,bovada|1fd6628c781f556a7a19638e97d7107f|h2h|event,0.42888403,https://api.the-odds-api.com/v4/sports/americanfootball_nfl
2026,2,1fd6628c781f556a7a19638e97d7107f,2026-09-20T20:05:00Z,Bovada,2026-09-20T17:25:42Z,Jacksonville Jaguars,Denver Broncos,spreads,Denver Broncos,-2.5,-115,0.53488372,bovada|1fd6628c781f556a7a19638e97d7107f|spreads|event,0.51083424,https://api.the-odds-api.com/v4/sports/americanfootball_nfl
2026,2,1fd6628c781f556a7a19638e97d7107f,2026-09-20T20:05:00Z,Bovada,2026-09-20T17:25:42Z,Jacksonville Jaguars,Denver Broncos,spreads,Jacksonville Jaguars,2.5,-105,0.51219512,bovada|1fd6628c781f556a7a19638e97d7107f|spreads|event,0.48916576,https://api.the-odds-api.com/v4/sports/americanfootball_nfl
2026,2,1fd6628c781f556a7a19638e97d7107f,2026-09-20T20:05:00Z,Bovada,2026-09-20T17:25:42Z,Jacksonville Jaguars,Denver Broncos,totals,Over,45.5,-110,0.52380952,bovada|1fd6628c781f556a7a19638e97d7107f|totals|45.5,0.5,https://api.the-odds-api.com/v4/sports/americanfootball_nfl
2026,2,1fd6628c781f556a7a19638e97d7107f,2026-09-20T20:05:00Z,Bovada,2026-09-20T17:25:42Z,Jacksonville Jaguars,Denver Broncos,totals,Under,45.5,-110,0.52380952,bovada|1fd6628c781f556a7a19638e97d7107f|totals|45.5,0.5,https://api.the-odds-api.com/v4/sports/americanfootball_nfl
2026,2,71b3b83747589efdc5baef2c5cf811bf,2026-09-20T20:05:00Z,DraftKings,2026-09-20T17:27:02Z,Las Vegas Raiders,Los Angeles Chargers,h2h,Las Vegas Raiders,,270,0.27027027,draftkings|71b3b83747589efdc5baef2c5cf811bf|h2h|event,0.25912839,https://api.the-odds-api.com/v4/sports/americanfootball_nfl
2026,2,71b3b83747589efdc5baef2c5cf811bf,2026-09-20T20:05:00Z,DraftKings,2026-09-20T17:27:02Z,Las Vegas Raiders,Los Angeles Chargers,h2h,Los Angeles Chargers,,-340,0.77272727,draftkings|71b3b83747589efdc5baef2c5cf811bf|h2h|event,0.74087161,https://api.the-odds-api.com/v4/sports/americanfootball_nfl
2026,2,71b3b83747589efdc5baef2c5cf811bf,2026-09-20T20:05:00Z,DraftKings,2026-09-20T17:27:02Z,Las Vegas Raiders,Los Angeles Chargers,spreads,Las Vegas Raiders,7.0,-115,0.53488372,draftkings|71b3b83747589efdc5baef2c5cf811bf|spreads|event,0.51083424,https://api.the-odds-api.com/v4/sports/americanfootball_nfl
2026,2,71b3b83747589efdc5baef2c5cf811bf,2026-09-20T20:05:00Z,DraftKings,2026-09-20T17:27:02Z,Las Vegas Raiders,Los Angeles Chargers,spreads,Los Angeles Chargers,-7.0,-105,0.51219512,draftkings|71b3b83747589efdc5baef2c5cf811bf|spreads|event,0.48916576,https://api.the-odds-api.com/v4/sports/americanfootball_nfl
2026,2,71b3b83747589efdc5baef2c5cf811bf,2026-09-20T20:05:00Z,DraftKings,2026-09-20T17:27:02Z,Las Vegas Raiders,Los Angeles Chargers,totals,Over,43.5,-110,0.52380952,draftkings|71b3b83747589efdc5baef2c5cf811bf|totals|43.5,0.5,https://api.the-odds-api.com/v4/sports/americanfootball_nfl
2026,2,71b3b83747589efdc5baef2c5cf811bf,2026-09-20T20:05:00Z,DraftKings,2026-09-20T17:27:02Z,Las Vegas Raiders,Los Angeles Chargers,totals,Under,43.5,-110,0.52380952,draftkings|71b3b83747589efdc5baef2c5cf811bf|totals|43.5,0.5,https://api.the-odds-api.com/v4/sports/americanfootball_nfl
2026,2,71b3b83747589efdc5baef2c5cf811bf,2026-09-20T20:05:00Z,BetUS,2026-09-20T17:26:42Z,Las Vegas Raiders,Los Angeles Chargers,h2h,Las Vegas Raiders,,255,0.28169014,betus|71b3b83747589efdc5baef2c5cf811bf|h2h|event,0.2714333,https://api.the-odds-api.com/v4/sports/americanfootball_nfl
2026,2,71b3b83747589efdc5baef2c5cf811bf,2026-09-20T20:05:00Z,BetUS,2026-09-20T17:26:42Z,Las Vegas Raiders,Los Angeles Chargers,h2h,Los Angeles Chargers,,-310,0.75609756,betus|71b3b83747589efdc5baef2c5cf811bf|h2h|event,0.7285667,https://api.the-odds-api.com/v4/sports/americanfootball_nfl
2026,2,71b3b83747589efdc5baef2c5cf811bf,2026-09-20T20:05:00Z,BetUS,2026-09-20T17:26:42Z,Las Vegas Raiders,Los Angeles Chargers,spreads,Las Vegas Raiders,7.0,-120,0.54545455,betus|71b3b83747589efdc5baef2c5cf811bf|spreads|event,0.52173913,https://api.the-odds-api.com/v4/sports/americanfootball_nfl
2026,2,71b3b83747589efdc5baef2c5cf811bf,2026-09-20T20:05:00Z,BetUS,2026-09-20T17:26:42Z,Las Vegas Raiders,Los Angeles Chargers,spreads,Los Angeles Chargers,-7.0,100,0.5,betus|71b3b83747589efdc5baef2c5cf811bf|spreads|event,0.47826087,https://api.the-odds-api.com/v4/sports/americanfootball_nfl
2026,2,71b3b83747589efdc5baef2c5cf811bf,2026-09-20T20:05:00Z,BetUS,2026-09-20T17:26:42Z,Las Vegas Raiders,Los Angeles Chargers,totals,Over,43.5,-110,0.52380952,betus|71b3b83747589efdc5baef2c5cf811bf|totals|43.5,0.5,https://api.the-odds-api.com/v4/sports/americanfootball_nfl
2026,2,71b3b83747589efdc5baef2c5cf811bf,2026-09-20T20:05:00Z,BetUS,2026-09-20T17:26:42Z,Las Vegas Raiders,Los Angeles Chargers,totals,Under,43.5,-110,0.52380952,betus|71b3b83747589efdc5baef2c5cf811bf|totals|43.5,0.5,https://api.the-odds-api.com/v4/sports/americanfootball_nfl
2026,2,71b3b83747589efdc5baef2c5cf811bf,2026-09-20T20:05:00Z,MyBookie.ag,2026-09-20T17:25:37Z,Las Vegas Raiders,Los Angeles Chargers,h2h,Las Vegas Raiders,,255,0.28169014,mybookieag|71b3b83747589efdc5baef2c5cf811bf|h2h|event,0.2714333,https://api.the-odds-api.com/v4/sports/americanfootball_nfl
2026,2,71b3b83747589efdc5baef2c5cf811bf,2026-09-20T20:05:00Z,MyBookie.ag,2026-09-20T17:25:37Z,Las Vegas Raiders,Los Angeles Chargers,h2h,Los Angeles Chargers,,-310,0.75609756,mybookieag|71b3b83747589efdc5baef2c5cf811bf|h2h|event,0.7285667,https://api.the-odds-api.com/v4/sports/americanfootball_nfl
2026,2,71b3b83747589efdc5baef2c5cf811bf,2026-09-20T20:05:00Z,MyBookie.ag,2026-09-20T17:25:37Z,Las Vegas Raiders,Los Angeles Chargers,spreads,Las Vegas Raiders,6.5,-105,0.51219512,mybookieag|71b3b83747589efdc5baef2c5cf811bf|spreads|event,0.48916576,https://api.the-odds-api.com/v4/sports/americanfootball_nfl
2026,2,71b3b83747589efdc5baef2c5cf811bf,2026-09-20T20:05:00Z,MyBookie.ag,2026-09-20T17:25:37Z,Las Vegas Raiders,Los Angeles Chargers,spreads,Los Angeles Chargers,-6.5,-115,0.53488372,mybookieag|71b3b83747589efdc5baef2c5cf811bf|spreads|event,0.51083424,https://api.the-odds-api.com/v4/sports/americanfootball_nfl
2026,2,71b3b83747589efdc5baef2c5cf811bf,2026-09-20T20:05:00Z,MyBookie.ag,2026-09-20T17:25:37Z,Las Vegas Raiders,Los Angeles Chargers,totals,Over,43.5,-110,0.52380952,mybookieag|71b3b83747589efdc5baef2c5cf811bf|totals|43.5,0.5,https://api.the-odds-api.com/v4/sports/americanfootball_nfl
2026,2,71b3b83747589efdc5baef2c5cf811bf,2026-09-20T20:05:00Z,MyBookie.ag,2026-09-20T17:25:37Z,Las Vegas Raiders,Los Angeles Chargers,totals,Under,43.5,-110,0.52380952,mybookieag|71b3b83747589efdc5baef2c5cf811bf|totals|43.5,0.5,https://api.the-odds-api.com/v4/sports/americanfootball_nfl
2026,2,71b3b83747589efdc5baef2c5cf811bf,2026-09-20T20:05:00Z,LowVig.ag,2026-09-20T17:27:03Z,Las Vegas Raiders,Los Angeles Chargers,h2h,Las Vegas Raiders,,254,0.28248588,lowvig|71b3b83747589efdc5baef2c5cf811bf|h2h|event,0.27168179,https://api.the-odds-api.com/v4/sports/americanfootball_nfl
2026,2,71b3b83747589efdc5baef2c5cf811bf,2026-09-20T20:05:00Z,LowVig.ag,2026-09-20T17:27:03Z,Las Vegas Raiders,Los Angeles Chargers,h2h,Los Angeles Chargers,,-312,0.75728155,lowvig|71b3b83747589efdc5baef2c5cf811bf|h2h|event,0.72831821,https://api.the-odds-api.com/v4/sports/americanfootball_nfl
2026,2,71b3b83747589efdc5baef2c5cf811bf,2026-09-20T20:05:00Z,LowVig.ag,2026-09-20T17:27:03Z,Las Vegas Raiders,Los Angeles Chargers,spreads,Las Vegas Raiders,6.5,-102,0.5049505,lowvig|71b3b83747589efdc5baef2c5cf811bf|spreads|event,0.49302845,https://api.the-odds-api.com/v4/sports/americanfootball_nfl
2026,2,71b3b83747589efdc5baef2c5cf811bf,2026-09-20T20:05:00Z,LowVig.ag,2026-09-20T17:27:03Z,Las Vegas Raiders,Los Angeles Chargers,spreads,Los Angeles Chargers,-6.5,-108,0.51923077,lowvig|71b3b83747589efdc5baef2c5cf811bf|spreads|event,0.50697155,https://api.the-odds-api.com/v4/sports/americanfootball_nfl
2026,2,71b3b83747589efdc5baef2c5cf811bf,2026-09-20T20:05:00Z,LowVig.ag,2026-09-20T17:27:03Z,Las Vegas Raiders,Los Angeles Chargers,totals,Over,43.5,-107,0.51690821,lowvig|71b3b83747589efdc5baef2c5cf811bf|totals|43.5,0.5,https://api.the-odds-api.com/v4/sports/americanfootball_nfl
2026,2,71b3b83747589efdc5baef2c5cf811bf,2026-09-20T20:05:00Z,LowVig.ag,2026-09-20T17:27:03Z,Las Vegas Raiders,Los Angeles Chargers,totals,Under,43.5,-107,0.51690821,lowvig|71b3b83747589efdc5baef2c5cf811bf|totals|43.5,0.5,https://api.the-odds-api.com/v4/sports/americanfootball_nfl
2026,2,71b3b83747589efdc5baef2c5cf811bf,2026-09-20T20:05:00Z,BetOnline.ag,2026-09-20T17:26:40Z,Las Vegas Raiders,Los Angeles Chargers,h2h,Las Vegas Raiders,,254,0.28248588,betonlineag|71b3b83747589efdc5baef2c5cf811bf|h2h|event,0.27168179,https://api.the-odds-api.com/v4/sports/americanfootball_nfl
2026,2,71b3b83747589efdc5baef2c5cf811bf,2026-09-20T20:05:00Z,BetOnline.ag,2026-09-20T17:26:40Z,Las Vegas Raiders,Los Angeles Chargers,h2h,Los Angeles Chargers,,-312,0.75728155,betonlineag|71b3b83747589efdc5baef2c5cf811bf|h2h|event,0.72831821,https://api.the-odds-api.com/v4/sports/americanfootball_nfl
2026,2,71b3b83747589efdc5baef2c5cf811bf,2026-09-20T20:05:00Z,BetOnline.ag,2026-09-20T17:26:40Z,Las Vegas Raiders,Los Angeles Chargers,spreads,Las Vegas Raiders,6.5,-105,0.51219512,betonlineag|71b3b83747589efdc5baef2c5cf811bf|spreads|event,0.48916576,https://api.the-odds-api.com/v4/sports/americanfootball_nfl
2026,2,71b3b83747589efdc5baef2c5cf811bf,2026-09-20T20:05:00Z,BetOnline.ag,2026-09-20T17:26:40Z,Las Vegas Raiders,Los Angeles Chargers,spreads,Los Angeles Chargers,-6.5,-115,0.53488372,betonlineag|71b3b83747589efdc5baef2c5cf811bf|spreads|event,0.51083424,https://api.the-odds-api.com/v4/sports/americanfootball_nfl
2026,2,71b3b83747589efdc5baef2c5cf811bf,2026-09-20T20:05:00Z,BetOnline.ag,2026-09-20T17:26:40Z,Las Vegas Raiders,Los Angeles Chargers,totals,Over,43.5,-110,0.52380952,betonlineag|71b3b83747589efdc5baef2c5cf811bf|totals|43.5,0.5,https://api.the-odds-api.com/v4/sports/americanfootball_nfl
2026,2,71b3b83747589efdc5baef2c5cf811bf,2026-09-20T20:05:00Z,BetOnline.ag,2026-09-20T17:26:40Z,Las Vegas Raiders,Los Angeles Chargers,totals,Under,43.5,-110,0.52380952,betonlineag|71b3b83747589efdc5baef2c5cf811bf|totals|43.5,0.5,https://api.the-odds-api.com/v4/sports/americanfootball_nfl
2026,2,71b3b83747589efdc5baef2c5cf811bf,2026-09-20T20:05:00Z,FanDuel,2026-09-20T17:27:03Z,Las Vegas Raiders,Los Angeles Chargers,h2h,Las Vegas Raiders,,245,0.28985507,fanduel|71b3b83747589efdc5baef2c5cf811bf|h2h|event,0.27874564,https://api.the-odds-api.com/v4/sports/americanfootball_nfl
2026,2,71b3b83747589efdc5baef2c5cf811bf,2026-09-20T20:05:00Z,FanDuel,2026-09-20T17:27:03Z,Las Vegas Raiders,Los Angeles Chargers,h2h,Los Angeles Chargers,,-300,0.75,fanduel|71b3b83747589efdc5baef2c5cf811bf|h2h|event,0.72125436,https://api.the-odds-api.com/v4/sports/americanfootball_nfl
2026,2,71b3b83747589efdc5baef2c5cf811bf,2026-09-20T20:05:00Z,FanDuel,2026-09-20T17:27:03Z,Las Vegas Raiders,Los Angeles Chargers,spreads,Las Vegas Raiders,6.5,-105,0.51219512,fanduel|71b3b83747589efdc5baef2c5cf811bf|spreads|event,0.48916576,https://api.the-odds-api.com/v4/sports/americanfootball_nfl
2026,2,71b3b83747589efdc5baef2c5cf811bf,2026-09-20T20:05:00Z,FanDuel,2026-09-20T17:27:03Z,Las Vegas Raiders,Los Angeles Chargers,spreads,Los Angeles Chargers,-6.5,-115,0.53488372,fanduel|71b3b83747589efdc5baef2c5cf811bf|spreads|event,0.51083424,https://api.the-odds-api.com/v4/sports/americanfootball_nfl
2026,2,71b3b83747589efdc5baef2c5cf811bf,2026-09-20T20:05:00Z,FanDuel,2026-09-20T17:27:03Z,Las Vegas Raiders,Los Angeles Chargers,totals,Over,43.5,-110,0.52380952,fanduel|71b3b83747589efdc5baef2c5cf811bf|totals|43.5,0.5,https://api.the-odds-api.com/v4/sports/americanfootball_nfl
2026,2,71b3b83747589efdc5baef2c5cf811bf,2026-09-20T20:05:00Z,FanDuel,2026-09-20T17:27:03Z,Las Vegas Raiders,Los Angeles Chargers,totals,Under,43.5,-110,0.52380952,fanduel|71b3b83747589efdc5baef2c5cf811bf|totals|43.5,0.5,https://api.the-odds-api.com/v4/sports/americanfootball_nfl
2026,2,71b3b83747589efdc5baef2c5cf811bf,2026-09-20T20:05:00Z,BetRivers,2026-09-20T17:26:41Z,Las Vegas Raiders,Los Angeles Chargers,h2h,Las Vegas Raiders,,245,0.28985507,betrivers|71b3b83747589efdc5baef2c5cf811bf|h2h|event,0.27634426,https://api.the-odds-api.com/v4/sports/americanfootball_nfl
2026,2,71b3b83747589efdc5baef2c5cf811bf,2026-09-20T20:05:00Z,BetRivers,2026-09-20T17:26:41Z,Las Vegas Raiders,Los Angeles Chargers,h2h,Los Angeles Chargers,,-315,0.75903614,betrivers|71b3b83747589efdc5baef2c5cf811bf|h2h|event,0.72365574,https://api.the-odds-api.com/v4/sports/americanfootball_nfl
2026,2,71b3b83747589efdc5baef2c5cf811bf,2026-09-20T20:05:00Z,BetRivers,2026-09-20T17:26:41Z,Las Vegas Raiders,Los Angeles Chargers,spreads,Las Vegas Raiders,6.5,-106,0.51456311,betrivers|71b3b83747589efdc5baef2c5cf811bf|spreads|event,0.49031842,https://api.the-odds-api.com/v4/sports/americanfootball_nfl
2026,2,71b3b83747589efdc5baef2c5cf811bf,2026-09-20T20:05:00Z,BetRivers,2026-09-20T17:26:41Z,Las Vegas Raiders,Los Angeles Chargers,spreads,Los Angeles Chargers,-6.5,-115,0.53488372,betrivers|71b3b83747589efdc5baef2c5cf811bf|spreads|event,0.50968158,https://api.the-odds-api.com/v4/sports/americanfootball_nfl
2026,2,71b3b83747589efdc5baef2c5cf811bf,2026-09-20T20:05:00Z,BetRivers,2026-09-20T17:26:41Z,Las Vegas Raiders,Los Angeles Chargers,totals,Over,43.5,-112,0.52830189,betrivers|71b3b83747589efdc5baef2c5cf811bf|totals|43.5,0.5032247,https://api.the-odds-api.com/v4/sports/americanfootball_nfl
2026,2,71b3b83747589efdc5baef2c5cf811bf,2026-09-20T20:05:00Z,BetRivers,2026-09-20T17:26:41Z,Las Vegas Raiders,Los Angeles Chargers,totals,Under,43.5,-109,0.5215311,betrivers|71b3b83747589efdc5baef2c5cf811bf|totals|43.5,0.4967753,https://api.the-odds-api.com/v4/sports/americanfootball_nfl
2026,2,71b3b83747589efdc5baef2c5cf811bf,2026-09-20T20:05:00Z,BetMGM,2026-09-20T17:27:03Z,Las Vegas Raiders,Los Angeles Chargers,h2h,Las Vegas Raiders,,250,0.28571429,betmgm|71b3b83747589efdc5baef2c5cf811bf|h2h|event,0.27586207,https://api.the-odds-api.com/v4/sports/americanfootball_nfl
2026,2,71b3b83747589efdc5baef2c5cf811bf,2026-09-20T20:05:00Z,BetMGM,2026-09-20T17:27:03Z,Las Vegas Raiders,Los Angeles Chargers,h2h,Los Angeles Chargers,,-300,0.75,betmgm|71b3b83747589efdc5baef2c5cf811bf|h2h|event,0.72413793,https://api.the-odds-api.com/v4/sports/americanfootball_nfl
2026,2,71b3b83747589efdc5baef2c5cf811bf,2026-09-20T20:05:00Z,BetMGM,2026-09-20T17:27:03Z,Las Vegas Raiders,Los Angeles Chargers,spreads,Las Vegas Raiders,6.5,-105,0.51219512,betmgm|71b3b83747589efdc5baef2c5cf811bf|spreads|event,0.48916576,https://api.the-odds-api.com/v4/sports/americanfootball_nfl
2026,2,71b3b83747589efdc5baef2c5cf811bf,2026-09-20T20:05:00Z,BetMGM,2026-09-20T17:27:03Z,Las Vegas Raiders,Los Angeles Chargers,spreads,Los Angeles Chargers,-6.5,-115,0.53488372,betmgm|71b3b83747589efdc5baef2c5cf811bf|spreads|event,0.51083424,https://api.the-odds-api.com/v4/sports/americanfootball_nfl
2026,2,71b3b83747589efdc5baef2c5cf811bf,2026-09-20T20:05:00Z,BetMGM,2026-09-20T17:27:03Z,Las Vegas Raiders,Los Angeles Chargers,totals,Over,43.5,-110,0.52380952,betmgm|71b3b83747589efdc5baef2c5cf811bf|totals|43.5,0.50219491,https://api.the-odds-api.com/v4/sports/americanfootball_nfl
2026,2,71b3b83747589efdc5baef2c5cf811bf,2026-09-20T20:05:00Z,BetMGM,2026-09-20T17:27:03Z,Las Vegas Raiders,Los Angeles Chargers,totals,Under,43.5,-108,0.51923077,betmgm|71b3b83747589efdc5baef2c5cf811bf|totals|43.5,0.49780509,https://api.the-odds-api.com/v4/sports/americanfootball_nfl
2026,2,71b3b83747589efdc5baef2c5cf811bf,2026-09-20T20:05:00Z,Bovada,2026-09-20T17:25:42Z,Las Vegas Raiders,Los Angeles Chargers,h2h,Las Vegas Raiders,,260,0.27777778,bovada|71b3b83747589efdc5baef2c5cf811bf|h2h|event,0.26717557,https://api.the-odds-api.com/v4/sports/americanfootball_nfl
2026,2,71b3b83747589efdc5baef2c5cf811bf,2026-09-20T20:05:00Z,Bovada,2026-09-20T17:25:42Z,Las Vegas Raiders,Los Angeles Chargers,h2h,Los Angeles Chargers,,-320,0.76190476,bovada|71b3b83747589efdc5baef2c5cf811bf|h2h|event,0.73282443,https://api.the-odds-api.com/v4/sports/americanfootball_nfl
2026,2,71b3b83747589efdc5baef2c5cf811bf,2026-09-20T20:05:00Z,Bovada,2026-09-20T17:25:42Z,Las Vegas Raiders,Los Angeles Chargers,spreads,Las Vegas Raiders,7.0,-115,0.53488372,bovada|71b3b83747589efdc5baef2c5cf811bf|spreads|event,0.51083424,https://api.the-odds-api.com/v4/sports/americanfootball_nfl
2026,2,71b3b83747589efdc5baef2c5cf811bf,2026-09-20T20:05:00Z,Bovada,2026-09-20T17:25:42Z,Las Vegas Raiders,Los Angeles Chargers,spreads,Los Angeles Chargers,-7.0,-105,0.51219512,bovada|71b3b83747589efdc5baef2c5cf811bf|spreads|event,0.48916576,https://api.the-odds-api.com/v4/sports/americanfootball_nfl
2026,2,71b3b83747589efdc5baef2c5cf811bf,2026-09-20T20:05:00Z,Bovada,2026-09-20T17:25:42Z,Las Vegas Raiders,Los Angeles Chargers,totals,Over,43.5,-110,0.52380952,bovada|71b3b83747589efdc5baef2c5cf811bf|totals|43.5,0.5,https://api.the-odds-api.com/v4/sports/americanfootball_nfl
2026,2,71b3b83747589efdc5baef2c5cf811bf,2026-09-20T20:05:00Z,Bovada,2026-09-20T17:25:42Z,Las Vegas Raiders,Los Angeles Chargers,totals,Under,43.5,-110,0.52380952,bovada|71b3b83747589efdc5baef2c5cf811bf|totals|43.5,0.5,https://api.the-odds-api.com/v4/sports/americanfootball_nfl
2026,2,4dd8020192a544385db42374e5555303,2026-09-20T20:25:00Z,DraftKings,2026-09-20T17:27:02Z,Seattle Seahawks,Arizona Cardinals,h2h,Arizona Cardinals,,180,0.35714286,draftkings|4dd8020192a544385db42374e5555303|h2h|event,0.34252478,https://api.the-odds-api.com/v4/sports/americanfootball_nfl
2026,2,4dd8020192a544385db42374e5555303,2026-09-20T20:25:00Z,DraftKings,2026-09-20T17:27:02Z,Seattle Seahawks,Arizona Cardinals,h2h,Seattle Seahawks,,-218,0.68553459,draftkings|4dd8020192a544385db42374e5555303|h2h|event,0.65747522,https://api.the-odds-api.com/v4/sports/americanfootball_nfl
2026,2,4dd8020192a544385db42374e5555303,2026-09-20T20:25:00Z,DraftKings,2026-09-20T17:27:02Z,Seattle Seahawks,Arizona Cardinals,spreads,Arizona Cardinals,3.5,100,0.5,draftkings|4dd8020192a544385db42374e5555303|spreads|event,0.47826087,https://api.the-odds-api.com/v4/sports/americanfootball_nfl
2026,2,4dd8020192a544385db42374e5555303,2026-09-20T20:25:00Z,DraftKings,2026-09-20T17:27:02Z,Seattle Seahawks,Arizona Cardinals,spreads,Seattle Seahawks,-3.5,-120,0.54545455,draftkings|4dd8020192a544385db42374e5555303|spreads|event,0.52173913,https://api.the-odds-api.com/v4/sports/americanfootball_nfl
2026,2,4dd8020192a544385db42374e5555303,2026-09-20T20:25:00Z,DraftKings,2026-09-20T17:27:02Z,Seattle Seahawks,Arizona Cardinals,totals,Over,41.5,-105,0.51219512,draftkings|4dd8020192a544385db42374e5555303|totals|41.5,0.48916576,https://api.the-odds-api.com/v4/sports/americanfootball_nfl
2026,2,4dd8020192a544385db42374e5555303,2026-09-20T20:25:00Z,DraftKings,2026-09-20T17:27:02Z,Seattle Seahawks,Arizona Cardinals,totals,Under,41.5,-115,0.53488372,draftkings|4dd8020192a544385db42374e5555303|totals|41.5,0.51083424,https://api.the-odds-api.com/v4/sports/americanfootball_nfl
2026,2,4dd8020192a544385db42374e5555303,2026-09-20T20:25:00Z,BetUS,2026-09-20T17:26:42Z,Seattle Seahawks,Arizona Cardinals,h2h,Arizona Cardinals,,170,0.37037037,betus|4dd8020192a544385db42374e5555303|h2h|event,0.35714286,https://api.the-odds-api.com/v4/sports/americanfootball_nfl
2026,2,4dd8020192a544385db42374e5555303,2026-09-20T20:25:00Z,BetUS,2026-09-20T17:26:42Z,Seattle Seahawks,Arizona Cardinals,h2h,Seattle Seahawks,,-200,0.66666667,betus|4dd8020192a544385db42374e5555303|h2h|event,0.64285714,https://api.the-odds-api.com/v4/sports/americanfootball_nfl
2026,2,4dd8020192a544385db42374e5555303,2026-09-20T20:25:00Z,BetUS,2026-09-20T17:26:42Z,Seattle Seahawks,Arizona Cardinals,spreads,Arizona Cardinals,4.0,-115,0.53488372,betus|4dd8020192a544385db42374e5555303|spreads|event,0.51083424,https://api.the-odds-api.com/v4/sports/americanfootball_nfl
2026,2,4dd8020192a544385db42374e5555303,2026-09-20T20:25:00Z,BetUS,2026-09-20T17:26:42Z,Seattle Seahawks,Arizona Cardinals,spreads,Seattle Seahawks,-4.0,-105,0.51219512,betus|4dd8020192a544385db42374e5555303|spreads|event,0.48916576,https://api.the-odds-api.com/v4/sports/americanfootball_nfl
2026,2,4dd8020192a544385db42374e5555303,2026-09-20T20:25:00Z,BetUS,2026-09-20T17:26:42Z,Seattle Seahawks,Arizona Cardinals,totals,Over,41.0,-110,0.52380952,betus|4dd8020192a544385db42374e5555303|totals|41.0,0.5,https://api.the-odds-api.com/v4/sports/americanfootball_nfl
2026,2,4dd8020192a544385db42374e5555303,2026-09-20T20:25:00Z,BetUS,2026-09-20T17:26:42Z,Seattle Seahawks,Arizona Cardinals,totals,Under,41.0,-110,0.52380952,betus|4dd8020192a544385db42374e5555303|totals|41.0,0.5,https://api.the-odds-api.com/v4/sports/americanfootball_nfl
2026,2,4dd8020192a544385db42374e5555303,2026-09-20T20:25:00Z,MyBookie.ag,2026-09-20T17:25:37Z,Seattle Seahawks,Arizona Cardinals,h2h,Arizona Cardinals,,176,0.36231884,mybookieag|4dd8020192a544385db42374e5555303|h2h|event,0.34847122,https://api.the-odds-api.com/v4/sports/americanfootball_nfl
2026,2,4dd8020192a544385db42374e5555303,2026-09-20T20:25:00Z,MyBookie.ag,2026-09-20T17:25:37Z,Seattle Seahawks,Arizona Cardinals,h2h,Seattle Seahawks,,-210,0.67741935,mybookieag|4dd8020192a544385db42374e5555303|h2h|event,0.65152878,https://api.the-odds-api.com/v4/sports/americanfootball_nfl
2026,2,4dd8020192a544385db42374e5555303,2026-09-20T20:25:00Z,MyBookie.ag,2026-09-20T17:25:37Z,Seattle Seahawks,Arizona Cardinals,spreads,Arizona Cardinals,4.0,-110,0.52380952,mybookieag|4dd8020192a544385db42374e5555303|spreads|event,0.5,https://api.the-odds-api.com/v4/sports/americanfootball_nfl
2026,2,4dd8020192a544385db42374e5555303,2026-09-20T20:25:00Z,MyBookie.ag,2026-09-20T17:25:37Z,Seattle Seahawks,Arizona Cardinals,spreads,Seattle Seahawks,-4.0,-110,0.52380952,mybookieag|4dd8020192a544385db42374e5555303|spreads|event,0.5,https://api.the-odds-api.com/v4/sports/americanfootball_nfl
2026,2,4dd8020192a544385db42374e5555303,2026-09-20T20:25:00Z,MyBookie.ag,2026-09-20T17:25:37Z,Seattle Seahawks,Arizona Cardinals,totals,Over,40.5,-110,0.52380952,mybookieag|4dd8020192a544385db42374e5555303|totals|40.5,0.5,https://api.the-odds-api.com/v4/sports/americanfootball_nfl
2026,2,4dd8020192a544385db42374e5555303,2026-09-20T20:25:00Z,MyBookie.ag,2026-09-20T17:25:37Z,Seattle Seahawks,Arizona Cardinals,totals,Under,40.5,-110,0.52380952,mybookieag|4dd8020192a544385db42374e5555303|totals|40.5,0.5,https://api.the-odds-api.com/v4/sports/americanfootball_nfl
2026,2,4dd8020192a544385db42374e5555303,2026-09-20T20:25:00Z,LowVig.ag,2026-09-20T17:27:03Z,Seattle Seahawks,Arizona Cardinals,h2h,Arizona Cardinals,,174,0.3649635,lowvig|4dd8020192a544385db42374e5555303|h2h|event,0.35377358,https://api.the-odds-api.com/v4/sports/americanfootball_nfl
2026,2,4dd8020192a544385db42374e5555303,2026-09-20T20:25:00Z,LowVig.ag,2026-09-20T17:27:03Z,Seattle Seahawks,Arizona Cardinals,h2h,Seattle Seahawks,,-200,0.66666667,lowvig|4dd8020192a544385db42374e5555303|h2h|event,0.64622642,https://api.the-odds-api.com/v4/sports/americanfootball_nfl
2026,2,4dd8020192a544385db42374e5555303,2026-09-20T20:25:00Z,LowVig.ag,2026-09-20T17:27:03Z,Seattle Seahawks,Arizona Cardinals,spreads,Arizona Cardinals,4.0,-110,0.52380952,lowvig|4dd8020192a544385db42374e5555303|spreads|event,0.51162791,https://api.the-odds-api.com/v4/sports/americanfootball_nfl
2026,2,4dd8020192a544385db42374e5555303,2026-09-20T20:25:00Z,LowVig.ag,2026-09-20T17:27:03Z,Seattle Seahawks,Arizona Cardinals,spreads,Seattle Seahawks,-4.0,100,0.5,lowvig|4dd8020192a544385db42374e5555303|spreads|event,0.48837209,https://api.the-odds-api.com/v4/sports/americanfootball_nfl
2026,2,4dd8020192a544385db42374e5555303,2026-09-20T20:25:00Z,LowVig.ag,2026-09-20T17:27:03Z,Seattle Seahawks,Arizona Cardinals,totals,Over,40.5,-116,0.53703704,lowvig|4dd8020192a544385db42374e5555303|totals|40.5,0.51910232,https://api.the-odds-api.com/v4/sports/americanfootball_nfl
2026,2,4dd8020192a544385db42374e5555303,2026-09-20T20:25:00Z,LowVig.ag,2026-09-20T17:27:03Z,Seattle Seahawks,Arizona Cardinals,totals,Under,40.5,101,0.49751244,lowvig|4dd8020192a544385db42374e5555303|totals|40.5,0.48089768,https://api.the-odds-api.com/v4/sports/americanfootball_nfl
2026,2,4dd8020192a544385db42374e5555303,2026-09-20T20:25:00Z,BetOnline.ag,2026-09-20T17:26:40Z,Seattle Seahawks,Arizona Cardinals,h2h,Arizona Cardinals,,174,0.3649635,betonlineag|4dd8020192a544385db42374e5555303|h2h|event,0.35377358,https://api.the-odds-api.com/v4/sports/americanfootball_nfl
2026,2,4dd8020192a544385db42374e5555303,2026-09-20T20:25:00Z,BetOnline.ag,2026-09-20T17:26:40Z,Seattle Seahawks,Arizona Cardinals,h2h,Seattle Seahawks,,-200,0.66666667,betonlineag|4dd8020192a544385db42374e5555303|h2h|event,0.64622642,https://api.the-odds-api.com/v4/sports/americanfootball_nfl
2026,2,4dd8020192a544385db42374e5555303,2026-09-20T20:25:00Z,BetOnline.ag,2026-09-20T17:26:40Z,Seattle Seahawks,Arizona Cardinals,spreads,Arizona Cardinals,4.0,-115,0.53488372,betonlineag|4dd8020192a544385db42374e5555303|spreads|event,0.51083424,https://api.the-odds-api.com/v4/sports/americanfootball_nfl
2026,2,4dd8020192a544385db42374e5555303,2026-09-20T20:25:00Z,BetOnline.ag,2026-09-20T17:26:40Z,Seattle Seahawks,Arizona Cardinals,spreads,Seattle Seahawks,-4.0,-105,0.51219512,betonlineag|4dd8020192a544385db42374e5555303|spreads|event,0.48916576,https://api.the-odds-api.com/v4/sports/americanfootball_nfl
2026,2,4dd8020192a544385db42374e5555303,2026-09-20T20:25:00Z,BetOnline.ag,2026-09-20T17:26:40Z,Seattle Seahawks,Arizona Cardinals,totals,Over,40.5,-116,0.53703704,betonlineag|4dd8020192a544385db42374e5555303|totals|40.5,0.51300729,https://api.the-odds-api.com/v4/sports/americanfootball_nfl
2026,2,4dd8020192a544385db42374e5555303,2026-09-20T20:25:00Z,BetOnline.ag,2026-09-20T17:26:40Z,Seattle Seahawks,Arizona Cardinals,totals,Under,40.5,-104,0.50980392,betonlineag|4dd8020192a544385db42374e5555303|totals|40.5,0.48699271,https://api.the-odds-api.com/v4/sports/americanfootball_nfl
2026,2,4dd8020192a544385db42374e5555303,2026-09-20T20:25:00Z,FanDuel,2026-09-20T17:27:03Z,Seattle Seahawks,Arizona Cardinals,h2h,Arizona Cardinals,,176,0.36231884,fanduel|4dd8020192a544385db42374e5555303|h2h|event,0.34847122,https://api.the-odds-api.com/v4/sports/americanfootball_nfl
2026,2,4dd8020192a544385db42374e5555303,2026-09-20T20:25:00Z,FanDuel,2026-09-20T17:27:03Z,Seattle Seahawks,Arizona Cardinals,h2h,Seattle Seahawks,,-210,0.67741935,fanduel|4dd8020192a544385db42374e5555303|h2h|event,0.65152878,https://api.the-odds-api.com/v4/sports/americanfootball_nfl
2026,2,4dd8020192a544385db42374e5555303,2026-09-20T20:25:00Z,FanDuel,2026-09-20T17:27:03Z,Seattle Seahawks,Arizona Cardinals,spreads,Arizona Cardinals,4.5,-120,0.54545455,fanduel|4dd8020192a544385db42374e5555303|spreads|event,0.51928021,https://api.the-odds-api.com/v4/sports/americanfootball_nfl
2026,2,4dd8020192a544385db42374e5555303,2026-09-20T20:25:00Z,FanDuel,2026-09-20T17:27:03Z,Seattle Seahawks,Arizona Cardinals,spreads,Seattle Seahawks,-4.5,-102,0.5049505,fanduel|4dd8020192a544385db42374e5555303|spreads|event,0.48071979,https://api.the-odds-api.com/v4/sports/americanfootball_nfl
2026,2,4dd8020192a544385db42374e5555303,2026-09-20T20:25:00Z,FanDuel,2026-09-20T17:27:03Z,Seattle Seahawks,Arizona Cardinals,totals,Over,41.5,-102,0.5049505,fanduel|4dd8020192a544385db42374e5555303|totals|41.5,0.48071979,https://api.the-odds-api.com/v4/sports/americanfootball_nfl
2026,2,4dd8020192a544385db42374e5555303,2026-09-20T20:25:00Z,FanDuel,2026-09-20T17:27:03Z,Seattle Seahawks,Arizona Cardinals,totals,Under,41.5,-120,0.54545455,fanduel|4dd8020192a544385db42374e5555303|totals|41.5,0.51928021,https://api.the-odds-api.com/v4/sports/americanfootball_nfl
2026,2,4dd8020192a544385db42374e5555303,2026-09-20T20:25:00Z,BetRivers,2026-09-20T17:26:41Z,Seattle Seahawks,Arizona Cardinals,h2h,Arizona Cardinals,,175,0.36363636,betrivers|4dd8020192a544385db42374e5555303|h2h|event,0.34758621,https://api.the-odds-api.com/v4/sports/americanfootball_nfl
2026,2,4dd8020192a544385db42374e5555303,2026-09-20T20:25:00Z,BetRivers,2026-09-20T17:26:41Z,Seattle Seahawks,Arizona Cardinals,h2h,Seattle Seahawks,,-215,0.68253968,betrivers|4dd8020192a544385db42374e5555303|h2h|event,0.65241379,https://api.the-odds-api.com/v4/sports/americanfootball_nfl
2026,2,4dd8020192a544385db42374e5555303,2026-09-20T20:25:00Z,BetRivers,2026-09-20T17:26:41Z,Seattle Seahawks,Arizona Cardinals,spreads,Arizona Cardinals,4.0,-109,0.5215311,betrivers|4dd8020192a544385db42374e5555303|spreads|event,0.4967753,https://api.the-odds-api.com/v4/sports/americanfootball_nfl
2026,2,4dd8020192a544385db42374e5555303,2026-09-20T20:25:00Z,BetRivers,2026-09-20T17:26:41Z,Seattle Seahawks,Arizona Cardinals,spreads,Seattle Seahawks,-4.0,-112,0.52830189,betrivers|4dd8020192a544385db42374e5555303|spreads|event,0.5032247,https://api.the-odds-api.com/v4/sports/americanfootball_nfl
2026,2,4dd8020192a544385db42374e5555303,2026-09-20T20:25:00Z,BetRivers,2026-09-20T17:26:41Z,Seattle Seahawks,Arizona Cardinals,totals,Over,41.0,-110,0.52380952,betrivers|4dd8020192a544385db42374e5555303|totals|41.0,0.5,https://api.the-odds-api.com/v4/sports/americanfootball_nfl
2026,2,4dd8020192a544385db42374e5555303,2026-09-20T20:25:00Z,BetRivers,2026-09-20T17:26:41Z,Seattle Seahawks,Arizona Cardinals,totals,Under,41.0,-110,0.52380952,betrivers|4dd8020192a544385db42374e5555303|totals|41.0,0.5,https://api.the-odds-api.com/v4/sports/americanfootball_nfl
2026,2,4dd8020192a544385db42374e5555303,2026-09-20T20:25:00Z,BetMGM,2026-09-20T17:27:03Z,Seattle Seahawks,Arizona Cardinals,h2h,Arizona Cardinals,,175,0.36363636,betmgm|4dd8020192a544385db42374e5555303|h2h|event,0.34929577,https://api.the-odds-api.com/v4/sports/americanfootball_nfl
2026,2,4dd8020192a544385db42374e5555303,2026-09-20T20:25:00Z,BetMGM,2026-09-20T17:27:03Z,Seattle Seahawks,Arizona Cardinals,h2h,Seattle Seahawks,,-210,0.67741935,betmgm|4dd8020192a544385db42374e5555303|h2h|event,0.65070423,https://api.the-odds-api.com/v4/sports/americanfootball_nfl
2026,2,4dd8020192a544385db42374e5555303,2026-09-20T20:25:00Z,BetMGM,2026-09-20T17:27:03Z,Seattle Seahawks,Arizona Cardinals,spreads,Arizona Cardinals,4.0,-105,0.51219512,betmgm|4dd8020192a544385db42374e5555303|spreads|event,0.5,https://api.the-odds-api.com/v4/sports/americanfootball_nfl
2026,2,4dd8020192a544385db42374e5555303,2026-09-20T20:25:00Z,BetMGM,2026-09-20T17:27:03Z,Seattle Seahawks,Arizona Cardinals,spreads,Seattle Seahawks,-4.0,-105,0.51219512,betmgm|4dd8020192a544385db42374e5555303|spreads|event,0.5,https://api.the-odds-api.com/v4/sports/americanfootball_nfl
2026,2,4dd8020192a544385db42374e5555303,2026-09-20T20:25:00Z,BetMGM,2026-09-20T17:27:03Z,Seattle Seahawks,Arizona Cardinals,totals,Over,41.0,-110,0.52380952,betmgm|4dd8020192a544385db42374e5555303|totals|41.0,0.50219491,https://api.the-odds-api.com/v4/sports/americanfootball_nfl
2026,2,4dd8020192a544385db42374e5555303,2026-09-20T20:25:00Z,BetMGM,2026-09-20T17:27:03Z,Seattle Seahawks,Arizona Cardinals,totals,Under,41.0,-108,0.51923077,betmgm|4dd8020192a544385db42374e5555303|totals|41.0,0.49780509,https://api.the-odds-api.com/v4/sports/americanfootball_nfl
2026,2,4dd8020192a544385db42374e5555303,2026-09-20T20:25:00Z,Bovada,2026-09-20T17:25:42Z,Seattle Seahawks,Arizona Cardinals,h2h,Arizona Cardinals,,165,0.37735849,bovada|4dd8020192a544385db42374e5555303|h2h|event,0.36341238,https://api.the-odds-api.com/v4/sports/americanfootball_nfl
2026,2,4dd8020192a544385db42374e5555303,2026-09-20T20:25:00Z,Bovada,2026-09-20T17:25:42Z,Seattle Seahawks,Arizona Cardinals,h2h,Seattle Seahawks,,-195,0.66101695,bovada|4dd8020192a544385db42374e5555303|h2h|event,0.63658762,https://api.the-odds-api.com/v4/sports/americanfootball_nfl
2026,2,4dd8020192a544385db42374e5555303,2026-09-20T20:25:00Z,Bovada,2026-09-20T17:25:42Z,Seattle Seahawks,Arizona Cardinals,spreads,Arizona Cardinals,3.5,-110,0.52380952,bovada|4dd8020192a544385db42374e5555303|spreads|event,0.5,https://api.the-odds-api.com/v4/sports/americanfootball_nfl
2026,2,4dd8020192a544385db42374e5555303,2026-09-20T20:25:00Z,Bovada,2026-09-20T17:25:42Z,Seattle Seahawks,Arizona Cardinals,spreads,Seattle Seahawks,-3.5,-110,0.52380952,bovada|4dd8020192a544385db42374e5555303|spreads|event,0.5,https://api.the-odds-api.com/v4/sports/americanfootball_nfl
2026,2,4dd8020192a544385db42374e5555303,2026-09-20T20:25:00Z,Bovada,2026-09-20T17:25:42Z,Seattle Seahawks,Arizona Cardinals,totals,Over,41.0,-110,0.52380952,bovada|4dd8020192a544385db42374e5555303|totals|41.0,0.5,https://api.the-odds-api.com/v4/sports/americanfootball_nfl
2026,2,4dd8020192a544385db42374e5555303,2026-09-20T20:25:00Z,Bovada,2026-09-20T17:25:42Z,Seattle Seahawks,Arizona Cardinals,totals,Under,41.0,-110,0.52380952,bovada|4dd8020192a544385db42374e5555303|totals|41.0,0.5,https://api.the-odds-api.com/v4/sports/americanfootball_nfl
2026,2,85ef85098ddd22fe4ecf45e7e3c0a9c0,2026-09-20T20:25:00Z,DraftKings,2026-09-20T17:27:02Z,Washington Commanders,Dallas Cowboys,h2h,Dallas Cowboys,,-225,0.69230769,draftkings|85ef85098ddd22fe4ecf45e7e3c0a9c0|h2h|event,0.66364813,https://api.the-odds-api.com/v4/sports/americanfootball_nfl
2026,2,85ef85098ddd22fe4ecf45e7e3c0a9c0,2026-09-20T20:25:00Z,DraftKings,2026-09-20T17:27:02Z,Washington Commanders,Dallas Cowboys,h2h,Washington Commanders,,185,0.35087719,draftkings|85ef85098ddd22fe4ecf45e7e3c0a9c0|h2h|event,0.33635187,https://api.the-odds-api.com/v4/sports/americanfootball_nfl
2026,2,85ef85098ddd22fe4ecf45e7e3c0a9c0,2026-09-20T20:25:00Z,DraftKings,2026-09-20T17:27:02Z,Washington Commanders,Dallas Cowboys,spreads,Dallas Cowboys,-4.5,-105,0.51219512,draftkings|85ef85098ddd22fe4ecf45e7e3c0a9c0|spreads|event,0.48916576,https://api.the-odds-api.com/v4/sports/americanfootball_nfl
2026,2,85ef85098ddd22fe4ecf45e7e3c0a9c0,2026-09-20T20:25:00Z,DraftKings,2026-09-20T17:27:02Z,Washington Commanders,Dallas Cowboys,spreads,Washington Commanders,4.5,-115,0.53488372,draftkings|85ef85098ddd22fe4ecf45e7e3c0a9c0|spreads|event,0.51083424,https://api.the-odds-api.com/v4/sports/americanfootball_nfl
2026,2,85ef85098ddd22fe4ecf45e7e3c0a9c0,2026-09-20T20:25:00Z,DraftKings,2026-09-20T17:27:02Z,Washington Commanders,Dallas Cowboys,totals,Over,51.5,-102,0.5049505,draftkings|85ef85098ddd22fe4ecf45e7e3c0a9c0|totals|51.5,0.48263588,https://api.the-odds-api.com/v4/sports/americanfootball_nfl
2026,2,85ef85098ddd22fe4ecf45e7e3c0a9c0,2026-09-20T20:25:00Z,DraftKings,2026-09-20T17:27:02Z,Washington Commanders,Dallas Cowboys,totals,Under,51.5,-118,0.5412844,draftkings|85ef85098ddd22fe4ecf45e7e3c0a9c0|totals|51.5,0.51736412,https://api.the-odds-api.com/v4/sports/americanfootball_nfl
2026,2,85ef85098ddd22fe4ecf45e7e3c0a9c0,2026-09-20T20:25:00Z,BetUS,2026-09-20T17:26:42Z,Washington Commanders,Dallas Cowboys,h2h,Dallas Cowboys,,-205,0.67213115,betus|85ef85098ddd22fe4ecf45e7e3c0a9c0|h2h|event,0.64892087,https://api.the-odds-api.com/v4/sports/americanfootball_nfl
2026,2,85ef85098ddd22fe4ecf45e7e3c0a9c0,2026-09-20T20:25:00Z,BetUS,2026-09-20T17:26:42Z,Washington Commanders,Dallas Cowboys,h2h,Washington Commanders,,175,0.36363636,betus|85ef85098ddd22fe4ecf45e7e3c0a9c0|h2h|event,0.35107913,https://api.the-odds-api.com/v4/sports/americanfootball_nfl
2026,2,85ef85098ddd22fe4ecf45e7e3c0a9c0,2026-09-20T20:25:00Z,BetUS,2026-09-20T17:26:42Z,Washington Commanders,Dallas Cowboys,spreads,Dallas Cowboys,-4.0,-110,0.52380952,betus|85ef85098ddd22fe4ecf45e7e3c0a9c0|spreads|event,0.5,https://api.the-odds-api.com/v4/sports/americanfootball_nfl
2026,2,85ef85098ddd22fe4ecf45e7e3c0a9c0,2026-09-20T20:25:00Z,BetUS,2026-09-20T17:26:42Z,Washington Commanders,Dallas Cowboys,spreads,Washington Commanders,4.0,-110,0.52380952,betus|85ef85098ddd22fe4ecf45e7e3c0a9c0|spreads|event,0.5,https://api.the-odds-api.com/v4/sports/americanfootball_nfl
2026,2,85ef85098ddd22fe4ecf45e7e3c0a9c0,2026-09-20T20:25:00Z,BetUS,2026-09-20T17:26:42Z,Washington Commanders,Dallas Cowboys,totals,Over,51.0,-110,0.52380952,betus|85ef85098ddd22fe4ecf45e7e3c0a9c0|totals|51.0,0.5,https://api.the-odds-api.com/v4/sports/americanfootball_nfl
2026,2,85ef85098ddd22fe4ecf45e7e3c0a9c0,2026-09-20T20:25:00Z,BetUS,2026-09-20T17:26:42Z,Washington Commanders,Dallas Cowboys,totals,Under,51.0,-110,0.52380952,betus|85ef85098ddd22fe4ecf45e7e3c0a9c0|totals|51.0,0.5,https://api.the-odds-api.com/v4/sports/americanfootball_nfl
2026,2,85ef85098ddd22fe4ecf45e7e3c0a9c0,2026-09-20T20:25:00Z,MyBookie.ag,2026-09-20T17:25:37Z,Washington Commanders,Dallas Cowboys,h2h,Dallas Cowboys,,-210,0.67741935,mybookieag|85ef85098ddd22fe4ecf45e7e3c0a9c0|h2h|event,0.65152878,https://api.the-odds-api.com/v4/sports/americanfootball_nfl
2026,2,85ef85098ddd22fe4ecf45e7e3c0a9c0,2026-09-20T20:25:00Z,MyBookie.ag,2026-09-20T17:25:37Z,Washington Commanders,Dallas Cowboys,h2h,Washington Commanders,,176,0.36231884,mybookieag|85ef85098ddd22fe4ecf45e7e3c0a9c0|h2h|event,0.34847122,https://api.the-odds-api.com/v4/sports/americanfootball_nfl
2026,2,85ef85098ddd22fe4ecf45e7e3c0a9c0,2026-09-20T20:25:00Z,MyBookie.ag,2026-09-20T17:25:37Z,Washington Commanders,Dallas Cowboys,spreads,Dallas Cowboys,-4.5,100,0.5,mybookieag|85ef85098ddd22fe4ecf45e7e3c0a9c0|spreads|event,0.47826087,https://api.the-odds-api.com/v4/sports/americanfootball_nfl
2026,2,85ef85098ddd22fe4ecf45e7e3c0a9c0,2026-09-20T20:25:00Z,MyBookie.ag,2026-09-20T17:25:37Z,Washington Commanders,Dallas Cowboys,spreads,Washington Commanders,4.5,-120,0.54545455,mybookieag|85ef85098ddd22fe4ecf45e7e3c0a9c0|spreads|event,0.52173913,https://api.the-odds-api.com/v4/sports/americanfootball_nfl
2026,2,85ef85098ddd22fe4ecf45e7e3c0a9c0,2026-09-20T20:25:00Z,MyBookie.ag,2026-09-20T17:25:37Z,Washington Commanders,Dallas Cowboys,totals,Over,51.0,-110,0.52380952,mybookieag|85ef85098ddd22fe4ecf45e7e3c0a9c0|totals|51.0,0.5,https://api.the-odds-api.com/v4/sports/americanfootball_nfl
2026,2,85ef85098ddd22fe4ecf45e7e3c0a9c0,2026-09-20T20:25:00Z,MyBookie.ag,2026-09-20T17:25:37Z,Washington Commanders,Dallas Cowboys,totals,Under,51.0,-110,0.52380952,mybookieag|85ef85098ddd22fe4ecf45e7e3c0a9c0|totals|51.0,0.5,https://api.the-odds-api.com/v4/sports/americanfootball_nfl
2026,2,85ef85098ddd22fe4ecf45e7e3c0a9c0,2026-09-20T20:25:00Z,LowVig.ag,2026-09-20T17:27:03Z,Washington Commanders,Dallas Cowboys,h2h,Dallas Cowboys,,-205,0.67213115,lowvig|85ef85098ddd22fe4ecf45e7e3c0a9c0|h2h|event,0.65056997,https://api.the-odds-api.com/v4/sports/americanfootball_nfl
2026,2,85ef85098ddd22fe4ecf45e7e3c0a9c0,2026-09-20T20:25:00Z,LowVig.ag,2026-09-20T17:27:03Z,Washington Commanders,Dallas Cowboys,h2h,Washington Commanders,,177,0.36101083,lowvig|85ef85098ddd22fe4ecf45e7e3c0a9c0|h2h|event,0.34943003,https://api.the-odds-api.com/v4/sports/americanfootball_nfl
2026,2,85ef85098ddd22fe4ecf45e7e3c0a9c0,2026-09-20T20:25:00Z,LowVig.ag,2026-09-20T17:27:03Z,Washington Commanders,Dallas Cowboys,spreads,Dallas Cowboys,-4.0,-102,0.5049505,lowvig|85ef85098ddd22fe4ecf45e7e3c0a9c0|spreads|event,0.49302845,https://api.the-odds-api.com/v4/sports/americanfootball_nfl
2026,2,85ef85098ddd22fe4ecf45e7e3c0a9c0,2026-09-20T20:25:00Z,LowVig.ag,2026-09-20T17:27:03Z,Washington Commanders,Dallas Cowboys,spreads,Washington Commanders,4.0,-108,0.51923077,lowvig|85ef85098ddd22fe4ecf45e7e3c0a9c0|spreads|event,0.50697155,https://api.the-odds-api.com/v4/sports/americanfootball_nfl
2026,2,85ef85098ddd22fe4ecf45e7e3c0a9c0,2026-09-20T20:25:00Z,LowVig.ag,2026-09-20T17:27:03Z,Washington Commanders,Dallas Cowboys,totals,Over,51.0,-107,0.51690821,lowvig|85ef85098ddd22fe4ecf45e7e3c0a9c0|totals|51.0,0.5,https://api.the-odds-api.com/v4/sports/americanfootball_nfl
2026,2,85ef85098ddd22fe4ecf45e7e3c0a9c0,2026-09-20T20:25:00Z,LowVig.ag,2026-09-20T17:27:03Z,Washington Commanders,Dallas Cowboys,totals,Under,51.0,-107,0.51690821,lowvig|85ef85098ddd22fe4ecf45e7e3c0a9c0|totals|51.0,0.5,https://api.the-odds-api.com/v4/sports/americanfootball_nfl
2026,2,85ef85098ddd22fe4ecf45e7e3c0a9c0,2026-09-20T20:25:00Z,BetOnline.ag,2026-09-20T17:26:40Z,Washington Commanders,Dallas Cowboys,h2h,Dallas Cowboys,,-205,0.67213115,betonlineag|85ef85098ddd22fe4ecf45e7e3c0a9c0|h2h|event,0.65056997,https://api.the-odds-api.com/v4/sports/americanfootball_nfl
2026,2,85ef85098ddd22fe4ecf45e7e3c0a9c0,2026-09-20T20:25:00Z,BetOnline.ag,2026-09-20T17:26:40Z,Washington Commanders,Dallas Cowboys,h2h,Washington Commanders,,177,0.36101083,betonlineag|85ef85098ddd22fe4ecf45e7e3c0a9c0|h2h|event,0.34943003,https://api.the-odds-api.com/v4/sports/americanfootball_nfl
2026,2,85ef85098ddd22fe4ecf45e7e3c0a9c0,2026-09-20T20:25:00Z,BetOnline.ag,2026-09-20T17:26:40Z,Washington Commanders,Dallas Cowboys,spreads,Dallas Cowboys,-4.0,-107,0.51690821,betonlineag|85ef85098ddd22fe4ecf45e7e3c0a9c0|spreads|event,0.49350396,https://api.the-odds-api.com/v4/sports/americanfootball_nfl
2026,2,85ef85098ddd22fe4ecf45e7e3c0a9c0,2026-09-20T20:25:00Z,BetOnline.ag,2026-09-20T17:26:40Z,Washington Commanders,Dallas Cowboys,spreads,Washington Commanders,4.0,-113,0.53051643,betonlineag|85ef85098ddd22fe4ecf45e7e3c0a9c0|spreads|event,0.50649604,https://api.the-odds-api.com/v4/sports/americanfootball_nfl
2026,2,85ef85098ddd22fe4ecf45e7e3c0a9c0,2026-09-20T20:25:00Z,BetOnline.ag,2026-09-20T17:26:40Z,Washington Commanders,Dallas Cowboys,totals,Over,51.0,-110,0.52380952,betonlineag|85ef85098ddd22fe4ecf45e7e3c0a9c0|totals|51.0,0.5,https://api.the-odds-api.com/v4/sports/americanfootball_nfl
2026,2,85ef85098ddd22fe4ecf45e7e3c0a9c0,2026-09-20T20:25:00Z,BetOnline.ag,2026-09-20T17:26:40Z,Washington Commanders,Dallas Cowboys,totals,Under,51.0,-110,0.52380952,betonlineag|85ef85098ddd22fe4ecf45e7e3c0a9c0|totals|51.0,0.5,https://api.the-odds-api.com/v4/sports/americanfootball_nfl
2026,2,85ef85098ddd22fe4ecf45e7e3c0a9c0,2026-09-20T20:25:00Z,FanDuel,2026-09-20T17:27:03Z,Washington Commanders,Dallas Cowboys,h2h,Dallas Cowboys,,-215,0.68253968,fanduel|85ef85098ddd22fe4ecf45e7e3c0a9c0|h2h|event,0.65648855,https://api.the-odds-api.com/v4/sports/americanfootball_nfl
2026,2,85ef85098ddd22fe4ecf45e7e3c0a9c0,2026-09-20T20:25:00Z,FanDuel,2026-09-20T17:27:03Z,Washington Commanders,Dallas Cowboys,h2h,Washington Commanders,,180,0.35714286,fanduel|85ef85098ddd22fe4ecf45e7e3c0a9c0|h2h|event,0.34351145,https://api.the-odds-api.com/v4/sports/americanfootball_nfl
2026,2,85ef85098ddd22fe4ecf45e7e3c0a9c0,2026-09-20T20:25:00Z,FanDuel,2026-09-20T17:27:03Z,Washington Commanders,Dallas Cowboys,spreads,Dallas Cowboys,-4.5,-106,0.51456311,fanduel|85ef85098ddd22fe4ecf45e7e3c0a9c0|spreads|event,0.49133599,https://api.the-odds-api.com/v4/sports/americanfootball_nfl
2026,2,85ef85098ddd22fe4ecf45e7e3c0a9c0,2026-09-20T20:25:00Z,FanDuel,2026-09-20T17:27:03Z,Washington Commanders,Dallas Cowboys,spreads,Washington Commanders,4.5,-114,0.53271028,fanduel|85ef85098ddd22fe4ecf45e7e3c0a9c0|spreads|event,0.50866401,https://api.the-odds-api.com/v4/sports/americanfootball_nfl
2026,2,85ef85098ddd22fe4ecf45e7e3c0a9c0,2026-09-20T20:25:00Z,FanDuel,2026-09-20T17:27:03Z,Washington Commanders,Dallas Cowboys,totals,Over,50.5,-118,0.5412844,fanduel|85ef85098ddd22fe4ecf45e7e3c0a9c0|totals|50.5,0.51497518,https://api.the-odds-api.com/v4/sports/americanfootball_nfl
2026,2,85ef85098ddd22fe4ecf45e7e3c0a9c0,2026-09-20T20:25:00Z,FanDuel,2026-09-20T17:27:03Z,Washington Commanders,Dallas Cowboys,totals,Under,50.5,-104,0.50980392,fanduel|85ef85098ddd22fe4ecf45e7e3c0a9c0|totals|50.5,0.48502482,https://api.the-odds-api.com/v4/sports/americanfootball_nfl
2026,2,85ef85098ddd22fe4ecf45e7e3c0a9c0,2026-09-20T20:25:00Z,BetRivers,2026-09-20T17:26:41Z,Washington Commanders,Dallas Cowboys,h2h,Dallas Cowboys,,-215,0.68253968,betrivers|85ef85098ddd22fe4ecf45e7e3c0a9c0|h2h|event,0.64824121,https://api.the-odds-api.com/v4/sports/americanfootball_nfl
2026,2,85ef85098ddd22fe4ecf45e7e3c0a9c0,2026-09-20T20:25:00Z,BetRivers,2026-09-20T17:26:41Z,Washington Commanders,Dallas Cowboys,h2h,Washington Commanders,,170,0.37037037,betrivers|85ef85098ddd22fe4ecf45e7e3c0a9c0|h2h|event,0.35175879,https://api.the-odds-api.com/v4/sports/americanfootball_nfl
2026,2,85ef85098ddd22fe4ecf45e7e3c0a9c0,2026-09-20T20:25:00Z,BetRivers,2026-09-20T17:26:41Z,Washington Commanders,Dallas Cowboys,spreads,Dallas Cowboys,-4.0,-112,0.52830189,betrivers|85ef85098ddd22fe4ecf45e7e3c0a9c0|spreads|event,0.5032247,https://api.the-odds-api.com/v4/sports/americanfootball_nfl
2026,2,85ef85098ddd22fe4ecf45e7e3c0a9c0,2026-09-20T20:25:00Z,BetRivers,2026-09-20T17:26:41Z,Washington Commanders,Dallas Cowboys,spreads,Washington Commanders,4.0,-109,0.5215311,betrivers|85ef85098ddd22fe4ecf45e7e3c0a9c0|spreads|event,0.4967753,https://api.the-odds-api.com/v4/sports/americanfootball_nfl
2026,2,85ef85098ddd22fe4ecf45e7e3c0a9c0,2026-09-20T20:25:00Z,BetRivers,2026-09-20T17:26:41Z,Washington Commanders,Dallas Cowboys,totals,Over,51.0,-109,0.5215311,betrivers|85ef85098ddd22fe4ecf45e7e3c0a9c0|totals|51.0,0.4967753,https://api.the-odds-api.com/v4/sports/americanfootball_nfl
2026,2,85ef85098ddd22fe4ecf45e7e3c0a9c0,2026-09-20T20:25:00Z,BetRivers,2026-09-20T17:26:41Z,Washington Commanders,Dallas Cowboys,totals,Under,51.0,-112,0.52830189,betrivers|85ef85098ddd22fe4ecf45e7e3c0a9c0|totals|51.0,0.5032247,https://api.the-odds-api.com/v4/sports/americanfootball_nfl
2026,2,85ef85098ddd22fe4ecf45e7e3c0a9c0,2026-09-20T20:25:00Z,BetMGM,2026-09-20T17:27:03Z,Washington Commanders,Dallas Cowboys,h2h,Dallas Cowboys,,-210,0.67741935,betmgm|85ef85098ddd22fe4ecf45e7e3c0a9c0|h2h|event,0.65070423,https://api.the-odds-api.com/v4/sports/americanfootball_nfl
2026,2,85ef85098ddd22fe4ecf45e7e3c0a9c0,2026-09-20T20:25:00Z,BetMGM,2026-09-20T17:27:03Z,Washington Commanders,Dallas Cowboys,h2h,Washington Commanders,,175,0.36363636,betmgm|85ef85098ddd22fe4ecf45e7e3c0a9c0|h2h|event,0.34929577,https://api.the-odds-api.com/v4/sports/americanfootball_nfl
2026,2,85ef85098ddd22fe4ecf45e7e3c0a9c0,2026-09-20T20:25:00Z,BetMGM,2026-09-20T17:27:03Z,Washington Commanders,Dallas Cowboys,spreads,Dallas Cowboys,-4.0,-110,0.52380952,betmgm|85ef85098ddd22fe4ecf45e7e3c0a9c0|spreads|event,0.50219491,https://api.the-odds-api.com/v4/sports/americanfootball_nfl
2026,2,85ef85098ddd22fe4ecf45e7e3c0a9c0,2026-09-20T20:25:00Z,BetMGM,2026-09-20T17:27:03Z,Washington Commanders,Dallas Cowboys,spreads,Washington Commanders,4.0,-108,0.51923077,betmgm|85ef85098ddd22fe4ecf45e7e3c0a9c0|spreads|event,0.49780509,https://api.the-odds-api.com/v4/sports/americanfootball_nfl
2026,2,85ef85098ddd22fe4ecf45e7e3c0a9c0,2026-09-20T20:25:00Z,BetMGM,2026-09-20T17:27:03Z,Washington Commanders,Dallas Cowboys,totals,Over,51.0,-108,0.51923077,betmgm|85ef85098ddd22fe4ecf45e7e3c0a9c0|totals|51.0,0.49780509,https://api.the-odds-api.com/v4/sports/americanfootball_nfl
2026,2,85ef85098ddd22fe4ecf45e7e3c0a9c0,2026-09-20T20:25:00Z,BetMGM,2026-09-20T17:27:03Z,Washington Commanders,Dallas Cowboys,totals,Under,51.0,-110,0.52380952,betmgm|85ef85098ddd22fe4ecf45e7e3c0a9c0|totals|51.0,0.50219491,https://api.the-odds-api.com/v4/sports/americanfootball_nfl
2026,2,85ef85098ddd22fe4ecf45e7e3c0a9c0,2026-09-20T20:25:00Z,Bovada,2026-09-20T17:25:42Z,Washington Commanders,Dallas Cowboys,h2h,Dallas Cowboys,,-210,0.67741935,bovada|85ef85098ddd22fe4ecf45e7e3c0a9c0|h2h|event,0.65070423,https://api.the-odds-api.com/v4/sports/americanfootball_nfl
2026,2,85ef85098ddd22fe4ecf45e7e3c0a9c0,2026-09-20T20:25:00Z,Bovada,2026-09-20T17:25:42Z,Washington Commanders,Dallas Cowboys,h2h,Washington Commanders,,175,0.36363636,bovada|85ef85098ddd22fe4ecf45e7e3c0a9c0|h2h|event,0.34929577,https://api.the-odds-api.com/v4/sports/americanfootball_nfl
2026,2,85ef85098ddd22fe4ecf45e7e3c0a9c0,2026-09-20T20:25:00Z,Bovada,2026-09-20T17:25:42Z,Washington Commanders,Dallas Cowboys,spreads,Dallas Cowboys,-4.0,-115,0.53488372,bovada|85ef85098ddd22fe4ecf45e7e3c0a9c0|spreads|event,0.51083424,https://api.the-odds-api.com/v4/sports/americanfootball_nfl
2026,2,85ef85098ddd22fe4ecf45e7e3c0a9c0,2026-09-20T20:25:00Z,Bovada,2026-09-20T17:25:42Z,Washington Commanders,Dallas Cowboys,spreads,Washington Commanders,4.0,-105,0.51219512,bovada|85ef85098ddd22fe4ecf45e7e3c0a9c0|spreads|event,0.48916576,https://api.the-odds-api.com/v4/sports/americanfootball_nfl
2026,2,85ef85098ddd22fe4ecf45e7e3c0a9c0,2026-09-20T20:25:00Z,Bovada,2026-09-20T17:25:42Z,Washington Commanders,Dallas Cowboys,totals,Over,51.0,-110,0.52380952,bovada|85ef85098ddd22fe4ecf45e7e3c0a9c0|totals|51.0,0.5,https://api.the-odds-api.com/v4/sports/americanfootball_nfl
2026,2,85ef85098ddd22fe4ecf45e7e3c0a9c0,2026-09-20T20:25:00Z,Bovada,2026-09-20T17:25:42Z,Washington Commanders,Dallas Cowboys,totals,Under,51.0,-110,0.52380952,bovada|85ef85098ddd22fe4ecf45e7e3c0a9c0|totals|51.0,0.5,https://api.the-odds-api.com/v4/sports/americanfootball_nfl
2026,2,68bc55903f50af4af4766adcc89fcc61,2026-09-20T20:25:00Z,DraftKings,2026-09-20T17:27:02Z,Miami Dolphins,San Francisco 49ers,h2h,Miami Dolphins,,625,0.13793103,draftkings|68bc55903f50af4af4766adcc89fcc61|h2h|event,0.13228346,https://api.the-odds-api.com/v4/sports/americanfootball_nfl
2026,2,68bc55903f50af4af4766adcc89fcc61,2026-09-20T20:25:00Z,DraftKings,2026-09-20T17:27:02Z,Miami Dolphins,San Francisco 49ers,h2h,San Francisco 49ers,,-950,0.9047619,draftkings|68bc55903f50af4af4766adcc89fcc61|h2h|event,0.86771654,https://api.the-odds-api.com/v4/sports/americanfootball_nfl
2026,2,68bc55903f50af4af4766adcc89fcc61,2026-09-20T20:25:00Z,DraftKings,2026-09-20T17:27:02Z,Miami Dolphins,San Francisco 49ers,spreads,Miami Dolphins,13.5,-110,0.52380952,draftkings|68bc55903f50af4af4766adcc89fcc61|spreads|event,0.5,https://api.the-odds-api.com/v4/sports/americanfootball_nfl
2026,2,68bc55903f50af4af4766adcc89fcc61,2026-09-20T20:25:00Z,DraftKings,2026-09-20T17:27:02Z,Miami Dolphins,San Francisco 49ers,spreads,San Francisco 49ers,-13.5,-110,0.52380952,draftkings|68bc55903f50af4af4766adcc89fcc61|spreads|event,0.5,https://api.the-odds-api.com/v4/sports/americanfootball_nfl
2026,2,68bc55903f50af4af4766adcc89fcc61,2026-09-20T20:25:00Z,DraftKings,2026-09-20T17:27:02Z,Miami Dolphins,San Francisco 49ers,totals,Over,44.5,-115,0.53488372,draftkings|68bc55903f50af4af4766adcc89fcc61|totals|44.5,0.51083424,https://api.the-odds-api.com/v4/sports/americanfootball_nfl
2026,2,68bc55903f50af4af4766adcc89fcc61,2026-09-20T20:25:00Z,DraftKings,2026-09-20T17:27:02Z,Miami Dolphins,San Francisco 49ers,totals,Under,44.5,-105,0.51219512,draftkings|68bc55903f50af4af4766adcc89fcc61|totals|44.5,0.48916576,https://api.the-odds-api.com/v4/sports/americanfootball_nfl
2026,2,68bc55903f50af4af4766adcc89fcc61,2026-09-20T20:25:00Z,BetUS,2026-09-20T17:26:42Z,Miami Dolphins,San Francisco 49ers,h2h,Miami Dolphins,,650,0.13333333,betus|68bc55903f50af4af4766adcc89fcc61|h2h|event,0.12790697,https://api.the-odds-api.com/v4/sports/americanfootball_nfl
2026,2,68bc55903f50af4af4766adcc89fcc61,2026-09-20T20:25:00Z,BetUS,2026-09-20T17:26:42Z,Miami Dolphins,San Francisco 49ers,h2h,San Francisco 49ers,,-1000,0.90909091,betus|68bc55903f50af4af4766adcc89fcc61|h2h|event,0.87209303,https://api.the-odds-api.com/v4/sports/americanfootball_nfl
2026,2,68bc55903f50af4af4766adcc89fcc61,2026-09-20T20:25:00Z,BetUS,2026-09-20T17:26:42Z,Miami Dolphins,San Francisco 49ers,spreads,Miami Dolphins,13.5,-110,0.52380952,betus|68bc55903f50af4af4766adcc89fcc61|spreads|event,0.5,https://api.the-odds-api.com/v4/sports/americanfootball_nfl
2026,2,68bc55903f50af4af4766adcc89fcc61,2026-09-20T20:25:00Z,BetUS,2026-09-20T17:26:42Z,Miami Dolphins,San Francisco 49ers,spreads,San Francisco 49ers,-13.5,-110,0.52380952,betus|68bc55903f50af4af4766adcc89fcc61|spreads|event,0.5,https://api.the-odds-api.com/v4/sports/americanfootball_nfl
2026,2,68bc55903f50af4af4766adcc89fcc61,2026-09-20T20:25:00Z,BetUS,2026-09-20T17:26:42Z,Miami Dolphins,San Francisco 49ers,totals,Over,45.0,-110,0.52380952,betus|68bc55903f50af4af4766adcc89fcc61|totals|45.0,0.5,https://api.the-odds-api.com/v4/sports/americanfootball_nfl
2026,2,68bc55903f50af4af4766adcc89fcc61,2026-09-20T20:25:00Z,BetUS,2026-09-20T17:26:42Z,Miami Dolphins,San Francisco 49ers,totals,Under,45.0,-110,0.52380952,betus|68bc55903f50af4af4766adcc89fcc61|totals|45.0,0.5,https://api.the-odds-api.com/v4/sports/americanfootball_nfl
2026,2,68bc55903f50af4af4766adcc89fcc61,2026-09-20T20:25:00Z,MyBookie.ag,2026-09-20T17:25:37Z,Miami Dolphins,San Francisco 49ers,h2h,Miami Dolphins,,753,0.11723329,mybookieag|68bc55903f50af4af4766adcc89fcc61|h2h|event,0.11314532,https://api.the-odds-api.com/v4/sports/americanfootball_nfl
2026,2,68bc55903f50af4af4766adcc89fcc61,2026-09-20T20:25:00Z,MyBookie.ag,2026-09-20T17:25:37Z,Miami Dolphins,San Francisco 49ers,h2h,San Francisco 49ers,,-1133,0.918897,mybookieag|68bc55903f50af4af4766adcc89fcc61|h2h|event,0.88685468,https://api.the-odds-api.com/v4/sports/americanfootball_nfl
2026,2,68bc55903f50af4af4766adcc89fcc61,2026-09-20T20:25:00Z,MyBookie.ag,2026-09-20T17:25:37Z,Miami Dolphins,San Francisco 49ers,spreads,Miami Dolphins,13.5,-110,0.52380952,mybookieag|68bc55903f50af4af4766adcc89fcc61|spreads|event,0.5,https://api.the-odds-api.com/v4/sports/americanfootball_nfl
2026,2,68bc55903f50af4af4766adcc89fcc61,2026-09-20T20:25:00Z,MyBookie.ag,2026-09-20T17:25:37Z,Miami Dolphins,San Francisco 49ers,spreads,San Francisco 49ers,-13.5,-110,0.52380952,mybookieag|68bc55903f50af4af4766adcc89fcc61|spreads|event,0.5,https://api.the-odds-api.com/v4/sports/americanfootball_nfl
2026,2,68bc55903f50af4af4766adcc89fcc61,2026-09-20T20:25:00Z,MyBookie.ag,2026-09-20T17:25:37Z,Miami Dolphins,San Francisco 49ers,totals,Over,45.0,-110,0.52380952,mybookieag|68bc55903f50af4af4766adcc89fcc61|totals|45.0,0.5,https://api.the-odds-api.com/v4/sports/americanfootball_nfl
2026,2,68bc55903f50af4af4766adcc89fcc61,2026-09-20T20:25:00Z,MyBookie.ag,2026-09-20T17:25:37Z,Miami Dolphins,San Francisco 49ers,totals,Under,45.0,-110,0.52380952,mybookieag|68bc55903f50af4af4766adcc89fcc61|totals|45.0,0.5,https://api.the-odds-api.com/v4/sports/americanfootball_nfl
2026,2,68bc55903f50af4af4766adcc89fcc61,2026-09-20T20:25:00Z,LowVig.ag,2026-09-20T17:27:03Z,Miami Dolphins,San Francisco 49ers,h2h,Miami Dolphins,,686,0.12722646,lowvig|68bc55903f50af4af4766adcc89fcc61|h2h|event,0.12230139,https://api.the-odds-api.com/v4/sports/americanfootball_nfl
2026,2,68bc55903f50af4af4766adcc89fcc61,2026-09-20T20:25:00Z,LowVig.ag,2026-09-20T17:27:03Z,Miami Dolphins,San Francisco 49ers,h2h,San Francisco 49ers,,-1050,0.91304348,lowvig|68bc55903f50af4af4766adcc89fcc61|h2h|event,0.87769861,https://api.the-odds-api.com/v4/sports/americanfootball_nfl
2026,2,68bc55903f50af4af4766adcc89fcc61,2026-09-20T20:25:00Z,LowVig.ag,2026-09-20T17:27:03Z,Miami Dolphins,San Francisco 49ers,spreads,Miami Dolphins,13.0,-101,0.50248756,lowvig|68bc55903f50af4af4766adcc89fcc61|spreads|event,0.49070157,https://api.the-odds-api.com/v4/sports/americanfootball_nfl
2026,2,68bc55903f50af4af4766adcc89fcc61,2026-09-20T20:25:00Z,LowVig.ag,2026-09-20T17:27:03Z,Miami Dolphins,San Francisco 49ers,spreads,San Francisco 49ers,-13.0,-109,0.5215311,lowvig|68bc55903f50af4af4766adcc89fcc61|spreads|event,0.50929843,https://api.the-odds-api.com/v4/sports/americanfootball_nfl
2026,2,68bc55903f50af4af4766adcc89fcc61,2026-09-20T20:25:00Z,LowVig.ag,2026-09-20T17:27:03Z,Miami Dolphins,San Francisco 49ers,totals,Over,45.0,-107,0.51690821,lowvig|68bc55903f50af4af4766adcc89fcc61|totals|45.0,0.5,https://api.the-odds-api.com/v4/sports/americanfootball_nfl
2026,2,68bc55903f50af4af4766adcc89fcc61,2026-09-20T20:25:00Z,LowVig.ag,2026-09-20T17:27:03Z,Miami Dolphins,San Francisco 49ers,totals,Under,45.0,-107,0.51690821,lowvig|68bc55903f50af4af4766adcc89fcc61|totals|45.0,0.5,https://api.the-odds-api.com/v4/sports/americanfootball_nfl
2026,2,68bc55903f50af4af4766adcc89fcc61,2026-09-20T20:25:00Z,BetOnline.ag,2026-09-20T17:26:40Z,Miami Dolphins,San Francisco 49ers,h2h,Miami Dolphins,,686,0.12722646,betonlineag|68bc55903f50af4af4766adcc89fcc61|h2h|event,0.12230139,https://api.the-odds-api.com/v4/sports/americanfootball_nfl
2026,2,68bc55903f50af4af4766adcc89fcc61,2026-09-20T20:25:00Z,BetOnline.ag,2026-09-20T17:26:40Z,Miami Dolphins,San Francisco 49ers,h2h,San Francisco 49ers,,-1050,0.91304348,betonlineag|68bc55903f50af4af4766adcc89fcc61|h2h|event,0.87769861,https://api.the-odds-api.com/v4/sports/americanfootball_nfl
2026,2,68bc55903f50af4af4766adcc89fcc61,2026-09-20T20:25:00Z,BetOnline.ag,2026-09-20T17:26:40Z,Miami Dolphins,San Francisco 49ers,spreads,Miami Dolphins,13.0,-105,0.51219512,betonlineag|68bc55903f50af4af4766adcc89fcc61|spreads|event,0.48916576,https://api.the-odds-api.com/v4/sports/americanfootball_nfl
2026,2,68bc55903f50af4af4766adcc89fcc61,2026-09-20T20:25:00Z,BetOnline.ag,2026-09-20T17:26:40Z,Miami Dolphins,San Francisco 49ers,spreads,San Francisco 49ers,-13.0,-115,0.53488372,betonlineag|68bc55903f50af4af4766adcc89fcc61|spreads|event,0.51083424,https://api.the-odds-api.com/v4/sports/americanfootball_nfl
2026,2,68bc55903f50af4af4766adcc89fcc61,2026-09-20T20:25:00Z,BetOnline.ag,2026-09-20T17:26:40Z,Miami Dolphins,San Francisco 49ers,totals,Over,45.0,-110,0.52380952,betonlineag|68bc55903f50af4af4766adcc89fcc61|totals|45.0,0.5,https://api.the-odds-api.com/v4/sports/americanfootball_nfl
2026,2,68bc55903f50af4af4766adcc89fcc61,2026-09-20T20:25:00Z,BetOnline.ag,2026-09-20T17:26:40Z,Miami Dolphins,San Francisco 49ers,totals,Under,45.0,-110,0.52380952,betonlineag|68bc55903f50af4af4766adcc89fcc61|totals|45.0,0.5,https://api.the-odds-api.com/v4/sports/americanfootball_nfl
2026,2,68bc55903f50af4af4766adcc89fcc61,2026-09-20T20:25:00Z,FanDuel,2026-09-20T17:27:03Z,Miami Dolphins,San Francisco 49ers,h2h,Miami Dolphins,,660,0.13157895,fanduel|68bc55903f50af4af4766adcc89fcc61|h2h|event,0.12643678,https://api.the-odds-api.com/v4/sports/americanfootball_nfl
2026,2,68bc55903f50af4af4766adcc89fcc61,2026-09-20T20:25:00Z,FanDuel,2026-09-20T17:27:03Z,Miami Dolphins,San Francisco 49ers,h2h,San Francisco 49ers,,-1000,0.90909091,fanduel|68bc55903f50af4af4766adcc89fcc61|h2h|event,0.87356322,https://api.the-odds-api.com/v4/sports/americanfootball_nfl
2026,2,68bc55903f50af4af4766adcc89fcc61,2026-09-20T20:25:00Z,FanDuel,2026-09-20T17:27:03Z,Miami Dolphins,San Francisco 49ers,spreads,Miami Dolphins,13.5,-115,0.53488372,fanduel|68bc55903f50af4af4766adcc89fcc61|spreads|event,0.51083424,https://api.the-odds-api.com/v4/sports/americanfootball_nfl
2026,2,68bc55903f50af4af4766adcc89fcc61,2026-09-20T20:25:00Z,FanDuel,2026-09-20T17:27:03Z,Miami Dolphins,San Francisco 49ers,spreads,San Francisco 49ers,-13.5,-105,0.51219512,fanduel|68bc55903f50af4af4766adcc89fcc61|spreads|event,0.48916576,https://api.the-odds-api.com/v4/sports/americanfootball_nfl
2026,2,68bc55903f50af4af4766adcc89fcc61,2026-09-20T20:25:00Z,FanDuel,2026-09-20T17:27:03Z,Miami Dolphins,San Francisco 49ers,totals,Over,45.5,-102,0.5049505,fanduel|68bc55903f50af4af4766adcc89fcc61|totals|45.5,0.48071979,https://api.the-odds-api.com/v4/sports/americanfootball_nfl
2026,2,68bc55903f50af4af4766adcc89fcc61,2026-09-20T20:25:00Z,FanDuel,2026-09-20T17:27:03Z,Miami Dolphins,San Francisco 49ers,totals,Under,45.5,-120,0.54545455,fanduel|68bc55903f50af4af4766adcc89fcc61|totals|45.5,0.51928021,https://api.the-odds-api.com/v4/sports/americanfootball_nfl
2026,2,68bc55903f50af4af4766adcc89fcc61,2026-09-20T20:25:00Z,BetRivers,2026-09-20T17:26:41Z,Miami Dolphins,San Francisco 49ers,h2h,Miami Dolphins,,575,0.14814815,betrivers|68bc55903f50af4af4766adcc89fcc61|h2h|event,0.14120937,https://api.the-odds-api.com/v4/sports/americanfootball_nfl
2026,2,68bc55903f50af4af4766adcc89fcc61,2026-09-20T20:25:00Z,BetRivers,2026-09-20T17:26:41Z,Miami Dolphins,San Francisco 49ers,h2h,San Francisco 49ers,,-910,0.9009901,betrivers|68bc55903f50af4af4766adcc89fcc61|h2h|event,0.85879063,https://api.the-odds-api.com/v4/sports/americanfootball_nfl
2026,2,68bc55903f50af4af4766adcc89fcc61,2026-09-20T20:25:00Z,BetRivers,2026-09-20T17:26:41Z,Miami Dolphins,San Francisco 49ers,spreads,Miami Dolphins,13.0,-112,0.52830189,betrivers|68bc55903f50af4af4766adcc89fcc61|spreads|event,0.5032247,https://api.the-odds-api.com/v4/sports/americanfootball_nfl
2026,2,68bc55903f50af4af4766adcc89fcc61,2026-09-20T20:25:00Z,BetRivers,2026-09-20T17:26:41Z,Miami Dolphins,San Francisco 49ers,spreads,San Francisco 49ers,-13.0,-109,0.5215311,betrivers|68bc55903f50af4af4766adcc89fcc61|spreads|event,0.4967753,https://api.the-odds-api.com/v4/sports/americanfootball_nfl
2026,2,68bc55903f50af4af4766adcc89fcc61,2026-09-20T20:25:00Z,BetRivers,2026-09-20T17:26:41Z,Miami Dolphins,San Francisco 49ers,totals,Over,45.0,-110,0.52380952,betrivers|68bc55903f50af4af4766adcc89fcc61|totals|45.0,0.5,https://api.the-odds-api.com/v4/sports/americanfootball_nfl
2026,2,68bc55903f50af4af4766adcc89fcc61,2026-09-20T20:25:00Z,BetRivers,2026-09-20T17:26:41Z,Miami Dolphins,San Francisco 49ers,totals,Under,45.0,-110,0.52380952,betrivers|68bc55903f50af4af4766adcc89fcc61|totals|45.0,0.5,https://api.the-odds-api.com/v4/sports/americanfootball_nfl
2026,2,68bc55903f50af4af4766adcc89fcc61,2026-09-20T20:25:00Z,BetMGM,2026-09-20T17:27:03Z,Miami Dolphins,San Francisco 49ers,h2h,Miami Dolphins,,675,0.12903226,betmgm|68bc55903f50af4af4766adcc89fcc61|h2h|event,0.12429379,https://api.the-odds-api.com/v4/sports/americanfootball_nfl
2026,2,68bc55903f50af4af4766adcc89fcc61,2026-09-20T20:25:00Z,BetMGM,2026-09-20T17:27:03Z,Miami Dolphins,San Francisco 49ers,h2h,San Francisco 49ers,,-1000,0.90909091,betmgm|68bc55903f50af4af4766adcc89fcc61|h2h|event,0.87570621,https://api.the-odds-api.com/v4/sports/americanfootball_nfl
2026,2,68bc55903f50af4af4766adcc89fcc61,2026-09-20T20:25:00Z,BetMGM,2026-09-20T17:27:03Z,Miami Dolphins,San Francisco 49ers,spreads,Miami Dolphins,13.5,-112,0.52830189,betmgm|68bc55903f50af4af4766adcc89fcc61|spreads|event,0.50432976,https://api.the-odds-api.com/v4/sports/americanfootball_nfl
2026,2,68bc55903f50af4af4766adcc89fcc61,2026-09-20T20:25:00Z,BetMGM,2026-09-20T17:27:03Z,Miami Dolphins,San Francisco 49ers,spreads,San Francisco 49ers,-13.5,-108,0.51923077,betmgm|68bc55903f50af4af4766adcc89fcc61|spreads|event,0.49567024,https://api.the-odds-api.com/v4/sports/americanfootball_nfl
2026,2,68bc55903f50af4af4766adcc89fcc61,2026-09-20T20:25:00Z,BetMGM,2026-09-20T17:27:03Z,Miami Dolphins,San Francisco 49ers,totals,Over,45.0,-108,0.51923077,betmgm|68bc55903f50af4af4766adcc89fcc61|totals|45.0,0.49780509,https://api.the-odds-api.com/v4/sports/americanfootball_nfl
2026,2,68bc55903f50af4af4766adcc89fcc61,2026-09-20T20:25:00Z,BetMGM,2026-09-20T17:27:03Z,Miami Dolphins,San Francisco 49ers,totals,Under,45.0,-110,0.52380952,betmgm|68bc55903f50af4af4766adcc89fcc61|totals|45.0,0.50219491,https://api.the-odds-api.com/v4/sports/americanfootball_nfl
2026,2,68bc55903f50af4af4766adcc89fcc61,2026-09-20T20:25:00Z,Bovada,2026-09-20T17:25:42Z,Miami Dolphins,San Francisco 49ers,h2h,Miami Dolphins,,700,0.125,bovada|68bc55903f50af4af4766adcc89fcc61|h2h|event,0.11926606,https://api.the-odds-api.com/v4/sports/americanfootball_nfl
2026,2,68bc55903f50af4af4766adcc89fcc61,2026-09-20T20:25:00Z,Bovada,2026-09-20T17:25:42Z,Miami Dolphins,San Francisco 49ers,h2h,San Francisco 49ers,,-1200,0.92307692,bovada|68bc55903f50af4af4766adcc89fcc61|h2h|event,0.88073394,https://api.the-odds-api.com/v4/sports/americanfootball_nfl
2026,2,68bc55903f50af4af4766adcc89fcc61,2026-09-20T20:25:00Z,Bovada,2026-09-20T17:25:42Z,Miami Dolphins,San Francisco 49ers,spreads,Miami Dolphins,13.0,-105,0.51219512,bovada|68bc55903f50af4af4766adcc89fcc61|spreads|event,0.48916576,https://api.the-odds-api.com/v4/sports/americanfootball_nfl
2026,2,68bc55903f50af4af4766adcc89fcc61,2026-09-20T20:25:00Z,Bovada,2026-09-20T17:25:42Z,Miami Dolphins,San Francisco 49ers,spreads,San Francisco 49ers,-13.0,-115,0.53488372,bovada|68bc55903f50af4af4766adcc89fcc61|spreads|event,0.51083424,https://api.the-odds-api.com/v4/sports/americanfootball_nfl
2026,2,68bc55903f50af4af4766adcc89fcc61,2026-09-20T20:25:00Z,Bovada,2026-09-20T17:25:42Z,Miami Dolphins,San Francisco 49ers,totals,Over,45.0,-110,0.52380952,bovada|68bc55903f50af4af4766adcc89fcc61|totals|45.0,0.5,https://api.the-odds-api.com/v4/sports/americanfootball_nfl
2026,2,68bc55903f50af4af4766adcc89fcc61,2026-09-20T20:25:00Z,Bovada,2026-09-20T17:25:42Z,Miami Dolphins,San Francisco 49ers,totals,Under,45.0,-110,0.52380952,bovada|68bc55903f50af4af4766adcc89fcc61|totals|45.0,0.5,https://api.the-odds-api.com/v4/sports/americanfootball_nfl
2026,2,50bc247030707d823b9c3581d7eb5760,2026-09-21T00:20:00Z,DraftKings,2026-09-20T17:27:02Z,Indianapolis Colts,Kansas City Chiefs,h2h,Indianapolis Colts,,215,0.31746032,draftkings|50bc247030707d823b9c3581d7eb5760|h2h|event,0.30423005,https://api.the-odds-api.com/v4/sports/americanfootball_nfl
2026,2,50bc247030707d823b9c3581d7eb5760,2026-09-21T00:20:00Z,DraftKings,2026-09-20T17:27:02Z,Indianapolis Colts,Kansas City Chiefs,h2h,Kansas City Chiefs,,-265,0.7260274,draftkings|50bc247030707d823b9c3581d7eb5760|h2h|event,0.69576995,https://api.the-odds-api.com/v4/sports/americanfootball_nfl
2026,2,50bc247030707d823b9c3581d7eb5760,2026-09-21T00:20:00Z,DraftKings,2026-09-20T17:27:02Z,Indianapolis Colts,Kansas City Chiefs,spreads,Indianapolis Colts,6.0,-112,0.52830189,draftkings|50bc247030707d823b9c3581d7eb5760|spreads|event,0.50432976,https://api.the-odds-api.com/v4/sports/americanfootball_nfl
2026,2,50bc247030707d823b9c3581d7eb5760,2026-09-21T00:20:00Z,DraftKings,2026-09-20T17:27:02Z,Indianapolis Colts,Kansas City Chiefs,spreads,Kansas City Chiefs,-6.0,-108,0.51923077,draftkings|50bc247030707d823b9c3581d7eb5760|spreads|event,0.49567024,https://api.the-odds-api.com/v4/sports/americanfootball_nfl
2026,2,50bc247030707d823b9c3581d7eb5760,2026-09-21T00:20:00Z,DraftKings,2026-09-20T17:27:02Z,Indianapolis Colts,Kansas City Chiefs,totals,Over,46.5,-102,0.5049505,draftkings|50bc247030707d823b9c3581d7eb5760|totals|46.5,0.48263588,https://api.the-odds-api.com/v4/sports/americanfootball_nfl
2026,2,50bc247030707d823b9c3581d7eb5760,2026-09-21T00:20:00Z,DraftKings,2026-09-20T17:27:02Z,Indianapolis Colts,Kansas City Chiefs,totals,Under,46.5,-118,0.5412844,draftkings|50bc247030707d823b9c3581d7eb5760|totals|46.5,0.51736412,https://api.the-odds-api.com/v4/sports/americanfootball_nfl
2026,2,50bc247030707d823b9c3581d7eb5760,2026-09-21T00:20:00Z,BetUS,2026-09-20T17:26:42Z,Indianapolis Colts,Kansas City Chiefs,h2h,Indianapolis Colts,,225,0.30769231,betus|50bc247030707d823b9c3581d7eb5760|h2h|event,0.29659319,https://api.the-odds-api.com/v4/sports/americanfootball_nfl
2026,2,50bc247030707d823b9c3581d7eb5760,2026-09-21T00:20:00Z,BetUS,2026-09-20T17:26:42Z,Indianapolis Colts,Kansas City Chiefs,h2h,Kansas City Chiefs,,-270,0.72972973,betus|50bc247030707d823b9c3581d7eb5760|h2h|event,0.70340681,https://api.the-odds-api.com/v4/sports/americanfootball_nfl
2026,2,50bc247030707d823b9c3581d7eb5760,2026-09-21T00:20:00Z,BetUS,2026-09-20T17:26:42Z,Indianapolis Colts,Kansas City Chiefs,spreads,Indianapolis Colts,6.0,-115,0.53488372,betus|50bc247030707d823b9c3581d7eb5760|spreads|event,0.51083424,https://api.the-odds-api.com/v4/sports/americanfootball_nfl
2026,2,50bc247030707d823b9c3581d7eb5760,2026-09-21T00:20:00Z,BetUS,2026-09-20T17:26:42Z,Indianapolis Colts,Kansas City Chiefs,spreads,Kansas City Chiefs,-6.0,-105,0.51219512,betus|50bc247030707d823b9c3581d7eb5760|spreads|event,0.48916576,https://api.the-odds-api.com/v4/sports/americanfootball_nfl
2026,2,50bc247030707d823b9c3581d7eb5760,2026-09-21T00:20:00Z,BetUS,2026-09-20T17:26:42Z,Indianapolis Colts,Kansas City Chiefs,totals,Over,46.0,-110,0.52380952,betus|50bc247030707d823b9c3581d7eb5760|totals|46.0,0.5,https://api.the-odds-api.com/v4/sports/americanfootball_nfl
2026,2,50bc247030707d823b9c3581d7eb5760,2026-09-21T00:20:00Z,BetUS,2026-09-20T17:26:42Z,Indianapolis Colts,Kansas City Chiefs,totals,Under,46.0,-110,0.52380952,betus|50bc247030707d823b9c3581d7eb5760|totals|46.0,0.5,https://api.the-odds-api.com/v4/sports/americanfootball_nfl
2026,2,50bc247030707d823b9c3581d7eb5760,2026-09-21T00:20:00Z,BetOnline.ag,2026-09-20T17:26:40Z,Indianapolis Colts,Kansas City Chiefs,h2h,Indianapolis Colts,,222,0.31055901,betonlineag|50bc247030707d823b9c3581d7eb5760|h2h|event,0.29853155,https://api.the-odds-api.com/v4/sports/americanfootball_nfl
2026,2,50bc247030707d823b9c3581d7eb5760,2026-09-21T00:20:00Z,BetOnline.ag,2026-09-20T17:26:40Z,Indianapolis Colts,Kansas City Chiefs,h2h,Kansas City Chiefs,,-270,0.72972973,betonlineag|50bc247030707d823b9c3581d7eb5760|h2h|event,0.70146845,https://api.the-odds-api.com/v4/sports/americanfootball_nfl
2026,2,50bc247030707d823b9c3581d7eb5760,2026-09-21T00:20:00Z,BetOnline.ag,2026-09-20T17:26:40Z,Indianapolis Colts,Kansas City Chiefs,spreads,Indianapolis Colts,6.0,-115,0.53488372,betonlineag|50bc247030707d823b9c3581d7eb5760|spreads|event,0.51083424,https://api.the-odds-api.com/v4/sports/americanfootball_nfl
2026,2,50bc247030707d823b9c3581d7eb5760,2026-09-21T00:20:00Z,BetOnline.ag,2026-09-20T17:26:40Z,Indianapolis Colts,Kansas City Chiefs,spreads,Kansas City Chiefs,-6.0,-105,0.51219512,betonlineag|50bc247030707d823b9c3581d7eb5760|spreads|event,0.48916576,https://api.the-odds-api.com/v4/sports/americanfootball_nfl
2026,2,50bc247030707d823b9c3581d7eb5760,2026-09-21T00:20:00Z,BetOnline.ag,2026-09-20T17:26:40Z,Indianapolis Colts,Kansas City Chiefs,totals,Over,46.5,-105,0.51219512,betonlineag|50bc247030707d823b9c3581d7eb5760|totals|46.5,0.48916576,https://api.the-odds-api.com/v4/sports/americanfootball_nfl
2026,2,50bc247030707d823b9c3581d7eb5760,2026-09-21T00:20:00Z,BetOnline.ag,2026-09-20T17:26:40Z,Indianapolis Colts,Kansas City Chiefs,totals,Under,46.5,-115,0.53488372,betonlineag|50bc247030707d823b9c3581d7eb5760|totals|46.5,0.51083424,https://api.the-odds-api.com/v4/sports/americanfootball_nfl
2026,2,50bc247030707d823b9c3581d7eb5760,2026-09-21T00:20:00Z,LowVig.ag,2026-09-20T17:27:03Z,Indianapolis Colts,Kansas City Chiefs,h2h,Indianapolis Colts,,222,0.31055901,lowvig|50bc247030707d823b9c3581d7eb5760|h2h|event,0.29853155,https://api.the-odds-api.com/v4/sports/americanfootball_nfl
2026,2,50bc247030707d823b9c3581d7eb5760,2026-09-21T00:20:00Z,LowVig.ag,2026-09-20T17:27:03Z,Indianapolis Colts,Kansas City Chiefs,h2h,Kansas City Chiefs,,-270,0.72972973,lowvig|50bc247030707d823b9c3581d7eb5760|h2h|event,0.70146845,https://api.the-odds-api.com/v4/sports/americanfootball_nfl
2026,2,50bc247030707d823b9c3581d7eb5760,2026-09-21T00:20:00Z,LowVig.ag,2026-09-20T17:27:03Z,Indianapolis Colts,Kansas City Chiefs,spreads,Indianapolis Colts,6.0,-110,0.52380952,lowvig|50bc247030707d823b9c3581d7eb5760|spreads|event,0.51162791,https://api.the-odds-api.com/v4/sports/americanfootball_nfl
2026,2,50bc247030707d823b9c3581d7eb5760,2026-09-21T00:20:00Z,LowVig.ag,2026-09-20T17:27:03Z,Indianapolis Colts,Kansas City Chiefs,spreads,Kansas City Chiefs,-6.0,100,0.5,lowvig|50bc247030707d823b9c3581d7eb5760|spreads|event,0.48837209,https://api.the-odds-api.com/v4/sports/americanfootball_nfl
2026,2,50bc247030707d823b9c3581d7eb5760,2026-09-21T00:20:00Z,LowVig.ag,2026-09-20T17:27:03Z,Indianapolis Colts,Kansas City Chiefs,totals,Over,46.5,-102,0.5049505,lowvig|50bc247030707d823b9c3581d7eb5760|totals|46.5,0.48765488,https://api.the-odds-api.com/v4/sports/americanfootball_nfl
2026,2,50bc247030707d823b9c3581d7eb5760,2026-09-21T00:20:00Z,LowVig.ag,2026-09-20T17:27:03Z,Indianapolis Colts,Kansas City Chiefs,totals,Under,46.5,-113,0.53051643,lowvig|50bc247030707d823b9c3581d7eb5760|totals|46.5,0.51234512,https://api.the-odds-api.com/v4/sports/americanfootball_nfl
2026,2,50bc247030707d823b9c3581d7eb5760,2026-09-21T00:20:00Z,FanDuel,2026-09-20T17:27:03Z,Indianapolis Colts,Kansas City Chiefs,h2h,Indianapolis Colts,,235,0.29850746,fanduel|50bc247030707d823b9c3581d7eb5760|h2h|event,0.28644877,https://api.the-odds-api.com/v4/sports/americanfootball_nfl
2026,2,50bc247030707d823b9c3581d7eb5760,2026-09-21T00:20:00Z,FanDuel,2026-09-20T17:27:03Z,Indianapolis Colts,Kansas City Chiefs,h2h,Kansas City Chiefs,,-290,0.74358974,fanduel|50bc247030707d823b9c3581d7eb5760|h2h|event,0.71355123,https://api.the-odds-api.com/v4/sports/americanfootball_nfl
2026,2,50bc247030707d823b9c3581d7eb5760,2026-09-21T00:20:00Z,FanDuel,2026-09-20T17:27:03Z,Indianapolis Colts,Kansas City Chiefs,spreads,Indianapolis Colts,6.5,-120,0.54545455,fanduel|50bc247030707d823b9c3581d7eb5760|spreads|event,0.51928021,https://api.the-odds-api.com/v4/sports/americanfootball_nfl
2026,2,50bc247030707d823b9c3581d7eb5760,2026-09-21T00:20:00Z,FanDuel,2026-09-20T17:27:03Z,Indianapolis Colts,Kansas City Chiefs,spreads,Kansas City Chiefs,-6.5,-102,0.5049505,fanduel|50bc247030707d823b9c3581d7eb5760|spreads|event,0.48071979,https://api.the-odds-api.com/v4/sports/americanfootball_nfl
2026,2,50bc247030707d823b9c3581d7eb5760,2026-09-21T00:20:00Z,FanDuel,2026-09-20T17:27:03Z,Indianapolis Colts,Kansas City Chiefs,totals,Over,45.5,-115,0.53488372,fanduel|50bc247030707d823b9c3581d7eb5760|totals|45.5,0.51083424,https://api.the-odds-api.com/v4/sports/americanfootball_nfl
2026,2,50bc247030707d823b9c3581d7eb5760,2026-09-21T00:20:00Z,FanDuel,2026-09-20T17:27:03Z,Indianapolis Colts,Kansas City Chiefs,totals,Under,45.5,-105,0.51219512,fanduel|50bc247030707d823b9c3581d7eb5760|totals|45.5,0.48916576,https://api.the-odds-api.com/v4/sports/americanfootball_nfl
2026,2,50bc247030707d823b9c3581d7eb5760,2026-09-21T00:20:00Z,BetRivers,2026-09-20T17:26:41Z,Indianapolis Colts,Kansas City Chiefs,h2h,Indianapolis Colts,,240,0.29411765,betrivers|50bc247030707d823b9c3581d7eb5760|h2h|event,0.27927322,https://api.the-odds-api.com/v4/sports/americanfootball_nfl
2026,2,50bc247030707d823b9c3581d7eb5760,2026-09-21T00:20:00Z,BetRivers,2026-09-20T17:26:41Z,Indianapolis Colts,Kansas City Chiefs,h2h,Kansas City Chiefs,,-315,0.75903614,betrivers|50bc247030707d823b9c3581d7eb5760|h2h|event,0.72072678,https://api.the-odds-api.com/v4/sports/americanfootball_nfl
2026,2,50bc247030707d823b9c3581d7eb5760,2026-09-21T00:20:00Z,BetRivers,2026-09-20T17:26:41Z,Indianapolis Colts,Kansas City Chiefs,spreads,Indianapolis Colts,6.0,-107,0.51690821,betrivers|50bc247030707d823b9c3581d7eb5760|spreads|event,0.49247247,https://api.the-odds-api.com/v4/sports/americanfootball_nfl
2026,2,50bc247030707d823b9c3581d7eb5760,2026-09-21T00:20:00Z,BetRivers,2026-09-20T17:26:41Z,Indianapolis Colts,Kansas City Chiefs,spreads,Kansas City Chiefs,-6.0,-114,0.53271028,betrivers|50bc247030707d823b9c3581d7eb5760|spreads|event,0.50752753,https://api.the-odds-api.com/v4/sports/americanfootball_nfl
2026,2,50bc247030707d823b9c3581d7eb5760,2026-09-21T00:20:00Z,BetRivers,2026-09-20T17:26:41Z,Indianapolis Colts,Kansas City Chiefs,totals,Over,46.5,-110,0.52380952,betrivers|50bc247030707d823b9c3581d7eb5760|totals|46.5,0.5,https://api.the-odds-api.com/v4/sports/americanfootball_nfl
2026,2,50bc247030707d823b9c3581d7eb5760,2026-09-21T00:20:00Z,BetRivers,2026-09-20T17:26:41Z,Indianapolis Colts,Kansas City Chiefs,totals,Under,46.5,-110,0.52380952,betrivers|50bc247030707d823b9c3581d7eb5760|totals|46.5,0.5,https://api.the-odds-api.com/v4/sports/americanfootball_nfl
2026,2,50bc247030707d823b9c3581d7eb5760,2026-09-21T00:20:00Z,MyBookie.ag,2026-09-20T17:25:37Z,Indianapolis Colts,Kansas City Chiefs,h2h,Indianapolis Colts,,228,0.30487805,mybookieag|50bc247030707d823b9c3581d7eb5760|h2h|event,0.29365701,https://api.the-odds-api.com/v4/sports/americanfootball_nfl
2026,2,50bc247030707d823b9c3581d7eb5760,2026-09-21T00:20:00Z,MyBookie.ag,2026-09-20T17:25:37Z,Indianapolis Colts,Kansas City Chiefs,h2h,Kansas City Chiefs,,-275,0.73333333,mybookieag|50bc247030707d823b9c3581d7eb5760|h2h|event,0.70634299,https://api.the-odds-api.com/v4/sports/americanfootball_nfl
2026,2,50bc247030707d823b9c3581d7eb5760,2026-09-21T00:20:00Z,MyBookie.ag,2026-09-20T17:25:37Z,Indianapolis Colts,Kansas City Chiefs,spreads,Indianapolis Colts,6.0,-110,0.52380952,mybookieag|50bc247030707d823b9c3581d7eb5760|spreads|event,0.5,https://api.the-odds-api.com/v4/sports/americanfootball_nfl
2026,2,50bc247030707d823b9c3581d7eb5760,2026-09-21T00:20:00Z,MyBookie.ag,2026-09-20T17:25:37Z,Indianapolis Colts,Kansas City Chiefs,spreads,Kansas City Chiefs,-6.0,-110,0.52380952,mybookieag|50bc247030707d823b9c3581d7eb5760|spreads|event,0.5,https://api.the-odds-api.com/v4/sports/americanfootball_nfl
2026,2,50bc247030707d823b9c3581d7eb5760,2026-09-21T00:20:00Z,MyBookie.ag,2026-09-20T17:25:37Z,Indianapolis Colts,Kansas City Chiefs,totals,Over,46.0,-110,0.52380952,mybookieag|50bc247030707d823b9c3581d7eb5760|totals|46.0,0.5,https://api.the-odds-api.com/v4/sports/americanfootball_nfl
2026,2,50bc247030707d823b9c3581d7eb5760,2026-09-21T00:20:00Z,MyBookie.ag,2026-09-20T17:25:37Z,Indianapolis Colts,Kansas City Chiefs,totals,Under,46.0,-110,0.52380952,mybookieag|50bc247030707d823b9c3581d7eb5760|totals|46.0,0.5,https://api.the-odds-api.com/v4/sports/americanfootball_nfl
2026,2,50bc247030707d823b9c3581d7eb5760,2026-09-21T00:20:00Z,BetMGM,2026-09-20T17:27:03Z,Indianapolis Colts,Kansas City Chiefs,h2h,Indianapolis Colts,,225,0.30769231,betmgm|50bc247030707d823b9c3581d7eb5760|h2h|event,0.2955665,https://api.the-odds-api.com/v4/sports/americanfootball_nfl
2026,2,50bc247030707d823b9c3581d7eb5760,2026-09-21T00:20:00Z,BetMGM,2026-09-20T17:27:03Z,Indianapolis Colts,Kansas City Chiefs,h2h,Kansas City Chiefs,,-275,0.73333333,betmgm|50bc247030707d823b9c3581d7eb5760|h2h|event,0.7044335,https://api.the-odds-api.com/v4/sports/americanfootball_nfl
2026,2,50bc247030707d823b9c3581d7eb5760,2026-09-21T00:20:00Z,BetMGM,2026-09-20T17:27:03Z,Indianapolis Colts,Kansas City Chiefs,totals,Over,46.0,-108,0.51923077,betmgm|50bc247030707d823b9c3581d7eb5760|totals|46.0,0.49780509,https://api.the-odds-api.com/v4/sports/americanfootball_nfl
2026,2,50bc247030707d823b9c3581d7eb5760,2026-09-21T00:20:00Z,BetMGM,2026-09-20T17:27:03Z,Indianapolis Colts,Kansas City Chiefs,totals,Under,46.0,-110,0.52380952,betmgm|50bc247030707d823b9c3581d7eb5760|totals|46.0,0.50219491,https://api.the-odds-api.com/v4/sports/americanfootball_nfl
2026,2,50bc247030707d823b9c3581d7eb5760,2026-09-21T00:20:00Z,Bovada,2026-09-20T17:25:42Z,Indianapolis Colts,Kansas City Chiefs,h2h,Indianapolis Colts,,240,0.29411765,bovada|50bc247030707d823b9c3581d7eb5760|h2h|event,0.28343024,https://api.the-odds-api.com/v4/sports/americanfootball_nfl
2026,2,50bc247030707d823b9c3581d7eb5760,2026-09-21T00:20:00Z,Bovada,2026-09-20T17:25:42Z,Indianapolis Colts,Kansas City Chiefs,h2h,Kansas City Chiefs,,-290,0.74358974,bovada|50bc247030707d823b9c3581d7eb5760|h2h|event,0.71656976,https://api.the-odds-api.com/v4/sports/americanfootball_nfl
2026,2,50bc247030707d823b9c3581d7eb5760,2026-09-21T00:20:00Z,Bovada,2026-09-20T17:25:42Z,Indianapolis Colts,Kansas City Chiefs,spreads,Indianapolis Colts,5.5,-110,0.52380952,bovada|50bc247030707d823b9c3581d7eb5760|spreads|event,0.5,https://api.the-odds-api.com/v4/sports/americanfootball_nfl
2026,2,50bc247030707d823b9c3581d7eb5760,2026-09-21T00:20:00Z,Bovada,2026-09-20T17:25:42Z,Indianapolis Colts,Kansas City Chiefs,spreads,Kansas City Chiefs,-5.5,-110,0.52380952,bovada|50bc247030707d823b9c3581d7eb5760|spreads|event,0.5,https://api.the-odds-api.com/v4/sports/americanfootball_nfl
2026,2,50bc247030707d823b9c3581d7eb5760,2026-09-21T00:20:00Z,Bovada,2026-09-20T17:25:42Z,Indianapolis Colts,Kansas City Chiefs,totals,Over,45.5,105,0.48780488,bovada|50bc247030707d823b9c3581d7eb5760|totals|45.5,0.46753247,https://api.the-odds-api.com/v4/sports/americanfootball_nfl
2026,2,50bc247030707d823b9c3581d7eb5760,2026-09-21T00:20:00Z,Bovada,2026-09-20T17:25:42Z,Indianapolis Colts,Kansas City Chiefs,totals,Under,45.5,-125,0.55555556,bovada|50bc247030707d823b9c3581d7eb5760|totals|45.5,0.53246753,https://api.the-odds-api.com/v4/sports/americanfootball_nfl
2026,2,32367f882fac1a0c20a6335619922025,2026-09-22T00:15:00Z,DraftKings,2026-09-20T17:27:02Z,New York Giants,Los Angeles Rams,h2h,Los Angeles Rams,,-285,0.74025974,draftkings|32367f882fac1a0c20a6335619922025|h2h|event,0.70954357,https://api.the-odds-api.com/v4/sports/americanfootball_nfl
2026,2,32367f882fac1a0c20a6335619922025,2026-09-22T00:15:00Z,DraftKings,2026-09-20T17:27:02Z,New York Giants,Los Angeles Rams,h2h,New York Giants,,230,0.3030303,draftkings|32367f882fac1a0c20a6335619922025|h2h|event,0.29045643,https://api.the-odds-api.com/v4/sports/americanfootball_nfl
2026,2,32367f882fac1a0c20a6335619922025,2026-09-22T00:15:00Z,DraftKings,2026-09-20T17:27:02Z,New York Giants,Los Angeles Rams,spreads,Los Angeles Rams,-6.5,-115,0.53488372,draftkings|32367f882fac1a0c20a6335619922025|spreads|event,0.51083424,https://api.the-odds-api.com/v4/sports/americanfootball_nfl
2026,2,32367f882fac1a0c20a6335619922025,2026-09-22T00:15:00Z,DraftKings,2026-09-20T17:27:02Z,New York Giants,Los Angeles Rams,spreads,New York Giants,6.5,-105,0.51219512,draftkings|32367f882fac1a0c20a6335619922025|spreads|event,0.48916576,https://api.the-odds-api.com/v4/sports/americanfootball_nfl
2026,2,32367f882fac1a0c20a6335619922025,2026-09-22T00:15:00Z,DraftKings,2026-09-20T17:27:02Z,New York Giants,Los Angeles Rams,totals,Over,47.5,-110,0.52380952,draftkings|32367f882fac1a0c20a6335619922025|totals|47.5,0.5,https://api.the-odds-api.com/v4/sports/americanfootball_nfl
2026,2,32367f882fac1a0c20a6335619922025,2026-09-22T00:15:00Z,DraftKings,2026-09-20T17:27:02Z,New York Giants,Los Angeles Rams,totals,Under,47.5,-110,0.52380952,draftkings|32367f882fac1a0c20a6335619922025|totals|47.5,0.5,https://api.the-odds-api.com/v4/sports/americanfootball_nfl
2026,2,32367f882fac1a0c20a6335619922025,2026-09-22T00:15:00Z,BetUS,2026-09-20T17:26:42Z,New York Giants,Los Angeles Rams,h2h,Los Angeles Rams,,-305,0.75308642,betus|32367f882fac1a0c20a6335619922025|h2h|event,0.72665609,https://api.the-odds-api.com/v4/sports/americanfootball_nfl
2026,2,32367f882fac1a0c20a6335619922025,2026-09-22T00:15:00Z,BetUS,2026-09-20T17:26:42Z,New York Giants,Los Angeles Rams,h2h,New York Giants,,253,0.28328612,betus|32367f882fac1a0c20a6335619922025|h2h|event,0.27334391,https://api.the-odds-api.com/v4/sports/americanfootball_nfl
2026,2,32367f882fac1a0c20a6335619922025,2026-09-22T00:15:00Z,BetUS,2026-09-20T17:26:42Z,New York Giants,Los Angeles Rams,spreads,Los Angeles Rams,-7.0,100,0.5,betus|32367f882fac1a0c20a6335619922025|spreads|event,0.47826087,https://api.the-odds-api.com/v4/sports/americanfootball_nfl
2026,2,32367f882fac1a0c20a6335619922025,2026-09-22T00:15:00Z,BetUS,2026-09-20T17:26:42Z,New York Giants,Los Angeles Rams,spreads,New York Giants,7.0,-120,0.54545455,betus|32367f882fac1a0c20a6335619922025|spreads|event,0.52173913,https://api.the-odds-api.com/v4/sports/americanfootball_nfl
2026,2,32367f882fac1a0c20a6335619922025,2026-09-22T00:15:00Z,BetUS,2026-09-20T17:26:42Z,New York Giants,Los Angeles Rams,totals,Over,47.5,-110,0.52380952,betus|32367f882fac1a0c20a6335619922025|totals|47.5,0.5,https://api.the-odds-api.com/v4/sports/americanfootball_nfl
2026,2,32367f882fac1a0c20a6335619922025,2026-09-22T00:15:00Z,BetUS,2026-09-20T17:26:42Z,New York Giants,Los Angeles Rams,totals,Under,47.5,-110,0.52380952,betus|32367f882fac1a0c20a6335619922025|totals|47.5,0.5,https://api.the-odds-api.com/v4/sports/americanfootball_nfl
2026,2,32367f882fac1a0c20a6335619922025,2026-09-22T00:15:00Z,BetOnline.ag,2026-09-20T17:26:40Z,New York Giants,Los Angeles Rams,h2h,Los Angeles Rams,,-305,0.75308642,betonlineag|32367f882fac1a0c20a6335619922025|h2h|event,0.72438668,https://api.the-odds-api.com/v4/sports/americanfootball_nfl
2026,2,32367f882fac1a0c20a6335619922025,2026-09-22T00:15:00Z,BetOnline.ag,2026-09-20T17:26:40Z,New York Giants,Los Angeles Rams,h2h,New York Giants,,249,0.28653295,betonlineag|32367f882fac1a0c20a6335619922025|h2h|event,0.27561332,https://api.the-odds-api.com/v4/sports/americanfootball_nfl
2026,2,32367f882fac1a0c20a6335619922025,2026-09-22T00:15:00Z,BetOnline.ag,2026-09-20T17:26:40Z,New York Giants,Los Angeles Rams,spreads,Los Angeles Rams,-6.5,-117,0.53917051,betonlineag|32367f882fac1a0c20a6335619922025|spreads|event,0.51518373,https://api.the-odds-api.com/v4/sports/americanfootball_nfl
2026,2,32367f882fac1a0c20a6335619922025,2026-09-22T00:15:00Z,BetOnline.ag,2026-09-20T17:26:40Z,New York Giants,Los Angeles Rams,spreads,New York Giants,6.5,-103,0.50738916,betonlineag|32367f882fac1a0c20a6335619922025|spreads|event,0.48481627,https://api.the-odds-api.com/v4/sports/americanfootball_nfl
2026,2,32367f882fac1a0c20a6335619922025,2026-09-22T00:15:00Z,BetOnline.ag,2026-09-20T17:26:40Z,New York Giants,Los Angeles Rams,totals,Over,47.5,-110,0.52380952,betonlineag|32367f882fac1a0c20a6335619922025|totals|47.5,0.5,https://api.the-odds-api.com/v4/sports/americanfootball_nfl
2026,2,32367f882fac1a0c20a6335619922025,2026-09-22T00:15:00Z,BetOnline.ag,2026-09-20T17:26:40Z,New York Giants,Los Angeles Rams,totals,Under,47.5,-110,0.52380952,betonlineag|32367f882fac1a0c20a6335619922025|totals|47.5,0.5,https://api.the-odds-api.com/v4/sports/americanfootball_nfl
2026,2,32367f882fac1a0c20a6335619922025,2026-09-22T00:15:00Z,LowVig.ag,2026-09-20T17:27:03Z,New York Giants,Los Angeles Rams,h2h,Los Angeles Rams,,-305,0.75308642,lowvig|32367f882fac1a0c20a6335619922025|h2h|event,0.72438668,https://api.the-odds-api.com/v4/sports/americanfootball_nfl
2026,2,32367f882fac1a0c20a6335619922025,2026-09-22T00:15:00Z,LowVig.ag,2026-09-20T17:27:03Z,New York Giants,Los Angeles Rams,h2h,New York Giants,,249,0.28653295,lowvig|32367f882fac1a0c20a6335619922025|h2h|event,0.27561332,https://api.the-odds-api.com/v4/sports/americanfootball_nfl
2026,2,32367f882fac1a0c20a6335619922025,2026-09-22T00:15:00Z,LowVig.ag,2026-09-20T17:27:03Z,New York Giants,Los Angeles Rams,spreads,Los Angeles Rams,-6.5,-114,0.53271028,lowvig|32367f882fac1a0c20a6335619922025|spreads|event,0.51955458,https://api.the-odds-api.com/v4/sports/americanfootball_nfl
2026,2,32367f882fac1a0c20a6335619922025,2026-09-22T00:15:00Z,LowVig.ag,2026-09-20T17:27:03Z,New York Giants,Los Angeles Rams,spreads,New York Giants,6.5,103,0.49261084,lowvig|32367f882fac1a0c20a6335619922025|spreads|event,0.48044542,https://api.the-odds-api.com/v4/sports/americanfootball_nfl
2026,2,32367f882fac1a0c20a6335619922025,2026-09-22T00:15:00Z,LowVig.ag,2026-09-20T17:27:03Z,New York Giants,Los Angeles Rams,totals,Over,47.5,-107,0.51690821,lowvig|32367f882fac1a0c20a6335619922025|totals|47.5,0.5,https://api.the-odds-api.com/v4/sports/americanfootball_nfl
2026,2,32367f882fac1a0c20a6335619922025,2026-09-22T00:15:00Z,LowVig.ag,2026-09-20T17:27:03Z,New York Giants,Los Angeles Rams,totals,Under,47.5,-107,0.51690821,lowvig|32367f882fac1a0c20a6335619922025|totals|47.5,0.5,https://api.the-odds-api.com/v4/sports/americanfootball_nfl
2026,2,32367f882fac1a0c20a6335619922025,2026-09-22T00:15:00Z,FanDuel,2026-09-20T17:27:03Z,New York Giants,Los Angeles Rams,h2h,Los Angeles Rams,,-310,0.75609756,fanduel|32367f882fac1a0c20a6335619922025|h2h|event,0.72575251,https://api.the-odds-api.com/v4/sports/americanfootball_nfl
2026,2,32367f882fac1a0c20a6335619922025,2026-09-22T00:15:00Z,FanDuel,2026-09-20T17:27:03Z,New York Giants,Los Angeles Rams,h2h,New York Giants,,250,0.28571429,fanduel|32367f882fac1a0c20a6335619922025|h2h|event,0.27424749,https://api.the-odds-api.com/v4/sports/americanfootball_nfl
2026,2,32367f882fac1a0c20a6335619922025,2026-09-22T00:15:00Z,FanDuel,2026-09-20T17:27:03Z,New York Giants,Los Angeles Rams,spreads,Los Angeles Rams,-6.5,-120,0.54545455,fanduel|32367f882fac1a0c20a6335619922025|spreads|event,0.51928021,https://api.the-odds-api.com/v4/sports/americanfootball_nfl
2026,2,32367f882fac1a0c20a6335619922025,2026-09-22T00:15:00Z,FanDuel,2026-09-20T17:27:03Z,New York Giants,Los Angeles Rams,spreads,New York Giants,6.5,-102,0.5049505,fanduel|32367f882fac1a0c20a6335619922025|spreads|event,0.48071979,https://api.the-odds-api.com/v4/sports/americanfootball_nfl
2026,2,32367f882fac1a0c20a6335619922025,2026-09-22T00:15:00Z,FanDuel,2026-09-20T17:27:03Z,New York Giants,Los Angeles Rams,totals,Over,47.5,-105,0.51219512,fanduel|32367f882fac1a0c20a6335619922025|totals|47.5,0.48916576,https://api.the-odds-api.com/v4/sports/americanfootball_nfl
2026,2,32367f882fac1a0c20a6335619922025,2026-09-22T00:15:00Z,FanDuel,2026-09-20T17:27:03Z,New York Giants,Los Angeles Rams,totals,Under,47.5,-115,0.53488372,fanduel|32367f882fac1a0c20a6335619922025|totals|47.5,0.51083424,https://api.the-odds-api.com/v4/sports/americanfootball_nfl
2026,2,32367f882fac1a0c20a6335619922025,2026-09-22T00:15:00Z,BetRivers,2026-09-20T17:26:41Z,New York Giants,Los Angeles Rams,h2h,Los Angeles Rams,,-335,0.77011494,betrivers|32367f882fac1a0c20a6335619922025|h2h|event,0.73491773,https://api.the-odds-api.com/v4/sports/americanfootball_nfl
2026,2,32367f882fac1a0c20a6335619922025,2026-09-22T00:15:00Z,BetRivers,2026-09-20T17:26:41Z,New York Giants,Los Angeles Rams,h2h,New York Giants,,260,0.27777778,betrivers|32367f882fac1a0c20a6335619922025|h2h|event,0.26508227,https://api.the-odds-api.com/v4/sports/americanfootball_nfl
2026,2,32367f882fac1a0c20a6335619922025,2026-09-22T00:15:00Z,BetRivers,2026-09-20T17:26:41Z,New York Giants,Los Angeles Rams,spreads,Los Angeles Rams,-7.0,-112,0.52830189,betrivers|32367f882fac1a0c20a6335619922025|spreads|event,0.5032247,https://api.the-odds-api.com/v4/sports/americanfootball_nfl
2026,2,32367f882fac1a0c20a6335619922025,2026-09-22T00:15:00Z,BetRivers,2026-09-20T17:26:41Z,New York Giants,Los Angeles Rams,spreads,New York Giants,7.0,-109,0.5215311,betrivers|32367f882fac1a0c20a6335619922025|spreads|event,0.4967753,https://api.the-odds-api.com/v4/sports/americanfootball_nfl
2026,2,32367f882fac1a0c20a6335619922025,2026-09-22T00:15:00Z,BetRivers,2026-09-20T17:26:41Z,New York Giants,Los Angeles Rams,totals,Over,48.0,-113,0.53051643,betrivers|32367f882fac1a0c20a6335619922025|totals|48.0,0.50537542,https://api.the-odds-api.com/v4/sports/americanfootball_nfl
2026,2,32367f882fac1a0c20a6335619922025,2026-09-22T00:15:00Z,BetRivers,2026-09-20T17:26:41Z,New York Giants,Los Angeles Rams,totals,Under,48.0,-108,0.51923077,betrivers|32367f882fac1a0c20a6335619922025|totals|48.0,0.49462458,https://api.the-odds-api.com/v4/sports/americanfootball_nfl
2026,2,32367f882fac1a0c20a6335619922025,2026-09-22T00:15:00Z,BetMGM,2026-09-20T17:27:03Z,New York Giants,Los Angeles Rams,h2h,Los Angeles Rams,,-300,0.75,betmgm|32367f882fac1a0c20a6335619922025|h2h|event,0.72413793,https://api.the-odds-api.com/v4/sports/americanfootball_nfl
2026,2,32367f882fac1a0c20a6335619922025,2026-09-22T00:15:00Z,BetMGM,2026-09-20T17:27:03Z,New York Giants,Los Angeles Rams,h2h,New York Giants,,250,0.28571429,betmgm|32367f882fac1a0c20a6335619922025|h2h|event,0.27586207,https://api.the-odds-api.com/v4/sports/americanfootball_nfl
2026,2,32367f882fac1a0c20a6335619922025,2026-09-22T00:15:00Z,BetMGM,2026-09-20T17:27:03Z,New York Giants,Los Angeles Rams,spreads,Los Angeles Rams,-7.0,-102,0.5049505,betmgm|32367f882fac1a0c20a6335619922025|spreads|event,0.48263588,https://api.the-odds-api.com/v4/sports/americanfootball_nfl
2026,2,32367f882fac1a0c20a6335619922025,2026-09-22T00:15:00Z,BetMGM,2026-09-20T17:27:03Z,New York Giants,Los Angeles Rams,spreads,New York Giants,7.0,-118,0.5412844,betmgm|32367f882fac1a0c20a6335619922025|spreads|event,0.51736412,https://api.the-odds-api.com/v4/sports/americanfootball_nfl
2026,2,32367f882fac1a0c20a6335619922025,2026-09-22T00:15:00Z,BetMGM,2026-09-20T17:27:03Z,New York Giants,Los Angeles Rams,totals,Over,47.5,-108,0.51923077,betmgm|32367f882fac1a0c20a6335619922025|totals|47.5,0.49780509,https://api.the-odds-api.com/v4/sports/americanfootball_nfl
2026,2,32367f882fac1a0c20a6335619922025,2026-09-22T00:15:00Z,BetMGM,2026-09-20T17:27:03Z,New York Giants,Los Angeles Rams,totals,Under,47.5,-110,0.52380952,betmgm|32367f882fac1a0c20a6335619922025|totals|47.5,0.50219491,https://api.the-odds-api.com/v4/sports/americanfootball_nfl
2026,2,32367f882fac1a0c20a6335619922025,2026-09-22T00:15:00Z,MyBookie.ag,2026-09-20T17:25:37Z,New York Giants,Los Angeles Rams,h2h,Los Angeles Rams,,-319,0.76133652,mybookieag|32367f882fac1a0c20a6335619922025|h2h|event,0.72483812,https://api.the-odds-api.com/v4/sports/americanfootball_nfl
2026,2,32367f882fac1a0c20a6335619922025,2026-09-22T00:15:00Z,MyBookie.ag,2026-09-20T17:25:37Z,New York Giants,Los Angeles Rams,h2h,New York Giants,,246,0.28901734,mybookieag|32367f882fac1a0c20a6335619922025|h2h|event,0.27516188,https://api.the-odds-api.com/v4/sports/americanfootball_nfl
2026,2,32367f882fac1a0c20a6335619922025,2026-09-22T00:15:00Z,MyBookie.ag,2026-09-20T17:25:37Z,New York Giants,Los Angeles Rams,spreads,Los Angeles Rams,-7.0,100,0.5,mybookieag|32367f882fac1a0c20a6335619922025|spreads|event,0.47826087,https://api.the-odds-api.com/v4/sports/americanfootball_nfl
2026,2,32367f882fac1a0c20a6335619922025,2026-09-22T00:15:00Z,MyBookie.ag,2026-09-20T17:25:37Z,New York Giants,Los Angeles Rams,spreads,New York Giants,7.0,-120,0.54545455,mybookieag|32367f882fac1a0c20a6335619922025|spreads|event,0.52173913,https://api.the-odds-api.com/v4/sports/americanfootball_nfl
2026,2,32367f882fac1a0c20a6335619922025,2026-09-22T00:15:00Z,MyBookie.ag,2026-09-20T17:25:37Z,New York Giants,Los Angeles Rams,totals,Over,47.5,-110,0.52380952,mybookieag|32367f882fac1a0c20a6335619922025|totals|47.5,0.5,https://api.the-odds-api.com/v4/sports/americanfootball_nfl
2026,2,32367f882fac1a0c20a6335619922025,2026-09-22T00:15:00Z,MyBookie.ag,2026-09-20T17:25:37Z,New York Giants,Los Angeles Rams,totals,Under,47.5,-110,0.52380952,mybookieag|32367f882fac1a0c20a6335619922025|totals|47.5,0.5,https://api.the-odds-api.com/v4/sports/americanfootball_nfl
2026,2,32367f882fac1a0c20a6335619922025,2026-09-22T00:15:00Z,Bovada,2026-09-20T17:25:42Z,New York Giants,Los Angeles Rams,h2h,Los Angeles Rams,,-310,0.75609756,bovada|32367f882fac1a0c20a6335619922025|h2h|event,0.7285667,https://api.the-odds-api.com/v4/sports/americanfootball_nfl
2026,2,32367f882fac1a0c20a6335619922025,2026-09-22T00:15:00Z,Bovada,2026-09-20T17:25:42Z,New York Giants,Los Angeles Rams,h2h,New York Giants,,255,0.28169014,bovada|32367f882fac1a0c20a6335619922025|h2h|event,0.2714333,https://api.the-odds-api.com/v4/sports/americanfootball_nfl
2026,2,32367f882fac1a0c20a6335619922025,2026-09-22T00:15:00Z,Bovada,2026-09-20T17:25:42Z,New York Giants,Los Angeles Rams,spreads,Los Angeles Rams,-7.0,-105,0.51219512,bovada|32367f882fac1a0c20a6335619922025|spreads|event,0.48916576,https://api.the-odds-api.com/v4/sports/americanfootball_nfl
2026,2,32367f882fac1a0c20a6335619922025,2026-09-22T00:15:00Z,Bovada,2026-09-20T17:25:42Z,New York Giants,Los Angeles Rams,spreads,New York Giants,7.0,-115,0.53488372,bovada|32367f882fac1a0c20a6335619922025|spreads|event,0.51083424,https://api.the-odds-api.com/v4/sports/americanfootball_nfl
2026,2,32367f882fac1a0c20a6335619922025,2026-09-22T00:15:00Z,Bovada,2026-09-20T17:25:42Z,New York Giants,Los Angeles Rams,totals,Over,47.5,-115,0.53488372,bovada|32367f882fac1a0c20a6335619922025|totals|47.5,0.51083424,https://api.the-odds-api.com/v4/sports/americanfootball_nfl
2026,2,32367f882fac1a0c20a6335619922025,2026-09-22T00:15:00Z,Bovada,2026-09-20T17:25:42Z,New York Giants,Los Angeles Rams,totals,Under,47.5,-105,0.51219512,bovada|32367f882fac1a0c20a6335619922025|totals|47.5,0.48916576,https://api.the-odds-api.com/v4/sports/americanfootball_nfl
