Season,Week,Event ID,Commence Time,Bookmaker,Book Key,Last Update,Home,Away,Player,Team,Opponent,Position,Market Key,Market Window,Line,Side,American Odds,Pair Key,Raw Implied,No-Vig Implied,Source URL
2026,4,c327223d76a3b7b0db8c6c104442f44b,2026-10-04T20:05:00Z,DraftKings,draftkings,2026-10-04T18:07:59Z,Minnesota Vikings,Miami Dolphins,Jordan Addison,,,WR,player_reception_yds,Full Game,62.5,Over,-113,draftkings|Jordan Addison|player_reception_yds|62.5,0.53051643,0.50210588,https://api.the-odds-api.com/v4/sports/americanfootball_nfl
2026,4,c327223d76a3b7b0db8c6c104442f44b,2026-10-04T20:05:00Z,DraftKings,draftkings,2026-10-04T18:07:59Z,Minnesota Vikings,Miami Dolphins,Jordan Addison,,,WR,player_reception_yds,Full Game,62.5,Under,-111,draftkings|Jordan Addison|player_reception_yds|62.5,0.52606635,0.49789412,https://api.the-odds-api.com/v4/sports/americanfootball_nfl
2026,4,c327223d76a3b7b0db8c6c104442f44b,2026-10-04T20:05:00Z,DraftKings,draftkings,2026-10-04T18:07:59Z,Minnesota Vikings,Miami Dolphins,Malik Washington,,,WR,player_reception_yds,Full Game,40.5,Over,-110,draftkings|Malik Washington|player_reception_yds|40.5,0.52380952,0.4957877,https://api.the-odds-api.com/v4/sports/americanfootball_nfl
2026,4,c327223d76a3b7b0db8c6c104442f44b,2026-10-04T20:05:00Z,DraftKings,draftkings,2026-10-04T18:07:59Z,Minnesota Vikings,Miami Dolphins,Malik Washington,,,WR,player_reception_yds,Full Game,40.5,Under,-114,draftkings|Malik Washington|player_reception_yds|40.5,0.53271028,0.5042123,https://api.the-odds-api.com/v4/sports/americanfootball_nfl
2026,4,c327223d76a3b7b0db8c6c104442f44b,2026-10-04T20:05:00Z,DraftKings,draftkings,2026-10-04T18:07:59Z,Minnesota Vikings,Miami Dolphins,T.J. Hockenson,,,WR,player_reception_yds,Full Game,38.5,Over,-113,draftkings|T.J. Hockenson|player_reception_yds|38.5,0.53051643,0.50210588,https://api.the-odds-api.com/v4/sports/americanfootball_nfl
2026,4,c327223d76a3b7b0db8c6c104442f44b,2026-10-04T20:05:00Z,DraftKings,draftkings,2026-10-04T18:07:59Z,Minnesota Vikings,Miami Dolphins,T.J. Hockenson,,,WR,player_reception_yds,Full Game,38.5,Under,-111,draftkings|T.J. Hockenson|player_reception_yds|38.5,0.52606635,0.49789412,https://api.the-odds-api.com/v4/sports/americanfootball_nfl
2026,4,c327223d76a3b7b0db8c6c104442f44b,2026-10-04T20:05:00Z,DraftKings,draftkings,2026-10-04T18:07:59Z,Minnesota Vikings,Miami Dolphins,Chris Bell,,,WR,player_reception_yds,Full Game,33.5,Over,-110,draftkings|Chris Bell|player_reception_yds|33.5,0.52380952,0.4957877,https://api.the-odds-api.com/v4/sports/americanfootball_nfl
2026,4,c327223d76a3b7b0db8c6c104442f44b,2026-10-04T20:05:00Z,DraftKings,draftkings,2026-10-04T18:07:59Z,Minnesota Vikings,Miami Dolphins,Chris Bell,,,WR,player_reception_yds,Full Game,33.5,Under,-114,draftkings|Chris Bell|player_reception_yds|33.5,0.53271028,0.5042123,https://api.the-odds-api.com/v4/sports/americanfootball_nfl
2026,4,c327223d76a3b7b0db8c6c104442f44b,2026-10-04T20:05:00Z,DraftKings,draftkings,2026-10-04T18:07:59Z,Minnesota Vikings,Miami Dolphins,Greg Dulcich,,,WR,player_reception_yds,Full Game,30.5,Over,-110,draftkings|Greg Dulcich|player_reception_yds|30.5,0.52380952,0.4957877,https://api.the-odds-api.com/v4/sports/americanfootball_nfl
2026,4,c327223d76a3b7b0db8c6c104442f44b,2026-10-04T20:05:00Z,DraftKings,draftkings,2026-10-04T18:07:59Z,Minnesota Vikings,Miami Dolphins,Greg Dulcich,,,WR,player_reception_yds,Full Game,30.5,Under,-114,draftkings|Greg Dulcich|player_reception_yds|30.5,0.53271028,0.5042123,https://api.the-odds-api.com/v4/sports/americanfootball_nfl
2026,4,c327223d76a3b7b0db8c6c104442f44b,2026-10-04T20:05:00Z,DraftKings,draftkings,2026-10-04T18:07:59Z,Minnesota Vikings,Miami Dolphins,Jauan Jennings,,,WR,player_reception_yds,Full Game,27.5,Over,-114,draftkings|Jauan Jennings|player_reception_yds|27.5,0.53271028,0.5042123,https://api.the-odds-api.com/v4/sports/americanfootball_nfl
2026,4,c327223d76a3b7b0db8c6c104442f44b,2026-10-04T20:05:00Z,DraftKings,draftkings,2026-10-04T18:07:59Z,Minnesota Vikings,Miami Dolphins,Jauan Jennings,,,WR,player_reception_yds,Full Game,27.5,Under,-110,draftkings|Jauan Jennings|player_reception_yds|27.5,0.52380952,0.4957877,https://api.the-odds-api.com/v4/sports/americanfootball_nfl
2026,4,c327223d76a3b7b0db8c6c104442f44b,2026-10-04T20:05:00Z,DraftKings,draftkings,2026-10-04T18:07:59Z,Minnesota Vikings,Miami Dolphins,Aaron Jones,,,WR,player_reception_yds,Full Game,19.5,Over,-111,draftkings|Aaron Jones|player_reception_yds|19.5,0.52606635,0.49789412,https://api.the-odds-api.com/v4/sports/americanfootball_nfl
2026,4,c327223d76a3b7b0db8c6c104442f44b,2026-10-04T20:05:00Z,DraftKings,draftkings,2026-10-04T18:07:59Z,Minnesota Vikings,Miami Dolphins,Aaron Jones,,,WR,player_reception_yds,Full Game,19.5,Under,-113,draftkings|Aaron Jones|player_reception_yds|19.5,0.53051643,0.50210588,https://api.the-odds-api.com/v4/sports/americanfootball_nfl
2026,4,c327223d76a3b7b0db8c6c104442f44b,2026-10-04T20:05:00Z,DraftKings,draftkings,2026-10-04T18:07:59Z,Minnesota Vikings,Miami Dolphins,Tai Felton,,,WR,player_reception_yds,Full Game,15.5,Over,-116,draftkings|Tai Felton|player_reception_yds|15.5,0.53703704,0.50842886,https://api.the-odds-api.com/v4/sports/americanfootball_nfl
2026,4,c327223d76a3b7b0db8c6c104442f44b,2026-10-04T20:05:00Z,DraftKings,draftkings,2026-10-04T18:07:59Z,Minnesota Vikings,Miami Dolphins,Tai Felton,,,WR,player_reception_yds,Full Game,15.5,Under,-108,draftkings|Tai Felton|player_reception_yds|15.5,0.51923077,0.49157114,https://api.the-odds-api.com/v4/sports/americanfootball_nfl
2026,4,c327223d76a3b7b0db8c6c104442f44b,2026-10-04T20:05:00Z,DraftKings,draftkings,2026-10-04T18:07:59Z,Minnesota Vikings,Miami Dolphins,Kevin Coleman Jr.,,,WR,player_reception_yds,Full Game,15.5,Over,-109,draftkings|Kevin Coleman Jr.|player_reception_yds|15.5,0.5215311,0.49368022,https://api.the-odds-api.com/v4/sports/americanfootball_nfl
2026,4,c327223d76a3b7b0db8c6c104442f44b,2026-10-04T20:05:00Z,DraftKings,draftkings,2026-10-04T18:07:59Z,Minnesota Vikings,Miami Dolphins,Kevin Coleman Jr.,,,WR,player_reception_yds,Full Game,15.5,Under,-115,draftkings|Kevin Coleman Jr.|player_reception_yds|15.5,0.53488372,0.50631978,https://api.the-odds-api.com/v4/sports/americanfootball_nfl
2026,4,c327223d76a3b7b0db8c6c104442f44b,2026-10-04T20:05:00Z,DraftKings,draftkings,2026-10-04T18:07:59Z,Minnesota Vikings,Miami Dolphins,Ollie Gordon II,,,WR,player_reception_yds,Full Game,7.5,Over,-110,draftkings|Ollie Gordon II|player_reception_yds|7.5,0.52380952,0.4957877,https://api.the-odds-api.com/v4/sports/americanfootball_nfl
2026,4,c327223d76a3b7b0db8c6c104442f44b,2026-10-04T20:05:00Z,DraftKings,draftkings,2026-10-04T18:07:59Z,Minnesota Vikings,Miami Dolphins,Ollie Gordon II,,,WR,player_reception_yds,Full Game,7.5,Under,-114,draftkings|Ollie Gordon II|player_reception_yds|7.5,0.53271028,0.5042123,https://api.the-odds-api.com/v4/sports/americanfootball_nfl
2026,4,c327223d76a3b7b0db8c6c104442f44b,2026-10-04T20:05:00Z,DraftKings,draftkings,2026-10-04T18:07:59Z,Minnesota Vikings,Miami Dolphins,Jaylen Wright,,,WR,player_reception_yds,Full Game,5.5,Over,-115,draftkings|Jaylen Wright|player_reception_yds|5.5,0.53488372,0.50631978,https://api.the-odds-api.com/v4/sports/americanfootball_nfl
2026,4,c327223d76a3b7b0db8c6c104442f44b,2026-10-04T20:05:00Z,DraftKings,draftkings,2026-10-04T18:07:59Z,Minnesota Vikings,Miami Dolphins,Jaylen Wright,,,WR,player_reception_yds,Full Game,5.5,Under,-109,draftkings|Jaylen Wright|player_reception_yds|5.5,0.5215311,0.49368022,https://api.the-odds-api.com/v4/sports/americanfootball_nfl
2026,4,c327223d76a3b7b0db8c6c104442f44b,2026-10-04T20:05:00Z,DraftKings,draftkings,2026-10-04T18:07:59Z,Minnesota Vikings,Miami Dolphins,Ryan Miller,,,WR,player_reception_yds,Full Game,3.5,Over,-113,draftkings|Ryan Miller|player_reception_yds|3.5,0.53051643,0.50210588,https://api.the-odds-api.com/v4/sports/americanfootball_nfl
2026,4,c327223d76a3b7b0db8c6c104442f44b,2026-10-04T20:05:00Z,DraftKings,draftkings,2026-10-04T18:07:59Z,Minnesota Vikings,Miami Dolphins,Ryan Miller,,,WR,player_reception_yds,Full Game,3.5,Under,-111,draftkings|Ryan Miller|player_reception_yds|3.5,0.52606635,0.49789412,https://api.the-odds-api.com/v4/sports/americanfootball_nfl
2026,4,c327223d76a3b7b0db8c6c104442f44b,2026-10-04T20:05:00Z,DraftKings,draftkings,2026-10-04T18:07:59Z,Minnesota Vikings,Miami Dolphins,Aaron Jones,,,RB,player_rush_yds,Full Game,66.5,Over,-114,draftkings|Aaron Jones|player_rush_yds|66.5,0.53271028,0.5042123,https://api.the-odds-api.com/v4/sports/americanfootball_nfl
2026,4,c327223d76a3b7b0db8c6c104442f44b,2026-10-04T20:05:00Z,DraftKings,draftkings,2026-10-04T18:07:59Z,Minnesota Vikings,Miami Dolphins,Aaron Jones,,,RB,player_rush_yds,Full Game,66.5,Under,-110,draftkings|Aaron Jones|player_rush_yds|66.5,0.52380952,0.4957877,https://api.the-odds-api.com/v4/sports/americanfootball_nfl
2026,4,c327223d76a3b7b0db8c6c104442f44b,2026-10-04T20:05:00Z,DraftKings,draftkings,2026-10-04T18:07:59Z,Minnesota Vikings,Miami Dolphins,Malik Willis,,,RB,player_rush_yds,Full Game,30.5,Over,-114,draftkings|Malik Willis|player_rush_yds|30.5,0.53271028,0.5042123,https://api.the-odds-api.com/v4/sports/americanfootball_nfl
2026,4,c327223d76a3b7b0db8c6c104442f44b,2026-10-04T20:05:00Z,DraftKings,draftkings,2026-10-04T18:07:59Z,Minnesota Vikings,Miami Dolphins,Malik Willis,,,RB,player_rush_yds,Full Game,30.5,Under,-110,draftkings|Malik Willis|player_rush_yds|30.5,0.52380952,0.4957877,https://api.the-odds-api.com/v4/sports/americanfootball_nfl
2026,4,c327223d76a3b7b0db8c6c104442f44b,2026-10-04T20:05:00Z,DraftKings,draftkings,2026-10-04T18:07:59Z,Minnesota Vikings,Miami Dolphins,Jaylen Wright,,,RB,player_rush_yds,Full Game,28.5,Over,-116,draftkings|Jaylen Wright|player_rush_yds|28.5,0.53703704,0.50842886,https://api.the-odds-api.com/v4/sports/americanfootball_nfl
2026,4,c327223d76a3b7b0db8c6c104442f44b,2026-10-04T20:05:00Z,DraftKings,draftkings,2026-10-04T18:07:59Z,Minnesota Vikings,Miami Dolphins,Jaylen Wright,,,RB,player_rush_yds,Full Game,28.5,Under,-108,draftkings|Jaylen Wright|player_rush_yds|28.5,0.51923077,0.49157114,https://api.the-odds-api.com/v4/sports/americanfootball_nfl
2026,4,c327223d76a3b7b0db8c6c104442f44b,2026-10-04T20:05:00Z,DraftKings,draftkings,2026-10-04T18:07:59Z,Minnesota Vikings,Miami Dolphins,Ollie Gordon II,,,RB,player_rush_yds,Full Game,25.5,Over,-117,draftkings|Ollie Gordon II|player_rush_yds|25.5,0.53917051,0.51054008,https://api.the-odds-api.com/v4/sports/americanfootball_nfl
2026,4,c327223d76a3b7b0db8c6c104442f44b,2026-10-04T20:05:00Z,DraftKings,draftkings,2026-10-04T18:07:59Z,Minnesota Vikings,Miami Dolphins,Ollie Gordon II,,,RB,player_rush_yds,Full Game,25.5,Under,-107,draftkings|Ollie Gordon II|player_rush_yds|25.5,0.51690821,0.48945992,https://api.the-odds-api.com/v4/sports/americanfootball_nfl
2026,4,c327223d76a3b7b0db8c6c104442f44b,2026-10-04T20:05:00Z,DraftKings,draftkings,2026-10-04T18:07:59Z,Minnesota Vikings,Miami Dolphins,Kyler Murray,,,RB,player_rush_yds,Full Game,21.5,Over,-116,draftkings|Kyler Murray|player_rush_yds|21.5,0.53703704,0.50842886,https://api.the-odds-api.com/v4/sports/americanfootball_nfl
2026,4,c327223d76a3b7b0db8c6c104442f44b,2026-10-04T20:05:00Z,DraftKings,draftkings,2026-10-04T18:07:59Z,Minnesota Vikings,Miami Dolphins,Kyler Murray,,,RB,player_rush_yds,Full Game,21.5,Under,-108,draftkings|Kyler Murray|player_rush_yds|21.5,0.51923077,0.49157114,https://api.the-odds-api.com/v4/sports/americanfootball_nfl
2026,4,c327223d76a3b7b0db8c6c104442f44b,2026-10-04T20:05:00Z,DraftKings,draftkings,2026-10-04T18:07:59Z,Minnesota Vikings,Miami Dolphins,Malik Washington,,,RB,player_rush_yds,Full Game,4.5,Over,-117,draftkings|Malik Washington|player_rush_yds|4.5,0.53917051,0.51054008,https://api.the-odds-api.com/v4/sports/americanfootball_nfl
2026,4,c327223d76a3b7b0db8c6c104442f44b,2026-10-04T20:05:00Z,DraftKings,draftkings,2026-10-04T18:07:59Z,Minnesota Vikings,Miami Dolphins,Malik Washington,,,RB,player_rush_yds,Full Game,4.5,Under,-107,draftkings|Malik Washington|player_rush_yds|4.5,0.51690821,0.48945992,https://api.the-odds-api.com/v4/sports/americanfootball_nfl
2026,4,c327223d76a3b7b0db8c6c104442f44b,2026-10-04T20:05:00Z,FanDuel,fanduel,2026-10-04T18:08:04Z,Minnesota Vikings,Miami Dolphins,Jaylen Wright,,,WR,player_reception_yds,Full Game,5.5,Over,-128,fanduel|Jaylen Wright|player_reception_yds|5.5,0.56140351,0.52892562,https://api.the-odds-api.com/v4/sports/americanfootball_nfl
2026,4,c327223d76a3b7b0db8c6c104442f44b,2026-10-04T20:05:00Z,FanDuel,fanduel,2026-10-04T18:08:04Z,Minnesota Vikings,Miami Dolphins,Jaylen Wright,,,WR,player_reception_yds,Full Game,5.5,Under,100,fanduel|Jaylen Wright|player_reception_yds|5.5,0.5,0.47107438,https://api.the-odds-api.com/v4/sports/americanfootball_nfl
2026,4,c327223d76a3b7b0db8c6c104442f44b,2026-10-04T20:05:00Z,FanDuel,fanduel,2026-10-04T18:08:04Z,Minnesota Vikings,Miami Dolphins,Greg Dulcich,,,WR,player_reception_yds,Full Game,29.5,Over,-113,fanduel|Greg Dulcich|player_reception_yds|29.5,0.53051643,0.5,https://api.the-odds-api.com/v4/sports/americanfootball_nfl
2026,4,c327223d76a3b7b0db8c6c104442f44b,2026-10-04T20:05:00Z,FanDuel,fanduel,2026-10-04T18:08:04Z,Minnesota Vikings,Miami Dolphins,Greg Dulcich,,,WR,player_reception_yds,Full Game,29.5,Under,-113,fanduel|Greg Dulcich|player_reception_yds|29.5,0.53051643,0.5,https://api.the-odds-api.com/v4/sports/americanfootball_nfl
2026,4,c327223d76a3b7b0db8c6c104442f44b,2026-10-04T20:05:00Z,FanDuel,fanduel,2026-10-04T18:08:04Z,Minnesota Vikings,Miami Dolphins,Malik Washington,,,WR,player_reception_yds,Full Game,40.5,Over,-113,fanduel|Malik Washington|player_reception_yds|40.5,0.53051643,0.5,https://api.the-odds-api.com/v4/sports/americanfootball_nfl
2026,4,c327223d76a3b7b0db8c6c104442f44b,2026-10-04T20:05:00Z,FanDuel,fanduel,2026-10-04T18:08:04Z,Minnesota Vikings,Miami Dolphins,Malik Washington,,,WR,player_reception_yds,Full Game,40.5,Under,-113,fanduel|Malik Washington|player_reception_yds|40.5,0.53051643,0.5,https://api.the-odds-api.com/v4/sports/americanfootball_nfl
2026,4,c327223d76a3b7b0db8c6c104442f44b,2026-10-04T20:05:00Z,FanDuel,fanduel,2026-10-04T18:08:04Z,Minnesota Vikings,Miami Dolphins,T.J. Hockenson,,,WR,player_reception_yds,Full Game,38.5,Over,-113,fanduel|T.J. Hockenson|player_reception_yds|38.5,0.53051643,0.5,https://api.the-odds-api.com/v4/sports/americanfootball_nfl
2026,4,c327223d76a3b7b0db8c6c104442f44b,2026-10-04T20:05:00Z,FanDuel,fanduel,2026-10-04T18:08:04Z,Minnesota Vikings,Miami Dolphins,T.J. Hockenson,,,WR,player_reception_yds,Full Game,38.5,Under,-113,fanduel|T.J. Hockenson|player_reception_yds|38.5,0.53051643,0.5,https://api.the-odds-api.com/v4/sports/americanfootball_nfl
2026,4,c327223d76a3b7b0db8c6c104442f44b,2026-10-04T20:05:00Z,FanDuel,fanduel,2026-10-04T18:08:04Z,Minnesota Vikings,Miami Dolphins,Jordan Addison,,,WR,player_reception_yds,Full Game,61.5,Over,-113,fanduel|Jordan Addison|player_reception_yds|61.5,0.53051643,0.5,https://api.the-odds-api.com/v4/sports/americanfootball_nfl
2026,4,c327223d76a3b7b0db8c6c104442f44b,2026-10-04T20:05:00Z,FanDuel,fanduel,2026-10-04T18:08:04Z,Minnesota Vikings,Miami Dolphins,Jordan Addison,,,WR,player_reception_yds,Full Game,61.5,Under,-113,fanduel|Jordan Addison|player_reception_yds|61.5,0.53051643,0.5,https://api.the-odds-api.com/v4/sports/americanfootball_nfl
2026,4,c327223d76a3b7b0db8c6c104442f44b,2026-10-04T20:05:00Z,FanDuel,fanduel,2026-10-04T18:08:04Z,Minnesota Vikings,Miami Dolphins,Ollie Gordon II,,,WR,player_reception_yds,Full Game,7.5,Over,-113,fanduel|Ollie Gordon II|player_reception_yds|7.5,0.53051643,0.5,https://api.the-odds-api.com/v4/sports/americanfootball_nfl
2026,4,c327223d76a3b7b0db8c6c104442f44b,2026-10-04T20:05:00Z,FanDuel,fanduel,2026-10-04T18:08:04Z,Minnesota Vikings,Miami Dolphins,Ollie Gordon II,,,WR,player_reception_yds,Full Game,7.5,Under,-113,fanduel|Ollie Gordon II|player_reception_yds|7.5,0.53051643,0.5,https://api.the-odds-api.com/v4/sports/americanfootball_nfl
2026,4,c327223d76a3b7b0db8c6c104442f44b,2026-10-04T20:05:00Z,FanDuel,fanduel,2026-10-04T18:08:04Z,Minnesota Vikings,Miami Dolphins,Kevin Coleman Jr.,,,WR,player_reception_yds,Full Game,14.5,Over,-113,fanduel|Kevin Coleman Jr.|player_reception_yds|14.5,0.53051643,0.5,https://api.the-odds-api.com/v4/sports/americanfootball_nfl
2026,4,c327223d76a3b7b0db8c6c104442f44b,2026-10-04T20:05:00Z,FanDuel,fanduel,2026-10-04T18:08:04Z,Minnesota Vikings,Miami Dolphins,Kevin Coleman Jr.,,,WR,player_reception_yds,Full Game,14.5,Under,-113,fanduel|Kevin Coleman Jr.|player_reception_yds|14.5,0.53051643,0.5,https://api.the-odds-api.com/v4/sports/americanfootball_nfl
2026,4,c327223d76a3b7b0db8c6c104442f44b,2026-10-04T20:05:00Z,FanDuel,fanduel,2026-10-04T18:08:04Z,Minnesota Vikings,Miami Dolphins,Ryan Miller,,,WR,player_reception_yds,Full Game,4.5,Over,-102,fanduel|Ryan Miller|player_reception_yds|4.5,0.5049505,0.47614108,https://api.the-odds-api.com/v4/sports/americanfootball_nfl
2026,4,c327223d76a3b7b0db8c6c104442f44b,2026-10-04T20:05:00Z,FanDuel,fanduel,2026-10-04T18:08:04Z,Minnesota Vikings,Miami Dolphins,Ryan Miller,,,WR,player_reception_yds,Full Game,4.5,Under,-125,fanduel|Ryan Miller|player_reception_yds|4.5,0.55555556,0.52385892,https://api.the-odds-api.com/v4/sports/americanfootball_nfl
2026,4,c327223d76a3b7b0db8c6c104442f44b,2026-10-04T20:05:00Z,FanDuel,fanduel,2026-10-04T18:08:04Z,Minnesota Vikings,Miami Dolphins,Jauan Jennings,,,WR,player_reception_yds,Full Game,26.5,Over,-113,fanduel|Jauan Jennings|player_reception_yds|26.5,0.53051643,0.5,https://api.the-odds-api.com/v4/sports/americanfootball_nfl
2026,4,c327223d76a3b7b0db8c6c104442f44b,2026-10-04T20:05:00Z,FanDuel,fanduel,2026-10-04T18:08:04Z,Minnesota Vikings,Miami Dolphins,Jauan Jennings,,,WR,player_reception_yds,Full Game,26.5,Under,-113,fanduel|Jauan Jennings|player_reception_yds|26.5,0.53051643,0.5,https://api.the-odds-api.com/v4/sports/americanfootball_nfl
2026,4,c327223d76a3b7b0db8c6c104442f44b,2026-10-04T20:05:00Z,FanDuel,fanduel,2026-10-04T18:08:04Z,Minnesota Vikings,Miami Dolphins,Chris Bell,,,WR,player_reception_yds,Full Game,34.5,Over,-113,fanduel|Chris Bell|player_reception_yds|34.5,0.53051643,0.5,https://api.the-odds-api.com/v4/sports/americanfootball_nfl
2026,4,c327223d76a3b7b0db8c6c104442f44b,2026-10-04T20:05:00Z,FanDuel,fanduel,2026-10-04T18:08:04Z,Minnesota Vikings,Miami Dolphins,Chris Bell,,,WR,player_reception_yds,Full Game,34.5,Under,-113,fanduel|Chris Bell|player_reception_yds|34.5,0.53051643,0.5,https://api.the-odds-api.com/v4/sports/americanfootball_nfl
2026,4,c327223d76a3b7b0db8c6c104442f44b,2026-10-04T20:05:00Z,FanDuel,fanduel,2026-10-04T18:08:04Z,Minnesota Vikings,Miami Dolphins,Tai Felton,,,WR,player_reception_yds,Full Game,15.5,Over,-113,fanduel|Tai Felton|player_reception_yds|15.5,0.53051643,0.5,https://api.the-odds-api.com/v4/sports/americanfootball_nfl
2026,4,c327223d76a3b7b0db8c6c104442f44b,2026-10-04T20:05:00Z,FanDuel,fanduel,2026-10-04T18:08:04Z,Minnesota Vikings,Miami Dolphins,Tai Felton,,,WR,player_reception_yds,Full Game,15.5,Under,-113,fanduel|Tai Felton|player_reception_yds|15.5,0.53051643,0.5,https://api.the-odds-api.com/v4/sports/americanfootball_nfl
2026,4,c327223d76a3b7b0db8c6c104442f44b,2026-10-04T20:05:00Z,FanDuel,fanduel,2026-10-04T18:08:04Z,Minnesota Vikings,Miami Dolphins,Aaron Jones,,,WR,player_reception_yds,Full Game,19.5,Over,-113,fanduel|Aaron Jones|player_reception_yds|19.5,0.53051643,0.5,https://api.the-odds-api.com/v4/sports/americanfootball_nfl
2026,4,c327223d76a3b7b0db8c6c104442f44b,2026-10-04T20:05:00Z,FanDuel,fanduel,2026-10-04T18:08:04Z,Minnesota Vikings,Miami Dolphins,Aaron Jones,,,WR,player_reception_yds,Full Game,19.5,Under,-113,fanduel|Aaron Jones|player_reception_yds|19.5,0.53051643,0.5,https://api.the-odds-api.com/v4/sports/americanfootball_nfl
2026,4,c327223d76a3b7b0db8c6c104442f44b,2026-10-04T20:05:00Z,FanDuel,fanduel,2026-10-04T18:08:04Z,Minnesota Vikings,Miami Dolphins,Kyler Murray,,,RB,player_rush_yds,Full Game,21.5,Over,-113,fanduel|Kyler Murray|player_rush_yds|21.5,0.53051643,0.5,https://api.the-odds-api.com/v4/sports/americanfootball_nfl
2026,4,c327223d76a3b7b0db8c6c104442f44b,2026-10-04T20:05:00Z,FanDuel,fanduel,2026-10-04T18:08:04Z,Minnesota Vikings,Miami Dolphins,Kyler Murray,,,RB,player_rush_yds,Full Game,21.5,Under,-113,fanduel|Kyler Murray|player_rush_yds|21.5,0.53051643,0.5,https://api.the-odds-api.com/v4/sports/americanfootball_nfl
2026,4,c327223d76a3b7b0db8c6c104442f44b,2026-10-04T20:05:00Z,FanDuel,fanduel,2026-10-04T18:08:04Z,Minnesota Vikings,Miami Dolphins,Malik Willis,,,RB,player_rush_yds,Full Game,30.5,Over,-113,fanduel|Malik Willis|player_rush_yds|30.5,0.53051643,0.5,https://api.the-odds-api.com/v4/sports/americanfootball_nfl
2026,4,c327223d76a3b7b0db8c6c104442f44b,2026-10-04T20:05:00Z,FanDuel,fanduel,2026-10-04T18:08:04Z,Minnesota Vikings,Miami Dolphins,Malik Willis,,,RB,player_rush_yds,Full Game,30.5,Under,-113,fanduel|Malik Willis|player_rush_yds|30.5,0.53051643,0.5,https://api.the-odds-api.com/v4/sports/americanfootball_nfl
2026,4,c327223d76a3b7b0db8c6c104442f44b,2026-10-04T20:05:00Z,FanDuel,fanduel,2026-10-04T18:08:04Z,Minnesota Vikings,Miami Dolphins,Ollie Gordon II,,,RB,player_rush_yds,Full Game,23.5,Over,-113,fanduel|Ollie Gordon II|player_rush_yds|23.5,0.53051643,0.5,https://api.the-odds-api.com/v4/sports/americanfootball_nfl
2026,4,c327223d76a3b7b0db8c6c104442f44b,2026-10-04T20:05:00Z,FanDuel,fanduel,2026-10-04T18:08:04Z,Minnesota Vikings,Miami Dolphins,Ollie Gordon II,,,RB,player_rush_yds,Full Game,23.5,Under,-113,fanduel|Ollie Gordon II|player_rush_yds|23.5,0.53051643,0.5,https://api.the-odds-api.com/v4/sports/americanfootball_nfl
2026,4,c327223d76a3b7b0db8c6c104442f44b,2026-10-04T20:05:00Z,FanDuel,fanduel,2026-10-04T18:08:04Z,Minnesota Vikings,Miami Dolphins,Malik Washington,,,RB,player_rush_yds,Full Game,5.5,Over,-113,fanduel|Malik Washington|player_rush_yds|5.5,0.53051643,0.5,https://api.the-odds-api.com/v4/sports/americanfootball_nfl
2026,4,c327223d76a3b7b0db8c6c104442f44b,2026-10-04T20:05:00Z,FanDuel,fanduel,2026-10-04T18:08:04Z,Minnesota Vikings,Miami Dolphins,Malik Washington,,,RB,player_rush_yds,Full Game,5.5,Under,-113,fanduel|Malik Washington|player_rush_yds|5.5,0.53051643,0.5,https://api.the-odds-api.com/v4/sports/americanfootball_nfl
2026,4,c327223d76a3b7b0db8c6c104442f44b,2026-10-04T20:05:00Z,FanDuel,fanduel,2026-10-04T18:08:04Z,Minnesota Vikings,Miami Dolphins,Aaron Jones,,,RB,player_rush_yds,Full Game,65.5,Over,-113,fanduel|Aaron Jones|player_rush_yds|65.5,0.53051643,0.5,https://api.the-odds-api.com/v4/sports/americanfootball_nfl
2026,4,c327223d76a3b7b0db8c6c104442f44b,2026-10-04T20:05:00Z,FanDuel,fanduel,2026-10-04T18:08:04Z,Minnesota Vikings,Miami Dolphins,Aaron Jones,,,RB,player_rush_yds,Full Game,65.5,Under,-113,fanduel|Aaron Jones|player_rush_yds|65.5,0.53051643,0.5,https://api.the-odds-api.com/v4/sports/americanfootball_nfl
2026,4,c327223d76a3b7b0db8c6c104442f44b,2026-10-04T20:05:00Z,FanDuel,fanduel,2026-10-04T18:08:04Z,Minnesota Vikings,Miami Dolphins,Jaylen Wright,,,RB,player_rush_yds,Full Game,27.5,Over,-113,fanduel|Jaylen Wright|player_rush_yds|27.5,0.53051643,0.5,https://api.the-odds-api.com/v4/sports/americanfootball_nfl
2026,4,c327223d76a3b7b0db8c6c104442f44b,2026-10-04T20:05:00Z,FanDuel,fanduel,2026-10-04T18:08:04Z,Minnesota Vikings,Miami Dolphins,Jaylen Wright,,,RB,player_rush_yds,Full Game,27.5,Under,-113,fanduel|Jaylen Wright|player_rush_yds|27.5,0.53051643,0.5,https://api.the-odds-api.com/v4/sports/americanfootball_nfl
2026,4,c327223d76a3b7b0db8c6c104442f44b,2026-10-04T20:05:00Z,BetOnline.ag,betonlineag,2026-10-04T18:08:02Z,Minnesota Vikings,Miami Dolphins,Jaylen Wright,,,WR,player_reception_yds,Full Game,5.5,Over,-123,betonlineag|Jaylen Wright|player_reception_yds|5.5,0.55156951,0.51967526,https://api.the-odds-api.com/v4/sports/americanfootball_nfl
2026,4,c327223d76a3b7b0db8c6c104442f44b,2026-10-04T20:05:00Z,BetOnline.ag,betonlineag,2026-10-04T18:08:02Z,Minnesota Vikings,Miami Dolphins,Jaylen Wright,,,WR,player_reception_yds,Full Game,5.5,Under,-104,betonlineag|Jaylen Wright|player_reception_yds|5.5,0.50980392,0.48032474,https://api.the-odds-api.com/v4/sports/americanfootball_nfl
2026,4,c327223d76a3b7b0db8c6c104442f44b,2026-10-04T20:05:00Z,BetOnline.ag,betonlineag,2026-10-04T18:08:02Z,Minnesota Vikings,Miami Dolphins,Greg Dulcich,,,WR,player_reception_yds,Full Game,29.5,Over,-116,betonlineag|Greg Dulcich|player_reception_yds|29.5,0.53703704,0.50515975,https://api.the-odds-api.com/v4/sports/americanfootball_nfl
2026,4,c327223d76a3b7b0db8c6c104442f44b,2026-10-04T20:05:00Z,BetOnline.ag,betonlineag,2026-10-04T18:08:02Z,Minnesota Vikings,Miami Dolphins,Greg Dulcich,,,WR,player_reception_yds,Full Game,29.5,Under,-111,betonlineag|Greg Dulcich|player_reception_yds|29.5,0.52606635,0.49484025,https://api.the-odds-api.com/v4/sports/americanfootball_nfl
2026,4,c327223d76a3b7b0db8c6c104442f44b,2026-10-04T20:05:00Z,BetOnline.ag,betonlineag,2026-10-04T18:08:02Z,Minnesota Vikings,Miami Dolphins,Aaron Jones,,,WR,player_reception_yds,Full Game,19.5,Over,-116,betonlineag|Aaron Jones|player_reception_yds|19.5,0.53703704,0.50515975,https://api.the-odds-api.com/v4/sports/americanfootball_nfl
2026,4,c327223d76a3b7b0db8c6c104442f44b,2026-10-04T20:05:00Z,BetOnline.ag,betonlineag,2026-10-04T18:08:02Z,Minnesota Vikings,Miami Dolphins,Aaron Jones,,,WR,player_reception_yds,Full Game,19.5,Under,-111,betonlineag|Aaron Jones|player_reception_yds|19.5,0.52606635,0.49484025,https://api.the-odds-api.com/v4/sports/americanfootball_nfl
2026,4,c327223d76a3b7b0db8c6c104442f44b,2026-10-04T20:05:00Z,BetOnline.ag,betonlineag,2026-10-04T18:08:02Z,Minnesota Vikings,Miami Dolphins,Jauan Jennings,,,WR,player_reception_yds,Full Game,26.5,Over,-116,betonlineag|Jauan Jennings|player_reception_yds|26.5,0.53703704,0.50515975,https://api.the-odds-api.com/v4/sports/americanfootball_nfl
2026,4,c327223d76a3b7b0db8c6c104442f44b,2026-10-04T20:05:00Z,BetOnline.ag,betonlineag,2026-10-04T18:08:02Z,Minnesota Vikings,Miami Dolphins,Jauan Jennings,,,WR,player_reception_yds,Full Game,26.5,Under,-111,betonlineag|Jauan Jennings|player_reception_yds|26.5,0.52606635,0.49484025,https://api.the-odds-api.com/v4/sports/americanfootball_nfl
2026,4,c327223d76a3b7b0db8c6c104442f44b,2026-10-04T20:05:00Z,BetOnline.ag,betonlineag,2026-10-04T18:08:02Z,Minnesota Vikings,Miami Dolphins,T.J. Hockenson,,,WR,player_reception_yds,Full Game,38.5,Over,-116,betonlineag|T.J. Hockenson|player_reception_yds|38.5,0.53703704,0.50515975,https://api.the-odds-api.com/v4/sports/americanfootball_nfl
2026,4,c327223d76a3b7b0db8c6c104442f44b,2026-10-04T20:05:00Z,BetOnline.ag,betonlineag,2026-10-04T18:08:02Z,Minnesota Vikings,Miami Dolphins,T.J. Hockenson,,,WR,player_reception_yds,Full Game,38.5,Under,-111,betonlineag|T.J. Hockenson|player_reception_yds|38.5,0.52606635,0.49484025,https://api.the-odds-api.com/v4/sports/americanfootball_nfl
2026,4,c327223d76a3b7b0db8c6c104442f44b,2026-10-04T20:05:00Z,BetOnline.ag,betonlineag,2026-10-04T18:08:02Z,Minnesota Vikings,Miami Dolphins,Malik Washington,,,WR,player_reception_yds,Full Game,40.5,Over,-114,betonlineag|Malik Washington|player_reception_yds|40.5,0.53271028,0.5,https://api.the-odds-api.com/v4/sports/americanfootball_nfl
2026,4,c327223d76a3b7b0db8c6c104442f44b,2026-10-04T20:05:00Z,BetOnline.ag,betonlineag,2026-10-04T18:08:02Z,Minnesota Vikings,Miami Dolphins,Malik Washington,,,WR,player_reception_yds,Full Game,40.5,Under,-114,betonlineag|Malik Washington|player_reception_yds|40.5,0.53271028,0.5,https://api.the-odds-api.com/v4/sports/americanfootball_nfl
2026,4,c327223d76a3b7b0db8c6c104442f44b,2026-10-04T20:05:00Z,BetOnline.ag,betonlineag,2026-10-04T18:08:02Z,Minnesota Vikings,Miami Dolphins,Chris Bell,,,WR,player_reception_yds,Full Game,34.5,Over,-114,betonlineag|Chris Bell|player_reception_yds|34.5,0.53271028,0.5,https://api.the-odds-api.com/v4/sports/americanfootball_nfl
2026,4,c327223d76a3b7b0db8c6c104442f44b,2026-10-04T20:05:00Z,BetOnline.ag,betonlineag,2026-10-04T18:08:02Z,Minnesota Vikings,Miami Dolphins,Chris Bell,,,WR,player_reception_yds,Full Game,34.5,Under,-114,betonlineag|Chris Bell|player_reception_yds|34.5,0.53271028,0.5,https://api.the-odds-api.com/v4/sports/americanfootball_nfl
2026,4,c327223d76a3b7b0db8c6c104442f44b,2026-10-04T20:05:00Z,BetOnline.ag,betonlineag,2026-10-04T18:08:02Z,Minnesota Vikings,Miami Dolphins,Kevin Coleman Jr.,,,WR,player_reception_yds,Full Game,14.5,Over,-116,betonlineag|Kevin Coleman Jr.|player_reception_yds|14.5,0.53703704,0.50515975,https://api.the-odds-api.com/v4/sports/americanfootball_nfl
2026,4,c327223d76a3b7b0db8c6c104442f44b,2026-10-04T20:05:00Z,BetOnline.ag,betonlineag,2026-10-04T18:08:02Z,Minnesota Vikings,Miami Dolphins,Kevin Coleman Jr.,,,WR,player_reception_yds,Full Game,14.5,Under,-111,betonlineag|Kevin Coleman Jr.|player_reception_yds|14.5,0.52606635,0.49484025,https://api.the-odds-api.com/v4/sports/americanfootball_nfl
2026,4,c327223d76a3b7b0db8c6c104442f44b,2026-10-04T20:05:00Z,BetOnline.ag,betonlineag,2026-10-04T18:08:02Z,Minnesota Vikings,Miami Dolphins,Jordan Addison,,,WR,player_reception_yds,Full Game,64.5,Over,-114,betonlineag|Jordan Addison|player_reception_yds|64.5,0.53271028,0.5,https://api.the-odds-api.com/v4/sports/americanfootball_nfl
2026,4,c327223d76a3b7b0db8c6c104442f44b,2026-10-04T20:05:00Z,BetOnline.ag,betonlineag,2026-10-04T18:08:02Z,Minnesota Vikings,Miami Dolphins,Jordan Addison,,,WR,player_reception_yds,Full Game,64.5,Under,-114,betonlineag|Jordan Addison|player_reception_yds|64.5,0.53271028,0.5,https://api.the-odds-api.com/v4/sports/americanfootball_nfl
2026,4,c327223d76a3b7b0db8c6c104442f44b,2026-10-04T20:05:00Z,BetOnline.ag,betonlineag,2026-10-04T18:08:02Z,Minnesota Vikings,Miami Dolphins,Ryan Miller,,,WR,player_reception_yds,Full Game,4.5,Over,100,betonlineag|Ryan Miller|player_reception_yds|4.5,0.5,0.46938776,https://api.the-odds-api.com/v4/sports/americanfootball_nfl
2026,4,c327223d76a3b7b0db8c6c104442f44b,2026-10-04T20:05:00Z,BetOnline.ag,betonlineag,2026-10-04T18:08:02Z,Minnesota Vikings,Miami Dolphins,Ryan Miller,,,WR,player_reception_yds,Full Game,4.5,Under,-130,betonlineag|Ryan Miller|player_reception_yds|4.5,0.56521739,0.53061224,https://api.the-odds-api.com/v4/sports/americanfootball_nfl
2026,4,c327223d76a3b7b0db8c6c104442f44b,2026-10-04T20:05:00Z,BetOnline.ag,betonlineag,2026-10-04T18:08:02Z,Minnesota Vikings,Miami Dolphins,Ollie Gordon II,,,WR,player_reception_yds,Full Game,7.5,Over,-115,betonlineag|Ollie Gordon II|player_reception_yds|7.5,0.53488372,0.50309533,https://api.the-odds-api.com/v4/sports/americanfootball_nfl
2026,4,c327223d76a3b7b0db8c6c104442f44b,2026-10-04T20:05:00Z,BetOnline.ag,betonlineag,2026-10-04T18:08:02Z,Minnesota Vikings,Miami Dolphins,Ollie Gordon II,,,WR,player_reception_yds,Full Game,7.5,Under,-112,betonlineag|Ollie Gordon II|player_reception_yds|7.5,0.52830189,0.49690467,https://api.the-odds-api.com/v4/sports/americanfootball_nfl
2026,4,c327223d76a3b7b0db8c6c104442f44b,2026-10-04T20:05:00Z,BetOnline.ag,betonlineag,2026-10-04T18:08:02Z,Minnesota Vikings,Miami Dolphins,Tai Felton,,,WR,player_reception_yds,Full Game,16.5,Over,-114,betonlineag|Tai Felton|player_reception_yds|16.5,0.53271028,0.5,https://api.the-odds-api.com/v4/sports/americanfootball_nfl
2026,4,c327223d76a3b7b0db8c6c104442f44b,2026-10-04T20:05:00Z,BetOnline.ag,betonlineag,2026-10-04T18:08:02Z,Minnesota Vikings,Miami Dolphins,Tai Felton,,,WR,player_reception_yds,Full Game,16.5,Under,-114,betonlineag|Tai Felton|player_reception_yds|16.5,0.53271028,0.5,https://api.the-odds-api.com/v4/sports/americanfootball_nfl
2026,4,c327223d76a3b7b0db8c6c104442f44b,2026-10-04T20:05:00Z,BetOnline.ag,betonlineag,2026-10-04T18:08:02Z,Minnesota Vikings,Miami Dolphins,Jaylen Wright,,,RB,player_rush_yds,Full Game,28.5,Over,-118,betonlineag|Jaylen Wright|player_rush_yds|28.5,0.5412844,0.50820345,https://api.the-odds-api.com/v4/sports/americanfootball_nfl
2026,4,c327223d76a3b7b0db8c6c104442f44b,2026-10-04T20:05:00Z,BetOnline.ag,betonlineag,2026-10-04T18:08:02Z,Minnesota Vikings,Miami Dolphins,Jaylen Wright,,,RB,player_rush_yds,Full Game,28.5,Under,-110,betonlineag|Jaylen Wright|player_rush_yds|28.5,0.52380952,0.49179655,https://api.the-odds-api.com/v4/sports/americanfootball_nfl
2026,4,c327223d76a3b7b0db8c6c104442f44b,2026-10-04T20:05:00Z,BetOnline.ag,betonlineag,2026-10-04T18:08:02Z,Minnesota Vikings,Miami Dolphins,Ollie Gordon II,,,RB,player_rush_yds,Full Game,25.5,Over,-114,betonlineag|Ollie Gordon II|player_rush_yds|25.5,0.53271028,0.5,https://api.the-odds-api.com/v4/sports/americanfootball_nfl
2026,4,c327223d76a3b7b0db8c6c104442f44b,2026-10-04T20:05:00Z,BetOnline.ag,betonlineag,2026-10-04T18:08:02Z,Minnesota Vikings,Miami Dolphins,Ollie Gordon II,,,RB,player_rush_yds,Full Game,25.5,Under,-114,betonlineag|Ollie Gordon II|player_rush_yds|25.5,0.53271028,0.5,https://api.the-odds-api.com/v4/sports/americanfootball_nfl
2026,4,c327223d76a3b7b0db8c6c104442f44b,2026-10-04T20:05:00Z,BetOnline.ag,betonlineag,2026-10-04T18:08:02Z,Minnesota Vikings,Miami Dolphins,Malik Washington,,,RB,player_rush_yds,Full Game,4.5,Over,-114,betonlineag|Malik Washington|player_rush_yds|4.5,0.53271028,0.5,https://api.the-odds-api.com/v4/sports/americanfootball_nfl
2026,4,c327223d76a3b7b0db8c6c104442f44b,2026-10-04T20:05:00Z,BetOnline.ag,betonlineag,2026-10-04T18:08:02Z,Minnesota Vikings,Miami Dolphins,Malik Washington,,,RB,player_rush_yds,Full Game,4.5,Under,-114,betonlineag|Malik Washington|player_rush_yds|4.5,0.53271028,0.5,https://api.the-odds-api.com/v4/sports/americanfootball_nfl
2026,4,c327223d76a3b7b0db8c6c104442f44b,2026-10-04T20:05:00Z,BetOnline.ag,betonlineag,2026-10-04T18:08:02Z,Minnesota Vikings,Miami Dolphins,Aaron Jones,,,RB,player_rush_yds,Full Game,66.5,Over,-115,betonlineag|Aaron Jones|player_rush_yds|66.5,0.53488372,0.50309533,https://api.the-odds-api.com/v4/sports/americanfootball_nfl
2026,4,c327223d76a3b7b0db8c6c104442f44b,2026-10-04T20:05:00Z,BetOnline.ag,betonlineag,2026-10-04T18:08:02Z,Minnesota Vikings,Miami Dolphins,Aaron Jones,,,RB,player_rush_yds,Full Game,66.5,Under,-112,betonlineag|Aaron Jones|player_rush_yds|66.5,0.52830189,0.49690467,https://api.the-odds-api.com/v4/sports/americanfootball_nfl
2026,4,c327223d76a3b7b0db8c6c104442f44b,2026-10-04T20:05:00Z,BetOnline.ag,betonlineag,2026-10-04T18:08:02Z,Minnesota Vikings,Miami Dolphins,Kyler Murray,,,RB,player_rush_yds,Full Game,21.5,Over,-115,betonlineag|Kyler Murray|player_rush_yds|21.5,0.53488372,0.50309533,https://api.the-odds-api.com/v4/sports/americanfootball_nfl
2026,4,c327223d76a3b7b0db8c6c104442f44b,2026-10-04T20:05:00Z,BetOnline.ag,betonlineag,2026-10-04T18:08:02Z,Minnesota Vikings,Miami Dolphins,Kyler Murray,,,RB,player_rush_yds,Full Game,21.5,Under,-112,betonlineag|Kyler Murray|player_rush_yds|21.5,0.52830189,0.49690467,https://api.the-odds-api.com/v4/sports/americanfootball_nfl
2026,4,c327223d76a3b7b0db8c6c104442f44b,2026-10-04T20:05:00Z,BetOnline.ag,betonlineag,2026-10-04T18:08:02Z,Minnesota Vikings,Miami Dolphins,Malik Willis,,,RB,player_rush_yds,Full Game,31.5,Over,-114,betonlineag|Malik Willis|player_rush_yds|31.5,0.53271028,0.5,https://api.the-odds-api.com/v4/sports/americanfootball_nfl
2026,4,c327223d76a3b7b0db8c6c104442f44b,2026-10-04T20:05:00Z,BetOnline.ag,betonlineag,2026-10-04T18:08:02Z,Minnesota Vikings,Miami Dolphins,Malik Willis,,,RB,player_rush_yds,Full Game,31.5,Under,-114,betonlineag|Malik Willis|player_rush_yds|31.5,0.53271028,0.5,https://api.the-odds-api.com/v4/sports/americanfootball_nfl
2026,4,c327223d76a3b7b0db8c6c104442f44b,2026-10-04T20:05:00Z,BetRivers,betrivers,2026-10-04T18:07:39Z,Minnesota Vikings,Miami Dolphins,Jauan Jennings,,,WR,player_reception_yds,Full Game,25.5,Over,-118,betrivers|Jauan Jennings|player_reception_yds|25.5,0.5412844,0.50502331,https://api.the-odds-api.com/v4/sports/americanfootball_nfl
2026,4,c327223d76a3b7b0db8c6c104442f44b,2026-10-04T20:05:00Z,BetRivers,betrivers,2026-10-04T18:07:39Z,Minnesota Vikings,Miami Dolphins,Jauan Jennings,,,WR,player_reception_yds,Full Game,25.5,Under,-113,betrivers|Jauan Jennings|player_reception_yds|25.5,0.53051643,0.49497669,https://api.the-odds-api.com/v4/sports/americanfootball_nfl
2026,4,c327223d76a3b7b0db8c6c104442f44b,2026-10-04T20:05:00Z,BetRivers,betrivers,2026-10-04T18:07:39Z,Minnesota Vikings,Miami Dolphins,Kevin Coleman Jr.,,,WR,player_reception_yds,Full Game,14.5,Over,-115,betrivers|Kevin Coleman Jr.|player_reception_yds|14.5,0.53488372,0.5,https://api.the-odds-api.com/v4/sports/americanfootball_nfl
2026,4,c327223d76a3b7b0db8c6c104442f44b,2026-10-04T20:05:00Z,BetRivers,betrivers,2026-10-04T18:07:39Z,Minnesota Vikings,Miami Dolphins,Kevin Coleman Jr.,,,WR,player_reception_yds,Full Game,14.5,Under,-115,betrivers|Kevin Coleman Jr.|player_reception_yds|14.5,0.53488372,0.5,https://api.the-odds-api.com/v4/sports/americanfootball_nfl
2026,4,c327223d76a3b7b0db8c6c104442f44b,2026-10-04T20:05:00Z,BetRivers,betrivers,2026-10-04T18:07:39Z,Minnesota Vikings,Miami Dolphins,Ollie Gordon II,,,WR,player_reception_yds,Full Game,6.5,Over,-115,betrivers|Ollie Gordon II|player_reception_yds|6.5,0.53488372,0.5,https://api.the-odds-api.com/v4/sports/americanfootball_nfl
2026,4,c327223d76a3b7b0db8c6c104442f44b,2026-10-04T20:05:00Z,BetRivers,betrivers,2026-10-04T18:07:39Z,Minnesota Vikings,Miami Dolphins,Ollie Gordon II,,,WR,player_reception_yds,Full Game,6.5,Under,-115,betrivers|Ollie Gordon II|player_reception_yds|6.5,0.53488372,0.5,https://api.the-odds-api.com/v4/sports/americanfootball_nfl
2026,4,c327223d76a3b7b0db8c6c104442f44b,2026-10-04T20:05:00Z,BetRivers,betrivers,2026-10-04T18:07:39Z,Minnesota Vikings,Miami Dolphins,T.J. Hockenson,,,WR,player_reception_yds,Full Game,37.5,Over,-113,betrivers|T.J. Hockenson|player_reception_yds|37.5,0.53051643,0.49595485,https://api.the-odds-api.com/v4/sports/americanfootball_nfl
2026,4,c327223d76a3b7b0db8c6c104442f44b,2026-10-04T20:05:00Z,BetRivers,betrivers,2026-10-04T18:07:39Z,Minnesota Vikings,Miami Dolphins,T.J. Hockenson,,,WR,player_reception_yds,Full Game,37.5,Under,-117,betrivers|T.J. Hockenson|player_reception_yds|37.5,0.53917051,0.50404515,https://api.the-odds-api.com/v4/sports/americanfootball_nfl
2026,4,c327223d76a3b7b0db8c6c104442f44b,2026-10-04T20:05:00Z,BetRivers,betrivers,2026-10-04T18:07:39Z,Minnesota Vikings,Miami Dolphins,Jaylen Wright,,,WR,player_reception_yds,Full Game,5.5,Over,-121,betrivers|Jaylen Wright|player_reception_yds|5.5,0.54751131,0.51106195,https://api.the-odds-api.com/v4/sports/americanfootball_nfl
2026,4,c327223d76a3b7b0db8c6c104442f44b,2026-10-04T20:05:00Z,BetRivers,betrivers,2026-10-04T18:07:39Z,Minnesota Vikings,Miami Dolphins,Jaylen Wright,,,WR,player_reception_yds,Full Game,5.5,Under,-110,betrivers|Jaylen Wright|player_reception_yds|5.5,0.52380952,0.48893805,https://api.the-odds-api.com/v4/sports/americanfootball_nfl
2026,4,c327223d76a3b7b0db8c6c104442f44b,2026-10-04T20:05:00Z,BetRivers,betrivers,2026-10-04T18:07:39Z,Minnesota Vikings,Miami Dolphins,Chris Bell,,,WR,player_reception_yds,Full Game,31.5,Over,-115,betrivers|Chris Bell|player_reception_yds|31.5,0.53488372,0.5,https://api.the-odds-api.com/v4/sports/americanfootball_nfl
2026,4,c327223d76a3b7b0db8c6c104442f44b,2026-10-04T20:05:00Z,BetRivers,betrivers,2026-10-04T18:07:39Z,Minnesota Vikings,Miami Dolphins,Chris Bell,,,WR,player_reception_yds,Full Game,31.5,Under,-115,betrivers|Chris Bell|player_reception_yds|31.5,0.53488372,0.5,https://api.the-odds-api.com/v4/sports/americanfootball_nfl
2026,4,c327223d76a3b7b0db8c6c104442f44b,2026-10-04T20:05:00Z,BetRivers,betrivers,2026-10-04T18:07:39Z,Minnesota Vikings,Miami Dolphins,Greg Dulcich,,,WR,player_reception_yds,Full Game,29.5,Over,-115,betrivers|Greg Dulcich|player_reception_yds|29.5,0.53488372,0.5,https://api.the-odds-api.com/v4/sports/americanfootball_nfl
2026,4,c327223d76a3b7b0db8c6c104442f44b,2026-10-04T20:05:00Z,BetRivers,betrivers,2026-10-04T18:07:39Z,Minnesota Vikings,Miami Dolphins,Greg Dulcich,,,WR,player_reception_yds,Full Game,29.5,Under,-115,betrivers|Greg Dulcich|player_reception_yds|29.5,0.53488372,0.5,https://api.the-odds-api.com/v4/sports/americanfootball_nfl
2026,4,c327223d76a3b7b0db8c6c104442f44b,2026-10-04T20:05:00Z,BetRivers,betrivers,2026-10-04T18:07:39Z,Minnesota Vikings,Miami Dolphins,Jordan Addison,,,WR,player_reception_yds,Full Game,63.5,Over,-114,betrivers|Jordan Addison|player_reception_yds|63.5,0.53271028,0.4969865,https://api.the-odds-api.com/v4/sports/americanfootball_nfl
2026,4,c327223d76a3b7b0db8c6c104442f44b,2026-10-04T20:05:00Z,BetRivers,betrivers,2026-10-04T18:07:39Z,Minnesota Vikings,Miami Dolphins,Jordan Addison,,,WR,player_reception_yds,Full Game,63.5,Under,-117,betrivers|Jordan Addison|player_reception_yds|63.5,0.53917051,0.5030135,https://api.the-odds-api.com/v4/sports/americanfootball_nfl
2026,4,c327223d76a3b7b0db8c6c104442f44b,2026-10-04T20:05:00Z,BetRivers,betrivers,2026-10-04T18:07:39Z,Minnesota Vikings,Miami Dolphins,Malik Washington,,,WR,player_reception_yds,Full Game,38.5,Over,-114,betrivers|Malik Washington|player_reception_yds|38.5,0.53271028,0.4969865,https://api.the-odds-api.com/v4/sports/americanfootball_nfl
2026,4,c327223d76a3b7b0db8c6c104442f44b,2026-10-04T20:05:00Z,BetRivers,betrivers,2026-10-04T18:07:39Z,Minnesota Vikings,Miami Dolphins,Malik Washington,,,WR,player_reception_yds,Full Game,38.5,Under,-117,betrivers|Malik Washington|player_reception_yds|38.5,0.53917051,0.5030135,https://api.the-odds-api.com/v4/sports/americanfootball_nfl
2026,4,c327223d76a3b7b0db8c6c104442f44b,2026-10-04T20:05:00Z,BetRivers,betrivers,2026-10-04T18:07:39Z,Minnesota Vikings,Miami Dolphins,Tai Felton,,,WR,player_reception_yds,Full Game,14.5,Over,-120,betrivers|Tai Felton|player_reception_yds|14.5,0.54545455,0.50798722,https://api.the-odds-api.com/v4/sports/americanfootball_nfl
2026,4,c327223d76a3b7b0db8c6c104442f44b,2026-10-04T20:05:00Z,BetRivers,betrivers,2026-10-04T18:07:39Z,Minnesota Vikings,Miami Dolphins,Tai Felton,,,WR,player_reception_yds,Full Game,14.5,Under,-112,betrivers|Tai Felton|player_reception_yds|14.5,0.52830189,0.49201278,https://api.the-odds-api.com/v4/sports/americanfootball_nfl
2026,4,c327223d76a3b7b0db8c6c104442f44b,2026-10-04T20:05:00Z,BetRivers,betrivers,2026-10-04T18:07:39Z,Minnesota Vikings,Miami Dolphins,Aaron Jones,,,WR,player_reception_yds,Full Game,17.5,Over,-121,betrivers|Aaron Jones|player_reception_yds|17.5,0.54751131,0.51106195,https://api.the-odds-api.com/v4/sports/americanfootball_nfl
2026,4,c327223d76a3b7b0db8c6c104442f44b,2026-10-04T20:05:00Z,BetRivers,betrivers,2026-10-04T18:07:39Z,Minnesota Vikings,Miami Dolphins,Aaron Jones,,,WR,player_reception_yds,Full Game,17.5,Under,-110,betrivers|Aaron Jones|player_reception_yds|17.5,0.52380952,0.48893805,https://api.the-odds-api.com/v4/sports/americanfootball_nfl
2026,4,c327223d76a3b7b0db8c6c104442f44b,2026-10-04T20:05:00Z,BetRivers,betrivers,2026-10-04T18:07:39Z,Minnesota Vikings,Miami Dolphins,Ollie Gordon II,,,RB,player_rush_yds,Full Game,24.5,Over,-115,betrivers|Ollie Gordon II|player_rush_yds|24.5,0.53488372,0.5,https://api.the-odds-api.com/v4/sports/americanfootball_nfl
2026,4,c327223d76a3b7b0db8c6c104442f44b,2026-10-04T20:05:00Z,BetRivers,betrivers,2026-10-04T18:07:39Z,Minnesota Vikings,Miami Dolphins,Ollie Gordon II,,,RB,player_rush_yds,Full Game,24.5,Under,-115,betrivers|Ollie Gordon II|player_rush_yds|24.5,0.53488372,0.5,https://api.the-odds-api.com/v4/sports/americanfootball_nfl
2026,4,c327223d76a3b7b0db8c6c104442f44b,2026-10-04T20:05:00Z,BetRivers,betrivers,2026-10-04T18:07:39Z,Minnesota Vikings,Miami Dolphins,Malik Willis,,,RB,player_rush_yds,Full Game,29.5,Over,-118,betrivers|Malik Willis|player_rush_yds|29.5,0.5412844,0.50502331,https://api.the-odds-api.com/v4/sports/americanfootball_nfl
2026,4,c327223d76a3b7b0db8c6c104442f44b,2026-10-04T20:05:00Z,BetRivers,betrivers,2026-10-04T18:07:39Z,Minnesota Vikings,Miami Dolphins,Malik Willis,,,RB,player_rush_yds,Full Game,29.5,Under,-113,betrivers|Malik Willis|player_rush_yds|29.5,0.53051643,0.49497669,https://api.the-odds-api.com/v4/sports/americanfootball_nfl
2026,4,c327223d76a3b7b0db8c6c104442f44b,2026-10-04T20:05:00Z,BetRivers,betrivers,2026-10-04T18:07:39Z,Minnesota Vikings,Miami Dolphins,Kyler Murray,,,RB,player_rush_yds,Full Game,21.5,Over,-110,betrivers|Kyler Murray|player_rush_yds|21.5,0.52380952,0.48893805,https://api.the-odds-api.com/v4/sports/americanfootball_nfl
2026,4,c327223d76a3b7b0db8c6c104442f44b,2026-10-04T20:05:00Z,BetRivers,betrivers,2026-10-04T18:07:39Z,Minnesota Vikings,Miami Dolphins,Kyler Murray,,,RB,player_rush_yds,Full Game,21.5,Under,-121,betrivers|Kyler Murray|player_rush_yds|21.5,0.54751131,0.51106195,https://api.the-odds-api.com/v4/sports/americanfootball_nfl
2026,4,c327223d76a3b7b0db8c6c104442f44b,2026-10-04T20:05:00Z,BetRivers,betrivers,2026-10-04T18:07:39Z,Minnesota Vikings,Miami Dolphins,Aaron Jones,,,RB,player_rush_yds,Full Game,64.5,Over,-113,betrivers|Aaron Jones|player_rush_yds|64.5,0.53051643,0.49497669,https://api.the-odds-api.com/v4/sports/americanfootball_nfl
2026,4,c327223d76a3b7b0db8c6c104442f44b,2026-10-04T20:05:00Z,BetRivers,betrivers,2026-10-04T18:07:39Z,Minnesota Vikings,Miami Dolphins,Aaron Jones,,,RB,player_rush_yds,Full Game,64.5,Under,-118,betrivers|Aaron Jones|player_rush_yds|64.5,0.5412844,0.50502331,https://api.the-odds-api.com/v4/sports/americanfootball_nfl
2026,4,c327223d76a3b7b0db8c6c104442f44b,2026-10-04T20:05:00Z,BetRivers,betrivers,2026-10-04T18:07:39Z,Minnesota Vikings,Miami Dolphins,Jaylen Wright,,,RB,player_rush_yds,Full Game,26.5,Over,-115,betrivers|Jaylen Wright|player_rush_yds|26.5,0.53488372,0.5,https://api.the-odds-api.com/v4/sports/americanfootball_nfl
2026,4,c327223d76a3b7b0db8c6c104442f44b,2026-10-04T20:05:00Z,BetRivers,betrivers,2026-10-04T18:07:39Z,Minnesota Vikings,Miami Dolphins,Jaylen Wright,,,RB,player_rush_yds,Full Game,26.5,Under,-115,betrivers|Jaylen Wright|player_rush_yds|26.5,0.53488372,0.5,https://api.the-odds-api.com/v4/sports/americanfootball_nfl
2026,4,c327223d76a3b7b0db8c6c104442f44b,2026-10-04T20:05:00Z,BetMGM,betmgm,2026-10-04T18:06:41Z,Minnesota Vikings,Miami Dolphins,T.J. Hockenson,,,WR,player_reception_yds,Full Game,37.5,Over,-115,betmgm|T.J. Hockenson|player_reception_yds|37.5,0.53488372,0.5,https://api.the-odds-api.com/v4/sports/americanfootball_nfl
2026,4,c327223d76a3b7b0db8c6c104442f44b,2026-10-04T20:05:00Z,BetMGM,betmgm,2026-10-04T18:06:41Z,Minnesota Vikings,Miami Dolphins,T.J. Hockenson,,,WR,player_reception_yds,Full Game,37.5,Under,-115,betmgm|T.J. Hockenson|player_reception_yds|37.5,0.53488372,0.5,https://api.the-odds-api.com/v4/sports/americanfootball_nfl
2026,4,c327223d76a3b7b0db8c6c104442f44b,2026-10-04T20:05:00Z,BetMGM,betmgm,2026-10-04T18:06:41Z,Minnesota Vikings,Miami Dolphins,Aaron Jones,,,WR,player_reception_yds,Full Game,21.5,Over,-115,betmgm|Aaron Jones|player_reception_yds|21.5,0.53488372,0.5,https://api.the-odds-api.com/v4/sports/americanfootball_nfl
2026,4,c327223d76a3b7b0db8c6c104442f44b,2026-10-04T20:05:00Z,BetMGM,betmgm,2026-10-04T18:06:41Z,Minnesota Vikings,Miami Dolphins,Aaron Jones,,,WR,player_reception_yds,Full Game,21.5,Under,-115,betmgm|Aaron Jones|player_reception_yds|21.5,0.53488372,0.5,https://api.the-odds-api.com/v4/sports/americanfootball_nfl
2026,4,c327223d76a3b7b0db8c6c104442f44b,2026-10-04T20:05:00Z,BetMGM,betmgm,2026-10-04T18:06:41Z,Minnesota Vikings,Miami Dolphins,Ollie Gordon II,,,WR,player_reception_yds,Full Game,5.5,Over,-125,betmgm|Ollie Gordon II|player_reception_yds|5.5,0.55555556,0.52030457,https://api.the-odds-api.com/v4/sports/americanfootball_nfl
2026,4,c327223d76a3b7b0db8c6c104442f44b,2026-10-04T20:05:00Z,BetMGM,betmgm,2026-10-04T18:06:41Z,Minnesota Vikings,Miami Dolphins,Ollie Gordon II,,,WR,player_reception_yds,Full Game,5.5,Under,-105,betmgm|Ollie Gordon II|player_reception_yds|5.5,0.51219512,0.47969543,https://api.the-odds-api.com/v4/sports/americanfootball_nfl
2026,4,c327223d76a3b7b0db8c6c104442f44b,2026-10-04T20:05:00Z,BetMGM,betmgm,2026-10-04T18:06:41Z,Minnesota Vikings,Miami Dolphins,Kevin Coleman Jr.,,,WR,player_reception_yds,Full Game,14.5,Over,-115,betmgm|Kevin Coleman Jr.|player_reception_yds|14.5,0.53488372,0.5,https://api.the-odds-api.com/v4/sports/americanfootball_nfl
2026,4,c327223d76a3b7b0db8c6c104442f44b,2026-10-04T20:05:00Z,BetMGM,betmgm,2026-10-04T18:06:41Z,Minnesota Vikings,Miami Dolphins,Kevin Coleman Jr.,,,WR,player_reception_yds,Full Game,14.5,Under,-115,betmgm|Kevin Coleman Jr.|player_reception_yds|14.5,0.53488372,0.5,https://api.the-odds-api.com/v4/sports/americanfootball_nfl
2026,4,c327223d76a3b7b0db8c6c104442f44b,2026-10-04T20:05:00Z,BetMGM,betmgm,2026-10-04T18:06:41Z,Minnesota Vikings,Miami Dolphins,Chris Bell,,,WR,player_reception_yds,Full Game,33.5,Over,-115,betmgm|Chris Bell|player_reception_yds|33.5,0.53488372,0.5,https://api.the-odds-api.com/v4/sports/americanfootball_nfl
2026,4,c327223d76a3b7b0db8c6c104442f44b,2026-10-04T20:05:00Z,BetMGM,betmgm,2026-10-04T18:06:41Z,Minnesota Vikings,Miami Dolphins,Chris Bell,,,WR,player_reception_yds,Full Game,33.5,Under,-115,betmgm|Chris Bell|player_reception_yds|33.5,0.53488372,0.5,https://api.the-odds-api.com/v4/sports/americanfootball_nfl
2026,4,c327223d76a3b7b0db8c6c104442f44b,2026-10-04T20:05:00Z,BetMGM,betmgm,2026-10-04T18:06:41Z,Minnesota Vikings,Miami Dolphins,Tai Felton,,,WR,player_reception_yds,Full Game,14.5,Over,-115,betmgm|Tai Felton|player_reception_yds|14.5,0.53488372,0.5,https://api.the-odds-api.com/v4/sports/americanfootball_nfl
2026,4,c327223d76a3b7b0db8c6c104442f44b,2026-10-04T20:05:00Z,BetMGM,betmgm,2026-10-04T18:06:41Z,Minnesota Vikings,Miami Dolphins,Tai Felton,,,WR,player_reception_yds,Full Game,14.5,Under,-115,betmgm|Tai Felton|player_reception_yds|14.5,0.53488372,0.5,https://api.the-odds-api.com/v4/sports/americanfootball_nfl
2026,4,c327223d76a3b7b0db8c6c104442f44b,2026-10-04T20:05:00Z,BetMGM,betmgm,2026-10-04T18:06:41Z,Minnesota Vikings,Miami Dolphins,Jauan Jennings,,,WR,player_reception_yds,Full Game,28.5,Over,-115,betmgm|Jauan Jennings|player_reception_yds|28.5,0.53488372,0.5,https://api.the-odds-api.com/v4/sports/americanfootball_nfl
2026,4,c327223d76a3b7b0db8c6c104442f44b,2026-10-04T20:05:00Z,BetMGM,betmgm,2026-10-04T18:06:41Z,Minnesota Vikings,Miami Dolphins,Jauan Jennings,,,WR,player_reception_yds,Full Game,28.5,Under,-115,betmgm|Jauan Jennings|player_reception_yds|28.5,0.53488372,0.5,https://api.the-odds-api.com/v4/sports/americanfootball_nfl
2026,4,c327223d76a3b7b0db8c6c104442f44b,2026-10-04T20:05:00Z,BetMGM,betmgm,2026-10-04T18:06:41Z,Minnesota Vikings,Miami Dolphins,Greg Dulcich,,,WR,player_reception_yds,Full Game,28.5,Over,-125,betmgm|Greg Dulcich|player_reception_yds|28.5,0.55555556,0.52030457,https://api.the-odds-api.com/v4/sports/americanfootball_nfl
2026,4,c327223d76a3b7b0db8c6c104442f44b,2026-10-04T20:05:00Z,BetMGM,betmgm,2026-10-04T18:06:41Z,Minnesota Vikings,Miami Dolphins,Greg Dulcich,,,WR,player_reception_yds,Full Game,28.5,Under,-105,betmgm|Greg Dulcich|player_reception_yds|28.5,0.51219512,0.47969543,https://api.the-odds-api.com/v4/sports/americanfootball_nfl
2026,4,c327223d76a3b7b0db8c6c104442f44b,2026-10-04T20:05:00Z,BetMGM,betmgm,2026-10-04T18:06:41Z,Minnesota Vikings,Miami Dolphins,Jordan Addison,,,WR,player_reception_yds,Full Game,63.5,Over,-115,betmgm|Jordan Addison|player_reception_yds|63.5,0.53488372,0.5,https://api.the-odds-api.com/v4/sports/americanfootball_nfl
2026,4,c327223d76a3b7b0db8c6c104442f44b,2026-10-04T20:05:00Z,BetMGM,betmgm,2026-10-04T18:06:41Z,Minnesota Vikings,Miami Dolphins,Jordan Addison,,,WR,player_reception_yds,Full Game,63.5,Under,-115,betmgm|Jordan Addison|player_reception_yds|63.5,0.53488372,0.5,https://api.the-odds-api.com/v4/sports/americanfootball_nfl
2026,4,c327223d76a3b7b0db8c6c104442f44b,2026-10-04T20:05:00Z,BetMGM,betmgm,2026-10-04T18:06:41Z,Minnesota Vikings,Miami Dolphins,Malik Washington,,,WR,player_reception_yds,Full Game,38.5,Over,-115,betmgm|Malik Washington|player_reception_yds|38.5,0.53488372,0.5,https://api.the-odds-api.com/v4/sports/americanfootball_nfl
2026,4,c327223d76a3b7b0db8c6c104442f44b,2026-10-04T20:05:00Z,BetMGM,betmgm,2026-10-04T18:06:41Z,Minnesota Vikings,Miami Dolphins,Malik Washington,,,WR,player_reception_yds,Full Game,38.5,Under,-115,betmgm|Malik Washington|player_reception_yds|38.5,0.53488372,0.5,https://api.the-odds-api.com/v4/sports/americanfootball_nfl
2026,4,c327223d76a3b7b0db8c6c104442f44b,2026-10-04T20:05:00Z,BetMGM,betmgm,2026-10-04T18:06:41Z,Minnesota Vikings,Miami Dolphins,Jaylen Wright,,,WR,player_reception_yds,Full Game,5.5,Over,-120,betmgm|Jaylen Wright|player_reception_yds|5.5,0.54545455,0.51012146,https://api.the-odds-api.com/v4/sports/americanfootball_nfl
2026,4,c327223d76a3b7b0db8c6c104442f44b,2026-10-04T20:05:00Z,BetMGM,betmgm,2026-10-04T18:06:41Z,Minnesota Vikings,Miami Dolphins,Jaylen Wright,,,WR,player_reception_yds,Full Game,5.5,Under,-110,betmgm|Jaylen Wright|player_reception_yds|5.5,0.52380952,0.48987854,https://api.the-odds-api.com/v4/sports/americanfootball_nfl
2026,4,c327223d76a3b7b0db8c6c104442f44b,2026-10-04T20:05:00Z,BetMGM,betmgm,2026-10-04T18:06:41Z,Minnesota Vikings,Miami Dolphins,Aaron Jones,,,RB,player_rush_yds,Full Game,66.5,Over,-115,betmgm|Aaron Jones|player_rush_yds|66.5,0.53488372,0.5,https://api.the-odds-api.com/v4/sports/americanfootball_nfl
2026,4,c327223d76a3b7b0db8c6c104442f44b,2026-10-04T20:05:00Z,BetMGM,betmgm,2026-10-04T18:06:41Z,Minnesota Vikings,Miami Dolphins,Aaron Jones,,,RB,player_rush_yds,Full Game,66.5,Under,-115,betmgm|Aaron Jones|player_rush_yds|66.5,0.53488372,0.5,https://api.the-odds-api.com/v4/sports/americanfootball_nfl
2026,4,c327223d76a3b7b0db8c6c104442f44b,2026-10-04T20:05:00Z,BetMGM,betmgm,2026-10-04T18:06:41Z,Minnesota Vikings,Miami Dolphins,Malik Willis,,,RB,player_rush_yds,Full Game,30.5,Over,-115,betmgm|Malik Willis|player_rush_yds|30.5,0.53488372,0.5,https://api.the-odds-api.com/v4/sports/americanfootball_nfl
2026,4,c327223d76a3b7b0db8c6c104442f44b,2026-10-04T20:05:00Z,BetMGM,betmgm,2026-10-04T18:06:41Z,Minnesota Vikings,Miami Dolphins,Malik Willis,,,RB,player_rush_yds,Full Game,30.5,Under,-115,betmgm|Malik Willis|player_rush_yds|30.5,0.53488372,0.5,https://api.the-odds-api.com/v4/sports/americanfootball_nfl
2026,4,c327223d76a3b7b0db8c6c104442f44b,2026-10-04T20:05:00Z,BetMGM,betmgm,2026-10-04T18:06:41Z,Minnesota Vikings,Miami Dolphins,Ollie Gordon II,,,RB,player_rush_yds,Full Game,24.5,Over,-120,betmgm|Ollie Gordon II|player_rush_yds|24.5,0.54545455,0.50904705,https://api.the-odds-api.com/v4/sports/americanfootball_nfl
2026,4,c327223d76a3b7b0db8c6c104442f44b,2026-10-04T20:05:00Z,BetMGM,betmgm,2026-10-04T18:06:41Z,Minnesota Vikings,Miami Dolphins,Ollie Gordon II,,,RB,player_rush_yds,Full Game,24.5,Under,-111,betmgm|Ollie Gordon II|player_rush_yds|24.5,0.52606635,0.49095295,https://api.the-odds-api.com/v4/sports/americanfootball_nfl
2026,4,c327223d76a3b7b0db8c6c104442f44b,2026-10-04T20:05:00Z,BetMGM,betmgm,2026-10-04T18:06:41Z,Minnesota Vikings,Miami Dolphins,Jaylen Wright,,,RB,player_rush_yds,Full Game,28.5,Over,-120,betmgm|Jaylen Wright|player_rush_yds|28.5,0.54545455,0.50904705,https://api.the-odds-api.com/v4/sports/americanfootball_nfl
2026,4,c327223d76a3b7b0db8c6c104442f44b,2026-10-04T20:05:00Z,BetMGM,betmgm,2026-10-04T18:06:41Z,Minnesota Vikings,Miami Dolphins,Jaylen Wright,,,RB,player_rush_yds,Full Game,28.5,Under,-111,betmgm|Jaylen Wright|player_rush_yds|28.5,0.52606635,0.49095295,https://api.the-odds-api.com/v4/sports/americanfootball_nfl
2026,4,c327223d76a3b7b0db8c6c104442f44b,2026-10-04T20:05:00Z,Underdog,underdog,2026-10-04T18:08:23Z,Minnesota Vikings,Miami Dolphins,Aaron Jones,,,WR,player_reception_yds,Full Game,19.5,Over,-137,underdog|Aaron Jones|player_reception_yds|19.5,0.57805907,0.5,https://api.the-odds-api.com/v4/sports/americanfootball_nfl
2026,4,c327223d76a3b7b0db8c6c104442f44b,2026-10-04T20:05:00Z,Underdog,underdog,2026-10-04T18:08:23Z,Minnesota Vikings,Miami Dolphins,Aaron Jones,,,WR,player_reception_yds,Full Game,19.5,Under,-137,underdog|Aaron Jones|player_reception_yds|19.5,0.57805907,0.5,https://api.the-odds-api.com/v4/sports/americanfootball_nfl
2026,4,c327223d76a3b7b0db8c6c104442f44b,2026-10-04T20:05:00Z,Underdog,underdog,2026-10-04T18:08:23Z,Minnesota Vikings,Miami Dolphins,Jauan Jennings,,,WR,player_reception_yds,Full Game,26.5,Over,-137,underdog|Jauan Jennings|player_reception_yds|26.5,0.57805907,0.5,https://api.the-odds-api.com/v4/sports/americanfootball_nfl
2026,4,c327223d76a3b7b0db8c6c104442f44b,2026-10-04T20:05:00Z,Underdog,underdog,2026-10-04T18:08:23Z,Minnesota Vikings,Miami Dolphins,Jauan Jennings,,,WR,player_reception_yds,Full Game,26.5,Under,-137,underdog|Jauan Jennings|player_reception_yds|26.5,0.57805907,0.5,https://api.the-odds-api.com/v4/sports/americanfootball_nfl
2026,4,c327223d76a3b7b0db8c6c104442f44b,2026-10-04T20:05:00Z,Underdog,underdog,2026-10-04T18:08:23Z,Minnesota Vikings,Miami Dolphins,Jordan Addison,,,WR,player_reception_yds,Full Game,61.5,Over,-137,underdog|Jordan Addison|player_reception_yds|61.5,0.57805907,0.5,https://api.the-odds-api.com/v4/sports/americanfootball_nfl
2026,4,c327223d76a3b7b0db8c6c104442f44b,2026-10-04T20:05:00Z,Underdog,underdog,2026-10-04T18:08:23Z,Minnesota Vikings,Miami Dolphins,Jordan Addison,,,WR,player_reception_yds,Full Game,61.5,Under,-137,underdog|Jordan Addison|player_reception_yds|61.5,0.57805907,0.5,https://api.the-odds-api.com/v4/sports/americanfootball_nfl
2026,4,c327223d76a3b7b0db8c6c104442f44b,2026-10-04T20:05:00Z,Underdog,underdog,2026-10-04T18:08:23Z,Minnesota Vikings,Miami Dolphins,T.J. Hockenson,,,WR,player_reception_yds,Full Game,38.5,Over,-137,underdog|T.J. Hockenson|player_reception_yds|38.5,0.57805907,0.5,https://api.the-odds-api.com/v4/sports/americanfootball_nfl
2026,4,c327223d76a3b7b0db8c6c104442f44b,2026-10-04T20:05:00Z,Underdog,underdog,2026-10-04T18:08:23Z,Minnesota Vikings,Miami Dolphins,T.J. Hockenson,,,WR,player_reception_yds,Full Game,38.5,Under,-137,underdog|T.J. Hockenson|player_reception_yds|38.5,0.57805907,0.5,https://api.the-odds-api.com/v4/sports/americanfootball_nfl
2026,4,c327223d76a3b7b0db8c6c104442f44b,2026-10-04T20:05:00Z,Underdog,underdog,2026-10-04T18:08:23Z,Minnesota Vikings,Miami Dolphins,Ollie Gordon II,,,WR,player_reception_yds,Full Game,6.5,Over,-137,underdog|Ollie Gordon II|player_reception_yds|6.5,0.57805907,0.5,https://api.the-odds-api.com/v4/sports/americanfootball_nfl
2026,4,c327223d76a3b7b0db8c6c104442f44b,2026-10-04T20:05:00Z,Underdog,underdog,2026-10-04T18:08:23Z,Minnesota Vikings,Miami Dolphins,Ollie Gordon II,,,WR,player_reception_yds,Full Game,6.5,Under,-137,underdog|Ollie Gordon II|player_reception_yds|6.5,0.57805907,0.5,https://api.the-odds-api.com/v4/sports/americanfootball_nfl
2026,4,c327223d76a3b7b0db8c6c104442f44b,2026-10-04T20:05:00Z,Underdog,underdog,2026-10-04T18:08:23Z,Minnesota Vikings,Miami Dolphins,Tai Felton,,,WR,player_reception_yds,Full Game,15.5,Over,-137,underdog|Tai Felton|player_reception_yds|15.5,0.57805907,0.5,https://api.the-odds-api.com/v4/sports/americanfootball_nfl
2026,4,c327223d76a3b7b0db8c6c104442f44b,2026-10-04T20:05:00Z,Underdog,underdog,2026-10-04T18:08:23Z,Minnesota Vikings,Miami Dolphins,Tai Felton,,,WR,player_reception_yds,Full Game,15.5,Under,-137,underdog|Tai Felton|player_reception_yds|15.5,0.57805907,0.5,https://api.the-odds-api.com/v4/sports/americanfootball_nfl
2026,4,c327223d76a3b7b0db8c6c104442f44b,2026-10-04T20:05:00Z,Underdog,underdog,2026-10-04T18:08:23Z,Minnesota Vikings,Miami Dolphins,Malik Washington,,,WR,player_reception_yds,Full Game,40.5,Over,-137,underdog|Malik Washington|player_reception_yds|40.5,0.57805907,0.5,https://api.the-odds-api.com/v4/sports/americanfootball_nfl
2026,4,c327223d76a3b7b0db8c6c104442f44b,2026-10-04T20:05:00Z,Underdog,underdog,2026-10-04T18:08:23Z,Minnesota Vikings,Miami Dolphins,Malik Washington,,,WR,player_reception_yds,Full Game,40.5,Under,-137,underdog|Malik Washington|player_reception_yds|40.5,0.57805907,0.5,https://api.the-odds-api.com/v4/sports/americanfootball_nfl
2026,4,c327223d76a3b7b0db8c6c104442f44b,2026-10-04T20:05:00Z,Underdog,underdog,2026-10-04T18:08:23Z,Minnesota Vikings,Miami Dolphins,Kevin Coleman Jr.,,,WR,player_reception_yds,Full Game,14.5,Over,-137,underdog|Kevin Coleman Jr.|player_reception_yds|14.5,0.57805907,0.5,https://api.the-odds-api.com/v4/sports/americanfootball_nfl
2026,4,c327223d76a3b7b0db8c6c104442f44b,2026-10-04T20:05:00Z,Underdog,underdog,2026-10-04T18:08:23Z,Minnesota Vikings,Miami Dolphins,Kevin Coleman Jr.,,,WR,player_reception_yds,Full Game,14.5,Under,-137,underdog|Kevin Coleman Jr.|player_reception_yds|14.5,0.57805907,0.5,https://api.the-odds-api.com/v4/sports/americanfootball_nfl
2026,4,c327223d76a3b7b0db8c6c104442f44b,2026-10-04T20:05:00Z,Underdog,underdog,2026-10-04T18:08:23Z,Minnesota Vikings,Miami Dolphins,Chris Bell,,,WR,player_reception_yds,Full Game,34.5,Over,-137,underdog|Chris Bell|player_reception_yds|34.5,0.57805907,0.5,https://api.the-odds-api.com/v4/sports/americanfootball_nfl
2026,4,c327223d76a3b7b0db8c6c104442f44b,2026-10-04T20:05:00Z,Underdog,underdog,2026-10-04T18:08:23Z,Minnesota Vikings,Miami Dolphins,Chris Bell,,,WR,player_reception_yds,Full Game,34.5,Under,-137,underdog|Chris Bell|player_reception_yds|34.5,0.57805907,0.5,https://api.the-odds-api.com/v4/sports/americanfootball_nfl
2026,4,c327223d76a3b7b0db8c6c104442f44b,2026-10-04T20:05:00Z,Underdog,underdog,2026-10-04T18:08:23Z,Minnesota Vikings,Miami Dolphins,Greg Dulcich,,,WR,player_reception_yds,Full Game,29.5,Over,-137,underdog|Greg Dulcich|player_reception_yds|29.5,0.57805907,0.5,https://api.the-odds-api.com/v4/sports/americanfootball_nfl
2026,4,c327223d76a3b7b0db8c6c104442f44b,2026-10-04T20:05:00Z,Underdog,underdog,2026-10-04T18:08:23Z,Minnesota Vikings,Miami Dolphins,Greg Dulcich,,,WR,player_reception_yds,Full Game,29.5,Under,-137,underdog|Greg Dulcich|player_reception_yds|29.5,0.57805907,0.5,https://api.the-odds-api.com/v4/sports/americanfootball_nfl
2026,4,c327223d76a3b7b0db8c6c104442f44b,2026-10-04T20:05:00Z,Underdog,underdog,2026-10-04T18:08:23Z,Minnesota Vikings,Miami Dolphins,Aaron Jones,,,RB,player_rush_yds,Full Game,66.5,Over,-137,underdog|Aaron Jones|player_rush_yds|66.5,0.57805907,0.5,https://api.the-odds-api.com/v4/sports/americanfootball_nfl
2026,4,c327223d76a3b7b0db8c6c104442f44b,2026-10-04T20:05:00Z,Underdog,underdog,2026-10-04T18:08:23Z,Minnesota Vikings,Miami Dolphins,Aaron Jones,,,RB,player_rush_yds,Full Game,66.5,Under,-137,underdog|Aaron Jones|player_rush_yds|66.5,0.57805907,0.5,https://api.the-odds-api.com/v4/sports/americanfootball_nfl
2026,4,c327223d76a3b7b0db8c6c104442f44b,2026-10-04T20:05:00Z,Underdog,underdog,2026-10-04T18:08:23Z,Minnesota Vikings,Miami Dolphins,Kyler Murray,,,RB,player_rush_yds,Full Game,21.5,Over,-137,underdog|Kyler Murray|player_rush_yds|21.5,0.57805907,0.5,https://api.the-odds-api.com/v4/sports/americanfootball_nfl
2026,4,c327223d76a3b7b0db8c6c104442f44b,2026-10-04T20:05:00Z,Underdog,underdog,2026-10-04T18:08:23Z,Minnesota Vikings,Miami Dolphins,Kyler Murray,,,RB,player_rush_yds,Full Game,21.5,Under,-137,underdog|Kyler Murray|player_rush_yds|21.5,0.57805907,0.5,https://api.the-odds-api.com/v4/sports/americanfootball_nfl
2026,4,c327223d76a3b7b0db8c6c104442f44b,2026-10-04T20:05:00Z,Underdog,underdog,2026-10-04T18:08:23Z,Minnesota Vikings,Miami Dolphins,Ollie Gordon II,,,RB,player_rush_yds,Full Game,25.5,Over,-137,underdog|Ollie Gordon II|player_rush_yds|25.5,0.57805907,0.5,https://api.the-odds-api.com/v4/sports/americanfootball_nfl
2026,4,c327223d76a3b7b0db8c6c104442f44b,2026-10-04T20:05:00Z,Underdog,underdog,2026-10-04T18:08:23Z,Minnesota Vikings,Miami Dolphins,Ollie Gordon II,,,RB,player_rush_yds,Full Game,25.5,Under,-137,underdog|Ollie Gordon II|player_rush_yds|25.5,0.57805907,0.5,https://api.the-odds-api.com/v4/sports/americanfootball_nfl
2026,4,c327223d76a3b7b0db8c6c104442f44b,2026-10-04T20:05:00Z,Underdog,underdog,2026-10-04T18:08:23Z,Minnesota Vikings,Miami Dolphins,Jaylen Wright,,,RB,player_rush_yds,Full Game,27.5,Over,-137,underdog|Jaylen Wright|player_rush_yds|27.5,0.57805907,0.5,https://api.the-odds-api.com/v4/sports/americanfootball_nfl
2026,4,c327223d76a3b7b0db8c6c104442f44b,2026-10-04T20:05:00Z,Underdog,underdog,2026-10-04T18:08:23Z,Minnesota Vikings,Miami Dolphins,Jaylen Wright,,,RB,player_rush_yds,Full Game,27.5,Under,-137,underdog|Jaylen Wright|player_rush_yds|27.5,0.57805907,0.5,https://api.the-odds-api.com/v4/sports/americanfootball_nfl
2026,4,c327223d76a3b7b0db8c6c104442f44b,2026-10-04T20:05:00Z,Underdog,underdog,2026-10-04T18:08:23Z,Minnesota Vikings,Miami Dolphins,Malik Willis,,,RB,player_rush_yds,Full Game,30.5,Over,-137,underdog|Malik Willis|player_rush_yds|30.5,0.57805907,0.5,https://api.the-odds-api.com/v4/sports/americanfootball_nfl
2026,4,c327223d76a3b7b0db8c6c104442f44b,2026-10-04T20:05:00Z,Underdog,underdog,2026-10-04T18:08:23Z,Minnesota Vikings,Miami Dolphins,Malik Willis,,,RB,player_rush_yds,Full Game,30.5,Under,-137,underdog|Malik Willis|player_rush_yds|30.5,0.57805907,0.5,https://api.the-odds-api.com/v4/sports/americanfootball_nfl
2026,4,c327223d76a3b7b0db8c6c104442f44b,2026-10-04T20:05:00Z,PrizePicks,prizepicks,2026-10-04T18:08:16Z,Minnesota Vikings,Miami Dolphins,Jordan Addison,,,WR,player_reception_yds,Full Game,62.5,Over,-137,prizepicks|Jordan Addison|player_reception_yds|62.5,0.57805907,0.5,https://api.the-odds-api.com/v4/sports/americanfootball_nfl
2026,4,c327223d76a3b7b0db8c6c104442f44b,2026-10-04T20:05:00Z,PrizePicks,prizepicks,2026-10-04T18:08:16Z,Minnesota Vikings,Miami Dolphins,Jordan Addison,,,WR,player_reception_yds,Full Game,62.5,Under,-137,prizepicks|Jordan Addison|player_reception_yds|62.5,0.57805907,0.5,https://api.the-odds-api.com/v4/sports/americanfootball_nfl
2026,4,c327223d76a3b7b0db8c6c104442f44b,2026-10-04T20:05:00Z,PrizePicks,prizepicks,2026-10-04T18:08:16Z,Minnesota Vikings,Miami Dolphins,Malik Washington,,,WR,player_reception_yds,Full Game,40.5,Over,-137,prizepicks|Malik Washington|player_reception_yds|40.5,0.57805907,0.5,https://api.the-odds-api.com/v4/sports/americanfootball_nfl
2026,4,c327223d76a3b7b0db8c6c104442f44b,2026-10-04T20:05:00Z,PrizePicks,prizepicks,2026-10-04T18:08:16Z,Minnesota Vikings,Miami Dolphins,Malik Washington,,,WR,player_reception_yds,Full Game,40.5,Under,-137,prizepicks|Malik Washington|player_reception_yds|40.5,0.57805907,0.5,https://api.the-odds-api.com/v4/sports/americanfootball_nfl
2026,4,c327223d76a3b7b0db8c6c104442f44b,2026-10-04T20:05:00Z,PrizePicks,prizepicks,2026-10-04T18:08:16Z,Minnesota Vikings,Miami Dolphins,T.J. Hockenson,,,WR,player_reception_yds,Full Game,38.5,Over,-137,prizepicks|T.J. Hockenson|player_reception_yds|38.5,0.57805907,0.5,https://api.the-odds-api.com/v4/sports/americanfootball_nfl
2026,4,c327223d76a3b7b0db8c6c104442f44b,2026-10-04T20:05:00Z,PrizePicks,prizepicks,2026-10-04T18:08:16Z,Minnesota Vikings,Miami Dolphins,T.J. Hockenson,,,WR,player_reception_yds,Full Game,38.5,Under,-137,prizepicks|T.J. Hockenson|player_reception_yds|38.5,0.57805907,0.5,https://api.the-odds-api.com/v4/sports/americanfootball_nfl
2026,4,c327223d76a3b7b0db8c6c104442f44b,2026-10-04T20:05:00Z,PrizePicks,prizepicks,2026-10-04T18:08:16Z,Minnesota Vikings,Miami Dolphins,Chris Bell,,,WR,player_reception_yds,Full Game,34.5,Over,-137,prizepicks|Chris Bell|player_reception_yds|34.5,0.57805907,0.5,https://api.the-odds-api.com/v4/sports/americanfootball_nfl
2026,4,c327223d76a3b7b0db8c6c104442f44b,2026-10-04T20:05:00Z,PrizePicks,prizepicks,2026-10-04T18:08:16Z,Minnesota Vikings,Miami Dolphins,Chris Bell,,,WR,player_reception_yds,Full Game,34.5,Under,-137,prizepicks|Chris Bell|player_reception_yds|34.5,0.57805907,0.5,https://api.the-odds-api.com/v4/sports/americanfootball_nfl
2026,4,c327223d76a3b7b0db8c6c104442f44b,2026-10-04T20:05:00Z,PrizePicks,prizepicks,2026-10-04T18:08:16Z,Minnesota Vikings,Miami Dolphins,Greg Dulcich,,,WR,player_reception_yds,Full Game,29.5,Over,-137,prizepicks|Greg Dulcich|player_reception_yds|29.5,0.57805907,0.5,https://api.the-odds-api.com/v4/sports/americanfootball_nfl
2026,4,c327223d76a3b7b0db8c6c104442f44b,2026-10-04T20:05:00Z,PrizePicks,prizepicks,2026-10-04T18:08:16Z,Minnesota Vikings,Miami Dolphins,Greg Dulcich,,,WR,player_reception_yds,Full Game,29.5,Under,-137,prizepicks|Greg Dulcich|player_reception_yds|29.5,0.57805907,0.5,https://api.the-odds-api.com/v4/sports/americanfootball_nfl
2026,4,c327223d76a3b7b0db8c6c104442f44b,2026-10-04T20:05:00Z,PrizePicks,prizepicks,2026-10-04T18:08:16Z,Minnesota Vikings,Miami Dolphins,Jauan Jennings,,,WR,player_reception_yds,Full Game,26.5,Over,-137,prizepicks|Jauan Jennings|player_reception_yds|26.5,0.57805907,0.5,https://api.the-odds-api.com/v4/sports/americanfootball_nfl
2026,4,c327223d76a3b7b0db8c6c104442f44b,2026-10-04T20:05:00Z,PrizePicks,prizepicks,2026-10-04T18:08:16Z,Minnesota Vikings,Miami Dolphins,Jauan Jennings,,,WR,player_reception_yds,Full Game,26.5,Under,-137,prizepicks|Jauan Jennings|player_reception_yds|26.5,0.57805907,0.5,https://api.the-odds-api.com/v4/sports/americanfootball_nfl
2026,4,c327223d76a3b7b0db8c6c104442f44b,2026-10-04T20:05:00Z,PrizePicks,prizepicks,2026-10-04T18:08:16Z,Minnesota Vikings,Miami Dolphins,Aaron Jones,,,WR,player_reception_yds,Full Game,19.5,Over,-137,prizepicks|Aaron Jones|player_reception_yds|19.5,0.57805907,0.5,https://api.the-odds-api.com/v4/sports/americanfootball_nfl
2026,4,c327223d76a3b7b0db8c6c104442f44b,2026-10-04T20:05:00Z,PrizePicks,prizepicks,2026-10-04T18:08:16Z,Minnesota Vikings,Miami Dolphins,Aaron Jones,,,WR,player_reception_yds,Full Game,19.5,Under,-137,prizepicks|Aaron Jones|player_reception_yds|19.5,0.57805907,0.5,https://api.the-odds-api.com/v4/sports/americanfootball_nfl
2026,4,c327223d76a3b7b0db8c6c104442f44b,2026-10-04T20:05:00Z,PrizePicks,prizepicks,2026-10-04T18:08:16Z,Minnesota Vikings,Miami Dolphins,Tai Felton,,,WR,player_reception_yds,Full Game,15.5,Over,-137,prizepicks|Tai Felton|player_reception_yds|15.5,0.57805907,0.5,https://api.the-odds-api.com/v4/sports/americanfootball_nfl
2026,4,c327223d76a3b7b0db8c6c104442f44b,2026-10-04T20:05:00Z,PrizePicks,prizepicks,2026-10-04T18:08:16Z,Minnesota Vikings,Miami Dolphins,Tai Felton,,,WR,player_reception_yds,Full Game,15.5,Under,-137,prizepicks|Tai Felton|player_reception_yds|15.5,0.57805907,0.5,https://api.the-odds-api.com/v4/sports/americanfootball_nfl
2026,4,c327223d76a3b7b0db8c6c104442f44b,2026-10-04T20:05:00Z,PrizePicks,prizepicks,2026-10-04T18:08:16Z,Minnesota Vikings,Miami Dolphins,Kevin Coleman Jr.,,,WR,player_reception_yds,Full Game,14.5,Over,-137,prizepicks|Kevin Coleman Jr.|player_reception_yds|14.5,0.57805907,0.5,https://api.the-odds-api.com/v4/sports/americanfootball_nfl
2026,4,c327223d76a3b7b0db8c6c104442f44b,2026-10-04T20:05:00Z,PrizePicks,prizepicks,2026-10-04T18:08:16Z,Minnesota Vikings,Miami Dolphins,Kevin Coleman Jr.,,,WR,player_reception_yds,Full Game,14.5,Under,-137,prizepicks|Kevin Coleman Jr.|player_reception_yds|14.5,0.57805907,0.5,https://api.the-odds-api.com/v4/sports/americanfootball_nfl
2026,4,c327223d76a3b7b0db8c6c104442f44b,2026-10-04T20:05:00Z,PrizePicks,prizepicks,2026-10-04T18:08:16Z,Minnesota Vikings,Miami Dolphins,Ollie Gordon II,,,WR,player_reception_yds,Full Game,7.5,Over,-137,prizepicks|Ollie Gordon II|player_reception_yds|7.5,0.57805907,0.5,https://api.the-odds-api.com/v4/sports/americanfootball_nfl
2026,4,c327223d76a3b7b0db8c6c104442f44b,2026-10-04T20:05:00Z,PrizePicks,prizepicks,2026-10-04T18:08:16Z,Minnesota Vikings,Miami Dolphins,Ollie Gordon II,,,WR,player_reception_yds,Full Game,7.5,Under,-137,prizepicks|Ollie Gordon II|player_reception_yds|7.5,0.57805907,0.5,https://api.the-odds-api.com/v4/sports/americanfootball_nfl
2026,4,c327223d76a3b7b0db8c6c104442f44b,2026-10-04T20:05:00Z,PrizePicks,prizepicks,2026-10-04T18:08:16Z,Minnesota Vikings,Miami Dolphins,Jaylen Wright,,,WR,player_reception_yds,Full Game,5.5,Over,-137,prizepicks|Jaylen Wright|player_reception_yds|5.5,0.57805907,0.5,https://api.the-odds-api.com/v4/sports/americanfootball_nfl
2026,4,c327223d76a3b7b0db8c6c104442f44b,2026-10-04T20:05:00Z,PrizePicks,prizepicks,2026-10-04T18:08:16Z,Minnesota Vikings,Miami Dolphins,Jaylen Wright,,,WR,player_reception_yds,Full Game,5.5,Under,-137,prizepicks|Jaylen Wright|player_reception_yds|5.5,0.57805907,0.5,https://api.the-odds-api.com/v4/sports/americanfootball_nfl
2026,4,c327223d76a3b7b0db8c6c104442f44b,2026-10-04T20:05:00Z,PrizePicks,prizepicks,2026-10-04T18:08:16Z,Minnesota Vikings,Miami Dolphins,Ryan Miller,,,WR,player_reception_yds,Full Game,3.5,Over,-137,prizepicks|Ryan Miller|player_reception_yds|3.5,0.57805907,0.5,https://api.the-odds-api.com/v4/sports/americanfootball_nfl
2026,4,c327223d76a3b7b0db8c6c104442f44b,2026-10-04T20:05:00Z,PrizePicks,prizepicks,2026-10-04T18:08:16Z,Minnesota Vikings,Miami Dolphins,Ryan Miller,,,WR,player_reception_yds,Full Game,3.5,Under,-137,prizepicks|Ryan Miller|player_reception_yds|3.5,0.57805907,0.5,https://api.the-odds-api.com/v4/sports/americanfootball_nfl
2026,4,c327223d76a3b7b0db8c6c104442f44b,2026-10-04T20:05:00Z,PrizePicks,prizepicks,2026-10-04T18:08:16Z,Minnesota Vikings,Miami Dolphins,Aaron Jones,,,RB,player_rush_yds,Full Game,67.5,Over,-137,prizepicks|Aaron Jones|player_rush_yds|67.5,0.57805907,0.5,https://api.the-odds-api.com/v4/sports/americanfootball_nfl
2026,4,c327223d76a3b7b0db8c6c104442f44b,2026-10-04T20:05:00Z,PrizePicks,prizepicks,2026-10-04T18:08:16Z,Minnesota Vikings,Miami Dolphins,Aaron Jones,,,RB,player_rush_yds,Full Game,67.5,Under,-137,prizepicks|Aaron Jones|player_rush_yds|67.5,0.57805907,0.5,https://api.the-odds-api.com/v4/sports/americanfootball_nfl
2026,4,c327223d76a3b7b0db8c6c104442f44b,2026-10-04T20:05:00Z,PrizePicks,prizepicks,2026-10-04T18:08:16Z,Minnesota Vikings,Miami Dolphins,Malik Willis,,,RB,player_rush_yds,Full Game,31.5,Over,-137,prizepicks|Malik Willis|player_rush_yds|31.5,0.57805907,0.5,https://api.the-odds-api.com/v4/sports/americanfootball_nfl
2026,4,c327223d76a3b7b0db8c6c104442f44b,2026-10-04T20:05:00Z,PrizePicks,prizepicks,2026-10-04T18:08:16Z,Minnesota Vikings,Miami Dolphins,Malik Willis,,,RB,player_rush_yds,Full Game,31.5,Under,-137,prizepicks|Malik Willis|player_rush_yds|31.5,0.57805907,0.5,https://api.the-odds-api.com/v4/sports/americanfootball_nfl
2026,4,c327223d76a3b7b0db8c6c104442f44b,2026-10-04T20:05:00Z,PrizePicks,prizepicks,2026-10-04T18:08:16Z,Minnesota Vikings,Miami Dolphins,Jaylen Wright,,,RB,player_rush_yds,Full Game,28.5,Over,-137,prizepicks|Jaylen Wright|player_rush_yds|28.5,0.57805907,0.5,https://api.the-odds-api.com/v4/sports/americanfootball_nfl
2026,4,c327223d76a3b7b0db8c6c104442f44b,2026-10-04T20:05:00Z,PrizePicks,prizepicks,2026-10-04T18:08:16Z,Minnesota Vikings,Miami Dolphins,Jaylen Wright,,,RB,player_rush_yds,Full Game,28.5,Under,-137,prizepicks|Jaylen Wright|player_rush_yds|28.5,0.57805907,0.5,https://api.the-odds-api.com/v4/sports/americanfootball_nfl
2026,4,c327223d76a3b7b0db8c6c104442f44b,2026-10-04T20:05:00Z,PrizePicks,prizepicks,2026-10-04T18:08:16Z,Minnesota Vikings,Miami Dolphins,Ollie Gordon II,,,RB,player_rush_yds,Full Game,25.5,Over,-137,prizepicks|Ollie Gordon II|player_rush_yds|25.5,0.57805907,0.5,https://api.the-odds-api.com/v4/sports/americanfootball_nfl
2026,4,c327223d76a3b7b0db8c6c104442f44b,2026-10-04T20:05:00Z,PrizePicks,prizepicks,2026-10-04T18:08:16Z,Minnesota Vikings,Miami Dolphins,Ollie Gordon II,,,RB,player_rush_yds,Full Game,25.5,Under,-137,prizepicks|Ollie Gordon II|player_rush_yds|25.5,0.57805907,0.5,https://api.the-odds-api.com/v4/sports/americanfootball_nfl
2026,4,c327223d76a3b7b0db8c6c104442f44b,2026-10-04T20:05:00Z,PrizePicks,prizepicks,2026-10-04T18:08:16Z,Minnesota Vikings,Miami Dolphins,Kyler Murray,,,RB,player_rush_yds,Full Game,20.5,Over,-137,prizepicks|Kyler Murray|player_rush_yds|20.5,0.57805907,0.5,https://api.the-odds-api.com/v4/sports/americanfootball_nfl
2026,4,c327223d76a3b7b0db8c6c104442f44b,2026-10-04T20:05:00Z,PrizePicks,prizepicks,2026-10-04T18:08:16Z,Minnesota Vikings,Miami Dolphins,Kyler Murray,,,RB,player_rush_yds,Full Game,20.5,Under,-137,prizepicks|Kyler Murray|player_rush_yds|20.5,0.57805907,0.5,https://api.the-odds-api.com/v4/sports/americanfootball_nfl
2026,4,c327223d76a3b7b0db8c6c104442f44b,2026-10-04T20:05:00Z,PrizePicks,prizepicks,2026-10-04T18:08:16Z,Minnesota Vikings,Miami Dolphins,Malik Washington,,,RB,player_rush_yds,Full Game,4.5,Over,-137,prizepicks|Malik Washington|player_rush_yds|4.5,0.57805907,0.5,https://api.the-odds-api.com/v4/sports/americanfootball_nfl
2026,4,c327223d76a3b7b0db8c6c104442f44b,2026-10-04T20:05:00Z,PrizePicks,prizepicks,2026-10-04T18:08:16Z,Minnesota Vikings,Miami Dolphins,Malik Washington,,,RB,player_rush_yds,Full Game,4.5,Under,-137,prizepicks|Malik Washington|player_rush_yds|4.5,0.57805907,0.5,https://api.the-odds-api.com/v4/sports/americanfootball_nfl
2026,4,c327223d76a3b7b0db8c6c104442f44b,2026-10-04T20:05:00Z,Bovada,bovada,2026-10-04T18:07:57Z,Minnesota Vikings,Miami Dolphins,Aaron Jones,,,WR,player_reception_yds,Full Game,19.5,Over,-115,bovada|Aaron Jones|player_reception_yds|19.5,0.53488372,0.5,https://api.the-odds-api.com/v4/sports/americanfootball_nfl
2026,4,c327223d76a3b7b0db8c6c104442f44b,2026-10-04T20:05:00Z,Bovada,bovada,2026-10-04T18:07:57Z,Minnesota Vikings,Miami Dolphins,Aaron Jones,,,WR,player_reception_yds,Full Game,19.5,Under,-115,bovada|Aaron Jones|player_reception_yds|19.5,0.53488372,0.5,https://api.the-odds-api.com/v4/sports/americanfootball_nfl
2026,4,c327223d76a3b7b0db8c6c104442f44b,2026-10-04T20:05:00Z,Bovada,bovada,2026-10-04T18:07:57Z,Minnesota Vikings,Miami Dolphins,Chris Bell,,,WR,player_reception_yds,Full Game,23.5,Over,-230,bovada|Chris Bell|player_reception_yds|23.5,0.6969697,0.65299685,https://api.the-odds-api.com/v4/sports/americanfootball_nfl
2026,4,c327223d76a3b7b0db8c6c104442f44b,2026-10-04T20:05:00Z,Bovada,bovada,2026-10-04T18:07:57Z,Minnesota Vikings,Miami Dolphins,Chris Bell,,,WR,player_reception_yds,Full Game,23.5,Under,170,bovada|Chris Bell|player_reception_yds|23.5,0.37037037,0.34700315,https://api.the-odds-api.com/v4/sports/americanfootball_nfl
2026,4,c327223d76a3b7b0db8c6c104442f44b,2026-10-04T20:05:00Z,Bovada,bovada,2026-10-04T18:07:57Z,Minnesota Vikings,Miami Dolphins,Chris Bell,,,WR,player_reception_yds,Full Game,28.5,Over,-160,bovada|Chris Bell|player_reception_yds|28.5,0.61538462,0.5751634,https://api.the-odds-api.com/v4/sports/americanfootball_nfl
2026,4,c327223d76a3b7b0db8c6c104442f44b,2026-10-04T20:05:00Z,Bovada,bovada,2026-10-04T18:07:57Z,Minnesota Vikings,Miami Dolphins,Chris Bell,,,WR,player_reception_yds,Full Game,28.5,Under,120,bovada|Chris Bell|player_reception_yds|28.5,0.45454545,0.4248366,https://api.the-odds-api.com/v4/sports/americanfootball_nfl
2026,4,c327223d76a3b7b0db8c6c104442f44b,2026-10-04T20:05:00Z,Bovada,bovada,2026-10-04T18:07:57Z,Minnesota Vikings,Miami Dolphins,Chris Bell,,,WR,player_reception_yds,Full Game,33.5,Over,-115,bovada|Chris Bell|player_reception_yds|33.5,0.53488372,0.5,https://api.the-odds-api.com/v4/sports/americanfootball_nfl
2026,4,c327223d76a3b7b0db8c6c104442f44b,2026-10-04T20:05:00Z,Bovada,bovada,2026-10-04T18:07:57Z,Minnesota Vikings,Miami Dolphins,Chris Bell,,,WR,player_reception_yds,Full Game,33.5,Under,-115,bovada|Chris Bell|player_reception_yds|33.5,0.53488372,0.5,https://api.the-odds-api.com/v4/sports/americanfootball_nfl
2026,4,c327223d76a3b7b0db8c6c104442f44b,2026-10-04T20:05:00Z,Bovada,bovada,2026-10-04T18:07:57Z,Minnesota Vikings,Miami Dolphins,Chris Bell,,,WR,player_reception_yds,Full Game,38.5,Over,115,bovada|Chris Bell|player_reception_yds|38.5,0.46511628,0.43668122,https://api.the-odds-api.com/v4/sports/americanfootball_nfl
2026,4,c327223d76a3b7b0db8c6c104442f44b,2026-10-04T20:05:00Z,Bovada,bovada,2026-10-04T18:07:57Z,Minnesota Vikings,Miami Dolphins,Chris Bell,,,WR,player_reception_yds,Full Game,38.5,Under,-150,bovada|Chris Bell|player_reception_yds|38.5,0.6,0.56331878,https://api.the-odds-api.com/v4/sports/americanfootball_nfl
2026,4,c327223d76a3b7b0db8c6c104442f44b,2026-10-04T20:05:00Z,Bovada,bovada,2026-10-04T18:07:57Z,Minnesota Vikings,Miami Dolphins,Chris Bell,,,WR,player_reception_yds,Full Game,43.5,Over,150,bovada|Chris Bell|player_reception_yds|43.5,0.4,0.375,https://api.the-odds-api.com/v4/sports/americanfootball_nfl
2026,4,c327223d76a3b7b0db8c6c104442f44b,2026-10-04T20:05:00Z,Bovada,bovada,2026-10-04T18:07:57Z,Minnesota Vikings,Miami Dolphins,Chris Bell,,,WR,player_reception_yds,Full Game,43.5,Under,-200,bovada|Chris Bell|player_reception_yds|43.5,0.66666667,0.625,https://api.the-odds-api.com/v4/sports/americanfootball_nfl
2026,4,c327223d76a3b7b0db8c6c104442f44b,2026-10-04T20:05:00Z,Bovada,bovada,2026-10-04T18:07:57Z,Minnesota Vikings,Miami Dolphins,Greg Dulcich,,,WR,player_reception_yds,Full Game,20.5,Over,-245,bovada|Greg Dulcich|player_reception_yds|20.5,0.71014493,0.66537342,https://api.the-odds-api.com/v4/sports/americanfootball_nfl
2026,4,c327223d76a3b7b0db8c6c104442f44b,2026-10-04T20:05:00Z,Bovada,bovada,2026-10-04T18:07:57Z,Minnesota Vikings,Miami Dolphins,Greg Dulcich,,,WR,player_reception_yds,Full Game,20.5,Under,180,bovada|Greg Dulcich|player_reception_yds|20.5,0.35714286,0.33462658,https://api.the-odds-api.com/v4/sports/americanfootball_nfl
2026,4,c327223d76a3b7b0db8c6c104442f44b,2026-10-04T20:05:00Z,Bovada,bovada,2026-10-04T18:07:57Z,Minnesota Vikings,Miami Dolphins,Greg Dulcich,,,WR,player_reception_yds,Full Game,25.5,Over,-160,bovada|Greg Dulcich|player_reception_yds|25.5,0.61538462,0.5751634,https://api.the-odds-api.com/v4/sports/americanfootball_nfl
2026,4,c327223d76a3b7b0db8c6c104442f44b,2026-10-04T20:05:00Z,Bovada,bovada,2026-10-04T18:07:57Z,Minnesota Vikings,Miami Dolphins,Greg Dulcich,,,WR,player_reception_yds,Full Game,25.5,Under,120,bovada|Greg Dulcich|player_reception_yds|25.5,0.45454545,0.4248366,https://api.the-odds-api.com/v4/sports/americanfootball_nfl
2026,4,c327223d76a3b7b0db8c6c104442f44b,2026-10-04T20:05:00Z,Bovada,bovada,2026-10-04T18:07:57Z,Minnesota Vikings,Miami Dolphins,Greg Dulcich,,,WR,player_reception_yds,Full Game,30.5,Over,-115,bovada|Greg Dulcich|player_reception_yds|30.5,0.53488372,0.5,https://api.the-odds-api.com/v4/sports/americanfootball_nfl
2026,4,c327223d76a3b7b0db8c6c104442f44b,2026-10-04T20:05:00Z,Bovada,bovada,2026-10-04T18:07:57Z,Minnesota Vikings,Miami Dolphins,Greg Dulcich,,,WR,player_reception_yds,Full Game,30.5,Under,-115,bovada|Greg Dulcich|player_reception_yds|30.5,0.53488372,0.5,https://api.the-odds-api.com/v4/sports/americanfootball_nfl
2026,4,c327223d76a3b7b0db8c6c104442f44b,2026-10-04T20:05:00Z,Bovada,bovada,2026-10-04T18:07:57Z,Minnesota Vikings,Miami Dolphins,Greg Dulcich,,,WR,player_reception_yds,Full Game,35.5,Over,120,bovada|Greg Dulcich|player_reception_yds|35.5,0.45454545,0.4248366,https://api.the-odds-api.com/v4/sports/americanfootball_nfl
2026,4,c327223d76a3b7b0db8c6c104442f44b,2026-10-04T20:05:00Z,Bovada,bovada,2026-10-04T18:07:57Z,Minnesota Vikings,Miami Dolphins,Greg Dulcich,,,WR,player_reception_yds,Full Game,35.5,Under,-160,bovada|Greg Dulcich|player_reception_yds|35.5,0.61538462,0.5751634,https://api.the-odds-api.com/v4/sports/americanfootball_nfl
2026,4,c327223d76a3b7b0db8c6c104442f44b,2026-10-04T20:05:00Z,Bovada,bovada,2026-10-04T18:07:57Z,Minnesota Vikings,Miami Dolphins,Greg Dulcich,,,WR,player_reception_yds,Full Game,40.5,Over,155,bovada|Greg Dulcich|player_reception_yds|40.5,0.39215686,0.36664695,https://api.the-odds-api.com/v4/sports/americanfootball_nfl
2026,4,c327223d76a3b7b0db8c6c104442f44b,2026-10-04T20:05:00Z,Bovada,bovada,2026-10-04T18:07:57Z,Minnesota Vikings,Miami Dolphins,Greg Dulcich,,,WR,player_reception_yds,Full Game,40.5,Under,-210,bovada|Greg Dulcich|player_reception_yds|40.5,0.67741935,0.63335305,https://api.the-odds-api.com/v4/sports/americanfootball_nfl
2026,4,c327223d76a3b7b0db8c6c104442f44b,2026-10-04T20:05:00Z,Bovada,bovada,2026-10-04T18:07:57Z,Minnesota Vikings,Miami Dolphins,Jauan Jennings,,,WR,player_reception_yds,Full Game,27.5,Over,-115,bovada|Jauan Jennings|player_reception_yds|27.5,0.53488372,0.5,https://api.the-odds-api.com/v4/sports/americanfootball_nfl
2026,4,c327223d76a3b7b0db8c6c104442f44b,2026-10-04T20:05:00Z,Bovada,bovada,2026-10-04T18:07:57Z,Minnesota Vikings,Miami Dolphins,Jauan Jennings,,,WR,player_reception_yds,Full Game,27.5,Under,-115,bovada|Jauan Jennings|player_reception_yds|27.5,0.53488372,0.5,https://api.the-odds-api.com/v4/sports/americanfootball_nfl
2026,4,c327223d76a3b7b0db8c6c104442f44b,2026-10-04T20:05:00Z,Bovada,bovada,2026-10-04T18:07:57Z,Minnesota Vikings,Miami Dolphins,Jaylen Wright,,,WR,player_reception_yds,Full Game,5.5,Over,-120,bovada|Jaylen Wright|player_reception_yds|5.5,0.54545455,0.51012146,https://api.the-odds-api.com/v4/sports/americanfootball_nfl
2026,4,c327223d76a3b7b0db8c6c104442f44b,2026-10-04T20:05:00Z,Bovada,bovada,2026-10-04T18:07:57Z,Minnesota Vikings,Miami Dolphins,Jaylen Wright,,,WR,player_reception_yds,Full Game,5.5,Under,-110,bovada|Jaylen Wright|player_reception_yds|5.5,0.52380952,0.48987854,https://api.the-odds-api.com/v4/sports/americanfootball_nfl
2026,4,c327223d76a3b7b0db8c6c104442f44b,2026-10-04T20:05:00Z,Bovada,bovada,2026-10-04T18:07:57Z,Minnesota Vikings,Miami Dolphins,Jordan Addison,,,WR,player_reception_yds,Full Game,52.5,Over,-185,bovada|Jordan Addison|player_reception_yds|52.5,0.64912281,0.6090535,https://api.the-odds-api.com/v4/sports/americanfootball_nfl
2026,4,c327223d76a3b7b0db8c6c104442f44b,2026-10-04T20:05:00Z,Bovada,bovada,2026-10-04T18:07:57Z,Minnesota Vikings,Miami Dolphins,Jordan Addison,,,WR,player_reception_yds,Full Game,52.5,Under,140,bovada|Jordan Addison|player_reception_yds|52.5,0.41666667,0.3909465,https://api.the-odds-api.com/v4/sports/americanfootball_nfl
2026,4,c327223d76a3b7b0db8c6c104442f44b,2026-10-04T20:05:00Z,Bovada,bovada,2026-10-04T18:07:57Z,Minnesota Vikings,Miami Dolphins,Jordan Addison,,,WR,player_reception_yds,Full Game,57.5,Over,-145,bovada|Jordan Addison|player_reception_yds|57.5,0.59183673,0.55414012,https://api.the-odds-api.com/v4/sports/americanfootball_nfl
2026,4,c327223d76a3b7b0db8c6c104442f44b,2026-10-04T20:05:00Z,Bovada,bovada,2026-10-04T18:07:57Z,Minnesota Vikings,Miami Dolphins,Jordan Addison,,,WR,player_reception_yds,Full Game,57.5,Under,110,bovada|Jordan Addison|player_reception_yds|57.5,0.47619048,0.44585988,https://api.the-odds-api.com/v4/sports/americanfootball_nfl
2026,4,c327223d76a3b7b0db8c6c104442f44b,2026-10-04T20:05:00Z,Bovada,bovada,2026-10-04T18:07:57Z,Minnesota Vikings,Miami Dolphins,Jordan Addison,,,WR,player_reception_yds,Full Game,62.5,Over,-115,bovada|Jordan Addison|player_reception_yds|62.5,0.53488372,0.5,https://api.the-odds-api.com/v4/sports/americanfootball_nfl
2026,4,c327223d76a3b7b0db8c6c104442f44b,2026-10-04T20:05:00Z,Bovada,bovada,2026-10-04T18:07:57Z,Minnesota Vikings,Miami Dolphins,Jordan Addison,,,WR,player_reception_yds,Full Game,62.5,Under,-115,bovada|Jordan Addison|player_reception_yds|62.5,0.53488372,0.5,https://api.the-odds-api.com/v4/sports/americanfootball_nfl
2026,4,c327223d76a3b7b0db8c6c104442f44b,2026-10-04T20:05:00Z,Bovada,bovada,2026-10-04T18:07:57Z,Minnesota Vikings,Miami Dolphins,Jordan Addison,,,WR,player_reception_yds,Full Game,67.5,Over,110,bovada|Jordan Addison|player_reception_yds|67.5,0.47619048,0.44585988,https://api.the-odds-api.com/v4/sports/americanfootball_nfl
2026,4,c327223d76a3b7b0db8c6c104442f44b,2026-10-04T20:05:00Z,Bovada,bovada,2026-10-04T18:07:57Z,Minnesota Vikings,Miami Dolphins,Jordan Addison,,,WR,player_reception_yds,Full Game,67.5,Under,-145,bovada|Jordan Addison|player_reception_yds|67.5,0.59183673,0.55414012,https://api.the-odds-api.com/v4/sports/americanfootball_nfl
2026,4,c327223d76a3b7b0db8c6c104442f44b,2026-10-04T20:05:00Z,Bovada,bovada,2026-10-04T18:07:57Z,Minnesota Vikings,Miami Dolphins,Jordan Addison,,,WR,player_reception_yds,Full Game,72.5,Over,130,bovada|Jordan Addison|player_reception_yds|72.5,0.43478261,0.40847201,https://api.the-odds-api.com/v4/sports/americanfootball_nfl
2026,4,c327223d76a3b7b0db8c6c104442f44b,2026-10-04T20:05:00Z,Bovada,bovada,2026-10-04T18:07:57Z,Minnesota Vikings,Miami Dolphins,Jordan Addison,,,WR,player_reception_yds,Full Game,72.5,Under,-170,bovada|Jordan Addison|player_reception_yds|72.5,0.62962963,0.59152799,https://api.the-odds-api.com/v4/sports/americanfootball_nfl
2026,4,c327223d76a3b7b0db8c6c104442f44b,2026-10-04T20:05:00Z,Bovada,bovada,2026-10-04T18:07:57Z,Minnesota Vikings,Miami Dolphins,Kevin Coleman Jr.,,,WR,player_reception_yds,Full Game,15.5,Over,-110,bovada|Kevin Coleman Jr.|player_reception_yds|15.5,0.52380952,0.48987854,https://api.the-odds-api.com/v4/sports/americanfootball_nfl
2026,4,c327223d76a3b7b0db8c6c104442f44b,2026-10-04T20:05:00Z,Bovada,bovada,2026-10-04T18:07:57Z,Minnesota Vikings,Miami Dolphins,Kevin Coleman Jr.,,,WR,player_reception_yds,Full Game,15.5,Under,-120,bovada|Kevin Coleman Jr.|player_reception_yds|15.5,0.54545455,0.51012146,https://api.the-odds-api.com/v4/sports/americanfootball_nfl
2026,4,c327223d76a3b7b0db8c6c104442f44b,2026-10-04T20:05:00Z,Bovada,bovada,2026-10-04T18:07:57Z,Minnesota Vikings,Miami Dolphins,Malik Washington,,,WR,player_reception_yds,Full Game,30.5,Over,-215,bovada|Malik Washington|player_reception_yds|30.5,0.68253968,0.6395881,https://api.the-odds-api.com/v4/sports/americanfootball_nfl
2026,4,c327223d76a3b7b0db8c6c104442f44b,2026-10-04T20:05:00Z,Bovada,bovada,2026-10-04T18:07:57Z,Minnesota Vikings,Miami Dolphins,Malik Washington,,,WR,player_reception_yds,Full Game,30.5,Under,160,bovada|Malik Washington|player_reception_yds|30.5,0.38461538,0.3604119,https://api.the-odds-api.com/v4/sports/americanfootball_nfl
2026,4,c327223d76a3b7b0db8c6c104442f44b,2026-10-04T20:05:00Z,Bovada,bovada,2026-10-04T18:07:57Z,Minnesota Vikings,Miami Dolphins,Malik Washington,,,WR,player_reception_yds,Full Game,35.5,Over,-150,bovada|Malik Washington|player_reception_yds|35.5,0.6,0.56331878,https://api.the-odds-api.com/v4/sports/americanfootball_nfl
2026,4,c327223d76a3b7b0db8c6c104442f44b,2026-10-04T20:05:00Z,Bovada,bovada,2026-10-04T18:07:57Z,Minnesota Vikings,Miami Dolphins,Malik Washington,,,WR,player_reception_yds,Full Game,35.5,Under,115,bovada|Malik Washington|player_reception_yds|35.5,0.46511628,0.43668122,https://api.the-odds-api.com/v4/sports/americanfootball_nfl
2026,4,c327223d76a3b7b0db8c6c104442f44b,2026-10-04T20:05:00Z,Bovada,bovada,2026-10-04T18:07:57Z,Minnesota Vikings,Miami Dolphins,Malik Washington,,,WR,player_reception_yds,Full Game,40.5,Over,-115,bovada|Malik Washington|player_reception_yds|40.5,0.53488372,0.5,https://api.the-odds-api.com/v4/sports/americanfootball_nfl
2026,4,c327223d76a3b7b0db8c6c104442f44b,2026-10-04T20:05:00Z,Bovada,bovada,2026-10-04T18:07:57Z,Minnesota Vikings,Miami Dolphins,Malik Washington,,,WR,player_reception_yds,Full Game,40.5,Under,-115,bovada|Malik Washington|player_reception_yds|40.5,0.53488372,0.5,https://api.the-odds-api.com/v4/sports/americanfootball_nfl
2026,4,c327223d76a3b7b0db8c6c104442f44b,2026-10-04T20:05:00Z,Bovada,bovada,2026-10-04T18:07:57Z,Minnesota Vikings,Miami Dolphins,Malik Washington,,,WR,player_reception_yds,Full Game,45.5,Over,115,bovada|Malik Washington|player_reception_yds|45.5,0.46511628,0.43668122,https://api.the-odds-api.com/v4/sports/americanfootball_nfl
2026,4,c327223d76a3b7b0db8c6c104442f44b,2026-10-04T20:05:00Z,Bovada,bovada,2026-10-04T18:07:57Z,Minnesota Vikings,Miami Dolphins,Malik Washington,,,WR,player_reception_yds,Full Game,45.5,Under,-150,bovada|Malik Washington|player_reception_yds|45.5,0.6,0.56331878,https://api.the-odds-api.com/v4/sports/americanfootball_nfl
2026,4,c327223d76a3b7b0db8c6c104442f44b,2026-10-04T20:05:00Z,Bovada,bovada,2026-10-04T18:07:57Z,Minnesota Vikings,Miami Dolphins,Malik Washington,,,WR,player_reception_yds,Full Game,50.5,Over,145,bovada|Malik Washington|player_reception_yds|50.5,0.40816327,0.38385176,https://api.the-odds-api.com/v4/sports/americanfootball_nfl
2026,4,c327223d76a3b7b0db8c6c104442f44b,2026-10-04T20:05:00Z,Bovada,bovada,2026-10-04T18:07:57Z,Minnesota Vikings,Miami Dolphins,Malik Washington,,,WR,player_reception_yds,Full Game,50.5,Under,-190,bovada|Malik Washington|player_reception_yds|50.5,0.65517241,0.61614824,https://api.the-odds-api.com/v4/sports/americanfootball_nfl
2026,4,c327223d76a3b7b0db8c6c104442f44b,2026-10-04T20:05:00Z,Bovada,bovada,2026-10-04T18:07:57Z,Minnesota Vikings,Miami Dolphins,Ollie Gordon II,,,WR,player_reception_yds,Full Game,7.5,Over,-115,bovada|Ollie Gordon II|player_reception_yds|7.5,0.53488372,0.5,https://api.the-odds-api.com/v4/sports/americanfootball_nfl
2026,4,c327223d76a3b7b0db8c6c104442f44b,2026-10-04T20:05:00Z,Bovada,bovada,2026-10-04T18:07:57Z,Minnesota Vikings,Miami Dolphins,Ollie Gordon II,,,WR,player_reception_yds,Full Game,7.5,Under,-115,bovada|Ollie Gordon II|player_reception_yds|7.5,0.53488372,0.5,https://api.the-odds-api.com/v4/sports/americanfootball_nfl
2026,4,c327223d76a3b7b0db8c6c104442f44b,2026-10-04T20:05:00Z,Bovada,bovada,2026-10-04T18:07:57Z,Minnesota Vikings,Miami Dolphins,Ryan Miller,,,WR,player_reception_yds,Full Game,3.5,Over,-115,bovada|Ryan Miller|player_reception_yds|3.5,0.53488372,0.5,https://api.the-odds-api.com/v4/sports/americanfootball_nfl
2026,4,c327223d76a3b7b0db8c6c104442f44b,2026-10-04T20:05:00Z,Bovada,bovada,2026-10-04T18:07:57Z,Minnesota Vikings,Miami Dolphins,Ryan Miller,,,WR,player_reception_yds,Full Game,3.5,Under,-115,bovada|Ryan Miller|player_reception_yds|3.5,0.53488372,0.5,https://api.the-odds-api.com/v4/sports/americanfootball_nfl
2026,4,c327223d76a3b7b0db8c6c104442f44b,2026-10-04T20:05:00Z,Bovada,bovada,2026-10-04T18:07:57Z,Minnesota Vikings,Miami Dolphins,T.J. Hockenson,,,WR,player_reception_yds,Full Game,28.5,Over,-215,bovada|T.J. Hockenson|player_reception_yds|28.5,0.68253968,0.6395881,https://api.the-odds-api.com/v4/sports/americanfootball_nfl
2026,4,c327223d76a3b7b0db8c6c104442f44b,2026-10-04T20:05:00Z,Bovada,bovada,2026-10-04T18:07:57Z,Minnesota Vikings,Miami Dolphins,T.J. Hockenson,,,WR,player_reception_yds,Full Game,28.5,Under,160,bovada|T.J. Hockenson|player_reception_yds|28.5,0.38461538,0.3604119,https://api.the-odds-api.com/v4/sports/americanfootball_nfl
2026,4,c327223d76a3b7b0db8c6c104442f44b,2026-10-04T20:05:00Z,Bovada,bovada,2026-10-04T18:07:57Z,Minnesota Vikings,Miami Dolphins,T.J. Hockenson,,,WR,player_reception_yds,Full Game,33.5,Over,-150,bovada|T.J. Hockenson|player_reception_yds|33.5,0.6,0.56331878,https://api.the-odds-api.com/v4/sports/americanfootball_nfl
2026,4,c327223d76a3b7b0db8c6c104442f44b,2026-10-04T20:05:00Z,Bovada,bovada,2026-10-04T18:07:57Z,Minnesota Vikings,Miami Dolphins,T.J. Hockenson,,,WR,player_reception_yds,Full Game,33.5,Under,115,bovada|T.J. Hockenson|player_reception_yds|33.5,0.46511628,0.43668122,https://api.the-odds-api.com/v4/sports/americanfootball_nfl
2026,4,c327223d76a3b7b0db8c6c104442f44b,2026-10-04T20:05:00Z,Bovada,bovada,2026-10-04T18:07:57Z,Minnesota Vikings,Miami Dolphins,T.J. Hockenson,,,WR,player_reception_yds,Full Game,38.5,Over,-115,bovada|T.J. Hockenson|player_reception_yds|38.5,0.53488372,0.5,https://api.the-odds-api.com/v4/sports/americanfootball_nfl
2026,4,c327223d76a3b7b0db8c6c104442f44b,2026-10-04T20:05:00Z,Bovada,bovada,2026-10-04T18:07:57Z,Minnesota Vikings,Miami Dolphins,T.J. Hockenson,,,WR,player_reception_yds,Full Game,38.5,Under,-115,bovada|T.J. Hockenson|player_reception_yds|38.5,0.53488372,0.5,https://api.the-odds-api.com/v4/sports/americanfootball_nfl
2026,4,c327223d76a3b7b0db8c6c104442f44b,2026-10-04T20:05:00Z,Bovada,bovada,2026-10-04T18:07:57Z,Minnesota Vikings,Miami Dolphins,T.J. Hockenson,,,WR,player_reception_yds,Full Game,43.5,Over,115,bovada|T.J. Hockenson|player_reception_yds|43.5,0.46511628,0.43668122,https://api.the-odds-api.com/v4/sports/americanfootball_nfl
2026,4,c327223d76a3b7b0db8c6c104442f44b,2026-10-04T20:05:00Z,Bovada,bovada,2026-10-04T18:07:57Z,Minnesota Vikings,Miami Dolphins,T.J. Hockenson,,,WR,player_reception_yds,Full Game,43.5,Under,-150,bovada|T.J. Hockenson|player_reception_yds|43.5,0.6,0.56331878,https://api.the-odds-api.com/v4/sports/americanfootball_nfl
2026,4,c327223d76a3b7b0db8c6c104442f44b,2026-10-04T20:05:00Z,Bovada,bovada,2026-10-04T18:07:57Z,Minnesota Vikings,Miami Dolphins,T.J. Hockenson,,,WR,player_reception_yds,Full Game,48.5,Over,145,bovada|T.J. Hockenson|player_reception_yds|48.5,0.40816327,0.38385176,https://api.the-odds-api.com/v4/sports/americanfootball_nfl
2026,4,c327223d76a3b7b0db8c6c104442f44b,2026-10-04T20:05:00Z,Bovada,bovada,2026-10-04T18:07:57Z,Minnesota Vikings,Miami Dolphins,T.J. Hockenson,,,WR,player_reception_yds,Full Game,48.5,Under,-190,bovada|T.J. Hockenson|player_reception_yds|48.5,0.65517241,0.61614824,https://api.the-odds-api.com/v4/sports/americanfootball_nfl
2026,4,c327223d76a3b7b0db8c6c104442f44b,2026-10-04T20:05:00Z,Bovada,bovada,2026-10-04T18:07:57Z,Minnesota Vikings,Miami Dolphins,Tai Felton,,,WR,player_reception_yds,Full Game,15.5,Over,-125,bovada|Tai Felton|player_reception_yds|15.5,0.55555556,0.52030457,https://api.the-odds-api.com/v4/sports/americanfootball_nfl
2026,4,c327223d76a3b7b0db8c6c104442f44b,2026-10-04T20:05:00Z,Bovada,bovada,2026-10-04T18:07:57Z,Minnesota Vikings,Miami Dolphins,Tai Felton,,,WR,player_reception_yds,Full Game,15.5,Under,-105,bovada|Tai Felton|player_reception_yds|15.5,0.51219512,0.47969543,https://api.the-odds-api.com/v4/sports/americanfootball_nfl
2026,4,c327223d76a3b7b0db8c6c104442f44b,2026-10-04T20:05:00Z,Bovada,bovada,2026-10-04T18:07:57Z,Minnesota Vikings,Miami Dolphins,Aaron Jones,,,RB,player_rush_yds,Full Game,46.5,Over,-400,bovada|Aaron Jones|player_rush_yds|46.5,0.8,0.75,https://api.the-odds-api.com/v4/sports/americanfootball_nfl
2026,4,c327223d76a3b7b0db8c6c104442f44b,2026-10-04T20:05:00Z,Bovada,bovada,2026-10-04T18:07:57Z,Minnesota Vikings,Miami Dolphins,Aaron Jones,,,RB,player_rush_yds,Full Game,46.5,Under,275,bovada|Aaron Jones|player_rush_yds|46.5,0.26666667,0.25,https://api.the-odds-api.com/v4/sports/americanfootball_nfl
2026,4,c327223d76a3b7b0db8c6c104442f44b,2026-10-04T20:05:00Z,Bovada,bovada,2026-10-04T18:07:57Z,Minnesota Vikings,Miami Dolphins,Aaron Jones,,,RB,player_rush_yds,Full Game,56.5,Over,-200,bovada|Aaron Jones|player_rush_yds|56.5,0.66666667,0.625,https://api.the-odds-api.com/v4/sports/americanfootball_nfl
2026,4,c327223d76a3b7b0db8c6c104442f44b,2026-10-04T20:05:00Z,Bovada,bovada,2026-10-04T18:07:57Z,Minnesota Vikings,Miami Dolphins,Aaron Jones,,,RB,player_rush_yds,Full Game,56.5,Under,150,bovada|Aaron Jones|player_rush_yds|56.5,0.4,0.375,https://api.the-odds-api.com/v4/sports/americanfootball_nfl
2026,4,c327223d76a3b7b0db8c6c104442f44b,2026-10-04T20:05:00Z,Bovada,bovada,2026-10-04T18:07:57Z,Minnesota Vikings,Miami Dolphins,Aaron Jones,,,RB,player_rush_yds,Full Game,66.5,Over,-115,bovada|Aaron Jones|player_rush_yds|66.5,0.53488372,0.5,https://api.the-odds-api.com/v4/sports/americanfootball_nfl
2026,4,c327223d76a3b7b0db8c6c104442f44b,2026-10-04T20:05:00Z,Bovada,bovada,2026-10-04T18:07:57Z,Minnesota Vikings,Miami Dolphins,Aaron Jones,,,RB,player_rush_yds,Full Game,66.5,Under,-115,bovada|Aaron Jones|player_rush_yds|66.5,0.53488372,0.5,https://api.the-odds-api.com/v4/sports/americanfootball_nfl
2026,4,c327223d76a3b7b0db8c6c104442f44b,2026-10-04T20:05:00Z,Bovada,bovada,2026-10-04T18:07:57Z,Minnesota Vikings,Miami Dolphins,Aaron Jones,,,RB,player_rush_yds,Full Game,76.5,Over,145,bovada|Aaron Jones|player_rush_yds|76.5,0.40816327,0.38385176,https://api.the-odds-api.com/v4/sports/americanfootball_nfl
2026,4,c327223d76a3b7b0db8c6c104442f44b,2026-10-04T20:05:00Z,Bovada,bovada,2026-10-04T18:07:57Z,Minnesota Vikings,Miami Dolphins,Aaron Jones,,,RB,player_rush_yds,Full Game,76.5,Under,-190,bovada|Aaron Jones|player_rush_yds|76.5,0.65517241,0.61614824,https://api.the-odds-api.com/v4/sports/americanfootball_nfl
2026,4,c327223d76a3b7b0db8c6c104442f44b,2026-10-04T20:05:00Z,Bovada,bovada,2026-10-04T18:07:57Z,Minnesota Vikings,Miami Dolphins,Aaron Jones,,,RB,player_rush_yds,Full Game,86.5,Over,225,bovada|Aaron Jones|player_rush_yds|86.5,0.30769231,0.28924162,https://api.the-odds-api.com/v4/sports/americanfootball_nfl
2026,4,c327223d76a3b7b0db8c6c104442f44b,2026-10-04T20:05:00Z,Bovada,bovada,2026-10-04T18:07:57Z,Minnesota Vikings,Miami Dolphins,Aaron Jones,,,RB,player_rush_yds,Full Game,86.5,Under,-310,bovada|Aaron Jones|player_rush_yds|86.5,0.75609756,0.71075838,https://api.the-odds-api.com/v4/sports/americanfootball_nfl
2026,4,c327223d76a3b7b0db8c6c104442f44b,2026-10-04T20:05:00Z,Bovada,bovada,2026-10-04T18:07:57Z,Minnesota Vikings,Miami Dolphins,Jaylen Wright,,,RB,player_rush_yds,Full Game,18.5,Over,-310,bovada|Jaylen Wright|player_rush_yds|18.5,0.75609756,0.71075838,https://api.the-odds-api.com/v4/sports/americanfootball_nfl
2026,4,c327223d76a3b7b0db8c6c104442f44b,2026-10-04T20:05:00Z,Bovada,bovada,2026-10-04T18:07:57Z,Minnesota Vikings,Miami Dolphins,Jaylen Wright,,,RB,player_rush_yds,Full Game,18.5,Under,225,bovada|Jaylen Wright|player_rush_yds|18.5,0.30769231,0.28924162,https://api.the-odds-api.com/v4/sports/americanfootball_nfl
2026,4,c327223d76a3b7b0db8c6c104442f44b,2026-10-04T20:05:00Z,Bovada,bovada,2026-10-04T18:07:57Z,Minnesota Vikings,Miami Dolphins,Jaylen Wright,,,RB,player_rush_yds,Full Game,23.5,Over,-185,bovada|Jaylen Wright|player_rush_yds|23.5,0.64912281,0.6090535,https://api.the-odds-api.com/v4/sports/americanfootball_nfl
2026,4,c327223d76a3b7b0db8c6c104442f44b,2026-10-04T20:05:00Z,Bovada,bovada,2026-10-04T18:07:57Z,Minnesota Vikings,Miami Dolphins,Jaylen Wright,,,RB,player_rush_yds,Full Game,23.5,Under,140,bovada|Jaylen Wright|player_rush_yds|23.5,0.41666667,0.3909465,https://api.the-odds-api.com/v4/sports/americanfootball_nfl
2026,4,c327223d76a3b7b0db8c6c104442f44b,2026-10-04T20:05:00Z,Bovada,bovada,2026-10-04T18:07:57Z,Minnesota Vikings,Miami Dolphins,Jaylen Wright,,,RB,player_rush_yds,Full Game,28.5,Over,-120,bovada|Jaylen Wright|player_rush_yds|28.5,0.54545455,0.51012146,https://api.the-odds-api.com/v4/sports/americanfootball_nfl
2026,4,c327223d76a3b7b0db8c6c104442f44b,2026-10-04T20:05:00Z,Bovada,bovada,2026-10-04T18:07:57Z,Minnesota Vikings,Miami Dolphins,Jaylen Wright,,,RB,player_rush_yds,Full Game,28.5,Under,-110,bovada|Jaylen Wright|player_rush_yds|28.5,0.52380952,0.48987854,https://api.the-odds-api.com/v4/sports/americanfootball_nfl
2026,4,c327223d76a3b7b0db8c6c104442f44b,2026-10-04T20:05:00Z,Bovada,bovada,2026-10-04T18:07:57Z,Minnesota Vikings,Miami Dolphins,Jaylen Wright,,,RB,player_rush_yds,Full Game,33.5,Over,120,bovada|Jaylen Wright|player_rush_yds|33.5,0.45454545,0.4248366,https://api.the-odds-api.com/v4/sports/americanfootball_nfl
2026,4,c327223d76a3b7b0db8c6c104442f44b,2026-10-04T20:05:00Z,Bovada,bovada,2026-10-04T18:07:57Z,Minnesota Vikings,Miami Dolphins,Jaylen Wright,,,RB,player_rush_yds,Full Game,33.5,Under,-160,bovada|Jaylen Wright|player_rush_yds|33.5,0.61538462,0.5751634,https://api.the-odds-api.com/v4/sports/americanfootball_nfl
2026,4,c327223d76a3b7b0db8c6c104442f44b,2026-10-04T20:05:00Z,Bovada,bovada,2026-10-04T18:07:57Z,Minnesota Vikings,Miami Dolphins,Jaylen Wright,,,RB,player_rush_yds,Full Game,38.5,Over,170,bovada|Jaylen Wright|player_rush_yds|38.5,0.37037037,0.34700315,https://api.the-odds-api.com/v4/sports/americanfootball_nfl
2026,4,c327223d76a3b7b0db8c6c104442f44b,2026-10-04T20:05:00Z,Bovada,bovada,2026-10-04T18:07:57Z,Minnesota Vikings,Miami Dolphins,Jaylen Wright,,,RB,player_rush_yds,Full Game,38.5,Under,-230,bovada|Jaylen Wright|player_rush_yds|38.5,0.6969697,0.65299685,https://api.the-odds-api.com/v4/sports/americanfootball_nfl
2026,4,c327223d76a3b7b0db8c6c104442f44b,2026-10-04T20:05:00Z,Bovada,bovada,2026-10-04T18:07:57Z,Minnesota Vikings,Miami Dolphins,Kyler Murray,,,RB,player_rush_yds,Full Game,21.5,Over,-120,bovada|Kyler Murray|player_rush_yds|21.5,0.54545455,0.51012146,https://api.the-odds-api.com/v4/sports/americanfootball_nfl
2026,4,c327223d76a3b7b0db8c6c104442f44b,2026-10-04T20:05:00Z,Bovada,bovada,2026-10-04T18:07:57Z,Minnesota Vikings,Miami Dolphins,Kyler Murray,,,RB,player_rush_yds,Full Game,21.5,Under,-110,bovada|Kyler Murray|player_rush_yds|21.5,0.52380952,0.48987854,https://api.the-odds-api.com/v4/sports/americanfootball_nfl
2026,4,c327223d76a3b7b0db8c6c104442f44b,2026-10-04T20:05:00Z,Bovada,bovada,2026-10-04T18:07:57Z,Minnesota Vikings,Miami Dolphins,Malik Washington,,,RB,player_rush_yds,Full Game,4.5,Over,-120,bovada|Malik Washington|player_rush_yds|4.5,0.54545455,0.51012146,https://api.the-odds-api.com/v4/sports/americanfootball_nfl
2026,4,c327223d76a3b7b0db8c6c104442f44b,2026-10-04T20:05:00Z,Bovada,bovada,2026-10-04T18:07:57Z,Minnesota Vikings,Miami Dolphins,Malik Washington,,,RB,player_rush_yds,Full Game,4.5,Under,-110,bovada|Malik Washington|player_rush_yds|4.5,0.52380952,0.48987854,https://api.the-odds-api.com/v4/sports/americanfootball_nfl
2026,4,c327223d76a3b7b0db8c6c104442f44b,2026-10-04T20:05:00Z,Bovada,bovada,2026-10-04T18:07:57Z,Minnesota Vikings,Miami Dolphins,Malik Willis,,,RB,player_rush_yds,Full Game,20.5,Over,-300,bovada|Malik Willis|player_rush_yds|20.5,0.75,0.70588235,https://api.the-odds-api.com/v4/sports/americanfootball_nfl
2026,4,c327223d76a3b7b0db8c6c104442f44b,2026-10-04T20:05:00Z,Bovada,bovada,2026-10-04T18:07:57Z,Minnesota Vikings,Miami Dolphins,Malik Willis,,,RB,player_rush_yds,Full Game,20.5,Under,220,bovada|Malik Willis|player_rush_yds|20.5,0.3125,0.29411765,https://api.the-odds-api.com/v4/sports/americanfootball_nfl
2026,4,c327223d76a3b7b0db8c6c104442f44b,2026-10-04T20:05:00Z,Bovada,bovada,2026-10-04T18:07:57Z,Minnesota Vikings,Miami Dolphins,Malik Willis,,,RB,player_rush_yds,Full Game,25.5,Over,-180,bovada|Malik Willis|player_rush_yds|25.5,0.64285714,0.60170697,https://api.the-odds-api.com/v4/sports/americanfootball_nfl
2026,4,c327223d76a3b7b0db8c6c104442f44b,2026-10-04T20:05:00Z,Bovada,bovada,2026-10-04T18:07:57Z,Minnesota Vikings,Miami Dolphins,Malik Willis,,,RB,player_rush_yds,Full Game,25.5,Under,135,bovada|Malik Willis|player_rush_yds|25.5,0.42553191,0.39829303,https://api.the-odds-api.com/v4/sports/americanfootball_nfl
2026,4,c327223d76a3b7b0db8c6c104442f44b,2026-10-04T20:05:00Z,Bovada,bovada,2026-10-04T18:07:57Z,Minnesota Vikings,Miami Dolphins,Malik Willis,,,RB,player_rush_yds,Full Game,30.5,Over,-120,bovada|Malik Willis|player_rush_yds|30.5,0.54545455,0.51012146,https://api.the-odds-api.com/v4/sports/americanfootball_nfl
2026,4,c327223d76a3b7b0db8c6c104442f44b,2026-10-04T20:05:00Z,Bovada,bovada,2026-10-04T18:07:57Z,Minnesota Vikings,Miami Dolphins,Malik Willis,,,RB,player_rush_yds,Full Game,30.5,Under,-110,bovada|Malik Willis|player_rush_yds|30.5,0.52380952,0.48987854,https://api.the-odds-api.com/v4/sports/americanfootball_nfl
2026,4,c327223d76a3b7b0db8c6c104442f44b,2026-10-04T20:05:00Z,Bovada,bovada,2026-10-04T18:07:57Z,Minnesota Vikings,Miami Dolphins,Malik Willis,,,RB,player_rush_yds,Full Game,35.5,Over,120,bovada|Malik Willis|player_rush_yds|35.5,0.45454545,0.4248366,https://api.the-odds-api.com/v4/sports/americanfootball_nfl
2026,4,c327223d76a3b7b0db8c6c104442f44b,2026-10-04T20:05:00Z,Bovada,bovada,2026-10-04T18:07:57Z,Minnesota Vikings,Miami Dolphins,Malik Willis,,,RB,player_rush_yds,Full Game,35.5,Under,-160,bovada|Malik Willis|player_rush_yds|35.5,0.61538462,0.5751634,https://api.the-odds-api.com/v4/sports/americanfootball_nfl
2026,4,c327223d76a3b7b0db8c6c104442f44b,2026-10-04T20:05:00Z,Bovada,bovada,2026-10-04T18:07:57Z,Minnesota Vikings,Miami Dolphins,Malik Willis,,,RB,player_rush_yds,Full Game,40.5,Over,165,bovada|Malik Willis|player_rush_yds|40.5,0.37735849,0.35437431,https://api.the-odds-api.com/v4/sports/americanfootball_nfl
2026,4,c327223d76a3b7b0db8c6c104442f44b,2026-10-04T20:05:00Z,Bovada,bovada,2026-10-04T18:07:57Z,Minnesota Vikings,Miami Dolphins,Malik Willis,,,RB,player_rush_yds,Full Game,40.5,Under,-220,bovada|Malik Willis|player_rush_yds|40.5,0.6875,0.64562569,https://api.the-odds-api.com/v4/sports/americanfootball_nfl
2026,4,c327223d76a3b7b0db8c6c104442f44b,2026-10-04T20:05:00Z,Bovada,bovada,2026-10-04T18:07:57Z,Minnesota Vikings,Miami Dolphins,Ollie Gordon II,,,RB,player_rush_yds,Full Game,25.5,Over,-120,bovada|Ollie Gordon II|player_rush_yds|25.5,0.54545455,0.51012146,https://api.the-odds-api.com/v4/sports/americanfootball_nfl
2026,4,c327223d76a3b7b0db8c6c104442f44b,2026-10-04T20:05:00Z,Bovada,bovada,2026-10-04T18:07:57Z,Minnesota Vikings,Miami Dolphins,Ollie Gordon II,,,RB,player_rush_yds,Full Game,25.5,Under,-110,bovada|Ollie Gordon II|player_rush_yds|25.5,0.52380952,0.48987854,https://api.the-odds-api.com/v4/sports/americanfootball_nfl
2026,4,c327223d76a3b7b0db8c6c104442f44b,2026-10-04T20:05:00Z,DraftKings Pick6,pick6,2026-10-04T18:07:37Z,Minnesota Vikings,Miami Dolphins,Chris Bell,,,WR,player_reception_yds,Full Game,33.5,Over,-137,pick6|Chris Bell|player_reception_yds|33.5,0.57805907,0.5,https://api.the-odds-api.com/v4/sports/americanfootball_nfl
2026,4,c327223d76a3b7b0db8c6c104442f44b,2026-10-04T20:05:00Z,DraftKings Pick6,pick6,2026-10-04T18:07:37Z,Minnesota Vikings,Miami Dolphins,Chris Bell,,,WR,player_reception_yds,Full Game,33.5,Under,-137,pick6|Chris Bell|player_reception_yds|33.5,0.57805907,0.5,https://api.the-odds-api.com/v4/sports/americanfootball_nfl
2026,4,c327223d76a3b7b0db8c6c104442f44b,2026-10-04T20:05:00Z,DraftKings Pick6,pick6,2026-10-04T18:07:37Z,Minnesota Vikings,Miami Dolphins,Greg Dulcich,,,WR,player_reception_yds,Full Game,30.5,Over,-137,pick6|Greg Dulcich|player_reception_yds|30.5,0.57805907,0.5,https://api.the-odds-api.com/v4/sports/americanfootball_nfl
2026,4,c327223d76a3b7b0db8c6c104442f44b,2026-10-04T20:05:00Z,DraftKings Pick6,pick6,2026-10-04T18:07:37Z,Minnesota Vikings,Miami Dolphins,Greg Dulcich,,,WR,player_reception_yds,Full Game,30.5,Under,-137,pick6|Greg Dulcich|player_reception_yds|30.5,0.57805907,0.5,https://api.the-odds-api.com/v4/sports/americanfootball_nfl
2026,4,c327223d76a3b7b0db8c6c104442f44b,2026-10-04T20:05:00Z,DraftKings Pick6,pick6,2026-10-04T18:07:37Z,Minnesota Vikings,Miami Dolphins,Tai Felton,,,WR,player_reception_yds,Full Game,15.5,Over,-137,pick6|Tai Felton|player_reception_yds|15.5,0.57805907,0.5,https://api.the-odds-api.com/v4/sports/americanfootball_nfl
2026,4,c327223d76a3b7b0db8c6c104442f44b,2026-10-04T20:05:00Z,DraftKings Pick6,pick6,2026-10-04T18:07:37Z,Minnesota Vikings,Miami Dolphins,Tai Felton,,,WR,player_reception_yds,Full Game,15.5,Under,-137,pick6|Tai Felton|player_reception_yds|15.5,0.57805907,0.5,https://api.the-odds-api.com/v4/sports/americanfootball_nfl
2026,4,c327223d76a3b7b0db8c6c104442f44b,2026-10-04T20:05:00Z,DraftKings Pick6,pick6,2026-10-04T18:07:37Z,Minnesota Vikings,Miami Dolphins,Jauan Jennings,,,WR,player_reception_yds,Full Game,27.5,Over,-137,pick6|Jauan Jennings|player_reception_yds|27.5,0.57805907,0.5,https://api.the-odds-api.com/v4/sports/americanfootball_nfl
2026,4,c327223d76a3b7b0db8c6c104442f44b,2026-10-04T20:05:00Z,DraftKings Pick6,pick6,2026-10-04T18:07:37Z,Minnesota Vikings,Miami Dolphins,Jauan Jennings,,,WR,player_reception_yds,Full Game,27.5,Under,-137,pick6|Jauan Jennings|player_reception_yds|27.5,0.57805907,0.5,https://api.the-odds-api.com/v4/sports/americanfootball_nfl
2026,4,c327223d76a3b7b0db8c6c104442f44b,2026-10-04T20:05:00Z,DraftKings Pick6,pick6,2026-10-04T18:07:37Z,Minnesota Vikings,Miami Dolphins,Jordan Addison,,,WR,player_reception_yds,Full Game,62.5,Over,-137,pick6|Jordan Addison|player_reception_yds|62.5,0.57805907,0.5,https://api.the-odds-api.com/v4/sports/americanfootball_nfl
2026,4,c327223d76a3b7b0db8c6c104442f44b,2026-10-04T20:05:00Z,DraftKings Pick6,pick6,2026-10-04T18:07:37Z,Minnesota Vikings,Miami Dolphins,Jordan Addison,,,WR,player_reception_yds,Full Game,62.5,Under,-137,pick6|Jordan Addison|player_reception_yds|62.5,0.57805907,0.5,https://api.the-odds-api.com/v4/sports/americanfootball_nfl
2026,4,c327223d76a3b7b0db8c6c104442f44b,2026-10-04T20:05:00Z,DraftKings Pick6,pick6,2026-10-04T18:07:37Z,Minnesota Vikings,Miami Dolphins,T.J. Hockenson,,,WR,player_reception_yds,Full Game,38.5,Over,-137,pick6|T.J. Hockenson|player_reception_yds|38.5,0.57805907,0.5,https://api.the-odds-api.com/v4/sports/americanfootball_nfl
2026,4,c327223d76a3b7b0db8c6c104442f44b,2026-10-04T20:05:00Z,DraftKings Pick6,pick6,2026-10-04T18:07:37Z,Minnesota Vikings,Miami Dolphins,T.J. Hockenson,,,WR,player_reception_yds,Full Game,38.5,Under,-137,pick6|T.J. Hockenson|player_reception_yds|38.5,0.57805907,0.5,https://api.the-odds-api.com/v4/sports/americanfootball_nfl
2026,4,c327223d76a3b7b0db8c6c104442f44b,2026-10-04T20:05:00Z,DraftKings Pick6,pick6,2026-10-04T18:07:37Z,Minnesota Vikings,Miami Dolphins,Aaron Jones,,,WR,player_reception_yds,Full Game,19.5,Over,-137,pick6|Aaron Jones|player_reception_yds|19.5,0.57805907,0.5,https://api.the-odds-api.com/v4/sports/americanfootball_nfl
2026,4,c327223d76a3b7b0db8c6c104442f44b,2026-10-04T20:05:00Z,DraftKings Pick6,pick6,2026-10-04T18:07:37Z,Minnesota Vikings,Miami Dolphins,Aaron Jones,,,WR,player_reception_yds,Full Game,19.5,Under,-137,pick6|Aaron Jones|player_reception_yds|19.5,0.57805907,0.5,https://api.the-odds-api.com/v4/sports/americanfootball_nfl
2026,4,c327223d76a3b7b0db8c6c104442f44b,2026-10-04T20:05:00Z,DraftKings Pick6,pick6,2026-10-04T18:07:37Z,Minnesota Vikings,Miami Dolphins,Kevin Coleman Jr.,,,WR,player_reception_yds,Full Game,15.5,Over,-137,pick6|Kevin Coleman Jr.|player_reception_yds|15.5,0.57805907,0.5,https://api.the-odds-api.com/v4/sports/americanfootball_nfl
2026,4,c327223d76a3b7b0db8c6c104442f44b,2026-10-04T20:05:00Z,DraftKings Pick6,pick6,2026-10-04T18:07:37Z,Minnesota Vikings,Miami Dolphins,Kevin Coleman Jr.,,,WR,player_reception_yds,Full Game,15.5,Under,-137,pick6|Kevin Coleman Jr.|player_reception_yds|15.5,0.57805907,0.5,https://api.the-odds-api.com/v4/sports/americanfootball_nfl
2026,4,c327223d76a3b7b0db8c6c104442f44b,2026-10-04T20:05:00Z,DraftKings Pick6,pick6,2026-10-04T18:07:37Z,Minnesota Vikings,Miami Dolphins,Ryan Miller,,,WR,player_reception_yds,Full Game,3.5,Over,-137,pick6|Ryan Miller|player_reception_yds|3.5,0.57805907,0.5,https://api.the-odds-api.com/v4/sports/americanfootball_nfl
2026,4,c327223d76a3b7b0db8c6c104442f44b,2026-10-04T20:05:00Z,DraftKings Pick6,pick6,2026-10-04T18:07:37Z,Minnesota Vikings,Miami Dolphins,Ryan Miller,,,WR,player_reception_yds,Full Game,3.5,Under,-137,pick6|Ryan Miller|player_reception_yds|3.5,0.57805907,0.5,https://api.the-odds-api.com/v4/sports/americanfootball_nfl
2026,4,c327223d76a3b7b0db8c6c104442f44b,2026-10-04T20:05:00Z,DraftKings Pick6,pick6,2026-10-04T18:07:37Z,Minnesota Vikings,Miami Dolphins,Ollie Gordon II,,,WR,player_reception_yds,Full Game,7.5,Over,-137,pick6|Ollie Gordon II|player_reception_yds|7.5,0.57805907,0.5,https://api.the-odds-api.com/v4/sports/americanfootball_nfl
2026,4,c327223d76a3b7b0db8c6c104442f44b,2026-10-04T20:05:00Z,DraftKings Pick6,pick6,2026-10-04T18:07:37Z,Minnesota Vikings,Miami Dolphins,Ollie Gordon II,,,WR,player_reception_yds,Full Game,7.5,Under,-137,pick6|Ollie Gordon II|player_reception_yds|7.5,0.57805907,0.5,https://api.the-odds-api.com/v4/sports/americanfootball_nfl
2026,4,c327223d76a3b7b0db8c6c104442f44b,2026-10-04T20:05:00Z,DraftKings Pick6,pick6,2026-10-04T18:07:37Z,Minnesota Vikings,Miami Dolphins,Jaylen Wright,,,WR,player_reception_yds,Full Game,5.5,Over,-137,pick6|Jaylen Wright|player_reception_yds|5.5,0.57805907,0.5,https://api.the-odds-api.com/v4/sports/americanfootball_nfl
2026,4,c327223d76a3b7b0db8c6c104442f44b,2026-10-04T20:05:00Z,DraftKings Pick6,pick6,2026-10-04T18:07:37Z,Minnesota Vikings,Miami Dolphins,Jaylen Wright,,,WR,player_reception_yds,Full Game,5.5,Under,-137,pick6|Jaylen Wright|player_reception_yds|5.5,0.57805907,0.5,https://api.the-odds-api.com/v4/sports/americanfootball_nfl
2026,4,c327223d76a3b7b0db8c6c104442f44b,2026-10-04T20:05:00Z,DraftKings Pick6,pick6,2026-10-04T18:07:37Z,Minnesota Vikings,Miami Dolphins,Malik Washington,,,WR,player_reception_yds,Full Game,40.5,Over,-137,pick6|Malik Washington|player_reception_yds|40.5,0.57805907,0.5,https://api.the-odds-api.com/v4/sports/americanfootball_nfl
2026,4,c327223d76a3b7b0db8c6c104442f44b,2026-10-04T20:05:00Z,DraftKings Pick6,pick6,2026-10-04T18:07:37Z,Minnesota Vikings,Miami Dolphins,Malik Washington,,,WR,player_reception_yds,Full Game,40.5,Under,-137,pick6|Malik Washington|player_reception_yds|40.5,0.57805907,0.5,https://api.the-odds-api.com/v4/sports/americanfootball_nfl
2026,4,c327223d76a3b7b0db8c6c104442f44b,2026-10-04T20:05:00Z,DraftKings Pick6,pick6,2026-10-04T18:07:37Z,Minnesota Vikings,Miami Dolphins,Kyler Murray,,,RB,player_rush_yds,Full Game,21.5,Over,-137,pick6|Kyler Murray|player_rush_yds|21.5,0.57805907,0.5,https://api.the-odds-api.com/v4/sports/americanfootball_nfl
2026,4,c327223d76a3b7b0db8c6c104442f44b,2026-10-04T20:05:00Z,DraftKings Pick6,pick6,2026-10-04T18:07:37Z,Minnesota Vikings,Miami Dolphins,Kyler Murray,,,RB,player_rush_yds,Full Game,21.5,Under,-137,pick6|Kyler Murray|player_rush_yds|21.5,0.57805907,0.5,https://api.the-odds-api.com/v4/sports/americanfootball_nfl
2026,4,c327223d76a3b7b0db8c6c104442f44b,2026-10-04T20:05:00Z,DraftKings Pick6,pick6,2026-10-04T18:07:37Z,Minnesota Vikings,Miami Dolphins,Malik Willis,,,RB,player_rush_yds,Full Game,30.5,Over,-137,pick6|Malik Willis|player_rush_yds|30.5,0.57805907,0.5,https://api.the-odds-api.com/v4/sports/americanfootball_nfl
2026,4,c327223d76a3b7b0db8c6c104442f44b,2026-10-04T20:05:00Z,DraftKings Pick6,pick6,2026-10-04T18:07:37Z,Minnesota Vikings,Miami Dolphins,Malik Willis,,,RB,player_rush_yds,Full Game,30.5,Under,-137,pick6|Malik Willis|player_rush_yds|30.5,0.57805907,0.5,https://api.the-odds-api.com/v4/sports/americanfootball_nfl
2026,4,c327223d76a3b7b0db8c6c104442f44b,2026-10-04T20:05:00Z,DraftKings Pick6,pick6,2026-10-04T18:07:37Z,Minnesota Vikings,Miami Dolphins,Malik Washington,,,RB,player_rush_yds,Full Game,4.5,Over,-137,pick6|Malik Washington|player_rush_yds|4.5,0.57805907,0.5,https://api.the-odds-api.com/v4/sports/americanfootball_nfl
2026,4,c327223d76a3b7b0db8c6c104442f44b,2026-10-04T20:05:00Z,DraftKings Pick6,pick6,2026-10-04T18:07:37Z,Minnesota Vikings,Miami Dolphins,Malik Washington,,,RB,player_rush_yds,Full Game,4.5,Under,-137,pick6|Malik Washington|player_rush_yds|4.5,0.57805907,0.5,https://api.the-odds-api.com/v4/sports/americanfootball_nfl
2026,4,c327223d76a3b7b0db8c6c104442f44b,2026-10-04T20:05:00Z,DraftKings Pick6,pick6,2026-10-04T18:07:37Z,Minnesota Vikings,Miami Dolphins,Ollie Gordon II,,,RB,player_rush_yds,Full Game,25.5,Over,-137,pick6|Ollie Gordon II|player_rush_yds|25.5,0.57805907,0.5,https://api.the-odds-api.com/v4/sports/americanfootball_nfl
2026,4,c327223d76a3b7b0db8c6c104442f44b,2026-10-04T20:05:00Z,DraftKings Pick6,pick6,2026-10-04T18:07:37Z,Minnesota Vikings,Miami Dolphins,Ollie Gordon II,,,RB,player_rush_yds,Full Game,25.5,Under,-137,pick6|Ollie Gordon II|player_rush_yds|25.5,0.57805907,0.5,https://api.the-odds-api.com/v4/sports/americanfootball_nfl
2026,4,c327223d76a3b7b0db8c6c104442f44b,2026-10-04T20:05:00Z,DraftKings Pick6,pick6,2026-10-04T18:07:37Z,Minnesota Vikings,Miami Dolphins,Aaron Jones,,,RB,player_rush_yds,Full Game,66.5,Over,-137,pick6|Aaron Jones|player_rush_yds|66.5,0.57805907,0.5,https://api.the-odds-api.com/v4/sports/americanfootball_nfl
2026,4,c327223d76a3b7b0db8c6c104442f44b,2026-10-04T20:05:00Z,DraftKings Pick6,pick6,2026-10-04T18:07:37Z,Minnesota Vikings,Miami Dolphins,Aaron Jones,,,RB,player_rush_yds,Full Game,66.5,Under,-137,pick6|Aaron Jones|player_rush_yds|66.5,0.57805907,0.5,https://api.the-odds-api.com/v4/sports/americanfootball_nfl
2026,4,a7e7efb75a9792ac63480ae6328dca18,2026-10-04T20:25:00Z,DraftKings,draftkings,2026-10-04T18:07:50Z,San Francisco 49ers,Denver Broncos,George Kittle,,,WR,player_reception_yds,Full Game,64.5,Over,-110,draftkings|George Kittle|player_reception_yds|64.5,0.52380952,0.4957877,https://api.the-odds-api.com/v4/sports/americanfootball_nfl
2026,4,a7e7efb75a9792ac63480ae6328dca18,2026-10-04T20:25:00Z,DraftKings,draftkings,2026-10-04T18:07:50Z,San Francisco 49ers,Denver Broncos,George Kittle,,,WR,player_reception_yds,Full Game,64.5,Under,-114,draftkings|George Kittle|player_reception_yds|64.5,0.53271028,0.5042123,https://api.the-odds-api.com/v4/sports/americanfootball_nfl
2026,4,a7e7efb75a9792ac63480ae6328dca18,2026-10-04T20:25:00Z,DraftKings,draftkings,2026-10-04T18:07:50Z,San Francisco 49ers,Denver Broncos,Jaylen Waddle,,,WR,player_reception_yds,Full Game,58.5,Over,-110,draftkings|Jaylen Waddle|player_reception_yds|58.5,0.52380952,0.4957877,https://api.the-odds-api.com/v4/sports/americanfootball_nfl
2026,4,a7e7efb75a9792ac63480ae6328dca18,2026-10-04T20:25:00Z,DraftKings,draftkings,2026-10-04T18:07:50Z,San Francisco 49ers,Denver Broncos,Jaylen Waddle,,,WR,player_reception_yds,Full Game,58.5,Under,-114,draftkings|Jaylen Waddle|player_reception_yds|58.5,0.53271028,0.5042123,https://api.the-odds-api.com/v4/sports/americanfootball_nfl
2026,4,a7e7efb75a9792ac63480ae6328dca18,2026-10-04T20:25:00Z,DraftKings,draftkings,2026-10-04T18:07:50Z,San Francisco 49ers,Denver Broncos,Christian McCaffrey,,,WR,player_reception_yds,Full Game,44.5,Over,-111,draftkings|Christian McCaffrey|player_reception_yds|44.5,0.52606635,0.49789412,https://api.the-odds-api.com/v4/sports/americanfootball_nfl
2026,4,a7e7efb75a9792ac63480ae6328dca18,2026-10-04T20:25:00Z,DraftKings,draftkings,2026-10-04T18:07:50Z,San Francisco 49ers,Denver Broncos,Christian McCaffrey,,,WR,player_reception_yds,Full Game,44.5,Under,-113,draftkings|Christian McCaffrey|player_reception_yds|44.5,0.53051643,0.50210588,https://api.the-odds-api.com/v4/sports/americanfootball_nfl
2026,4,a7e7efb75a9792ac63480ae6328dca18,2026-10-04T20:25:00Z,DraftKings,draftkings,2026-10-04T18:07:50Z,San Francisco 49ers,Denver Broncos,Mike Evans,,,WR,player_reception_yds,Full Game,43.5,Over,-113,draftkings|Mike Evans|player_reception_yds|43.5,0.53051643,0.50210588,https://api.the-odds-api.com/v4/sports/americanfootball_nfl
2026,4,a7e7efb75a9792ac63480ae6328dca18,2026-10-04T20:25:00Z,DraftKings,draftkings,2026-10-04T18:07:50Z,San Francisco 49ers,Denver Broncos,Mike Evans,,,WR,player_reception_yds,Full Game,43.5,Under,-111,draftkings|Mike Evans|player_reception_yds|43.5,0.52606635,0.49789412,https://api.the-odds-api.com/v4/sports/americanfootball_nfl
2026,4,a7e7efb75a9792ac63480ae6328dca18,2026-10-04T20:25:00Z,DraftKings,draftkings,2026-10-04T18:07:50Z,San Francisco 49ers,Denver Broncos,Courtland Sutton,,,WR,player_reception_yds,Full Game,39.5,Over,-111,draftkings|Courtland Sutton|player_reception_yds|39.5,0.52606635,0.49789412,https://api.the-odds-api.com/v4/sports/americanfootball_nfl
2026,4,a7e7efb75a9792ac63480ae6328dca18,2026-10-04T20:25:00Z,DraftKings,draftkings,2026-10-04T18:07:50Z,San Francisco 49ers,Denver Broncos,Courtland Sutton,,,WR,player_reception_yds,Full Game,39.5,Under,-113,draftkings|Courtland Sutton|player_reception_yds|39.5,0.53051643,0.50210588,https://api.the-odds-api.com/v4/sports/americanfootball_nfl
2026,4,a7e7efb75a9792ac63480ae6328dca18,2026-10-04T20:25:00Z,DraftKings,draftkings,2026-10-04T18:07:50Z,San Francisco 49ers,Denver Broncos,Deebo Samuel,,,WR,player_reception_yds,Full Game,32.5,Over,-112,draftkings|Deebo Samuel|player_reception_yds|32.5,0.52830189,0.5,https://api.the-odds-api.com/v4/sports/americanfootball_nfl
2026,4,a7e7efb75a9792ac63480ae6328dca18,2026-10-04T20:25:00Z,DraftKings,draftkings,2026-10-04T18:07:50Z,San Francisco 49ers,Denver Broncos,Deebo Samuel,,,WR,player_reception_yds,Full Game,32.5,Under,-112,draftkings|Deebo Samuel|player_reception_yds|32.5,0.52830189,0.5,https://api.the-odds-api.com/v4/sports/americanfootball_nfl
2026,4,a7e7efb75a9792ac63480ae6328dca18,2026-10-04T20:25:00Z,DraftKings,draftkings,2026-10-04T18:07:50Z,San Francisco 49ers,Denver Broncos,Pat Bryant,,,WR,player_reception_yds,Full Game,22.5,Over,-112,draftkings|Pat Bryant|player_reception_yds|22.5,0.52830189,0.5,https://api.the-odds-api.com/v4/sports/americanfootball_nfl
2026,4,a7e7efb75a9792ac63480ae6328dca18,2026-10-04T20:25:00Z,DraftKings,draftkings,2026-10-04T18:07:50Z,San Francisco 49ers,Denver Broncos,Pat Bryant,,,WR,player_reception_yds,Full Game,22.5,Under,-112,draftkings|Pat Bryant|player_reception_yds|22.5,0.52830189,0.5,https://api.the-odds-api.com/v4/sports/americanfootball_nfl
2026,4,a7e7efb75a9792ac63480ae6328dca18,2026-10-04T20:25:00Z,DraftKings,draftkings,2026-10-04T18:07:50Z,San Francisco 49ers,Denver Broncos,RJ Harvey,,,WR,player_reception_yds,Full Game,22.5,Over,-107,draftkings|RJ Harvey|player_reception_yds|22.5,0.51690821,0.48945992,https://api.the-odds-api.com/v4/sports/americanfootball_nfl
2026,4,a7e7efb75a9792ac63480ae6328dca18,2026-10-04T20:25:00Z,DraftKings,draftkings,2026-10-04T18:07:50Z,San Francisco 49ers,Denver Broncos,RJ Harvey,,,WR,player_reception_yds,Full Game,22.5,Under,-117,draftkings|RJ Harvey|player_reception_yds|22.5,0.53917051,0.51054008,https://api.the-odds-api.com/v4/sports/americanfootball_nfl
2026,4,a7e7efb75a9792ac63480ae6328dca18,2026-10-04T20:25:00Z,DraftKings,draftkings,2026-10-04T18:07:50Z,San Francisco 49ers,Denver Broncos,Evan Engram,,,WR,player_reception_yds,Full Game,16.5,Over,-112,draftkings|Evan Engram|player_reception_yds|16.5,0.52830189,0.5,https://api.the-odds-api.com/v4/sports/americanfootball_nfl
2026,4,a7e7efb75a9792ac63480ae6328dca18,2026-10-04T20:25:00Z,DraftKings,draftkings,2026-10-04T18:07:50Z,San Francisco 49ers,Denver Broncos,Evan Engram,,,WR,player_reception_yds,Full Game,16.5,Under,-112,draftkings|Evan Engram|player_reception_yds|16.5,0.52830189,0.5,https://api.the-odds-api.com/v4/sports/americanfootball_nfl
2026,4,a7e7efb75a9792ac63480ae6328dca18,2026-10-04T20:25:00Z,DraftKings,draftkings,2026-10-04T18:07:50Z,San Francisco 49ers,Denver Broncos,Kyle Juszczyk,,,WR,player_reception_yds,Full Game,8.5,Over,-119,draftkings|Kyle Juszczyk|player_reception_yds|8.5,0.543379,0.51361884,https://api.the-odds-api.com/v4/sports/americanfootball_nfl
2026,4,a7e7efb75a9792ac63480ae6328dca18,2026-10-04T20:25:00Z,DraftKings,draftkings,2026-10-04T18:07:50Z,San Francisco 49ers,Denver Broncos,Kyle Juszczyk,,,WR,player_reception_yds,Full Game,8.5,Under,-106,draftkings|Kyle Juszczyk|player_reception_yds|8.5,0.51456311,0.48638116,https://api.the-odds-api.com/v4/sports/americanfootball_nfl
2026,4,a7e7efb75a9792ac63480ae6328dca18,2026-10-04T20:25:00Z,DraftKings,draftkings,2026-10-04T18:07:50Z,San Francisco 49ers,Denver Broncos,Troy Franklin,,,WR,player_reception_yds,Full Game,5.5,Over,-104,draftkings|Troy Franklin|player_reception_yds|5.5,0.50980392,0.48310811,https://api.the-odds-api.com/v4/sports/americanfootball_nfl
2026,4,a7e7efb75a9792ac63480ae6328dca18,2026-10-04T20:25:00Z,DraftKings,draftkings,2026-10-04T18:07:50Z,San Francisco 49ers,Denver Broncos,Troy Franklin,,,WR,player_reception_yds,Full Game,5.5,Under,-120,draftkings|Troy Franklin|player_reception_yds|5.5,0.54545455,0.51689189,https://api.the-odds-api.com/v4/sports/americanfootball_nfl
2026,4,a7e7efb75a9792ac63480ae6328dca18,2026-10-04T20:25:00Z,DraftKings,draftkings,2026-10-04T18:07:50Z,San Francisco 49ers,Denver Broncos,Adam Trautman,,,WR,player_reception_yds,Full Game,4.5,Over,-113,draftkings|Adam Trautman|player_reception_yds|4.5,0.53051643,0.50210588,https://api.the-odds-api.com/v4/sports/americanfootball_nfl
2026,4,a7e7efb75a9792ac63480ae6328dca18,2026-10-04T20:25:00Z,DraftKings,draftkings,2026-10-04T18:07:50Z,San Francisco 49ers,Denver Broncos,Adam Trautman,,,WR,player_reception_yds,Full Game,4.5,Under,-111,draftkings|Adam Trautman|player_reception_yds|4.5,0.52606635,0.49789412,https://api.the-odds-api.com/v4/sports/americanfootball_nfl
2026,4,a7e7efb75a9792ac63480ae6328dca18,2026-10-04T20:25:00Z,DraftKings,draftkings,2026-10-04T18:07:50Z,San Francisco 49ers,Denver Broncos,Christian McCaffrey,,,RB,player_rush_yds,Full Game,66.5,Over,-110,draftkings|Christian McCaffrey|player_rush_yds|66.5,0.52380952,0.4957877,https://api.the-odds-api.com/v4/sports/americanfootball_nfl
2026,4,a7e7efb75a9792ac63480ae6328dca18,2026-10-04T20:25:00Z,DraftKings,draftkings,2026-10-04T18:07:50Z,San Francisco 49ers,Denver Broncos,Christian McCaffrey,,,RB,player_rush_yds,Full Game,66.5,Under,-114,draftkings|Christian McCaffrey|player_rush_yds|66.5,0.53271028,0.5042123,https://api.the-odds-api.com/v4/sports/americanfootball_nfl
2026,4,a7e7efb75a9792ac63480ae6328dca18,2026-10-04T20:25:00Z,DraftKings,draftkings,2026-10-04T18:07:50Z,San Francisco 49ers,Denver Broncos,J.K. Dobbins,,,RB,player_rush_yds,Full Game,59.5,Over,-113,draftkings|J.K. Dobbins|player_rush_yds|59.5,0.53051643,0.50210588,https://api.the-odds-api.com/v4/sports/americanfootball_nfl
2026,4,a7e7efb75a9792ac63480ae6328dca18,2026-10-04T20:25:00Z,DraftKings,draftkings,2026-10-04T18:07:50Z,San Francisco 49ers,Denver Broncos,J.K. Dobbins,,,RB,player_rush_yds,Full Game,59.5,Under,-111,draftkings|J.K. Dobbins|player_rush_yds|59.5,0.52606635,0.49789412,https://api.the-odds-api.com/v4/sports/americanfootball_nfl
2026,4,a7e7efb75a9792ac63480ae6328dca18,2026-10-04T20:25:00Z,DraftKings,draftkings,2026-10-04T18:07:50Z,San Francisco 49ers,Denver Broncos,Kaelon Black,,,RB,player_rush_yds,Full Game,21.5,Over,-110,draftkings|Kaelon Black|player_rush_yds|21.5,0.52380952,0.4957877,https://api.the-odds-api.com/v4/sports/americanfootball_nfl
2026,4,a7e7efb75a9792ac63480ae6328dca18,2026-10-04T20:25:00Z,DraftKings,draftkings,2026-10-04T18:07:50Z,San Francisco 49ers,Denver Broncos,Kaelon Black,,,RB,player_rush_yds,Full Game,21.5,Under,-114,draftkings|Kaelon Black|player_rush_yds|21.5,0.53271028,0.5042123,https://api.the-odds-api.com/v4/sports/americanfootball_nfl
2026,4,a7e7efb75a9792ac63480ae6328dca18,2026-10-04T20:25:00Z,DraftKings,draftkings,2026-10-04T18:07:50Z,San Francisco 49ers,Denver Broncos,Brock Purdy,,,RB,player_rush_yds,Full Game,16.5,Over,-117,draftkings|Brock Purdy|player_rush_yds|16.5,0.53917051,0.51054008,https://api.the-odds-api.com/v4/sports/americanfootball_nfl
2026,4,a7e7efb75a9792ac63480ae6328dca18,2026-10-04T20:25:00Z,DraftKings,draftkings,2026-10-04T18:07:50Z,San Francisco 49ers,Denver Broncos,Brock Purdy,,,RB,player_rush_yds,Full Game,16.5,Under,-107,draftkings|Brock Purdy|player_rush_yds|16.5,0.51690821,0.48945992,https://api.the-odds-api.com/v4/sports/americanfootball_nfl
2026,4,a7e7efb75a9792ac63480ae6328dca18,2026-10-04T20:25:00Z,DraftKings,draftkings,2026-10-04T18:07:50Z,San Francisco 49ers,Denver Broncos,Bo Nix,,,RB,player_rush_yds,Full Game,16.5,Over,-109,draftkings|Bo Nix|player_rush_yds|16.5,0.5215311,0.49368022,https://api.the-odds-api.com/v4/sports/americanfootball_nfl
2026,4,a7e7efb75a9792ac63480ae6328dca18,2026-10-04T20:25:00Z,DraftKings,draftkings,2026-10-04T18:07:50Z,San Francisco 49ers,Denver Broncos,Bo Nix,,,RB,player_rush_yds,Full Game,16.5,Under,-115,draftkings|Bo Nix|player_rush_yds|16.5,0.53488372,0.50631978,https://api.the-odds-api.com/v4/sports/americanfootball_nfl
2026,4,a7e7efb75a9792ac63480ae6328dca18,2026-10-04T20:25:00Z,DraftKings,draftkings,2026-10-04T18:07:50Z,San Francisco 49ers,Denver Broncos,RJ Harvey,,,RB,player_rush_yds,Full Game,15.5,Over,-111,draftkings|RJ Harvey|player_rush_yds|15.5,0.52606635,0.49789412,https://api.the-odds-api.com/v4/sports/americanfootball_nfl
2026,4,a7e7efb75a9792ac63480ae6328dca18,2026-10-04T20:25:00Z,DraftKings,draftkings,2026-10-04T18:07:50Z,San Francisco 49ers,Denver Broncos,RJ Harvey,,,RB,player_rush_yds,Full Game,15.5,Under,-113,draftkings|RJ Harvey|player_rush_yds|15.5,0.53051643,0.50210588,https://api.the-odds-api.com/v4/sports/americanfootball_nfl
2026,4,a7e7efb75a9792ac63480ae6328dca18,2026-10-04T20:25:00Z,FanDuel,fanduel,2026-10-04T18:08:02Z,San Francisco 49ers,Denver Broncos,Jaylen Waddle,,,WR,player_reception_yds,Full Game,56.5,Over,-113,fanduel|Jaylen Waddle|player_reception_yds|56.5,0.53051643,0.5,https://api.the-odds-api.com/v4/sports/americanfootball_nfl
2026,4,a7e7efb75a9792ac63480ae6328dca18,2026-10-04T20:25:00Z,FanDuel,fanduel,2026-10-04T18:08:02Z,San Francisco 49ers,Denver Broncos,Jaylen Waddle,,,WR,player_reception_yds,Full Game,56.5,Under,-113,fanduel|Jaylen Waddle|player_reception_yds|56.5,0.53051643,0.5,https://api.the-odds-api.com/v4/sports/americanfootball_nfl
2026,4,a7e7efb75a9792ac63480ae6328dca18,2026-10-04T20:25:00Z,FanDuel,fanduel,2026-10-04T18:08:02Z,San Francisco 49ers,Denver Broncos,RJ Harvey,,,WR,player_reception_yds,Full Game,21.5,Over,-113,fanduel|RJ Harvey|player_reception_yds|21.5,0.53051643,0.5,https://api.the-odds-api.com/v4/sports/americanfootball_nfl
2026,4,a7e7efb75a9792ac63480ae6328dca18,2026-10-04T20:25:00Z,FanDuel,fanduel,2026-10-04T18:08:02Z,San Francisco 49ers,Denver Broncos,RJ Harvey,,,WR,player_reception_yds,Full Game,21.5,Under,-113,fanduel|RJ Harvey|player_reception_yds|21.5,0.53051643,0.5,https://api.the-odds-api.com/v4/sports/americanfootball_nfl
2026,4,a7e7efb75a9792ac63480ae6328dca18,2026-10-04T20:25:00Z,FanDuel,fanduel,2026-10-04T18:08:02Z,San Francisco 49ers,Denver Broncos,Pat Bryant,,,WR,player_reception_yds,Full Game,22.5,Over,-113,fanduel|Pat Bryant|player_reception_yds|22.5,0.53051643,0.5,https://api.the-odds-api.com/v4/sports/americanfootball_nfl
2026,4,a7e7efb75a9792ac63480ae6328dca18,2026-10-04T20:25:00Z,FanDuel,fanduel,2026-10-04T18:08:02Z,San Francisco 49ers,Denver Broncos,Pat Bryant,,,WR,player_reception_yds,Full Game,22.5,Under,-113,fanduel|Pat Bryant|player_reception_yds|22.5,0.53051643,0.5,https://api.the-odds-api.com/v4/sports/americanfootball_nfl
2026,4,a7e7efb75a9792ac63480ae6328dca18,2026-10-04T20:25:00Z,FanDuel,fanduel,2026-10-04T18:08:02Z,San Francisco 49ers,Denver Broncos,Kyle Juszczyk,,,WR,player_reception_yds,Full Game,8.5,Over,-113,fanduel|Kyle Juszczyk|player_reception_yds|8.5,0.53051643,0.5,https://api.the-odds-api.com/v4/sports/americanfootball_nfl
2026,4,a7e7efb75a9792ac63480ae6328dca18,2026-10-04T20:25:00Z,FanDuel,fanduel,2026-10-04T18:08:02Z,San Francisco 49ers,Denver Broncos,Kyle Juszczyk,,,WR,player_reception_yds,Full Game,8.5,Under,-113,fanduel|Kyle Juszczyk|player_reception_yds|8.5,0.53051643,0.5,https://api.the-odds-api.com/v4/sports/americanfootball_nfl
2026,4,a7e7efb75a9792ac63480ae6328dca18,2026-10-04T20:25:00Z,FanDuel,fanduel,2026-10-04T18:08:02Z,San Francisco 49ers,Denver Broncos,Mike Evans,,,WR,player_reception_yds,Full Game,44.5,Over,-113,fanduel|Mike Evans|player_reception_yds|44.5,0.53051643,0.5,https://api.the-odds-api.com/v4/sports/americanfootball_nfl
2026,4,a7e7efb75a9792ac63480ae6328dca18,2026-10-04T20:25:00Z,FanDuel,fanduel,2026-10-04T18:08:02Z,San Francisco 49ers,Denver Broncos,Mike Evans,,,WR,player_reception_yds,Full Game,44.5,Under,-113,fanduel|Mike Evans|player_reception_yds|44.5,0.53051643,0.5,https://api.the-odds-api.com/v4/sports/americanfootball_nfl
2026,4,a7e7efb75a9792ac63480ae6328dca18,2026-10-04T20:25:00Z,FanDuel,fanduel,2026-10-04T18:08:02Z,San Francisco 49ers,Denver Broncos,Adam Trautman,,,WR,player_reception_yds,Full Game,4.5,Over,-113,fanduel|Adam Trautman|player_reception_yds|4.5,0.53051643,0.5,https://api.the-odds-api.com/v4/sports/americanfootball_nfl
2026,4,a7e7efb75a9792ac63480ae6328dca18,2026-10-04T20:25:00Z,FanDuel,fanduel,2026-10-04T18:08:02Z,San Francisco 49ers,Denver Broncos,Adam Trautman,,,WR,player_reception_yds,Full Game,4.5,Under,-113,fanduel|Adam Trautman|player_reception_yds|4.5,0.53051643,0.5,https://api.the-odds-api.com/v4/sports/americanfootball_nfl
2026,4,a7e7efb75a9792ac63480ae6328dca18,2026-10-04T20:25:00Z,FanDuel,fanduel,2026-10-04T18:08:02Z,San Francisco 49ers,Denver Broncos,Troy Franklin,,,WR,player_reception_yds,Full Game,5.5,Over,-113,fanduel|Troy Franklin|player_reception_yds|5.5,0.53051643,0.5,https://api.the-odds-api.com/v4/sports/americanfootball_nfl
2026,4,a7e7efb75a9792ac63480ae6328dca18,2026-10-04T20:25:00Z,FanDuel,fanduel,2026-10-04T18:08:02Z,San Francisco 49ers,Denver Broncos,Troy Franklin,,,WR,player_reception_yds,Full Game,5.5,Under,-113,fanduel|Troy Franklin|player_reception_yds|5.5,0.53051643,0.5,https://api.the-odds-api.com/v4/sports/americanfootball_nfl
2026,4,a7e7efb75a9792ac63480ae6328dca18,2026-10-04T20:25:00Z,FanDuel,fanduel,2026-10-04T18:08:02Z,San Francisco 49ers,Denver Broncos,Evan Engram,,,WR,player_reception_yds,Full Game,17.5,Over,-113,fanduel|Evan Engram|player_reception_yds|17.5,0.53051643,0.5,https://api.the-odds-api.com/v4/sports/americanfootball_nfl
2026,4,a7e7efb75a9792ac63480ae6328dca18,2026-10-04T20:25:00Z,FanDuel,fanduel,2026-10-04T18:08:02Z,San Francisco 49ers,Denver Broncos,Evan Engram,,,WR,player_reception_yds,Full Game,17.5,Under,-113,fanduel|Evan Engram|player_reception_yds|17.5,0.53051643,0.5,https://api.the-odds-api.com/v4/sports/americanfootball_nfl
2026,4,a7e7efb75a9792ac63480ae6328dca18,2026-10-04T20:25:00Z,FanDuel,fanduel,2026-10-04T18:08:02Z,San Francisco 49ers,Denver Broncos,Christian McCaffrey,,,WR,player_reception_yds,Full Game,41.5,Over,-113,fanduel|Christian McCaffrey|player_reception_yds|41.5,0.53051643,0.5,https://api.the-odds-api.com/v4/sports/americanfootball_nfl
2026,4,a7e7efb75a9792ac63480ae6328dca18,2026-10-04T20:25:00Z,FanDuel,fanduel,2026-10-04T18:08:02Z,San Francisco 49ers,Denver Broncos,Christian McCaffrey,,,WR,player_reception_yds,Full Game,41.5,Under,-113,fanduel|Christian McCaffrey|player_reception_yds|41.5,0.53051643,0.5,https://api.the-odds-api.com/v4/sports/americanfootball_nfl
2026,4,a7e7efb75a9792ac63480ae6328dca18,2026-10-04T20:25:00Z,FanDuel,fanduel,2026-10-04T18:08:02Z,San Francisco 49ers,Denver Broncos,George Kittle,,,WR,player_reception_yds,Full Game,62.5,Over,-113,fanduel|George Kittle|player_reception_yds|62.5,0.53051643,0.5,https://api.the-odds-api.com/v4/sports/americanfootball_nfl
2026,4,a7e7efb75a9792ac63480ae6328dca18,2026-10-04T20:25:00Z,FanDuel,fanduel,2026-10-04T18:08:02Z,San Francisco 49ers,Denver Broncos,George Kittle,,,WR,player_reception_yds,Full Game,62.5,Under,-113,fanduel|George Kittle|player_reception_yds|62.5,0.53051643,0.5,https://api.the-odds-api.com/v4/sports/americanfootball_nfl
2026,4,a7e7efb75a9792ac63480ae6328dca18,2026-10-04T20:25:00Z,FanDuel,fanduel,2026-10-04T18:08:02Z,San Francisco 49ers,Denver Broncos,Deebo Samuel,,,WR,player_reception_yds,Full Game,34.5,Over,-113,fanduel|Deebo Samuel|player_reception_yds|34.5,0.53051643,0.5,https://api.the-odds-api.com/v4/sports/americanfootball_nfl
2026,4,a7e7efb75a9792ac63480ae6328dca18,2026-10-04T20:25:00Z,FanDuel,fanduel,2026-10-04T18:08:02Z,San Francisco 49ers,Denver Broncos,Deebo Samuel,,,WR,player_reception_yds,Full Game,34.5,Under,-113,fanduel|Deebo Samuel|player_reception_yds|34.5,0.53051643,0.5,https://api.the-odds-api.com/v4/sports/americanfootball_nfl
2026,4,a7e7efb75a9792ac63480ae6328dca18,2026-10-04T20:25:00Z,FanDuel,fanduel,2026-10-04T18:08:02Z,San Francisco 49ers,Denver Broncos,Courtland Sutton,,,WR,player_reception_yds,Full Game,38.5,Over,-113,fanduel|Courtland Sutton|player_reception_yds|38.5,0.53051643,0.5,https://api.the-odds-api.com/v4/sports/americanfootball_nfl
2026,4,a7e7efb75a9792ac63480ae6328dca18,2026-10-04T20:25:00Z,FanDuel,fanduel,2026-10-04T18:08:02Z,San Francisco 49ers,Denver Broncos,Courtland Sutton,,,WR,player_reception_yds,Full Game,38.5,Under,-113,fanduel|Courtland Sutton|player_reception_yds|38.5,0.53051643,0.5,https://api.the-odds-api.com/v4/sports/americanfootball_nfl
2026,4,a7e7efb75a9792ac63480ae6328dca18,2026-10-04T20:25:00Z,FanDuel,fanduel,2026-10-04T18:08:02Z,San Francisco 49ers,Denver Broncos,Christian McCaffrey,,,RB,player_rush_yds,Full Game,65.5,Over,-113,fanduel|Christian McCaffrey|player_rush_yds|65.5,0.53051643,0.5,https://api.the-odds-api.com/v4/sports/americanfootball_nfl
2026,4,a7e7efb75a9792ac63480ae6328dca18,2026-10-04T20:25:00Z,FanDuel,fanduel,2026-10-04T18:08:02Z,San Francisco 49ers,Denver Broncos,Christian McCaffrey,,,RB,player_rush_yds,Full Game,65.5,Under,-113,fanduel|Christian McCaffrey|player_rush_yds|65.5,0.53051643,0.5,https://api.the-odds-api.com/v4/sports/americanfootball_nfl
2026,4,a7e7efb75a9792ac63480ae6328dca18,2026-10-04T20:25:00Z,FanDuel,fanduel,2026-10-04T18:08:02Z,San Francisco 49ers,Denver Broncos,RJ Harvey,,,RB,player_rush_yds,Full Game,15.5,Over,-113,fanduel|RJ Harvey|player_rush_yds|15.5,0.53051643,0.5,https://api.the-odds-api.com/v4/sports/americanfootball_nfl
2026,4,a7e7efb75a9792ac63480ae6328dca18,2026-10-04T20:25:00Z,FanDuel,fanduel,2026-10-04T18:08:02Z,San Francisco 49ers,Denver Broncos,RJ Harvey,,,RB,player_rush_yds,Full Game,15.5,Under,-113,fanduel|RJ Harvey|player_rush_yds|15.5,0.53051643,0.5,https://api.the-odds-api.com/v4/sports/americanfootball_nfl
2026,4,a7e7efb75a9792ac63480ae6328dca18,2026-10-04T20:25:00Z,FanDuel,fanduel,2026-10-04T18:08:02Z,San Francisco 49ers,Denver Broncos,J.K. Dobbins,,,RB,player_rush_yds,Full Game,58.5,Over,-113,fanduel|J.K. Dobbins|player_rush_yds|58.5,0.53051643,0.5,https://api.the-odds-api.com/v4/sports/americanfootball_nfl
2026,4,a7e7efb75a9792ac63480ae6328dca18,2026-10-04T20:25:00Z,FanDuel,fanduel,2026-10-04T18:08:02Z,San Francisco 49ers,Denver Broncos,J.K. Dobbins,,,RB,player_rush_yds,Full Game,58.5,Under,-113,fanduel|J.K. Dobbins|player_rush_yds|58.5,0.53051643,0.5,https://api.the-odds-api.com/v4/sports/americanfootball_nfl
2026,4,a7e7efb75a9792ac63480ae6328dca18,2026-10-04T20:25:00Z,FanDuel,fanduel,2026-10-04T18:08:02Z,San Francisco 49ers,Denver Broncos,Bo Nix,,,RB,player_rush_yds,Full Game,16.5,Over,-113,fanduel|Bo Nix|player_rush_yds|16.5,0.53051643,0.5,https://api.the-odds-api.com/v4/sports/americanfootball_nfl
2026,4,a7e7efb75a9792ac63480ae6328dca18,2026-10-04T20:25:00Z,FanDuel,fanduel,2026-10-04T18:08:02Z,San Francisco 49ers,Denver Broncos,Bo Nix,,,RB,player_rush_yds,Full Game,16.5,Under,-113,fanduel|Bo Nix|player_rush_yds|16.5,0.53051643,0.5,https://api.the-odds-api.com/v4/sports/americanfootball_nfl
2026,4,a7e7efb75a9792ac63480ae6328dca18,2026-10-04T20:25:00Z,FanDuel,fanduel,2026-10-04T18:08:02Z,San Francisco 49ers,Denver Broncos,Kaelon Black,,,RB,player_rush_yds,Full Game,20.5,Over,-113,fanduel|Kaelon Black|player_rush_yds|20.5,0.53051643,0.5,https://api.the-odds-api.com/v4/sports/americanfootball_nfl
2026,4,a7e7efb75a9792ac63480ae6328dca18,2026-10-04T20:25:00Z,FanDuel,fanduel,2026-10-04T18:08:02Z,San Francisco 49ers,Denver Broncos,Kaelon Black,,,RB,player_rush_yds,Full Game,20.5,Under,-113,fanduel|Kaelon Black|player_rush_yds|20.5,0.53051643,0.5,https://api.the-odds-api.com/v4/sports/americanfootball_nfl
2026,4,a7e7efb75a9792ac63480ae6328dca18,2026-10-04T20:25:00Z,FanDuel,fanduel,2026-10-04T18:08:02Z,San Francisco 49ers,Denver Broncos,Brock Purdy,,,RB,player_rush_yds,Full Game,17.5,Over,-113,fanduel|Brock Purdy|player_rush_yds|17.5,0.53051643,0.5,https://api.the-odds-api.com/v4/sports/americanfootball_nfl
2026,4,a7e7efb75a9792ac63480ae6328dca18,2026-10-04T20:25:00Z,FanDuel,fanduel,2026-10-04T18:08:02Z,San Francisco 49ers,Denver Broncos,Brock Purdy,,,RB,player_rush_yds,Full Game,17.5,Under,-113,fanduel|Brock Purdy|player_rush_yds|17.5,0.53051643,0.5,https://api.the-odds-api.com/v4/sports/americanfootball_nfl
2026,4,a7e7efb75a9792ac63480ae6328dca18,2026-10-04T20:25:00Z,BetOnline.ag,betonlineag,2026-10-04T18:08:23Z,San Francisco 49ers,Denver Broncos,George Kittle,,,WR,player_reception_yds,Full Game,64.5,Over,-114,betonlineag|George Kittle|player_reception_yds|64.5,0.53271028,0.5,https://api.the-odds-api.com/v4/sports/americanfootball_nfl
2026,4,a7e7efb75a9792ac63480ae6328dca18,2026-10-04T20:25:00Z,BetOnline.ag,betonlineag,2026-10-04T18:08:23Z,San Francisco 49ers,Denver Broncos,George Kittle,,,WR,player_reception_yds,Full Game,64.5,Under,-114,betonlineag|George Kittle|player_reception_yds|64.5,0.53271028,0.5,https://api.the-odds-api.com/v4/sports/americanfootball_nfl
2026,4,a7e7efb75a9792ac63480ae6328dca18,2026-10-04T20:25:00Z,BetOnline.ag,betonlineag,2026-10-04T18:08:23Z,San Francisco 49ers,Denver Broncos,Evan Engram,,,WR,player_reception_yds,Full Game,17.5,Over,-111,betonlineag|Evan Engram|player_reception_yds|17.5,0.52606635,0.49484025,https://api.the-odds-api.com/v4/sports/americanfootball_nfl
2026,4,a7e7efb75a9792ac63480ae6328dca18,2026-10-04T20:25:00Z,BetOnline.ag,betonlineag,2026-10-04T18:08:23Z,San Francisco 49ers,Denver Broncos,Evan Engram,,,WR,player_reception_yds,Full Game,17.5,Under,-116,betonlineag|Evan Engram|player_reception_yds|17.5,0.53703704,0.50515975,https://api.the-odds-api.com/v4/sports/americanfootball_nfl
2026,4,a7e7efb75a9792ac63480ae6328dca18,2026-10-04T20:25:00Z,BetOnline.ag,betonlineag,2026-10-04T18:08:23Z,San Francisco 49ers,Denver Broncos,Pat Bryant,,,WR,player_reception_yds,Full Game,22.5,Over,-114,betonlineag|Pat Bryant|player_reception_yds|22.5,0.53271028,0.5,https://api.the-odds-api.com/v4/sports/americanfootball_nfl
2026,4,a7e7efb75a9792ac63480ae6328dca18,2026-10-04T20:25:00Z,BetOnline.ag,betonlineag,2026-10-04T18:08:23Z,San Francisco 49ers,Denver Broncos,Pat Bryant,,,WR,player_reception_yds,Full Game,22.5,Under,-114,betonlineag|Pat Bryant|player_reception_yds|22.5,0.53271028,0.5,https://api.the-odds-api.com/v4/sports/americanfootball_nfl
2026,4,a7e7efb75a9792ac63480ae6328dca18,2026-10-04T20:25:00Z,BetOnline.ag,betonlineag,2026-10-04T18:08:23Z,San Francisco 49ers,Denver Broncos,Jaylen Waddle,,,WR,player_reception_yds,Full Game,57.5,Over,-114,betonlineag|Jaylen Waddle|player_reception_yds|57.5,0.53271028,0.5,https://api.the-odds-api.com/v4/sports/americanfootball_nfl
2026,4,a7e7efb75a9792ac63480ae6328dca18,2026-10-04T20:25:00Z,BetOnline.ag,betonlineag,2026-10-04T18:08:23Z,San Francisco 49ers,Denver Broncos,Jaylen Waddle,,,WR,player_reception_yds,Full Game,57.5,Under,-114,betonlineag|Jaylen Waddle|player_reception_yds|57.5,0.53271028,0.5,https://api.the-odds-api.com/v4/sports/americanfootball_nfl
2026,4,a7e7efb75a9792ac63480ae6328dca18,2026-10-04T20:25:00Z,BetOnline.ag,betonlineag,2026-10-04T18:08:23Z,San Francisco 49ers,Denver Broncos,Kyle Juszczyk,,,WR,player_reception_yds,Full Game,8.5,Over,-115,betonlineag|Kyle Juszczyk|player_reception_yds|8.5,0.53488372,0.50309533,https://api.the-odds-api.com/v4/sports/americanfootball_nfl
2026,4,a7e7efb75a9792ac63480ae6328dca18,2026-10-04T20:25:00Z,BetOnline.ag,betonlineag,2026-10-04T18:08:23Z,San Francisco 49ers,Denver Broncos,Kyle Juszczyk,,,WR,player_reception_yds,Full Game,8.5,Under,-112,betonlineag|Kyle Juszczyk|player_reception_yds|8.5,0.52830189,0.49690467,https://api.the-odds-api.com/v4/sports/americanfootball_nfl
2026,4,a7e7efb75a9792ac63480ae6328dca18,2026-10-04T20:25:00Z,BetOnline.ag,betonlineag,2026-10-04T18:08:23Z,San Francisco 49ers,Denver Broncos,Christian McCaffrey,,,WR,player_reception_yds,Full Game,41.5,Over,-114,betonlineag|Christian McCaffrey|player_reception_yds|41.5,0.53271028,0.5,https://api.the-odds-api.com/v4/sports/americanfootball_nfl
2026,4,a7e7efb75a9792ac63480ae6328dca18,2026-10-04T20:25:00Z,BetOnline.ag,betonlineag,2026-10-04T18:08:23Z,San Francisco 49ers,Denver Broncos,Christian McCaffrey,,,WR,player_reception_yds,Full Game,41.5,Under,-114,betonlineag|Christian McCaffrey|player_reception_yds|41.5,0.53271028,0.5,https://api.the-odds-api.com/v4/sports/americanfootball_nfl
2026,4,a7e7efb75a9792ac63480ae6328dca18,2026-10-04T20:25:00Z,BetOnline.ag,betonlineag,2026-10-04T18:08:23Z,San Francisco 49ers,Denver Broncos,RJ Harvey,,,WR,player_reception_yds,Full Game,21.5,Over,-118,betonlineag|RJ Harvey|player_reception_yds|21.5,0.5412844,0.50820345,https://api.the-odds-api.com/v4/sports/americanfootball_nfl
2026,4,a7e7efb75a9792ac63480ae6328dca18,2026-10-04T20:25:00Z,BetOnline.ag,betonlineag,2026-10-04T18:08:23Z,San Francisco 49ers,Denver Broncos,RJ Harvey,,,WR,player_reception_yds,Full Game,21.5,Under,-110,betonlineag|RJ Harvey|player_reception_yds|21.5,0.52380952,0.49179655,https://api.the-odds-api.com/v4/sports/americanfootball_nfl
2026,4,a7e7efb75a9792ac63480ae6328dca18,2026-10-04T20:25:00Z,BetOnline.ag,betonlineag,2026-10-04T18:08:23Z,San Francisco 49ers,Denver Broncos,Adam Trautman,,,WR,player_reception_yds,Full Game,5.5,Over,-119,betonlineag|Adam Trautman|player_reception_yds|5.5,0.543379,0.5102581,https://api.the-odds-api.com/v4/sports/americanfootball_nfl
2026,4,a7e7efb75a9792ac63480ae6328dca18,2026-10-04T20:25:00Z,BetOnline.ag,betonlineag,2026-10-04T18:08:23Z,San Francisco 49ers,Denver Broncos,Adam Trautman,,,WR,player_reception_yds,Full Game,5.5,Under,-109,betonlineag|Adam Trautman|player_reception_yds|5.5,0.5215311,0.4897419,https://api.the-odds-api.com/v4/sports/americanfootball_nfl
2026,4,a7e7efb75a9792ac63480ae6328dca18,2026-10-04T20:25:00Z,BetOnline.ag,betonlineag,2026-10-04T18:08:23Z,San Francisco 49ers,Denver Broncos,Courtland Sutton,,,WR,player_reception_yds,Full Game,39.5,Over,-114,betonlineag|Courtland Sutton|player_reception_yds|39.5,0.53271028,0.5,https://api.the-odds-api.com/v4/sports/americanfootball_nfl
2026,4,a7e7efb75a9792ac63480ae6328dca18,2026-10-04T20:25:00Z,BetOnline.ag,betonlineag,2026-10-04T18:08:23Z,San Francisco 49ers,Denver Broncos,Courtland Sutton,,,WR,player_reception_yds,Full Game,39.5,Under,-114,betonlineag|Courtland Sutton|player_reception_yds|39.5,0.53271028,0.5,https://api.the-odds-api.com/v4/sports/americanfootball_nfl
2026,4,a7e7efb75a9792ac63480ae6328dca18,2026-10-04T20:25:00Z,BetOnline.ag,betonlineag,2026-10-04T18:08:23Z,San Francisco 49ers,Denver Broncos,Deebo Samuel,,,WR,player_reception_yds,Full Game,34.5,Over,-116,betonlineag|Deebo Samuel|player_reception_yds|34.5,0.53703704,0.50515975,https://api.the-odds-api.com/v4/sports/americanfootball_nfl
2026,4,a7e7efb75a9792ac63480ae6328dca18,2026-10-04T20:25:00Z,BetOnline.ag,betonlineag,2026-10-04T18:08:23Z,San Francisco 49ers,Denver Broncos,Deebo Samuel,,,WR,player_reception_yds,Full Game,34.5,Under,-111,betonlineag|Deebo Samuel|player_reception_yds|34.5,0.52606635,0.49484025,https://api.the-odds-api.com/v4/sports/americanfootball_nfl
2026,4,a7e7efb75a9792ac63480ae6328dca18,2026-10-04T20:25:00Z,BetOnline.ag,betonlineag,2026-10-04T18:08:23Z,San Francisco 49ers,Denver Broncos,Troy Franklin,,,WR,player_reception_yds,Full Game,4.5,Over,-108,betonlineag|Troy Franklin|player_reception_yds|4.5,0.51923077,0.48768473,https://api.the-odds-api.com/v4/sports/americanfootball_nfl
2026,4,a7e7efb75a9792ac63480ae6328dca18,2026-10-04T20:25:00Z,BetOnline.ag,betonlineag,2026-10-04T18:08:23Z,San Francisco 49ers,Denver Broncos,Troy Franklin,,,WR,player_reception_yds,Full Game,4.5,Under,-120,betonlineag|Troy Franklin|player_reception_yds|4.5,0.54545455,0.51231527,https://api.the-odds-api.com/v4/sports/americanfootball_nfl
2026,4,a7e7efb75a9792ac63480ae6328dca18,2026-10-04T20:25:00Z,BetOnline.ag,betonlineag,2026-10-04T18:08:23Z,San Francisco 49ers,Denver Broncos,RJ Harvey,,,RB,player_rush_yds,Full Game,15.5,Over,-115,betonlineag|RJ Harvey|player_rush_yds|15.5,0.53488372,0.50309533,https://api.the-odds-api.com/v4/sports/americanfootball_nfl
2026,4,a7e7efb75a9792ac63480ae6328dca18,2026-10-04T20:25:00Z,BetOnline.ag,betonlineag,2026-10-04T18:08:23Z,San Francisco 49ers,Denver Broncos,RJ Harvey,,,RB,player_rush_yds,Full Game,15.5,Under,-112,betonlineag|RJ Harvey|player_rush_yds|15.5,0.52830189,0.49690467,https://api.the-odds-api.com/v4/sports/americanfootball_nfl
2026,4,a7e7efb75a9792ac63480ae6328dca18,2026-10-04T20:25:00Z,BetOnline.ag,betonlineag,2026-10-04T18:08:23Z,San Francisco 49ers,Denver Broncos,Bo Nix,,,RB,player_rush_yds,Full Game,16.5,Over,-111,betonlineag|Bo Nix|player_rush_yds|16.5,0.52606635,0.49484025,https://api.the-odds-api.com/v4/sports/americanfootball_nfl
2026,4,a7e7efb75a9792ac63480ae6328dca18,2026-10-04T20:25:00Z,BetOnline.ag,betonlineag,2026-10-04T18:08:23Z,San Francisco 49ers,Denver Broncos,Bo Nix,,,RB,player_rush_yds,Full Game,16.5,Under,-116,betonlineag|Bo Nix|player_rush_yds|16.5,0.53703704,0.50515975,https://api.the-odds-api.com/v4/sports/americanfootball_nfl
2026,4,a7e7efb75a9792ac63480ae6328dca18,2026-10-04T20:25:00Z,BetOnline.ag,betonlineag,2026-10-04T18:08:23Z,San Francisco 49ers,Denver Broncos,Brock Purdy,,,RB,player_rush_yds,Full Game,18.5,Over,-114,betonlineag|Brock Purdy|player_rush_yds|18.5,0.53271028,0.5,https://api.the-odds-api.com/v4/sports/americanfootball_nfl
2026,4,a7e7efb75a9792ac63480ae6328dca18,2026-10-04T20:25:00Z,BetOnline.ag,betonlineag,2026-10-04T18:08:23Z,San Francisco 49ers,Denver Broncos,Brock Purdy,,,RB,player_rush_yds,Full Game,18.5,Under,-114,betonlineag|Brock Purdy|player_rush_yds|18.5,0.53271028,0.5,https://api.the-odds-api.com/v4/sports/americanfootball_nfl
2026,4,a7e7efb75a9792ac63480ae6328dca18,2026-10-04T20:25:00Z,BetOnline.ag,betonlineag,2026-10-04T18:08:23Z,San Francisco 49ers,Denver Broncos,J.K. Dobbins,,,RB,player_rush_yds,Full Game,60.5,Over,-114,betonlineag|J.K. Dobbins|player_rush_yds|60.5,0.53271028,0.5,https://api.the-odds-api.com/v4/sports/americanfootball_nfl
2026,4,a7e7efb75a9792ac63480ae6328dca18,2026-10-04T20:25:00Z,BetOnline.ag,betonlineag,2026-10-04T18:08:23Z,San Francisco 49ers,Denver Broncos,J.K. Dobbins,,,RB,player_rush_yds,Full Game,60.5,Under,-114,betonlineag|J.K. Dobbins|player_rush_yds|60.5,0.53271028,0.5,https://api.the-odds-api.com/v4/sports/americanfootball_nfl
2026,4,a7e7efb75a9792ac63480ae6328dca18,2026-10-04T20:25:00Z,BetOnline.ag,betonlineag,2026-10-04T18:08:23Z,San Francisco 49ers,Denver Broncos,Christian McCaffrey,,,RB,player_rush_yds,Full Game,67.5,Over,-114,betonlineag|Christian McCaffrey|player_rush_yds|67.5,0.53271028,0.5,https://api.the-odds-api.com/v4/sports/americanfootball_nfl
2026,4,a7e7efb75a9792ac63480ae6328dca18,2026-10-04T20:25:00Z,BetOnline.ag,betonlineag,2026-10-04T18:08:23Z,San Francisco 49ers,Denver Broncos,Christian McCaffrey,,,RB,player_rush_yds,Full Game,67.5,Under,-114,betonlineag|Christian McCaffrey|player_rush_yds|67.5,0.53271028,0.5,https://api.the-odds-api.com/v4/sports/americanfootball_nfl
2026,4,a7e7efb75a9792ac63480ae6328dca18,2026-10-04T20:25:00Z,BetOnline.ag,betonlineag,2026-10-04T18:08:23Z,San Francisco 49ers,Denver Broncos,Kaelon Black,,,RB,player_rush_yds,Full Game,20.5,Over,-114,betonlineag|Kaelon Black|player_rush_yds|20.5,0.53271028,0.5,https://api.the-odds-api.com/v4/sports/americanfootball_nfl
2026,4,a7e7efb75a9792ac63480ae6328dca18,2026-10-04T20:25:00Z,BetOnline.ag,betonlineag,2026-10-04T18:08:23Z,San Francisco 49ers,Denver Broncos,Kaelon Black,,,RB,player_rush_yds,Full Game,20.5,Under,-114,betonlineag|Kaelon Black|player_rush_yds|20.5,0.53271028,0.5,https://api.the-odds-api.com/v4/sports/americanfootball_nfl
2026,4,a7e7efb75a9792ac63480ae6328dca18,2026-10-04T20:25:00Z,BetRivers,betrivers,2026-10-04T18:08:13Z,San Francisco 49ers,Denver Broncos,Troy Franklin,,,WR,player_reception_yds,Full Game,4.5,Over,-120,betrivers|Troy Franklin|player_reception_yds|4.5,0.54545455,0.50798722,https://api.the-odds-api.com/v4/sports/americanfootball_nfl
2026,4,a7e7efb75a9792ac63480ae6328dca18,2026-10-04T20:25:00Z,BetRivers,betrivers,2026-10-04T18:08:13Z,San Francisco 49ers,Denver Broncos,Troy Franklin,,,WR,player_reception_yds,Full Game,4.5,Under,-112,betrivers|Troy Franklin|player_reception_yds|4.5,0.52830189,0.49201278,https://api.the-odds-api.com/v4/sports/americanfootball_nfl
2026,4,a7e7efb75a9792ac63480ae6328dca18,2026-10-04T20:25:00Z,BetRivers,betrivers,2026-10-04T18:08:13Z,San Francisco 49ers,Denver Broncos,Adam Trautman,,,WR,player_reception_yds,Full Game,4.5,Over,-117,betrivers|Adam Trautman|player_reception_yds|4.5,0.53917051,0.5030135,https://api.the-odds-api.com/v4/sports/americanfootball_nfl
2026,4,a7e7efb75a9792ac63480ae6328dca18,2026-10-04T20:25:00Z,BetRivers,betrivers,2026-10-04T18:08:13Z,San Francisco 49ers,Denver Broncos,Adam Trautman,,,WR,player_reception_yds,Full Game,4.5,Under,-114,betrivers|Adam Trautman|player_reception_yds|4.5,0.53271028,0.4969865,https://api.the-odds-api.com/v4/sports/americanfootball_nfl
2026,4,a7e7efb75a9792ac63480ae6328dca18,2026-10-04T20:25:00Z,BetRivers,betrivers,2026-10-04T18:08:13Z,San Francisco 49ers,Denver Broncos,Courtland Sutton,,,WR,player_reception_yds,Full Game,37.5,Over,-115,betrivers|Courtland Sutton|player_reception_yds|37.5,0.53488372,0.5,https://api.the-odds-api.com/v4/sports/americanfootball_nfl
2026,4,a7e7efb75a9792ac63480ae6328dca18,2026-10-04T20:25:00Z,BetRivers,betrivers,2026-10-04T18:08:13Z,San Francisco 49ers,Denver Broncos,Courtland Sutton,,,WR,player_reception_yds,Full Game,37.5,Under,-115,betrivers|Courtland Sutton|player_reception_yds|37.5,0.53488372,0.5,https://api.the-odds-api.com/v4/sports/americanfootball_nfl
2026,4,a7e7efb75a9792ac63480ae6328dca18,2026-10-04T20:25:00Z,BetRivers,betrivers,2026-10-04T18:08:13Z,San Francisco 49ers,Denver Broncos,George Kittle,,,WR,player_reception_yds,Full Game,65.5,Over,-114,betrivers|George Kittle|player_reception_yds|65.5,0.53271028,0.4969865,https://api.the-odds-api.com/v4/sports/americanfootball_nfl
2026,4,a7e7efb75a9792ac63480ae6328dca18,2026-10-04T20:25:00Z,BetRivers,betrivers,2026-10-04T18:08:13Z,San Francisco 49ers,Denver Broncos,George Kittle,,,WR,player_reception_yds,Full Game,65.5,Under,-117,betrivers|George Kittle|player_reception_yds|65.5,0.53917051,0.5030135,https://api.the-odds-api.com/v4/sports/americanfootball_nfl
2026,4,a7e7efb75a9792ac63480ae6328dca18,2026-10-04T20:25:00Z,BetRivers,betrivers,2026-10-04T18:08:13Z,San Francisco 49ers,Denver Broncos,Jaylen Waddle,,,WR,player_reception_yds,Full Game,58.5,Over,-114,betrivers|Jaylen Waddle|player_reception_yds|58.5,0.53271028,0.4969865,https://api.the-odds-api.com/v4/sports/americanfootball_nfl
2026,4,a7e7efb75a9792ac63480ae6328dca18,2026-10-04T20:25:00Z,BetRivers,betrivers,2026-10-04T18:08:13Z,San Francisco 49ers,Denver Broncos,Jaylen Waddle,,,WR,player_reception_yds,Full Game,58.5,Under,-117,betrivers|Jaylen Waddle|player_reception_yds|58.5,0.53917051,0.5030135,https://api.the-odds-api.com/v4/sports/americanfootball_nfl
2026,4,a7e7efb75a9792ac63480ae6328dca18,2026-10-04T20:25:00Z,BetRivers,betrivers,2026-10-04T18:08:13Z,San Francisco 49ers,Denver Broncos,Deebo Samuel,,,WR,player_reception_yds,Full Game,35.5,Over,-117,betrivers|Deebo Samuel|player_reception_yds|35.5,0.53917051,0.5030135,https://api.the-odds-api.com/v4/sports/americanfootball_nfl
2026,4,a7e7efb75a9792ac63480ae6328dca18,2026-10-04T20:25:00Z,BetRivers,betrivers,2026-10-04T18:08:13Z,San Francisco 49ers,Denver Broncos,Deebo Samuel,,,WR,player_reception_yds,Full Game,35.5,Under,-114,betrivers|Deebo Samuel|player_reception_yds|35.5,0.53271028,0.4969865,https://api.the-odds-api.com/v4/sports/americanfootball_nfl
2026,4,a7e7efb75a9792ac63480ae6328dca18,2026-10-04T20:25:00Z,BetRivers,betrivers,2026-10-04T18:08:13Z,San Francisco 49ers,Denver Broncos,Christian McCaffrey,,,WR,player_reception_yds,Full Game,41.5,Over,-113,betrivers|Christian McCaffrey|player_reception_yds|41.5,0.53051643,0.49595485,https://api.the-odds-api.com/v4/sports/americanfootball_nfl
2026,4,a7e7efb75a9792ac63480ae6328dca18,2026-10-04T20:25:00Z,BetRivers,betrivers,2026-10-04T18:08:13Z,San Francisco 49ers,Denver Broncos,Christian McCaffrey,,,WR,player_reception_yds,Full Game,41.5,Under,-117,betrivers|Christian McCaffrey|player_reception_yds|41.5,0.53917051,0.50404515,https://api.the-odds-api.com/v4/sports/americanfootball_nfl
2026,4,a7e7efb75a9792ac63480ae6328dca18,2026-10-04T20:25:00Z,BetRivers,betrivers,2026-10-04T18:08:13Z,San Francisco 49ers,Denver Broncos,Pat Bryant,,,WR,player_reception_yds,Full Game,22.5,Over,-113,betrivers|Pat Bryant|player_reception_yds|22.5,0.53051643,0.49497669,https://api.the-odds-api.com/v4/sports/americanfootball_nfl
2026,4,a7e7efb75a9792ac63480ae6328dca18,2026-10-04T20:25:00Z,BetRivers,betrivers,2026-10-04T18:08:13Z,San Francisco 49ers,Denver Broncos,Pat Bryant,,,WR,player_reception_yds,Full Game,22.5,Under,-118,betrivers|Pat Bryant|player_reception_yds|22.5,0.5412844,0.50502331,https://api.the-odds-api.com/v4/sports/americanfootball_nfl
2026,4,a7e7efb75a9792ac63480ae6328dca18,2026-10-04T20:25:00Z,BetRivers,betrivers,2026-10-04T18:08:13Z,San Francisco 49ers,Denver Broncos,Kyle Juszczyk,,,WR,player_reception_yds,Full Game,8.5,Over,-112,betrivers|Kyle Juszczyk|player_reception_yds|8.5,0.52830189,0.49201278,https://api.the-odds-api.com/v4/sports/americanfootball_nfl
2026,4,a7e7efb75a9792ac63480ae6328dca18,2026-10-04T20:25:00Z,BetRivers,betrivers,2026-10-04T18:08:13Z,San Francisco 49ers,Denver Broncos,Kyle Juszczyk,,,WR,player_reception_yds,Full Game,8.5,Under,-120,betrivers|Kyle Juszczyk|player_reception_yds|8.5,0.54545455,0.50798722,https://api.the-odds-api.com/v4/sports/americanfootball_nfl
2026,4,a7e7efb75a9792ac63480ae6328dca18,2026-10-04T20:25:00Z,BetRivers,betrivers,2026-10-04T18:08:13Z,San Francisco 49ers,Denver Broncos,RJ Harvey,,,WR,player_reception_yds,Full Game,21.5,Over,-120,betrivers|RJ Harvey|player_reception_yds|21.5,0.54545455,0.50798722,https://api.the-odds-api.com/v4/sports/americanfootball_nfl
2026,4,a7e7efb75a9792ac63480ae6328dca18,2026-10-04T20:25:00Z,BetRivers,betrivers,2026-10-04T18:08:13Z,San Francisco 49ers,Denver Broncos,RJ Harvey,,,WR,player_reception_yds,Full Game,21.5,Under,-112,betrivers|RJ Harvey|player_reception_yds|21.5,0.52830189,0.49201278,https://api.the-odds-api.com/v4/sports/americanfootball_nfl
2026,4,a7e7efb75a9792ac63480ae6328dca18,2026-10-04T20:25:00Z,BetRivers,betrivers,2026-10-04T18:08:13Z,San Francisco 49ers,Denver Broncos,Evan Engram,,,WR,player_reception_yds,Full Game,15.5,Over,-117,betrivers|Evan Engram|player_reception_yds|15.5,0.53917051,0.5030135,https://api.the-odds-api.com/v4/sports/americanfootball_nfl
2026,4,a7e7efb75a9792ac63480ae6328dca18,2026-10-04T20:25:00Z,BetRivers,betrivers,2026-10-04T18:08:13Z,San Francisco 49ers,Denver Broncos,Evan Engram,,,WR,player_reception_yds,Full Game,15.5,Under,-114,betrivers|Evan Engram|player_reception_yds|15.5,0.53271028,0.4969865,https://api.the-odds-api.com/v4/sports/americanfootball_nfl
2026,4,a7e7efb75a9792ac63480ae6328dca18,2026-10-04T20:25:00Z,BetRivers,betrivers,2026-10-04T18:08:13Z,San Francisco 49ers,Denver Broncos,Christian McCaffrey,,,RB,player_rush_yds,Full Game,65.5,Over,-117,betrivers|Christian McCaffrey|player_rush_yds|65.5,0.53917051,0.5030135,https://api.the-odds-api.com/v4/sports/americanfootball_nfl
2026,4,a7e7efb75a9792ac63480ae6328dca18,2026-10-04T20:25:00Z,BetRivers,betrivers,2026-10-04T18:08:13Z,San Francisco 49ers,Denver Broncos,Christian McCaffrey,,,RB,player_rush_yds,Full Game,65.5,Under,-114,betrivers|Christian McCaffrey|player_rush_yds|65.5,0.53271028,0.4969865,https://api.the-odds-api.com/v4/sports/americanfootball_nfl
2026,4,a7e7efb75a9792ac63480ae6328dca18,2026-10-04T20:25:00Z,BetRivers,betrivers,2026-10-04T18:08:13Z,San Francisco 49ers,Denver Broncos,Brock Purdy,,,RB,player_rush_yds,Full Game,17.5,Over,-118,betrivers|Brock Purdy|player_rush_yds|17.5,0.5412844,0.50502331,https://api.the-odds-api.com/v4/sports/americanfootball_nfl
2026,4,a7e7efb75a9792ac63480ae6328dca18,2026-10-04T20:25:00Z,BetRivers,betrivers,2026-10-04T18:08:13Z,San Francisco 49ers,Denver Broncos,Brock Purdy,,,RB,player_rush_yds,Full Game,17.5,Under,-113,betrivers|Brock Purdy|player_rush_yds|17.5,0.53051643,0.49497669,https://api.the-odds-api.com/v4/sports/americanfootball_nfl
2026,4,a7e7efb75a9792ac63480ae6328dca18,2026-10-04T20:25:00Z,BetRivers,betrivers,2026-10-04T18:08:13Z,San Francisco 49ers,Denver Broncos,Kaelon Black,,,RB,player_rush_yds,Full Game,22.5,Over,-114,betrivers|Kaelon Black|player_rush_yds|22.5,0.53271028,0.4969865,https://api.the-odds-api.com/v4/sports/americanfootball_nfl
2026,4,a7e7efb75a9792ac63480ae6328dca18,2026-10-04T20:25:00Z,BetRivers,betrivers,2026-10-04T18:08:13Z,San Francisco 49ers,Denver Broncos,Kaelon Black,,,RB,player_rush_yds,Full Game,22.5,Under,-117,betrivers|Kaelon Black|player_rush_yds|22.5,0.53917051,0.5030135,https://api.the-odds-api.com/v4/sports/americanfootball_nfl
2026,4,a7e7efb75a9792ac63480ae6328dca18,2026-10-04T20:25:00Z,BetRivers,betrivers,2026-10-04T18:08:13Z,San Francisco 49ers,Denver Broncos,RJ Harvey,,,RB,player_rush_yds,Full Game,16.5,Over,-112,betrivers|RJ Harvey|player_rush_yds|16.5,0.52830189,0.49201278,https://api.the-odds-api.com/v4/sports/americanfootball_nfl
2026,4,a7e7efb75a9792ac63480ae6328dca18,2026-10-04T20:25:00Z,BetRivers,betrivers,2026-10-04T18:08:13Z,San Francisco 49ers,Denver Broncos,RJ Harvey,,,RB,player_rush_yds,Full Game,16.5,Under,-120,betrivers|RJ Harvey|player_rush_yds|16.5,0.54545455,0.50798722,https://api.the-odds-api.com/v4/sports/americanfootball_nfl
2026,4,a7e7efb75a9792ac63480ae6328dca18,2026-10-04T20:25:00Z,BetRivers,betrivers,2026-10-04T18:08:13Z,San Francisco 49ers,Denver Broncos,J.K. Dobbins,,,RB,player_rush_yds,Full Game,59.5,Over,-115,betrivers|J.K. Dobbins|player_rush_yds|59.5,0.53488372,0.5,https://api.the-odds-api.com/v4/sports/americanfootball_nfl
2026,4,a7e7efb75a9792ac63480ae6328dca18,2026-10-04T20:25:00Z,BetRivers,betrivers,2026-10-04T18:08:13Z,San Francisco 49ers,Denver Broncos,J.K. Dobbins,,,RB,player_rush_yds,Full Game,59.5,Under,-115,betrivers|J.K. Dobbins|player_rush_yds|59.5,0.53488372,0.5,https://api.the-odds-api.com/v4/sports/americanfootball_nfl
2026,4,a7e7efb75a9792ac63480ae6328dca18,2026-10-04T20:25:00Z,BetRivers,betrivers,2026-10-04T18:08:13Z,San Francisco 49ers,Denver Broncos,Bo Nix,,,RB,player_rush_yds,Full Game,17.5,Over,-114,betrivers|Bo Nix|player_rush_yds|17.5,0.53271028,0.4969865,https://api.the-odds-api.com/v4/sports/americanfootball_nfl
2026,4,a7e7efb75a9792ac63480ae6328dca18,2026-10-04T20:25:00Z,BetRivers,betrivers,2026-10-04T18:08:13Z,San Francisco 49ers,Denver Broncos,Bo Nix,,,RB,player_rush_yds,Full Game,17.5,Under,-117,betrivers|Bo Nix|player_rush_yds|17.5,0.53917051,0.5030135,https://api.the-odds-api.com/v4/sports/americanfootball_nfl
2026,4,a7e7efb75a9792ac63480ae6328dca18,2026-10-04T20:25:00Z,Underdog,underdog,2026-10-04T18:07:43Z,San Francisco 49ers,Denver Broncos,Christian McCaffrey,,,WR,player_reception_yds,Full Game,44.5,Over,-137,underdog|Christian McCaffrey|player_reception_yds|44.5,0.57805907,0.5,https://api.the-odds-api.com/v4/sports/americanfootball_nfl
2026,4,a7e7efb75a9792ac63480ae6328dca18,2026-10-04T20:25:00Z,Underdog,underdog,2026-10-04T18:07:43Z,San Francisco 49ers,Denver Broncos,Christian McCaffrey,,,WR,player_reception_yds,Full Game,44.5,Under,-137,underdog|Christian McCaffrey|player_reception_yds|44.5,0.57805907,0.5,https://api.the-odds-api.com/v4/sports/americanfootball_nfl
2026,4,a7e7efb75a9792ac63480ae6328dca18,2026-10-04T20:25:00Z,Underdog,underdog,2026-10-04T18:07:43Z,San Francisco 49ers,Denver Broncos,Mike Evans,,,WR,player_reception_yds,Full Game,44.5,Over,-137,underdog|Mike Evans|player_reception_yds|44.5,0.57805907,0.5,https://api.the-odds-api.com/v4/sports/americanfootball_nfl
2026,4,a7e7efb75a9792ac63480ae6328dca18,2026-10-04T20:25:00Z,Underdog,underdog,2026-10-04T18:07:43Z,San Francisco 49ers,Denver Broncos,Mike Evans,,,WR,player_reception_yds,Full Game,44.5,Under,-137,underdog|Mike Evans|player_reception_yds|44.5,0.57805907,0.5,https://api.the-odds-api.com/v4/sports/americanfootball_nfl
2026,4,a7e7efb75a9792ac63480ae6328dca18,2026-10-04T20:25:00Z,Underdog,underdog,2026-10-04T18:07:43Z,San Francisco 49ers,Denver Broncos,J.K. Dobbins,,,WR,player_reception_yds,Full Game,2.5,Over,-137,underdog|J.K. Dobbins|player_reception_yds|2.5,0.57805907,0.5,https://api.the-odds-api.com/v4/sports/americanfootball_nfl
2026,4,a7e7efb75a9792ac63480ae6328dca18,2026-10-04T20:25:00Z,Underdog,underdog,2026-10-04T18:07:43Z,San Francisco 49ers,Denver Broncos,J.K. Dobbins,,,WR,player_reception_yds,Full Game,2.5,Under,-137,underdog|J.K. Dobbins|player_reception_yds|2.5,0.57805907,0.5,https://api.the-odds-api.com/v4/sports/americanfootball_nfl
2026,4,a7e7efb75a9792ac63480ae6328dca18,2026-10-04T20:25:00Z,Underdog,underdog,2026-10-04T18:07:43Z,San Francisco 49ers,Denver Broncos,Courtland Sutton,,,WR,player_reception_yds,Full Game,38.5,Over,-137,underdog|Courtland Sutton|player_reception_yds|38.5,0.57805907,0.5,https://api.the-odds-api.com/v4/sports/americanfootball_nfl
2026,4,a7e7efb75a9792ac63480ae6328dca18,2026-10-04T20:25:00Z,Underdog,underdog,2026-10-04T18:07:43Z,San Francisco 49ers,Denver Broncos,Courtland Sutton,,,WR,player_reception_yds,Full Game,38.5,Under,-137,underdog|Courtland Sutton|player_reception_yds|38.5,0.57805907,0.5,https://api.the-odds-api.com/v4/sports/americanfootball_nfl
2026,4,a7e7efb75a9792ac63480ae6328dca18,2026-10-04T20:25:00Z,Underdog,underdog,2026-10-04T18:07:43Z,San Francisco 49ers,Denver Broncos,George Kittle,,,WR,player_reception_yds,Full Game,62.5,Over,-137,underdog|George Kittle|player_reception_yds|62.5,0.57805907,0.5,https://api.the-odds-api.com/v4/sports/americanfootball_nfl
2026,4,a7e7efb75a9792ac63480ae6328dca18,2026-10-04T20:25:00Z,Underdog,underdog,2026-10-04T18:07:43Z,San Francisco 49ers,Denver Broncos,George Kittle,,,WR,player_reception_yds,Full Game,62.5,Under,-137,underdog|George Kittle|player_reception_yds|62.5,0.57805907,0.5,https://api.the-odds-api.com/v4/sports/americanfootball_nfl
2026,4,a7e7efb75a9792ac63480ae6328dca18,2026-10-04T20:25:00Z,Underdog,underdog,2026-10-04T18:07:43Z,San Francisco 49ers,Denver Broncos,Deebo Samuel,,,WR,player_reception_yds,Full Game,34.5,Over,-137,underdog|Deebo Samuel|player_reception_yds|34.5,0.57805907,0.5,https://api.the-odds-api.com/v4/sports/americanfootball_nfl
2026,4,a7e7efb75a9792ac63480ae6328dca18,2026-10-04T20:25:00Z,Underdog,underdog,2026-10-04T18:07:43Z,San Francisco 49ers,Denver Broncos,Deebo Samuel,,,WR,player_reception_yds,Full Game,34.5,Under,-137,underdog|Deebo Samuel|player_reception_yds|34.5,0.57805907,0.5,https://api.the-odds-api.com/v4/sports/americanfootball_nfl
2026,4,a7e7efb75a9792ac63480ae6328dca18,2026-10-04T20:25:00Z,Underdog,underdog,2026-10-04T18:07:43Z,San Francisco 49ers,Denver Broncos,Jaylen Waddle,,,WR,player_reception_yds,Full Game,56.5,Over,-137,underdog|Jaylen Waddle|player_reception_yds|56.5,0.57805907,0.5,https://api.the-odds-api.com/v4/sports/americanfootball_nfl
2026,4,a7e7efb75a9792ac63480ae6328dca18,2026-10-04T20:25:00Z,Underdog,underdog,2026-10-04T18:07:43Z,San Francisco 49ers,Denver Broncos,Jaylen Waddle,,,WR,player_reception_yds,Full Game,56.5,Under,-137,underdog|Jaylen Waddle|player_reception_yds|56.5,0.57805907,0.5,https://api.the-odds-api.com/v4/sports/americanfootball_nfl
2026,4,a7e7efb75a9792ac63480ae6328dca18,2026-10-04T20:25:00Z,Underdog,underdog,2026-10-04T18:07:43Z,San Francisco 49ers,Denver Broncos,Evan Engram,,,WR,player_reception_yds,Full Game,17.5,Over,-137,underdog|Evan Engram|player_reception_yds|17.5,0.57805907,0.5,https://api.the-odds-api.com/v4/sports/americanfootball_nfl
2026,4,a7e7efb75a9792ac63480ae6328dca18,2026-10-04T20:25:00Z,Underdog,underdog,2026-10-04T18:07:43Z,San Francisco 49ers,Denver Broncos,Evan Engram,,,WR,player_reception_yds,Full Game,17.5,Under,-137,underdog|Evan Engram|player_reception_yds|17.5,0.57805907,0.5,https://api.the-odds-api.com/v4/sports/americanfootball_nfl
2026,4,a7e7efb75a9792ac63480ae6328dca18,2026-10-04T20:25:00Z,Underdog,underdog,2026-10-04T18:07:43Z,San Francisco 49ers,Denver Broncos,Marvin Mims Jr.,,,WR,player_reception_yds,Full Game,8.5,Over,-137,underdog|Marvin Mims Jr.|player_reception_yds|8.5,0.57805907,0.5,https://api.the-odds-api.com/v4/sports/americanfootball_nfl
2026,4,a7e7efb75a9792ac63480ae6328dca18,2026-10-04T20:25:00Z,Underdog,underdog,2026-10-04T18:07:43Z,San Francisco 49ers,Denver Broncos,Marvin Mims Jr.,,,WR,player_reception_yds,Full Game,8.5,Under,-137,underdog|Marvin Mims Jr.|player_reception_yds|8.5,0.57805907,0.5,https://api.the-odds-api.com/v4/sports/americanfootball_nfl
2026,4,a7e7efb75a9792ac63480ae6328dca18,2026-10-04T20:25:00Z,Underdog,underdog,2026-10-04T18:07:43Z,San Francisco 49ers,Denver Broncos,RJ Harvey,,,WR,player_reception_yds,Full Game,21.5,Over,-137,underdog|RJ Harvey|player_reception_yds|21.5,0.57805907,0.5,https://api.the-odds-api.com/v4/sports/americanfootball_nfl
2026,4,a7e7efb75a9792ac63480ae6328dca18,2026-10-04T20:25:00Z,Underdog,underdog,2026-10-04T18:07:43Z,San Francisco 49ers,Denver Broncos,RJ Harvey,,,WR,player_reception_yds,Full Game,21.5,Under,-137,underdog|RJ Harvey|player_reception_yds|21.5,0.57805907,0.5,https://api.the-odds-api.com/v4/sports/americanfootball_nfl
2026,4,a7e7efb75a9792ac63480ae6328dca18,2026-10-04T20:25:00Z,Underdog,underdog,2026-10-04T18:07:43Z,San Francisco 49ers,Denver Broncos,Troy Franklin,,,WR,player_reception_yds,Full Game,5.5,Over,-137,underdog|Troy Franklin|player_reception_yds|5.5,0.57805907,0.5,https://api.the-odds-api.com/v4/sports/americanfootball_nfl
2026,4,a7e7efb75a9792ac63480ae6328dca18,2026-10-04T20:25:00Z,Underdog,underdog,2026-10-04T18:07:43Z,San Francisco 49ers,Denver Broncos,Troy Franklin,,,WR,player_reception_yds,Full Game,5.5,Under,-137,underdog|Troy Franklin|player_reception_yds|5.5,0.57805907,0.5,https://api.the-odds-api.com/v4/sports/americanfootball_nfl
2026,4,a7e7efb75a9792ac63480ae6328dca18,2026-10-04T20:25:00Z,Underdog,underdog,2026-10-04T18:07:43Z,San Francisco 49ers,Denver Broncos,Pat Bryant,,,WR,player_reception_yds,Full Game,22.5,Over,-137,underdog|Pat Bryant|player_reception_yds|22.5,0.57805907,0.5,https://api.the-odds-api.com/v4/sports/americanfootball_nfl
2026,4,a7e7efb75a9792ac63480ae6328dca18,2026-10-04T20:25:00Z,Underdog,underdog,2026-10-04T18:07:43Z,San Francisco 49ers,Denver Broncos,Pat Bryant,,,WR,player_reception_yds,Full Game,22.5,Under,-137,underdog|Pat Bryant|player_reception_yds|22.5,0.57805907,0.5,https://api.the-odds-api.com/v4/sports/americanfootball_nfl
2026,4,a7e7efb75a9792ac63480ae6328dca18,2026-10-04T20:25:00Z,Underdog,underdog,2026-10-04T18:07:43Z,San Francisco 49ers,Denver Broncos,Kyle Juszczyk,,,WR,player_reception_yds,Full Game,8.5,Over,-137,underdog|Kyle Juszczyk|player_reception_yds|8.5,0.57805907,0.5,https://api.the-odds-api.com/v4/sports/americanfootball_nfl
2026,4,a7e7efb75a9792ac63480ae6328dca18,2026-10-04T20:25:00Z,Underdog,underdog,2026-10-04T18:07:43Z,San Francisco 49ers,Denver Broncos,Kyle Juszczyk,,,WR,player_reception_yds,Full Game,8.5,Under,-137,underdog|Kyle Juszczyk|player_reception_yds|8.5,0.57805907,0.5,https://api.the-odds-api.com/v4/sports/americanfootball_nfl
2026,4,a7e7efb75a9792ac63480ae6328dca18,2026-10-04T20:25:00Z,Underdog,underdog,2026-10-04T18:07:43Z,San Francisco 49ers,Denver Broncos,Adam Trautman,,,WR,player_reception_yds,Full Game,4.5,Over,-137,underdog|Adam Trautman|player_reception_yds|4.5,0.57805907,0.5,https://api.the-odds-api.com/v4/sports/americanfootball_nfl
2026,4,a7e7efb75a9792ac63480ae6328dca18,2026-10-04T20:25:00Z,Underdog,underdog,2026-10-04T18:07:43Z,San Francisco 49ers,Denver Broncos,Adam Trautman,,,WR,player_reception_yds,Full Game,4.5,Under,-137,underdog|Adam Trautman|player_reception_yds|4.5,0.57805907,0.5,https://api.the-odds-api.com/v4/sports/americanfootball_nfl
2026,4,a7e7efb75a9792ac63480ae6328dca18,2026-10-04T20:25:00Z,Underdog,underdog,2026-10-04T18:07:43Z,San Francisco 49ers,Denver Broncos,Tyler Badie,,,WR,player_reception_yds,Full Game,3.5,Over,-137,underdog|Tyler Badie|player_reception_yds|3.5,0.57805907,0.5,https://api.the-odds-api.com/v4/sports/americanfootball_nfl
2026,4,a7e7efb75a9792ac63480ae6328dca18,2026-10-04T20:25:00Z,Underdog,underdog,2026-10-04T18:07:43Z,San Francisco 49ers,Denver Broncos,Tyler Badie,,,WR,player_reception_yds,Full Game,3.5,Under,-137,underdog|Tyler Badie|player_reception_yds|3.5,0.57805907,0.5,https://api.the-odds-api.com/v4/sports/americanfootball_nfl
2026,4,a7e7efb75a9792ac63480ae6328dca18,2026-10-04T20:25:00Z,Underdog,underdog,2026-10-04T18:07:43Z,San Francisco 49ers,Denver Broncos,Jacob Cowing,,,WR,player_reception_yds,Full Game,6.5,Over,-137,underdog|Jacob Cowing|player_reception_yds|6.5,0.57805907,0.5,https://api.the-odds-api.com/v4/sports/americanfootball_nfl
2026,4,a7e7efb75a9792ac63480ae6328dca18,2026-10-04T20:25:00Z,Underdog,underdog,2026-10-04T18:07:43Z,San Francisco 49ers,Denver Broncos,Jacob Cowing,,,WR,player_reception_yds,Full Game,6.5,Under,-137,underdog|Jacob Cowing|player_reception_yds|6.5,0.57805907,0.5,https://api.the-odds-api.com/v4/sports/americanfootball_nfl
2026,4,a7e7efb75a9792ac63480ae6328dca18,2026-10-04T20:25:00Z,Underdog,underdog,2026-10-04T18:07:43Z,San Francisco 49ers,Denver Broncos,Christian McCaffrey,,,RB,player_rush_yds,Full Game,65.5,Over,-137,underdog|Christian McCaffrey|player_rush_yds|65.5,0.57805907,0.5,https://api.the-odds-api.com/v4/sports/americanfootball_nfl
2026,4,a7e7efb75a9792ac63480ae6328dca18,2026-10-04T20:25:00Z,Underdog,underdog,2026-10-04T18:07:43Z,San Francisco 49ers,Denver Broncos,Christian McCaffrey,,,RB,player_rush_yds,Full Game,65.5,Under,-137,underdog|Christian McCaffrey|player_rush_yds|65.5,0.57805907,0.5,https://api.the-odds-api.com/v4/sports/americanfootball_nfl
2026,4,a7e7efb75a9792ac63480ae6328dca18,2026-10-04T20:25:00Z,Underdog,underdog,2026-10-04T18:07:43Z,San Francisco 49ers,Denver Broncos,J.K. Dobbins,,,RB,player_rush_yds,Full Game,59.5,Over,-137,underdog|J.K. Dobbins|player_rush_yds|59.5,0.57805907,0.5,https://api.the-odds-api.com/v4/sports/americanfootball_nfl
2026,4,a7e7efb75a9792ac63480ae6328dca18,2026-10-04T20:25:00Z,Underdog,underdog,2026-10-04T18:07:43Z,San Francisco 49ers,Denver Broncos,J.K. Dobbins,,,RB,player_rush_yds,Full Game,59.5,Under,-137,underdog|J.K. Dobbins|player_rush_yds|59.5,0.57805907,0.5,https://api.the-odds-api.com/v4/sports/americanfootball_nfl
2026,4,a7e7efb75a9792ac63480ae6328dca18,2026-10-04T20:25:00Z,Underdog,underdog,2026-10-04T18:07:43Z,San Francisco 49ers,Denver Broncos,RJ Harvey,,,RB,player_rush_yds,Full Game,15.5,Over,-137,underdog|RJ Harvey|player_rush_yds|15.5,0.57805907,0.5,https://api.the-odds-api.com/v4/sports/americanfootball_nfl
2026,4,a7e7efb75a9792ac63480ae6328dca18,2026-10-04T20:25:00Z,Underdog,underdog,2026-10-04T18:07:43Z,San Francisco 49ers,Denver Broncos,RJ Harvey,,,RB,player_rush_yds,Full Game,15.5,Under,-137,underdog|RJ Harvey|player_rush_yds|15.5,0.57805907,0.5,https://api.the-odds-api.com/v4/sports/americanfootball_nfl
2026,4,a7e7efb75a9792ac63480ae6328dca18,2026-10-04T20:25:00Z,Underdog,underdog,2026-10-04T18:07:43Z,San Francisco 49ers,Denver Broncos,Bo Nix,,,RB,player_rush_yds,Full Game,16.5,Over,-137,underdog|Bo Nix|player_rush_yds|16.5,0.57805907,0.5,https://api.the-odds-api.com/v4/sports/americanfootball_nfl
2026,4,a7e7efb75a9792ac63480ae6328dca18,2026-10-04T20:25:00Z,Underdog,underdog,2026-10-04T18:07:43Z,San Francisco 49ers,Denver Broncos,Bo Nix,,,RB,player_rush_yds,Full Game,16.5,Under,-137,underdog|Bo Nix|player_rush_yds|16.5,0.57805907,0.5,https://api.the-odds-api.com/v4/sports/americanfootball_nfl
2026,4,a7e7efb75a9792ac63480ae6328dca18,2026-10-04T20:25:00Z,Underdog,underdog,2026-10-04T18:07:43Z,San Francisco 49ers,Denver Broncos,Brock Purdy,,,RB,player_rush_yds,Full Game,17.5,Over,-137,underdog|Brock Purdy|player_rush_yds|17.5,0.57805907,0.5,https://api.the-odds-api.com/v4/sports/americanfootball_nfl
2026,4,a7e7efb75a9792ac63480ae6328dca18,2026-10-04T20:25:00Z,Underdog,underdog,2026-10-04T18:07:43Z,San Francisco 49ers,Denver Broncos,Brock Purdy,,,RB,player_rush_yds,Full Game,17.5,Under,-137,underdog|Brock Purdy|player_rush_yds|17.5,0.57805907,0.5,https://api.the-odds-api.com/v4/sports/americanfootball_nfl
2026,4,a7e7efb75a9792ac63480ae6328dca18,2026-10-04T20:25:00Z,Underdog,underdog,2026-10-04T18:07:43Z,San Francisco 49ers,Denver Broncos,Kaelon Black,,,RB,player_rush_yds,Full Game,20.5,Over,-137,underdog|Kaelon Black|player_rush_yds|20.5,0.57805907,0.5,https://api.the-odds-api.com/v4/sports/americanfootball_nfl
2026,4,a7e7efb75a9792ac63480ae6328dca18,2026-10-04T20:25:00Z,Underdog,underdog,2026-10-04T18:07:43Z,San Francisco 49ers,Denver Broncos,Kaelon Black,,,RB,player_rush_yds,Full Game,20.5,Under,-137,underdog|Kaelon Black|player_rush_yds|20.5,0.57805907,0.5,https://api.the-odds-api.com/v4/sports/americanfootball_nfl
2026,4,a7e7efb75a9792ac63480ae6328dca18,2026-10-04T20:25:00Z,PrizePicks,prizepicks,2026-10-04T18:07:35Z,San Francisco 49ers,Denver Broncos,George Kittle,,,WR,player_reception_yds,Full Game,63.5,Over,-137,prizepicks|George Kittle|player_reception_yds|63.5,0.57805907,0.5,https://api.the-odds-api.com/v4/sports/americanfootball_nfl
2026,4,a7e7efb75a9792ac63480ae6328dca18,2026-10-04T20:25:00Z,PrizePicks,prizepicks,2026-10-04T18:07:35Z,San Francisco 49ers,Denver Broncos,George Kittle,,,WR,player_reception_yds,Full Game,63.5,Under,-137,prizepicks|George Kittle|player_reception_yds|63.5,0.57805907,0.5,https://api.the-odds-api.com/v4/sports/americanfootball_nfl
2026,4,a7e7efb75a9792ac63480ae6328dca18,2026-10-04T20:25:00Z,PrizePicks,prizepicks,2026-10-04T18:07:35Z,San Francisco 49ers,Denver Broncos,Jaylen Waddle,,,WR,player_reception_yds,Full Game,56.5,Over,-137,prizepicks|Jaylen Waddle|player_reception_yds|56.5,0.57805907,0.5,https://api.the-odds-api.com/v4/sports/americanfootball_nfl
2026,4,a7e7efb75a9792ac63480ae6328dca18,2026-10-04T20:25:00Z,PrizePicks,prizepicks,2026-10-04T18:07:35Z,San Francisco 49ers,Denver Broncos,Jaylen Waddle,,,WR,player_reception_yds,Full Game,56.5,Under,-137,prizepicks|Jaylen Waddle|player_reception_yds|56.5,0.57805907,0.5,https://api.the-odds-api.com/v4/sports/americanfootball_nfl
2026,4,a7e7efb75a9792ac63480ae6328dca18,2026-10-04T20:25:00Z,PrizePicks,prizepicks,2026-10-04T18:07:35Z,San Francisco 49ers,Denver Broncos,Mike Evans,,,WR,player_reception_yds,Full Game,42.5,Over,-137,prizepicks|Mike Evans|player_reception_yds|42.5,0.57805907,0.5,https://api.the-odds-api.com/v4/sports/americanfootball_nfl
2026,4,a7e7efb75a9792ac63480ae6328dca18,2026-10-04T20:25:00Z,PrizePicks,prizepicks,2026-10-04T18:07:35Z,San Francisco 49ers,Denver Broncos,Mike Evans,,,WR,player_reception_yds,Full Game,42.5,Under,-137,prizepicks|Mike Evans|player_reception_yds|42.5,0.57805907,0.5,https://api.the-odds-api.com/v4/sports/americanfootball_nfl
2026,4,a7e7efb75a9792ac63480ae6328dca18,2026-10-04T20:25:00Z,PrizePicks,prizepicks,2026-10-04T18:07:35Z,San Francisco 49ers,Denver Broncos,Christian McCaffrey,,,WR,player_reception_yds,Full Game,39.5,Over,-137,prizepicks|Christian McCaffrey|player_reception_yds|39.5,0.57805907,0.5,https://api.the-odds-api.com/v4/sports/americanfootball_nfl
2026,4,a7e7efb75a9792ac63480ae6328dca18,2026-10-04T20:25:00Z,PrizePicks,prizepicks,2026-10-04T18:07:35Z,San Francisco 49ers,Denver Broncos,Christian McCaffrey,,,WR,player_reception_yds,Full Game,39.5,Under,-137,prizepicks|Christian McCaffrey|player_reception_yds|39.5,0.57805907,0.5,https://api.the-odds-api.com/v4/sports/americanfootball_nfl
2026,4,a7e7efb75a9792ac63480ae6328dca18,2026-10-04T20:25:00Z,PrizePicks,prizepicks,2026-10-04T18:07:35Z,San Francisco 49ers,Denver Broncos,Courtland Sutton,,,WR,player_reception_yds,Full Game,38.5,Over,-137,prizepicks|Courtland Sutton|player_reception_yds|38.5,0.57805907,0.5,https://api.the-odds-api.com/v4/sports/americanfootball_nfl
2026,4,a7e7efb75a9792ac63480ae6328dca18,2026-10-04T20:25:00Z,PrizePicks,prizepicks,2026-10-04T18:07:35Z,San Francisco 49ers,Denver Broncos,Courtland Sutton,,,WR,player_reception_yds,Full Game,38.5,Under,-137,prizepicks|Courtland Sutton|player_reception_yds|38.5,0.57805907,0.5,https://api.the-odds-api.com/v4/sports/americanfootball_nfl
2026,4,a7e7efb75a9792ac63480ae6328dca18,2026-10-04T20:25:00Z,PrizePicks,prizepicks,2026-10-04T18:07:35Z,San Francisco 49ers,Denver Broncos,Deebo Samuel,,,WR,player_reception_yds,Full Game,34.5,Over,-137,prizepicks|Deebo Samuel|player_reception_yds|34.5,0.57805907,0.5,https://api.the-odds-api.com/v4/sports/americanfootball_nfl
2026,4,a7e7efb75a9792ac63480ae6328dca18,2026-10-04T20:25:00Z,PrizePicks,prizepicks,2026-10-04T18:07:35Z,San Francisco 49ers,Denver Broncos,Deebo Samuel,,,WR,player_reception_yds,Full Game,34.5,Under,-137,prizepicks|Deebo Samuel|player_reception_yds|34.5,0.57805907,0.5,https://api.the-odds-api.com/v4/sports/americanfootball_nfl
2026,4,a7e7efb75a9792ac63480ae6328dca18,2026-10-04T20:25:00Z,PrizePicks,prizepicks,2026-10-04T18:07:35Z,San Francisco 49ers,Denver Broncos,Pat Bryant,,,WR,player_reception_yds,Full Game,22.5,Over,-137,prizepicks|Pat Bryant|player_reception_yds|22.5,0.57805907,0.5,https://api.the-odds-api.com/v4/sports/americanfootball_nfl
2026,4,a7e7efb75a9792ac63480ae6328dca18,2026-10-04T20:25:00Z,PrizePicks,prizepicks,2026-10-04T18:07:35Z,San Francisco 49ers,Denver Broncos,Pat Bryant,,,WR,player_reception_yds,Full Game,22.5,Under,-137,prizepicks|Pat Bryant|player_reception_yds|22.5,0.57805907,0.5,https://api.the-odds-api.com/v4/sports/americanfootball_nfl
2026,4,a7e7efb75a9792ac63480ae6328dca18,2026-10-04T20:25:00Z,PrizePicks,prizepicks,2026-10-04T18:07:35Z,San Francisco 49ers,Denver Broncos,RJ Harvey,,,WR,player_reception_yds,Full Game,21.5,Over,-137,prizepicks|RJ Harvey|player_reception_yds|21.5,0.57805907,0.5,https://api.the-odds-api.com/v4/sports/americanfootball_nfl
2026,4,a7e7efb75a9792ac63480ae6328dca18,2026-10-04T20:25:00Z,PrizePicks,prizepicks,2026-10-04T18:07:35Z,San Francisco 49ers,Denver Broncos,RJ Harvey,,,WR,player_reception_yds,Full Game,21.5,Under,-137,prizepicks|RJ Harvey|player_reception_yds|21.5,0.57805907,0.5,https://api.the-odds-api.com/v4/sports/americanfootball_nfl
2026,4,a7e7efb75a9792ac63480ae6328dca18,2026-10-04T20:25:00Z,PrizePicks,prizepicks,2026-10-04T18:07:35Z,San Francisco 49ers,Denver Broncos,Evan Engram,,,WR,player_reception_yds,Full Game,17.5,Over,-137,prizepicks|Evan Engram|player_reception_yds|17.5,0.57805907,0.5,https://api.the-odds-api.com/v4/sports/americanfootball_nfl
2026,4,a7e7efb75a9792ac63480ae6328dca18,2026-10-04T20:25:00Z,PrizePicks,prizepicks,2026-10-04T18:07:35Z,San Francisco 49ers,Denver Broncos,Evan Engram,,,WR,player_reception_yds,Full Game,17.5,Under,-137,prizepicks|Evan Engram|player_reception_yds|17.5,0.57805907,0.5,https://api.the-odds-api.com/v4/sports/americanfootball_nfl
2026,4,a7e7efb75a9792ac63480ae6328dca18,2026-10-04T20:25:00Z,PrizePicks,prizepicks,2026-10-04T18:07:35Z,San Francisco 49ers,Denver Broncos,Kyle Juszczyk,,,WR,player_reception_yds,Full Game,8.5,Over,-137,prizepicks|Kyle Juszczyk|player_reception_yds|8.5,0.57805907,0.5,https://api.the-odds-api.com/v4/sports/americanfootball_nfl
2026,4,a7e7efb75a9792ac63480ae6328dca18,2026-10-04T20:25:00Z,PrizePicks,prizepicks,2026-10-04T18:07:35Z,San Francisco 49ers,Denver Broncos,Kyle Juszczyk,,,WR,player_reception_yds,Full Game,8.5,Under,-137,prizepicks|Kyle Juszczyk|player_reception_yds|8.5,0.57805907,0.5,https://api.the-odds-api.com/v4/sports/americanfootball_nfl
2026,4,a7e7efb75a9792ac63480ae6328dca18,2026-10-04T20:25:00Z,PrizePicks,prizepicks,2026-10-04T18:07:35Z,San Francisco 49ers,Denver Broncos,Marvin Mims Jr.,,,WR,player_reception_yds,Full Game,8.5,Over,-137,prizepicks|Marvin Mims Jr.|player_reception_yds|8.5,0.57805907,0.5,https://api.the-odds-api.com/v4/sports/americanfootball_nfl
2026,4,a7e7efb75a9792ac63480ae6328dca18,2026-10-04T20:25:00Z,PrizePicks,prizepicks,2026-10-04T18:07:35Z,San Francisco 49ers,Denver Broncos,Marvin Mims Jr.,,,WR,player_reception_yds,Full Game,8.5,Under,-137,prizepicks|Marvin Mims Jr.|player_reception_yds|8.5,0.57805907,0.5,https://api.the-odds-api.com/v4/sports/americanfootball_nfl
2026,4,a7e7efb75a9792ac63480ae6328dca18,2026-10-04T20:25:00Z,PrizePicks,prizepicks,2026-10-04T18:07:35Z,San Francisco 49ers,Denver Broncos,Jacob Cowing,,,WR,player_reception_yds,Full Game,6.5,Over,-137,prizepicks|Jacob Cowing|player_reception_yds|6.5,0.57805907,0.5,https://api.the-odds-api.com/v4/sports/americanfootball_nfl
2026,4,a7e7efb75a9792ac63480ae6328dca18,2026-10-04T20:25:00Z,PrizePicks,prizepicks,2026-10-04T18:07:35Z,San Francisco 49ers,Denver Broncos,Jacob Cowing,,,WR,player_reception_yds,Full Game,6.5,Under,-137,prizepicks|Jacob Cowing|player_reception_yds|6.5,0.57805907,0.5,https://api.the-odds-api.com/v4/sports/americanfootball_nfl
2026,4,a7e7efb75a9792ac63480ae6328dca18,2026-10-04T20:25:00Z,PrizePicks,prizepicks,2026-10-04T18:07:35Z,San Francisco 49ers,Denver Broncos,Troy Franklin,,,WR,player_reception_yds,Full Game,5.5,Over,-137,prizepicks|Troy Franklin|player_reception_yds|5.5,0.57805907,0.5,https://api.the-odds-api.com/v4/sports/americanfootball_nfl
2026,4,a7e7efb75a9792ac63480ae6328dca18,2026-10-04T20:25:00Z,PrizePicks,prizepicks,2026-10-04T18:07:35Z,San Francisco 49ers,Denver Broncos,Troy Franklin,,,WR,player_reception_yds,Full Game,5.5,Under,-137,prizepicks|Troy Franklin|player_reception_yds|5.5,0.57805907,0.5,https://api.the-odds-api.com/v4/sports/americanfootball_nfl
2026,4,a7e7efb75a9792ac63480ae6328dca18,2026-10-04T20:25:00Z,PrizePicks,prizepicks,2026-10-04T18:07:35Z,San Francisco 49ers,Denver Broncos,Adam Trautman,,,WR,player_reception_yds,Full Game,4.5,Over,-137,prizepicks|Adam Trautman|player_reception_yds|4.5,0.57805907,0.5,https://api.the-odds-api.com/v4/sports/americanfootball_nfl
2026,4,a7e7efb75a9792ac63480ae6328dca18,2026-10-04T20:25:00Z,PrizePicks,prizepicks,2026-10-04T18:07:35Z,San Francisco 49ers,Denver Broncos,Adam Trautman,,,WR,player_reception_yds,Full Game,4.5,Under,-137,prizepicks|Adam Trautman|player_reception_yds|4.5,0.57805907,0.5,https://api.the-odds-api.com/v4/sports/americanfootball_nfl
2026,4,a7e7efb75a9792ac63480ae6328dca18,2026-10-04T20:25:00Z,PrizePicks,prizepicks,2026-10-04T18:07:35Z,San Francisco 49ers,Denver Broncos,Tyler Badie,,,WR,player_reception_yds,Full Game,3.5,Over,-137,prizepicks|Tyler Badie|player_reception_yds|3.5,0.57805907,0.5,https://api.the-odds-api.com/v4/sports/americanfootball_nfl
2026,4,a7e7efb75a9792ac63480ae6328dca18,2026-10-04T20:25:00Z,PrizePicks,prizepicks,2026-10-04T18:07:35Z,San Francisco 49ers,Denver Broncos,Tyler Badie,,,WR,player_reception_yds,Full Game,3.5,Under,-137,prizepicks|Tyler Badie|player_reception_yds|3.5,0.57805907,0.5,https://api.the-odds-api.com/v4/sports/americanfootball_nfl
2026,4,a7e7efb75a9792ac63480ae6328dca18,2026-10-04T20:25:00Z,PrizePicks,prizepicks,2026-10-04T18:07:35Z,San Francisco 49ers,Denver Broncos,J.K. Dobbins,,,WR,player_reception_yds,Full Game,2.5,Over,-137,prizepicks|J.K. Dobbins|player_reception_yds|2.5,0.57805907,0.5,https://api.the-odds-api.com/v4/sports/americanfootball_nfl
2026,4,a7e7efb75a9792ac63480ae6328dca18,2026-10-04T20:25:00Z,PrizePicks,prizepicks,2026-10-04T18:07:35Z,San Francisco 49ers,Denver Broncos,J.K. Dobbins,,,WR,player_reception_yds,Full Game,2.5,Under,-137,prizepicks|J.K. Dobbins|player_reception_yds|2.5,0.57805907,0.5,https://api.the-odds-api.com/v4/sports/americanfootball_nfl
2026,4,a7e7efb75a9792ac63480ae6328dca18,2026-10-04T20:25:00Z,PrizePicks,prizepicks,2026-10-04T18:07:35Z,San Francisco 49ers,Denver Broncos,Nate Adkins,,,WR,player_reception_yds,Full Game,0.5,Over,-137,prizepicks|Nate Adkins|player_reception_yds|0.5,0.57805907,0.5,https://api.the-odds-api.com/v4/sports/americanfootball_nfl
2026,4,a7e7efb75a9792ac63480ae6328dca18,2026-10-04T20:25:00Z,PrizePicks,prizepicks,2026-10-04T18:07:35Z,San Francisco 49ers,Denver Broncos,Nate Adkins,,,WR,player_reception_yds,Full Game,0.5,Under,-137,prizepicks|Nate Adkins|player_reception_yds|0.5,0.57805907,0.5,https://api.the-odds-api.com/v4/sports/americanfootball_nfl
2026,4,a7e7efb75a9792ac63480ae6328dca18,2026-10-04T20:25:00Z,PrizePicks,prizepicks,2026-10-04T18:07:35Z,San Francisco 49ers,Denver Broncos,Christian McCaffrey,,,RB,player_rush_yds,Full Game,65.5,Over,-137,prizepicks|Christian McCaffrey|player_rush_yds|65.5,0.57805907,0.5,https://api.the-odds-api.com/v4/sports/americanfootball_nfl
2026,4,a7e7efb75a9792ac63480ae6328dca18,2026-10-04T20:25:00Z,PrizePicks,prizepicks,2026-10-04T18:07:35Z,San Francisco 49ers,Denver Broncos,Christian McCaffrey,,,RB,player_rush_yds,Full Game,65.5,Under,-137,prizepicks|Christian McCaffrey|player_rush_yds|65.5,0.57805907,0.5,https://api.the-odds-api.com/v4/sports/americanfootball_nfl
2026,4,a7e7efb75a9792ac63480ae6328dca18,2026-10-04T20:25:00Z,PrizePicks,prizepicks,2026-10-04T18:07:35Z,San Francisco 49ers,Denver Broncos,J.K. Dobbins,,,RB,player_rush_yds,Full Game,60.5,Over,-137,prizepicks|J.K. Dobbins|player_rush_yds|60.5,0.57805907,0.5,https://api.the-odds-api.com/v4/sports/americanfootball_nfl
2026,4,a7e7efb75a9792ac63480ae6328dca18,2026-10-04T20:25:00Z,PrizePicks,prizepicks,2026-10-04T18:07:35Z,San Francisco 49ers,Denver Broncos,J.K. Dobbins,,,RB,player_rush_yds,Full Game,60.5,Under,-137,prizepicks|J.K. Dobbins|player_rush_yds|60.5,0.57805907,0.5,https://api.the-odds-api.com/v4/sports/americanfootball_nfl
2026,4,a7e7efb75a9792ac63480ae6328dca18,2026-10-04T20:25:00Z,PrizePicks,prizepicks,2026-10-04T18:07:35Z,San Francisco 49ers,Denver Broncos,Kaelon Black,,,RB,player_rush_yds,Full Game,21.5,Over,-137,prizepicks|Kaelon Black|player_rush_yds|21.5,0.57805907,0.5,https://api.the-odds-api.com/v4/sports/americanfootball_nfl
2026,4,a7e7efb75a9792ac63480ae6328dca18,2026-10-04T20:25:00Z,PrizePicks,prizepicks,2026-10-04T18:07:35Z,San Francisco 49ers,Denver Broncos,Kaelon Black,,,RB,player_rush_yds,Full Game,21.5,Under,-137,prizepicks|Kaelon Black|player_rush_yds|21.5,0.57805907,0.5,https://api.the-odds-api.com/v4/sports/americanfootball_nfl
2026,4,a7e7efb75a9792ac63480ae6328dca18,2026-10-04T20:25:00Z,PrizePicks,prizepicks,2026-10-04T18:07:35Z,San Francisco 49ers,Denver Broncos,Brock Purdy,,,RB,player_rush_yds,Full Game,17.5,Over,-137,prizepicks|Brock Purdy|player_rush_yds|17.5,0.57805907,0.5,https://api.the-odds-api.com/v4/sports/americanfootball_nfl
2026,4,a7e7efb75a9792ac63480ae6328dca18,2026-10-04T20:25:00Z,PrizePicks,prizepicks,2026-10-04T18:07:35Z,San Francisco 49ers,Denver Broncos,Brock Purdy,,,RB,player_rush_yds,Full Game,17.5,Under,-137,prizepicks|Brock Purdy|player_rush_yds|17.5,0.57805907,0.5,https://api.the-odds-api.com/v4/sports/americanfootball_nfl
2026,4,a7e7efb75a9792ac63480ae6328dca18,2026-10-04T20:25:00Z,PrizePicks,prizepicks,2026-10-04T18:07:35Z,San Francisco 49ers,Denver Broncos,Bo Nix,,,RB,player_rush_yds,Full Game,16.5,Over,-137,prizepicks|Bo Nix|player_rush_yds|16.5,0.57805907,0.5,https://api.the-odds-api.com/v4/sports/americanfootball_nfl
2026,4,a7e7efb75a9792ac63480ae6328dca18,2026-10-04T20:25:00Z,PrizePicks,prizepicks,2026-10-04T18:07:35Z,San Francisco 49ers,Denver Broncos,Bo Nix,,,RB,player_rush_yds,Full Game,16.5,Under,-137,prizepicks|Bo Nix|player_rush_yds|16.5,0.57805907,0.5,https://api.the-odds-api.com/v4/sports/americanfootball_nfl
2026,4,a7e7efb75a9792ac63480ae6328dca18,2026-10-04T20:25:00Z,PrizePicks,prizepicks,2026-10-04T18:07:35Z,San Francisco 49ers,Denver Broncos,RJ Harvey,,,RB,player_rush_yds,Full Game,15.5,Over,-137,prizepicks|RJ Harvey|player_rush_yds|15.5,0.57805907,0.5,https://api.the-odds-api.com/v4/sports/americanfootball_nfl
2026,4,a7e7efb75a9792ac63480ae6328dca18,2026-10-04T20:25:00Z,PrizePicks,prizepicks,2026-10-04T18:07:35Z,San Francisco 49ers,Denver Broncos,RJ Harvey,,,RB,player_rush_yds,Full Game,15.5,Under,-137,prizepicks|RJ Harvey|player_rush_yds|15.5,0.57805907,0.5,https://api.the-odds-api.com/v4/sports/americanfootball_nfl
2026,4,a7e7efb75a9792ac63480ae6328dca18,2026-10-04T20:25:00Z,Bovada,bovada,2026-10-04T18:08:08Z,San Francisco 49ers,Denver Broncos,Adam Trautman,,,WR,player_reception_yds,Full Game,4.5,Over,-115,bovada|Adam Trautman|player_reception_yds|4.5,0.53488372,0.5,https://api.the-odds-api.com/v4/sports/americanfootball_nfl
2026,4,a7e7efb75a9792ac63480ae6328dca18,2026-10-04T20:25:00Z,Bovada,bovada,2026-10-04T18:08:08Z,San Francisco 49ers,Denver Broncos,Adam Trautman,,,WR,player_reception_yds,Full Game,4.5,Under,-115,bovada|Adam Trautman|player_reception_yds|4.5,0.53488372,0.5,https://api.the-odds-api.com/v4/sports/americanfootball_nfl
2026,4,a7e7efb75a9792ac63480ae6328dca18,2026-10-04T20:25:00Z,Bovada,bovada,2026-10-04T18:08:08Z,San Francisco 49ers,Denver Broncos,Christian McCaffrey,,,WR,player_reception_yds,Full Game,34.5,Over,-215,bovada|Christian McCaffrey|player_reception_yds|34.5,0.68253968,0.6395881,https://api.the-odds-api.com/v4/sports/americanfootball_nfl
2026,4,a7e7efb75a9792ac63480ae6328dca18,2026-10-04T20:25:00Z,Bovada,bovada,2026-10-04T18:08:08Z,San Francisco 49ers,Denver Broncos,Christian McCaffrey,,,WR,player_reception_yds,Full Game,34.5,Under,160,bovada|Christian McCaffrey|player_reception_yds|34.5,0.38461538,0.3604119,https://api.the-odds-api.com/v4/sports/americanfootball_nfl
2026,4,a7e7efb75a9792ac63480ae6328dca18,2026-10-04T20:25:00Z,Bovada,bovada,2026-10-04T18:08:08Z,San Francisco 49ers,Denver Broncos,Christian McCaffrey,,,WR,player_reception_yds,Full Game,39.5,Over,-160,bovada|Christian McCaffrey|player_reception_yds|39.5,0.61538462,0.5751634,https://api.the-odds-api.com/v4/sports/americanfootball_nfl
2026,4,a7e7efb75a9792ac63480ae6328dca18,2026-10-04T20:25:00Z,Bovada,bovada,2026-10-04T18:08:08Z,San Francisco 49ers,Denver Broncos,Christian McCaffrey,,,WR,player_reception_yds,Full Game,39.5,Under,120,bovada|Christian McCaffrey|player_reception_yds|39.5,0.45454545,0.4248366,https://api.the-odds-api.com/v4/sports/americanfootball_nfl
2026,4,a7e7efb75a9792ac63480ae6328dca18,2026-10-04T20:25:00Z,Bovada,bovada,2026-10-04T18:08:08Z,San Francisco 49ers,Denver Broncos,Christian McCaffrey,,,WR,player_reception_yds,Full Game,44.5,Over,-120,bovada|Christian McCaffrey|player_reception_yds|44.5,0.54545455,0.51012146,https://api.the-odds-api.com/v4/sports/americanfootball_nfl
2026,4,a7e7efb75a9792ac63480ae6328dca18,2026-10-04T20:25:00Z,Bovada,bovada,2026-10-04T18:08:08Z,San Francisco 49ers,Denver Broncos,Christian McCaffrey,,,WR,player_reception_yds,Full Game,44.5,Under,-110,bovada|Christian McCaffrey|player_reception_yds|44.5,0.52380952,0.48987854,https://api.the-odds-api.com/v4/sports/americanfootball_nfl
2026,4,a7e7efb75a9792ac63480ae6328dca18,2026-10-04T20:25:00Z,Bovada,bovada,2026-10-04T18:08:08Z,San Francisco 49ers,Denver Broncos,Christian McCaffrey,,,WR,player_reception_yds,Full Game,49.5,Over,110,bovada|Christian McCaffrey|player_reception_yds|49.5,0.47619048,0.44585988,https://api.the-odds-api.com/v4/sports/americanfootball_nfl
2026,4,a7e7efb75a9792ac63480ae6328dca18,2026-10-04T20:25:00Z,Bovada,bovada,2026-10-04T18:08:08Z,San Francisco 49ers,Denver Broncos,Christian McCaffrey,,,WR,player_reception_yds,Full Game,49.5,Under,-145,bovada|Christian McCaffrey|player_reception_yds|49.5,0.59183673,0.55414012,https://api.the-odds-api.com/v4/sports/americanfootball_nfl
2026,4,a7e7efb75a9792ac63480ae6328dca18,2026-10-04T20:25:00Z,Bovada,bovada,2026-10-04T18:08:08Z,San Francisco 49ers,Denver Broncos,Christian McCaffrey,,,WR,player_reception_yds,Full Game,54.5,Over,135,bovada|Christian McCaffrey|player_reception_yds|54.5,0.42553191,0.39829303,https://api.the-odds-api.com/v4/sports/americanfootball_nfl
2026,4,a7e7efb75a9792ac63480ae6328dca18,2026-10-04T20:25:00Z,Bovada,bovada,2026-10-04T18:08:08Z,San Francisco 49ers,Denver Broncos,Christian McCaffrey,,,WR,player_reception_yds,Full Game,54.5,Under,-180,bovada|Christian McCaffrey|player_reception_yds|54.5,0.64285714,0.60170697,https://api.the-odds-api.com/v4/sports/americanfootball_nfl
2026,4,a7e7efb75a9792ac63480ae6328dca18,2026-10-04T20:25:00Z,Bovada,bovada,2026-10-04T18:08:08Z,San Francisco 49ers,Denver Broncos,Courtland Sutton,,,WR,player_reception_yds,Full Game,29.5,Over,-215,bovada|Courtland Sutton|player_reception_yds|29.5,0.68253968,0.6395881,https://api.the-odds-api.com/v4/sports/americanfootball_nfl
2026,4,a7e7efb75a9792ac63480ae6328dca18,2026-10-04T20:25:00Z,Bovada,bovada,2026-10-04T18:08:08Z,San Francisco 49ers,Denver Broncos,Courtland Sutton,,,WR,player_reception_yds,Full Game,29.5,Under,160,bovada|Courtland Sutton|player_reception_yds|29.5,0.38461538,0.3604119,https://api.the-odds-api.com/v4/sports/americanfootball_nfl
2026,4,a7e7efb75a9792ac63480ae6328dca18,2026-10-04T20:25:00Z,Bovada,bovada,2026-10-04T18:08:08Z,San Francisco 49ers,Denver Broncos,Courtland Sutton,,,WR,player_reception_yds,Full Game,34.5,Over,-150,bovada|Courtland Sutton|player_reception_yds|34.5,0.6,0.56331878,https://api.the-odds-api.com/v4/sports/americanfootball_nfl
2026,4,a7e7efb75a9792ac63480ae6328dca18,2026-10-04T20:25:00Z,Bovada,bovada,2026-10-04T18:08:08Z,San Francisco 49ers,Denver Broncos,Courtland Sutton,,,WR,player_reception_yds,Full Game,34.5,Under,115,bovada|Courtland Sutton|player_reception_yds|34.5,0.46511628,0.43668122,https://api.the-odds-api.com/v4/sports/americanfootball_nfl
2026,4,a7e7efb75a9792ac63480ae6328dca18,2026-10-04T20:25:00Z,Bovada,bovada,2026-10-04T18:08:08Z,San Francisco 49ers,Denver Broncos,Courtland Sutton,,,WR,player_reception_yds,Full Game,39.5,Over,-115,bovada|Courtland Sutton|player_reception_yds|39.5,0.53488372,0.5,https://api.the-odds-api.com/v4/sports/americanfootball_nfl
2026,4,a7e7efb75a9792ac63480ae6328dca18,2026-10-04T20:25:00Z,Bovada,bovada,2026-10-04T18:08:08Z,San Francisco 49ers,Denver Broncos,Courtland Sutton,,,WR,player_reception_yds,Full Game,39.5,Under,-115,bovada|Courtland Sutton|player_reception_yds|39.5,0.53488372,0.5,https://api.the-odds-api.com/v4/sports/americanfootball_nfl
2026,4,a7e7efb75a9792ac63480ae6328dca18,2026-10-04T20:25:00Z,Bovada,bovada,2026-10-04T18:08:08Z,San Francisco 49ers,Denver Broncos,Courtland Sutton,,,WR,player_reception_yds,Full Game,44.5,Over,115,bovada|Courtland Sutton|player_reception_yds|44.5,0.46511628,0.43668122,https://api.the-odds-api.com/v4/sports/americanfootball_nfl
2026,4,a7e7efb75a9792ac63480ae6328dca18,2026-10-04T20:25:00Z,Bovada,bovada,2026-10-04T18:08:08Z,San Francisco 49ers,Denver Broncos,Courtland Sutton,,,WR,player_reception_yds,Full Game,44.5,Under,-150,bovada|Courtland Sutton|player_reception_yds|44.5,0.6,0.56331878,https://api.the-odds-api.com/v4/sports/americanfootball_nfl
2026,4,a7e7efb75a9792ac63480ae6328dca18,2026-10-04T20:25:00Z,Bovada,bovada,2026-10-04T18:08:08Z,San Francisco 49ers,Denver Broncos,Courtland Sutton,,,WR,player_reception_yds,Full Game,49.5,Over,145,bovada|Courtland Sutton|player_reception_yds|49.5,0.40816327,0.38385176,https://api.the-odds-api.com/v4/sports/americanfootball_nfl
2026,4,a7e7efb75a9792ac63480ae6328dca18,2026-10-04T20:25:00Z,Bovada,bovada,2026-10-04T18:08:08Z,San Francisco 49ers,Denver Broncos,Courtland Sutton,,,WR,player_reception_yds,Full Game,49.5,Under,-190,bovada|Courtland Sutton|player_reception_yds|49.5,0.65517241,0.61614824,https://api.the-odds-api.com/v4/sports/americanfootball_nfl
2026,4,a7e7efb75a9792ac63480ae6328dca18,2026-10-04T20:25:00Z,Bovada,bovada,2026-10-04T18:08:08Z,San Francisco 49ers,Denver Broncos,Deebo Samuel,,,WR,player_reception_yds,Full Game,22.5,Over,-240,bovada|Deebo Samuel|player_reception_yds|22.5,0.70588235,0.66,https://api.the-odds-api.com/v4/sports/americanfootball_nfl
2026,4,a7e7efb75a9792ac63480ae6328dca18,2026-10-04T20:25:00Z,Bovada,bovada,2026-10-04T18:08:08Z,San Francisco 49ers,Denver Broncos,Deebo Samuel,,,WR,player_reception_yds,Full Game,22.5,Under,175,bovada|Deebo Samuel|player_reception_yds|22.5,0.36363636,0.34,https://api.the-odds-api.com/v4/sports/americanfootball_nfl
2026,4,a7e7efb75a9792ac63480ae6328dca18,2026-10-04T20:25:00Z,Bovada,bovada,2026-10-04T18:08:08Z,San Francisco 49ers,Denver Broncos,Deebo Samuel,,,WR,player_reception_yds,Full Game,27.5,Over,-160,bovada|Deebo Samuel|player_reception_yds|27.5,0.61538462,0.5751634,https://api.the-odds-api.com/v4/sports/americanfootball_nfl
2026,4,a7e7efb75a9792ac63480ae6328dca18,2026-10-04T20:25:00Z,Bovada,bovada,2026-10-04T18:08:08Z,San Francisco 49ers,Denver Broncos,Deebo Samuel,,,WR,player_reception_yds,Full Game,27.5,Under,120,bovada|Deebo Samuel|player_reception_yds|27.5,0.45454545,0.4248366,https://api.the-odds-api.com/v4/sports/americanfootball_nfl
2026,4,a7e7efb75a9792ac63480ae6328dca18,2026-10-04T20:25:00Z,Bovada,bovada,2026-10-04T18:08:08Z,San Francisco 49ers,Denver Broncos,Deebo Samuel,,,WR,player_reception_yds,Full Game,32.5,Over,-115,bovada|Deebo Samuel|player_reception_yds|32.5,0.53488372,0.5,https://api.the-odds-api.com/v4/sports/americanfootball_nfl
2026,4,a7e7efb75a9792ac63480ae6328dca18,2026-10-04T20:25:00Z,Bovada,bovada,2026-10-04T18:08:08Z,San Francisco 49ers,Denver Broncos,Deebo Samuel,,,WR,player_reception_yds,Full Game,32.5,Under,-115,bovada|Deebo Samuel|player_reception_yds|32.5,0.53488372,0.5,https://api.the-odds-api.com/v4/sports/americanfootball_nfl
2026,4,a7e7efb75a9792ac63480ae6328dca18,2026-10-04T20:25:00Z,Bovada,bovada,2026-10-04T18:08:08Z,San Francisco 49ers,Denver Broncos,Deebo Samuel,,,WR,player_reception_yds,Full Game,37.5,Over,115,bovada|Deebo Samuel|player_reception_yds|37.5,0.46511628,0.43668122,https://api.the-odds-api.com/v4/sports/americanfootball_nfl
2026,4,a7e7efb75a9792ac63480ae6328dca18,2026-10-04T20:25:00Z,Bovada,bovada,2026-10-04T18:08:08Z,San Francisco 49ers,Denver Broncos,Deebo Samuel,,,WR,player_reception_yds,Full Game,37.5,Under,-150,bovada|Deebo Samuel|player_reception_yds|37.5,0.6,0.56331878,https://api.the-odds-api.com/v4/sports/americanfootball_nfl
2026,4,a7e7efb75a9792ac63480ae6328dca18,2026-10-04T20:25:00Z,Bovada,bovada,2026-10-04T18:08:08Z,San Francisco 49ers,Denver Broncos,Deebo Samuel,,,WR,player_reception_yds,Full Game,42.5,Over,150,bovada|Deebo Samuel|player_reception_yds|42.5,0.4,0.375,https://api.the-odds-api.com/v4/sports/americanfootball_nfl
2026,4,a7e7efb75a9792ac63480ae6328dca18,2026-10-04T20:25:00Z,Bovada,bovada,2026-10-04T18:08:08Z,San Francisco 49ers,Denver Broncos,Deebo Samuel,,,WR,player_reception_yds,Full Game,42.5,Under,-200,bovada|Deebo Samuel|player_reception_yds|42.5,0.66666667,0.625,https://api.the-odds-api.com/v4/sports/americanfootball_nfl
2026,4,a7e7efb75a9792ac63480ae6328dca18,2026-10-04T20:25:00Z,Bovada,bovada,2026-10-04T18:08:08Z,San Francisco 49ers,Denver Broncos,Evan Engram,,,WR,player_reception_yds,Full Game,16.5,Over,-115,bovada|Evan Engram|player_reception_yds|16.5,0.53488372,0.5,https://api.the-odds-api.com/v4/sports/americanfootball_nfl
2026,4,a7e7efb75a9792ac63480ae6328dca18,2026-10-04T20:25:00Z,Bovada,bovada,2026-10-04T18:08:08Z,San Francisco 49ers,Denver Broncos,Evan Engram,,,WR,player_reception_yds,Full Game,16.5,Under,-115,bovada|Evan Engram|player_reception_yds|16.5,0.53488372,0.5,https://api.the-odds-api.com/v4/sports/americanfootball_nfl
2026,4,a7e7efb75a9792ac63480ae6328dca18,2026-10-04T20:25:00Z,Bovada,bovada,2026-10-04T18:08:08Z,San Francisco 49ers,Denver Broncos,George Kittle,,,WR,player_reception_yds,Full Game,54.5,Over,-180,bovada|George Kittle|player_reception_yds|54.5,0.64285714,0.60170697,https://api.the-odds-api.com/v4/sports/americanfootball_nfl
2026,4,a7e7efb75a9792ac63480ae6328dca18,2026-10-04T20:25:00Z,Bovada,bovada,2026-10-04T18:08:08Z,San Francisco 49ers,Denver Broncos,George Kittle,,,WR,player_reception_yds,Full Game,54.5,Under,135,bovada|George Kittle|player_reception_yds|54.5,0.42553191,0.39829303,https://api.the-odds-api.com/v4/sports/americanfootball_nfl
2026,4,a7e7efb75a9792ac63480ae6328dca18,2026-10-04T20:25:00Z,Bovada,bovada,2026-10-04T18:08:08Z,San Francisco 49ers,Denver Broncos,George Kittle,,,WR,player_reception_yds,Full Game,59.5,Over,-145,bovada|George Kittle|player_reception_yds|59.5,0.59183673,0.55414012,https://api.the-odds-api.com/v4/sports/americanfootball_nfl
2026,4,a7e7efb75a9792ac63480ae6328dca18,2026-10-04T20:25:00Z,Bovada,bovada,2026-10-04T18:08:08Z,San Francisco 49ers,Denver Broncos,George Kittle,,,WR,player_reception_yds,Full Game,59.5,Under,110,bovada|George Kittle|player_reception_yds|59.5,0.47619048,0.44585988,https://api.the-odds-api.com/v4/sports/americanfootball_nfl
2026,4,a7e7efb75a9792ac63480ae6328dca18,2026-10-04T20:25:00Z,Bovada,bovada,2026-10-04T18:08:08Z,San Francisco 49ers,Denver Broncos,George Kittle,,,WR,player_reception_yds,Full Game,64.5,Over,-115,bovada|George Kittle|player_reception_yds|64.5,0.53488372,0.5,https://api.the-odds-api.com/v4/sports/americanfootball_nfl
2026,4,a7e7efb75a9792ac63480ae6328dca18,2026-10-04T20:25:00Z,Bovada,bovada,2026-10-04T18:08:08Z,San Francisco 49ers,Denver Broncos,George Kittle,,,WR,player_reception_yds,Full Game,64.5,Under,-115,bovada|George Kittle|player_reception_yds|64.5,0.53488372,0.5,https://api.the-odds-api.com/v4/sports/americanfootball_nfl
2026,4,a7e7efb75a9792ac63480ae6328dca18,2026-10-04T20:25:00Z,Bovada,bovada,2026-10-04T18:08:08Z,San Francisco 49ers,Denver Broncos,George Kittle,,,WR,player_reception_yds,Full Game,69.5,Over,110,bovada|George Kittle|player_reception_yds|69.5,0.47619048,0.44585988,https://api.the-odds-api.com/v4/sports/americanfootball_nfl
2026,4,a7e7efb75a9792ac63480ae6328dca18,2026-10-04T20:25:00Z,Bovada,bovada,2026-10-04T18:08:08Z,San Francisco 49ers,Denver Broncos,George Kittle,,,WR,player_reception_yds,Full Game,69.5,Under,-145,bovada|George Kittle|player_reception_yds|69.5,0.59183673,0.55414012,https://api.the-odds-api.com/v4/sports/americanfootball_nfl
2026,4,a7e7efb75a9792ac63480ae6328dca18,2026-10-04T20:25:00Z,Bovada,bovada,2026-10-04T18:08:08Z,San Francisco 49ers,Denver Broncos,George Kittle,,,WR,player_reception_yds,Full Game,74.5,Over,130,bovada|George Kittle|player_reception_yds|74.5,0.43478261,0.40847201,https://api.the-odds-api.com/v4/sports/americanfootball_nfl
2026,4,a7e7efb75a9792ac63480ae6328dca18,2026-10-04T20:25:00Z,Bovada,bovada,2026-10-04T18:08:08Z,San Francisco 49ers,Denver Broncos,George Kittle,,,WR,player_reception_yds,Full Game,74.5,Under,-170,bovada|George Kittle|player_reception_yds|74.5,0.62962963,0.59152799,https://api.the-odds-api.com/v4/sports/americanfootball_nfl
2026,4,a7e7efb75a9792ac63480ae6328dca18,2026-10-04T20:25:00Z,Bovada,bovada,2026-10-04T18:08:08Z,San Francisco 49ers,Denver Broncos,Jaylen Waddle,,,WR,player_reception_yds,Full Game,48.5,Over,-185,bovada|Jaylen Waddle|player_reception_yds|48.5,0.64912281,0.6090535,https://api.the-odds-api.com/v4/sports/americanfootball_nfl
2026,4,a7e7efb75a9792ac63480ae6328dca18,2026-10-04T20:25:00Z,Bovada,bovada,2026-10-04T18:08:08Z,San Francisco 49ers,Denver Broncos,Jaylen Waddle,,,WR,player_reception_yds,Full Game,48.5,Under,140,bovada|Jaylen Waddle|player_reception_yds|48.5,0.41666667,0.3909465,https://api.the-odds-api.com/v4/sports/americanfootball_nfl
2026,4,a7e7efb75a9792ac63480ae6328dca18,2026-10-04T20:25:00Z,Bovada,bovada,2026-10-04T18:08:08Z,San Francisco 49ers,Denver Broncos,Jaylen Waddle,,,WR,player_reception_yds,Full Game,53.5,Over,-145,bovada|Jaylen Waddle|player_reception_yds|53.5,0.59183673,0.55414012,https://api.the-odds-api.com/v4/sports/americanfootball_nfl
2026,4,a7e7efb75a9792ac63480ae6328dca18,2026-10-04T20:25:00Z,Bovada,bovada,2026-10-04T18:08:08Z,San Francisco 49ers,Denver Broncos,Jaylen Waddle,,,WR,player_reception_yds,Full Game,53.5,Under,110,bovada|Jaylen Waddle|player_reception_yds|53.5,0.47619048,0.44585988,https://api.the-odds-api.com/v4/sports/americanfootball_nfl
2026,4,a7e7efb75a9792ac63480ae6328dca18,2026-10-04T20:25:00Z,Bovada,bovada,2026-10-04T18:08:08Z,San Francisco 49ers,Denver Broncos,Jaylen Waddle,,,WR,player_reception_yds,Full Game,58.5,Over,-115,bovada|Jaylen Waddle|player_reception_yds|58.5,0.53488372,0.5,https://api.the-odds-api.com/v4/sports/americanfootball_nfl
2026,4,a7e7efb75a9792ac63480ae6328dca18,2026-10-04T20:25:00Z,Bovada,bovada,2026-10-04T18:08:08Z,San Francisco 49ers,Denver Broncos,Jaylen Waddle,,,WR,player_reception_yds,Full Game,58.5,Under,-115,bovada|Jaylen Waddle|player_reception_yds|58.5,0.53488372,0.5,https://api.the-odds-api.com/v4/sports/americanfootball_nfl
2026,4,a7e7efb75a9792ac63480ae6328dca18,2026-10-04T20:25:00Z,Bovada,bovada,2026-10-04T18:08:08Z,San Francisco 49ers,Denver Broncos,Jaylen Waddle,,,WR,player_reception_yds,Full Game,63.5,Over,110,bovada|Jaylen Waddle|player_reception_yds|63.5,0.47619048,0.44585988,https://api.the-odds-api.com/v4/sports/americanfootball_nfl
2026,4,a7e7efb75a9792ac63480ae6328dca18,2026-10-04T20:25:00Z,Bovada,bovada,2026-10-04T18:08:08Z,San Francisco 49ers,Denver Broncos,Jaylen Waddle,,,WR,player_reception_yds,Full Game,63.5,Under,-145,bovada|Jaylen Waddle|player_reception_yds|63.5,0.59183673,0.55414012,https://api.the-odds-api.com/v4/sports/americanfootball_nfl
2026,4,a7e7efb75a9792ac63480ae6328dca18,2026-10-04T20:25:00Z,Bovada,bovada,2026-10-04T18:08:08Z,San Francisco 49ers,Denver Broncos,Jaylen Waddle,,,WR,player_reception_yds,Full Game,68.5,Over,135,bovada|Jaylen Waddle|player_reception_yds|68.5,0.42553191,0.39829303,https://api.the-odds-api.com/v4/sports/americanfootball_nfl
2026,4,a7e7efb75a9792ac63480ae6328dca18,2026-10-04T20:25:00Z,Bovada,bovada,2026-10-04T18:08:08Z,San Francisco 49ers,Denver Broncos,Jaylen Waddle,,,WR,player_reception_yds,Full Game,68.5,Under,-180,bovada|Jaylen Waddle|player_reception_yds|68.5,0.64285714,0.60170697,https://api.the-odds-api.com/v4/sports/americanfootball_nfl
2026,4,a7e7efb75a9792ac63480ae6328dca18,2026-10-04T20:25:00Z,Bovada,bovada,2026-10-04T18:08:08Z,San Francisco 49ers,Denver Broncos,Kyle Juszczyk,,,WR,player_reception_yds,Full Game,8.5,Over,-120,bovada|Kyle Juszczyk|player_reception_yds|8.5,0.54545455,0.51012146,https://api.the-odds-api.com/v4/sports/americanfootball_nfl
2026,4,a7e7efb75a9792ac63480ae6328dca18,2026-10-04T20:25:00Z,Bovada,bovada,2026-10-04T18:08:08Z,San Francisco 49ers,Denver Broncos,Kyle Juszczyk,,,WR,player_reception_yds,Full Game,8.5,Under,-110,bovada|Kyle Juszczyk|player_reception_yds|8.5,0.52380952,0.48987854,https://api.the-odds-api.com/v4/sports/americanfootball_nfl
2026,4,a7e7efb75a9792ac63480ae6328dca18,2026-10-04T20:25:00Z,Bovada,bovada,2026-10-04T18:08:08Z,San Francisco 49ers,Denver Broncos,Pat Bryant,,,WR,player_reception_yds,Full Game,22.5,Over,-115,bovada|Pat Bryant|player_reception_yds|22.5,0.53488372,0.5,https://api.the-odds-api.com/v4/sports/americanfootball_nfl
2026,4,a7e7efb75a9792ac63480ae6328dca18,2026-10-04T20:25:00Z,Bovada,bovada,2026-10-04T18:08:08Z,San Francisco 49ers,Denver Broncos,Pat Bryant,,,WR,player_reception_yds,Full Game,22.5,Under,-115,bovada|Pat Bryant|player_reception_yds|22.5,0.53488372,0.5,https://api.the-odds-api.com/v4/sports/americanfootball_nfl
2026,4,a7e7efb75a9792ac63480ae6328dca18,2026-10-04T20:25:00Z,Bovada,bovada,2026-10-04T18:08:08Z,San Francisco 49ers,Denver Broncos,RJ Harvey,,,WR,player_reception_yds,Full Game,22.5,Over,-110,bovada|RJ Harvey|player_reception_yds|22.5,0.52380952,0.48987854,https://api.the-odds-api.com/v4/sports/americanfootball_nfl
2026,4,a7e7efb75a9792ac63480ae6328dca18,2026-10-04T20:25:00Z,Bovada,bovada,2026-10-04T18:08:08Z,San Francisco 49ers,Denver Broncos,RJ Harvey,,,WR,player_reception_yds,Full Game,22.5,Under,-120,bovada|RJ Harvey|player_reception_yds|22.5,0.54545455,0.51012146,https://api.the-odds-api.com/v4/sports/americanfootball_nfl
2026,4,a7e7efb75a9792ac63480ae6328dca18,2026-10-04T20:25:00Z,Bovada,bovada,2026-10-04T18:08:08Z,San Francisco 49ers,Denver Broncos,Troy Franklin,,,WR,player_reception_yds,Full Game,5.5,Over,-105,bovada|Troy Franklin|player_reception_yds|5.5,0.51219512,0.47969543,https://api.the-odds-api.com/v4/sports/americanfootball_nfl
2026,4,a7e7efb75a9792ac63480ae6328dca18,2026-10-04T20:25:00Z,Bovada,bovada,2026-10-04T18:08:08Z,San Francisco 49ers,Denver Broncos,Troy Franklin,,,WR,player_reception_yds,Full Game,5.5,Under,-125,bovada|Troy Franklin|player_reception_yds|5.5,0.55555556,0.52030457,https://api.the-odds-api.com/v4/sports/americanfootball_nfl
2026,4,a7e7efb75a9792ac63480ae6328dca18,2026-10-04T20:25:00Z,Bovada,bovada,2026-10-04T18:08:08Z,San Francisco 49ers,Denver Broncos,Bo Nix,,,RB,player_rush_yds,Full Game,16.5,Over,-110,bovada|Bo Nix|player_rush_yds|16.5,0.52380952,0.48987854,https://api.the-odds-api.com/v4/sports/americanfootball_nfl
2026,4,a7e7efb75a9792ac63480ae6328dca18,2026-10-04T20:25:00Z,Bovada,bovada,2026-10-04T18:08:08Z,San Francisco 49ers,Denver Broncos,Bo Nix,,,RB,player_rush_yds,Full Game,16.5,Under,-120,bovada|Bo Nix|player_rush_yds|16.5,0.54545455,0.51012146,https://api.the-odds-api.com/v4/sports/americanfootball_nfl
2026,4,a7e7efb75a9792ac63480ae6328dca18,2026-10-04T20:25:00Z,Bovada,bovada,2026-10-04T18:08:08Z,San Francisco 49ers,Denver Broncos,Brock Purdy,,,RB,player_rush_yds,Full Game,16.5,Over,-125,bovada|Brock Purdy|player_rush_yds|16.5,0.55555556,0.52030457,https://api.the-odds-api.com/v4/sports/americanfootball_nfl
2026,4,a7e7efb75a9792ac63480ae6328dca18,2026-10-04T20:25:00Z,Bovada,bovada,2026-10-04T18:08:08Z,San Francisco 49ers,Denver Broncos,Brock Purdy,,,RB,player_rush_yds,Full Game,16.5,Under,-105,bovada|Brock Purdy|player_rush_yds|16.5,0.51219512,0.47969543,https://api.the-odds-api.com/v4/sports/americanfootball_nfl
2026,4,a7e7efb75a9792ac63480ae6328dca18,2026-10-04T20:25:00Z,Bovada,bovada,2026-10-04T18:08:08Z,San Francisco 49ers,Denver Broncos,Christian McCaffrey,,,RB,player_rush_yds,Full Game,46.5,Over,-400,bovada|Christian McCaffrey|player_rush_yds|46.5,0.8,0.75,https://api.the-odds-api.com/v4/sports/americanfootball_nfl
2026,4,a7e7efb75a9792ac63480ae6328dca18,2026-10-04T20:25:00Z,Bovada,bovada,2026-10-04T18:08:08Z,San Francisco 49ers,Denver Broncos,Christian McCaffrey,,,RB,player_rush_yds,Full Game,46.5,Under,275,bovada|Christian McCaffrey|player_rush_yds|46.5,0.26666667,0.25,https://api.the-odds-api.com/v4/sports/americanfootball_nfl
2026,4,a7e7efb75a9792ac63480ae6328dca18,2026-10-04T20:25:00Z,Bovada,bovada,2026-10-04T18:08:08Z,San Francisco 49ers,Denver Broncos,Christian McCaffrey,,,RB,player_rush_yds,Full Game,56.5,Over,-200,bovada|Christian McCaffrey|player_rush_yds|56.5,0.66666667,0.625,https://api.the-odds-api.com/v4/sports/americanfootball_nfl
2026,4,a7e7efb75a9792ac63480ae6328dca18,2026-10-04T20:25:00Z,Bovada,bovada,2026-10-04T18:08:08Z,San Francisco 49ers,Denver Broncos,Christian McCaffrey,,,RB,player_rush_yds,Full Game,56.5,Under,150,bovada|Christian McCaffrey|player_rush_yds|56.5,0.4,0.375,https://api.the-odds-api.com/v4/sports/americanfootball_nfl
2026,4,a7e7efb75a9792ac63480ae6328dca18,2026-10-04T20:25:00Z,Bovada,bovada,2026-10-04T18:08:08Z,San Francisco 49ers,Denver Broncos,Christian McCaffrey,,,RB,player_rush_yds,Full Game,66.5,Over,-115,bovada|Christian McCaffrey|player_rush_yds|66.5,0.53488372,0.5,https://api.the-odds-api.com/v4/sports/americanfootball_nfl
2026,4,a7e7efb75a9792ac63480ae6328dca18,2026-10-04T20:25:00Z,Bovada,bovada,2026-10-04T18:08:08Z,San Francisco 49ers,Denver Broncos,Christian McCaffrey,,,RB,player_rush_yds,Full Game,66.5,Under,-115,bovada|Christian McCaffrey|player_rush_yds|66.5,0.53488372,0.5,https://api.the-odds-api.com/v4/sports/americanfootball_nfl
2026,4,a7e7efb75a9792ac63480ae6328dca18,2026-10-04T20:25:00Z,Bovada,bovada,2026-10-04T18:08:08Z,San Francisco 49ers,Denver Broncos,Christian McCaffrey,,,RB,player_rush_yds,Full Game,76.5,Over,145,bovada|Christian McCaffrey|player_rush_yds|76.5,0.40816327,0.38385176,https://api.the-odds-api.com/v4/sports/americanfootball_nfl
2026,4,a7e7efb75a9792ac63480ae6328dca18,2026-10-04T20:25:00Z,Bovada,bovada,2026-10-04T18:08:08Z,San Francisco 49ers,Denver Broncos,Christian McCaffrey,,,RB,player_rush_yds,Full Game,76.5,Under,-190,bovada|Christian McCaffrey|player_rush_yds|76.5,0.65517241,0.61614824,https://api.the-odds-api.com/v4/sports/americanfootball_nfl
2026,4,a7e7efb75a9792ac63480ae6328dca18,2026-10-04T20:25:00Z,Bovada,bovada,2026-10-04T18:08:08Z,San Francisco 49ers,Denver Broncos,Christian McCaffrey,,,RB,player_rush_yds,Full Game,86.5,Over,225,bovada|Christian McCaffrey|player_rush_yds|86.5,0.30769231,0.28924162,https://api.the-odds-api.com/v4/sports/americanfootball_nfl
2026,4,a7e7efb75a9792ac63480ae6328dca18,2026-10-04T20:25:00Z,Bovada,bovada,2026-10-04T18:08:08Z,San Francisco 49ers,Denver Broncos,Christian McCaffrey,,,RB,player_rush_yds,Full Game,86.5,Under,-310,bovada|Christian McCaffrey|player_rush_yds|86.5,0.75609756,0.71075838,https://api.the-odds-api.com/v4/sports/americanfootball_nfl
2026,4,a7e7efb75a9792ac63480ae6328dca18,2026-10-04T20:25:00Z,Bovada,bovada,2026-10-04T18:08:08Z,San Francisco 49ers,Denver Broncos,J.K. Dobbins,,,RB,player_rush_yds,Full Game,49.5,Over,-210,bovada|J.K. Dobbins|player_rush_yds|49.5,0.67741935,0.63335305,https://api.the-odds-api.com/v4/sports/americanfootball_nfl
2026,4,a7e7efb75a9792ac63480ae6328dca18,2026-10-04T20:25:00Z,Bovada,bovada,2026-10-04T18:08:08Z,San Francisco 49ers,Denver Broncos,J.K. Dobbins,,,RB,player_rush_yds,Full Game,49.5,Under,155,bovada|J.K. Dobbins|player_rush_yds|49.5,0.39215686,0.36664695,https://api.the-odds-api.com/v4/sports/americanfootball_nfl
2026,4,a7e7efb75a9792ac63480ae6328dca18,2026-10-04T20:25:00Z,Bovada,bovada,2026-10-04T18:08:08Z,San Francisco 49ers,Denver Broncos,J.K. Dobbins,,,RB,player_rush_yds,Full Game,54.5,Over,-150,bovada|J.K. Dobbins|player_rush_yds|54.5,0.6,0.56331878,https://api.the-odds-api.com/v4/sports/americanfootball_nfl
2026,4,a7e7efb75a9792ac63480ae6328dca18,2026-10-04T20:25:00Z,Bovada,bovada,2026-10-04T18:08:08Z,San Francisco 49ers,Denver Broncos,J.K. Dobbins,,,RB,player_rush_yds,Full Game,54.5,Under,115,bovada|J.K. Dobbins|player_rush_yds|54.5,0.46511628,0.43668122,https://api.the-odds-api.com/v4/sports/americanfootball_nfl
2026,4,a7e7efb75a9792ac63480ae6328dca18,2026-10-04T20:25:00Z,Bovada,bovada,2026-10-04T18:08:08Z,San Francisco 49ers,Denver Broncos,J.K. Dobbins,,,RB,player_rush_yds,Full Game,59.5,Over,-115,bovada|J.K. Dobbins|player_rush_yds|59.5,0.53488372,0.5,https://api.the-odds-api.com/v4/sports/americanfootball_nfl
2026,4,a7e7efb75a9792ac63480ae6328dca18,2026-10-04T20:25:00Z,Bovada,bovada,2026-10-04T18:08:08Z,San Francisco 49ers,Denver Broncos,J.K. Dobbins,,,RB,player_rush_yds,Full Game,59.5,Under,-115,bovada|J.K. Dobbins|player_rush_yds|59.5,0.53488372,0.5,https://api.the-odds-api.com/v4/sports/americanfootball_nfl
2026,4,a7e7efb75a9792ac63480ae6328dca18,2026-10-04T20:25:00Z,Bovada,bovada,2026-10-04T18:08:08Z,San Francisco 49ers,Denver Broncos,J.K. Dobbins,,,RB,player_rush_yds,Full Game,64.5,Over,115,bovada|J.K. Dobbins|player_rush_yds|64.5,0.46511628,0.43668122,https://api.the-odds-api.com/v4/sports/americanfootball_nfl
2026,4,a7e7efb75a9792ac63480ae6328dca18,2026-10-04T20:25:00Z,Bovada,bovada,2026-10-04T18:08:08Z,San Francisco 49ers,Denver Broncos,J.K. Dobbins,,,RB,player_rush_yds,Full Game,64.5,Under,-150,bovada|J.K. Dobbins|player_rush_yds|64.5,0.6,0.56331878,https://api.the-odds-api.com/v4/sports/americanfootball_nfl
2026,4,a7e7efb75a9792ac63480ae6328dca18,2026-10-04T20:25:00Z,Bovada,bovada,2026-10-04T18:08:08Z,San Francisco 49ers,Denver Broncos,J.K. Dobbins,,,RB,player_rush_yds,Full Game,69.5,Over,145,bovada|J.K. Dobbins|player_rush_yds|69.5,0.40816327,0.38385176,https://api.the-odds-api.com/v4/sports/americanfootball_nfl
2026,4,a7e7efb75a9792ac63480ae6328dca18,2026-10-04T20:25:00Z,Bovada,bovada,2026-10-04T18:08:08Z,San Francisco 49ers,Denver Broncos,J.K. Dobbins,,,RB,player_rush_yds,Full Game,69.5,Under,-190,bovada|J.K. Dobbins|player_rush_yds|69.5,0.65517241,0.61614824,https://api.the-odds-api.com/v4/sports/americanfootball_nfl
2026,4,a7e7efb75a9792ac63480ae6328dca18,2026-10-04T20:25:00Z,Bovada,bovada,2026-10-04T18:08:08Z,San Francisco 49ers,Denver Broncos,Kaelon Black,,,RB,player_rush_yds,Full Game,21.5,Over,-120,bovada|Kaelon Black|player_rush_yds|21.5,0.54545455,0.51012146,https://api.the-odds-api.com/v4/sports/americanfootball_nfl
2026,4,a7e7efb75a9792ac63480ae6328dca18,2026-10-04T20:25:00Z,Bovada,bovada,2026-10-04T18:08:08Z,San Francisco 49ers,Denver Broncos,Kaelon Black,,,RB,player_rush_yds,Full Game,21.5,Under,-110,bovada|Kaelon Black|player_rush_yds|21.5,0.52380952,0.48987854,https://api.the-odds-api.com/v4/sports/americanfootball_nfl
2026,4,a7e7efb75a9792ac63480ae6328dca18,2026-10-04T20:25:00Z,Bovada,bovada,2026-10-04T18:08:08Z,San Francisco 49ers,Denver Broncos,RJ Harvey,,,RB,player_rush_yds,Full Game,15.5,Over,-115,bovada|RJ Harvey|player_rush_yds|15.5,0.53488372,0.5,https://api.the-odds-api.com/v4/sports/americanfootball_nfl
2026,4,a7e7efb75a9792ac63480ae6328dca18,2026-10-04T20:25:00Z,Bovada,bovada,2026-10-04T18:08:08Z,San Francisco 49ers,Denver Broncos,RJ Harvey,,,RB,player_rush_yds,Full Game,15.5,Under,-115,bovada|RJ Harvey|player_rush_yds|15.5,0.53488372,0.5,https://api.the-odds-api.com/v4/sports/americanfootball_nfl
2026,4,a7e7efb75a9792ac63480ae6328dca18,2026-10-04T20:25:00Z,DraftKings Pick6,pick6,2026-10-04T18:08:16Z,San Francisco 49ers,Denver Broncos,Courtland Sutton,,,WR,player_reception_yds,Full Game,39.5,Over,-137,pick6|Courtland Sutton|player_reception_yds|39.5,0.57805907,0.5,https://api.the-odds-api.com/v4/sports/americanfootball_nfl
2026,4,a7e7efb75a9792ac63480ae6328dca18,2026-10-04T20:25:00Z,DraftKings Pick6,pick6,2026-10-04T18:08:16Z,San Francisco 49ers,Denver Broncos,Courtland Sutton,,,WR,player_reception_yds,Full Game,39.5,Under,-137,pick6|Courtland Sutton|player_reception_yds|39.5,0.57805907,0.5,https://api.the-odds-api.com/v4/sports/americanfootball_nfl
2026,4,a7e7efb75a9792ac63480ae6328dca18,2026-10-04T20:25:00Z,DraftKings Pick6,pick6,2026-10-04T18:08:16Z,San Francisco 49ers,Denver Broncos,Pat Bryant,,,WR,player_reception_yds,Full Game,22.5,Over,-137,pick6|Pat Bryant|player_reception_yds|22.5,0.57805907,0.5,https://api.the-odds-api.com/v4/sports/americanfootball_nfl
2026,4,a7e7efb75a9792ac63480ae6328dca18,2026-10-04T20:25:00Z,DraftKings Pick6,pick6,2026-10-04T18:08:16Z,San Francisco 49ers,Denver Broncos,Pat Bryant,,,WR,player_reception_yds,Full Game,22.5,Under,-137,pick6|Pat Bryant|player_reception_yds|22.5,0.57805907,0.5,https://api.the-odds-api.com/v4/sports/americanfootball_nfl
2026,4,a7e7efb75a9792ac63480ae6328dca18,2026-10-04T20:25:00Z,DraftKings Pick6,pick6,2026-10-04T18:08:16Z,San Francisco 49ers,Denver Broncos,RJ Harvey,,,WR,player_reception_yds,Full Game,22.5,Over,-137,pick6|RJ Harvey|player_reception_yds|22.5,0.57805907,0.5,https://api.the-odds-api.com/v4/sports/americanfootball_nfl
2026,4,a7e7efb75a9792ac63480ae6328dca18,2026-10-04T20:25:00Z,DraftKings Pick6,pick6,2026-10-04T18:08:16Z,San Francisco 49ers,Denver Broncos,RJ Harvey,,,WR,player_reception_yds,Full Game,22.5,Under,-137,pick6|RJ Harvey|player_reception_yds|22.5,0.57805907,0.5,https://api.the-odds-api.com/v4/sports/americanfootball_nfl
2026,4,a7e7efb75a9792ac63480ae6328dca18,2026-10-04T20:25:00Z,DraftKings Pick6,pick6,2026-10-04T18:08:16Z,San Francisco 49ers,Denver Broncos,Mike Evans,,,WR,player_reception_yds,Full Game,43.5,Over,-137,pick6|Mike Evans|player_reception_yds|43.5,0.57805907,0.5,https://api.the-odds-api.com/v4/sports/americanfootball_nfl
2026,4,a7e7efb75a9792ac63480ae6328dca18,2026-10-04T20:25:00Z,DraftKings Pick6,pick6,2026-10-04T18:08:16Z,San Francisco 49ers,Denver Broncos,Mike Evans,,,WR,player_reception_yds,Full Game,43.5,Under,-137,pick6|Mike Evans|player_reception_yds|43.5,0.57805907,0.5,https://api.the-odds-api.com/v4/sports/americanfootball_nfl
2026,4,a7e7efb75a9792ac63480ae6328dca18,2026-10-04T20:25:00Z,DraftKings Pick6,pick6,2026-10-04T18:08:16Z,San Francisco 49ers,Denver Broncos,Evan Engram,,,WR,player_reception_yds,Full Game,16.5,Over,-137,pick6|Evan Engram|player_reception_yds|16.5,0.57805907,0.5,https://api.the-odds-api.com/v4/sports/americanfootball_nfl
2026,4,a7e7efb75a9792ac63480ae6328dca18,2026-10-04T20:25:00Z,DraftKings Pick6,pick6,2026-10-04T18:08:16Z,San Francisco 49ers,Denver Broncos,Evan Engram,,,WR,player_reception_yds,Full Game,16.5,Under,-137,pick6|Evan Engram|player_reception_yds|16.5,0.57805907,0.5,https://api.the-odds-api.com/v4/sports/americanfootball_nfl
2026,4,a7e7efb75a9792ac63480ae6328dca18,2026-10-04T20:25:00Z,DraftKings Pick6,pick6,2026-10-04T18:08:16Z,San Francisco 49ers,Denver Broncos,Deebo Samuel,,,WR,player_reception_yds,Full Game,32.5,Over,-137,pick6|Deebo Samuel|player_reception_yds|32.5,0.57805907,0.5,https://api.the-odds-api.com/v4/sports/americanfootball_nfl
2026,4,a7e7efb75a9792ac63480ae6328dca18,2026-10-04T20:25:00Z,DraftKings Pick6,pick6,2026-10-04T18:08:16Z,San Francisco 49ers,Denver Broncos,Deebo Samuel,,,WR,player_reception_yds,Full Game,32.5,Under,-137,pick6|Deebo Samuel|player_reception_yds|32.5,0.57805907,0.5,https://api.the-odds-api.com/v4/sports/americanfootball_nfl
2026,4,a7e7efb75a9792ac63480ae6328dca18,2026-10-04T20:25:00Z,DraftKings Pick6,pick6,2026-10-04T18:08:16Z,San Francisco 49ers,Denver Broncos,Troy Franklin,,,WR,player_reception_yds,Full Game,5.5,Over,-137,pick6|Troy Franklin|player_reception_yds|5.5,0.57805907,0.5,https://api.the-odds-api.com/v4/sports/americanfootball_nfl
2026,4,a7e7efb75a9792ac63480ae6328dca18,2026-10-04T20:25:00Z,DraftKings Pick6,pick6,2026-10-04T18:08:16Z,San Francisco 49ers,Denver Broncos,Troy Franklin,,,WR,player_reception_yds,Full Game,5.5,Under,-137,pick6|Troy Franklin|player_reception_yds|5.5,0.57805907,0.5,https://api.the-odds-api.com/v4/sports/americanfootball_nfl
2026,4,a7e7efb75a9792ac63480ae6328dca18,2026-10-04T20:25:00Z,DraftKings Pick6,pick6,2026-10-04T18:08:16Z,San Francisco 49ers,Denver Broncos,Adam Trautman,,,WR,player_reception_yds,Full Game,4.5,Over,-137,pick6|Adam Trautman|player_reception_yds|4.5,0.57805907,0.5,https://api.the-odds-api.com/v4/sports/americanfootball_nfl
2026,4,a7e7efb75a9792ac63480ae6328dca18,2026-10-04T20:25:00Z,DraftKings Pick6,pick6,2026-10-04T18:08:16Z,San Francisco 49ers,Denver Broncos,Adam Trautman,,,WR,player_reception_yds,Full Game,4.5,Under,-137,pick6|Adam Trautman|player_reception_yds|4.5,0.57805907,0.5,https://api.the-odds-api.com/v4/sports/americanfootball_nfl
2026,4,a7e7efb75a9792ac63480ae6328dca18,2026-10-04T20:25:00Z,DraftKings Pick6,pick6,2026-10-04T18:08:16Z,San Francisco 49ers,Denver Broncos,Kyle Juszczyk,,,WR,player_reception_yds,Full Game,8.5,Over,-137,pick6|Kyle Juszczyk|player_reception_yds|8.5,0.57805907,0.5,https://api.the-odds-api.com/v4/sports/americanfootball_nfl
2026,4,a7e7efb75a9792ac63480ae6328dca18,2026-10-04T20:25:00Z,DraftKings Pick6,pick6,2026-10-04T18:08:16Z,San Francisco 49ers,Denver Broncos,Kyle Juszczyk,,,WR,player_reception_yds,Full Game,8.5,Under,-137,pick6|Kyle Juszczyk|player_reception_yds|8.5,0.57805907,0.5,https://api.the-odds-api.com/v4/sports/americanfootball_nfl
2026,4,a7e7efb75a9792ac63480ae6328dca18,2026-10-04T20:25:00Z,DraftKings Pick6,pick6,2026-10-04T18:08:16Z,San Francisco 49ers,Denver Broncos,Jaylen Waddle,,,WR,player_reception_yds,Full Game,58.5,Over,-137,pick6|Jaylen Waddle|player_reception_yds|58.5,0.57805907,0.5,https://api.the-odds-api.com/v4/sports/americanfootball_nfl
2026,4,a7e7efb75a9792ac63480ae6328dca18,2026-10-04T20:25:00Z,DraftKings Pick6,pick6,2026-10-04T18:08:16Z,San Francisco 49ers,Denver Broncos,Jaylen Waddle,,,WR,player_reception_yds,Full Game,58.5,Under,-137,pick6|Jaylen Waddle|player_reception_yds|58.5,0.57805907,0.5,https://api.the-odds-api.com/v4/sports/americanfootball_nfl
2026,4,a7e7efb75a9792ac63480ae6328dca18,2026-10-04T20:25:00Z,DraftKings Pick6,pick6,2026-10-04T18:08:16Z,San Francisco 49ers,Denver Broncos,George Kittle,,,WR,player_reception_yds,Full Game,64.5,Over,-137,pick6|George Kittle|player_reception_yds|64.5,0.57805907,0.5,https://api.the-odds-api.com/v4/sports/americanfootball_nfl
2026,4,a7e7efb75a9792ac63480ae6328dca18,2026-10-04T20:25:00Z,DraftKings Pick6,pick6,2026-10-04T18:08:16Z,San Francisco 49ers,Denver Broncos,George Kittle,,,WR,player_reception_yds,Full Game,64.5,Under,-137,pick6|George Kittle|player_reception_yds|64.5,0.57805907,0.5,https://api.the-odds-api.com/v4/sports/americanfootball_nfl
2026,4,a7e7efb75a9792ac63480ae6328dca18,2026-10-04T20:25:00Z,DraftKings Pick6,pick6,2026-10-04T18:08:16Z,San Francisco 49ers,Denver Broncos,Christian McCaffrey,,,WR,player_reception_yds,Full Game,44.5,Over,-137,pick6|Christian McCaffrey|player_reception_yds|44.5,0.57805907,0.5,https://api.the-odds-api.com/v4/sports/americanfootball_nfl
2026,4,a7e7efb75a9792ac63480ae6328dca18,2026-10-04T20:25:00Z,DraftKings Pick6,pick6,2026-10-04T18:08:16Z,San Francisco 49ers,Denver Broncos,Christian McCaffrey,,,WR,player_reception_yds,Full Game,44.5,Under,-137,pick6|Christian McCaffrey|player_reception_yds|44.5,0.57805907,0.5,https://api.the-odds-api.com/v4/sports/americanfootball_nfl
2026,4,a7e7efb75a9792ac63480ae6328dca18,2026-10-04T20:25:00Z,DraftKings Pick6,pick6,2026-10-04T18:08:16Z,San Francisco 49ers,Denver Broncos,Christian McCaffrey,,,RB,player_rush_yds,Full Game,66.5,Over,-137,pick6|Christian McCaffrey|player_rush_yds|66.5,0.57805907,0.5,https://api.the-odds-api.com/v4/sports/americanfootball_nfl
2026,4,a7e7efb75a9792ac63480ae6328dca18,2026-10-04T20:25:00Z,DraftKings Pick6,pick6,2026-10-04T18:08:16Z,San Francisco 49ers,Denver Broncos,Christian McCaffrey,,,RB,player_rush_yds,Full Game,66.5,Under,-137,pick6|Christian McCaffrey|player_rush_yds|66.5,0.57805907,0.5,https://api.the-odds-api.com/v4/sports/americanfootball_nfl
2026,4,a7e7efb75a9792ac63480ae6328dca18,2026-10-04T20:25:00Z,DraftKings Pick6,pick6,2026-10-04T18:08:16Z,San Francisco 49ers,Denver Broncos,Kaelon Black,,,RB,player_rush_yds,Full Game,21.5,Over,-137,pick6|Kaelon Black|player_rush_yds|21.5,0.57805907,0.5,https://api.the-odds-api.com/v4/sports/americanfootball_nfl
2026,4,a7e7efb75a9792ac63480ae6328dca18,2026-10-04T20:25:00Z,DraftKings Pick6,pick6,2026-10-04T18:08:16Z,San Francisco 49ers,Denver Broncos,Kaelon Black,,,RB,player_rush_yds,Full Game,21.5,Under,-137,pick6|Kaelon Black|player_rush_yds|21.5,0.57805907,0.5,https://api.the-odds-api.com/v4/sports/americanfootball_nfl
2026,4,a7e7efb75a9792ac63480ae6328dca18,2026-10-04T20:25:00Z,DraftKings Pick6,pick6,2026-10-04T18:08:16Z,San Francisco 49ers,Denver Broncos,Bo Nix,,,RB,player_rush_yds,Full Game,16.5,Over,-137,pick6|Bo Nix|player_rush_yds|16.5,0.57805907,0.5,https://api.the-odds-api.com/v4/sports/americanfootball_nfl
2026,4,a7e7efb75a9792ac63480ae6328dca18,2026-10-04T20:25:00Z,DraftKings Pick6,pick6,2026-10-04T18:08:16Z,San Francisco 49ers,Denver Broncos,Bo Nix,,,RB,player_rush_yds,Full Game,16.5,Under,-137,pick6|Bo Nix|player_rush_yds|16.5,0.57805907,0.5,https://api.the-odds-api.com/v4/sports/americanfootball_nfl
2026,4,a7e7efb75a9792ac63480ae6328dca18,2026-10-04T20:25:00Z,DraftKings Pick6,pick6,2026-10-04T18:08:16Z,San Francisco 49ers,Denver Broncos,Brock Purdy,,,RB,player_rush_yds,Full Game,16.5,Over,-137,pick6|Brock Purdy|player_rush_yds|16.5,0.57805907,0.5,https://api.the-odds-api.com/v4/sports/americanfootball_nfl
2026,4,a7e7efb75a9792ac63480ae6328dca18,2026-10-04T20:25:00Z,DraftKings Pick6,pick6,2026-10-04T18:08:16Z,San Francisco 49ers,Denver Broncos,Brock Purdy,,,RB,player_rush_yds,Full Game,16.5,Under,-137,pick6|Brock Purdy|player_rush_yds|16.5,0.57805907,0.5,https://api.the-odds-api.com/v4/sports/americanfootball_nfl
2026,4,a7e7efb75a9792ac63480ae6328dca18,2026-10-04T20:25:00Z,DraftKings Pick6,pick6,2026-10-04T18:08:16Z,San Francisco 49ers,Denver Broncos,RJ Harvey,,,RB,player_rush_yds,Full Game,15.5,Over,-137,pick6|RJ Harvey|player_rush_yds|15.5,0.57805907,0.5,https://api.the-odds-api.com/v4/sports/americanfootball_nfl
2026,4,a7e7efb75a9792ac63480ae6328dca18,2026-10-04T20:25:00Z,DraftKings Pick6,pick6,2026-10-04T18:08:16Z,San Francisco 49ers,Denver Broncos,RJ Harvey,,,RB,player_rush_yds,Full Game,15.5,Under,-137,pick6|RJ Harvey|player_rush_yds|15.5,0.57805907,0.5,https://api.the-odds-api.com/v4/sports/americanfootball_nfl
2026,4,a7e7efb75a9792ac63480ae6328dca18,2026-10-04T20:25:00Z,DraftKings Pick6,pick6,2026-10-04T18:08:16Z,San Francisco 49ers,Denver Broncos,J.K. Dobbins,,,RB,player_rush_yds,Full Game,59.5,Over,-137,pick6|J.K. Dobbins|player_rush_yds|59.5,0.57805907,0.5,https://api.the-odds-api.com/v4/sports/americanfootball_nfl
2026,4,a7e7efb75a9792ac63480ae6328dca18,2026-10-04T20:25:00Z,DraftKings Pick6,pick6,2026-10-04T18:08:16Z,San Francisco 49ers,Denver Broncos,J.K. Dobbins,,,RB,player_rush_yds,Full Game,59.5,Under,-137,pick6|J.K. Dobbins|player_rush_yds|59.5,0.57805907,0.5,https://api.the-odds-api.com/v4/sports/americanfootball_nfl
2026,4,e0cbd266dcf997089203a1b33ba0333d,2026-10-04T20:25:00Z,DraftKings,draftkings,2026-10-04T18:08:22Z,Las Vegas Raiders,Kansas City Chiefs,Brock Bowers,,,WR,player_reception_yds,Full Game,69.5,Over,-111,draftkings|Brock Bowers|player_reception_yds|69.5,0.52606635,0.49789412,https://api.the-odds-api.com/v4/sports/americanfootball_nfl
2026,4,e0cbd266dcf997089203a1b33ba0333d,2026-10-04T20:25:00Z,DraftKings,draftkings,2026-10-04T18:08:22Z,Las Vegas Raiders,Kansas City Chiefs,Brock Bowers,,,WR,player_reception_yds,Full Game,69.5,Under,-113,draftkings|Brock Bowers|player_reception_yds|69.5,0.53051643,0.50210588,https://api.the-odds-api.com/v4/sports/americanfootball_nfl
2026,4,e0cbd266dcf997089203a1b33ba0333d,2026-10-04T20:25:00Z,DraftKings,draftkings,2026-10-04T18:08:22Z,Las Vegas Raiders,Kansas City Chiefs,Rashee Rice,,,WR,player_reception_yds,Full Game,57.5,Over,-110,draftkings|Rashee Rice|player_reception_yds|57.5,0.52380952,0.4957877,https://api.the-odds-api.com/v4/sports/americanfootball_nfl
2026,4,e0cbd266dcf997089203a1b33ba0333d,2026-10-04T20:25:00Z,DraftKings,draftkings,2026-10-04T18:08:22Z,Las Vegas Raiders,Kansas City Chiefs,Rashee Rice,,,WR,player_reception_yds,Full Game,57.5,Under,-114,draftkings|Rashee Rice|player_reception_yds|57.5,0.53271028,0.5042123,https://api.the-odds-api.com/v4/sports/americanfootball_nfl
2026,4,e0cbd266dcf997089203a1b33ba0333d,2026-10-04T20:25:00Z,DraftKings,draftkings,2026-10-04T18:08:22Z,Las Vegas Raiders,Kansas City Chiefs,Travis Kelce,,,WR,player_reception_yds,Full Game,50.5,Over,-110,draftkings|Travis Kelce|player_reception_yds|50.5,0.52380952,0.4957877,https://api.the-odds-api.com/v4/sports/americanfootball_nfl
2026,4,e0cbd266dcf997089203a1b33ba0333d,2026-10-04T20:25:00Z,DraftKings,draftkings,2026-10-04T18:08:22Z,Las Vegas Raiders,Kansas City Chiefs,Travis Kelce,,,WR,player_reception_yds,Full Game,50.5,Under,-114,draftkings|Travis Kelce|player_reception_yds|50.5,0.53271028,0.5042123,https://api.the-odds-api.com/v4/sports/americanfootball_nfl
2026,4,e0cbd266dcf997089203a1b33ba0333d,2026-10-04T20:25:00Z,DraftKings,draftkings,2026-10-04T18:08:22Z,Las Vegas Raiders,Kansas City Chiefs,Tre Tucker,,,WR,player_reception_yds,Full Game,37.5,Over,-114,draftkings|Tre Tucker|player_reception_yds|37.5,0.53271028,0.5042123,https://api.the-odds-api.com/v4/sports/americanfootball_nfl
2026,4,e0cbd266dcf997089203a1b33ba0333d,2026-10-04T20:25:00Z,DraftKings,draftkings,2026-10-04T18:08:22Z,Las Vegas Raiders,Kansas City Chiefs,Tre Tucker,,,WR,player_reception_yds,Full Game,37.5,Under,-110,draftkings|Tre Tucker|player_reception_yds|37.5,0.52380952,0.4957877,https://api.the-odds-api.com/v4/sports/americanfootball_nfl
2026,4,e0cbd266dcf997089203a1b33ba0333d,2026-10-04T20:25:00Z,DraftKings,draftkings,2026-10-04T18:08:22Z,Las Vegas Raiders,Kansas City Chiefs,Xavier Worthy,,,WR,player_reception_yds,Full Game,34.5,Over,-113,draftkings|Xavier Worthy|player_reception_yds|34.5,0.53051643,0.50210588,https://api.the-odds-api.com/v4/sports/americanfootball_nfl
2026,4,e0cbd266dcf997089203a1b33ba0333d,2026-10-04T20:25:00Z,DraftKings,draftkings,2026-10-04T18:08:22Z,Las Vegas Raiders,Kansas City Chiefs,Xavier Worthy,,,WR,player_reception_yds,Full Game,34.5,Under,-111,draftkings|Xavier Worthy|player_reception_yds|34.5,0.52606635,0.49789412,https://api.the-odds-api.com/v4/sports/americanfootball_nfl
2026,4,e0cbd266dcf997089203a1b33ba0333d,2026-10-04T20:25:00Z,DraftKings,draftkings,2026-10-04T18:08:22Z,Las Vegas Raiders,Kansas City Chiefs,Michael Mayer,,,WR,player_reception_yds,Full Game,24.5,Over,-109,draftkings|Michael Mayer|player_reception_yds|24.5,0.5215311,0.49368022,https://api.the-odds-api.com/v4/sports/americanfootball_nfl
2026,4,e0cbd266dcf997089203a1b33ba0333d,2026-10-04T20:25:00Z,DraftKings,draftkings,2026-10-04T18:08:22Z,Las Vegas Raiders,Kansas City Chiefs,Michael Mayer,,,WR,player_reception_yds,Full Game,24.5,Under,-115,draftkings|Michael Mayer|player_reception_yds|24.5,0.53488372,0.50631978,https://api.the-odds-api.com/v4/sports/americanfootball_nfl
2026,4,e0cbd266dcf997089203a1b33ba0333d,2026-10-04T20:25:00Z,DraftKings,draftkings,2026-10-04T18:08:22Z,Las Vegas Raiders,Kansas City Chiefs,Kenneth Walker III,,,WR,player_reception_yds,Full Game,22.5,Over,-109,draftkings|Kenneth Walker III|player_reception_yds|22.5,0.5215311,0.49368022,https://api.the-odds-api.com/v4/sports/americanfootball_nfl
2026,4,e0cbd266dcf997089203a1b33ba0333d,2026-10-04T20:25:00Z,DraftKings,draftkings,2026-10-04T18:08:22Z,Las Vegas Raiders,Kansas City Chiefs,Kenneth Walker III,,,WR,player_reception_yds,Full Game,22.5,Under,-115,draftkings|Kenneth Walker III|player_reception_yds|22.5,0.53488372,0.50631978,https://api.the-odds-api.com/v4/sports/americanfootball_nfl
2026,4,e0cbd266dcf997089203a1b33ba0333d,2026-10-04T20:25:00Z,DraftKings,draftkings,2026-10-04T18:08:22Z,Las Vegas Raiders,Kansas City Chiefs,Tyquan Thornton,,,WR,player_reception_yds,Full Game,21.5,Over,-111,draftkings|Tyquan Thornton|player_reception_yds|21.5,0.52606635,0.49789412,https://api.the-odds-api.com/v4/sports/americanfootball_nfl
2026,4,e0cbd266dcf997089203a1b33ba0333d,2026-10-04T20:25:00Z,DraftKings,draftkings,2026-10-04T18:08:22Z,Las Vegas Raiders,Kansas City Chiefs,Tyquan Thornton,,,WR,player_reception_yds,Full Game,21.5,Under,-113,draftkings|Tyquan Thornton|player_reception_yds|21.5,0.53051643,0.50210588,https://api.the-odds-api.com/v4/sports/americanfootball_nfl
2026,4,e0cbd266dcf997089203a1b33ba0333d,2026-10-04T20:25:00Z,DraftKings,draftkings,2026-10-04T18:08:22Z,Las Vegas Raiders,Kansas City Chiefs,Ashton Jeanty,,,WR,player_reception_yds,Full Game,21.5,Over,-108,draftkings|Ashton Jeanty|player_reception_yds|21.5,0.51923077,0.49157114,https://api.the-odds-api.com/v4/sports/americanfootball_nfl
2026,4,e0cbd266dcf997089203a1b33ba0333d,2026-10-04T20:25:00Z,DraftKings,draftkings,2026-10-04T18:08:22Z,Las Vegas Raiders,Kansas City Chiefs,Ashton Jeanty,,,WR,player_reception_yds,Full Game,21.5,Under,-116,draftkings|Ashton Jeanty|player_reception_yds|21.5,0.53703704,0.50842886,https://api.the-odds-api.com/v4/sports/americanfootball_nfl
2026,4,e0cbd266dcf997089203a1b33ba0333d,2026-10-04T20:25:00Z,DraftKings,draftkings,2026-10-04T18:08:22Z,Las Vegas Raiders,Kansas City Chiefs,Jalen Nailor,,,WR,player_reception_yds,Full Game,20.5,Over,-111,draftkings|Jalen Nailor|player_reception_yds|20.5,0.52606635,0.49789412,https://api.the-odds-api.com/v4/sports/americanfootball_nfl
2026,4,e0cbd266dcf997089203a1b33ba0333d,2026-10-04T20:25:00Z,DraftKings,draftkings,2026-10-04T18:08:22Z,Las Vegas Raiders,Kansas City Chiefs,Jalen Nailor,,,WR,player_reception_yds,Full Game,20.5,Under,-113,draftkings|Jalen Nailor|player_reception_yds|20.5,0.53051643,0.50210588,https://api.the-odds-api.com/v4/sports/americanfootball_nfl
2026,4,e0cbd266dcf997089203a1b33ba0333d,2026-10-04T20:25:00Z,DraftKings,draftkings,2026-10-04T18:08:22Z,Las Vegas Raiders,Kansas City Chiefs,Cody White,,,WR,player_reception_yds,Full Game,10.5,Over,-114,draftkings|Cody White|player_reception_yds|10.5,0.53271028,0.5042123,https://api.the-odds-api.com/v4/sports/americanfootball_nfl
2026,4,e0cbd266dcf997089203a1b33ba0333d,2026-10-04T20:25:00Z,DraftKings,draftkings,2026-10-04T18:08:22Z,Las Vegas Raiders,Kansas City Chiefs,Cody White,,,WR,player_reception_yds,Full Game,10.5,Under,-110,draftkings|Cody White|player_reception_yds|10.5,0.52380952,0.4957877,https://api.the-odds-api.com/v4/sports/americanfootball_nfl
2026,4,e0cbd266dcf997089203a1b33ba0333d,2026-10-04T20:25:00Z,DraftKings,draftkings,2026-10-04T18:08:22Z,Las Vegas Raiders,Kansas City Chiefs,Noah Gray,,,WR,player_reception_yds,Full Game,9.5,Over,-107,draftkings|Noah Gray|player_reception_yds|9.5,0.51690821,0.48848216,https://api.the-odds-api.com/v4/sports/americanfootball_nfl
2026,4,e0cbd266dcf997089203a1b33ba0333d,2026-10-04T20:25:00Z,DraftKings,draftkings,2026-10-04T18:08:22Z,Las Vegas Raiders,Kansas City Chiefs,Noah Gray,,,WR,player_reception_yds,Full Game,9.5,Under,-118,draftkings|Noah Gray|player_reception_yds|9.5,0.5412844,0.51151784,https://api.the-odds-api.com/v4/sports/americanfootball_nfl
2026,4,e0cbd266dcf997089203a1b33ba0333d,2026-10-04T20:25:00Z,DraftKings,draftkings,2026-10-04T18:08:22Z,Las Vegas Raiders,Kansas City Chiefs,Emmett Johnson,,,WR,player_reception_yds,Full Game,6.5,Over,-114,draftkings|Emmett Johnson|player_reception_yds|6.5,0.53271028,0.5042123,https://api.the-odds-api.com/v4/sports/americanfootball_nfl
2026,4,e0cbd266dcf997089203a1b33ba0333d,2026-10-04T20:25:00Z,DraftKings,draftkings,2026-10-04T18:08:22Z,Las Vegas Raiders,Kansas City Chiefs,Emmett Johnson,,,WR,player_reception_yds,Full Game,6.5,Under,-110,draftkings|Emmett Johnson|player_reception_yds|6.5,0.52380952,0.4957877,https://api.the-odds-api.com/v4/sports/americanfootball_nfl
2026,4,e0cbd266dcf997089203a1b33ba0333d,2026-10-04T20:25:00Z,DraftKings,draftkings,2026-10-04T18:08:22Z,Las Vegas Raiders,Kansas City Chiefs,Kenneth Walker III,,,RB,player_rush_yds,Full Game,86.5,Over,-114,draftkings|Kenneth Walker III|player_rush_yds|86.5,0.53271028,0.5042123,https://api.the-odds-api.com/v4/sports/americanfootball_nfl
2026,4,e0cbd266dcf997089203a1b33ba0333d,2026-10-04T20:25:00Z,DraftKings,draftkings,2026-10-04T18:08:22Z,Las Vegas Raiders,Kansas City Chiefs,Kenneth Walker III,,,RB,player_rush_yds,Full Game,86.5,Under,-110,draftkings|Kenneth Walker III|player_rush_yds|86.5,0.52380952,0.4957877,https://api.the-odds-api.com/v4/sports/americanfootball_nfl
2026,4,e0cbd266dcf997089203a1b33ba0333d,2026-10-04T20:25:00Z,DraftKings,draftkings,2026-10-04T18:08:22Z,Las Vegas Raiders,Kansas City Chiefs,Ashton Jeanty,,,RB,player_rush_yds,Full Game,58.5,Over,-113,draftkings|Ashton Jeanty|player_rush_yds|58.5,0.53051643,0.50210588,https://api.the-odds-api.com/v4/sports/americanfootball_nfl
2026,4,e0cbd266dcf997089203a1b33ba0333d,2026-10-04T20:25:00Z,DraftKings,draftkings,2026-10-04T18:08:22Z,Las Vegas Raiders,Kansas City Chiefs,Ashton Jeanty,,,RB,player_rush_yds,Full Game,58.5,Under,-111,draftkings|Ashton Jeanty|player_rush_yds|58.5,0.52606635,0.49789412,https://api.the-odds-api.com/v4/sports/americanfootball_nfl
2026,4,e0cbd266dcf997089203a1b33ba0333d,2026-10-04T20:25:00Z,DraftKings,draftkings,2026-10-04T18:08:22Z,Las Vegas Raiders,Kansas City Chiefs,Mike Washington Jr.,,,RB,player_rush_yds,Full Game,16.5,Over,-116,draftkings|Mike Washington Jr.|player_rush_yds|16.5,0.53703704,0.50842886,https://api.the-odds-api.com/v4/sports/americanfootball_nfl
2026,4,e0cbd266dcf997089203a1b33ba0333d,2026-10-04T20:25:00Z,DraftKings,draftkings,2026-10-04T18:08:22Z,Las Vegas Raiders,Kansas City Chiefs,Mike Washington Jr.,,,RB,player_rush_yds,Full Game,16.5,Under,-108,draftkings|Mike Washington Jr.|player_rush_yds|16.5,0.51923077,0.49157114,https://api.the-odds-api.com/v4/sports/americanfootball_nfl
2026,4,e0cbd266dcf997089203a1b33ba0333d,2026-10-04T20:25:00Z,DraftKings,draftkings,2026-10-04T18:08:22Z,Las Vegas Raiders,Kansas City Chiefs,Emmett Johnson,,,RB,player_rush_yds,Full Game,15.5,Over,-111,draftkings|Emmett Johnson|player_rush_yds|15.5,0.52606635,0.49789412,https://api.the-odds-api.com/v4/sports/americanfootball_nfl
2026,4,e0cbd266dcf997089203a1b33ba0333d,2026-10-04T20:25:00Z,DraftKings,draftkings,2026-10-04T18:08:22Z,Las Vegas Raiders,Kansas City Chiefs,Emmett Johnson,,,RB,player_rush_yds,Full Game,15.5,Under,-113,draftkings|Emmett Johnson|player_rush_yds|15.5,0.53051643,0.50210588,https://api.the-odds-api.com/v4/sports/americanfootball_nfl
2026,4,e0cbd266dcf997089203a1b33ba0333d,2026-10-04T20:25:00Z,DraftKings,draftkings,2026-10-04T18:08:22Z,Las Vegas Raiders,Kansas City Chiefs,Patrick Mahomes,,,RB,player_rush_yds,Full Game,15.5,Over,-109,draftkings|Patrick Mahomes|player_rush_yds|15.5,0.5215311,0.49368022,https://api.the-odds-api.com/v4/sports/americanfootball_nfl
2026,4,e0cbd266dcf997089203a1b33ba0333d,2026-10-04T20:25:00Z,DraftKings,draftkings,2026-10-04T18:08:22Z,Las Vegas Raiders,Kansas City Chiefs,Patrick Mahomes,,,RB,player_rush_yds,Full Game,15.5,Under,-115,draftkings|Patrick Mahomes|player_rush_yds|15.5,0.53488372,0.50631978,https://api.the-odds-api.com/v4/sports/americanfootball_nfl
2026,4,e0cbd266dcf997089203a1b33ba0333d,2026-10-04T20:25:00Z,DraftKings,draftkings,2026-10-04T18:08:22Z,Las Vegas Raiders,Kansas City Chiefs,Kirk Cousins,,,RB,player_rush_yds,Full Game,0.5,Over,-107,draftkings|Kirk Cousins|player_rush_yds|0.5,0.51690821,0.48945992,https://api.the-odds-api.com/v4/sports/americanfootball_nfl
2026,4,e0cbd266dcf997089203a1b33ba0333d,2026-10-04T20:25:00Z,DraftKings,draftkings,2026-10-04T18:08:22Z,Las Vegas Raiders,Kansas City Chiefs,Kirk Cousins,,,RB,player_rush_yds,Full Game,0.5,Under,-117,draftkings|Kirk Cousins|player_rush_yds|0.5,0.53917051,0.51054008,https://api.the-odds-api.com/v4/sports/americanfootball_nfl
2026,4,e0cbd266dcf997089203a1b33ba0333d,2026-10-04T20:25:00Z,FanDuel,fanduel,2026-10-04T18:08:02Z,Las Vegas Raiders,Kansas City Chiefs,Xavier Worthy,,,WR,player_reception_yds,Full Game,33.5,Over,-113,fanduel|Xavier Worthy|player_reception_yds|33.5,0.53051643,0.5,https://api.the-odds-api.com/v4/sports/americanfootball_nfl
2026,4,e0cbd266dcf997089203a1b33ba0333d,2026-10-04T20:25:00Z,FanDuel,fanduel,2026-10-04T18:08:02Z,Las Vegas Raiders,Kansas City Chiefs,Xavier Worthy,,,WR,player_reception_yds,Full Game,33.5,Under,-113,fanduel|Xavier Worthy|player_reception_yds|33.5,0.53051643,0.5,https://api.the-odds-api.com/v4/sports/americanfootball_nfl
2026,4,e0cbd266dcf997089203a1b33ba0333d,2026-10-04T20:25:00Z,FanDuel,fanduel,2026-10-04T18:08:02Z,Las Vegas Raiders,Kansas City Chiefs,Tyquan Thornton,,,WR,player_reception_yds,Full Game,22.5,Over,-113,fanduel|Tyquan Thornton|player_reception_yds|22.5,0.53051643,0.5,https://api.the-odds-api.com/v4/sports/americanfootball_nfl
2026,4,e0cbd266dcf997089203a1b33ba0333d,2026-10-04T20:25:00Z,FanDuel,fanduel,2026-10-04T18:08:02Z,Las Vegas Raiders,Kansas City Chiefs,Tyquan Thornton,,,WR,player_reception_yds,Full Game,22.5,Under,-113,fanduel|Tyquan Thornton|player_reception_yds|22.5,0.53051643,0.5,https://api.the-odds-api.com/v4/sports/americanfootball_nfl
2026,4,e0cbd266dcf997089203a1b33ba0333d,2026-10-04T20:25:00Z,FanDuel,fanduel,2026-10-04T18:08:02Z,Las Vegas Raiders,Kansas City Chiefs,Michael Mayer,,,WR,player_reception_yds,Full Game,25.5,Over,-113,fanduel|Michael Mayer|player_reception_yds|25.5,0.53051643,0.5,https://api.the-odds-api.com/v4/sports/americanfootball_nfl
2026,4,e0cbd266dcf997089203a1b33ba0333d,2026-10-04T20:25:00Z,FanDuel,fanduel,2026-10-04T18:08:02Z,Las Vegas Raiders,Kansas City Chiefs,Michael Mayer,,,WR,player_reception_yds,Full Game,25.5,Under,-113,fanduel|Michael Mayer|player_reception_yds|25.5,0.53051643,0.5,https://api.the-odds-api.com/v4/sports/americanfootball_nfl
2026,4,e0cbd266dcf997089203a1b33ba0333d,2026-10-04T20:25:00Z,FanDuel,fanduel,2026-10-04T18:08:02Z,Las Vegas Raiders,Kansas City Chiefs,Cody White,,,WR,player_reception_yds,Full Game,9.5,Over,-113,fanduel|Cody White|player_reception_yds|9.5,0.53051643,0.5,https://api.the-odds-api.com/v4/sports/americanfootball_nfl
2026,4,e0cbd266dcf997089203a1b33ba0333d,2026-10-04T20:25:00Z,FanDuel,fanduel,2026-10-04T18:08:02Z,Las Vegas Raiders,Kansas City Chiefs,Cody White,,,WR,player_reception_yds,Full Game,9.5,Under,-113,fanduel|Cody White|player_reception_yds|9.5,0.53051643,0.5,https://api.the-odds-api.com/v4/sports/americanfootball_nfl
2026,4,e0cbd266dcf997089203a1b33ba0333d,2026-10-04T20:25:00Z,FanDuel,fanduel,2026-10-04T18:08:02Z,Las Vegas Raiders,Kansas City Chiefs,Travis Kelce,,,WR,player_reception_yds,Full Game,47.5,Over,-113,fanduel|Travis Kelce|player_reception_yds|47.5,0.53051643,0.5,https://api.the-odds-api.com/v4/sports/americanfootball_nfl
2026,4,e0cbd266dcf997089203a1b33ba0333d,2026-10-04T20:25:00Z,FanDuel,fanduel,2026-10-04T18:08:02Z,Las Vegas Raiders,Kansas City Chiefs,Travis Kelce,,,WR,player_reception_yds,Full Game,47.5,Under,-113,fanduel|Travis Kelce|player_reception_yds|47.5,0.53051643,0.5,https://api.the-odds-api.com/v4/sports/americanfootball_nfl
2026,4,e0cbd266dcf997089203a1b33ba0333d,2026-10-04T20:25:00Z,FanDuel,fanduel,2026-10-04T18:08:02Z,Las Vegas Raiders,Kansas City Chiefs,Emmett Johnson,,,WR,player_reception_yds,Full Game,7.5,Over,-102,fanduel|Emmett Johnson|player_reception_yds|7.5,0.5049505,0.47614108,https://api.the-odds-api.com/v4/sports/americanfootball_nfl
2026,4,e0cbd266dcf997089203a1b33ba0333d,2026-10-04T20:25:00Z,FanDuel,fanduel,2026-10-04T18:08:02Z,Las Vegas Raiders,Kansas City Chiefs,Emmett Johnson,,,WR,player_reception_yds,Full Game,7.5,Under,-125,fanduel|Emmett Johnson|player_reception_yds|7.5,0.55555556,0.52385892,https://api.the-odds-api.com/v4/sports/americanfootball_nfl
2026,4,e0cbd266dcf997089203a1b33ba0333d,2026-10-04T20:25:00Z,FanDuel,fanduel,2026-10-04T18:08:02Z,Las Vegas Raiders,Kansas City Chiefs,Rashee Rice,,,WR,player_reception_yds,Full Game,57.5,Over,-113,fanduel|Rashee Rice|player_reception_yds|57.5,0.53051643,0.5,https://api.the-odds-api.com/v4/sports/americanfootball_nfl
2026,4,e0cbd266dcf997089203a1b33ba0333d,2026-10-04T20:25:00Z,FanDuel,fanduel,2026-10-04T18:08:02Z,Las Vegas Raiders,Kansas City Chiefs,Rashee Rice,,,WR,player_reception_yds,Full Game,57.5,Under,-113,fanduel|Rashee Rice|player_reception_yds|57.5,0.53051643,0.5,https://api.the-odds-api.com/v4/sports/americanfootball_nfl
2026,4,e0cbd266dcf997089203a1b33ba0333d,2026-10-04T20:25:00Z,FanDuel,fanduel,2026-10-04T18:08:02Z,Las Vegas Raiders,Kansas City Chiefs,Ashton Jeanty,,,WR,player_reception_yds,Full Game,19.5,Over,-113,fanduel|Ashton Jeanty|player_reception_yds|19.5,0.53051643,0.5,https://api.the-odds-api.com/v4/sports/americanfootball_nfl
2026,4,e0cbd266dcf997089203a1b33ba0333d,2026-10-04T20:25:00Z,FanDuel,fanduel,2026-10-04T18:08:02Z,Las Vegas Raiders,Kansas City Chiefs,Ashton Jeanty,,,WR,player_reception_yds,Full Game,19.5,Under,-113,fanduel|Ashton Jeanty|player_reception_yds|19.5,0.53051643,0.5,https://api.the-odds-api.com/v4/sports/americanfootball_nfl
2026,4,e0cbd266dcf997089203a1b33ba0333d,2026-10-04T20:25:00Z,FanDuel,fanduel,2026-10-04T18:08:02Z,Las Vegas Raiders,Kansas City Chiefs,Tre Tucker,,,WR,player_reception_yds,Full Game,38.5,Over,-113,fanduel|Tre Tucker|player_reception_yds|38.5,0.53051643,0.5,https://api.the-odds-api.com/v4/sports/americanfootball_nfl
2026,4,e0cbd266dcf997089203a1b33ba0333d,2026-10-04T20:25:00Z,FanDuel,fanduel,2026-10-04T18:08:02Z,Las Vegas Raiders,Kansas City Chiefs,Tre Tucker,,,WR,player_reception_yds,Full Game,38.5,Under,-113,fanduel|Tre Tucker|player_reception_yds|38.5,0.53051643,0.5,https://api.the-odds-api.com/v4/sports/americanfootball_nfl
2026,4,e0cbd266dcf997089203a1b33ba0333d,2026-10-04T20:25:00Z,FanDuel,fanduel,2026-10-04T18:08:02Z,Las Vegas Raiders,Kansas City Chiefs,Noah Gray,,,WR,player_reception_yds,Full Game,8.5,Over,-113,fanduel|Noah Gray|player_reception_yds|8.5,0.53051643,0.5,https://api.the-odds-api.com/v4/sports/americanfootball_nfl
2026,4,e0cbd266dcf997089203a1b33ba0333d,2026-10-04T20:25:00Z,FanDuel,fanduel,2026-10-04T18:08:02Z,Las Vegas Raiders,Kansas City Chiefs,Noah Gray,,,WR,player_reception_yds,Full Game,8.5,Under,-113,fanduel|Noah Gray|player_reception_yds|8.5,0.53051643,0.5,https://api.the-odds-api.com/v4/sports/americanfootball_nfl
2026,4,e0cbd266dcf997089203a1b33ba0333d,2026-10-04T20:25:00Z,FanDuel,fanduel,2026-10-04T18:08:02Z,Las Vegas Raiders,Kansas City Chiefs,Jalen Nailor,,,WR,player_reception_yds,Full Game,19.5,Over,-113,fanduel|Jalen Nailor|player_reception_yds|19.5,0.53051643,0.5,https://api.the-odds-api.com/v4/sports/americanfootball_nfl
2026,4,e0cbd266dcf997089203a1b33ba0333d,2026-10-04T20:25:00Z,FanDuel,fanduel,2026-10-04T18:08:02Z,Las Vegas Raiders,Kansas City Chiefs,Jalen Nailor,,,WR,player_reception_yds,Full Game,19.5,Under,-113,fanduel|Jalen Nailor|player_reception_yds|19.5,0.53051643,0.5,https://api.the-odds-api.com/v4/sports/americanfootball_nfl
2026,4,e0cbd266dcf997089203a1b33ba0333d,2026-10-04T20:25:00Z,FanDuel,fanduel,2026-10-04T18:08:02Z,Las Vegas Raiders,Kansas City Chiefs,Kenneth Walker III,,,WR,player_reception_yds,Full Game,22.5,Over,-113,fanduel|Kenneth Walker III|player_reception_yds|22.5,0.53051643,0.5,https://api.the-odds-api.com/v4/sports/americanfootball_nfl
2026,4,e0cbd266dcf997089203a1b33ba0333d,2026-10-04T20:25:00Z,FanDuel,fanduel,2026-10-04T18:08:02Z,Las Vegas Raiders,Kansas City Chiefs,Kenneth Walker III,,,WR,player_reception_yds,Full Game,22.5,Under,-113,fanduel|Kenneth Walker III|player_reception_yds|22.5,0.53051643,0.5,https://api.the-odds-api.com/v4/sports/americanfootball_nfl
2026,4,e0cbd266dcf997089203a1b33ba0333d,2026-10-04T20:25:00Z,FanDuel,fanduel,2026-10-04T18:08:02Z,Las Vegas Raiders,Kansas City Chiefs,Brock Bowers,,,WR,player_reception_yds,Full Game,69.5,Over,-113,fanduel|Brock Bowers|player_reception_yds|69.5,0.53051643,0.5,https://api.the-odds-api.com/v4/sports/americanfootball_nfl
2026,4,e0cbd266dcf997089203a1b33ba0333d,2026-10-04T20:25:00Z,FanDuel,fanduel,2026-10-04T18:08:02Z,Las Vegas Raiders,Kansas City Chiefs,Brock Bowers,,,WR,player_reception_yds,Full Game,69.5,Under,-113,fanduel|Brock Bowers|player_reception_yds|69.5,0.53051643,0.5,https://api.the-odds-api.com/v4/sports/americanfootball_nfl
2026,4,e0cbd266dcf997089203a1b33ba0333d,2026-10-04T20:25:00Z,FanDuel,fanduel,2026-10-04T18:08:02Z,Las Vegas Raiders,Kansas City Chiefs,Emmett Johnson,,,RB,player_rush_yds,Full Game,14.5,Over,-113,fanduel|Emmett Johnson|player_rush_yds|14.5,0.53051643,0.5,https://api.the-odds-api.com/v4/sports/americanfootball_nfl
2026,4,e0cbd266dcf997089203a1b33ba0333d,2026-10-04T20:25:00Z,FanDuel,fanduel,2026-10-04T18:08:02Z,Las Vegas Raiders,Kansas City Chiefs,Emmett Johnson,,,RB,player_rush_yds,Full Game,14.5,Under,-113,fanduel|Emmett Johnson|player_rush_yds|14.5,0.53051643,0.5,https://api.the-odds-api.com/v4/sports/americanfootball_nfl
2026,4,e0cbd266dcf997089203a1b33ba0333d,2026-10-04T20:25:00Z,FanDuel,fanduel,2026-10-04T18:08:02Z,Las Vegas Raiders,Kansas City Chiefs,Patrick Mahomes,,,RB,player_rush_yds,Full Game,15.5,Over,-113,fanduel|Patrick Mahomes|player_rush_yds|15.5,0.53051643,0.5,https://api.the-odds-api.com/v4/sports/americanfootball_nfl
2026,4,e0cbd266dcf997089203a1b33ba0333d,2026-10-04T20:25:00Z,FanDuel,fanduel,2026-10-04T18:08:02Z,Las Vegas Raiders,Kansas City Chiefs,Patrick Mahomes,,,RB,player_rush_yds,Full Game,15.5,Under,-113,fanduel|Patrick Mahomes|player_rush_yds|15.5,0.53051643,0.5,https://api.the-odds-api.com/v4/sports/americanfootball_nfl
2026,4,e0cbd266dcf997089203a1b33ba0333d,2026-10-04T20:25:00Z,FanDuel,fanduel,2026-10-04T18:08:02Z,Las Vegas Raiders,Kansas City Chiefs,Mike Washington Jr.,,,RB,player_rush_yds,Full Game,16.5,Over,-113,fanduel|Mike Washington Jr.|player_rush_yds|16.5,0.53051643,0.5,https://api.the-odds-api.com/v4/sports/americanfootball_nfl
2026,4,e0cbd266dcf997089203a1b33ba0333d,2026-10-04T20:25:00Z,FanDuel,fanduel,2026-10-04T18:08:02Z,Las Vegas Raiders,Kansas City Chiefs,Mike Washington Jr.,,,RB,player_rush_yds,Full Game,16.5,Under,-113,fanduel|Mike Washington Jr.|player_rush_yds|16.5,0.53051643,0.5,https://api.the-odds-api.com/v4/sports/americanfootball_nfl
2026,4,e0cbd266dcf997089203a1b33ba0333d,2026-10-04T20:25:00Z,FanDuel,fanduel,2026-10-04T18:08:02Z,Las Vegas Raiders,Kansas City Chiefs,Kirk Cousins,,,RB,player_rush_yds,Full Game,0.5,Over,-102,fanduel|Kirk Cousins|player_rush_yds|0.5,0.5049505,0.47614108,https://api.the-odds-api.com/v4/sports/americanfootball_nfl
2026,4,e0cbd266dcf997089203a1b33ba0333d,2026-10-04T20:25:00Z,FanDuel,fanduel,2026-10-04T18:08:02Z,Las Vegas Raiders,Kansas City Chiefs,Kirk Cousins,,,RB,player_rush_yds,Full Game,0.5,Under,-125,fanduel|Kirk Cousins|player_rush_yds|0.5,0.55555556,0.52385892,https://api.the-odds-api.com/v4/sports/americanfootball_nfl
2026,4,e0cbd266dcf997089203a1b33ba0333d,2026-10-04T20:25:00Z,FanDuel,fanduel,2026-10-04T18:08:02Z,Las Vegas Raiders,Kansas City Chiefs,Kenneth Walker III,,,RB,player_rush_yds,Full Game,86.5,Over,-113,fanduel|Kenneth Walker III|player_rush_yds|86.5,0.53051643,0.5,https://api.the-odds-api.com/v4/sports/americanfootball_nfl
2026,4,e0cbd266dcf997089203a1b33ba0333d,2026-10-04T20:25:00Z,FanDuel,fanduel,2026-10-04T18:08:02Z,Las Vegas Raiders,Kansas City Chiefs,Kenneth Walker III,,,RB,player_rush_yds,Full Game,86.5,Under,-113,fanduel|Kenneth Walker III|player_rush_yds|86.5,0.53051643,0.5,https://api.the-odds-api.com/v4/sports/americanfootball_nfl
2026,4,e0cbd266dcf997089203a1b33ba0333d,2026-10-04T20:25:00Z,FanDuel,fanduel,2026-10-04T18:08:02Z,Las Vegas Raiders,Kansas City Chiefs,Ashton Jeanty,,,RB,player_rush_yds,Full Game,59.5,Over,-113,fanduel|Ashton Jeanty|player_rush_yds|59.5,0.53051643,0.5,https://api.the-odds-api.com/v4/sports/americanfootball_nfl
2026,4,e0cbd266dcf997089203a1b33ba0333d,2026-10-04T20:25:00Z,FanDuel,fanduel,2026-10-04T18:08:02Z,Las Vegas Raiders,Kansas City Chiefs,Ashton Jeanty,,,RB,player_rush_yds,Full Game,59.5,Under,-113,fanduel|Ashton Jeanty|player_rush_yds|59.5,0.53051643,0.5,https://api.the-odds-api.com/v4/sports/americanfootball_nfl
2026,4,e0cbd266dcf997089203a1b33ba0333d,2026-10-04T20:25:00Z,BetOnline.ag,betonlineag,2026-10-04T18:08:00Z,Las Vegas Raiders,Kansas City Chiefs,Tre Tucker,,,WR,player_reception_yds,Full Game,38.5,Over,-110,betonlineag|Tre Tucker|player_reception_yds|38.5,0.52380952,0.49179655,https://api.the-odds-api.com/v4/sports/americanfootball_nfl
2026,4,e0cbd266dcf997089203a1b33ba0333d,2026-10-04T20:25:00Z,BetOnline.ag,betonlineag,2026-10-04T18:08:00Z,Las Vegas Raiders,Kansas City Chiefs,Tre Tucker,,,WR,player_reception_yds,Full Game,38.5,Under,-118,betonlineag|Tre Tucker|player_reception_yds|38.5,0.5412844,0.50820345,https://api.the-odds-api.com/v4/sports/americanfootball_nfl
2026,4,e0cbd266dcf997089203a1b33ba0333d,2026-10-04T20:25:00Z,BetOnline.ag,betonlineag,2026-10-04T18:08:00Z,Las Vegas Raiders,Kansas City Chiefs,Xavier Worthy,,,WR,player_reception_yds,Full Game,33.5,Over,-118,betonlineag|Xavier Worthy|player_reception_yds|33.5,0.5412844,0.50820345,https://api.the-odds-api.com/v4/sports/americanfootball_nfl
2026,4,e0cbd266dcf997089203a1b33ba0333d,2026-10-04T20:25:00Z,BetOnline.ag,betonlineag,2026-10-04T18:08:00Z,Las Vegas Raiders,Kansas City Chiefs,Xavier Worthy,,,WR,player_reception_yds,Full Game,33.5,Under,-110,betonlineag|Xavier Worthy|player_reception_yds|33.5,0.52380952,0.49179655,https://api.the-odds-api.com/v4/sports/americanfootball_nfl
2026,4,e0cbd266dcf997089203a1b33ba0333d,2026-10-04T20:25:00Z,BetOnline.ag,betonlineag,2026-10-04T18:08:00Z,Las Vegas Raiders,Kansas City Chiefs,Ashton Jeanty,,,WR,player_reception_yds,Full Game,20.5,Over,-122,betonlineag|Ashton Jeanty|player_reception_yds|20.5,0.54954955,0.51643926,https://api.the-odds-api.com/v4/sports/americanfootball_nfl
2026,4,e0cbd266dcf997089203a1b33ba0333d,2026-10-04T20:25:00Z,BetOnline.ag,betonlineag,2026-10-04T18:08:00Z,Las Vegas Raiders,Kansas City Chiefs,Ashton Jeanty,,,WR,player_reception_yds,Full Game,20.5,Under,-106,betonlineag|Ashton Jeanty|player_reception_yds|20.5,0.51456311,0.48356074,https://api.the-odds-api.com/v4/sports/americanfootball_nfl
2026,4,e0cbd266dcf997089203a1b33ba0333d,2026-10-04T20:25:00Z,BetOnline.ag,betonlineag,2026-10-04T18:08:00Z,Las Vegas Raiders,Kansas City Chiefs,Noah Gray,,,WR,player_reception_yds,Full Game,8.5,Over,-116,betonlineag|Noah Gray|player_reception_yds|8.5,0.53703704,0.50515975,https://api.the-odds-api.com/v4/sports/americanfootball_nfl
2026,4,e0cbd266dcf997089203a1b33ba0333d,2026-10-04T20:25:00Z,BetOnline.ag,betonlineag,2026-10-04T18:08:00Z,Las Vegas Raiders,Kansas City Chiefs,Noah Gray,,,WR,player_reception_yds,Full Game,8.5,Under,-111,betonlineag|Noah Gray|player_reception_yds|8.5,0.52606635,0.49484025,https://api.the-odds-api.com/v4/sports/americanfootball_nfl
2026,4,e0cbd266dcf997089203a1b33ba0333d,2026-10-04T20:25:00Z,BetOnline.ag,betonlineag,2026-10-04T18:08:00Z,Las Vegas Raiders,Kansas City Chiefs,Travis Kelce,,,WR,player_reception_yds,Full Game,47.5,Over,-118,betonlineag|Travis Kelce|player_reception_yds|47.5,0.5412844,0.50820345,https://api.the-odds-api.com/v4/sports/americanfootball_nfl
2026,4,e0cbd266dcf997089203a1b33ba0333d,2026-10-04T20:25:00Z,BetOnline.ag,betonlineag,2026-10-04T18:08:00Z,Las Vegas Raiders,Kansas City Chiefs,Travis Kelce,,,WR,player_reception_yds,Full Game,47.5,Under,-110,betonlineag|Travis Kelce|player_reception_yds|47.5,0.52380952,0.49179655,https://api.the-odds-api.com/v4/sports/americanfootball_nfl
2026,4,e0cbd266dcf997089203a1b33ba0333d,2026-10-04T20:25:00Z,BetOnline.ag,betonlineag,2026-10-04T18:08:00Z,Las Vegas Raiders,Kansas City Chiefs,Brock Bowers,,,WR,player_reception_yds,Full Game,74.5,Over,-114,betonlineag|Brock Bowers|player_reception_yds|74.5,0.53271028,0.5,https://api.the-odds-api.com/v4/sports/americanfootball_nfl
2026,4,e0cbd266dcf997089203a1b33ba0333d,2026-10-04T20:25:00Z,BetOnline.ag,betonlineag,2026-10-04T18:08:00Z,Las Vegas Raiders,Kansas City Chiefs,Brock Bowers,,,WR,player_reception_yds,Full Game,74.5,Under,-114,betonlineag|Brock Bowers|player_reception_yds|74.5,0.53271028,0.5,https://api.the-odds-api.com/v4/sports/americanfootball_nfl
2026,4,e0cbd266dcf997089203a1b33ba0333d,2026-10-04T20:25:00Z,BetOnline.ag,betonlineag,2026-10-04T18:08:00Z,Las Vegas Raiders,Kansas City Chiefs,Jalen Nailor,,,WR,player_reception_yds,Full Game,20.5,Over,-114,betonlineag|Jalen Nailor|player_reception_yds|20.5,0.53271028,0.5,https://api.the-odds-api.com/v4/sports/americanfootball_nfl
2026,4,e0cbd266dcf997089203a1b33ba0333d,2026-10-04T20:25:00Z,BetOnline.ag,betonlineag,2026-10-04T18:08:00Z,Las Vegas Raiders,Kansas City Chiefs,Jalen Nailor,,,WR,player_reception_yds,Full Game,20.5,Under,-114,betonlineag|Jalen Nailor|player_reception_yds|20.5,0.53271028,0.5,https://api.the-odds-api.com/v4/sports/americanfootball_nfl
2026,4,e0cbd266dcf997089203a1b33ba0333d,2026-10-04T20:25:00Z,BetOnline.ag,betonlineag,2026-10-04T18:08:00Z,Las Vegas Raiders,Kansas City Chiefs,Tyquan Thornton,,,WR,player_reception_yds,Full Game,21.5,Over,-114,betonlineag|Tyquan Thornton|player_reception_yds|21.5,0.53271028,0.5,https://api.the-odds-api.com/v4/sports/americanfootball_nfl
2026,4,e0cbd266dcf997089203a1b33ba0333d,2026-10-04T20:25:00Z,BetOnline.ag,betonlineag,2026-10-04T18:08:00Z,Las Vegas Raiders,Kansas City Chiefs,Tyquan Thornton,,,WR,player_reception_yds,Full Game,21.5,Under,-114,betonlineag|Tyquan Thornton|player_reception_yds|21.5,0.53271028,0.5,https://api.the-odds-api.com/v4/sports/americanfootball_nfl
2026,4,e0cbd266dcf997089203a1b33ba0333d,2026-10-04T20:25:00Z,BetOnline.ag,betonlineag,2026-10-04T18:08:00Z,Las Vegas Raiders,Kansas City Chiefs,Rashee Rice,,,WR,player_reception_yds,Full Game,58.5,Over,-114,betonlineag|Rashee Rice|player_reception_yds|58.5,0.53271028,0.5,https://api.the-odds-api.com/v4/sports/americanfootball_nfl
2026,4,e0cbd266dcf997089203a1b33ba0333d,2026-10-04T20:25:00Z,BetOnline.ag,betonlineag,2026-10-04T18:08:00Z,Las Vegas Raiders,Kansas City Chiefs,Rashee Rice,,,WR,player_reception_yds,Full Game,58.5,Under,-114,betonlineag|Rashee Rice|player_reception_yds|58.5,0.53271028,0.5,https://api.the-odds-api.com/v4/sports/americanfootball_nfl
2026,4,e0cbd266dcf997089203a1b33ba0333d,2026-10-04T20:25:00Z,BetOnline.ag,betonlineag,2026-10-04T18:08:00Z,Las Vegas Raiders,Kansas City Chiefs,Emmett Johnson,,,WR,player_reception_yds,Full Game,6.5,Over,-120,betonlineag|Emmett Johnson|player_reception_yds|6.5,0.54545455,0.51231527,https://api.the-odds-api.com/v4/sports/americanfootball_nfl
2026,4,e0cbd266dcf997089203a1b33ba0333d,2026-10-04T20:25:00Z,BetOnline.ag,betonlineag,2026-10-04T18:08:00Z,Las Vegas Raiders,Kansas City Chiefs,Emmett Johnson,,,WR,player_reception_yds,Full Game,6.5,Under,-108,betonlineag|Emmett Johnson|player_reception_yds|6.5,0.51923077,0.48768473,https://api.the-odds-api.com/v4/sports/americanfootball_nfl
2026,4,e0cbd266dcf997089203a1b33ba0333d,2026-10-04T20:25:00Z,BetOnline.ag,betonlineag,2026-10-04T18:08:00Z,Las Vegas Raiders,Kansas City Chiefs,Kenneth Walker III,,,WR,player_reception_yds,Full Game,22.5,Over,-115,betonlineag|Kenneth Walker III|player_reception_yds|22.5,0.53488372,0.50309533,https://api.the-odds-api.com/v4/sports/americanfootball_nfl
2026,4,e0cbd266dcf997089203a1b33ba0333d,2026-10-04T20:25:00Z,BetOnline.ag,betonlineag,2026-10-04T18:08:00Z,Las Vegas Raiders,Kansas City Chiefs,Kenneth Walker III,,,WR,player_reception_yds,Full Game,22.5,Under,-112,betonlineag|Kenneth Walker III|player_reception_yds|22.5,0.52830189,0.49690467,https://api.the-odds-api.com/v4/sports/americanfootball_nfl
2026,4,e0cbd266dcf997089203a1b33ba0333d,2026-10-04T20:25:00Z,BetOnline.ag,betonlineag,2026-10-04T18:08:00Z,Las Vegas Raiders,Kansas City Chiefs,Michael Mayer,,,WR,player_reception_yds,Full Game,24.5,Over,-123,betonlineag|Michael Mayer|player_reception_yds|24.5,0.55156951,0.5185071,https://api.the-odds-api.com/v4/sports/americanfootball_nfl
2026,4,e0cbd266dcf997089203a1b33ba0333d,2026-10-04T20:25:00Z,BetOnline.ag,betonlineag,2026-10-04T18:08:00Z,Las Vegas Raiders,Kansas City Chiefs,Michael Mayer,,,WR,player_reception_yds,Full Game,24.5,Under,-105,betonlineag|Michael Mayer|player_reception_yds|24.5,0.51219512,0.4814929,https://api.the-odds-api.com/v4/sports/americanfootball_nfl
2026,4,e0cbd266dcf997089203a1b33ba0333d,2026-10-04T20:25:00Z,BetOnline.ag,betonlineag,2026-10-04T18:08:00Z,Las Vegas Raiders,Kansas City Chiefs,Cody White,,,WR,player_reception_yds,Full Game,10.5,Over,-115,betonlineag|Cody White|player_reception_yds|10.5,0.53488372,0.50309533,https://api.the-odds-api.com/v4/sports/americanfootball_nfl
2026,4,e0cbd266dcf997089203a1b33ba0333d,2026-10-04T20:25:00Z,BetOnline.ag,betonlineag,2026-10-04T18:08:00Z,Las Vegas Raiders,Kansas City Chiefs,Cody White,,,WR,player_reception_yds,Full Game,10.5,Under,-112,betonlineag|Cody White|player_reception_yds|10.5,0.52830189,0.49690467,https://api.the-odds-api.com/v4/sports/americanfootball_nfl
2026,4,e0cbd266dcf997089203a1b33ba0333d,2026-10-04T20:25:00Z,BetOnline.ag,betonlineag,2026-10-04T18:08:00Z,Las Vegas Raiders,Kansas City Chiefs,Kenneth Walker III,,,RB,player_rush_yds,Full Game,86.5,Over,-115,betonlineag|Kenneth Walker III|player_rush_yds|86.5,0.53488372,0.50309533,https://api.the-odds-api.com/v4/sports/americanfootball_nfl
2026,4,e0cbd266dcf997089203a1b33ba0333d,2026-10-04T20:25:00Z,BetOnline.ag,betonlineag,2026-10-04T18:08:00Z,Las Vegas Raiders,Kansas City Chiefs,Kenneth Walker III,,,RB,player_rush_yds,Full Game,86.5,Under,-112,betonlineag|Kenneth Walker III|player_rush_yds|86.5,0.52830189,0.49690467,https://api.the-odds-api.com/v4/sports/americanfootball_nfl
2026,4,e0cbd266dcf997089203a1b33ba0333d,2026-10-04T20:25:00Z,BetOnline.ag,betonlineag,2026-10-04T18:08:00Z,Las Vegas Raiders,Kansas City Chiefs,Patrick Mahomes,,,RB,player_rush_yds,Full Game,15.5,Over,-119,betonlineag|Patrick Mahomes|player_rush_yds|15.5,0.543379,0.5102581,https://api.the-odds-api.com/v4/sports/americanfootball_nfl
2026,4,e0cbd266dcf997089203a1b33ba0333d,2026-10-04T20:25:00Z,BetOnline.ag,betonlineag,2026-10-04T18:08:00Z,Las Vegas Raiders,Kansas City Chiefs,Patrick Mahomes,,,RB,player_rush_yds,Full Game,15.5,Under,-109,betonlineag|Patrick Mahomes|player_rush_yds|15.5,0.5215311,0.4897419,https://api.the-odds-api.com/v4/sports/americanfootball_nfl
2026,4,e0cbd266dcf997089203a1b33ba0333d,2026-10-04T20:25:00Z,BetOnline.ag,betonlineag,2026-10-04T18:08:00Z,Las Vegas Raiders,Kansas City Chiefs,Mike Washington Jr.,,,RB,player_rush_yds,Full Game,16.5,Over,-118,betonlineag|Mike Washington Jr.|player_rush_yds|16.5,0.5412844,0.50820345,https://api.the-odds-api.com/v4/sports/americanfootball_nfl
2026,4,e0cbd266dcf997089203a1b33ba0333d,2026-10-04T20:25:00Z,BetOnline.ag,betonlineag,2026-10-04T18:08:00Z,Las Vegas Raiders,Kansas City Chiefs,Mike Washington Jr.,,,RB,player_rush_yds,Full Game,16.5,Under,-110,betonlineag|Mike Washington Jr.|player_rush_yds|16.5,0.52380952,0.49179655,https://api.the-odds-api.com/v4/sports/americanfootball_nfl
2026,4,e0cbd266dcf997089203a1b33ba0333d,2026-10-04T20:25:00Z,BetOnline.ag,betonlineag,2026-10-04T18:08:00Z,Las Vegas Raiders,Kansas City Chiefs,Emmett Johnson,,,RB,player_rush_yds,Full Game,15.5,Over,-118,betonlineag|Emmett Johnson|player_rush_yds|15.5,0.5412844,0.50820345,https://api.the-odds-api.com/v4/sports/americanfootball_nfl
2026,4,e0cbd266dcf997089203a1b33ba0333d,2026-10-04T20:25:00Z,BetOnline.ag,betonlineag,2026-10-04T18:08:00Z,Las Vegas Raiders,Kansas City Chiefs,Emmett Johnson,,,RB,player_rush_yds,Full Game,15.5,Under,-110,betonlineag|Emmett Johnson|player_rush_yds|15.5,0.52380952,0.49179655,https://api.the-odds-api.com/v4/sports/americanfootball_nfl
2026,4,e0cbd266dcf997089203a1b33ba0333d,2026-10-04T20:25:00Z,BetOnline.ag,betonlineag,2026-10-04T18:08:00Z,Las Vegas Raiders,Kansas City Chiefs,Ashton Jeanty,,,RB,player_rush_yds,Full Game,57.5,Over,-114,betonlineag|Ashton Jeanty|player_rush_yds|57.5,0.53271028,0.5,https://api.the-odds-api.com/v4/sports/americanfootball_nfl
2026,4,e0cbd266dcf997089203a1b33ba0333d,2026-10-04T20:25:00Z,BetOnline.ag,betonlineag,2026-10-04T18:08:00Z,Las Vegas Raiders,Kansas City Chiefs,Ashton Jeanty,,,RB,player_rush_yds,Full Game,57.5,Under,-114,betonlineag|Ashton Jeanty|player_rush_yds|57.5,0.53271028,0.5,https://api.the-odds-api.com/v4/sports/americanfootball_nfl
2026,4,e0cbd266dcf997089203a1b33ba0333d,2026-10-04T20:25:00Z,BetRivers,betrivers,2026-10-04T18:08:21Z,Las Vegas Raiders,Kansas City Chiefs,Travis Kelce,,,WR,player_reception_yds,Full Game,46.5,Over,-117,betrivers|Travis Kelce|player_reception_yds|46.5,0.53917051,0.50404515,https://api.the-odds-api.com/v4/sports/americanfootball_nfl
2026,4,e0cbd266dcf997089203a1b33ba0333d,2026-10-04T20:25:00Z,BetRivers,betrivers,2026-10-04T18:08:21Z,Las Vegas Raiders,Kansas City Chiefs,Travis Kelce,,,WR,player_reception_yds,Full Game,46.5,Under,-113,betrivers|Travis Kelce|player_reception_yds|46.5,0.53051643,0.49595485,https://api.the-odds-api.com/v4/sports/americanfootball_nfl
2026,4,e0cbd266dcf997089203a1b33ba0333d,2026-10-04T20:25:00Z,BetRivers,betrivers,2026-10-04T18:08:21Z,Las Vegas Raiders,Kansas City Chiefs,Noah Gray,,,WR,player_reception_yds,Full Game,9.5,Over,-112,betrivers|Noah Gray|player_reception_yds|9.5,0.52830189,0.49201278,https://api.the-odds-api.com/v4/sports/americanfootball_nfl
2026,4,e0cbd266dcf997089203a1b33ba0333d,2026-10-04T20:25:00Z,BetRivers,betrivers,2026-10-04T18:08:21Z,Las Vegas Raiders,Kansas City Chiefs,Noah Gray,,,WR,player_reception_yds,Full Game,9.5,Under,-120,betrivers|Noah Gray|player_reception_yds|9.5,0.54545455,0.50798722,https://api.the-odds-api.com/v4/sports/americanfootball_nfl
2026,4,e0cbd266dcf997089203a1b33ba0333d,2026-10-04T20:25:00Z,BetRivers,betrivers,2026-10-04T18:08:21Z,Las Vegas Raiders,Kansas City Chiefs,Brock Bowers,,,WR,player_reception_yds,Full Game,72.5,Over,-114,betrivers|Brock Bowers|player_reception_yds|72.5,0.53271028,0.4969865,https://api.the-odds-api.com/v4/sports/americanfootball_nfl
2026,4,e0cbd266dcf997089203a1b33ba0333d,2026-10-04T20:25:00Z,BetRivers,betrivers,2026-10-04T18:08:21Z,Las Vegas Raiders,Kansas City Chiefs,Brock Bowers,,,WR,player_reception_yds,Full Game,72.5,Under,-117,betrivers|Brock Bowers|player_reception_yds|72.5,0.53917051,0.5030135,https://api.the-odds-api.com/v4/sports/americanfootball_nfl
2026,4,e0cbd266dcf997089203a1b33ba0333d,2026-10-04T20:25:00Z,BetRivers,betrivers,2026-10-04T18:08:21Z,Las Vegas Raiders,Kansas City Chiefs,Kenneth Walker III,,,WR,player_reception_yds,Full Game,21.5,Over,-113,betrivers|Kenneth Walker III|player_reception_yds|21.5,0.53051643,0.49497669,https://api.the-odds-api.com/v4/sports/americanfootball_nfl
2026,4,e0cbd266dcf997089203a1b33ba0333d,2026-10-04T20:25:00Z,BetRivers,betrivers,2026-10-04T18:08:21Z,Las Vegas Raiders,Kansas City Chiefs,Kenneth Walker III,,,WR,player_reception_yds,Full Game,21.5,Under,-118,betrivers|Kenneth Walker III|player_reception_yds|21.5,0.5412844,0.50502331,https://api.the-odds-api.com/v4/sports/americanfootball_nfl
2026,4,e0cbd266dcf997089203a1b33ba0333d,2026-10-04T20:25:00Z,BetRivers,betrivers,2026-10-04T18:08:21Z,Las Vegas Raiders,Kansas City Chiefs,Tyquan Thornton,,,WR,player_reception_yds,Full Game,23.5,Over,-115,betrivers|Tyquan Thornton|player_reception_yds|23.5,0.53488372,0.5,https://api.the-odds-api.com/v4/sports/americanfootball_nfl
2026,4,e0cbd266dcf997089203a1b33ba0333d,2026-10-04T20:25:00Z,BetRivers,betrivers,2026-10-04T18:08:21Z,Las Vegas Raiders,Kansas City Chiefs,Tyquan Thornton,,,WR,player_reception_yds,Full Game,23.5,Under,-115,betrivers|Tyquan Thornton|player_reception_yds|23.5,0.53488372,0.5,https://api.the-odds-api.com/v4/sports/americanfootball_nfl
2026,4,e0cbd266dcf997089203a1b33ba0333d,2026-10-04T20:25:00Z,BetRivers,betrivers,2026-10-04T18:08:21Z,Las Vegas Raiders,Kansas City Chiefs,Michael Mayer,,,WR,player_reception_yds,Full Game,23.5,Over,-112,betrivers|Michael Mayer|player_reception_yds|23.5,0.52830189,0.49201278,https://api.the-odds-api.com/v4/sports/americanfootball_nfl
2026,4,e0cbd266dcf997089203a1b33ba0333d,2026-10-04T20:25:00Z,BetRivers,betrivers,2026-10-04T18:08:21Z,Las Vegas Raiders,Kansas City Chiefs,Michael Mayer,,,WR,player_reception_yds,Full Game,23.5,Under,-120,betrivers|Michael Mayer|player_reception_yds|23.5,0.54545455,0.50798722,https://api.the-odds-api.com/v4/sports/americanfootball_nfl
2026,4,e0cbd266dcf997089203a1b33ba0333d,2026-10-04T20:25:00Z,BetRivers,betrivers,2026-10-04T18:08:21Z,Las Vegas Raiders,Kansas City Chiefs,Emmett Johnson,,,WR,player_reception_yds,Full Game,7.5,Over,-107,betrivers|Emmett Johnson|player_reception_yds|7.5,0.51690821,0.48287533,https://api.the-odds-api.com/v4/sports/americanfootball_nfl
2026,4,e0cbd266dcf997089203a1b33ba0333d,2026-10-04T20:25:00Z,BetRivers,betrivers,2026-10-04T18:08:21Z,Las Vegas Raiders,Kansas City Chiefs,Emmett Johnson,,,WR,player_reception_yds,Full Game,7.5,Under,-124,betrivers|Emmett Johnson|player_reception_yds|7.5,0.55357143,0.51712467,https://api.the-odds-api.com/v4/sports/americanfootball_nfl
2026,4,e0cbd266dcf997089203a1b33ba0333d,2026-10-04T20:25:00Z,BetRivers,betrivers,2026-10-04T18:08:21Z,Las Vegas Raiders,Kansas City Chiefs,Tre Tucker,,,WR,player_reception_yds,Full Game,38.5,Over,-115,betrivers|Tre Tucker|player_reception_yds|38.5,0.53488372,0.50101792,https://api.the-odds-api.com/v4/sports/americanfootball_nfl
2026,4,e0cbd266dcf997089203a1b33ba0333d,2026-10-04T20:25:00Z,BetRivers,betrivers,2026-10-04T18:08:21Z,Las Vegas Raiders,Kansas City Chiefs,Tre Tucker,,,WR,player_reception_yds,Full Game,38.5,Under,-114,betrivers|Tre Tucker|player_reception_yds|38.5,0.53271028,0.49898208,https://api.the-odds-api.com/v4/sports/americanfootball_nfl
2026,4,e0cbd266dcf997089203a1b33ba0333d,2026-10-04T20:25:00Z,BetRivers,betrivers,2026-10-04T18:08:21Z,Las Vegas Raiders,Kansas City Chiefs,Ashton Jeanty,,,WR,player_reception_yds,Full Game,18.5,Over,-118,betrivers|Ashton Jeanty|player_reception_yds|18.5,0.5412844,0.50502331,https://api.the-odds-api.com/v4/sports/americanfootball_nfl
2026,4,e0cbd266dcf997089203a1b33ba0333d,2026-10-04T20:25:00Z,BetRivers,betrivers,2026-10-04T18:08:21Z,Las Vegas Raiders,Kansas City Chiefs,Ashton Jeanty,,,WR,player_reception_yds,Full Game,18.5,Under,-113,betrivers|Ashton Jeanty|player_reception_yds|18.5,0.53051643,0.49497669,https://api.the-odds-api.com/v4/sports/americanfootball_nfl
2026,4,e0cbd266dcf997089203a1b33ba0333d,2026-10-04T20:25:00Z,BetRivers,betrivers,2026-10-04T18:08:21Z,Las Vegas Raiders,Kansas City Chiefs,Cody White,,,WR,player_reception_yds,Full Game,9.5,Over,-112,betrivers|Cody White|player_reception_yds|9.5,0.52830189,0.49201278,https://api.the-odds-api.com/v4/sports/americanfootball_nfl
2026,4,e0cbd266dcf997089203a1b33ba0333d,2026-10-04T20:25:00Z,BetRivers,betrivers,2026-10-04T18:08:21Z,Las Vegas Raiders,Kansas City Chiefs,Cody White,,,WR,player_reception_yds,Full Game,9.5,Under,-120,betrivers|Cody White|player_reception_yds|9.5,0.54545455,0.50798722,https://api.the-odds-api.com/v4/sports/americanfootball_nfl
2026,4,e0cbd266dcf997089203a1b33ba0333d,2026-10-04T20:25:00Z,BetRivers,betrivers,2026-10-04T18:08:21Z,Las Vegas Raiders,Kansas City Chiefs,Xavier Worthy,,,WR,player_reception_yds,Full Game,33.5,Over,-118,betrivers|Xavier Worthy|player_reception_yds|33.5,0.5412844,0.50502331,https://api.the-odds-api.com/v4/sports/americanfootball_nfl
2026,4,e0cbd266dcf997089203a1b33ba0333d,2026-10-04T20:25:00Z,BetRivers,betrivers,2026-10-04T18:08:21Z,Las Vegas Raiders,Kansas City Chiefs,Xavier Worthy,,,WR,player_reception_yds,Full Game,33.5,Under,-113,betrivers|Xavier Worthy|player_reception_yds|33.5,0.53051643,0.49497669,https://api.the-odds-api.com/v4/sports/americanfootball_nfl
2026,4,e0cbd266dcf997089203a1b33ba0333d,2026-10-04T20:25:00Z,BetRivers,betrivers,2026-10-04T18:08:21Z,Las Vegas Raiders,Kansas City Chiefs,Rashee Rice,,,WR,player_reception_yds,Full Game,56.5,Over,-118,betrivers|Rashee Rice|player_reception_yds|56.5,0.5412844,0.50502331,https://api.the-odds-api.com/v4/sports/americanfootball_nfl
2026,4,e0cbd266dcf997089203a1b33ba0333d,2026-10-04T20:25:00Z,BetRivers,betrivers,2026-10-04T18:08:21Z,Las Vegas Raiders,Kansas City Chiefs,Rashee Rice,,,WR,player_reception_yds,Full Game,56.5,Under,-113,betrivers|Rashee Rice|player_reception_yds|56.5,0.53051643,0.49497669,https://api.the-odds-api.com/v4/sports/americanfootball_nfl
2026,4,e0cbd266dcf997089203a1b33ba0333d,2026-10-04T20:25:00Z,BetRivers,betrivers,2026-10-04T18:08:21Z,Las Vegas Raiders,Kansas City Chiefs,Jalen Nailor,,,WR,player_reception_yds,Full Game,19.5,Over,-112,betrivers|Jalen Nailor|player_reception_yds|19.5,0.52830189,0.49201278,https://api.the-odds-api.com/v4/sports/americanfootball_nfl
2026,4,e0cbd266dcf997089203a1b33ba0333d,2026-10-04T20:25:00Z,BetRivers,betrivers,2026-10-04T18:08:21Z,Las Vegas Raiders,Kansas City Chiefs,Jalen Nailor,,,WR,player_reception_yds,Full Game,19.5,Under,-120,betrivers|Jalen Nailor|player_reception_yds|19.5,0.54545455,0.50798722,https://api.the-odds-api.com/v4/sports/americanfootball_nfl
2026,4,e0cbd266dcf997089203a1b33ba0333d,2026-10-04T20:25:00Z,BetRivers,betrivers,2026-10-04T18:08:21Z,Las Vegas Raiders,Kansas City Chiefs,Emmett Johnson,,,RB,player_rush_yds,Full Game,15.5,Over,-120,betrivers|Emmett Johnson|player_rush_yds|15.5,0.54545455,0.50798722,https://api.the-odds-api.com/v4/sports/americanfootball_nfl
2026,4,e0cbd266dcf997089203a1b33ba0333d,2026-10-04T20:25:00Z,BetRivers,betrivers,2026-10-04T18:08:21Z,Las Vegas Raiders,Kansas City Chiefs,Emmett Johnson,,,RB,player_rush_yds,Full Game,15.5,Under,-112,betrivers|Emmett Johnson|player_rush_yds|15.5,0.52830189,0.49201278,https://api.the-odds-api.com/v4/sports/americanfootball_nfl
2026,4,e0cbd266dcf997089203a1b33ba0333d,2026-10-04T20:25:00Z,BetRivers,betrivers,2026-10-04T18:08:21Z,Las Vegas Raiders,Kansas City Chiefs,Patrick Mahomes,,,RB,player_rush_yds,Full Game,14.5,Over,-117,betrivers|Patrick Mahomes|player_rush_yds|14.5,0.53917051,0.5030135,https://api.the-odds-api.com/v4/sports/americanfootball_nfl
2026,4,e0cbd266dcf997089203a1b33ba0333d,2026-10-04T20:25:00Z,BetRivers,betrivers,2026-10-04T18:08:21Z,Las Vegas Raiders,Kansas City Chiefs,Patrick Mahomes,,,RB,player_rush_yds,Full Game,14.5,Under,-114,betrivers|Patrick Mahomes|player_rush_yds|14.5,0.53271028,0.4969865,https://api.the-odds-api.com/v4/sports/americanfootball_nfl
2026,4,e0cbd266dcf997089203a1b33ba0333d,2026-10-04T20:25:00Z,BetRivers,betrivers,2026-10-04T18:08:21Z,Las Vegas Raiders,Kansas City Chiefs,Ashton Jeanty,,,RB,player_rush_yds,Full Game,58.5,Over,-117,betrivers|Ashton Jeanty|player_rush_yds|58.5,0.53917051,0.5030135,https://api.the-odds-api.com/v4/sports/americanfootball_nfl
2026,4,e0cbd266dcf997089203a1b33ba0333d,2026-10-04T20:25:00Z,BetRivers,betrivers,2026-10-04T18:08:21Z,Las Vegas Raiders,Kansas City Chiefs,Ashton Jeanty,,,RB,player_rush_yds,Full Game,58.5,Under,-114,betrivers|Ashton Jeanty|player_rush_yds|58.5,0.53271028,0.4969865,https://api.the-odds-api.com/v4/sports/americanfootball_nfl
2026,4,e0cbd266dcf997089203a1b33ba0333d,2026-10-04T20:25:00Z,BetRivers,betrivers,2026-10-04T18:08:21Z,Las Vegas Raiders,Kansas City Chiefs,Kenneth Walker III,,,RB,player_rush_yds,Full Game,86.5,Over,-115,betrivers|Kenneth Walker III|player_rush_yds|86.5,0.53488372,0.5,https://api.the-odds-api.com/v4/sports/americanfootball_nfl
2026,4,e0cbd266dcf997089203a1b33ba0333d,2026-10-04T20:25:00Z,BetRivers,betrivers,2026-10-04T18:08:21Z,Las Vegas Raiders,Kansas City Chiefs,Kenneth Walker III,,,RB,player_rush_yds,Full Game,86.5,Under,-115,betrivers|Kenneth Walker III|player_rush_yds|86.5,0.53488372,0.5,https://api.the-odds-api.com/v4/sports/americanfootball_nfl
2026,4,e0cbd266dcf997089203a1b33ba0333d,2026-10-04T20:25:00Z,BetRivers,betrivers,2026-10-04T18:08:21Z,Las Vegas Raiders,Kansas City Chiefs,Mike Washington Jr.,,,RB,player_rush_yds,Full Game,16.5,Over,-114,betrivers|Mike Washington Jr.|player_rush_yds|16.5,0.53271028,0.49898208,https://api.the-odds-api.com/v4/sports/americanfootball_nfl
2026,4,e0cbd266dcf997089203a1b33ba0333d,2026-10-04T20:25:00Z,BetRivers,betrivers,2026-10-04T18:08:21Z,Las Vegas Raiders,Kansas City Chiefs,Mike Washington Jr.,,,RB,player_rush_yds,Full Game,16.5,Under,-115,betrivers|Mike Washington Jr.|player_rush_yds|16.5,0.53488372,0.50101792,https://api.the-odds-api.com/v4/sports/americanfootball_nfl
2026,4,e0cbd266dcf997089203a1b33ba0333d,2026-10-04T20:25:00Z,BetMGM,betmgm,2026-10-04T18:07:39Z,Las Vegas Raiders,Kansas City Chiefs,Xavier Worthy,,,WR,player_reception_yds,Full Game,35.5,Over,-115,betmgm|Xavier Worthy|player_reception_yds|35.5,0.53488372,0.5,https://api.the-odds-api.com/v4/sports/americanfootball_nfl
2026,4,e0cbd266dcf997089203a1b33ba0333d,2026-10-04T20:25:00Z,BetMGM,betmgm,2026-10-04T18:07:39Z,Las Vegas Raiders,Kansas City Chiefs,Xavier Worthy,,,WR,player_reception_yds,Full Game,35.5,Under,-115,betmgm|Xavier Worthy|player_reception_yds|35.5,0.53488372,0.5,https://api.the-odds-api.com/v4/sports/americanfootball_nfl
2026,4,e0cbd266dcf997089203a1b33ba0333d,2026-10-04T20:25:00Z,BetMGM,betmgm,2026-10-04T18:07:39Z,Las Vegas Raiders,Kansas City Chiefs,Rashee Rice,,,WR,player_reception_yds,Full Game,56.5,Over,-115,betmgm|Rashee Rice|player_reception_yds|56.5,0.53488372,0.5,https://api.the-odds-api.com/v4/sports/americanfootball_nfl
2026,4,e0cbd266dcf997089203a1b33ba0333d,2026-10-04T20:25:00Z,BetMGM,betmgm,2026-10-04T18:07:39Z,Las Vegas Raiders,Kansas City Chiefs,Rashee Rice,,,WR,player_reception_yds,Full Game,56.5,Under,-115,betmgm|Rashee Rice|player_reception_yds|56.5,0.53488372,0.5,https://api.the-odds-api.com/v4/sports/americanfootball_nfl
2026,4,e0cbd266dcf997089203a1b33ba0333d,2026-10-04T20:25:00Z,BetMGM,betmgm,2026-10-04T18:07:39Z,Las Vegas Raiders,Kansas City Chiefs,Noah Gray,,,WR,player_reception_yds,Full Game,8.5,Over,-120,betmgm|Noah Gray|player_reception_yds|8.5,0.54545455,0.51012146,https://api.the-odds-api.com/v4/sports/americanfootball_nfl
2026,4,e0cbd266dcf997089203a1b33ba0333d,2026-10-04T20:25:00Z,BetMGM,betmgm,2026-10-04T18:07:39Z,Las Vegas Raiders,Kansas City Chiefs,Noah Gray,,,WR,player_reception_yds,Full Game,8.5,Under,-110,betmgm|Noah Gray|player_reception_yds|8.5,0.52380952,0.48987854,https://api.the-odds-api.com/v4/sports/americanfootball_nfl
2026,4,e0cbd266dcf997089203a1b33ba0333d,2026-10-04T20:25:00Z,BetMGM,betmgm,2026-10-04T18:07:39Z,Las Vegas Raiders,Kansas City Chiefs,Tyquan Thornton,,,WR,player_reception_yds,Full Game,21.5,Over,-115,betmgm|Tyquan Thornton|player_reception_yds|21.5,0.53488372,0.5,https://api.the-odds-api.com/v4/sports/americanfootball_nfl
2026,4,e0cbd266dcf997089203a1b33ba0333d,2026-10-04T20:25:00Z,BetMGM,betmgm,2026-10-04T18:07:39Z,Las Vegas Raiders,Kansas City Chiefs,Tyquan Thornton,,,WR,player_reception_yds,Full Game,21.5,Under,-115,betmgm|Tyquan Thornton|player_reception_yds|21.5,0.53488372,0.5,https://api.the-odds-api.com/v4/sports/americanfootball_nfl
2026,4,e0cbd266dcf997089203a1b33ba0333d,2026-10-04T20:25:00Z,BetMGM,betmgm,2026-10-04T18:07:39Z,Las Vegas Raiders,Kansas City Chiefs,Kenneth Walker III,,,WR,player_reception_yds,Full Game,23.5,Over,-115,betmgm|Kenneth Walker III|player_reception_yds|23.5,0.53488372,0.5,https://api.the-odds-api.com/v4/sports/americanfootball_nfl
2026,4,e0cbd266dcf997089203a1b33ba0333d,2026-10-04T20:25:00Z,BetMGM,betmgm,2026-10-04T18:07:39Z,Las Vegas Raiders,Kansas City Chiefs,Kenneth Walker III,,,WR,player_reception_yds,Full Game,23.5,Under,-115,betmgm|Kenneth Walker III|player_reception_yds|23.5,0.53488372,0.5,https://api.the-odds-api.com/v4/sports/americanfootball_nfl
2026,4,e0cbd266dcf997089203a1b33ba0333d,2026-10-04T20:25:00Z,BetMGM,betmgm,2026-10-04T18:07:39Z,Las Vegas Raiders,Kansas City Chiefs,Brock Bowers,,,WR,player_reception_yds,Full Game,73.5,Over,-115,betmgm|Brock Bowers|player_reception_yds|73.5,0.53488372,0.5,https://api.the-odds-api.com/v4/sports/americanfootball_nfl
2026,4,e0cbd266dcf997089203a1b33ba0333d,2026-10-04T20:25:00Z,BetMGM,betmgm,2026-10-04T18:07:39Z,Las Vegas Raiders,Kansas City Chiefs,Brock Bowers,,,WR,player_reception_yds,Full Game,73.5,Under,-115,betmgm|Brock Bowers|player_reception_yds|73.5,0.53488372,0.5,https://api.the-odds-api.com/v4/sports/americanfootball_nfl
2026,4,e0cbd266dcf997089203a1b33ba0333d,2026-10-04T20:25:00Z,BetMGM,betmgm,2026-10-04T18:07:39Z,Las Vegas Raiders,Kansas City Chiefs,Ashton Jeanty,,,WR,player_reception_yds,Full Game,21.5,Over,-115,betmgm|Ashton Jeanty|player_reception_yds|21.5,0.53488372,0.5,https://api.the-odds-api.com/v4/sports/americanfootball_nfl
2026,4,e0cbd266dcf997089203a1b33ba0333d,2026-10-04T20:25:00Z,BetMGM,betmgm,2026-10-04T18:07:39Z,Las Vegas Raiders,Kansas City Chiefs,Ashton Jeanty,,,WR,player_reception_yds,Full Game,21.5,Under,-115,betmgm|Ashton Jeanty|player_reception_yds|21.5,0.53488372,0.5,https://api.the-odds-api.com/v4/sports/americanfootball_nfl
2026,4,e0cbd266dcf997089203a1b33ba0333d,2026-10-04T20:25:00Z,BetMGM,betmgm,2026-10-04T18:07:39Z,Las Vegas Raiders,Kansas City Chiefs,Travis Kelce,,,WR,player_reception_yds,Full Game,47.5,Over,-115,betmgm|Travis Kelce|player_reception_yds|47.5,0.53488372,0.5,https://api.the-odds-api.com/v4/sports/americanfootball_nfl
2026,4,e0cbd266dcf997089203a1b33ba0333d,2026-10-04T20:25:00Z,BetMGM,betmgm,2026-10-04T18:07:39Z,Las Vegas Raiders,Kansas City Chiefs,Travis Kelce,,,WR,player_reception_yds,Full Game,47.5,Under,-115,betmgm|Travis Kelce|player_reception_yds|47.5,0.53488372,0.5,https://api.the-odds-api.com/v4/sports/americanfootball_nfl
2026,4,e0cbd266dcf997089203a1b33ba0333d,2026-10-04T20:25:00Z,BetMGM,betmgm,2026-10-04T18:07:39Z,Las Vegas Raiders,Kansas City Chiefs,Jalen Nailor,,,WR,player_reception_yds,Full Game,21.5,Over,-115,betmgm|Jalen Nailor|player_reception_yds|21.5,0.53488372,0.5,https://api.the-odds-api.com/v4/sports/americanfootball_nfl
2026,4,e0cbd266dcf997089203a1b33ba0333d,2026-10-04T20:25:00Z,BetMGM,betmgm,2026-10-04T18:07:39Z,Las Vegas Raiders,Kansas City Chiefs,Jalen Nailor,,,WR,player_reception_yds,Full Game,21.5,Under,-115,betmgm|Jalen Nailor|player_reception_yds|21.5,0.53488372,0.5,https://api.the-odds-api.com/v4/sports/americanfootball_nfl
2026,4,e0cbd266dcf997089203a1b33ba0333d,2026-10-04T20:25:00Z,BetMGM,betmgm,2026-10-04T18:07:39Z,Las Vegas Raiders,Kansas City Chiefs,Tre Tucker,,,WR,player_reception_yds,Full Game,37.5,Over,-115,betmgm|Tre Tucker|player_reception_yds|37.5,0.53488372,0.5,https://api.the-odds-api.com/v4/sports/americanfootball_nfl
2026,4,e0cbd266dcf997089203a1b33ba0333d,2026-10-04T20:25:00Z,BetMGM,betmgm,2026-10-04T18:07:39Z,Las Vegas Raiders,Kansas City Chiefs,Tre Tucker,,,WR,player_reception_yds,Full Game,37.5,Under,-115,betmgm|Tre Tucker|player_reception_yds|37.5,0.53488372,0.5,https://api.the-odds-api.com/v4/sports/americanfootball_nfl
2026,4,e0cbd266dcf997089203a1b33ba0333d,2026-10-04T20:25:00Z,BetMGM,betmgm,2026-10-04T18:07:39Z,Las Vegas Raiders,Kansas City Chiefs,Michael Mayer,,,WR,player_reception_yds,Full Game,23.5,Over,-115,betmgm|Michael Mayer|player_reception_yds|23.5,0.53488372,0.5,https://api.the-odds-api.com/v4/sports/americanfootball_nfl
2026,4,e0cbd266dcf997089203a1b33ba0333d,2026-10-04T20:25:00Z,BetMGM,betmgm,2026-10-04T18:07:39Z,Las Vegas Raiders,Kansas City Chiefs,Michael Mayer,,,WR,player_reception_yds,Full Game,23.5,Under,-115,betmgm|Michael Mayer|player_reception_yds|23.5,0.53488372,0.5,https://api.the-odds-api.com/v4/sports/americanfootball_nfl
2026,4,e0cbd266dcf997089203a1b33ba0333d,2026-10-04T20:25:00Z,BetMGM,betmgm,2026-10-04T18:07:39Z,Las Vegas Raiders,Kansas City Chiefs,Emmett Johnson,,,WR,player_reception_yds,Full Game,7.5,Over,-110,betmgm|Emmett Johnson|player_reception_yds|7.5,0.52380952,0.48987854,https://api.the-odds-api.com/v4/sports/americanfootball_nfl
2026,4,e0cbd266dcf997089203a1b33ba0333d,2026-10-04T20:25:00Z,BetMGM,betmgm,2026-10-04T18:07:39Z,Las Vegas Raiders,Kansas City Chiefs,Emmett Johnson,,,WR,player_reception_yds,Full Game,7.5,Under,-120,betmgm|Emmett Johnson|player_reception_yds|7.5,0.54545455,0.51012146,https://api.the-odds-api.com/v4/sports/americanfootball_nfl
2026,4,e0cbd266dcf997089203a1b33ba0333d,2026-10-04T20:25:00Z,BetMGM,betmgm,2026-10-04T18:07:39Z,Las Vegas Raiders,Kansas City Chiefs,Cody White,,,WR,player_reception_yds,Full Game,10.5,Over,-115,betmgm|Cody White|player_reception_yds|10.5,0.53488372,0.5,https://api.the-odds-api.com/v4/sports/americanfootball_nfl
2026,4,e0cbd266dcf997089203a1b33ba0333d,2026-10-04T20:25:00Z,BetMGM,betmgm,2026-10-04T18:07:39Z,Las Vegas Raiders,Kansas City Chiefs,Cody White,,,WR,player_reception_yds,Full Game,10.5,Under,-115,betmgm|Cody White|player_reception_yds|10.5,0.53488372,0.5,https://api.the-odds-api.com/v4/sports/americanfootball_nfl
2026,4,e0cbd266dcf997089203a1b33ba0333d,2026-10-04T20:25:00Z,BetMGM,betmgm,2026-10-04T18:07:39Z,Las Vegas Raiders,Kansas City Chiefs,Patrick Mahomes,,,RB,player_rush_yds,Full Game,15.5,Over,-115,betmgm|Patrick Mahomes|player_rush_yds|15.5,0.53488372,0.5,https://api.the-odds-api.com/v4/sports/americanfootball_nfl
2026,4,e0cbd266dcf997089203a1b33ba0333d,2026-10-04T20:25:00Z,BetMGM,betmgm,2026-10-04T18:07:39Z,Las Vegas Raiders,Kansas City Chiefs,Patrick Mahomes,,,RB,player_rush_yds,Full Game,15.5,Under,-115,betmgm|Patrick Mahomes|player_rush_yds|15.5,0.53488372,0.5,https://api.the-odds-api.com/v4/sports/americanfootball_nfl
2026,4,e0cbd266dcf997089203a1b33ba0333d,2026-10-04T20:25:00Z,BetMGM,betmgm,2026-10-04T18:07:39Z,Las Vegas Raiders,Kansas City Chiefs,Kenneth Walker III,,,RB,player_rush_yds,Full Game,86.5,Over,-115,betmgm|Kenneth Walker III|player_rush_yds|86.5,0.53488372,0.5,https://api.the-odds-api.com/v4/sports/americanfootball_nfl
2026,4,e0cbd266dcf997089203a1b33ba0333d,2026-10-04T20:25:00Z,BetMGM,betmgm,2026-10-04T18:07:39Z,Las Vegas Raiders,Kansas City Chiefs,Kenneth Walker III,,,RB,player_rush_yds,Full Game,86.5,Under,-115,betmgm|Kenneth Walker III|player_rush_yds|86.5,0.53488372,0.5,https://api.the-odds-api.com/v4/sports/americanfootball_nfl
2026,4,e0cbd266dcf997089203a1b33ba0333d,2026-10-04T20:25:00Z,BetMGM,betmgm,2026-10-04T18:07:39Z,Las Vegas Raiders,Kansas City Chiefs,Mike Washington Jr.,,,RB,player_rush_yds,Full Game,16.5,Over,-120,betmgm|Mike Washington Jr.|player_rush_yds|16.5,0.54545455,0.51012146,https://api.the-odds-api.com/v4/sports/americanfootball_nfl
2026,4,e0cbd266dcf997089203a1b33ba0333d,2026-10-04T20:25:00Z,BetMGM,betmgm,2026-10-04T18:07:39Z,Las Vegas Raiders,Kansas City Chiefs,Mike Washington Jr.,,,RB,player_rush_yds,Full Game,16.5,Under,-110,betmgm|Mike Washington Jr.|player_rush_yds|16.5,0.52380952,0.48987854,https://api.the-odds-api.com/v4/sports/americanfootball_nfl
2026,4,e0cbd266dcf997089203a1b33ba0333d,2026-10-04T20:25:00Z,BetMGM,betmgm,2026-10-04T18:07:39Z,Las Vegas Raiders,Kansas City Chiefs,Emmett Johnson,,,RB,player_rush_yds,Full Game,16.5,Over,-115,betmgm|Emmett Johnson|player_rush_yds|16.5,0.53488372,0.5,https://api.the-odds-api.com/v4/sports/americanfootball_nfl
2026,4,e0cbd266dcf997089203a1b33ba0333d,2026-10-04T20:25:00Z,BetMGM,betmgm,2026-10-04T18:07:39Z,Las Vegas Raiders,Kansas City Chiefs,Emmett Johnson,,,RB,player_rush_yds,Full Game,16.5,Under,-115,betmgm|Emmett Johnson|player_rush_yds|16.5,0.53488372,0.5,https://api.the-odds-api.com/v4/sports/americanfootball_nfl
2026,4,e0cbd266dcf997089203a1b33ba0333d,2026-10-04T20:25:00Z,BetMGM,betmgm,2026-10-04T18:07:39Z,Las Vegas Raiders,Kansas City Chiefs,Ashton Jeanty,,,RB,player_rush_yds,Full Game,58.5,Over,-105,betmgm|Ashton Jeanty|player_rush_yds|58.5,0.51219512,0.47969543,https://api.the-odds-api.com/v4/sports/americanfootball_nfl
2026,4,e0cbd266dcf997089203a1b33ba0333d,2026-10-04T20:25:00Z,BetMGM,betmgm,2026-10-04T18:07:39Z,Las Vegas Raiders,Kansas City Chiefs,Ashton Jeanty,,,RB,player_rush_yds,Full Game,58.5,Under,-125,betmgm|Ashton Jeanty|player_rush_yds|58.5,0.55555556,0.52030457,https://api.the-odds-api.com/v4/sports/americanfootball_nfl
2026,4,e0cbd266dcf997089203a1b33ba0333d,2026-10-04T20:25:00Z,Bovada,bovada,2026-10-04T18:07:17Z,Las Vegas Raiders,Kansas City Chiefs,Ashton Jeanty,,,WR,player_reception_yds,Full Game,21.5,Over,-110,bovada|Ashton Jeanty|player_reception_yds|21.5,0.52380952,0.48987854,https://api.the-odds-api.com/v4/sports/americanfootball_nfl
2026,4,e0cbd266dcf997089203a1b33ba0333d,2026-10-04T20:25:00Z,Bovada,bovada,2026-10-04T18:07:17Z,Las Vegas Raiders,Kansas City Chiefs,Ashton Jeanty,,,WR,player_reception_yds,Full Game,21.5,Under,-120,bovada|Ashton Jeanty|player_reception_yds|21.5,0.54545455,0.51012146,https://api.the-odds-api.com/v4/sports/americanfootball_nfl
2026,4,e0cbd266dcf997089203a1b33ba0333d,2026-10-04T20:25:00Z,Bovada,bovada,2026-10-04T18:07:17Z,Las Vegas Raiders,Kansas City Chiefs,Brock Bowers,,,WR,player_reception_yds,Full Game,59.5,Over,-180,bovada|Brock Bowers|player_reception_yds|59.5,0.64285714,0.60170697,https://api.the-odds-api.com/v4/sports/americanfootball_nfl
2026,4,e0cbd266dcf997089203a1b33ba0333d,2026-10-04T20:25:00Z,Bovada,bovada,2026-10-04T18:07:17Z,Las Vegas Raiders,Kansas City Chiefs,Brock Bowers,,,WR,player_reception_yds,Full Game,59.5,Under,135,bovada|Brock Bowers|player_reception_yds|59.5,0.42553191,0.39829303,https://api.the-odds-api.com/v4/sports/americanfootball_nfl
2026,4,e0cbd266dcf997089203a1b33ba0333d,2026-10-04T20:25:00Z,Bovada,bovada,2026-10-04T18:07:17Z,Las Vegas Raiders,Kansas City Chiefs,Brock Bowers,,,WR,player_reception_yds,Full Game,64.5,Over,-145,bovada|Brock Bowers|player_reception_yds|64.5,0.59183673,0.55414012,https://api.the-odds-api.com/v4/sports/americanfootball_nfl
2026,4,e0cbd266dcf997089203a1b33ba0333d,2026-10-04T20:25:00Z,Bovada,bovada,2026-10-04T18:07:17Z,Las Vegas Raiders,Kansas City Chiefs,Brock Bowers,,,WR,player_reception_yds,Full Game,64.5,Under,110,bovada|Brock Bowers|player_reception_yds|64.5,0.47619048,0.44585988,https://api.the-odds-api.com/v4/sports/americanfootball_nfl
2026,4,e0cbd266dcf997089203a1b33ba0333d,2026-10-04T20:25:00Z,Bovada,bovada,2026-10-04T18:07:17Z,Las Vegas Raiders,Kansas City Chiefs,Brock Bowers,,,WR,player_reception_yds,Full Game,69.5,Over,-115,bovada|Brock Bowers|player_reception_yds|69.5,0.53488372,0.5,https://api.the-odds-api.com/v4/sports/americanfootball_nfl
2026,4,e0cbd266dcf997089203a1b33ba0333d,2026-10-04T20:25:00Z,Bovada,bovada,2026-10-04T18:07:17Z,Las Vegas Raiders,Kansas City Chiefs,Brock Bowers,,,WR,player_reception_yds,Full Game,69.5,Under,-115,bovada|Brock Bowers|player_reception_yds|69.5,0.53488372,0.5,https://api.the-odds-api.com/v4/sports/americanfootball_nfl
2026,4,e0cbd266dcf997089203a1b33ba0333d,2026-10-04T20:25:00Z,Bovada,bovada,2026-10-04T18:07:17Z,Las Vegas Raiders,Kansas City Chiefs,Brock Bowers,,,WR,player_reception_yds,Full Game,74.5,Over,110,bovada|Brock Bowers|player_reception_yds|74.5,0.47619048,0.44585988,https://api.the-odds-api.com/v4/sports/americanfootball_nfl
2026,4,e0cbd266dcf997089203a1b33ba0333d,2026-10-04T20:25:00Z,Bovada,bovada,2026-10-04T18:07:17Z,Las Vegas Raiders,Kansas City Chiefs,Brock Bowers,,,WR,player_reception_yds,Full Game,74.5,Under,-145,bovada|Brock Bowers|player_reception_yds|74.5,0.59183673,0.55414012,https://api.the-odds-api.com/v4/sports/americanfootball_nfl
2026,4,e0cbd266dcf997089203a1b33ba0333d,2026-10-04T20:25:00Z,Bovada,bovada,2026-10-04T18:07:17Z,Las Vegas Raiders,Kansas City Chiefs,Brock Bowers,,,WR,player_reception_yds,Full Game,79.5,Over,130,bovada|Brock Bowers|player_reception_yds|79.5,0.43478261,0.40847201,https://api.the-odds-api.com/v4/sports/americanfootball_nfl
2026,4,e0cbd266dcf997089203a1b33ba0333d,2026-10-04T20:25:00Z,Bovada,bovada,2026-10-04T18:07:17Z,Las Vegas Raiders,Kansas City Chiefs,Brock Bowers,,,WR,player_reception_yds,Full Game,79.5,Under,-170,bovada|Brock Bowers|player_reception_yds|79.5,0.62962963,0.59152799,https://api.the-odds-api.com/v4/sports/americanfootball_nfl
2026,4,e0cbd266dcf997089203a1b33ba0333d,2026-10-04T20:25:00Z,Bovada,bovada,2026-10-04T18:07:17Z,Las Vegas Raiders,Kansas City Chiefs,Cody White,,,WR,player_reception_yds,Full Game,10.5,Over,-115,bovada|Cody White|player_reception_yds|10.5,0.53488372,0.5,https://api.the-odds-api.com/v4/sports/americanfootball_nfl
2026,4,e0cbd266dcf997089203a1b33ba0333d,2026-10-04T20:25:00Z,Bovada,bovada,2026-10-04T18:07:17Z,Las Vegas Raiders,Kansas City Chiefs,Cody White,,,WR,player_reception_yds,Full Game,10.5,Under,-115,bovada|Cody White|player_reception_yds|10.5,0.53488372,0.5,https://api.the-odds-api.com/v4/sports/americanfootball_nfl
2026,4,e0cbd266dcf997089203a1b33ba0333d,2026-10-04T20:25:00Z,Bovada,bovada,2026-10-04T18:07:17Z,Las Vegas Raiders,Kansas City Chiefs,Emmett Johnson,,,WR,player_reception_yds,Full Game,6.5,Over,-115,bovada|Emmett Johnson|player_reception_yds|6.5,0.53488372,0.5,https://api.the-odds-api.com/v4/sports/americanfootball_nfl
2026,4,e0cbd266dcf997089203a1b33ba0333d,2026-10-04T20:25:00Z,Bovada,bovada,2026-10-04T18:07:17Z,Las Vegas Raiders,Kansas City Chiefs,Emmett Johnson,,,WR,player_reception_yds,Full Game,6.5,Under,-115,bovada|Emmett Johnson|player_reception_yds|6.5,0.53488372,0.5,https://api.the-odds-api.com/v4/sports/americanfootball_nfl
2026,4,e0cbd266dcf997089203a1b33ba0333d,2026-10-04T20:25:00Z,Bovada,bovada,2026-10-04T18:07:17Z,Las Vegas Raiders,Kansas City Chiefs,Jalen Nailor,,,WR,player_reception_yds,Full Game,20.5,Over,-115,bovada|Jalen Nailor|player_reception_yds|20.5,0.53488372,0.5,https://api.the-odds-api.com/v4/sports/americanfootball_nfl
2026,4,e0cbd266dcf997089203a1b33ba0333d,2026-10-04T20:25:00Z,Bovada,bovada,2026-10-04T18:07:17Z,Las Vegas Raiders,Kansas City Chiefs,Jalen Nailor,,,WR,player_reception_yds,Full Game,20.5,Under,-115,bovada|Jalen Nailor|player_reception_yds|20.5,0.53488372,0.5,https://api.the-odds-api.com/v4/sports/americanfootball_nfl
2026,4,e0cbd266dcf997089203a1b33ba0333d,2026-10-04T20:25:00Z,Bovada,bovada,2026-10-04T18:07:17Z,Las Vegas Raiders,Kansas City Chiefs,Kenneth Walker III,,,WR,player_reception_yds,Full Game,22.5,Over,-110,bovada|Kenneth Walker III|player_reception_yds|22.5,0.52380952,0.48987854,https://api.the-odds-api.com/v4/sports/americanfootball_nfl
2026,4,e0cbd266dcf997089203a1b33ba0333d,2026-10-04T20:25:00Z,Bovada,bovada,2026-10-04T18:07:17Z,Las Vegas Raiders,Kansas City Chiefs,Kenneth Walker III,,,WR,player_reception_yds,Full Game,22.5,Under,-120,bovada|Kenneth Walker III|player_reception_yds|22.5,0.54545455,0.51012146,https://api.the-odds-api.com/v4/sports/americanfootball_nfl
2026,4,e0cbd266dcf997089203a1b33ba0333d,2026-10-04T20:25:00Z,Bovada,bovada,2026-10-04T18:07:17Z,Las Vegas Raiders,Kansas City Chiefs,Michael Mayer,,,WR,player_reception_yds,Full Game,24.5,Over,-110,bovada|Michael Mayer|player_reception_yds|24.5,0.52380952,0.48987854,https://api.the-odds-api.com/v4/sports/americanfootball_nfl
2026,4,e0cbd266dcf997089203a1b33ba0333d,2026-10-04T20:25:00Z,Bovada,bovada,2026-10-04T18:07:17Z,Las Vegas Raiders,Kansas City Chiefs,Michael Mayer,,,WR,player_reception_yds,Full Game,24.5,Under,-120,bovada|Michael Mayer|player_reception_yds|24.5,0.54545455,0.51012146,https://api.the-odds-api.com/v4/sports/americanfootball_nfl
2026,4,e0cbd266dcf997089203a1b33ba0333d,2026-10-04T20:25:00Z,Bovada,bovada,2026-10-04T18:07:17Z,Las Vegas Raiders,Kansas City Chiefs,Noah Gray,,,WR,player_reception_yds,Full Game,9.5,Over,-110,bovada|Noah Gray|player_reception_yds|9.5,0.52380952,0.48987854,https://api.the-odds-api.com/v4/sports/americanfootball_nfl
2026,4,e0cbd266dcf997089203a1b33ba0333d,2026-10-04T20:25:00Z,Bovada,bovada,2026-10-04T18:07:17Z,Las Vegas Raiders,Kansas City Chiefs,Noah Gray,,,WR,player_reception_yds,Full Game,9.5,Under,-120,bovada|Noah Gray|player_reception_yds|9.5,0.54545455,0.51012146,https://api.the-odds-api.com/v4/sports/americanfootball_nfl
2026,4,e0cbd266dcf997089203a1b33ba0333d,2026-10-04T20:25:00Z,Bovada,bovada,2026-10-04T18:07:17Z,Las Vegas Raiders,Kansas City Chiefs,Rashee Rice,,,WR,player_reception_yds,Full Game,47.5,Over,-200,bovada|Rashee Rice|player_reception_yds|47.5,0.66666667,0.625,https://api.the-odds-api.com/v4/sports/americanfootball_nfl
2026,4,e0cbd266dcf997089203a1b33ba0333d,2026-10-04T20:25:00Z,Bovada,bovada,2026-10-04T18:07:17Z,Las Vegas Raiders,Kansas City Chiefs,Rashee Rice,,,WR,player_reception_yds,Full Game,47.5,Under,150,bovada|Rashee Rice|player_reception_yds|47.5,0.4,0.375,https://api.the-odds-api.com/v4/sports/americanfootball_nfl
2026,4,e0cbd266dcf997089203a1b33ba0333d,2026-10-04T20:25:00Z,Bovada,bovada,2026-10-04T18:07:17Z,Las Vegas Raiders,Kansas City Chiefs,Rashee Rice,,,WR,player_reception_yds,Full Game,52.5,Over,-150,bovada|Rashee Rice|player_reception_yds|52.5,0.6,0.56331878,https://api.the-odds-api.com/v4/sports/americanfootball_nfl
2026,4,e0cbd266dcf997089203a1b33ba0333d,2026-10-04T20:25:00Z,Bovada,bovada,2026-10-04T18:07:17Z,Las Vegas Raiders,Kansas City Chiefs,Rashee Rice,,,WR,player_reception_yds,Full Game,52.5,Under,115,bovada|Rashee Rice|player_reception_yds|52.5,0.46511628,0.43668122,https://api.the-odds-api.com/v4/sports/americanfootball_nfl
2026,4,e0cbd266dcf997089203a1b33ba0333d,2026-10-04T20:25:00Z,Bovada,bovada,2026-10-04T18:07:17Z,Las Vegas Raiders,Kansas City Chiefs,Rashee Rice,,,WR,player_reception_yds,Full Game,57.5,Over,-120,bovada|Rashee Rice|player_reception_yds|57.5,0.54545455,0.51012146,https://api.the-odds-api.com/v4/sports/americanfootball_nfl
2026,4,e0cbd266dcf997089203a1b33ba0333d,2026-10-04T20:25:00Z,Bovada,bovada,2026-10-04T18:07:17Z,Las Vegas Raiders,Kansas City Chiefs,Rashee Rice,,,WR,player_reception_yds,Full Game,57.5,Under,-110,bovada|Rashee Rice|player_reception_yds|57.5,0.52380952,0.48987854,https://api.the-odds-api.com/v4/sports/americanfootball_nfl
2026,4,e0cbd266dcf997089203a1b33ba0333d,2026-10-04T20:25:00Z,Bovada,bovada,2026-10-04T18:07:17Z,Las Vegas Raiders,Kansas City Chiefs,Rashee Rice,,,WR,player_reception_yds,Full Game,62.5,Over,105,bovada|Rashee Rice|player_reception_yds|62.5,0.48780488,0.4592086,https://api.the-odds-api.com/v4/sports/americanfootball_nfl
2026,4,e0cbd266dcf997089203a1b33ba0333d,2026-10-04T20:25:00Z,Bovada,bovada,2026-10-04T18:07:17Z,Las Vegas Raiders,Kansas City Chiefs,Rashee Rice,,,WR,player_reception_yds,Full Game,62.5,Under,-135,bovada|Rashee Rice|player_reception_yds|62.5,0.57446809,0.5407914,https://api.the-odds-api.com/v4/sports/americanfootball_nfl
2026,4,e0cbd266dcf997089203a1b33ba0333d,2026-10-04T20:25:00Z,Bovada,bovada,2026-10-04T18:07:17Z,Las Vegas Raiders,Kansas City Chiefs,Rashee Rice,,,WR,player_reception_yds,Full Game,67.5,Over,130,bovada|Rashee Rice|player_reception_yds|67.5,0.43478261,0.40847201,https://api.the-odds-api.com/v4/sports/americanfootball_nfl
2026,4,e0cbd266dcf997089203a1b33ba0333d,2026-10-04T20:25:00Z,Bovada,bovada,2026-10-04T18:07:17Z,Las Vegas Raiders,Kansas City Chiefs,Rashee Rice,,,WR,player_reception_yds,Full Game,67.5,Under,-170,bovada|Rashee Rice|player_reception_yds|67.5,0.62962963,0.59152799,https://api.the-odds-api.com/v4/sports/americanfootball_nfl
2026,4,e0cbd266dcf997089203a1b33ba0333d,2026-10-04T20:25:00Z,Bovada,bovada,2026-10-04T18:07:17Z,Las Vegas Raiders,Kansas City Chiefs,Travis Kelce,,,WR,player_reception_yds,Full Game,40.5,Over,-200,bovada|Travis Kelce|player_reception_yds|40.5,0.66666667,0.625,https://api.the-odds-api.com/v4/sports/americanfootball_nfl
2026,4,e0cbd266dcf997089203a1b33ba0333d,2026-10-04T20:25:00Z,Bovada,bovada,2026-10-04T18:07:17Z,Las Vegas Raiders,Kansas City Chiefs,Travis Kelce,,,WR,player_reception_yds,Full Game,40.5,Under,150,bovada|Travis Kelce|player_reception_yds|40.5,0.4,0.375,https://api.the-odds-api.com/v4/sports/americanfootball_nfl
2026,4,e0cbd266dcf997089203a1b33ba0333d,2026-10-04T20:25:00Z,Bovada,bovada,2026-10-04T18:07:17Z,Las Vegas Raiders,Kansas City Chiefs,Travis Kelce,,,WR,player_reception_yds,Full Game,45.5,Over,-150,bovada|Travis Kelce|player_reception_yds|45.5,0.6,0.56331878,https://api.the-odds-api.com/v4/sports/americanfootball_nfl
2026,4,e0cbd266dcf997089203a1b33ba0333d,2026-10-04T20:25:00Z,Bovada,bovada,2026-10-04T18:07:17Z,Las Vegas Raiders,Kansas City Chiefs,Travis Kelce,,,WR,player_reception_yds,Full Game,45.5,Under,115,bovada|Travis Kelce|player_reception_yds|45.5,0.46511628,0.43668122,https://api.the-odds-api.com/v4/sports/americanfootball_nfl
2026,4,e0cbd266dcf997089203a1b33ba0333d,2026-10-04T20:25:00Z,Bovada,bovada,2026-10-04T18:07:17Z,Las Vegas Raiders,Kansas City Chiefs,Travis Kelce,,,WR,player_reception_yds,Full Game,50.5,Over,-115,bovada|Travis Kelce|player_reception_yds|50.5,0.53488372,0.5,https://api.the-odds-api.com/v4/sports/americanfootball_nfl
2026,4,e0cbd266dcf997089203a1b33ba0333d,2026-10-04T20:25:00Z,Bovada,bovada,2026-10-04T18:07:17Z,Las Vegas Raiders,Kansas City Chiefs,Travis Kelce,,,WR,player_reception_yds,Full Game,50.5,Under,-115,bovada|Travis Kelce|player_reception_yds|50.5,0.53488372,0.5,https://api.the-odds-api.com/v4/sports/americanfootball_nfl
2026,4,e0cbd266dcf997089203a1b33ba0333d,2026-10-04T20:25:00Z,Bovada,bovada,2026-10-04T18:07:17Z,Las Vegas Raiders,Kansas City Chiefs,Travis Kelce,,,WR,player_reception_yds,Full Game,55.5,Over,110,bovada|Travis Kelce|player_reception_yds|55.5,0.47619048,0.44585988,https://api.the-odds-api.com/v4/sports/americanfootball_nfl
2026,4,e0cbd266dcf997089203a1b33ba0333d,2026-10-04T20:25:00Z,Bovada,bovada,2026-10-04T18:07:17Z,Las Vegas Raiders,Kansas City Chiefs,Travis Kelce,,,WR,player_reception_yds,Full Game,55.5,Under,-145,bovada|Travis Kelce|player_reception_yds|55.5,0.59183673,0.55414012,https://api.the-odds-api.com/v4/sports/americanfootball_nfl
2026,4,e0cbd266dcf997089203a1b33ba0333d,2026-10-04T20:25:00Z,Bovada,bovada,2026-10-04T18:07:17Z,Las Vegas Raiders,Kansas City Chiefs,Travis Kelce,,,WR,player_reception_yds,Full Game,60.5,Over,140,bovada|Travis Kelce|player_reception_yds|60.5,0.41666667,0.3909465,https://api.the-odds-api.com/v4/sports/americanfootball_nfl
2026,4,e0cbd266dcf997089203a1b33ba0333d,2026-10-04T20:25:00Z,Bovada,bovada,2026-10-04T18:07:17Z,Las Vegas Raiders,Kansas City Chiefs,Travis Kelce,,,WR,player_reception_yds,Full Game,60.5,Under,-185,bovada|Travis Kelce|player_reception_yds|60.5,0.64912281,0.6090535,https://api.the-odds-api.com/v4/sports/americanfootball_nfl
2026,4,e0cbd266dcf997089203a1b33ba0333d,2026-10-04T20:25:00Z,Bovada,bovada,2026-10-04T18:07:17Z,Las Vegas Raiders,Kansas City Chiefs,Tre Tucker,,,WR,player_reception_yds,Full Game,27.5,Over,-220,bovada|Tre Tucker|player_reception_yds|27.5,0.6875,0.64562569,https://api.the-odds-api.com/v4/sports/americanfootball_nfl
2026,4,e0cbd266dcf997089203a1b33ba0333d,2026-10-04T20:25:00Z,Bovada,bovada,2026-10-04T18:07:17Z,Las Vegas Raiders,Kansas City Chiefs,Tre Tucker,,,WR,player_reception_yds,Full Game,27.5,Under,165,bovada|Tre Tucker|player_reception_yds|27.5,0.37735849,0.35437431,https://api.the-odds-api.com/v4/sports/americanfootball_nfl
2026,4,e0cbd266dcf997089203a1b33ba0333d,2026-10-04T20:25:00Z,Bovada,bovada,2026-10-04T18:07:17Z,Las Vegas Raiders,Kansas City Chiefs,Tre Tucker,,,WR,player_reception_yds,Full Game,32.5,Over,-160,bovada|Tre Tucker|player_reception_yds|32.5,0.61538462,0.5751634,https://api.the-odds-api.com/v4/sports/americanfootball_nfl
2026,4,e0cbd266dcf997089203a1b33ba0333d,2026-10-04T20:25:00Z,Bovada,bovada,2026-10-04T18:07:17Z,Las Vegas Raiders,Kansas City Chiefs,Tre Tucker,,,WR,player_reception_yds,Full Game,32.5,Under,120,bovada|Tre Tucker|player_reception_yds|32.5,0.45454545,0.4248366,https://api.the-odds-api.com/v4/sports/americanfootball_nfl
2026,4,e0cbd266dcf997089203a1b33ba0333d,2026-10-04T20:25:00Z,Bovada,bovada,2026-10-04T18:07:17Z,Las Vegas Raiders,Kansas City Chiefs,Tre Tucker,,,WR,player_reception_yds,Full Game,37.5,Over,-115,bovada|Tre Tucker|player_reception_yds|37.5,0.53488372,0.5,https://api.the-odds-api.com/v4/sports/americanfootball_nfl
2026,4,e0cbd266dcf997089203a1b33ba0333d,2026-10-04T20:25:00Z,Bovada,bovada,2026-10-04T18:07:17Z,Las Vegas Raiders,Kansas City Chiefs,Tre Tucker,,,WR,player_reception_yds,Full Game,37.5,Under,-115,bovada|Tre Tucker|player_reception_yds|37.5,0.53488372,0.5,https://api.the-odds-api.com/v4/sports/americanfootball_nfl
2026,4,e0cbd266dcf997089203a1b33ba0333d,2026-10-04T20:25:00Z,Bovada,bovada,2026-10-04T18:07:17Z,Las Vegas Raiders,Kansas City Chiefs,Tre Tucker,,,WR,player_reception_yds,Full Game,42.5,Over,115,bovada|Tre Tucker|player_reception_yds|42.5,0.46511628,0.43668122,https://api.the-odds-api.com/v4/sports/americanfootball_nfl
2026,4,e0cbd266dcf997089203a1b33ba0333d,2026-10-04T20:25:00Z,Bovada,bovada,2026-10-04T18:07:17Z,Las Vegas Raiders,Kansas City Chiefs,Tre Tucker,,,WR,player_reception_yds,Full Game,42.5,Under,-150,bovada|Tre Tucker|player_reception_yds|42.5,0.6,0.56331878,https://api.the-odds-api.com/v4/sports/americanfootball_nfl
2026,4,e0cbd266dcf997089203a1b33ba0333d,2026-10-04T20:25:00Z,Bovada,bovada,2026-10-04T18:07:17Z,Las Vegas Raiders,Kansas City Chiefs,Tre Tucker,,,WR,player_reception_yds,Full Game,47.5,Over,150,bovada|Tre Tucker|player_reception_yds|47.5,0.4,0.375,https://api.the-odds-api.com/v4/sports/americanfootball_nfl
2026,4,e0cbd266dcf997089203a1b33ba0333d,2026-10-04T20:25:00Z,Bovada,bovada,2026-10-04T18:07:17Z,Las Vegas Raiders,Kansas City Chiefs,Tre Tucker,,,WR,player_reception_yds,Full Game,47.5,Under,-200,bovada|Tre Tucker|player_reception_yds|47.5,0.66666667,0.625,https://api.the-odds-api.com/v4/sports/americanfootball_nfl
2026,4,e0cbd266dcf997089203a1b33ba0333d,2026-10-04T20:25:00Z,Bovada,bovada,2026-10-04T18:07:17Z,Las Vegas Raiders,Kansas City Chiefs,Tyquan Thornton,,,WR,player_reception_yds,Full Game,21.5,Over,-115,bovada|Tyquan Thornton|player_reception_yds|21.5,0.53488372,0.5,https://api.the-odds-api.com/v4/sports/americanfootball_nfl
2026,4,e0cbd266dcf997089203a1b33ba0333d,2026-10-04T20:25:00Z,Bovada,bovada,2026-10-04T18:07:17Z,Las Vegas Raiders,Kansas City Chiefs,Tyquan Thornton,,,WR,player_reception_yds,Full Game,21.5,Under,-115,bovada|Tyquan Thornton|player_reception_yds|21.5,0.53488372,0.5,https://api.the-odds-api.com/v4/sports/americanfootball_nfl
2026,4,e0cbd266dcf997089203a1b33ba0333d,2026-10-04T20:25:00Z,Bovada,bovada,2026-10-04T18:07:17Z,Las Vegas Raiders,Kansas City Chiefs,Xavier Worthy,,,WR,player_reception_yds,Full Game,24.5,Over,-230,bovada|Xavier Worthy|player_reception_yds|24.5,0.6969697,0.65299685,https://api.the-odds-api.com/v4/sports/americanfootball_nfl
2026,4,e0cbd266dcf997089203a1b33ba0333d,2026-10-04T20:25:00Z,Bovada,bovada,2026-10-04T18:07:17Z,Las Vegas Raiders,Kansas City Chiefs,Xavier Worthy,,,WR,player_reception_yds,Full Game,24.5,Under,170,bovada|Xavier Worthy|player_reception_yds|24.5,0.37037037,0.34700315,https://api.the-odds-api.com/v4/sports/americanfootball_nfl
2026,4,e0cbd266dcf997089203a1b33ba0333d,2026-10-04T20:25:00Z,Bovada,bovada,2026-10-04T18:07:17Z,Las Vegas Raiders,Kansas City Chiefs,Xavier Worthy,,,WR,player_reception_yds,Full Game,29.5,Over,-160,bovada|Xavier Worthy|player_reception_yds|29.5,0.61538462,0.5751634,https://api.the-odds-api.com/v4/sports/americanfootball_nfl
2026,4,e0cbd266dcf997089203a1b33ba0333d,2026-10-04T20:25:00Z,Bovada,bovada,2026-10-04T18:07:17Z,Las Vegas Raiders,Kansas City Chiefs,Xavier Worthy,,,WR,player_reception_yds,Full Game,29.5,Under,120,bovada|Xavier Worthy|player_reception_yds|29.5,0.45454545,0.4248366,https://api.the-odds-api.com/v4/sports/americanfootball_nfl
2026,4,e0cbd266dcf997089203a1b33ba0333d,2026-10-04T20:25:00Z,Bovada,bovada,2026-10-04T18:07:17Z,Las Vegas Raiders,Kansas City Chiefs,Xavier Worthy,,,WR,player_reception_yds,Full Game,34.5,Over,-115,bovada|Xavier Worthy|player_reception_yds|34.5,0.53488372,0.5,https://api.the-odds-api.com/v4/sports/americanfootball_nfl
2026,4,e0cbd266dcf997089203a1b33ba0333d,2026-10-04T20:25:00Z,Bovada,bovada,2026-10-04T18:07:17Z,Las Vegas Raiders,Kansas City Chiefs,Xavier Worthy,,,WR,player_reception_yds,Full Game,34.5,Under,-115,bovada|Xavier Worthy|player_reception_yds|34.5,0.53488372,0.5,https://api.the-odds-api.com/v4/sports/americanfootball_nfl
2026,4,e0cbd266dcf997089203a1b33ba0333d,2026-10-04T20:25:00Z,Bovada,bovada,2026-10-04T18:07:17Z,Las Vegas Raiders,Kansas City Chiefs,Xavier Worthy,,,WR,player_reception_yds,Full Game,39.5,Over,115,bovada|Xavier Worthy|player_reception_yds|39.5,0.46511628,0.43668122,https://api.the-odds-api.com/v4/sports/americanfootball_nfl
2026,4,e0cbd266dcf997089203a1b33ba0333d,2026-10-04T20:25:00Z,Bovada,bovada,2026-10-04T18:07:17Z,Las Vegas Raiders,Kansas City Chiefs,Xavier Worthy,,,WR,player_reception_yds,Full Game,39.5,Under,-150,bovada|Xavier Worthy|player_reception_yds|39.5,0.6,0.56331878,https://api.the-odds-api.com/v4/sports/americanfootball_nfl
2026,4,e0cbd266dcf997089203a1b33ba0333d,2026-10-04T20:25:00Z,Bovada,bovada,2026-10-04T18:07:17Z,Las Vegas Raiders,Kansas City Chiefs,Xavier Worthy,,,WR,player_reception_yds,Full Game,44.5,Over,150,bovada|Xavier Worthy|player_reception_yds|44.5,0.4,0.375,https://api.the-odds-api.com/v4/sports/americanfootball_nfl
2026,4,e0cbd266dcf997089203a1b33ba0333d,2026-10-04T20:25:00Z,Bovada,bovada,2026-10-04T18:07:17Z,Las Vegas Raiders,Kansas City Chiefs,Xavier Worthy,,,WR,player_reception_yds,Full Game,44.5,Under,-200,bovada|Xavier Worthy|player_reception_yds|44.5,0.66666667,0.625,https://api.the-odds-api.com/v4/sports/americanfootball_nfl
2026,4,e0cbd266dcf997089203a1b33ba0333d,2026-10-04T20:25:00Z,Bovada,bovada,2026-10-04T18:07:17Z,Las Vegas Raiders,Kansas City Chiefs,Ashton Jeanty,,,RB,player_rush_yds,Full Game,48.5,Over,-210,bovada|Ashton Jeanty|player_rush_yds|48.5,0.67741935,0.63335305,https://api.the-odds-api.com/v4/sports/americanfootball_nfl
2026,4,e0cbd266dcf997089203a1b33ba0333d,2026-10-04T20:25:00Z,Bovada,bovada,2026-10-04T18:07:17Z,Las Vegas Raiders,Kansas City Chiefs,Ashton Jeanty,,,RB,player_rush_yds,Full Game,48.5,Under,155,bovada|Ashton Jeanty|player_rush_yds|48.5,0.39215686,0.36664695,https://api.the-odds-api.com/v4/sports/americanfootball_nfl
2026,4,e0cbd266dcf997089203a1b33ba0333d,2026-10-04T20:25:00Z,Bovada,bovada,2026-10-04T18:07:17Z,Las Vegas Raiders,Kansas City Chiefs,Ashton Jeanty,,,RB,player_rush_yds,Full Game,53.5,Over,-150,bovada|Ashton Jeanty|player_rush_yds|53.5,0.6,0.56331878,https://api.the-odds-api.com/v4/sports/americanfootball_nfl
2026,4,e0cbd266dcf997089203a1b33ba0333d,2026-10-04T20:25:00Z,Bovada,bovada,2026-10-04T18:07:17Z,Las Vegas Raiders,Kansas City Chiefs,Ashton Jeanty,,,RB,player_rush_yds,Full Game,53.5,Under,115,bovada|Ashton Jeanty|player_rush_yds|53.5,0.46511628,0.43668122,https://api.the-odds-api.com/v4/sports/americanfootball_nfl
2026,4,e0cbd266dcf997089203a1b33ba0333d,2026-10-04T20:25:00Z,Bovada,bovada,2026-10-04T18:07:17Z,Las Vegas Raiders,Kansas City Chiefs,Ashton Jeanty,,,RB,player_rush_yds,Full Game,58.5,Over,-115,bovada|Ashton Jeanty|player_rush_yds|58.5,0.53488372,0.5,https://api.the-odds-api.com/v4/sports/americanfootball_nfl
2026,4,e0cbd266dcf997089203a1b33ba0333d,2026-10-04T20:25:00Z,Bovada,bovada,2026-10-04T18:07:17Z,Las Vegas Raiders,Kansas City Chiefs,Ashton Jeanty,,,RB,player_rush_yds,Full Game,58.5,Under,-115,bovada|Ashton Jeanty|player_rush_yds|58.5,0.53488372,0.5,https://api.the-odds-api.com/v4/sports/americanfootball_nfl
2026,4,e0cbd266dcf997089203a1b33ba0333d,2026-10-04T20:25:00Z,Bovada,bovada,2026-10-04T18:07:17Z,Las Vegas Raiders,Kansas City Chiefs,Ashton Jeanty,,,RB,player_rush_yds,Full Game,63.5,Over,115,bovada|Ashton Jeanty|player_rush_yds|63.5,0.46511628,0.43668122,https://api.the-odds-api.com/v4/sports/americanfootball_nfl
2026,4,e0cbd266dcf997089203a1b33ba0333d,2026-10-04T20:25:00Z,Bovada,bovada,2026-10-04T18:07:17Z,Las Vegas Raiders,Kansas City Chiefs,Ashton Jeanty,,,RB,player_rush_yds,Full Game,63.5,Under,-150,bovada|Ashton Jeanty|player_rush_yds|63.5,0.6,0.56331878,https://api.the-odds-api.com/v4/sports/americanfootball_nfl
2026,4,e0cbd266dcf997089203a1b33ba0333d,2026-10-04T20:25:00Z,Bovada,bovada,2026-10-04T18:07:17Z,Las Vegas Raiders,Kansas City Chiefs,Ashton Jeanty,,,RB,player_rush_yds,Full Game,68.5,Over,145,bovada|Ashton Jeanty|player_rush_yds|68.5,0.40816327,0.38385176,https://api.the-odds-api.com/v4/sports/americanfootball_nfl
2026,4,e0cbd266dcf997089203a1b33ba0333d,2026-10-04T20:25:00Z,Bovada,bovada,2026-10-04T18:07:17Z,Las Vegas Raiders,Kansas City Chiefs,Ashton Jeanty,,,RB,player_rush_yds,Full Game,68.5,Under,-190,bovada|Ashton Jeanty|player_rush_yds|68.5,0.65517241,0.61614824,https://api.the-odds-api.com/v4/sports/americanfootball_nfl
2026,4,e0cbd266dcf997089203a1b33ba0333d,2026-10-04T20:25:00Z,Bovada,bovada,2026-10-04T18:07:17Z,Las Vegas Raiders,Kansas City Chiefs,Emmett Johnson,,,RB,player_rush_yds,Full Game,15.5,Over,-115,bovada|Emmett Johnson|player_rush_yds|15.5,0.53488372,0.5,https://api.the-odds-api.com/v4/sports/americanfootball_nfl
2026,4,e0cbd266dcf997089203a1b33ba0333d,2026-10-04T20:25:00Z,Bovada,bovada,2026-10-04T18:07:17Z,Las Vegas Raiders,Kansas City Chiefs,Emmett Johnson,,,RB,player_rush_yds,Full Game,15.5,Under,-115,bovada|Emmett Johnson|player_rush_yds|15.5,0.53488372,0.5,https://api.the-odds-api.com/v4/sports/americanfootball_nfl
2026,4,e0cbd266dcf997089203a1b33ba0333d,2026-10-04T20:25:00Z,Bovada,bovada,2026-10-04T18:07:17Z,Las Vegas Raiders,Kansas City Chiefs,Kenneth Walker III,,,RB,player_rush_yds,Full Game,66.5,Over,-320,bovada|Kenneth Walker III|player_rush_yds|66.5,0.76190476,0.71544716,https://api.the-odds-api.com/v4/sports/americanfootball_nfl
2026,4,e0cbd266dcf997089203a1b33ba0333d,2026-10-04T20:25:00Z,Bovada,bovada,2026-10-04T18:07:17Z,Las Vegas Raiders,Kansas City Chiefs,Kenneth Walker III,,,RB,player_rush_yds,Full Game,66.5,Under,230,bovada|Kenneth Walker III|player_rush_yds|66.5,0.3030303,0.28455284,https://api.the-odds-api.com/v4/sports/americanfootball_nfl
2026,4,e0cbd266dcf997089203a1b33ba0333d,2026-10-04T20:25:00Z,Bovada,bovada,2026-10-04T18:07:17Z,Las Vegas Raiders,Kansas City Chiefs,Kenneth Walker III,,,RB,player_rush_yds,Full Game,76.5,Over,-185,bovada|Kenneth Walker III|player_rush_yds|76.5,0.64912281,0.6090535,https://api.the-odds-api.com/v4/sports/americanfootball_nfl
2026,4,e0cbd266dcf997089203a1b33ba0333d,2026-10-04T20:25:00Z,Bovada,bovada,2026-10-04T18:07:17Z,Las Vegas Raiders,Kansas City Chiefs,Kenneth Walker III,,,RB,player_rush_yds,Full Game,76.5,Under,140,bovada|Kenneth Walker III|player_rush_yds|76.5,0.41666667,0.3909465,https://api.the-odds-api.com/v4/sports/americanfootball_nfl
2026,4,e0cbd266dcf997089203a1b33ba0333d,2026-10-04T20:25:00Z,Bovada,bovada,2026-10-04T18:07:17Z,Las Vegas Raiders,Kansas City Chiefs,Kenneth Walker III,,,RB,player_rush_yds,Full Game,86.5,Over,-115,bovada|Kenneth Walker III|player_rush_yds|86.5,0.53488372,0.5,https://api.the-odds-api.com/v4/sports/americanfootball_nfl
2026,4,e0cbd266dcf997089203a1b33ba0333d,2026-10-04T20:25:00Z,Bovada,bovada,2026-10-04T18:07:17Z,Las Vegas Raiders,Kansas City Chiefs,Kenneth Walker III,,,RB,player_rush_yds,Full Game,86.5,Under,-115,bovada|Kenneth Walker III|player_rush_yds|86.5,0.53488372,0.5,https://api.the-odds-api.com/v4/sports/americanfootball_nfl
2026,4,e0cbd266dcf997089203a1b33ba0333d,2026-10-04T20:25:00Z,Bovada,bovada,2026-10-04T18:07:17Z,Las Vegas Raiders,Kansas City Chiefs,Kenneth Walker III,,,RB,player_rush_yds,Full Game,96.5,Over,135,bovada|Kenneth Walker III|player_rush_yds|96.5,0.42553191,0.39829303,https://api.the-odds-api.com/v4/sports/americanfootball_nfl
2026,4,e0cbd266dcf997089203a1b33ba0333d,2026-10-04T20:25:00Z,Bovada,bovada,2026-10-04T18:07:17Z,Las Vegas Raiders,Kansas City Chiefs,Kenneth Walker III,,,RB,player_rush_yds,Full Game,96.5,Under,-180,bovada|Kenneth Walker III|player_rush_yds|96.5,0.64285714,0.60170697,https://api.the-odds-api.com/v4/sports/americanfootball_nfl
2026,4,e0cbd266dcf997089203a1b33ba0333d,2026-10-04T20:25:00Z,Bovada,bovada,2026-10-04T18:07:17Z,Las Vegas Raiders,Kansas City Chiefs,Kenneth Walker III,,,RB,player_rush_yds,Full Game,106.5,Over,200,bovada|Kenneth Walker III|player_rush_yds|106.5,0.33333333,0.3125,https://api.the-odds-api.com/v4/sports/americanfootball_nfl
2026,4,e0cbd266dcf997089203a1b33ba0333d,2026-10-04T20:25:00Z,Bovada,bovada,2026-10-04T18:07:17Z,Las Vegas Raiders,Kansas City Chiefs,Kenneth Walker III,,,RB,player_rush_yds,Full Game,106.5,Under,-275,bovada|Kenneth Walker III|player_rush_yds|106.5,0.73333333,0.6875,https://api.the-odds-api.com/v4/sports/americanfootball_nfl
2026,4,e0cbd266dcf997089203a1b33ba0333d,2026-10-04T20:25:00Z,Bovada,bovada,2026-10-04T18:07:17Z,Las Vegas Raiders,Kansas City Chiefs,Kirk Cousins,,,RB,player_rush_yds,Full Game,0.5,Over,-110,bovada|Kirk Cousins|player_rush_yds|0.5,0.52380952,0.48987854,https://api.the-odds-api.com/v4/sports/americanfootball_nfl
2026,4,e0cbd266dcf997089203a1b33ba0333d,2026-10-04T20:25:00Z,Bovada,bovada,2026-10-04T18:07:17Z,Las Vegas Raiders,Kansas City Chiefs,Kirk Cousins,,,RB,player_rush_yds,Full Game,0.5,Under,-120,bovada|Kirk Cousins|player_rush_yds|0.5,0.54545455,0.51012146,https://api.the-odds-api.com/v4/sports/americanfootball_nfl
2026,4,e0cbd266dcf997089203a1b33ba0333d,2026-10-04T20:25:00Z,Bovada,bovada,2026-10-04T18:07:17Z,Las Vegas Raiders,Kansas City Chiefs,Mike Washington Jr.,,,RB,player_rush_yds,Full Game,16.5,Over,-125,bovada|Mike Washington Jr.|player_rush_yds|16.5,0.55555556,0.52030457,https://api.the-odds-api.com/v4/sports/americanfootball_nfl
2026,4,e0cbd266dcf997089203a1b33ba0333d,2026-10-04T20:25:00Z,Bovada,bovada,2026-10-04T18:07:17Z,Las Vegas Raiders,Kansas City Chiefs,Mike Washington Jr.,,,RB,player_rush_yds,Full Game,16.5,Under,-105,bovada|Mike Washington Jr.|player_rush_yds|16.5,0.51219512,0.47969543,https://api.the-odds-api.com/v4/sports/americanfootball_nfl
2026,4,e0cbd266dcf997089203a1b33ba0333d,2026-10-04T20:25:00Z,Bovada,bovada,2026-10-04T18:07:17Z,Las Vegas Raiders,Kansas City Chiefs,Patrick Mahomes,,,RB,player_rush_yds,Full Game,15.5,Over,-110,bovada|Patrick Mahomes|player_rush_yds|15.5,0.52380952,0.48987854,https://api.the-odds-api.com/v4/sports/americanfootball_nfl
2026,4,e0cbd266dcf997089203a1b33ba0333d,2026-10-04T20:25:00Z,Bovada,bovada,2026-10-04T18:07:17Z,Las Vegas Raiders,Kansas City Chiefs,Patrick Mahomes,,,RB,player_rush_yds,Full Game,15.5,Under,-120,bovada|Patrick Mahomes|player_rush_yds|15.5,0.54545455,0.51012146,https://api.the-odds-api.com/v4/sports/americanfootball_nfl
2026,4,e0cbd266dcf997089203a1b33ba0333d,2026-10-04T20:25:00Z,Underdog,underdog,2026-10-04T18:07:52Z,Las Vegas Raiders,Kansas City Chiefs,Ashton Jeanty,,,WR,player_reception_yds,Full Game,19.5,Over,-137,underdog|Ashton Jeanty|player_reception_yds|19.5,0.57805907,0.5,https://api.the-odds-api.com/v4/sports/americanfootball_nfl
2026,4,e0cbd266dcf997089203a1b33ba0333d,2026-10-04T20:25:00Z,Underdog,underdog,2026-10-04T18:07:52Z,Las Vegas Raiders,Kansas City Chiefs,Ashton Jeanty,,,WR,player_reception_yds,Full Game,19.5,Under,-137,underdog|Ashton Jeanty|player_reception_yds|19.5,0.57805907,0.5,https://api.the-odds-api.com/v4/sports/americanfootball_nfl
2026,4,e0cbd266dcf997089203a1b33ba0333d,2026-10-04T20:25:00Z,Underdog,underdog,2026-10-04T18:07:52Z,Las Vegas Raiders,Kansas City Chiefs,Kenneth Walker III,,,WR,player_reception_yds,Full Game,22.5,Over,-137,underdog|Kenneth Walker III|player_reception_yds|22.5,0.57805907,0.5,https://api.the-odds-api.com/v4/sports/americanfootball_nfl
2026,4,e0cbd266dcf997089203a1b33ba0333d,2026-10-04T20:25:00Z,Underdog,underdog,2026-10-04T18:07:52Z,Las Vegas Raiders,Kansas City Chiefs,Kenneth Walker III,,,WR,player_reception_yds,Full Game,22.5,Under,-137,underdog|Kenneth Walker III|player_reception_yds|22.5,0.57805907,0.5,https://api.the-odds-api.com/v4/sports/americanfootball_nfl
2026,4,e0cbd266dcf997089203a1b33ba0333d,2026-10-04T20:25:00Z,Underdog,underdog,2026-10-04T18:07:52Z,Las Vegas Raiders,Kansas City Chiefs,Rashee Rice,,,WR,player_reception_yds,Full Game,57.5,Over,-137,underdog|Rashee Rice|player_reception_yds|57.5,0.57805907,0.5,https://api.the-odds-api.com/v4/sports/americanfootball_nfl
2026,4,e0cbd266dcf997089203a1b33ba0333d,2026-10-04T20:25:00Z,Underdog,underdog,2026-10-04T18:07:52Z,Las Vegas Raiders,Kansas City Chiefs,Rashee Rice,,,WR,player_reception_yds,Full Game,57.5,Under,-137,underdog|Rashee Rice|player_reception_yds|57.5,0.57805907,0.5,https://api.the-odds-api.com/v4/sports/americanfootball_nfl
2026,4,e0cbd266dcf997089203a1b33ba0333d,2026-10-04T20:25:00Z,Underdog,underdog,2026-10-04T18:07:52Z,Las Vegas Raiders,Kansas City Chiefs,Xavier Worthy,,,WR,player_reception_yds,Full Game,33.5,Over,-137,underdog|Xavier Worthy|player_reception_yds|33.5,0.57805907,0.5,https://api.the-odds-api.com/v4/sports/americanfootball_nfl
2026,4,e0cbd266dcf997089203a1b33ba0333d,2026-10-04T20:25:00Z,Underdog,underdog,2026-10-04T18:07:52Z,Las Vegas Raiders,Kansas City Chiefs,Xavier Worthy,,,WR,player_reception_yds,Full Game,33.5,Under,-137,underdog|Xavier Worthy|player_reception_yds|33.5,0.57805907,0.5,https://api.the-odds-api.com/v4/sports/americanfootball_nfl
2026,4,e0cbd266dcf997089203a1b33ba0333d,2026-10-04T20:25:00Z,Underdog,underdog,2026-10-04T18:07:52Z,Las Vegas Raiders,Kansas City Chiefs,Travis Kelce,,,WR,player_reception_yds,Full Game,47.5,Over,-137,underdog|Travis Kelce|player_reception_yds|47.5,0.57805907,0.5,https://api.the-odds-api.com/v4/sports/americanfootball_nfl
2026,4,e0cbd266dcf997089203a1b33ba0333d,2026-10-04T20:25:00Z,Underdog,underdog,2026-10-04T18:07:52Z,Las Vegas Raiders,Kansas City Chiefs,Travis Kelce,,,WR,player_reception_yds,Full Game,47.5,Under,-137,underdog|Travis Kelce|player_reception_yds|47.5,0.57805907,0.5,https://api.the-odds-api.com/v4/sports/americanfootball_nfl
2026,4,e0cbd266dcf997089203a1b33ba0333d,2026-10-04T20:25:00Z,Underdog,underdog,2026-10-04T18:07:52Z,Las Vegas Raiders,Kansas City Chiefs,Brock Bowers,,,WR,player_reception_yds,Full Game,69.5,Over,-137,underdog|Brock Bowers|player_reception_yds|69.5,0.57805907,0.5,https://api.the-odds-api.com/v4/sports/americanfootball_nfl
2026,4,e0cbd266dcf997089203a1b33ba0333d,2026-10-04T20:25:00Z,Underdog,underdog,2026-10-04T18:07:52Z,Las Vegas Raiders,Kansas City Chiefs,Brock Bowers,,,WR,player_reception_yds,Full Game,69.5,Under,-137,underdog|Brock Bowers|player_reception_yds|69.5,0.57805907,0.5,https://api.the-odds-api.com/v4/sports/americanfootball_nfl
2026,4,e0cbd266dcf997089203a1b33ba0333d,2026-10-04T20:25:00Z,Underdog,underdog,2026-10-04T18:07:52Z,Las Vegas Raiders,Kansas City Chiefs,Jalen Nailor,,,WR,player_reception_yds,Full Game,19.5,Over,-137,underdog|Jalen Nailor|player_reception_yds|19.5,0.57805907,0.5,https://api.the-odds-api.com/v4/sports/americanfootball_nfl
2026,4,e0cbd266dcf997089203a1b33ba0333d,2026-10-04T20:25:00Z,Underdog,underdog,2026-10-04T18:07:52Z,Las Vegas Raiders,Kansas City Chiefs,Jalen Nailor,,,WR,player_reception_yds,Full Game,19.5,Under,-137,underdog|Jalen Nailor|player_reception_yds|19.5,0.57805907,0.5,https://api.the-odds-api.com/v4/sports/americanfootball_nfl
2026,4,e0cbd266dcf997089203a1b33ba0333d,2026-10-04T20:25:00Z,Underdog,underdog,2026-10-04T18:07:52Z,Las Vegas Raiders,Kansas City Chiefs,Tre Tucker,,,WR,player_reception_yds,Full Game,38.5,Over,-137,underdog|Tre Tucker|player_reception_yds|38.5,0.57805907,0.5,https://api.the-odds-api.com/v4/sports/americanfootball_nfl
2026,4,e0cbd266dcf997089203a1b33ba0333d,2026-10-04T20:25:00Z,Underdog,underdog,2026-10-04T18:07:52Z,Las Vegas Raiders,Kansas City Chiefs,Tre Tucker,,,WR,player_reception_yds,Full Game,38.5,Under,-137,underdog|Tre Tucker|player_reception_yds|38.5,0.57805907,0.5,https://api.the-odds-api.com/v4/sports/americanfootball_nfl
2026,4,e0cbd266dcf997089203a1b33ba0333d,2026-10-04T20:25:00Z,Underdog,underdog,2026-10-04T18:07:52Z,Las Vegas Raiders,Kansas City Chiefs,Noah Gray,,,WR,player_reception_yds,Full Game,8.5,Over,-137,underdog|Noah Gray|player_reception_yds|8.5,0.57805907,0.5,https://api.the-odds-api.com/v4/sports/americanfootball_nfl
2026,4,e0cbd266dcf997089203a1b33ba0333d,2026-10-04T20:25:00Z,Underdog,underdog,2026-10-04T18:07:52Z,Las Vegas Raiders,Kansas City Chiefs,Noah Gray,,,WR,player_reception_yds,Full Game,8.5,Under,-137,underdog|Noah Gray|player_reception_yds|8.5,0.57805907,0.5,https://api.the-odds-api.com/v4/sports/americanfootball_nfl
2026,4,e0cbd266dcf997089203a1b33ba0333d,2026-10-04T20:25:00Z,Underdog,underdog,2026-10-04T18:07:52Z,Las Vegas Raiders,Kansas City Chiefs,Michael Mayer,,,WR,player_reception_yds,Full Game,25.5,Over,-137,underdog|Michael Mayer|player_reception_yds|25.5,0.57805907,0.5,https://api.the-odds-api.com/v4/sports/americanfootball_nfl
2026,4,e0cbd266dcf997089203a1b33ba0333d,2026-10-04T20:25:00Z,Underdog,underdog,2026-10-04T18:07:52Z,Las Vegas Raiders,Kansas City Chiefs,Michael Mayer,,,WR,player_reception_yds,Full Game,25.5,Under,-137,underdog|Michael Mayer|player_reception_yds|25.5,0.57805907,0.5,https://api.the-odds-api.com/v4/sports/americanfootball_nfl
2026,4,e0cbd266dcf997089203a1b33ba0333d,2026-10-04T20:25:00Z,Underdog,underdog,2026-10-04T18:07:52Z,Las Vegas Raiders,Kansas City Chiefs,Tyquan Thornton,,,WR,player_reception_yds,Full Game,22.5,Over,-137,underdog|Tyquan Thornton|player_reception_yds|22.5,0.57805907,0.5,https://api.the-odds-api.com/v4/sports/americanfootball_nfl
2026,4,e0cbd266dcf997089203a1b33ba0333d,2026-10-04T20:25:00Z,Underdog,underdog,2026-10-04T18:07:52Z,Las Vegas Raiders,Kansas City Chiefs,Tyquan Thornton,,,WR,player_reception_yds,Full Game,22.5,Under,-137,underdog|Tyquan Thornton|player_reception_yds|22.5,0.57805907,0.5,https://api.the-odds-api.com/v4/sports/americanfootball_nfl
2026,4,e0cbd266dcf997089203a1b33ba0333d,2026-10-04T20:25:00Z,Underdog,underdog,2026-10-04T18:07:52Z,Las Vegas Raiders,Kansas City Chiefs,Cody White,,,WR,player_reception_yds,Full Game,9.5,Over,-137,underdog|Cody White|player_reception_yds|9.5,0.57805907,0.5,https://api.the-odds-api.com/v4/sports/americanfootball_nfl
2026,4,e0cbd266dcf997089203a1b33ba0333d,2026-10-04T20:25:00Z,Underdog,underdog,2026-10-04T18:07:52Z,Las Vegas Raiders,Kansas City Chiefs,Cody White,,,WR,player_reception_yds,Full Game,9.5,Under,-137,underdog|Cody White|player_reception_yds|9.5,0.57805907,0.5,https://api.the-odds-api.com/v4/sports/americanfootball_nfl
2026,4,e0cbd266dcf997089203a1b33ba0333d,2026-10-04T20:25:00Z,Underdog,underdog,2026-10-04T18:07:52Z,Las Vegas Raiders,Kansas City Chiefs,Ashton Jeanty,,,RB,player_rush_yds,Full Game,59.5,Over,-137,underdog|Ashton Jeanty|player_rush_yds|59.5,0.57805907,0.5,https://api.the-odds-api.com/v4/sports/americanfootball_nfl
2026,4,e0cbd266dcf997089203a1b33ba0333d,2026-10-04T20:25:00Z,Underdog,underdog,2026-10-04T18:07:52Z,Las Vegas Raiders,Kansas City Chiefs,Ashton Jeanty,,,RB,player_rush_yds,Full Game,59.5,Under,-137,underdog|Ashton Jeanty|player_rush_yds|59.5,0.57805907,0.5,https://api.the-odds-api.com/v4/sports/americanfootball_nfl
2026,4,e0cbd266dcf997089203a1b33ba0333d,2026-10-04T20:25:00Z,Underdog,underdog,2026-10-04T18:07:52Z,Las Vegas Raiders,Kansas City Chiefs,Kenneth Walker III,,,RB,player_rush_yds,Full Game,86.5,Over,-137,underdog|Kenneth Walker III|player_rush_yds|86.5,0.57805907,0.5,https://api.the-odds-api.com/v4/sports/americanfootball_nfl
2026,4,e0cbd266dcf997089203a1b33ba0333d,2026-10-04T20:25:00Z,Underdog,underdog,2026-10-04T18:07:52Z,Las Vegas Raiders,Kansas City Chiefs,Kenneth Walker III,,,RB,player_rush_yds,Full Game,86.5,Under,-137,underdog|Kenneth Walker III|player_rush_yds|86.5,0.57805907,0.5,https://api.the-odds-api.com/v4/sports/americanfootball_nfl
2026,4,e0cbd266dcf997089203a1b33ba0333d,2026-10-04T20:25:00Z,Underdog,underdog,2026-10-04T18:07:52Z,Las Vegas Raiders,Kansas City Chiefs,Patrick Mahomes,,,RB,player_rush_yds,Full Game,15.5,Over,-137,underdog|Patrick Mahomes|player_rush_yds|15.5,0.57805907,0.5,https://api.the-odds-api.com/v4/sports/americanfootball_nfl
2026,4,e0cbd266dcf997089203a1b33ba0333d,2026-10-04T20:25:00Z,Underdog,underdog,2026-10-04T18:07:52Z,Las Vegas Raiders,Kansas City Chiefs,Patrick Mahomes,,,RB,player_rush_yds,Full Game,15.5,Under,-137,underdog|Patrick Mahomes|player_rush_yds|15.5,0.57805907,0.5,https://api.the-odds-api.com/v4/sports/americanfootball_nfl
2026,4,e0cbd266dcf997089203a1b33ba0333d,2026-10-04T20:25:00Z,Underdog,underdog,2026-10-04T18:07:52Z,Las Vegas Raiders,Kansas City Chiefs,Mike Washington Jr.,,,RB,player_rush_yds,Full Game,16.5,Over,-137,underdog|Mike Washington Jr.|player_rush_yds|16.5,0.57805907,0.5,https://api.the-odds-api.com/v4/sports/americanfootball_nfl
2026,4,e0cbd266dcf997089203a1b33ba0333d,2026-10-04T20:25:00Z,Underdog,underdog,2026-10-04T18:07:52Z,Las Vegas Raiders,Kansas City Chiefs,Mike Washington Jr.,,,RB,player_rush_yds,Full Game,16.5,Under,-137,underdog|Mike Washington Jr.|player_rush_yds|16.5,0.57805907,0.5,https://api.the-odds-api.com/v4/sports/americanfootball_nfl
2026,4,e0cbd266dcf997089203a1b33ba0333d,2026-10-04T20:25:00Z,Underdog,underdog,2026-10-04T18:07:52Z,Las Vegas Raiders,Kansas City Chiefs,Emmett Johnson,,,RB,player_rush_yds,Full Game,14.5,Over,-137,underdog|Emmett Johnson|player_rush_yds|14.5,0.57805907,0.5,https://api.the-odds-api.com/v4/sports/americanfootball_nfl
2026,4,e0cbd266dcf997089203a1b33ba0333d,2026-10-04T20:25:00Z,Underdog,underdog,2026-10-04T18:07:52Z,Las Vegas Raiders,Kansas City Chiefs,Emmett Johnson,,,RB,player_rush_yds,Full Game,14.5,Under,-137,underdog|Emmett Johnson|player_rush_yds|14.5,0.57805907,0.5,https://api.the-odds-api.com/v4/sports/americanfootball_nfl
2026,4,e0cbd266dcf997089203a1b33ba0333d,2026-10-04T20:25:00Z,PrizePicks,prizepicks,2026-10-04T18:07:43Z,Las Vegas Raiders,Kansas City Chiefs,Brock Bowers,,,WR,player_reception_yds,Full Game,69.5,Over,-137,prizepicks|Brock Bowers|player_reception_yds|69.5,0.57805907,0.5,https://api.the-odds-api.com/v4/sports/americanfootball_nfl
2026,4,e0cbd266dcf997089203a1b33ba0333d,2026-10-04T20:25:00Z,PrizePicks,prizepicks,2026-10-04T18:07:43Z,Las Vegas Raiders,Kansas City Chiefs,Brock Bowers,,,WR,player_reception_yds,Full Game,69.5,Under,-137,prizepicks|Brock Bowers|player_reception_yds|69.5,0.57805907,0.5,https://api.the-odds-api.com/v4/sports/americanfootball_nfl
2026,4,e0cbd266dcf997089203a1b33ba0333d,2026-10-04T20:25:00Z,PrizePicks,prizepicks,2026-10-04T18:07:43Z,Las Vegas Raiders,Kansas City Chiefs,Rashee Rice,,,WR,player_reception_yds,Full Game,57.5,Over,-137,prizepicks|Rashee Rice|player_reception_yds|57.5,0.57805907,0.5,https://api.the-odds-api.com/v4/sports/americanfootball_nfl
2026,4,e0cbd266dcf997089203a1b33ba0333d,2026-10-04T20:25:00Z,PrizePicks,prizepicks,2026-10-04T18:07:43Z,Las Vegas Raiders,Kansas City Chiefs,Rashee Rice,,,WR,player_reception_yds,Full Game,57.5,Under,-137,prizepicks|Rashee Rice|player_reception_yds|57.5,0.57805907,0.5,https://api.the-odds-api.com/v4/sports/americanfootball_nfl
2026,4,e0cbd266dcf997089203a1b33ba0333d,2026-10-04T20:25:00Z,PrizePicks,prizepicks,2026-10-04T18:07:43Z,Las Vegas Raiders,Kansas City Chiefs,Travis Kelce,,,WR,player_reception_yds,Full Game,50.5,Over,-137,prizepicks|Travis Kelce|player_reception_yds|50.5,0.57805907,0.5,https://api.the-odds-api.com/v4/sports/americanfootball_nfl
2026,4,e0cbd266dcf997089203a1b33ba0333d,2026-10-04T20:25:00Z,PrizePicks,prizepicks,2026-10-04T18:07:43Z,Las Vegas Raiders,Kansas City Chiefs,Travis Kelce,,,WR,player_reception_yds,Full Game,50.5,Under,-137,prizepicks|Travis Kelce|player_reception_yds|50.5,0.57805907,0.5,https://api.the-odds-api.com/v4/sports/americanfootball_nfl
2026,4,e0cbd266dcf997089203a1b33ba0333d,2026-10-04T20:25:00Z,PrizePicks,prizepicks,2026-10-04T18:07:43Z,Las Vegas Raiders,Kansas City Chiefs,Tre Tucker,,,WR,player_reception_yds,Full Game,38.5,Over,-137,prizepicks|Tre Tucker|player_reception_yds|38.5,0.57805907,0.5,https://api.the-odds-api.com/v4/sports/americanfootball_nfl
2026,4,e0cbd266dcf997089203a1b33ba0333d,2026-10-04T20:25:00Z,PrizePicks,prizepicks,2026-10-04T18:07:43Z,Las Vegas Raiders,Kansas City Chiefs,Tre Tucker,,,WR,player_reception_yds,Full Game,38.5,Under,-137,prizepicks|Tre Tucker|player_reception_yds|38.5,0.57805907,0.5,https://api.the-odds-api.com/v4/sports/americanfootball_nfl
2026,4,e0cbd266dcf997089203a1b33ba0333d,2026-10-04T20:25:00Z,PrizePicks,prizepicks,2026-10-04T18:07:43Z,Las Vegas Raiders,Kansas City Chiefs,Xavier Worthy,,,WR,player_reception_yds,Full Game,33.5,Over,-137,prizepicks|Xavier Worthy|player_reception_yds|33.5,0.57805907,0.5,https://api.the-odds-api.com/v4/sports/americanfootball_nfl
2026,4,e0cbd266dcf997089203a1b33ba0333d,2026-10-04T20:25:00Z,PrizePicks,prizepicks,2026-10-04T18:07:43Z,Las Vegas Raiders,Kansas City Chiefs,Xavier Worthy,,,WR,player_reception_yds,Full Game,33.5,Under,-137,prizepicks|Xavier Worthy|player_reception_yds|33.5,0.57805907,0.5,https://api.the-odds-api.com/v4/sports/americanfootball_nfl
2026,4,e0cbd266dcf997089203a1b33ba0333d,2026-10-04T20:25:00Z,PrizePicks,prizepicks,2026-10-04T18:07:43Z,Las Vegas Raiders,Kansas City Chiefs,Michael Mayer,,,WR,player_reception_yds,Full Game,25.5,Over,-137,prizepicks|Michael Mayer|player_reception_yds|25.5,0.57805907,0.5,https://api.the-odds-api.com/v4/sports/americanfootball_nfl
2026,4,e0cbd266dcf997089203a1b33ba0333d,2026-10-04T20:25:00Z,PrizePicks,prizepicks,2026-10-04T18:07:43Z,Las Vegas Raiders,Kansas City Chiefs,Michael Mayer,,,WR,player_reception_yds,Full Game,25.5,Under,-137,prizepicks|Michael Mayer|player_reception_yds|25.5,0.57805907,0.5,https://api.the-odds-api.com/v4/sports/americanfootball_nfl
2026,4,e0cbd266dcf997089203a1b33ba0333d,2026-10-04T20:25:00Z,PrizePicks,prizepicks,2026-10-04T18:07:43Z,Las Vegas Raiders,Kansas City Chiefs,Tyquan Thornton,,,WR,player_reception_yds,Full Game,21.5,Over,-137,prizepicks|Tyquan Thornton|player_reception_yds|21.5,0.57805907,0.5,https://api.the-odds-api.com/v4/sports/americanfootball_nfl
2026,4,e0cbd266dcf997089203a1b33ba0333d,2026-10-04T20:25:00Z,PrizePicks,prizepicks,2026-10-04T18:07:43Z,Las Vegas Raiders,Kansas City Chiefs,Tyquan Thornton,,,WR,player_reception_yds,Full Game,21.5,Under,-137,prizepicks|Tyquan Thornton|player_reception_yds|21.5,0.57805907,0.5,https://api.the-odds-api.com/v4/sports/americanfootball_nfl
2026,4,e0cbd266dcf997089203a1b33ba0333d,2026-10-04T20:25:00Z,PrizePicks,prizepicks,2026-10-04T18:07:43Z,Las Vegas Raiders,Kansas City Chiefs,Kenneth Walker III,,,WR,player_reception_yds,Full Game,20.5,Over,-137,prizepicks|Kenneth Walker III|player_reception_yds|20.5,0.57805907,0.5,https://api.the-odds-api.com/v4/sports/americanfootball_nfl
2026,4,e0cbd266dcf997089203a1b33ba0333d,2026-10-04T20:25:00Z,PrizePicks,prizepicks,2026-10-04T18:07:43Z,Las Vegas Raiders,Kansas City Chiefs,Kenneth Walker III,,,WR,player_reception_yds,Full Game,20.5,Under,-137,prizepicks|Kenneth Walker III|player_reception_yds|20.5,0.57805907,0.5,https://api.the-odds-api.com/v4/sports/americanfootball_nfl
2026,4,e0cbd266dcf997089203a1b33ba0333d,2026-10-04T20:25:00Z,PrizePicks,prizepicks,2026-10-04T18:07:43Z,Las Vegas Raiders,Kansas City Chiefs,Ashton Jeanty,,,WR,player_reception_yds,Full Game,19.5,Over,-137,prizepicks|Ashton Jeanty|player_reception_yds|19.5,0.57805907,0.5,https://api.the-odds-api.com/v4/sports/americanfootball_nfl
2026,4,e0cbd266dcf997089203a1b33ba0333d,2026-10-04T20:25:00Z,PrizePicks,prizepicks,2026-10-04T18:07:43Z,Las Vegas Raiders,Kansas City Chiefs,Ashton Jeanty,,,WR,player_reception_yds,Full Game,19.5,Under,-137,prizepicks|Ashton Jeanty|player_reception_yds|19.5,0.57805907,0.5,https://api.the-odds-api.com/v4/sports/americanfootball_nfl
2026,4,e0cbd266dcf997089203a1b33ba0333d,2026-10-04T20:25:00Z,PrizePicks,prizepicks,2026-10-04T18:07:43Z,Las Vegas Raiders,Kansas City Chiefs,Jalen Nailor,,,WR,player_reception_yds,Full Game,19.5,Over,-137,prizepicks|Jalen Nailor|player_reception_yds|19.5,0.57805907,0.5,https://api.the-odds-api.com/v4/sports/americanfootball_nfl
2026,4,e0cbd266dcf997089203a1b33ba0333d,2026-10-04T20:25:00Z,PrizePicks,prizepicks,2026-10-04T18:07:43Z,Las Vegas Raiders,Kansas City Chiefs,Jalen Nailor,,,WR,player_reception_yds,Full Game,19.5,Under,-137,prizepicks|Jalen Nailor|player_reception_yds|19.5,0.57805907,0.5,https://api.the-odds-api.com/v4/sports/americanfootball_nfl
2026,4,e0cbd266dcf997089203a1b33ba0333d,2026-10-04T20:25:00Z,PrizePicks,prizepicks,2026-10-04T18:07:43Z,Las Vegas Raiders,Kansas City Chiefs,Cody White,,,WR,player_reception_yds,Full Game,10.5,Over,-137,prizepicks|Cody White|player_reception_yds|10.5,0.57805907,0.5,https://api.the-odds-api.com/v4/sports/americanfootball_nfl
2026,4,e0cbd266dcf997089203a1b33ba0333d,2026-10-04T20:25:00Z,PrizePicks,prizepicks,2026-10-04T18:07:43Z,Las Vegas Raiders,Kansas City Chiefs,Cody White,,,WR,player_reception_yds,Full Game,10.5,Under,-137,prizepicks|Cody White|player_reception_yds|10.5,0.57805907,0.5,https://api.the-odds-api.com/v4/sports/americanfootball_nfl
2026,4,e0cbd266dcf997089203a1b33ba0333d,2026-10-04T20:25:00Z,PrizePicks,prizepicks,2026-10-04T18:07:43Z,Las Vegas Raiders,Kansas City Chiefs,Noah Gray,,,WR,player_reception_yds,Full Game,8.5,Over,-137,prizepicks|Noah Gray|player_reception_yds|8.5,0.57805907,0.5,https://api.the-odds-api.com/v4/sports/americanfootball_nfl
2026,4,e0cbd266dcf997089203a1b33ba0333d,2026-10-04T20:25:00Z,PrizePicks,prizepicks,2026-10-04T18:07:43Z,Las Vegas Raiders,Kansas City Chiefs,Noah Gray,,,WR,player_reception_yds,Full Game,8.5,Under,-137,prizepicks|Noah Gray|player_reception_yds|8.5,0.57805907,0.5,https://api.the-odds-api.com/v4/sports/americanfootball_nfl
2026,4,e0cbd266dcf997089203a1b33ba0333d,2026-10-04T20:25:00Z,PrizePicks,prizepicks,2026-10-04T18:07:43Z,Las Vegas Raiders,Kansas City Chiefs,Emmett Johnson,,,WR,player_reception_yds,Full Game,6.5,Over,-137,prizepicks|Emmett Johnson|player_reception_yds|6.5,0.57805907,0.5,https://api.the-odds-api.com/v4/sports/americanfootball_nfl
2026,4,e0cbd266dcf997089203a1b33ba0333d,2026-10-04T20:25:00Z,PrizePicks,prizepicks,2026-10-04T18:07:43Z,Las Vegas Raiders,Kansas City Chiefs,Emmett Johnson,,,WR,player_reception_yds,Full Game,6.5,Under,-137,prizepicks|Emmett Johnson|player_reception_yds|6.5,0.57805907,0.5,https://api.the-odds-api.com/v4/sports/americanfootball_nfl
2026,4,e0cbd266dcf997089203a1b33ba0333d,2026-10-04T20:25:00Z,PrizePicks,prizepicks,2026-10-04T18:07:43Z,Las Vegas Raiders,Kansas City Chiefs,Kenneth Walker III,,,RB,player_rush_yds,Full Game,88.5,Over,-137,prizepicks|Kenneth Walker III|player_rush_yds|88.5,0.57805907,0.5,https://api.the-odds-api.com/v4/sports/americanfootball_nfl
2026,4,e0cbd266dcf997089203a1b33ba0333d,2026-10-04T20:25:00Z,PrizePicks,prizepicks,2026-10-04T18:07:43Z,Las Vegas Raiders,Kansas City Chiefs,Kenneth Walker III,,,RB,player_rush_yds,Full Game,88.5,Under,-137,prizepicks|Kenneth Walker III|player_rush_yds|88.5,0.57805907,0.5,https://api.the-odds-api.com/v4/sports/americanfootball_nfl
2026,4,e0cbd266dcf997089203a1b33ba0333d,2026-10-04T20:25:00Z,PrizePicks,prizepicks,2026-10-04T18:07:43Z,Las Vegas Raiders,Kansas City Chiefs,Ashton Jeanty,,,RB,player_rush_yds,Full Game,58.5,Over,-137,prizepicks|Ashton Jeanty|player_rush_yds|58.5,0.57805907,0.5,https://api.the-odds-api.com/v4/sports/americanfootball_nfl
2026,4,e0cbd266dcf997089203a1b33ba0333d,2026-10-04T20:25:00Z,PrizePicks,prizepicks,2026-10-04T18:07:43Z,Las Vegas Raiders,Kansas City Chiefs,Ashton Jeanty,,,RB,player_rush_yds,Full Game,58.5,Under,-137,prizepicks|Ashton Jeanty|player_rush_yds|58.5,0.57805907,0.5,https://api.the-odds-api.com/v4/sports/americanfootball_nfl
2026,4,e0cbd266dcf997089203a1b33ba0333d,2026-10-04T20:25:00Z,PrizePicks,prizepicks,2026-10-04T18:07:43Z,Las Vegas Raiders,Kansas City Chiefs,Mike Washington Jr.,,,RB,player_rush_yds,Full Game,16.5,Over,-137,prizepicks|Mike Washington Jr.|player_rush_yds|16.5,0.57805907,0.5,https://api.the-odds-api.com/v4/sports/americanfootball_nfl
2026,4,e0cbd266dcf997089203a1b33ba0333d,2026-10-04T20:25:00Z,PrizePicks,prizepicks,2026-10-04T18:07:43Z,Las Vegas Raiders,Kansas City Chiefs,Mike Washington Jr.,,,RB,player_rush_yds,Full Game,16.5,Under,-137,prizepicks|Mike Washington Jr.|player_rush_yds|16.5,0.57805907,0.5,https://api.the-odds-api.com/v4/sports/americanfootball_nfl
2026,4,e0cbd266dcf997089203a1b33ba0333d,2026-10-04T20:25:00Z,PrizePicks,prizepicks,2026-10-04T18:07:43Z,Las Vegas Raiders,Kansas City Chiefs,Patrick Mahomes,,,RB,player_rush_yds,Full Game,15.5,Over,-137,prizepicks|Patrick Mahomes|player_rush_yds|15.5,0.57805907,0.5,https://api.the-odds-api.com/v4/sports/americanfootball_nfl
2026,4,e0cbd266dcf997089203a1b33ba0333d,2026-10-04T20:25:00Z,PrizePicks,prizepicks,2026-10-04T18:07:43Z,Las Vegas Raiders,Kansas City Chiefs,Patrick Mahomes,,,RB,player_rush_yds,Full Game,15.5,Under,-137,prizepicks|Patrick Mahomes|player_rush_yds|15.5,0.57805907,0.5,https://api.the-odds-api.com/v4/sports/americanfootball_nfl
2026,4,e0cbd266dcf997089203a1b33ba0333d,2026-10-04T20:25:00Z,PrizePicks,prizepicks,2026-10-04T18:07:43Z,Las Vegas Raiders,Kansas City Chiefs,Emmett Johnson,,,RB,player_rush_yds,Full Game,15.5,Over,-137,prizepicks|Emmett Johnson|player_rush_yds|15.5,0.57805907,0.5,https://api.the-odds-api.com/v4/sports/americanfootball_nfl
2026,4,e0cbd266dcf997089203a1b33ba0333d,2026-10-04T20:25:00Z,PrizePicks,prizepicks,2026-10-04T18:07:43Z,Las Vegas Raiders,Kansas City Chiefs,Emmett Johnson,,,RB,player_rush_yds,Full Game,15.5,Under,-137,prizepicks|Emmett Johnson|player_rush_yds|15.5,0.57805907,0.5,https://api.the-odds-api.com/v4/sports/americanfootball_nfl
2026,4,e0cbd266dcf997089203a1b33ba0333d,2026-10-04T20:25:00Z,PrizePicks,prizepicks,2026-10-04T18:07:43Z,Las Vegas Raiders,Kansas City Chiefs,Kirk Cousins,,,RB,player_rush_yds,Full Game,0.5,Over,-137,prizepicks|Kirk Cousins|player_rush_yds|0.5,0.57805907,0.5,https://api.the-odds-api.com/v4/sports/americanfootball_nfl
2026,4,e0cbd266dcf997089203a1b33ba0333d,2026-10-04T20:25:00Z,PrizePicks,prizepicks,2026-10-04T18:07:43Z,Las Vegas Raiders,Kansas City Chiefs,Kirk Cousins,,,RB,player_rush_yds,Full Game,0.5,Under,-137,prizepicks|Kirk Cousins|player_rush_yds|0.5,0.57805907,0.5,https://api.the-odds-api.com/v4/sports/americanfootball_nfl
2026,4,e0cbd266dcf997089203a1b33ba0333d,2026-10-04T20:25:00Z,DraftKings Pick6,pick6,2026-10-04T18:07:25Z,Las Vegas Raiders,Kansas City Chiefs,Xavier Worthy,,,WR,player_reception_yds,Full Game,34.5,Over,-137,pick6|Xavier Worthy|player_reception_yds|34.5,0.57805907,0.5,https://api.the-odds-api.com/v4/sports/americanfootball_nfl
2026,4,e0cbd266dcf997089203a1b33ba0333d,2026-10-04T20:25:00Z,DraftKings Pick6,pick6,2026-10-04T18:07:25Z,Las Vegas Raiders,Kansas City Chiefs,Xavier Worthy,,,WR,player_reception_yds,Full Game,34.5,Under,-137,pick6|Xavier Worthy|player_reception_yds|34.5,0.57805907,0.5,https://api.the-odds-api.com/v4/sports/americanfootball_nfl
2026,4,e0cbd266dcf997089203a1b33ba0333d,2026-10-04T20:25:00Z,DraftKings Pick6,pick6,2026-10-04T18:07:25Z,Las Vegas Raiders,Kansas City Chiefs,Cody White,,,WR,player_reception_yds,Full Game,10.5,Over,-137,pick6|Cody White|player_reception_yds|10.5,0.57805907,0.5,https://api.the-odds-api.com/v4/sports/americanfootball_nfl
2026,4,e0cbd266dcf997089203a1b33ba0333d,2026-10-04T20:25:00Z,DraftKings Pick6,pick6,2026-10-04T18:07:25Z,Las Vegas Raiders,Kansas City Chiefs,Cody White,,,WR,player_reception_yds,Full Game,10.5,Under,-137,pick6|Cody White|player_reception_yds|10.5,0.57805907,0.5,https://api.the-odds-api.com/v4/sports/americanfootball_nfl
2026,4,e0cbd266dcf997089203a1b33ba0333d,2026-10-04T20:25:00Z,DraftKings Pick6,pick6,2026-10-04T18:07:25Z,Las Vegas Raiders,Kansas City Chiefs,Ashton Jeanty,,,WR,player_reception_yds,Full Game,21.5,Over,-137,pick6|Ashton Jeanty|player_reception_yds|21.5,0.57805907,0.5,https://api.the-odds-api.com/v4/sports/americanfootball_nfl
2026,4,e0cbd266dcf997089203a1b33ba0333d,2026-10-04T20:25:00Z,DraftKings Pick6,pick6,2026-10-04T18:07:25Z,Las Vegas Raiders,Kansas City Chiefs,Ashton Jeanty,,,WR,player_reception_yds,Full Game,21.5,Under,-137,pick6|Ashton Jeanty|player_reception_yds|21.5,0.57805907,0.5,https://api.the-odds-api.com/v4/sports/americanfootball_nfl
2026,4,e0cbd266dcf997089203a1b33ba0333d,2026-10-04T20:25:00Z,DraftKings Pick6,pick6,2026-10-04T18:07:25Z,Las Vegas Raiders,Kansas City Chiefs,Michael Mayer,,,WR,player_reception_yds,Full Game,24.5,Over,-137,pick6|Michael Mayer|player_reception_yds|24.5,0.57805907,0.5,https://api.the-odds-api.com/v4/sports/americanfootball_nfl
2026,4,e0cbd266dcf997089203a1b33ba0333d,2026-10-04T20:25:00Z,DraftKings Pick6,pick6,2026-10-04T18:07:25Z,Las Vegas Raiders,Kansas City Chiefs,Michael Mayer,,,WR,player_reception_yds,Full Game,24.5,Under,-137,pick6|Michael Mayer|player_reception_yds|24.5,0.57805907,0.5,https://api.the-odds-api.com/v4/sports/americanfootball_nfl
2026,4,e0cbd266dcf997089203a1b33ba0333d,2026-10-04T20:25:00Z,DraftKings Pick6,pick6,2026-10-04T18:07:25Z,Las Vegas Raiders,Kansas City Chiefs,Kenneth Walker III,,,WR,player_reception_yds,Full Game,22.5,Over,-137,pick6|Kenneth Walker III|player_reception_yds|22.5,0.57805907,0.5,https://api.the-odds-api.com/v4/sports/americanfootball_nfl
2026,4,e0cbd266dcf997089203a1b33ba0333d,2026-10-04T20:25:00Z,DraftKings Pick6,pick6,2026-10-04T18:07:25Z,Las Vegas Raiders,Kansas City Chiefs,Kenneth Walker III,,,WR,player_reception_yds,Full Game,22.5,Under,-137,pick6|Kenneth Walker III|player_reception_yds|22.5,0.57805907,0.5,https://api.the-odds-api.com/v4/sports/americanfootball_nfl
2026,4,e0cbd266dcf997089203a1b33ba0333d,2026-10-04T20:25:00Z,DraftKings Pick6,pick6,2026-10-04T18:07:25Z,Las Vegas Raiders,Kansas City Chiefs,Jalen Nailor,,,WR,player_reception_yds,Full Game,20.5,Over,-137,pick6|Jalen Nailor|player_reception_yds|20.5,0.57805907,0.5,https://api.the-odds-api.com/v4/sports/americanfootball_nfl
2026,4,e0cbd266dcf997089203a1b33ba0333d,2026-10-04T20:25:00Z,DraftKings Pick6,pick6,2026-10-04T18:07:25Z,Las Vegas Raiders,Kansas City Chiefs,Jalen Nailor,,,WR,player_reception_yds,Full Game,20.5,Under,-137,pick6|Jalen Nailor|player_reception_yds|20.5,0.57805907,0.5,https://api.the-odds-api.com/v4/sports/americanfootball_nfl
2026,4,e0cbd266dcf997089203a1b33ba0333d,2026-10-04T20:25:00Z,DraftKings Pick6,pick6,2026-10-04T18:07:25Z,Las Vegas Raiders,Kansas City Chiefs,Tyquan Thornton,,,WR,player_reception_yds,Full Game,21.5,Over,-137,pick6|Tyquan Thornton|player_reception_yds|21.5,0.57805907,0.5,https://api.the-odds-api.com/v4/sports/americanfootball_nfl
2026,4,e0cbd266dcf997089203a1b33ba0333d,2026-10-04T20:25:00Z,DraftKings Pick6,pick6,2026-10-04T18:07:25Z,Las Vegas Raiders,Kansas City Chiefs,Tyquan Thornton,,,WR,player_reception_yds,Full Game,21.5,Under,-137,pick6|Tyquan Thornton|player_reception_yds|21.5,0.57805907,0.5,https://api.the-odds-api.com/v4/sports/americanfootball_nfl
2026,4,e0cbd266dcf997089203a1b33ba0333d,2026-10-04T20:25:00Z,DraftKings Pick6,pick6,2026-10-04T18:07:25Z,Las Vegas Raiders,Kansas City Chiefs,Rashee Rice,,,WR,player_reception_yds,Full Game,57.5,Over,-137,pick6|Rashee Rice|player_reception_yds|57.5,0.57805907,0.5,https://api.the-odds-api.com/v4/sports/americanfootball_nfl
2026,4,e0cbd266dcf997089203a1b33ba0333d,2026-10-04T20:25:00Z,DraftKings Pick6,pick6,2026-10-04T18:07:25Z,Las Vegas Raiders,Kansas City Chiefs,Rashee Rice,,,WR,player_reception_yds,Full Game,57.5,Under,-137,pick6|Rashee Rice|player_reception_yds|57.5,0.57805907,0.5,https://api.the-odds-api.com/v4/sports/americanfootball_nfl
2026,4,e0cbd266dcf997089203a1b33ba0333d,2026-10-04T20:25:00Z,DraftKings Pick6,pick6,2026-10-04T18:07:25Z,Las Vegas Raiders,Kansas City Chiefs,Emmett Johnson,,,WR,player_reception_yds,Full Game,6.5,Over,-137,pick6|Emmett Johnson|player_reception_yds|6.5,0.57805907,0.5,https://api.the-odds-api.com/v4/sports/americanfootball_nfl
2026,4,e0cbd266dcf997089203a1b33ba0333d,2026-10-04T20:25:00Z,DraftKings Pick6,pick6,2026-10-04T18:07:25Z,Las Vegas Raiders,Kansas City Chiefs,Emmett Johnson,,,WR,player_reception_yds,Full Game,6.5,Under,-137,pick6|Emmett Johnson|player_reception_yds|6.5,0.57805907,0.5,https://api.the-odds-api.com/v4/sports/americanfootball_nfl
2026,4,e0cbd266dcf997089203a1b33ba0333d,2026-10-04T20:25:00Z,DraftKings Pick6,pick6,2026-10-04T18:07:25Z,Las Vegas Raiders,Kansas City Chiefs,Noah Gray,,,WR,player_reception_yds,Full Game,9.5,Over,-137,pick6|Noah Gray|player_reception_yds|9.5,0.57805907,0.5,https://api.the-odds-api.com/v4/sports/americanfootball_nfl
2026,4,e0cbd266dcf997089203a1b33ba0333d,2026-10-04T20:25:00Z,DraftKings Pick6,pick6,2026-10-04T18:07:25Z,Las Vegas Raiders,Kansas City Chiefs,Noah Gray,,,WR,player_reception_yds,Full Game,9.5,Under,-137,pick6|Noah Gray|player_reception_yds|9.5,0.57805907,0.5,https://api.the-odds-api.com/v4/sports/americanfootball_nfl
2026,4,e0cbd266dcf997089203a1b33ba0333d,2026-10-04T20:25:00Z,DraftKings Pick6,pick6,2026-10-04T18:07:25Z,Las Vegas Raiders,Kansas City Chiefs,Travis Kelce,,,WR,player_reception_yds,Full Game,50.5,Over,-137,pick6|Travis Kelce|player_reception_yds|50.5,0.57805907,0.5,https://api.the-odds-api.com/v4/sports/americanfootball_nfl
2026,4,e0cbd266dcf997089203a1b33ba0333d,2026-10-04T20:25:00Z,DraftKings Pick6,pick6,2026-10-04T18:07:25Z,Las Vegas Raiders,Kansas City Chiefs,Travis Kelce,,,WR,player_reception_yds,Full Game,50.5,Under,-137,pick6|Travis Kelce|player_reception_yds|50.5,0.57805907,0.5,https://api.the-odds-api.com/v4/sports/americanfootball_nfl
2026,4,e0cbd266dcf997089203a1b33ba0333d,2026-10-04T20:25:00Z,DraftKings Pick6,pick6,2026-10-04T18:07:25Z,Las Vegas Raiders,Kansas City Chiefs,Brock Bowers,,,WR,player_reception_yds,Full Game,69.5,Over,-137,pick6|Brock Bowers|player_reception_yds|69.5,0.57805907,0.5,https://api.the-odds-api.com/v4/sports/americanfootball_nfl
2026,4,e0cbd266dcf997089203a1b33ba0333d,2026-10-04T20:25:00Z,DraftKings Pick6,pick6,2026-10-04T18:07:25Z,Las Vegas Raiders,Kansas City Chiefs,Brock Bowers,,,WR,player_reception_yds,Full Game,69.5,Under,-137,pick6|Brock Bowers|player_reception_yds|69.5,0.57805907,0.5,https://api.the-odds-api.com/v4/sports/americanfootball_nfl
2026,4,e0cbd266dcf997089203a1b33ba0333d,2026-10-04T20:25:00Z,DraftKings Pick6,pick6,2026-10-04T18:07:25Z,Las Vegas Raiders,Kansas City Chiefs,Tre Tucker,,,WR,player_reception_yds,Full Game,37.5,Over,-137,pick6|Tre Tucker|player_reception_yds|37.5,0.57805907,0.5,https://api.the-odds-api.com/v4/sports/americanfootball_nfl
2026,4,e0cbd266dcf997089203a1b33ba0333d,2026-10-04T20:25:00Z,DraftKings Pick6,pick6,2026-10-04T18:07:25Z,Las Vegas Raiders,Kansas City Chiefs,Tre Tucker,,,WR,player_reception_yds,Full Game,37.5,Under,-137,pick6|Tre Tucker|player_reception_yds|37.5,0.57805907,0.5,https://api.the-odds-api.com/v4/sports/americanfootball_nfl
2026,4,e0cbd266dcf997089203a1b33ba0333d,2026-10-04T20:25:00Z,DraftKings Pick6,pick6,2026-10-04T18:07:25Z,Las Vegas Raiders,Kansas City Chiefs,Kirk Cousins,,,RB,player_rush_yds,Full Game,0.5,Over,-137,pick6|Kirk Cousins|player_rush_yds|0.5,0.57805907,0.5,https://api.the-odds-api.com/v4/sports/americanfootball_nfl
2026,4,e0cbd266dcf997089203a1b33ba0333d,2026-10-04T20:25:00Z,DraftKings Pick6,pick6,2026-10-04T18:07:25Z,Las Vegas Raiders,Kansas City Chiefs,Kirk Cousins,,,RB,player_rush_yds,Full Game,0.5,Under,-137,pick6|Kirk Cousins|player_rush_yds|0.5,0.57805907,0.5,https://api.the-odds-api.com/v4/sports/americanfootball_nfl
2026,4,e0cbd266dcf997089203a1b33ba0333d,2026-10-04T20:25:00Z,DraftKings Pick6,pick6,2026-10-04T18:07:25Z,Las Vegas Raiders,Kansas City Chiefs,Mike Washington Jr.,,,RB,player_rush_yds,Full Game,16.5,Over,-137,pick6|Mike Washington Jr.|player_rush_yds|16.5,0.57805907,0.5,https://api.the-odds-api.com/v4/sports/americanfootball_nfl
2026,4,e0cbd266dcf997089203a1b33ba0333d,2026-10-04T20:25:00Z,DraftKings Pick6,pick6,2026-10-04T18:07:25Z,Las Vegas Raiders,Kansas City Chiefs,Mike Washington Jr.,,,RB,player_rush_yds,Full Game,16.5,Under,-137,pick6|Mike Washington Jr.|player_rush_yds|16.5,0.57805907,0.5,https://api.the-odds-api.com/v4/sports/americanfootball_nfl
2026,4,e0cbd266dcf997089203a1b33ba0333d,2026-10-04T20:25:00Z,DraftKings Pick6,pick6,2026-10-04T18:07:25Z,Las Vegas Raiders,Kansas City Chiefs,Ashton Jeanty,,,RB,player_rush_yds,Full Game,58.5,Over,-137,pick6|Ashton Jeanty|player_rush_yds|58.5,0.57805907,0.5,https://api.the-odds-api.com/v4/sports/americanfootball_nfl
2026,4,e0cbd266dcf997089203a1b33ba0333d,2026-10-04T20:25:00Z,DraftKings Pick6,pick6,2026-10-04T18:07:25Z,Las Vegas Raiders,Kansas City Chiefs,Ashton Jeanty,,,RB,player_rush_yds,Full Game,58.5,Under,-137,pick6|Ashton Jeanty|player_rush_yds|58.5,0.57805907,0.5,https://api.the-odds-api.com/v4/sports/americanfootball_nfl
2026,4,e0cbd266dcf997089203a1b33ba0333d,2026-10-04T20:25:00Z,DraftKings Pick6,pick6,2026-10-04T18:07:25Z,Las Vegas Raiders,Kansas City Chiefs,Kenneth Walker III,,,RB,player_rush_yds,Full Game,86.5,Over,-137,pick6|Kenneth Walker III|player_rush_yds|86.5,0.57805907,0.5,https://api.the-odds-api.com/v4/sports/americanfootball_nfl
2026,4,e0cbd266dcf997089203a1b33ba0333d,2026-10-04T20:25:00Z,DraftKings Pick6,pick6,2026-10-04T18:07:25Z,Las Vegas Raiders,Kansas City Chiefs,Kenneth Walker III,,,RB,player_rush_yds,Full Game,86.5,Under,-137,pick6|Kenneth Walker III|player_rush_yds|86.5,0.57805907,0.5,https://api.the-odds-api.com/v4/sports/americanfootball_nfl
2026,4,e0cbd266dcf997089203a1b33ba0333d,2026-10-04T20:25:00Z,DraftKings Pick6,pick6,2026-10-04T18:07:25Z,Las Vegas Raiders,Kansas City Chiefs,Emmett Johnson,,,RB,player_rush_yds,Full Game,15.5,Over,-137,pick6|Emmett Johnson|player_rush_yds|15.5,0.57805907,0.5,https://api.the-odds-api.com/v4/sports/americanfootball_nfl
2026,4,e0cbd266dcf997089203a1b33ba0333d,2026-10-04T20:25:00Z,DraftKings Pick6,pick6,2026-10-04T18:07:25Z,Las Vegas Raiders,Kansas City Chiefs,Emmett Johnson,,,RB,player_rush_yds,Full Game,15.5,Under,-137,pick6|Emmett Johnson|player_rush_yds|15.5,0.57805907,0.5,https://api.the-odds-api.com/v4/sports/americanfootball_nfl
2026,4,e0cbd266dcf997089203a1b33ba0333d,2026-10-04T20:25:00Z,DraftKings Pick6,pick6,2026-10-04T18:07:25Z,Las Vegas Raiders,Kansas City Chiefs,Patrick Mahomes,,,RB,player_rush_yds,Full Game,15.5,Over,-137,pick6|Patrick Mahomes|player_rush_yds|15.5,0.57805907,0.5,https://api.the-odds-api.com/v4/sports/americanfootball_nfl
2026,4,e0cbd266dcf997089203a1b33ba0333d,2026-10-04T20:25:00Z,DraftKings Pick6,pick6,2026-10-04T18:07:25Z,Las Vegas Raiders,Kansas City Chiefs,Patrick Mahomes,,,RB,player_rush_yds,Full Game,15.5,Under,-137,pick6|Patrick Mahomes|player_rush_yds|15.5,0.57805907,0.5,https://api.the-odds-api.com/v4/sports/americanfootball_nfl
2026,4,96d2373cda647873b971f268482bced0,2026-10-04T20:25:00Z,DraftKings,draftkings,2026-10-04T18:08:22Z,Seattle Seahawks,Los Angeles Chargers,Jaxon Smith-Njigba,,,WR,player_reception_yds,Full Game,94.5,Over,-114,draftkings|Jaxon Smith-Njigba|player_reception_yds|94.5,0.53271028,0.5042123,https://api.the-odds-api.com/v4/sports/americanfootball_nfl
2026,4,96d2373cda647873b971f268482bced0,2026-10-04T20:25:00Z,DraftKings,draftkings,2026-10-04T18:08:22Z,Seattle Seahawks,Los Angeles Chargers,Jaxon Smith-Njigba,,,WR,player_reception_yds,Full Game,94.5,Under,-110,draftkings|Jaxon Smith-Njigba|player_reception_yds|94.5,0.52380952,0.4957877,https://api.the-odds-api.com/v4/sports/americanfootball_nfl
2026,4,96d2373cda647873b971f268482bced0,2026-10-04T20:25:00Z,DraftKings,draftkings,2026-10-04T18:08:22Z,Seattle Seahawks,Los Angeles Chargers,Ladd McConkey,,,WR,player_reception_yds,Full Game,47.5,Over,-111,draftkings|Ladd McConkey|player_reception_yds|47.5,0.52606635,0.49789412,https://api.the-odds-api.com/v4/sports/americanfootball_nfl
2026,4,96d2373cda647873b971f268482bced0,2026-10-04T20:25:00Z,DraftKings,draftkings,2026-10-04T18:08:22Z,Seattle Seahawks,Los Angeles Chargers,Ladd McConkey,,,WR,player_reception_yds,Full Game,47.5,Under,-113,draftkings|Ladd McConkey|player_reception_yds|47.5,0.53051643,0.50210588,https://api.the-odds-api.com/v4/sports/americanfootball_nfl
2026,4,96d2373cda647873b971f268482bced0,2026-10-04T20:25:00Z,DraftKings,draftkings,2026-10-04T18:08:22Z,Seattle Seahawks,Los Angeles Chargers,Quentin Johnston,,,WR,player_reception_yds,Full Game,36.5,Over,-110,draftkings|Quentin Johnston|player_reception_yds|36.5,0.52380952,0.4957877,https://api.the-odds-api.com/v4/sports/americanfootball_nfl
2026,4,96d2373cda647873b971f268482bced0,2026-10-04T20:25:00Z,DraftKings,draftkings,2026-10-04T18:08:22Z,Seattle Seahawks,Los Angeles Chargers,Quentin Johnston,,,WR,player_reception_yds,Full Game,36.5,Under,-114,draftkings|Quentin Johnston|player_reception_yds|36.5,0.53271028,0.5042123,https://api.the-odds-api.com/v4/sports/americanfootball_nfl
2026,4,96d2373cda647873b971f268482bced0,2026-10-04T20:25:00Z,DraftKings,draftkings,2026-10-04T18:08:22Z,Seattle Seahawks,Los Angeles Chargers,Tre Harris,,,WR,player_reception_yds,Full Game,35.5,Over,-113,draftkings|Tre Harris|player_reception_yds|35.5,0.53051643,0.50210588,https://api.the-odds-api.com/v4/sports/americanfootball_nfl
2026,4,96d2373cda647873b971f268482bced0,2026-10-04T20:25:00Z,DraftKings,draftkings,2026-10-04T18:08:22Z,Seattle Seahawks,Los Angeles Chargers,Tre Harris,,,WR,player_reception_yds,Full Game,35.5,Under,-111,draftkings|Tre Harris|player_reception_yds|35.5,0.52606635,0.49789412,https://api.the-odds-api.com/v4/sports/americanfootball_nfl
2026,4,96d2373cda647873b971f268482bced0,2026-10-04T20:25:00Z,DraftKings,draftkings,2026-10-04T18:08:22Z,Seattle Seahawks,Los Angeles Chargers,AJ Barner,,,WR,player_reception_yds,Full Game,31.5,Over,-113,draftkings|AJ Barner|player_reception_yds|31.5,0.53051643,0.50210588,https://api.the-odds-api.com/v4/sports/americanfootball_nfl
2026,4,96d2373cda647873b971f268482bced0,2026-10-04T20:25:00Z,DraftKings,draftkings,2026-10-04T18:08:22Z,Seattle Seahawks,Los Angeles Chargers,AJ Barner,,,WR,player_reception_yds,Full Game,31.5,Under,-111,draftkings|AJ Barner|player_reception_yds|31.5,0.52606635,0.49789412,https://api.the-odds-api.com/v4/sports/americanfootball_nfl
2026,4,96d2373cda647873b971f268482bced0,2026-10-04T20:25:00Z,DraftKings,draftkings,2026-10-04T18:08:22Z,Seattle Seahawks,Los Angeles Chargers,Oronde Gadsden II,,,WR,player_reception_yds,Full Game,29.5,Over,-109,draftkings|Oronde Gadsden II|player_reception_yds|29.5,0.5215311,0.49368022,https://api.the-odds-api.com/v4/sports/americanfootball_nfl
2026,4,96d2373cda647873b971f268482bced0,2026-10-04T20:25:00Z,DraftKings,draftkings,2026-10-04T18:08:22Z,Seattle Seahawks,Los Angeles Chargers,Oronde Gadsden II,,,WR,player_reception_yds,Full Game,29.5,Under,-115,draftkings|Oronde Gadsden II|player_reception_yds|29.5,0.53488372,0.50631978,https://api.the-odds-api.com/v4/sports/americanfootball_nfl
2026,4,96d2373cda647873b971f268482bced0,2026-10-04T20:25:00Z,DraftKings,draftkings,2026-10-04T18:08:22Z,Seattle Seahawks,Los Angeles Chargers,Rashid Shaheed,,,WR,player_reception_yds,Full Game,24.5,Over,-110,draftkings|Rashid Shaheed|player_reception_yds|24.5,0.52380952,0.4957877,https://api.the-odds-api.com/v4/sports/americanfootball_nfl
2026,4,96d2373cda647873b971f268482bced0,2026-10-04T20:25:00Z,DraftKings,draftkings,2026-10-04T18:08:22Z,Seattle Seahawks,Los Angeles Chargers,Rashid Shaheed,,,WR,player_reception_yds,Full Game,24.5,Under,-114,draftkings|Rashid Shaheed|player_reception_yds|24.5,0.53271028,0.5042123,https://api.the-odds-api.com/v4/sports/americanfootball_nfl
2026,4,96d2373cda647873b971f268482bced0,2026-10-04T20:25:00Z,DraftKings,draftkings,2026-10-04T18:08:22Z,Seattle Seahawks,Los Angeles Chargers,Cooper Kupp,,,WR,player_reception_yds,Full Game,22.5,Over,-116,draftkings|Cooper Kupp|player_reception_yds|22.5,0.53703704,0.50842886,https://api.the-odds-api.com/v4/sports/americanfootball_nfl
2026,4,96d2373cda647873b971f268482bced0,2026-10-04T20:25:00Z,DraftKings,draftkings,2026-10-04T18:08:22Z,Seattle Seahawks,Los Angeles Chargers,Cooper Kupp,,,WR,player_reception_yds,Full Game,22.5,Under,-108,draftkings|Cooper Kupp|player_reception_yds|22.5,0.51923077,0.49157114,https://api.the-odds-api.com/v4/sports/americanfootball_nfl
2026,4,96d2373cda647873b971f268482bced0,2026-10-04T20:25:00Z,DraftKings,draftkings,2026-10-04T18:08:22Z,Seattle Seahawks,Los Angeles Chargers,George Holani,,,WR,player_reception_yds,Full Game,11.5,Over,-118,draftkings|George Holani|player_reception_yds|11.5,0.5412844,0.51151784,https://api.the-odds-api.com/v4/sports/americanfootball_nfl
2026,4,96d2373cda647873b971f268482bced0,2026-10-04T20:25:00Z,DraftKings,draftkings,2026-10-04T18:08:22Z,Seattle Seahawks,Los Angeles Chargers,George Holani,,,WR,player_reception_yds,Full Game,11.5,Under,-107,draftkings|George Holani|player_reception_yds|11.5,0.51690821,0.48848216,https://api.the-odds-api.com/v4/sports/americanfootball_nfl
2026,4,96d2373cda647873b971f268482bced0,2026-10-04T20:25:00Z,DraftKings,draftkings,2026-10-04T18:08:22Z,Seattle Seahawks,Los Angeles Chargers,Keaton Mitchell,,,WR,player_reception_yds,Full Game,11.5,Over,-108,draftkings|Keaton Mitchell|player_reception_yds|11.5,0.51923077,0.49157114,https://api.the-odds-api.com/v4/sports/americanfootball_nfl
2026,4,96d2373cda647873b971f268482bced0,2026-10-04T20:25:00Z,DraftKings,draftkings,2026-10-04T18:08:22Z,Seattle Seahawks,Los Angeles Chargers,Keaton Mitchell,,,WR,player_reception_yds,Full Game,11.5,Under,-116,draftkings|Keaton Mitchell|player_reception_yds|11.5,0.53703704,0.50842886,https://api.the-odds-api.com/v4/sports/americanfootball_nfl
2026,4,96d2373cda647873b971f268482bced0,2026-10-04T20:25:00Z,DraftKings,draftkings,2026-10-04T18:08:22Z,Seattle Seahawks,Los Angeles Chargers,Tory Horton,,,WR,player_reception_yds,Full Game,7.5,Over,-117,draftkings|Tory Horton|player_reception_yds|7.5,0.53917051,0.51054008,https://api.the-odds-api.com/v4/sports/americanfootball_nfl
2026,4,96d2373cda647873b971f268482bced0,2026-10-04T20:25:00Z,DraftKings,draftkings,2026-10-04T18:08:22Z,Seattle Seahawks,Los Angeles Chargers,Tory Horton,,,WR,player_reception_yds,Full Game,7.5,Under,-107,draftkings|Tory Horton|player_reception_yds|7.5,0.51690821,0.48945992,https://api.the-odds-api.com/v4/sports/americanfootball_nfl
2026,4,96d2373cda647873b971f268482bced0,2026-10-04T20:25:00Z,DraftKings,draftkings,2026-10-04T18:08:22Z,Seattle Seahawks,Los Angeles Chargers,Omarion Hampton,,,WR,player_reception_yds,Full Game,5.5,Over,-120,draftkings|Omarion Hampton|player_reception_yds|5.5,0.54545455,0.51572327,https://api.the-odds-api.com/v4/sports/americanfootball_nfl
2026,4,96d2373cda647873b971f268482bced0,2026-10-04T20:25:00Z,DraftKings,draftkings,2026-10-04T18:08:22Z,Seattle Seahawks,Los Angeles Chargers,Omarion Hampton,,,WR,player_reception_yds,Full Game,5.5,Under,-105,draftkings|Omarion Hampton|player_reception_yds|5.5,0.51219512,0.48427673,https://api.the-odds-api.com/v4/sports/americanfootball_nfl
2026,4,96d2373cda647873b971f268482bced0,2026-10-04T20:25:00Z,DraftKings,draftkings,2026-10-04T18:08:22Z,Seattle Seahawks,Los Angeles Chargers,Emanuel Wilson,,,RB,player_rush_yds,Full Game,49.5,Over,-113,draftkings|Emanuel Wilson|player_rush_yds|49.5,0.53051643,0.50210588,https://api.the-odds-api.com/v4/sports/americanfootball_nfl
2026,4,96d2373cda647873b971f268482bced0,2026-10-04T20:25:00Z,DraftKings,draftkings,2026-10-04T18:08:22Z,Seattle Seahawks,Los Angeles Chargers,Emanuel Wilson,,,RB,player_rush_yds,Full Game,49.5,Under,-111,draftkings|Emanuel Wilson|player_rush_yds|49.5,0.52606635,0.49789412,https://api.the-odds-api.com/v4/sports/americanfootball_nfl
2026,4,96d2373cda647873b971f268482bced0,2026-10-04T20:25:00Z,DraftKings,draftkings,2026-10-04T18:08:22Z,Seattle Seahawks,Los Angeles Chargers,Omarion Hampton,,,RB,player_rush_yds,Full Game,46.5,Over,-113,draftkings|Omarion Hampton|player_rush_yds|46.5,0.53051643,0.50210588,https://api.the-odds-api.com/v4/sports/americanfootball_nfl
2026,4,96d2373cda647873b971f268482bced0,2026-10-04T20:25:00Z,DraftKings,draftkings,2026-10-04T18:08:22Z,Seattle Seahawks,Los Angeles Chargers,Omarion Hampton,,,RB,player_rush_yds,Full Game,46.5,Under,-111,draftkings|Omarion Hampton|player_rush_yds|46.5,0.52606635,0.49789412,https://api.the-odds-api.com/v4/sports/americanfootball_nfl
2026,4,96d2373cda647873b971f268482bced0,2026-10-04T20:25:00Z,DraftKings,draftkings,2026-10-04T18:08:22Z,Seattle Seahawks,Los Angeles Chargers,George Holani,,,RB,player_rush_yds,Full Game,32.5,Over,-109,draftkings|George Holani|player_rush_yds|32.5,0.5215311,0.49368022,https://api.the-odds-api.com/v4/sports/americanfootball_nfl
2026,4,96d2373cda647873b971f268482bced0,2026-10-04T20:25:00Z,DraftKings,draftkings,2026-10-04T18:08:22Z,Seattle Seahawks,Los Angeles Chargers,George Holani,,,RB,player_rush_yds,Full Game,32.5,Under,-115,draftkings|George Holani|player_rush_yds|32.5,0.53488372,0.50631978,https://api.the-odds-api.com/v4/sports/americanfootball_nfl
2026,4,96d2373cda647873b971f268482bced0,2026-10-04T20:25:00Z,DraftKings,draftkings,2026-10-04T18:08:22Z,Seattle Seahawks,Los Angeles Chargers,Justin Herbert,,,RB,player_rush_yds,Full Game,20.5,Over,-113,draftkings|Justin Herbert|player_rush_yds|20.5,0.53051643,0.50210588,https://api.the-odds-api.com/v4/sports/americanfootball_nfl
2026,4,96d2373cda647873b971f268482bced0,2026-10-04T20:25:00Z,DraftKings,draftkings,2026-10-04T18:08:22Z,Seattle Seahawks,Los Angeles Chargers,Justin Herbert,,,RB,player_rush_yds,Full Game,20.5,Under,-111,draftkings|Justin Herbert|player_rush_yds|20.5,0.52606635,0.49789412,https://api.the-odds-api.com/v4/sports/americanfootball_nfl
2026,4,96d2373cda647873b971f268482bced0,2026-10-04T20:25:00Z,DraftKings,draftkings,2026-10-04T18:08:22Z,Seattle Seahawks,Los Angeles Chargers,Keaton Mitchell,,,RB,player_rush_yds,Full Game,18.5,Over,-109,draftkings|Keaton Mitchell|player_rush_yds|18.5,0.5215311,0.49368022,https://api.the-odds-api.com/v4/sports/americanfootball_nfl
2026,4,96d2373cda647873b971f268482bced0,2026-10-04T20:25:00Z,DraftKings,draftkings,2026-10-04T18:08:22Z,Seattle Seahawks,Los Angeles Chargers,Keaton Mitchell,,,RB,player_rush_yds,Full Game,18.5,Under,-115,draftkings|Keaton Mitchell|player_rush_yds|18.5,0.53488372,0.50631978,https://api.the-odds-api.com/v4/sports/americanfootball_nfl
2026,4,96d2373cda647873b971f268482bced0,2026-10-04T20:25:00Z,DraftKings,draftkings,2026-10-04T18:08:22Z,Seattle Seahawks,Los Angeles Chargers,Sam Darnold,,,RB,player_rush_yds,Full Game,4.5,Over,-111,draftkings|Sam Darnold|player_rush_yds|4.5,0.52606635,0.49789412,https://api.the-odds-api.com/v4/sports/americanfootball_nfl
2026,4,96d2373cda647873b971f268482bced0,2026-10-04T20:25:00Z,DraftKings,draftkings,2026-10-04T18:08:22Z,Seattle Seahawks,Los Angeles Chargers,Sam Darnold,,,RB,player_rush_yds,Full Game,4.5,Under,-113,draftkings|Sam Darnold|player_rush_yds|4.5,0.53051643,0.50210588,https://api.the-odds-api.com/v4/sports/americanfootball_nfl
2026,4,96d2373cda647873b971f268482bced0,2026-10-04T20:25:00Z,FanDuel,fanduel,2026-10-04T18:08:06Z,Seattle Seahawks,Los Angeles Chargers,Tory Horton,,,WR,player_reception_yds,Full Game,7.5,Over,-113,fanduel|Tory Horton|player_reception_yds|7.5,0.53051643,0.5,https://api.the-odds-api.com/v4/sports/americanfootball_nfl
2026,4,96d2373cda647873b971f268482bced0,2026-10-04T20:25:00Z,FanDuel,fanduel,2026-10-04T18:08:06Z,Seattle Seahawks,Los Angeles Chargers,Tory Horton,,,WR,player_reception_yds,Full Game,7.5,Under,-113,fanduel|Tory Horton|player_reception_yds|7.5,0.53051643,0.5,https://api.the-odds-api.com/v4/sports/americanfootball_nfl
2026,4,96d2373cda647873b971f268482bced0,2026-10-04T20:25:00Z,FanDuel,fanduel,2026-10-04T18:08:06Z,Seattle Seahawks,Los Angeles Chargers,Omarion Hampton,,,WR,player_reception_yds,Full Game,5.5,Over,-120,fanduel|Omarion Hampton|player_reception_yds|5.5,0.54545455,0.51457119,https://api.the-odds-api.com/v4/sports/americanfootball_nfl
2026,4,96d2373cda647873b971f268482bced0,2026-10-04T20:25:00Z,FanDuel,fanduel,2026-10-04T18:08:06Z,Seattle Seahawks,Los Angeles Chargers,Omarion Hampton,,,WR,player_reception_yds,Full Game,5.5,Under,-106,fanduel|Omarion Hampton|player_reception_yds|5.5,0.51456311,0.48542881,https://api.the-odds-api.com/v4/sports/americanfootball_nfl
2026,4,96d2373cda647873b971f268482bced0,2026-10-04T20:25:00Z,FanDuel,fanduel,2026-10-04T18:08:06Z,Seattle Seahawks,Los Angeles Chargers,Keaton Mitchell,,,WR,player_reception_yds,Full Game,10.5,Over,-113,fanduel|Keaton Mitchell|player_reception_yds|10.5,0.53051643,0.5,https://api.the-odds-api.com/v4/sports/americanfootball_nfl
2026,4,96d2373cda647873b971f268482bced0,2026-10-04T20:25:00Z,FanDuel,fanduel,2026-10-04T18:08:06Z,Seattle Seahawks,Los Angeles Chargers,Keaton Mitchell,,,WR,player_reception_yds,Full Game,10.5,Under,-113,fanduel|Keaton Mitchell|player_reception_yds|10.5,0.53051643,0.5,https://api.the-odds-api.com/v4/sports/americanfootball_nfl
2026,4,96d2373cda647873b971f268482bced0,2026-10-04T20:25:00Z,FanDuel,fanduel,2026-10-04T18:08:06Z,Seattle Seahawks,Los Angeles Chargers,Oronde Gadsden II,,,WR,player_reception_yds,Full Game,27.5,Over,-113,fanduel|Oronde Gadsden II|player_reception_yds|27.5,0.53051643,0.5,https://api.the-odds-api.com/v4/sports/americanfootball_nfl
2026,4,96d2373cda647873b971f268482bced0,2026-10-04T20:25:00Z,FanDuel,fanduel,2026-10-04T18:08:06Z,Seattle Seahawks,Los Angeles Chargers,Oronde Gadsden II,,,WR,player_reception_yds,Full Game,27.5,Under,-113,fanduel|Oronde Gadsden II|player_reception_yds|27.5,0.53051643,0.5,https://api.the-odds-api.com/v4/sports/americanfootball_nfl
2026,4,96d2373cda647873b971f268482bced0,2026-10-04T20:25:00Z,FanDuel,fanduel,2026-10-04T18:08:06Z,Seattle Seahawks,Los Angeles Chargers,Tre Harris,,,WR,player_reception_yds,Full Game,36.5,Over,-113,fanduel|Tre Harris|player_reception_yds|36.5,0.53051643,0.5,https://api.the-odds-api.com/v4/sports/americanfootball_nfl
2026,4,96d2373cda647873b971f268482bced0,2026-10-04T20:25:00Z,FanDuel,fanduel,2026-10-04T18:08:06Z,Seattle Seahawks,Los Angeles Chargers,Tre Harris,,,WR,player_reception_yds,Full Game,36.5,Under,-113,fanduel|Tre Harris|player_reception_yds|36.5,0.53051643,0.5,https://api.the-odds-api.com/v4/sports/americanfootball_nfl
2026,4,96d2373cda647873b971f268482bced0,2026-10-04T20:25:00Z,FanDuel,fanduel,2026-10-04T18:08:06Z,Seattle Seahawks,Los Angeles Chargers,Rashid Shaheed,,,WR,player_reception_yds,Full Game,23.5,Over,-113,fanduel|Rashid Shaheed|player_reception_yds|23.5,0.53051643,0.5,https://api.the-odds-api.com/v4/sports/americanfootball_nfl
2026,4,96d2373cda647873b971f268482bced0,2026-10-04T20:25:00Z,FanDuel,fanduel,2026-10-04T18:08:06Z,Seattle Seahawks,Los Angeles Chargers,Rashid Shaheed,,,WR,player_reception_yds,Full Game,23.5,Under,-113,fanduel|Rashid Shaheed|player_reception_yds|23.5,0.53051643,0.5,https://api.the-odds-api.com/v4/sports/americanfootball_nfl
2026,4,96d2373cda647873b971f268482bced0,2026-10-04T20:25:00Z,FanDuel,fanduel,2026-10-04T18:08:06Z,Seattle Seahawks,Los Angeles Chargers,AJ Barner,,,WR,player_reception_yds,Full Game,30.5,Over,-113,fanduel|AJ Barner|player_reception_yds|30.5,0.53051643,0.5,https://api.the-odds-api.com/v4/sports/americanfootball_nfl
2026,4,96d2373cda647873b971f268482bced0,2026-10-04T20:25:00Z,FanDuel,fanduel,2026-10-04T18:08:06Z,Seattle Seahawks,Los Angeles Chargers,AJ Barner,,,WR,player_reception_yds,Full Game,30.5,Under,-113,fanduel|AJ Barner|player_reception_yds|30.5,0.53051643,0.5,https://api.the-odds-api.com/v4/sports/americanfootball_nfl
2026,4,96d2373cda647873b971f268482bced0,2026-10-04T20:25:00Z,FanDuel,fanduel,2026-10-04T18:08:06Z,Seattle Seahawks,Los Angeles Chargers,Cooper Kupp,,,WR,player_reception_yds,Full Game,23.5,Over,-113,fanduel|Cooper Kupp|player_reception_yds|23.5,0.53051643,0.5,https://api.the-odds-api.com/v4/sports/americanfootball_nfl
2026,4,96d2373cda647873b971f268482bced0,2026-10-04T20:25:00Z,FanDuel,fanduel,2026-10-04T18:08:06Z,Seattle Seahawks,Los Angeles Chargers,Cooper Kupp,,,WR,player_reception_yds,Full Game,23.5,Under,-113,fanduel|Cooper Kupp|player_reception_yds|23.5,0.53051643,0.5,https://api.the-odds-api.com/v4/sports/americanfootball_nfl
2026,4,96d2373cda647873b971f268482bced0,2026-10-04T20:25:00Z,FanDuel,fanduel,2026-10-04T18:08:06Z,Seattle Seahawks,Los Angeles Chargers,Jaxon Smith-Njigba,,,WR,player_reception_yds,Full Game,93.5,Over,-113,fanduel|Jaxon Smith-Njigba|player_reception_yds|93.5,0.53051643,0.5,https://api.the-odds-api.com/v4/sports/americanfootball_nfl
2026,4,96d2373cda647873b971f268482bced0,2026-10-04T20:25:00Z,FanDuel,fanduel,2026-10-04T18:08:06Z,Seattle Seahawks,Los Angeles Chargers,Jaxon Smith-Njigba,,,WR,player_reception_yds,Full Game,93.5,Under,-113,fanduel|Jaxon Smith-Njigba|player_reception_yds|93.5,0.53051643,0.5,https://api.the-odds-api.com/v4/sports/americanfootball_nfl
2026,4,96d2373cda647873b971f268482bced0,2026-10-04T20:25:00Z,FanDuel,fanduel,2026-10-04T18:08:06Z,Seattle Seahawks,Los Angeles Chargers,George Holani,,,WR,player_reception_yds,Full Game,9.5,Over,-113,fanduel|George Holani|player_reception_yds|9.5,0.53051643,0.5,https://api.the-odds-api.com/v4/sports/americanfootball_nfl
2026,4,96d2373cda647873b971f268482bced0,2026-10-04T20:25:00Z,FanDuel,fanduel,2026-10-04T18:08:06Z,Seattle Seahawks,Los Angeles Chargers,George Holani,,,WR,player_reception_yds,Full Game,9.5,Under,-113,fanduel|George Holani|player_reception_yds|9.5,0.53051643,0.5,https://api.the-odds-api.com/v4/sports/americanfootball_nfl
2026,4,96d2373cda647873b971f268482bced0,2026-10-04T20:25:00Z,FanDuel,fanduel,2026-10-04T18:08:06Z,Seattle Seahawks,Los Angeles Chargers,Ladd McConkey,,,WR,player_reception_yds,Full Game,47.5,Over,-113,fanduel|Ladd McConkey|player_reception_yds|47.5,0.53051643,0.5,https://api.the-odds-api.com/v4/sports/americanfootball_nfl
2026,4,96d2373cda647873b971f268482bced0,2026-10-04T20:25:00Z,FanDuel,fanduel,2026-10-04T18:08:06Z,Seattle Seahawks,Los Angeles Chargers,Ladd McConkey,,,WR,player_reception_yds,Full Game,47.5,Under,-113,fanduel|Ladd McConkey|player_reception_yds|47.5,0.53051643,0.5,https://api.the-odds-api.com/v4/sports/americanfootball_nfl
2026,4,96d2373cda647873b971f268482bced0,2026-10-04T20:25:00Z,FanDuel,fanduel,2026-10-04T18:08:06Z,Seattle Seahawks,Los Angeles Chargers,Quentin Johnston,,,WR,player_reception_yds,Full Game,34.5,Over,-113,fanduel|Quentin Johnston|player_reception_yds|34.5,0.53051643,0.5,https://api.the-odds-api.com/v4/sports/americanfootball_nfl
2026,4,96d2373cda647873b971f268482bced0,2026-10-04T20:25:00Z,FanDuel,fanduel,2026-10-04T18:08:06Z,Seattle Seahawks,Los Angeles Chargers,Quentin Johnston,,,WR,player_reception_yds,Full Game,34.5,Under,-113,fanduel|Quentin Johnston|player_reception_yds|34.5,0.53051643,0.5,https://api.the-odds-api.com/v4/sports/americanfootball_nfl
2026,4,96d2373cda647873b971f268482bced0,2026-10-04T20:25:00Z,FanDuel,fanduel,2026-10-04T18:08:06Z,Seattle Seahawks,Los Angeles Chargers,Justin Herbert,,,RB,player_rush_yds,Full Game,20.5,Over,-113,fanduel|Justin Herbert|player_rush_yds|20.5,0.53051643,0.5,https://api.the-odds-api.com/v4/sports/americanfootball_nfl
2026,4,96d2373cda647873b971f268482bced0,2026-10-04T20:25:00Z,FanDuel,fanduel,2026-10-04T18:08:06Z,Seattle Seahawks,Los Angeles Chargers,Justin Herbert,,,RB,player_rush_yds,Full Game,20.5,Under,-113,fanduel|Justin Herbert|player_rush_yds|20.5,0.53051643,0.5,https://api.the-odds-api.com/v4/sports/americanfootball_nfl
2026,4,96d2373cda647873b971f268482bced0,2026-10-04T20:25:00Z,FanDuel,fanduel,2026-10-04T18:08:06Z,Seattle Seahawks,Los Angeles Chargers,Keaton Mitchell,,,RB,player_rush_yds,Full Game,18.5,Over,-113,fanduel|Keaton Mitchell|player_rush_yds|18.5,0.53051643,0.5,https://api.the-odds-api.com/v4/sports/americanfootball_nfl
2026,4,96d2373cda647873b971f268482bced0,2026-10-04T20:25:00Z,FanDuel,fanduel,2026-10-04T18:08:06Z,Seattle Seahawks,Los Angeles Chargers,Keaton Mitchell,,,RB,player_rush_yds,Full Game,18.5,Under,-113,fanduel|Keaton Mitchell|player_rush_yds|18.5,0.53051643,0.5,https://api.the-odds-api.com/v4/sports/americanfootball_nfl
2026,4,96d2373cda647873b971f268482bced0,2026-10-04T20:25:00Z,FanDuel,fanduel,2026-10-04T18:08:06Z,Seattle Seahawks,Los Angeles Chargers,George Holani,,,RB,player_rush_yds,Full Game,31.5,Over,-113,fanduel|George Holani|player_rush_yds|31.5,0.53051643,0.5,https://api.the-odds-api.com/v4/sports/americanfootball_nfl
2026,4,96d2373cda647873b971f268482bced0,2026-10-04T20:25:00Z,FanDuel,fanduel,2026-10-04T18:08:06Z,Seattle Seahawks,Los Angeles Chargers,George Holani,,,RB,player_rush_yds,Full Game,31.5,Under,-113,fanduel|George Holani|player_rush_yds|31.5,0.53051643,0.5,https://api.the-odds-api.com/v4/sports/americanfootball_nfl
2026,4,96d2373cda647873b971f268482bced0,2026-10-04T20:25:00Z,FanDuel,fanduel,2026-10-04T18:08:06Z,Seattle Seahawks,Los Angeles Chargers,Omarion Hampton,,,RB,player_rush_yds,Full Game,45.5,Over,-113,fanduel|Omarion Hampton|player_rush_yds|45.5,0.53051643,0.5,https://api.the-odds-api.com/v4/sports/americanfootball_nfl
2026,4,96d2373cda647873b971f268482bced0,2026-10-04T20:25:00Z,FanDuel,fanduel,2026-10-04T18:08:06Z,Seattle Seahawks,Los Angeles Chargers,Omarion Hampton,,,RB,player_rush_yds,Full Game,45.5,Under,-113,fanduel|Omarion Hampton|player_rush_yds|45.5,0.53051643,0.5,https://api.the-odds-api.com/v4/sports/americanfootball_nfl
2026,4,96d2373cda647873b971f268482bced0,2026-10-04T20:25:00Z,FanDuel,fanduel,2026-10-04T18:08:06Z,Seattle Seahawks,Los Angeles Chargers,Emanuel Wilson,,,RB,player_rush_yds,Full Game,47.5,Over,-113,fanduel|Emanuel Wilson|player_rush_yds|47.5,0.53051643,0.5,https://api.the-odds-api.com/v4/sports/americanfootball_nfl
2026,4,96d2373cda647873b971f268482bced0,2026-10-04T20:25:00Z,FanDuel,fanduel,2026-10-04T18:08:06Z,Seattle Seahawks,Los Angeles Chargers,Emanuel Wilson,,,RB,player_rush_yds,Full Game,47.5,Under,-113,fanduel|Emanuel Wilson|player_rush_yds|47.5,0.53051643,0.5,https://api.the-odds-api.com/v4/sports/americanfootball_nfl
2026,4,96d2373cda647873b971f268482bced0,2026-10-04T20:25:00Z,FanDuel,fanduel,2026-10-04T18:08:06Z,Seattle Seahawks,Los Angeles Chargers,Sam Darnold,,,RB,player_rush_yds,Full Game,4.5,Over,-113,fanduel|Sam Darnold|player_rush_yds|4.5,0.53051643,0.5,https://api.the-odds-api.com/v4/sports/americanfootball_nfl
2026,4,96d2373cda647873b971f268482bced0,2026-10-04T20:25:00Z,FanDuel,fanduel,2026-10-04T18:08:06Z,Seattle Seahawks,Los Angeles Chargers,Sam Darnold,,,RB,player_rush_yds,Full Game,4.5,Under,-113,fanduel|Sam Darnold|player_rush_yds|4.5,0.53051643,0.5,https://api.the-odds-api.com/v4/sports/americanfootball_nfl
2026,4,96d2373cda647873b971f268482bced0,2026-10-04T20:25:00Z,BetOnline.ag,betonlineag,2026-10-04T18:08:07Z,Seattle Seahawks,Los Angeles Chargers,Quentin Johnston,,,WR,player_reception_yds,Full Game,34.5,Over,-116,betonlineag|Quentin Johnston|player_reception_yds|34.5,0.53703704,0.50515975,https://api.the-odds-api.com/v4/sports/americanfootball_nfl
2026,4,96d2373cda647873b971f268482bced0,2026-10-04T20:25:00Z,BetOnline.ag,betonlineag,2026-10-04T18:08:07Z,Seattle Seahawks,Los Angeles Chargers,Quentin Johnston,,,WR,player_reception_yds,Full Game,34.5,Under,-111,betonlineag|Quentin Johnston|player_reception_yds|34.5,0.52606635,0.49484025,https://api.the-odds-api.com/v4/sports/americanfootball_nfl
2026,4,96d2373cda647873b971f268482bced0,2026-10-04T20:25:00Z,BetOnline.ag,betonlineag,2026-10-04T18:08:07Z,Seattle Seahawks,Los Angeles Chargers,AJ Barner,,,WR,player_reception_yds,Full Game,30.5,Over,-115,betonlineag|AJ Barner|player_reception_yds|30.5,0.53488372,0.50309533,https://api.the-odds-api.com/v4/sports/americanfootball_nfl
2026,4,96d2373cda647873b971f268482bced0,2026-10-04T20:25:00Z,BetOnline.ag,betonlineag,2026-10-04T18:08:07Z,Seattle Seahawks,Los Angeles Chargers,AJ Barner,,,WR,player_reception_yds,Full Game,30.5,Under,-112,betonlineag|AJ Barner|player_reception_yds|30.5,0.52830189,0.49690467,https://api.the-odds-api.com/v4/sports/americanfootball_nfl
2026,4,96d2373cda647873b971f268482bced0,2026-10-04T20:25:00Z,BetOnline.ag,betonlineag,2026-10-04T18:08:07Z,Seattle Seahawks,Los Angeles Chargers,Keaton Mitchell,,,WR,player_reception_yds,Full Game,10.5,Over,-115,betonlineag|Keaton Mitchell|player_reception_yds|10.5,0.53488372,0.50309533,https://api.the-odds-api.com/v4/sports/americanfootball_nfl
2026,4,96d2373cda647873b971f268482bced0,2026-10-04T20:25:00Z,BetOnline.ag,betonlineag,2026-10-04T18:08:07Z,Seattle Seahawks,Los Angeles Chargers,Keaton Mitchell,,,WR,player_reception_yds,Full Game,10.5,Under,-112,betonlineag|Keaton Mitchell|player_reception_yds|10.5,0.52830189,0.49690467,https://api.the-odds-api.com/v4/sports/americanfootball_nfl
2026,4,96d2373cda647873b971f268482bced0,2026-10-04T20:25:00Z,BetOnline.ag,betonlineag,2026-10-04T18:08:07Z,Seattle Seahawks,Los Angeles Chargers,Oronde Gadsden II,,,WR,player_reception_yds,Full Game,27.5,Over,-114,betonlineag|Oronde Gadsden II|player_reception_yds|27.5,0.53271028,0.5,https://api.the-odds-api.com/v4/sports/americanfootball_nfl
2026,4,96d2373cda647873b971f268482bced0,2026-10-04T20:25:00Z,BetOnline.ag,betonlineag,2026-10-04T18:08:07Z,Seattle Seahawks,Los Angeles Chargers,Oronde Gadsden II,,,WR,player_reception_yds,Full Game,27.5,Under,-114,betonlineag|Oronde Gadsden II|player_reception_yds|27.5,0.53271028,0.5,https://api.the-odds-api.com/v4/sports/americanfootball_nfl
2026,4,96d2373cda647873b971f268482bced0,2026-10-04T20:25:00Z,BetOnline.ag,betonlineag,2026-10-04T18:08:07Z,Seattle Seahawks,Los Angeles Chargers,George Holani,,,WR,player_reception_yds,Full Game,10.5,Over,-118,betonlineag|George Holani|player_reception_yds|10.5,0.5412844,0.50820345,https://api.the-odds-api.com/v4/sports/americanfootball_nfl
2026,4,96d2373cda647873b971f268482bced0,2026-10-04T20:25:00Z,BetOnline.ag,betonlineag,2026-10-04T18:08:07Z,Seattle Seahawks,Los Angeles Chargers,George Holani,,,WR,player_reception_yds,Full Game,10.5,Under,-110,betonlineag|George Holani|player_reception_yds|10.5,0.52380952,0.49179655,https://api.the-odds-api.com/v4/sports/americanfootball_nfl
2026,4,96d2373cda647873b971f268482bced0,2026-10-04T20:25:00Z,BetOnline.ag,betonlineag,2026-10-04T18:08:07Z,Seattle Seahawks,Los Angeles Chargers,Tre Harris,,,WR,player_reception_yds,Full Game,36.5,Over,-116,betonlineag|Tre Harris|player_reception_yds|36.5,0.53703704,0.50515975,https://api.the-odds-api.com/v4/sports/americanfootball_nfl
2026,4,96d2373cda647873b971f268482bced0,2026-10-04T20:25:00Z,BetOnline.ag,betonlineag,2026-10-04T18:08:07Z,Seattle Seahawks,Los Angeles Chargers,Tre Harris,,,WR,player_reception_yds,Full Game,36.5,Under,-111,betonlineag|Tre Harris|player_reception_yds|36.5,0.52606635,0.49484025,https://api.the-odds-api.com/v4/sports/americanfootball_nfl
2026,4,96d2373cda647873b971f268482bced0,2026-10-04T20:25:00Z,BetOnline.ag,betonlineag,2026-10-04T18:08:07Z,Seattle Seahawks,Los Angeles Chargers,Ladd McConkey,,,WR,player_reception_yds,Full Game,47.5,Over,-115,betonlineag|Ladd McConkey|player_reception_yds|47.5,0.53488372,0.50309533,https://api.the-odds-api.com/v4/sports/americanfootball_nfl
2026,4,96d2373cda647873b971f268482bced0,2026-10-04T20:25:00Z,BetOnline.ag,betonlineag,2026-10-04T18:08:07Z,Seattle Seahawks,Los Angeles Chargers,Ladd McConkey,,,WR,player_reception_yds,Full Game,47.5,Under,-112,betonlineag|Ladd McConkey|player_reception_yds|47.5,0.52830189,0.49690467,https://api.the-odds-api.com/v4/sports/americanfootball_nfl
2026,4,96d2373cda647873b971f268482bced0,2026-10-04T20:25:00Z,BetOnline.ag,betonlineag,2026-10-04T18:08:07Z,Seattle Seahawks,Los Angeles Chargers,Omarion Hampton,,,WR,player_reception_yds,Full Game,5.5,Over,-123,betonlineag|Omarion Hampton|player_reception_yds|5.5,0.55156951,0.5185071,https://api.the-odds-api.com/v4/sports/americanfootball_nfl
2026,4,96d2373cda647873b971f268482bced0,2026-10-04T20:25:00Z,BetOnline.ag,betonlineag,2026-10-04T18:08:07Z,Seattle Seahawks,Los Angeles Chargers,Omarion Hampton,,,WR,player_reception_yds,Full Game,5.5,Under,-105,betonlineag|Omarion Hampton|player_reception_yds|5.5,0.51219512,0.4814929,https://api.the-odds-api.com/v4/sports/americanfootball_nfl
2026,4,96d2373cda647873b971f268482bced0,2026-10-04T20:25:00Z,BetOnline.ag,betonlineag,2026-10-04T18:08:07Z,Seattle Seahawks,Los Angeles Chargers,Jaxon Smith-Njigba,,,WR,player_reception_yds,Full Game,93.5,Over,-116,betonlineag|Jaxon Smith-Njigba|player_reception_yds|93.5,0.53703704,0.50515975,https://api.the-odds-api.com/v4/sports/americanfootball_nfl
2026,4,96d2373cda647873b971f268482bced0,2026-10-04T20:25:00Z,BetOnline.ag,betonlineag,2026-10-04T18:08:07Z,Seattle Seahawks,Los Angeles Chargers,Jaxon Smith-Njigba,,,WR,player_reception_yds,Full Game,93.5,Under,-111,betonlineag|Jaxon Smith-Njigba|player_reception_yds|93.5,0.52606635,0.49484025,https://api.the-odds-api.com/v4/sports/americanfootball_nfl
2026,4,96d2373cda647873b971f268482bced0,2026-10-04T20:25:00Z,BetOnline.ag,betonlineag,2026-10-04T18:08:07Z,Seattle Seahawks,Los Angeles Chargers,Cooper Kupp,,,WR,player_reception_yds,Full Game,22.5,Over,-118,betonlineag|Cooper Kupp|player_reception_yds|22.5,0.5412844,0.50820345,https://api.the-odds-api.com/v4/sports/americanfootball_nfl
2026,4,96d2373cda647873b971f268482bced0,2026-10-04T20:25:00Z,BetOnline.ag,betonlineag,2026-10-04T18:08:07Z,Seattle Seahawks,Los Angeles Chargers,Cooper Kupp,,,WR,player_reception_yds,Full Game,22.5,Under,-110,betonlineag|Cooper Kupp|player_reception_yds|22.5,0.52380952,0.49179655,https://api.the-odds-api.com/v4/sports/americanfootball_nfl
2026,4,96d2373cda647873b971f268482bced0,2026-10-04T20:25:00Z,BetOnline.ag,betonlineag,2026-10-04T18:08:07Z,Seattle Seahawks,Los Angeles Chargers,Tory Horton,,,WR,player_reception_yds,Full Game,8.5,Over,-114,betonlineag|Tory Horton|player_reception_yds|8.5,0.53271028,0.5,https://api.the-odds-api.com/v4/sports/americanfootball_nfl
2026,4,96d2373cda647873b971f268482bced0,2026-10-04T20:25:00Z,BetOnline.ag,betonlineag,2026-10-04T18:08:07Z,Seattle Seahawks,Los Angeles Chargers,Tory Horton,,,WR,player_reception_yds,Full Game,8.5,Under,-114,betonlineag|Tory Horton|player_reception_yds|8.5,0.53271028,0.5,https://api.the-odds-api.com/v4/sports/americanfootball_nfl
2026,4,96d2373cda647873b971f268482bced0,2026-10-04T20:25:00Z,BetOnline.ag,betonlineag,2026-10-04T18:08:07Z,Seattle Seahawks,Los Angeles Chargers,Rashid Shaheed,,,WR,player_reception_yds,Full Game,23.5,Over,-116,betonlineag|Rashid Shaheed|player_reception_yds|23.5,0.53703704,0.50515975,https://api.the-odds-api.com/v4/sports/americanfootball_nfl
2026,4,96d2373cda647873b971f268482bced0,2026-10-04T20:25:00Z,BetOnline.ag,betonlineag,2026-10-04T18:08:07Z,Seattle Seahawks,Los Angeles Chargers,Rashid Shaheed,,,WR,player_reception_yds,Full Game,23.5,Under,-111,betonlineag|Rashid Shaheed|player_reception_yds|23.5,0.52606635,0.49484025,https://api.the-odds-api.com/v4/sports/americanfootball_nfl
2026,4,96d2373cda647873b971f268482bced0,2026-10-04T20:25:00Z,BetOnline.ag,betonlineag,2026-10-04T18:08:07Z,Seattle Seahawks,Los Angeles Chargers,Omarion Hampton,,,RB,player_rush_yds,Full Game,45.5,Over,-114,betonlineag|Omarion Hampton|player_rush_yds|45.5,0.53271028,0.5,https://api.the-odds-api.com/v4/sports/americanfootball_nfl
2026,4,96d2373cda647873b971f268482bced0,2026-10-04T20:25:00Z,BetOnline.ag,betonlineag,2026-10-04T18:08:07Z,Seattle Seahawks,Los Angeles Chargers,Omarion Hampton,,,RB,player_rush_yds,Full Game,45.5,Under,-114,betonlineag|Omarion Hampton|player_rush_yds|45.5,0.53271028,0.5,https://api.the-odds-api.com/v4/sports/americanfootball_nfl
2026,4,96d2373cda647873b971f268482bced0,2026-10-04T20:25:00Z,BetOnline.ag,betonlineag,2026-10-04T18:08:07Z,Seattle Seahawks,Los Angeles Chargers,Sam Darnold,,,RB,player_rush_yds,Full Game,4.5,Over,-116,betonlineag|Sam Darnold|player_rush_yds|4.5,0.53703704,0.50515975,https://api.the-odds-api.com/v4/sports/americanfootball_nfl
2026,4,96d2373cda647873b971f268482bced0,2026-10-04T20:25:00Z,BetOnline.ag,betonlineag,2026-10-04T18:08:07Z,Seattle Seahawks,Los Angeles Chargers,Sam Darnold,,,RB,player_rush_yds,Full Game,4.5,Under,-111,betonlineag|Sam Darnold|player_rush_yds|4.5,0.52606635,0.49484025,https://api.the-odds-api.com/v4/sports/americanfootball_nfl
2026,4,96d2373cda647873b971f268482bced0,2026-10-04T20:25:00Z,BetOnline.ag,betonlineag,2026-10-04T18:08:07Z,Seattle Seahawks,Los Angeles Chargers,Justin Herbert,,,RB,player_rush_yds,Full Game,20.5,Over,-116,betonlineag|Justin Herbert|player_rush_yds|20.5,0.53703704,0.50515975,https://api.the-odds-api.com/v4/sports/americanfootball_nfl
2026,4,96d2373cda647873b971f268482bced0,2026-10-04T20:25:00Z,BetOnline.ag,betonlineag,2026-10-04T18:08:07Z,Seattle Seahawks,Los Angeles Chargers,Justin Herbert,,,RB,player_rush_yds,Full Game,20.5,Under,-111,betonlineag|Justin Herbert|player_rush_yds|20.5,0.52606635,0.49484025,https://api.the-odds-api.com/v4/sports/americanfootball_nfl
2026,4,96d2373cda647873b971f268482bced0,2026-10-04T20:25:00Z,BetOnline.ag,betonlineag,2026-10-04T18:08:07Z,Seattle Seahawks,Los Angeles Chargers,Emanuel Wilson,,,RB,player_rush_yds,Full Game,49.5,Over,-114,betonlineag|Emanuel Wilson|player_rush_yds|49.5,0.53271028,0.5,https://api.the-odds-api.com/v4/sports/americanfootball_nfl
2026,4,96d2373cda647873b971f268482bced0,2026-10-04T20:25:00Z,BetOnline.ag,betonlineag,2026-10-04T18:08:07Z,Seattle Seahawks,Los Angeles Chargers,Emanuel Wilson,,,RB,player_rush_yds,Full Game,49.5,Under,-114,betonlineag|Emanuel Wilson|player_rush_yds|49.5,0.53271028,0.5,https://api.the-odds-api.com/v4/sports/americanfootball_nfl
2026,4,96d2373cda647873b971f268482bced0,2026-10-04T20:25:00Z,BetOnline.ag,betonlineag,2026-10-04T18:08:07Z,Seattle Seahawks,Los Angeles Chargers,George Holani,,,RB,player_rush_yds,Full Game,32.5,Over,-114,betonlineag|George Holani|player_rush_yds|32.5,0.53271028,0.5,https://api.the-odds-api.com/v4/sports/americanfootball_nfl
2026,4,96d2373cda647873b971f268482bced0,2026-10-04T20:25:00Z,BetOnline.ag,betonlineag,2026-10-04T18:08:07Z,Seattle Seahawks,Los Angeles Chargers,George Holani,,,RB,player_rush_yds,Full Game,32.5,Under,-114,betonlineag|George Holani|player_rush_yds|32.5,0.53271028,0.5,https://api.the-odds-api.com/v4/sports/americanfootball_nfl
2026,4,96d2373cda647873b971f268482bced0,2026-10-04T20:25:00Z,BetOnline.ag,betonlineag,2026-10-04T18:08:07Z,Seattle Seahawks,Los Angeles Chargers,Keaton Mitchell,,,RB,player_rush_yds,Full Game,17.5,Over,-114,betonlineag|Keaton Mitchell|player_rush_yds|17.5,0.53271028,0.5,https://api.the-odds-api.com/v4/sports/americanfootball_nfl
2026,4,96d2373cda647873b971f268482bced0,2026-10-04T20:25:00Z,BetOnline.ag,betonlineag,2026-10-04T18:08:07Z,Seattle Seahawks,Los Angeles Chargers,Keaton Mitchell,,,RB,player_rush_yds,Full Game,17.5,Under,-114,betonlineag|Keaton Mitchell|player_rush_yds|17.5,0.53271028,0.5,https://api.the-odds-api.com/v4/sports/americanfootball_nfl
2026,4,96d2373cda647873b971f268482bced0,2026-10-04T20:25:00Z,BetRivers,betrivers,2026-10-04T18:08:04Z,Seattle Seahawks,Los Angeles Chargers,Keaton Mitchell,,,WR,player_reception_yds,Full Game,10.5,Over,-109,betrivers|Keaton Mitchell|player_reception_yds|10.5,0.5215311,0.48784884,https://api.the-odds-api.com/v4/sports/americanfootball_nfl
2026,4,96d2373cda647873b971f268482bced0,2026-10-04T20:25:00Z,BetRivers,betrivers,2026-10-04T18:08:04Z,Seattle Seahawks,Los Angeles Chargers,Keaton Mitchell,,,WR,player_reception_yds,Full Game,10.5,Under,-121,betrivers|Keaton Mitchell|player_reception_yds|10.5,0.54751131,0.51215116,https://api.the-odds-api.com/v4/sports/americanfootball_nfl
2026,4,96d2373cda647873b971f268482bced0,2026-10-04T20:25:00Z,BetRivers,betrivers,2026-10-04T18:08:04Z,Seattle Seahawks,Los Angeles Chargers,Quentin Johnston,,,WR,player_reception_yds,Full Game,35.5,Over,-113,betrivers|Quentin Johnston|player_reception_yds|35.5,0.53051643,0.49497669,https://api.the-odds-api.com/v4/sports/americanfootball_nfl
2026,4,96d2373cda647873b971f268482bced0,2026-10-04T20:25:00Z,BetRivers,betrivers,2026-10-04T18:08:04Z,Seattle Seahawks,Los Angeles Chargers,Quentin Johnston,,,WR,player_reception_yds,Full Game,35.5,Under,-118,betrivers|Quentin Johnston|player_reception_yds|35.5,0.5412844,0.50502331,https://api.the-odds-api.com/v4/sports/americanfootball_nfl
2026,4,96d2373cda647873b971f268482bced0,2026-10-04T20:25:00Z,BetRivers,betrivers,2026-10-04T18:08:04Z,Seattle Seahawks,Los Angeles Chargers,Jaxon Smith-Njigba,,,WR,player_reception_yds,Full Game,93.5,Over,-117,betrivers|Jaxon Smith-Njigba|player_reception_yds|93.5,0.53917051,0.5030135,https://api.the-odds-api.com/v4/sports/americanfootball_nfl
2026,4,96d2373cda647873b971f268482bced0,2026-10-04T20:25:00Z,BetRivers,betrivers,2026-10-04T18:08:04Z,Seattle Seahawks,Los Angeles Chargers,Jaxon Smith-Njigba,,,WR,player_reception_yds,Full Game,93.5,Under,-114,betrivers|Jaxon Smith-Njigba|player_reception_yds|93.5,0.53271028,0.4969865,https://api.the-odds-api.com/v4/sports/americanfootball_nfl
2026,4,96d2373cda647873b971f268482bced0,2026-10-04T20:25:00Z,BetRivers,betrivers,2026-10-04T18:08:04Z,Seattle Seahawks,Los Angeles Chargers,George Holani,,,WR,player_reception_yds,Full Game,8.5,Over,-118,betrivers|George Holani|player_reception_yds|8.5,0.5412844,0.50502331,https://api.the-odds-api.com/v4/sports/americanfootball_nfl
2026,4,96d2373cda647873b971f268482bced0,2026-10-04T20:25:00Z,BetRivers,betrivers,2026-10-04T18:08:04Z,Seattle Seahawks,Los Angeles Chargers,George Holani,,,WR,player_reception_yds,Full Game,8.5,Under,-113,betrivers|George Holani|player_reception_yds|8.5,0.53051643,0.49497669,https://api.the-odds-api.com/v4/sports/americanfootball_nfl
2026,4,96d2373cda647873b971f268482bced0,2026-10-04T20:25:00Z,BetRivers,betrivers,2026-10-04T18:08:04Z,Seattle Seahawks,Los Angeles Chargers,AJ Barner,,,WR,player_reception_yds,Full Game,29.5,Over,-115,betrivers|AJ Barner|player_reception_yds|29.5,0.53488372,0.5,https://api.the-odds-api.com/v4/sports/americanfootball_nfl
2026,4,96d2373cda647873b971f268482bced0,2026-10-04T20:25:00Z,BetRivers,betrivers,2026-10-04T18:08:04Z,Seattle Seahawks,Los Angeles Chargers,AJ Barner,,,WR,player_reception_yds,Full Game,29.5,Under,-115,betrivers|AJ Barner|player_reception_yds|29.5,0.53488372,0.5,https://api.the-odds-api.com/v4/sports/americanfootball_nfl
2026,4,96d2373cda647873b971f268482bced0,2026-10-04T20:25:00Z,BetRivers,betrivers,2026-10-04T18:08:04Z,Seattle Seahawks,Los Angeles Chargers,Ladd McConkey,,,WR,player_reception_yds,Full Game,46.5,Over,-114,betrivers|Ladd McConkey|player_reception_yds|46.5,0.53271028,0.4969865,https://api.the-odds-api.com/v4/sports/americanfootball_nfl
2026,4,96d2373cda647873b971f268482bced0,2026-10-04T20:25:00Z,BetRivers,betrivers,2026-10-04T18:08:04Z,Seattle Seahawks,Los Angeles Chargers,Ladd McConkey,,,WR,player_reception_yds,Full Game,46.5,Under,-117,betrivers|Ladd McConkey|player_reception_yds|46.5,0.53917051,0.5030135,https://api.the-odds-api.com/v4/sports/americanfootball_nfl
2026,4,96d2373cda647873b971f268482bced0,2026-10-04T20:25:00Z,BetRivers,betrivers,2026-10-04T18:08:04Z,Seattle Seahawks,Los Angeles Chargers,Tre Harris,,,WR,player_reception_yds,Full Game,33.5,Over,-118,betrivers|Tre Harris|player_reception_yds|33.5,0.5412844,0.50502331,https://api.the-odds-api.com/v4/sports/americanfootball_nfl
2026,4,96d2373cda647873b971f268482bced0,2026-10-04T20:25:00Z,BetRivers,betrivers,2026-10-04T18:08:04Z,Seattle Seahawks,Los Angeles Chargers,Tre Harris,,,WR,player_reception_yds,Full Game,33.5,Under,-113,betrivers|Tre Harris|player_reception_yds|33.5,0.53051643,0.49497669,https://api.the-odds-api.com/v4/sports/americanfootball_nfl
2026,4,96d2373cda647873b971f268482bced0,2026-10-04T20:25:00Z,BetRivers,betrivers,2026-10-04T18:08:04Z,Seattle Seahawks,Los Angeles Chargers,Rashid Shaheed,,,WR,player_reception_yds,Full Game,20.5,Over,-114,betrivers|Rashid Shaheed|player_reception_yds|20.5,0.53271028,0.4969865,https://api.the-odds-api.com/v4/sports/americanfootball_nfl
2026,4,96d2373cda647873b971f268482bced0,2026-10-04T20:25:00Z,BetRivers,betrivers,2026-10-04T18:08:04Z,Seattle Seahawks,Los Angeles Chargers,Rashid Shaheed,,,WR,player_reception_yds,Full Game,20.5,Under,-117,betrivers|Rashid Shaheed|player_reception_yds|20.5,0.53917051,0.5030135,https://api.the-odds-api.com/v4/sports/americanfootball_nfl
2026,4,96d2373cda647873b971f268482bced0,2026-10-04T20:25:00Z,BetRivers,betrivers,2026-10-04T18:08:04Z,Seattle Seahawks,Los Angeles Chargers,Tory Horton,,,WR,player_reception_yds,Full Game,8.5,Over,-118,betrivers|Tory Horton|player_reception_yds|8.5,0.5412844,0.50606894,https://api.the-odds-api.com/v4/sports/americanfootball_nfl
2026,4,96d2373cda647873b971f268482bced0,2026-10-04T20:25:00Z,BetRivers,betrivers,2026-10-04T18:08:04Z,Seattle Seahawks,Los Angeles Chargers,Tory Horton,,,WR,player_reception_yds,Full Game,8.5,Under,-112,betrivers|Tory Horton|player_reception_yds|8.5,0.52830189,0.49393106,https://api.the-odds-api.com/v4/sports/americanfootball_nfl
2026,4,96d2373cda647873b971f268482bced0,2026-10-04T20:25:00Z,BetRivers,betrivers,2026-10-04T18:08:04Z,Seattle Seahawks,Los Angeles Chargers,Oronde Gadsden II,,,WR,player_reception_yds,Full Game,26.5,Over,-113,betrivers|Oronde Gadsden II|player_reception_yds|26.5,0.53051643,0.49595485,https://api.the-odds-api.com/v4/sports/americanfootball_nfl
2026,4,96d2373cda647873b971f268482bced0,2026-10-04T20:25:00Z,BetRivers,betrivers,2026-10-04T18:08:04Z,Seattle Seahawks,Los Angeles Chargers,Oronde Gadsden II,,,WR,player_reception_yds,Full Game,26.5,Under,-117,betrivers|Oronde Gadsden II|player_reception_yds|26.5,0.53917051,0.50404515,https://api.the-odds-api.com/v4/sports/americanfootball_nfl
2026,4,96d2373cda647873b971f268482bced0,2026-10-04T20:25:00Z,BetRivers,betrivers,2026-10-04T18:08:04Z,Seattle Seahawks,Los Angeles Chargers,Cooper Kupp,,,WR,player_reception_yds,Full Game,23.5,Over,-113,betrivers|Cooper Kupp|player_reception_yds|23.5,0.53051643,0.49497669,https://api.the-odds-api.com/v4/sports/americanfootball_nfl
2026,4,96d2373cda647873b971f268482bced0,2026-10-04T20:25:00Z,BetRivers,betrivers,2026-10-04T18:08:04Z,Seattle Seahawks,Los Angeles Chargers,Cooper Kupp,,,WR,player_reception_yds,Full Game,23.5,Under,-118,betrivers|Cooper Kupp|player_reception_yds|23.5,0.5412844,0.50502331,https://api.the-odds-api.com/v4/sports/americanfootball_nfl
2026,4,96d2373cda647873b971f268482bced0,2026-10-04T20:25:00Z,BetRivers,betrivers,2026-10-04T18:08:04Z,Seattle Seahawks,Los Angeles Chargers,Omarion Hampton,,,WR,player_reception_yds,Full Game,5.5,Over,-108,betrivers|Omarion Hampton|player_reception_yds|5.5,0.51923077,0.48399488,https://api.the-odds-api.com/v4/sports/americanfootball_nfl
2026,4,96d2373cda647873b971f268482bced0,2026-10-04T20:25:00Z,BetRivers,betrivers,2026-10-04T18:08:04Z,Seattle Seahawks,Los Angeles Chargers,Omarion Hampton,,,WR,player_reception_yds,Full Game,5.5,Under,-124,betrivers|Omarion Hampton|player_reception_yds|5.5,0.55357143,0.51600512,https://api.the-odds-api.com/v4/sports/americanfootball_nfl
2026,4,96d2373cda647873b971f268482bced0,2026-10-04T20:25:00Z,BetRivers,betrivers,2026-10-04T18:08:04Z,Seattle Seahawks,Los Angeles Chargers,Omarion Hampton,,,RB,player_rush_yds,Full Game,42.5,Over,-118,betrivers|Omarion Hampton|player_rush_yds|42.5,0.5412844,0.50606894,https://api.the-odds-api.com/v4/sports/americanfootball_nfl
2026,4,96d2373cda647873b971f268482bced0,2026-10-04T20:25:00Z,BetRivers,betrivers,2026-10-04T18:08:04Z,Seattle Seahawks,Los Angeles Chargers,Omarion Hampton,,,RB,player_rush_yds,Full Game,42.5,Under,-112,betrivers|Omarion Hampton|player_rush_yds|42.5,0.52830189,0.49393106,https://api.the-odds-api.com/v4/sports/americanfootball_nfl
2026,4,96d2373cda647873b971f268482bced0,2026-10-04T20:25:00Z,BetRivers,betrivers,2026-10-04T18:08:04Z,Seattle Seahawks,Los Angeles Chargers,Keaton Mitchell,,,RB,player_rush_yds,Full Game,17.5,Over,-109,betrivers|Keaton Mitchell|player_rush_yds|17.5,0.5215311,0.48692048,https://api.the-odds-api.com/v4/sports/americanfootball_nfl
2026,4,96d2373cda647873b971f268482bced0,2026-10-04T20:25:00Z,BetRivers,betrivers,2026-10-04T18:08:04Z,Seattle Seahawks,Los Angeles Chargers,Keaton Mitchell,,,RB,player_rush_yds,Full Game,17.5,Under,-122,betrivers|Keaton Mitchell|player_rush_yds|17.5,0.54954955,0.51307952,https://api.the-odds-api.com/v4/sports/americanfootball_nfl
2026,4,96d2373cda647873b971f268482bced0,2026-10-04T20:25:00Z,BetRivers,betrivers,2026-10-04T18:08:04Z,Seattle Seahawks,Los Angeles Chargers,Emanuel Wilson,,,RB,player_rush_yds,Full Game,51.5,Over,-120,betrivers|Emanuel Wilson|player_rush_yds|51.5,0.54545455,0.50798722,https://api.the-odds-api.com/v4/sports/americanfootball_nfl
2026,4,96d2373cda647873b971f268482bced0,2026-10-04T20:25:00Z,BetRivers,betrivers,2026-10-04T18:08:04Z,Seattle Seahawks,Los Angeles Chargers,Emanuel Wilson,,,RB,player_rush_yds,Full Game,51.5,Under,-112,betrivers|Emanuel Wilson|player_rush_yds|51.5,0.52830189,0.49201278,https://api.the-odds-api.com/v4/sports/americanfootball_nfl
2026,4,96d2373cda647873b971f268482bced0,2026-10-04T20:25:00Z,BetRivers,betrivers,2026-10-04T18:08:04Z,Seattle Seahawks,Los Angeles Chargers,George Holani,,,RB,player_rush_yds,Full Game,32.5,Over,-115,betrivers|George Holani|player_rush_yds|32.5,0.53488372,0.5,https://api.the-odds-api.com/v4/sports/americanfootball_nfl
2026,4,96d2373cda647873b971f268482bced0,2026-10-04T20:25:00Z,BetRivers,betrivers,2026-10-04T18:08:04Z,Seattle Seahawks,Los Angeles Chargers,George Holani,,,RB,player_rush_yds,Full Game,32.5,Under,-115,betrivers|George Holani|player_rush_yds|32.5,0.53488372,0.5,https://api.the-odds-api.com/v4/sports/americanfootball_nfl
2026,4,96d2373cda647873b971f268482bced0,2026-10-04T20:25:00Z,BetMGM,betmgm,2026-10-04T18:08:13Z,Seattle Seahawks,Los Angeles Chargers,Jaxon Smith-Njigba,,,WR,player_reception_yds,Full Game,90.5,Over,-125,betmgm|Jaxon Smith-Njigba|player_reception_yds|90.5,0.55555556,0.52030457,https://api.the-odds-api.com/v4/sports/americanfootball_nfl
2026,4,96d2373cda647873b971f268482bced0,2026-10-04T20:25:00Z,BetMGM,betmgm,2026-10-04T18:08:13Z,Seattle Seahawks,Los Angeles Chargers,Jaxon Smith-Njigba,,,WR,player_reception_yds,Full Game,90.5,Under,-105,betmgm|Jaxon Smith-Njigba|player_reception_yds|90.5,0.51219512,0.47969543,https://api.the-odds-api.com/v4/sports/americanfootball_nfl
2026,4,96d2373cda647873b971f268482bced0,2026-10-04T20:25:00Z,BetMGM,betmgm,2026-10-04T18:08:13Z,Seattle Seahawks,Los Angeles Chargers,Rashid Shaheed,,,WR,player_reception_yds,Full Game,22.5,Over,-115,betmgm|Rashid Shaheed|player_reception_yds|22.5,0.53488372,0.5,https://api.the-odds-api.com/v4/sports/americanfootball_nfl
2026,4,96d2373cda647873b971f268482bced0,2026-10-04T20:25:00Z,BetMGM,betmgm,2026-10-04T18:08:13Z,Seattle Seahawks,Los Angeles Chargers,Rashid Shaheed,,,WR,player_reception_yds,Full Game,22.5,Under,-115,betmgm|Rashid Shaheed|player_reception_yds|22.5,0.53488372,0.5,https://api.the-odds-api.com/v4/sports/americanfootball_nfl
2026,4,96d2373cda647873b971f268482bced0,2026-10-04T20:25:00Z,BetMGM,betmgm,2026-10-04T18:08:13Z,Seattle Seahawks,Los Angeles Chargers,Keaton Mitchell,,,WR,player_reception_yds,Full Game,10.5,Over,-111,betmgm|Keaton Mitchell|player_reception_yds|10.5,0.52606635,0.49287111,https://api.the-odds-api.com/v4/sports/americanfootball_nfl
2026,4,96d2373cda647873b971f268482bced0,2026-10-04T20:25:00Z,BetMGM,betmgm,2026-10-04T18:08:13Z,Seattle Seahawks,Los Angeles Chargers,Keaton Mitchell,,,WR,player_reception_yds,Full Game,10.5,Under,-118,betmgm|Keaton Mitchell|player_reception_yds|10.5,0.5412844,0.50712889,https://api.the-odds-api.com/v4/sports/americanfootball_nfl
2026,4,96d2373cda647873b971f268482bced0,2026-10-04T20:25:00Z,BetMGM,betmgm,2026-10-04T18:08:13Z,Seattle Seahawks,Los Angeles Chargers,AJ Barner,,,WR,player_reception_yds,Full Game,28.5,Over,-111,betmgm|AJ Barner|player_reception_yds|28.5,0.52606635,0.49095295,https://api.the-odds-api.com/v4/sports/americanfootball_nfl
2026,4,96d2373cda647873b971f268482bced0,2026-10-04T20:25:00Z,BetMGM,betmgm,2026-10-04T18:08:13Z,Seattle Seahawks,Los Angeles Chargers,AJ Barner,,,WR,player_reception_yds,Full Game,28.5,Under,-120,betmgm|AJ Barner|player_reception_yds|28.5,0.54545455,0.50904705,https://api.the-odds-api.com/v4/sports/americanfootball_nfl
2026,4,96d2373cda647873b971f268482bced0,2026-10-04T20:25:00Z,BetMGM,betmgm,2026-10-04T18:08:13Z,Seattle Seahawks,Los Angeles Chargers,Tory Horton,,,WR,player_reception_yds,Full Game,7.5,Over,-120,betmgm|Tory Horton|player_reception_yds|7.5,0.54545455,0.51012146,https://api.the-odds-api.com/v4/sports/americanfootball_nfl
2026,4,96d2373cda647873b971f268482bced0,2026-10-04T20:25:00Z,BetMGM,betmgm,2026-10-04T18:08:13Z,Seattle Seahawks,Los Angeles Chargers,Tory Horton,,,WR,player_reception_yds,Full Game,7.5,Under,-110,betmgm|Tory Horton|player_reception_yds|7.5,0.52380952,0.48987854,https://api.the-odds-api.com/v4/sports/americanfootball_nfl
2026,4,96d2373cda647873b971f268482bced0,2026-10-04T20:25:00Z,BetMGM,betmgm,2026-10-04T18:08:13Z,Seattle Seahawks,Los Angeles Chargers,Emanuel Wilson,,,WR,player_reception_yds,Full Game,6.5,Over,-120,betmgm|Emanuel Wilson|player_reception_yds|6.5,0.54545455,0.51012146,https://api.the-odds-api.com/v4/sports/americanfootball_nfl
2026,4,96d2373cda647873b971f268482bced0,2026-10-04T20:25:00Z,BetMGM,betmgm,2026-10-04T18:08:13Z,Seattle Seahawks,Los Angeles Chargers,Emanuel Wilson,,,WR,player_reception_yds,Full Game,6.5,Under,-110,betmgm|Emanuel Wilson|player_reception_yds|6.5,0.52380952,0.48987854,https://api.the-odds-api.com/v4/sports/americanfootball_nfl
2026,4,96d2373cda647873b971f268482bced0,2026-10-04T20:25:00Z,BetMGM,betmgm,2026-10-04T18:08:13Z,Seattle Seahawks,Los Angeles Chargers,George Holani,,,WR,player_reception_yds,Full Game,10.5,Over,-120,betmgm|George Holani|player_reception_yds|10.5,0.54545455,0.50904705,https://api.the-odds-api.com/v4/sports/americanfootball_nfl
2026,4,96d2373cda647873b971f268482bced0,2026-10-04T20:25:00Z,BetMGM,betmgm,2026-10-04T18:08:13Z,Seattle Seahawks,Los Angeles Chargers,George Holani,,,WR,player_reception_yds,Full Game,10.5,Under,-111,betmgm|George Holani|player_reception_yds|10.5,0.52606635,0.49095295,https://api.the-odds-api.com/v4/sports/americanfootball_nfl
2026,4,96d2373cda647873b971f268482bced0,2026-10-04T20:25:00Z,BetMGM,betmgm,2026-10-04T18:08:13Z,Seattle Seahawks,Los Angeles Chargers,Ladd McConkey,,,WR,player_reception_yds,Full Game,45.5,Over,-120,betmgm|Ladd McConkey|player_reception_yds|45.5,0.54545455,0.51012146,https://api.the-odds-api.com/v4/sports/americanfootball_nfl
2026,4,96d2373cda647873b971f268482bced0,2026-10-04T20:25:00Z,BetMGM,betmgm,2026-10-04T18:08:13Z,Seattle Seahawks,Los Angeles Chargers,Ladd McConkey,,,WR,player_reception_yds,Full Game,45.5,Under,-110,betmgm|Ladd McConkey|player_reception_yds|45.5,0.52380952,0.48987854,https://api.the-odds-api.com/v4/sports/americanfootball_nfl
2026,4,96d2373cda647873b971f268482bced0,2026-10-04T20:25:00Z,BetMGM,betmgm,2026-10-04T18:08:13Z,Seattle Seahawks,Los Angeles Chargers,Tre Harris,,,WR,player_reception_yds,Full Game,34.5,Over,-115,betmgm|Tre Harris|player_reception_yds|34.5,0.53488372,0.5,https://api.the-odds-api.com/v4/sports/americanfootball_nfl
2026,4,96d2373cda647873b971f268482bced0,2026-10-04T20:25:00Z,BetMGM,betmgm,2026-10-04T18:08:13Z,Seattle Seahawks,Los Angeles Chargers,Tre Harris,,,WR,player_reception_yds,Full Game,34.5,Under,-115,betmgm|Tre Harris|player_reception_yds|34.5,0.53488372,0.5,https://api.the-odds-api.com/v4/sports/americanfootball_nfl
2026,4,96d2373cda647873b971f268482bced0,2026-10-04T20:25:00Z,BetMGM,betmgm,2026-10-04T18:08:13Z,Seattle Seahawks,Los Angeles Chargers,Omarion Hampton,,,WR,player_reception_yds,Full Game,6.5,Over,-125,betmgm|Omarion Hampton|player_reception_yds|6.5,0.55555556,0.52030457,https://api.the-odds-api.com/v4/sports/americanfootball_nfl
2026,4,96d2373cda647873b971f268482bced0,2026-10-04T20:25:00Z,BetMGM,betmgm,2026-10-04T18:08:13Z,Seattle Seahawks,Los Angeles Chargers,Omarion Hampton,,,WR,player_reception_yds,Full Game,6.5,Under,-105,betmgm|Omarion Hampton|player_reception_yds|6.5,0.51219512,0.47969543,https://api.the-odds-api.com/v4/sports/americanfootball_nfl
2026,4,96d2373cda647873b971f268482bced0,2026-10-04T20:25:00Z,BetMGM,betmgm,2026-10-04T18:08:13Z,Seattle Seahawks,Los Angeles Chargers,Oronde Gadsden II,,,WR,player_reception_yds,Full Game,27.5,Over,-111,betmgm|Oronde Gadsden II|player_reception_yds|27.5,0.52606635,0.49287111,https://api.the-odds-api.com/v4/sports/americanfootball_nfl
2026,4,96d2373cda647873b971f268482bced0,2026-10-04T20:25:00Z,BetMGM,betmgm,2026-10-04T18:08:13Z,Seattle Seahawks,Los Angeles Chargers,Oronde Gadsden II,,,WR,player_reception_yds,Full Game,27.5,Under,-118,betmgm|Oronde Gadsden II|player_reception_yds|27.5,0.5412844,0.50712889,https://api.the-odds-api.com/v4/sports/americanfootball_nfl
2026,4,96d2373cda647873b971f268482bced0,2026-10-04T20:25:00Z,BetMGM,betmgm,2026-10-04T18:08:13Z,Seattle Seahawks,Los Angeles Chargers,Quentin Johnston,,,WR,player_reception_yds,Full Game,33.5,Over,-115,betmgm|Quentin Johnston|player_reception_yds|33.5,0.53488372,0.5,https://api.the-odds-api.com/v4/sports/americanfootball_nfl
2026,4,96d2373cda647873b971f268482bced0,2026-10-04T20:25:00Z,BetMGM,betmgm,2026-10-04T18:08:13Z,Seattle Seahawks,Los Angeles Chargers,Quentin Johnston,,,WR,player_reception_yds,Full Game,33.5,Under,-115,betmgm|Quentin Johnston|player_reception_yds|33.5,0.53488372,0.5,https://api.the-odds-api.com/v4/sports/americanfootball_nfl
2026,4,96d2373cda647873b971f268482bced0,2026-10-04T20:25:00Z,BetMGM,betmgm,2026-10-04T18:08:13Z,Seattle Seahawks,Los Angeles Chargers,Cooper Kupp,,,WR,player_reception_yds,Full Game,22.5,Over,-120,betmgm|Cooper Kupp|player_reception_yds|22.5,0.54545455,0.51012146,https://api.the-odds-api.com/v4/sports/americanfootball_nfl
2026,4,96d2373cda647873b971f268482bced0,2026-10-04T20:25:00Z,BetMGM,betmgm,2026-10-04T18:08:13Z,Seattle Seahawks,Los Angeles Chargers,Cooper Kupp,,,WR,player_reception_yds,Full Game,22.5,Under,-110,betmgm|Cooper Kupp|player_reception_yds|22.5,0.52380952,0.48987854,https://api.the-odds-api.com/v4/sports/americanfootball_nfl
2026,4,96d2373cda647873b971f268482bced0,2026-10-04T20:25:00Z,BetMGM,betmgm,2026-10-04T18:08:13Z,Seattle Seahawks,Los Angeles Chargers,Justin Herbert,,,RB,player_rush_yds,Full Game,21.5,Over,-115,betmgm|Justin Herbert|player_rush_yds|21.5,0.53488372,0.5,https://api.the-odds-api.com/v4/sports/americanfootball_nfl
2026,4,96d2373cda647873b971f268482bced0,2026-10-04T20:25:00Z,BetMGM,betmgm,2026-10-04T18:08:13Z,Seattle Seahawks,Los Angeles Chargers,Justin Herbert,,,RB,player_rush_yds,Full Game,21.5,Under,-115,betmgm|Justin Herbert|player_rush_yds|21.5,0.53488372,0.5,https://api.the-odds-api.com/v4/sports/americanfootball_nfl
2026,4,96d2373cda647873b971f268482bced0,2026-10-04T20:25:00Z,BetMGM,betmgm,2026-10-04T18:08:13Z,Seattle Seahawks,Los Angeles Chargers,Sam Darnold,,,RB,player_rush_yds,Full Game,4.5,Over,-115,betmgm|Sam Darnold|player_rush_yds|4.5,0.53488372,0.5,https://api.the-odds-api.com/v4/sports/americanfootball_nfl
2026,4,96d2373cda647873b971f268482bced0,2026-10-04T20:25:00Z,BetMGM,betmgm,2026-10-04T18:08:13Z,Seattle Seahawks,Los Angeles Chargers,Sam Darnold,,,RB,player_rush_yds,Full Game,4.5,Under,-115,betmgm|Sam Darnold|player_rush_yds|4.5,0.53488372,0.5,https://api.the-odds-api.com/v4/sports/americanfootball_nfl
2026,4,96d2373cda647873b971f268482bced0,2026-10-04T20:25:00Z,BetMGM,betmgm,2026-10-04T18:08:13Z,Seattle Seahawks,Los Angeles Chargers,Omarion Hampton,,,RB,player_rush_yds,Full Game,44.5,Over,-115,betmgm|Omarion Hampton|player_rush_yds|44.5,0.53488372,0.5,https://api.the-odds-api.com/v4/sports/americanfootball_nfl
2026,4,96d2373cda647873b971f268482bced0,2026-10-04T20:25:00Z,BetMGM,betmgm,2026-10-04T18:08:13Z,Seattle Seahawks,Los Angeles Chargers,Omarion Hampton,,,RB,player_rush_yds,Full Game,44.5,Under,-115,betmgm|Omarion Hampton|player_rush_yds|44.5,0.53488372,0.5,https://api.the-odds-api.com/v4/sports/americanfootball_nfl
2026,4,96d2373cda647873b971f268482bced0,2026-10-04T20:25:00Z,BetMGM,betmgm,2026-10-04T18:08:13Z,Seattle Seahawks,Los Angeles Chargers,Keaton Mitchell,,,RB,player_rush_yds,Full Game,18.5,Over,-115,betmgm|Keaton Mitchell|player_rush_yds|18.5,0.53488372,0.5,https://api.the-odds-api.com/v4/sports/americanfootball_nfl
2026,4,96d2373cda647873b971f268482bced0,2026-10-04T20:25:00Z,BetMGM,betmgm,2026-10-04T18:08:13Z,Seattle Seahawks,Los Angeles Chargers,Keaton Mitchell,,,RB,player_rush_yds,Full Game,18.5,Under,-115,betmgm|Keaton Mitchell|player_rush_yds|18.5,0.53488372,0.5,https://api.the-odds-api.com/v4/sports/americanfootball_nfl
2026,4,96d2373cda647873b971f268482bced0,2026-10-04T20:25:00Z,BetMGM,betmgm,2026-10-04T18:08:13Z,Seattle Seahawks,Los Angeles Chargers,Emanuel Wilson,,,RB,player_rush_yds,Full Game,48.5,Over,-120,betmgm|Emanuel Wilson|player_rush_yds|48.5,0.54545455,0.50904705,https://api.the-odds-api.com/v4/sports/americanfootball_nfl
2026,4,96d2373cda647873b971f268482bced0,2026-10-04T20:25:00Z,BetMGM,betmgm,2026-10-04T18:08:13Z,Seattle Seahawks,Los Angeles Chargers,Emanuel Wilson,,,RB,player_rush_yds,Full Game,48.5,Under,-111,betmgm|Emanuel Wilson|player_rush_yds|48.5,0.52606635,0.49095295,https://api.the-odds-api.com/v4/sports/americanfootball_nfl
2026,4,96d2373cda647873b971f268482bced0,2026-10-04T20:25:00Z,BetMGM,betmgm,2026-10-04T18:08:13Z,Seattle Seahawks,Los Angeles Chargers,George Holani,,,RB,player_rush_yds,Full Game,33.5,Over,-105,betmgm|George Holani|player_rush_yds|33.5,0.51219512,0.47969543,https://api.the-odds-api.com/v4/sports/americanfootball_nfl
2026,4,96d2373cda647873b971f268482bced0,2026-10-04T20:25:00Z,BetMGM,betmgm,2026-10-04T18:08:13Z,Seattle Seahawks,Los Angeles Chargers,George Holani,,,RB,player_rush_yds,Full Game,33.5,Under,-125,betmgm|George Holani|player_rush_yds|33.5,0.55555556,0.52030457,https://api.the-odds-api.com/v4/sports/americanfootball_nfl
2026,4,96d2373cda647873b971f268482bced0,2026-10-04T20:25:00Z,Bovada,bovada,2026-10-04T18:06:58Z,Seattle Seahawks,Los Angeles Chargers,AJ Barner,,,WR,player_reception_yds,Full Game,21.5,Over,-240,bovada|AJ Barner|player_reception_yds|21.5,0.70588235,0.66,https://api.the-odds-api.com/v4/sports/americanfootball_nfl
2026,4,96d2373cda647873b971f268482bced0,2026-10-04T20:25:00Z,Bovada,bovada,2026-10-04T18:06:58Z,Seattle Seahawks,Los Angeles Chargers,AJ Barner,,,WR,player_reception_yds,Full Game,21.5,Under,175,bovada|AJ Barner|player_reception_yds|21.5,0.36363636,0.34,https://api.the-odds-api.com/v4/sports/americanfootball_nfl
2026,4,96d2373cda647873b971f268482bced0,2026-10-04T20:25:00Z,Bovada,bovada,2026-10-04T18:06:58Z,Seattle Seahawks,Los Angeles Chargers,AJ Barner,,,WR,player_reception_yds,Full Game,26.5,Over,-160,bovada|AJ Barner|player_reception_yds|26.5,0.61538462,0.5751634,https://api.the-odds-api.com/v4/sports/americanfootball_nfl
2026,4,96d2373cda647873b971f268482bced0,2026-10-04T20:25:00Z,Bovada,bovada,2026-10-04T18:06:58Z,Seattle Seahawks,Los Angeles Chargers,AJ Barner,,,WR,player_reception_yds,Full Game,26.5,Under,120,bovada|AJ Barner|player_reception_yds|26.5,0.45454545,0.4248366,https://api.the-odds-api.com/v4/sports/americanfootball_nfl
2026,4,96d2373cda647873b971f268482bced0,2026-10-04T20:25:00Z,Bovada,bovada,2026-10-04T18:06:58Z,Seattle Seahawks,Los Angeles Chargers,AJ Barner,,,WR,player_reception_yds,Full Game,31.5,Over,-115,bovada|AJ Barner|player_reception_yds|31.5,0.53488372,0.5,https://api.the-odds-api.com/v4/sports/americanfootball_nfl
2026,4,96d2373cda647873b971f268482bced0,2026-10-04T20:25:00Z,Bovada,bovada,2026-10-04T18:06:58Z,Seattle Seahawks,Los Angeles Chargers,AJ Barner,,,WR,player_reception_yds,Full Game,31.5,Under,-115,bovada|AJ Barner|player_reception_yds|31.5,0.53488372,0.5,https://api.the-odds-api.com/v4/sports/americanfootball_nfl
2026,4,96d2373cda647873b971f268482bced0,2026-10-04T20:25:00Z,Bovada,bovada,2026-10-04T18:06:58Z,Seattle Seahawks,Los Angeles Chargers,AJ Barner,,,WR,player_reception_yds,Full Game,36.5,Over,115,bovada|AJ Barner|player_reception_yds|36.5,0.46511628,0.43668122,https://api.the-odds-api.com/v4/sports/americanfootball_nfl
2026,4,96d2373cda647873b971f268482bced0,2026-10-04T20:25:00Z,Bovada,bovada,2026-10-04T18:06:58Z,Seattle Seahawks,Los Angeles Chargers,AJ Barner,,,WR,player_reception_yds,Full Game,36.5,Under,-150,bovada|AJ Barner|player_reception_yds|36.5,0.6,0.56331878,https://api.the-odds-api.com/v4/sports/americanfootball_nfl
2026,4,96d2373cda647873b971f268482bced0,2026-10-04T20:25:00Z,Bovada,bovada,2026-10-04T18:06:58Z,Seattle Seahawks,Los Angeles Chargers,AJ Barner,,,WR,player_reception_yds,Full Game,41.5,Over,155,bovada|AJ Barner|player_reception_yds|41.5,0.39215686,0.36664695,https://api.the-odds-api.com/v4/sports/americanfootball_nfl
2026,4,96d2373cda647873b971f268482bced0,2026-10-04T20:25:00Z,Bovada,bovada,2026-10-04T18:06:58Z,Seattle Seahawks,Los Angeles Chargers,AJ Barner,,,WR,player_reception_yds,Full Game,41.5,Under,-210,bovada|AJ Barner|player_reception_yds|41.5,0.67741935,0.63335305,https://api.the-odds-api.com/v4/sports/americanfootball_nfl
2026,4,96d2373cda647873b971f268482bced0,2026-10-04T20:25:00Z,Bovada,bovada,2026-10-04T18:06:58Z,Seattle Seahawks,Los Angeles Chargers,Cooper Kupp,,,WR,player_reception_yds,Full Game,22.5,Over,-120,bovada|Cooper Kupp|player_reception_yds|22.5,0.54545455,0.51012146,https://api.the-odds-api.com/v4/sports/americanfootball_nfl
2026,4,96d2373cda647873b971f268482bced0,2026-10-04T20:25:00Z,Bovada,bovada,2026-10-04T18:06:58Z,Seattle Seahawks,Los Angeles Chargers,Cooper Kupp,,,WR,player_reception_yds,Full Game,22.5,Under,-110,bovada|Cooper Kupp|player_reception_yds|22.5,0.52380952,0.48987854,https://api.the-odds-api.com/v4/sports/americanfootball_nfl
2026,4,96d2373cda647873b971f268482bced0,2026-10-04T20:25:00Z,Bovada,bovada,2026-10-04T18:06:58Z,Seattle Seahawks,Los Angeles Chargers,George Holani,,,WR,player_reception_yds,Full Game,11.5,Over,-120,bovada|George Holani|player_reception_yds|11.5,0.54545455,0.51012146,https://api.the-odds-api.com/v4/sports/americanfootball_nfl
2026,4,96d2373cda647873b971f268482bced0,2026-10-04T20:25:00Z,Bovada,bovada,2026-10-04T18:06:58Z,Seattle Seahawks,Los Angeles Chargers,George Holani,,,WR,player_reception_yds,Full Game,11.5,Under,-110,bovada|George Holani|player_reception_yds|11.5,0.52380952,0.48987854,https://api.the-odds-api.com/v4/sports/americanfootball_nfl
2026,4,96d2373cda647873b971f268482bced0,2026-10-04T20:25:00Z,Bovada,bovada,2026-10-04T18:06:58Z,Seattle Seahawks,Los Angeles Chargers,Jaxon Smith-Njigba,,,WR,player_reception_yds,Full Game,74.5,Over,-260,bovada|Jaxon Smith-Njigba|player_reception_yds|74.5,0.72222222,0.67684021,https://api.the-odds-api.com/v4/sports/americanfootball_nfl
2026,4,96d2373cda647873b971f268482bced0,2026-10-04T20:25:00Z,Bovada,bovada,2026-10-04T18:06:58Z,Seattle Seahawks,Los Angeles Chargers,Jaxon Smith-Njigba,,,WR,player_reception_yds,Full Game,74.5,Under,190,bovada|Jaxon Smith-Njigba|player_reception_yds|74.5,0.34482759,0.32315979,https://api.the-odds-api.com/v4/sports/americanfootball_nfl
2026,4,96d2373cda647873b971f268482bced0,2026-10-04T20:25:00Z,Bovada,bovada,2026-10-04T18:06:58Z,Seattle Seahawks,Los Angeles Chargers,Jaxon Smith-Njigba,,,WR,player_reception_yds,Full Game,84.5,Over,-165,bovada|Jaxon Smith-Njigba|player_reception_yds|84.5,0.62264151,0.58349706,https://api.the-odds-api.com/v4/sports/americanfootball_nfl
2026,4,96d2373cda647873b971f268482bced0,2026-10-04T20:25:00Z,Bovada,bovada,2026-10-04T18:06:58Z,Seattle Seahawks,Los Angeles Chargers,Jaxon Smith-Njigba,,,WR,player_reception_yds,Full Game,84.5,Under,125,bovada|Jaxon Smith-Njigba|player_reception_yds|84.5,0.44444444,0.41650294,https://api.the-odds-api.com/v4/sports/americanfootball_nfl
2026,4,96d2373cda647873b971f268482bced0,2026-10-04T20:25:00Z,Bovada,bovada,2026-10-04T18:06:58Z,Seattle Seahawks,Los Angeles Chargers,Jaxon Smith-Njigba,,,WR,player_reception_yds,Full Game,94.5,Over,-115,bovada|Jaxon Smith-Njigba|player_reception_yds|94.5,0.53488372,0.5,https://api.the-odds-api.com/v4/sports/americanfootball_nfl
2026,4,96d2373cda647873b971f268482bced0,2026-10-04T20:25:00Z,Bovada,bovada,2026-10-04T18:06:58Z,Seattle Seahawks,Los Angeles Chargers,Jaxon Smith-Njigba,,,WR,player_reception_yds,Full Game,94.5,Under,-115,bovada|Jaxon Smith-Njigba|player_reception_yds|94.5,0.53488372,0.5,https://api.the-odds-api.com/v4/sports/americanfootball_nfl
2026,4,96d2373cda647873b971f268482bced0,2026-10-04T20:25:00Z,Bovada,bovada,2026-10-04T18:06:58Z,Seattle Seahawks,Los Angeles Chargers,Jaxon Smith-Njigba,,,WR,player_reception_yds,Full Game,104.5,Over,120,bovada|Jaxon Smith-Njigba|player_reception_yds|104.5,0.45454545,0.4248366,https://api.the-odds-api.com/v4/sports/americanfootball_nfl
2026,4,96d2373cda647873b971f268482bced0,2026-10-04T20:25:00Z,Bovada,bovada,2026-10-04T18:06:58Z,Seattle Seahawks,Los Angeles Chargers,Jaxon Smith-Njigba,,,WR,player_reception_yds,Full Game,104.5,Under,-160,bovada|Jaxon Smith-Njigba|player_reception_yds|104.5,0.61538462,0.5751634,https://api.the-odds-api.com/v4/sports/americanfootball_nfl
2026,4,96d2373cda647873b971f268482bced0,2026-10-04T20:25:00Z,Bovada,bovada,2026-10-04T18:06:58Z,Seattle Seahawks,Los Angeles Chargers,Jaxon Smith-Njigba,,,WR,player_reception_yds,Full Game,114.5,Over,170,bovada|Jaxon Smith-Njigba|player_reception_yds|114.5,0.37037037,0.34700315,https://api.the-odds-api.com/v4/sports/americanfootball_nfl
2026,4,96d2373cda647873b971f268482bced0,2026-10-04T20:25:00Z,Bovada,bovada,2026-10-04T18:06:58Z,Seattle Seahawks,Los Angeles Chargers,Jaxon Smith-Njigba,,,WR,player_reception_yds,Full Game,114.5,Under,-230,bovada|Jaxon Smith-Njigba|player_reception_yds|114.5,0.6969697,0.65299685,https://api.the-odds-api.com/v4/sports/americanfootball_nfl
2026,4,96d2373cda647873b971f268482bced0,2026-10-04T20:25:00Z,Bovada,bovada,2026-10-04T18:06:58Z,Seattle Seahawks,Los Angeles Chargers,Keaton Mitchell,,,WR,player_reception_yds,Full Game,11.5,Over,-110,bovada|Keaton Mitchell|player_reception_yds|11.5,0.52380952,0.48987854,https://api.the-odds-api.com/v4/sports/americanfootball_nfl
2026,4,96d2373cda647873b971f268482bced0,2026-10-04T20:25:00Z,Bovada,bovada,2026-10-04T18:06:58Z,Seattle Seahawks,Los Angeles Chargers,Keaton Mitchell,,,WR,player_reception_yds,Full Game,11.5,Under,-120,bovada|Keaton Mitchell|player_reception_yds|11.5,0.54545455,0.51012146,https://api.the-odds-api.com/v4/sports/americanfootball_nfl
2026,4,96d2373cda647873b971f268482bced0,2026-10-04T20:25:00Z,Bovada,bovada,2026-10-04T18:06:58Z,Seattle Seahawks,Los Angeles Chargers,Ladd McConkey,,,WR,player_reception_yds,Full Game,37.5,Over,-200,bovada|Ladd McConkey|player_reception_yds|37.5,0.66666667,0.625,https://api.the-odds-api.com/v4/sports/americanfootball_nfl
2026,4,96d2373cda647873b971f268482bced0,2026-10-04T20:25:00Z,Bovada,bovada,2026-10-04T18:06:58Z,Seattle Seahawks,Los Angeles Chargers,Ladd McConkey,,,WR,player_reception_yds,Full Game,37.5,Under,150,bovada|Ladd McConkey|player_reception_yds|37.5,0.4,0.375,https://api.the-odds-api.com/v4/sports/americanfootball_nfl
2026,4,96d2373cda647873b971f268482bced0,2026-10-04T20:25:00Z,Bovada,bovada,2026-10-04T18:06:58Z,Seattle Seahawks,Los Angeles Chargers,Ladd McConkey,,,WR,player_reception_yds,Full Game,42.5,Over,-150,bovada|Ladd McConkey|player_reception_yds|42.5,0.6,0.56331878,https://api.the-odds-api.com/v4/sports/americanfootball_nfl
2026,4,96d2373cda647873b971f268482bced0,2026-10-04T20:25:00Z,Bovada,bovada,2026-10-04T18:06:58Z,Seattle Seahawks,Los Angeles Chargers,Ladd McConkey,,,WR,player_reception_yds,Full Game,42.5,Under,115,bovada|Ladd McConkey|player_reception_yds|42.5,0.46511628,0.43668122,https://api.the-odds-api.com/v4/sports/americanfootball_nfl
2026,4,96d2373cda647873b971f268482bced0,2026-10-04T20:25:00Z,Bovada,bovada,2026-10-04T18:06:58Z,Seattle Seahawks,Los Angeles Chargers,Ladd McConkey,,,WR,player_reception_yds,Full Game,47.5,Over,-115,bovada|Ladd McConkey|player_reception_yds|47.5,0.53488372,0.5,https://api.the-odds-api.com/v4/sports/americanfootball_nfl
2026,4,96d2373cda647873b971f268482bced0,2026-10-04T20:25:00Z,Bovada,bovada,2026-10-04T18:06:58Z,Seattle Seahawks,Los Angeles Chargers,Ladd McConkey,,,WR,player_reception_yds,Full Game,47.5,Under,-115,bovada|Ladd McConkey|player_reception_yds|47.5,0.53488372,0.5,https://api.the-odds-api.com/v4/sports/americanfootball_nfl
2026,4,96d2373cda647873b971f268482bced0,2026-10-04T20:25:00Z,Bovada,bovada,2026-10-04T18:06:58Z,Seattle Seahawks,Los Angeles Chargers,Ladd McConkey,,,WR,player_reception_yds,Full Game,52.5,Over,110,bovada|Ladd McConkey|player_reception_yds|52.5,0.47619048,0.44585988,https://api.the-odds-api.com/v4/sports/americanfootball_nfl
2026,4,96d2373cda647873b971f268482bced0,2026-10-04T20:25:00Z,Bovada,bovada,2026-10-04T18:06:58Z,Seattle Seahawks,Los Angeles Chargers,Ladd McConkey,,,WR,player_reception_yds,Full Game,52.5,Under,-145,bovada|Ladd McConkey|player_reception_yds|52.5,0.59183673,0.55414012,https://api.the-odds-api.com/v4/sports/americanfootball_nfl
2026,4,96d2373cda647873b971f268482bced0,2026-10-04T20:25:00Z,Bovada,bovada,2026-10-04T18:06:58Z,Seattle Seahawks,Los Angeles Chargers,Ladd McConkey,,,WR,player_reception_yds,Full Game,57.5,Over,140,bovada|Ladd McConkey|player_reception_yds|57.5,0.41666667,0.3909465,https://api.the-odds-api.com/v4/sports/americanfootball_nfl
2026,4,96d2373cda647873b971f268482bced0,2026-10-04T20:25:00Z,Bovada,bovada,2026-10-04T18:06:58Z,Seattle Seahawks,Los Angeles Chargers,Ladd McConkey,,,WR,player_reception_yds,Full Game,57.5,Under,-185,bovada|Ladd McConkey|player_reception_yds|57.5,0.64912281,0.6090535,https://api.the-odds-api.com/v4/sports/americanfootball_nfl
2026,4,96d2373cda647873b971f268482bced0,2026-10-04T20:25:00Z,Bovada,bovada,2026-10-04T18:06:58Z,Seattle Seahawks,Los Angeles Chargers,Omarion Hampton,,,WR,player_reception_yds,Full Game,5.5,Over,-120,bovada|Omarion Hampton|player_reception_yds|5.5,0.54545455,0.51012146,https://api.the-odds-api.com/v4/sports/americanfootball_nfl
2026,4,96d2373cda647873b971f268482bced0,2026-10-04T20:25:00Z,Bovada,bovada,2026-10-04T18:06:58Z,Seattle Seahawks,Los Angeles Chargers,Omarion Hampton,,,WR,player_reception_yds,Full Game,5.5,Under,-110,bovada|Omarion Hampton|player_reception_yds|5.5,0.52380952,0.48987854,https://api.the-odds-api.com/v4/sports/americanfootball_nfl
2026,4,96d2373cda647873b971f268482bced0,2026-10-04T20:25:00Z,Bovada,bovada,2026-10-04T18:06:58Z,Seattle Seahawks,Los Angeles Chargers,Oronde Gadsden II,,,WR,player_reception_yds,Full Game,29.5,Over,-110,bovada|Oronde Gadsden II|player_reception_yds|29.5,0.52380952,0.48987854,https://api.the-odds-api.com/v4/sports/americanfootball_nfl
2026,4,96d2373cda647873b971f268482bced0,2026-10-04T20:25:00Z,Bovada,bovada,2026-10-04T18:06:58Z,Seattle Seahawks,Los Angeles Chargers,Oronde Gadsden II,,,WR,player_reception_yds,Full Game,29.5,Under,-120,bovada|Oronde Gadsden II|player_reception_yds|29.5,0.54545455,0.51012146,https://api.the-odds-api.com/v4/sports/americanfootball_nfl
2026,4,96d2373cda647873b971f268482bced0,2026-10-04T20:25:00Z,Bovada,bovada,2026-10-04T18:06:58Z,Seattle Seahawks,Los Angeles Chargers,Quentin Johnston,,,WR,player_reception_yds,Full Game,26.5,Over,-220,bovada|Quentin Johnston|player_reception_yds|26.5,0.6875,0.64562569,https://api.the-odds-api.com/v4/sports/americanfootball_nfl
2026,4,96d2373cda647873b971f268482bced0,2026-10-04T20:25:00Z,Bovada,bovada,2026-10-04T18:06:58Z,Seattle Seahawks,Los Angeles Chargers,Quentin Johnston,,,WR,player_reception_yds,Full Game,26.5,Under,165,bovada|Quentin Johnston|player_reception_yds|26.5,0.37735849,0.35437431,https://api.the-odds-api.com/v4/sports/americanfootball_nfl
2026,4,96d2373cda647873b971f268482bced0,2026-10-04T20:25:00Z,Bovada,bovada,2026-10-04T18:06:58Z,Seattle Seahawks,Los Angeles Chargers,Quentin Johnston,,,WR,player_reception_yds,Full Game,31.5,Over,-160,bovada|Quentin Johnston|player_reception_yds|31.5,0.61538462,0.5751634,https://api.the-odds-api.com/v4/sports/americanfootball_nfl
2026,4,96d2373cda647873b971f268482bced0,2026-10-04T20:25:00Z,Bovada,bovada,2026-10-04T18:06:58Z,Seattle Seahawks,Los Angeles Chargers,Quentin Johnston,,,WR,player_reception_yds,Full Game,31.5,Under,120,bovada|Quentin Johnston|player_reception_yds|31.5,0.45454545,0.4248366,https://api.the-odds-api.com/v4/sports/americanfootball_nfl
2026,4,96d2373cda647873b971f268482bced0,2026-10-04T20:25:00Z,Bovada,bovada,2026-10-04T18:06:58Z,Seattle Seahawks,Los Angeles Chargers,Quentin Johnston,,,WR,player_reception_yds,Full Game,36.5,Over,-115,bovada|Quentin Johnston|player_reception_yds|36.5,0.53488372,0.5,https://api.the-odds-api.com/v4/sports/americanfootball_nfl
2026,4,96d2373cda647873b971f268482bced0,2026-10-04T20:25:00Z,Bovada,bovada,2026-10-04T18:06:58Z,Seattle Seahawks,Los Angeles Chargers,Quentin Johnston,,,WR,player_reception_yds,Full Game,36.5,Under,-115,bovada|Quentin Johnston|player_reception_yds|36.5,0.53488372,0.5,https://api.the-odds-api.com/v4/sports/americanfootball_nfl
2026,4,96d2373cda647873b971f268482bced0,2026-10-04T20:25:00Z,Bovada,bovada,2026-10-04T18:06:58Z,Seattle Seahawks,Los Angeles Chargers,Quentin Johnston,,,WR,player_reception_yds,Full Game,41.5,Over,115,bovada|Quentin Johnston|player_reception_yds|41.5,0.46511628,0.43668122,https://api.the-odds-api.com/v4/sports/americanfootball_nfl
2026,4,96d2373cda647873b971f268482bced0,2026-10-04T20:25:00Z,Bovada,bovada,2026-10-04T18:06:58Z,Seattle Seahawks,Los Angeles Chargers,Quentin Johnston,,,WR,player_reception_yds,Full Game,41.5,Under,-150,bovada|Quentin Johnston|player_reception_yds|41.5,0.6,0.56331878,https://api.the-odds-api.com/v4/sports/americanfootball_nfl
2026,4,96d2373cda647873b971f268482bced0,2026-10-04T20:25:00Z,Bovada,bovada,2026-10-04T18:06:58Z,Seattle Seahawks,Los Angeles Chargers,Quentin Johnston,,,WR,player_reception_yds,Full Game,46.5,Over,150,bovada|Quentin Johnston|player_reception_yds|46.5,0.4,0.375,https://api.the-odds-api.com/v4/sports/americanfootball_nfl
2026,4,96d2373cda647873b971f268482bced0,2026-10-04T20:25:00Z,Bovada,bovada,2026-10-04T18:06:58Z,Seattle Seahawks,Los Angeles Chargers,Quentin Johnston,,,WR,player_reception_yds,Full Game,46.5,Under,-200,bovada|Quentin Johnston|player_reception_yds|46.5,0.66666667,0.625,https://api.the-odds-api.com/v4/sports/americanfootball_nfl
2026,4,96d2373cda647873b971f268482bced0,2026-10-04T20:25:00Z,Bovada,bovada,2026-10-04T18:06:58Z,Seattle Seahawks,Los Angeles Chargers,Rashid Shaheed,,,WR,player_reception_yds,Full Game,24.5,Over,-115,bovada|Rashid Shaheed|player_reception_yds|24.5,0.53488372,0.5,https://api.the-odds-api.com/v4/sports/americanfootball_nfl
2026,4,96d2373cda647873b971f268482bced0,2026-10-04T20:25:00Z,Bovada,bovada,2026-10-04T18:06:58Z,Seattle Seahawks,Los Angeles Chargers,Rashid Shaheed,,,WR,player_reception_yds,Full Game,24.5,Under,-115,bovada|Rashid Shaheed|player_reception_yds|24.5,0.53488372,0.5,https://api.the-odds-api.com/v4/sports/americanfootball_nfl
2026,4,96d2373cda647873b971f268482bced0,2026-10-04T20:25:00Z,Bovada,bovada,2026-10-04T18:06:58Z,Seattle Seahawks,Los Angeles Chargers,Tory Horton,,,WR,player_reception_yds,Full Game,7.5,Over,-120,bovada|Tory Horton|player_reception_yds|7.5,0.54545455,0.51012146,https://api.the-odds-api.com/v4/sports/americanfootball_nfl
2026,4,96d2373cda647873b971f268482bced0,2026-10-04T20:25:00Z,Bovada,bovada,2026-10-04T18:06:58Z,Seattle Seahawks,Los Angeles Chargers,Tory Horton,,,WR,player_reception_yds,Full Game,7.5,Under,-110,bovada|Tory Horton|player_reception_yds|7.5,0.52380952,0.48987854,https://api.the-odds-api.com/v4/sports/americanfootball_nfl
2026,4,96d2373cda647873b971f268482bced0,2026-10-04T20:25:00Z,Bovada,bovada,2026-10-04T18:06:58Z,Seattle Seahawks,Los Angeles Chargers,Tre Harris,,,WR,player_reception_yds,Full Game,25.5,Over,-220,bovada|Tre Harris|player_reception_yds|25.5,0.6875,0.64562569,https://api.the-odds-api.com/v4/sports/americanfootball_nfl
2026,4,96d2373cda647873b971f268482bced0,2026-10-04T20:25:00Z,Bovada,bovada,2026-10-04T18:06:58Z,Seattle Seahawks,Los Angeles Chargers,Tre Harris,,,WR,player_reception_yds,Full Game,25.5,Under,165,bovada|Tre Harris|player_reception_yds|25.5,0.37735849,0.35437431,https://api.the-odds-api.com/v4/sports/americanfootball_nfl
2026,4,96d2373cda647873b971f268482bced0,2026-10-04T20:25:00Z,Bovada,bovada,2026-10-04T18:06:58Z,Seattle Seahawks,Los Angeles Chargers,Tre Harris,,,WR,player_reception_yds,Full Game,30.5,Over,-160,bovada|Tre Harris|player_reception_yds|30.5,0.61538462,0.5751634,https://api.the-odds-api.com/v4/sports/americanfootball_nfl
2026,4,96d2373cda647873b971f268482bced0,2026-10-04T20:25:00Z,Bovada,bovada,2026-10-04T18:06:58Z,Seattle Seahawks,Los Angeles Chargers,Tre Harris,,,WR,player_reception_yds,Full Game,30.5,Under,120,bovada|Tre Harris|player_reception_yds|30.5,0.45454545,0.4248366,https://api.the-odds-api.com/v4/sports/americanfootball_nfl
2026,4,96d2373cda647873b971f268482bced0,2026-10-04T20:25:00Z,Bovada,bovada,2026-10-04T18:06:58Z,Seattle Seahawks,Los Angeles Chargers,Tre Harris,,,WR,player_reception_yds,Full Game,35.5,Over,-115,bovada|Tre Harris|player_reception_yds|35.5,0.53488372,0.5,https://api.the-odds-api.com/v4/sports/americanfootball_nfl
2026,4,96d2373cda647873b971f268482bced0,2026-10-04T20:25:00Z,Bovada,bovada,2026-10-04T18:06:58Z,Seattle Seahawks,Los Angeles Chargers,Tre Harris,,,WR,player_reception_yds,Full Game,35.5,Under,-115,bovada|Tre Harris|player_reception_yds|35.5,0.53488372,0.5,https://api.the-odds-api.com/v4/sports/americanfootball_nfl
2026,4,96d2373cda647873b971f268482bced0,2026-10-04T20:25:00Z,Bovada,bovada,2026-10-04T18:06:58Z,Seattle Seahawks,Los Angeles Chargers,Tre Harris,,,WR,player_reception_yds,Full Game,40.5,Over,115,bovada|Tre Harris|player_reception_yds|40.5,0.46511628,0.43668122,https://api.the-odds-api.com/v4/sports/americanfootball_nfl
2026,4,96d2373cda647873b971f268482bced0,2026-10-04T20:25:00Z,Bovada,bovada,2026-10-04T18:06:58Z,Seattle Seahawks,Los Angeles Chargers,Tre Harris,,,WR,player_reception_yds,Full Game,40.5,Under,-150,bovada|Tre Harris|player_reception_yds|40.5,0.6,0.56331878,https://api.the-odds-api.com/v4/sports/americanfootball_nfl
2026,4,96d2373cda647873b971f268482bced0,2026-10-04T20:25:00Z,Bovada,bovada,2026-10-04T18:06:58Z,Seattle Seahawks,Los Angeles Chargers,Tre Harris,,,WR,player_reception_yds,Full Game,45.5,Over,150,bovada|Tre Harris|player_reception_yds|45.5,0.4,0.375,https://api.the-odds-api.com/v4/sports/americanfootball_nfl
2026,4,96d2373cda647873b971f268482bced0,2026-10-04T20:25:00Z,Bovada,bovada,2026-10-04T18:06:58Z,Seattle Seahawks,Los Angeles Chargers,Tre Harris,,,WR,player_reception_yds,Full Game,45.5,Under,-200,bovada|Tre Harris|player_reception_yds|45.5,0.66666667,0.625,https://api.the-odds-api.com/v4/sports/americanfootball_nfl
2026,4,96d2373cda647873b971f268482bced0,2026-10-04T20:25:00Z,Bovada,bovada,2026-10-04T18:06:58Z,Seattle Seahawks,Los Angeles Chargers,Emanuel Wilson,,,RB,player_rush_yds,Full Game,39.5,Over,-220,bovada|Emanuel Wilson|player_rush_yds|39.5,0.6875,0.64562569,https://api.the-odds-api.com/v4/sports/americanfootball_nfl
2026,4,96d2373cda647873b971f268482bced0,2026-10-04T20:25:00Z,Bovada,bovada,2026-10-04T18:06:58Z,Seattle Seahawks,Los Angeles Chargers,Emanuel Wilson,,,RB,player_rush_yds,Full Game,39.5,Under,165,bovada|Emanuel Wilson|player_rush_yds|39.5,0.37735849,0.35437431,https://api.the-odds-api.com/v4/sports/americanfootball_nfl
2026,4,96d2373cda647873b971f268482bced0,2026-10-04T20:25:00Z,Bovada,bovada,2026-10-04T18:06:58Z,Seattle Seahawks,Los Angeles Chargers,Emanuel Wilson,,,RB,player_rush_yds,Full Game,44.5,Over,-160,bovada|Emanuel Wilson|player_rush_yds|44.5,0.61538462,0.5751634,https://api.the-odds-api.com/v4/sports/americanfootball_nfl
2026,4,96d2373cda647873b971f268482bced0,2026-10-04T20:25:00Z,Bovada,bovada,2026-10-04T18:06:58Z,Seattle Seahawks,Los Angeles Chargers,Emanuel Wilson,,,RB,player_rush_yds,Full Game,44.5,Under,120,bovada|Emanuel Wilson|player_rush_yds|44.5,0.45454545,0.4248366,https://api.the-odds-api.com/v4/sports/americanfootball_nfl
2026,4,96d2373cda647873b971f268482bced0,2026-10-04T20:25:00Z,Bovada,bovada,2026-10-04T18:06:58Z,Seattle Seahawks,Los Angeles Chargers,Emanuel Wilson,,,RB,player_rush_yds,Full Game,49.5,Over,-115,bovada|Emanuel Wilson|player_rush_yds|49.5,0.53488372,0.5,https://api.the-odds-api.com/v4/sports/americanfootball_nfl
2026,4,96d2373cda647873b971f268482bced0,2026-10-04T20:25:00Z,Bovada,bovada,2026-10-04T18:06:58Z,Seattle Seahawks,Los Angeles Chargers,Emanuel Wilson,,,RB,player_rush_yds,Full Game,49.5,Under,-115,bovada|Emanuel Wilson|player_rush_yds|49.5,0.53488372,0.5,https://api.the-odds-api.com/v4/sports/americanfootball_nfl
2026,4,96d2373cda647873b971f268482bced0,2026-10-04T20:25:00Z,Bovada,bovada,2026-10-04T18:06:58Z,Seattle Seahawks,Los Angeles Chargers,Emanuel Wilson,,,RB,player_rush_yds,Full Game,54.5,Over,115,bovada|Emanuel Wilson|player_rush_yds|54.5,0.46511628,0.43668122,https://api.the-odds-api.com/v4/sports/americanfootball_nfl
2026,4,96d2373cda647873b971f268482bced0,2026-10-04T20:25:00Z,Bovada,bovada,2026-10-04T18:06:58Z,Seattle Seahawks,Los Angeles Chargers,Emanuel Wilson,,,RB,player_rush_yds,Full Game,54.5,Under,-150,bovada|Emanuel Wilson|player_rush_yds|54.5,0.6,0.56331878,https://api.the-odds-api.com/v4/sports/americanfootball_nfl
2026,4,96d2373cda647873b971f268482bced0,2026-10-04T20:25:00Z,Bovada,bovada,2026-10-04T18:06:58Z,Seattle Seahawks,Los Angeles Chargers,Emanuel Wilson,,,RB,player_rush_yds,Full Game,59.5,Over,150,bovada|Emanuel Wilson|player_rush_yds|59.5,0.4,0.375,https://api.the-odds-api.com/v4/sports/americanfootball_nfl
2026,4,96d2373cda647873b971f268482bced0,2026-10-04T20:25:00Z,Bovada,bovada,2026-10-04T18:06:58Z,Seattle Seahawks,Los Angeles Chargers,Emanuel Wilson,,,RB,player_rush_yds,Full Game,59.5,Under,-200,bovada|Emanuel Wilson|player_rush_yds|59.5,0.66666667,0.625,https://api.the-odds-api.com/v4/sports/americanfootball_nfl
2026,4,96d2373cda647873b971f268482bced0,2026-10-04T20:25:00Z,Bovada,bovada,2026-10-04T18:06:58Z,Seattle Seahawks,Los Angeles Chargers,George Holani,,,RB,player_rush_yds,Full Game,22.5,Over,-260,bovada|George Holani|player_rush_yds|22.5,0.72222222,0.67684021,https://api.the-odds-api.com/v4/sports/americanfootball_nfl
2026,4,96d2373cda647873b971f268482bced0,2026-10-04T20:25:00Z,Bovada,bovada,2026-10-04T18:06:58Z,Seattle Seahawks,Los Angeles Chargers,George Holani,,,RB,player_rush_yds,Full Game,22.5,Under,190,bovada|George Holani|player_rush_yds|22.5,0.34482759,0.32315979,https://api.the-odds-api.com/v4/sports/americanfootball_nfl
2026,4,96d2373cda647873b971f268482bced0,2026-10-04T20:25:00Z,Bovada,bovada,2026-10-04T18:06:58Z,Seattle Seahawks,Los Angeles Chargers,George Holani,,,RB,player_rush_yds,Full Game,27.5,Over,-165,bovada|George Holani|player_rush_yds|27.5,0.62264151,0.58349706,https://api.the-odds-api.com/v4/sports/americanfootball_nfl
2026,4,96d2373cda647873b971f268482bced0,2026-10-04T20:25:00Z,Bovada,bovada,2026-10-04T18:06:58Z,Seattle Seahawks,Los Angeles Chargers,George Holani,,,RB,player_rush_yds,Full Game,27.5,Under,125,bovada|George Holani|player_rush_yds|27.5,0.44444444,0.41650294,https://api.the-odds-api.com/v4/sports/americanfootball_nfl
2026,4,96d2373cda647873b971f268482bced0,2026-10-04T20:25:00Z,Bovada,bovada,2026-10-04T18:06:58Z,Seattle Seahawks,Los Angeles Chargers,George Holani,,,RB,player_rush_yds,Full Game,32.5,Over,-110,bovada|George Holani|player_rush_yds|32.5,0.52380952,0.48987854,https://api.the-odds-api.com/v4/sports/americanfootball_nfl
2026,4,96d2373cda647873b971f268482bced0,2026-10-04T20:25:00Z,Bovada,bovada,2026-10-04T18:06:58Z,Seattle Seahawks,Los Angeles Chargers,George Holani,,,RB,player_rush_yds,Full Game,32.5,Under,-120,bovada|George Holani|player_rush_yds|32.5,0.54545455,0.51012146,https://api.the-odds-api.com/v4/sports/americanfootball_nfl
2026,4,96d2373cda647873b971f268482bced0,2026-10-04T20:25:00Z,Bovada,bovada,2026-10-04T18:06:58Z,Seattle Seahawks,Los Angeles Chargers,George Holani,,,RB,player_rush_yds,Full Game,37.5,Over,130,bovada|George Holani|player_rush_yds|37.5,0.43478261,0.40847201,https://api.the-odds-api.com/v4/sports/americanfootball_nfl
2026,4,96d2373cda647873b971f268482bced0,2026-10-04T20:25:00Z,Bovada,bovada,2026-10-04T18:06:58Z,Seattle Seahawks,Los Angeles Chargers,George Holani,,,RB,player_rush_yds,Full Game,37.5,Under,-170,bovada|George Holani|player_rush_yds|37.5,0.62962963,0.59152799,https://api.the-odds-api.com/v4/sports/americanfootball_nfl
2026,4,96d2373cda647873b971f268482bced0,2026-10-04T20:25:00Z,Bovada,bovada,2026-10-04T18:06:58Z,Seattle Seahawks,Los Angeles Chargers,George Holani,,,RB,player_rush_yds,Full Game,42.5,Over,175,bovada|George Holani|player_rush_yds|42.5,0.36363636,0.34,https://api.the-odds-api.com/v4/sports/americanfootball_nfl
2026,4,96d2373cda647873b971f268482bced0,2026-10-04T20:25:00Z,Bovada,bovada,2026-10-04T18:06:58Z,Seattle Seahawks,Los Angeles Chargers,George Holani,,,RB,player_rush_yds,Full Game,42.5,Under,-240,bovada|George Holani|player_rush_yds|42.5,0.70588235,0.66,https://api.the-odds-api.com/v4/sports/americanfootball_nfl
2026,4,96d2373cda647873b971f268482bced0,2026-10-04T20:25:00Z,Bovada,bovada,2026-10-04T18:06:58Z,Seattle Seahawks,Los Angeles Chargers,Justin Herbert,,,RB,player_rush_yds,Full Game,20.5,Over,-115,bovada|Justin Herbert|player_rush_yds|20.5,0.53488372,0.5,https://api.the-odds-api.com/v4/sports/americanfootball_nfl
2026,4,96d2373cda647873b971f268482bced0,2026-10-04T20:25:00Z,Bovada,bovada,2026-10-04T18:06:58Z,Seattle Seahawks,Los Angeles Chargers,Justin Herbert,,,RB,player_rush_yds,Full Game,20.5,Under,-115,bovada|Justin Herbert|player_rush_yds|20.5,0.53488372,0.5,https://api.the-odds-api.com/v4/sports/americanfootball_nfl
2026,4,96d2373cda647873b971f268482bced0,2026-10-04T20:25:00Z,Bovada,bovada,2026-10-04T18:06:58Z,Seattle Seahawks,Los Angeles Chargers,Keaton Mitchell,,,RB,player_rush_yds,Full Game,18.5,Over,-110,bovada|Keaton Mitchell|player_rush_yds|18.5,0.52380952,0.48987854,https://api.the-odds-api.com/v4/sports/americanfootball_nfl
2026,4,96d2373cda647873b971f268482bced0,2026-10-04T20:25:00Z,Bovada,bovada,2026-10-04T18:06:58Z,Seattle Seahawks,Los Angeles Chargers,Keaton Mitchell,,,RB,player_rush_yds,Full Game,18.5,Under,-120,bovada|Keaton Mitchell|player_rush_yds|18.5,0.54545455,0.51012146,https://api.the-odds-api.com/v4/sports/americanfootball_nfl
2026,4,96d2373cda647873b971f268482bced0,2026-10-04T20:25:00Z,Bovada,bovada,2026-10-04T18:06:58Z,Seattle Seahawks,Los Angeles Chargers,Omarion Hampton,,,RB,player_rush_yds,Full Game,36.5,Over,-230,bovada|Omarion Hampton|player_rush_yds|36.5,0.6969697,0.65299685,https://api.the-odds-api.com/v4/sports/americanfootball_nfl
2026,4,96d2373cda647873b971f268482bced0,2026-10-04T20:25:00Z,Bovada,bovada,2026-10-04T18:06:58Z,Seattle Seahawks,Los Angeles Chargers,Omarion Hampton,,,RB,player_rush_yds,Full Game,36.5,Under,170,bovada|Omarion Hampton|player_rush_yds|36.5,0.37037037,0.34700315,https://api.the-odds-api.com/v4/sports/americanfootball_nfl
2026,4,96d2373cda647873b971f268482bced0,2026-10-04T20:25:00Z,Bovada,bovada,2026-10-04T18:06:58Z,Seattle Seahawks,Los Angeles Chargers,Omarion Hampton,,,RB,player_rush_yds,Full Game,41.5,Over,-160,bovada|Omarion Hampton|player_rush_yds|41.5,0.61538462,0.5751634,https://api.the-odds-api.com/v4/sports/americanfootball_nfl
2026,4,96d2373cda647873b971f268482bced0,2026-10-04T20:25:00Z,Bovada,bovada,2026-10-04T18:06:58Z,Seattle Seahawks,Los Angeles Chargers,Omarion Hampton,,,RB,player_rush_yds,Full Game,41.5,Under,120,bovada|Omarion Hampton|player_rush_yds|41.5,0.45454545,0.4248366,https://api.the-odds-api.com/v4/sports/americanfootball_nfl
2026,4,96d2373cda647873b971f268482bced0,2026-10-04T20:25:00Z,Bovada,bovada,2026-10-04T18:06:58Z,Seattle Seahawks,Los Angeles Chargers,Omarion Hampton,,,RB,player_rush_yds,Full Game,46.5,Over,-115,bovada|Omarion Hampton|player_rush_yds|46.5,0.53488372,0.5,https://api.the-odds-api.com/v4/sports/americanfootball_nfl
2026,4,96d2373cda647873b971f268482bced0,2026-10-04T20:25:00Z,Bovada,bovada,2026-10-04T18:06:58Z,Seattle Seahawks,Los Angeles Chargers,Omarion Hampton,,,RB,player_rush_yds,Full Game,46.5,Under,-115,bovada|Omarion Hampton|player_rush_yds|46.5,0.53488372,0.5,https://api.the-odds-api.com/v4/sports/americanfootball_nfl
2026,4,96d2373cda647873b971f268482bced0,2026-10-04T20:25:00Z,Bovada,bovada,2026-10-04T18:06:58Z,Seattle Seahawks,Los Angeles Chargers,Omarion Hampton,,,RB,player_rush_yds,Full Game,51.5,Over,115,bovada|Omarion Hampton|player_rush_yds|51.5,0.46511628,0.43668122,https://api.the-odds-api.com/v4/sports/americanfootball_nfl
2026,4,96d2373cda647873b971f268482bced0,2026-10-04T20:25:00Z,Bovada,bovada,2026-10-04T18:06:58Z,Seattle Seahawks,Los Angeles Chargers,Omarion Hampton,,,RB,player_rush_yds,Full Game,51.5,Under,-150,bovada|Omarion Hampton|player_rush_yds|51.5,0.6,0.56331878,https://api.the-odds-api.com/v4/sports/americanfootball_nfl
2026,4,96d2373cda647873b971f268482bced0,2026-10-04T20:25:00Z,Bovada,bovada,2026-10-04T18:06:58Z,Seattle Seahawks,Los Angeles Chargers,Omarion Hampton,,,RB,player_rush_yds,Full Game,56.5,Over,155,bovada|Omarion Hampton|player_rush_yds|56.5,0.39215686,0.36664695,https://api.the-odds-api.com/v4/sports/americanfootball_nfl
2026,4,96d2373cda647873b971f268482bced0,2026-10-04T20:25:00Z,Bovada,bovada,2026-10-04T18:06:58Z,Seattle Seahawks,Los Angeles Chargers,Omarion Hampton,,,RB,player_rush_yds,Full Game,56.5,Under,-210,bovada|Omarion Hampton|player_rush_yds|56.5,0.67741935,0.63335305,https://api.the-odds-api.com/v4/sports/americanfootball_nfl
2026,4,96d2373cda647873b971f268482bced0,2026-10-04T20:25:00Z,Underdog,underdog,2026-10-04T18:08:15Z,Seattle Seahawks,Los Angeles Chargers,Omarion Hampton,,,WR,player_reception_yds,Full Game,5.5,Over,-137,underdog|Omarion Hampton|player_reception_yds|5.5,0.57805907,0.5,https://api.the-odds-api.com/v4/sports/americanfootball_nfl
2026,4,96d2373cda647873b971f268482bced0,2026-10-04T20:25:00Z,Underdog,underdog,2026-10-04T18:08:15Z,Seattle Seahawks,Los Angeles Chargers,Omarion Hampton,,,WR,player_reception_yds,Full Game,5.5,Under,-137,underdog|Omarion Hampton|player_reception_yds|5.5,0.57805907,0.5,https://api.the-odds-api.com/v4/sports/americanfootball_nfl
2026,4,96d2373cda647873b971f268482bced0,2026-10-04T20:25:00Z,Underdog,underdog,2026-10-04T18:08:15Z,Seattle Seahawks,Los Angeles Chargers,Ladd McConkey,,,WR,player_reception_yds,Full Game,47.5,Over,-137,underdog|Ladd McConkey|player_reception_yds|47.5,0.57805907,0.5,https://api.the-odds-api.com/v4/sports/americanfootball_nfl
2026,4,96d2373cda647873b971f268482bced0,2026-10-04T20:25:00Z,Underdog,underdog,2026-10-04T18:08:15Z,Seattle Seahawks,Los Angeles Chargers,Ladd McConkey,,,WR,player_reception_yds,Full Game,47.5,Under,-137,underdog|Ladd McConkey|player_reception_yds|47.5,0.57805907,0.5,https://api.the-odds-api.com/v4/sports/americanfootball_nfl
2026,4,96d2373cda647873b971f268482bced0,2026-10-04T20:25:00Z,Underdog,underdog,2026-10-04T18:08:15Z,Seattle Seahawks,Los Angeles Chargers,Jaxon Smith-Njigba,,,WR,player_reception_yds,Full Game,93.5,Over,-137,underdog|Jaxon Smith-Njigba|player_reception_yds|93.5,0.57805907,0.5,https://api.the-odds-api.com/v4/sports/americanfootball_nfl
2026,4,96d2373cda647873b971f268482bced0,2026-10-04T20:25:00Z,Underdog,underdog,2026-10-04T18:08:15Z,Seattle Seahawks,Los Angeles Chargers,Jaxon Smith-Njigba,,,WR,player_reception_yds,Full Game,93.5,Under,-137,underdog|Jaxon Smith-Njigba|player_reception_yds|93.5,0.57805907,0.5,https://api.the-odds-api.com/v4/sports/americanfootball_nfl
2026,4,96d2373cda647873b971f268482bced0,2026-10-04T20:25:00Z,Underdog,underdog,2026-10-04T18:08:15Z,Seattle Seahawks,Los Angeles Chargers,Quentin Johnston,,,WR,player_reception_yds,Full Game,34.5,Over,-137,underdog|Quentin Johnston|player_reception_yds|34.5,0.57805907,0.5,https://api.the-odds-api.com/v4/sports/americanfootball_nfl
2026,4,96d2373cda647873b971f268482bced0,2026-10-04T20:25:00Z,Underdog,underdog,2026-10-04T18:08:15Z,Seattle Seahawks,Los Angeles Chargers,Quentin Johnston,,,WR,player_reception_yds,Full Game,34.5,Under,-137,underdog|Quentin Johnston|player_reception_yds|34.5,0.57805907,0.5,https://api.the-odds-api.com/v4/sports/americanfootball_nfl
2026,4,96d2373cda647873b971f268482bced0,2026-10-04T20:25:00Z,Underdog,underdog,2026-10-04T18:08:15Z,Seattle Seahawks,Los Angeles Chargers,Cooper Kupp,,,WR,player_reception_yds,Full Game,23.5,Over,-137,underdog|Cooper Kupp|player_reception_yds|23.5,0.57805907,0.5,https://api.the-odds-api.com/v4/sports/americanfootball_nfl
2026,4,96d2373cda647873b971f268482bced0,2026-10-04T20:25:00Z,Underdog,underdog,2026-10-04T18:08:15Z,Seattle Seahawks,Los Angeles Chargers,Cooper Kupp,,,WR,player_reception_yds,Full Game,23.5,Under,-137,underdog|Cooper Kupp|player_reception_yds|23.5,0.57805907,0.5,https://api.the-odds-api.com/v4/sports/americanfootball_nfl
2026,4,96d2373cda647873b971f268482bced0,2026-10-04T20:25:00Z,Underdog,underdog,2026-10-04T18:08:15Z,Seattle Seahawks,Los Angeles Chargers,Rashid Shaheed,,,WR,player_reception_yds,Full Game,23.5,Over,-137,underdog|Rashid Shaheed|player_reception_yds|23.5,0.57805907,0.5,https://api.the-odds-api.com/v4/sports/americanfootball_nfl
2026,4,96d2373cda647873b971f268482bced0,2026-10-04T20:25:00Z,Underdog,underdog,2026-10-04T18:08:15Z,Seattle Seahawks,Los Angeles Chargers,Rashid Shaheed,,,WR,player_reception_yds,Full Game,23.5,Under,-137,underdog|Rashid Shaheed|player_reception_yds|23.5,0.57805907,0.5,https://api.the-odds-api.com/v4/sports/americanfootball_nfl
2026,4,96d2373cda647873b971f268482bced0,2026-10-04T20:25:00Z,Underdog,underdog,2026-10-04T18:08:15Z,Seattle Seahawks,Los Angeles Chargers,AJ Barner,,,WR,player_reception_yds,Full Game,30.5,Over,-137,underdog|AJ Barner|player_reception_yds|30.5,0.57805907,0.5,https://api.the-odds-api.com/v4/sports/americanfootball_nfl
2026,4,96d2373cda647873b971f268482bced0,2026-10-04T20:25:00Z,Underdog,underdog,2026-10-04T18:08:15Z,Seattle Seahawks,Los Angeles Chargers,AJ Barner,,,WR,player_reception_yds,Full Game,30.5,Under,-137,underdog|AJ Barner|player_reception_yds|30.5,0.57805907,0.5,https://api.the-odds-api.com/v4/sports/americanfootball_nfl
2026,4,96d2373cda647873b971f268482bced0,2026-10-04T20:25:00Z,Underdog,underdog,2026-10-04T18:08:15Z,Seattle Seahawks,Los Angeles Chargers,Emanuel Wilson,,,WR,player_reception_yds,Full Game,5.5,Over,-137,underdog|Emanuel Wilson|player_reception_yds|5.5,0.57805907,0.5,https://api.the-odds-api.com/v4/sports/americanfootball_nfl
2026,4,96d2373cda647873b971f268482bced0,2026-10-04T20:25:00Z,Underdog,underdog,2026-10-04T18:08:15Z,Seattle Seahawks,Los Angeles Chargers,Emanuel Wilson,,,WR,player_reception_yds,Full Game,5.5,Under,-137,underdog|Emanuel Wilson|player_reception_yds|5.5,0.57805907,0.5,https://api.the-odds-api.com/v4/sports/americanfootball_nfl
2026,4,96d2373cda647873b971f268482bced0,2026-10-04T20:25:00Z,Underdog,underdog,2026-10-04T18:08:15Z,Seattle Seahawks,Los Angeles Chargers,Elijah Arroyo,,,WR,player_reception_yds,Full Game,3.5,Over,-137,underdog|Elijah Arroyo|player_reception_yds|3.5,0.57805907,0.5,https://api.the-odds-api.com/v4/sports/americanfootball_nfl
2026,4,96d2373cda647873b971f268482bced0,2026-10-04T20:25:00Z,Underdog,underdog,2026-10-04T18:08:15Z,Seattle Seahawks,Los Angeles Chargers,Elijah Arroyo,,,WR,player_reception_yds,Full Game,3.5,Under,-137,underdog|Elijah Arroyo|player_reception_yds|3.5,0.57805907,0.5,https://api.the-odds-api.com/v4/sports/americanfootball_nfl
2026,4,96d2373cda647873b971f268482bced0,2026-10-04T20:25:00Z,Underdog,underdog,2026-10-04T18:08:15Z,Seattle Seahawks,Los Angeles Chargers,Tory Horton,,,WR,player_reception_yds,Full Game,7.5,Over,-137,underdog|Tory Horton|player_reception_yds|7.5,0.57805907,0.5,https://api.the-odds-api.com/v4/sports/americanfootball_nfl
2026,4,96d2373cda647873b971f268482bced0,2026-10-04T20:25:00Z,Underdog,underdog,2026-10-04T18:08:15Z,Seattle Seahawks,Los Angeles Chargers,Tory Horton,,,WR,player_reception_yds,Full Game,7.5,Under,-137,underdog|Tory Horton|player_reception_yds|7.5,0.57805907,0.5,https://api.the-odds-api.com/v4/sports/americanfootball_nfl
2026,4,96d2373cda647873b971f268482bced0,2026-10-04T20:25:00Z,Underdog,underdog,2026-10-04T18:08:15Z,Seattle Seahawks,Los Angeles Chargers,Keaton Mitchell,,,WR,player_reception_yds,Full Game,10.5,Over,-137,underdog|Keaton Mitchell|player_reception_yds|10.5,0.57805907,0.5,https://api.the-odds-api.com/v4/sports/americanfootball_nfl
2026,4,96d2373cda647873b971f268482bced0,2026-10-04T20:25:00Z,Underdog,underdog,2026-10-04T18:08:15Z,Seattle Seahawks,Los Angeles Chargers,Keaton Mitchell,,,WR,player_reception_yds,Full Game,10.5,Under,-137,underdog|Keaton Mitchell|player_reception_yds|10.5,0.57805907,0.5,https://api.the-odds-api.com/v4/sports/americanfootball_nfl
2026,4,96d2373cda647873b971f268482bced0,2026-10-04T20:25:00Z,Underdog,underdog,2026-10-04T18:08:15Z,Seattle Seahawks,Los Angeles Chargers,Oronde Gadsden II,,,WR,player_reception_yds,Full Game,27.5,Over,-137,underdog|Oronde Gadsden II|player_reception_yds|27.5,0.57805907,0.5,https://api.the-odds-api.com/v4/sports/americanfootball_nfl
2026,4,96d2373cda647873b971f268482bced0,2026-10-04T20:25:00Z,Underdog,underdog,2026-10-04T18:08:15Z,Seattle Seahawks,Los Angeles Chargers,Oronde Gadsden II,,,WR,player_reception_yds,Full Game,27.5,Under,-137,underdog|Oronde Gadsden II|player_reception_yds|27.5,0.57805907,0.5,https://api.the-odds-api.com/v4/sports/americanfootball_nfl
2026,4,96d2373cda647873b971f268482bced0,2026-10-04T20:25:00Z,Underdog,underdog,2026-10-04T18:08:15Z,Seattle Seahawks,Los Angeles Chargers,George Holani,,,WR,player_reception_yds,Full Game,9.5,Over,-137,underdog|George Holani|player_reception_yds|9.5,0.57805907,0.5,https://api.the-odds-api.com/v4/sports/americanfootball_nfl
2026,4,96d2373cda647873b971f268482bced0,2026-10-04T20:25:00Z,Underdog,underdog,2026-10-04T18:08:15Z,Seattle Seahawks,Los Angeles Chargers,George Holani,,,WR,player_reception_yds,Full Game,9.5,Under,-137,underdog|George Holani|player_reception_yds|9.5,0.57805907,0.5,https://api.the-odds-api.com/v4/sports/americanfootball_nfl
2026,4,96d2373cda647873b971f268482bced0,2026-10-04T20:25:00Z,Underdog,underdog,2026-10-04T18:08:15Z,Seattle Seahawks,Los Angeles Chargers,Tre Harris,,,WR,player_reception_yds,Full Game,36.5,Over,-137,underdog|Tre Harris|player_reception_yds|36.5,0.57805907,0.5,https://api.the-odds-api.com/v4/sports/americanfootball_nfl
2026,4,96d2373cda647873b971f268482bced0,2026-10-04T20:25:00Z,Underdog,underdog,2026-10-04T18:08:15Z,Seattle Seahawks,Los Angeles Chargers,Tre Harris,,,WR,player_reception_yds,Full Game,36.5,Under,-137,underdog|Tre Harris|player_reception_yds|36.5,0.57805907,0.5,https://api.the-odds-api.com/v4/sports/americanfootball_nfl
2026,4,96d2373cda647873b971f268482bced0,2026-10-04T20:25:00Z,Underdog,underdog,2026-10-04T18:08:15Z,Seattle Seahawks,Los Angeles Chargers,Omarion Hampton,,,RB,player_rush_yds,Full Game,45.5,Over,-137,underdog|Omarion Hampton|player_rush_yds|45.5,0.57805907,0.5,https://api.the-odds-api.com/v4/sports/americanfootball_nfl
2026,4,96d2373cda647873b971f268482bced0,2026-10-04T20:25:00Z,Underdog,underdog,2026-10-04T18:08:15Z,Seattle Seahawks,Los Angeles Chargers,Omarion Hampton,,,RB,player_rush_yds,Full Game,45.5,Under,-137,underdog|Omarion Hampton|player_rush_yds|45.5,0.57805907,0.5,https://api.the-odds-api.com/v4/sports/americanfootball_nfl
2026,4,96d2373cda647873b971f268482bced0,2026-10-04T20:25:00Z,Underdog,underdog,2026-10-04T18:08:15Z,Seattle Seahawks,Los Angeles Chargers,Justin Herbert,,,RB,player_rush_yds,Full Game,20.5,Over,-137,underdog|Justin Herbert|player_rush_yds|20.5,0.57805907,0.5,https://api.the-odds-api.com/v4/sports/americanfootball_nfl
2026,4,96d2373cda647873b971f268482bced0,2026-10-04T20:25:00Z,Underdog,underdog,2026-10-04T18:08:15Z,Seattle Seahawks,Los Angeles Chargers,Justin Herbert,,,RB,player_rush_yds,Full Game,20.5,Under,-137,underdog|Justin Herbert|player_rush_yds|20.5,0.57805907,0.5,https://api.the-odds-api.com/v4/sports/americanfootball_nfl
2026,4,96d2373cda647873b971f268482bced0,2026-10-04T20:25:00Z,Underdog,underdog,2026-10-04T18:08:15Z,Seattle Seahawks,Los Angeles Chargers,Emanuel Wilson,,,RB,player_rush_yds,Full Game,47.5,Over,-137,underdog|Emanuel Wilson|player_rush_yds|47.5,0.57805907,0.5,https://api.the-odds-api.com/v4/sports/americanfootball_nfl
2026,4,96d2373cda647873b971f268482bced0,2026-10-04T20:25:00Z,Underdog,underdog,2026-10-04T18:08:15Z,Seattle Seahawks,Los Angeles Chargers,Emanuel Wilson,,,RB,player_rush_yds,Full Game,47.5,Under,-137,underdog|Emanuel Wilson|player_rush_yds|47.5,0.57805907,0.5,https://api.the-odds-api.com/v4/sports/americanfootball_nfl
2026,4,96d2373cda647873b971f268482bced0,2026-10-04T20:25:00Z,Underdog,underdog,2026-10-04T18:08:15Z,Seattle Seahawks,Los Angeles Chargers,Sam Darnold,,,RB,player_rush_yds,Full Game,4.5,Over,-137,underdog|Sam Darnold|player_rush_yds|4.5,0.57805907,0.5,https://api.the-odds-api.com/v4/sports/americanfootball_nfl
2026,4,96d2373cda647873b971f268482bced0,2026-10-04T20:25:00Z,Underdog,underdog,2026-10-04T18:08:15Z,Seattle Seahawks,Los Angeles Chargers,Sam Darnold,,,RB,player_rush_yds,Full Game,4.5,Under,-137,underdog|Sam Darnold|player_rush_yds|4.5,0.57805907,0.5,https://api.the-odds-api.com/v4/sports/americanfootball_nfl
2026,4,96d2373cda647873b971f268482bced0,2026-10-04T20:25:00Z,Underdog,underdog,2026-10-04T18:08:15Z,Seattle Seahawks,Los Angeles Chargers,Keaton Mitchell,,,RB,player_rush_yds,Full Game,18.5,Over,-137,underdog|Keaton Mitchell|player_rush_yds|18.5,0.57805907,0.5,https://api.the-odds-api.com/v4/sports/americanfootball_nfl
2026,4,96d2373cda647873b971f268482bced0,2026-10-04T20:25:00Z,Underdog,underdog,2026-10-04T18:08:15Z,Seattle Seahawks,Los Angeles Chargers,Keaton Mitchell,,,RB,player_rush_yds,Full Game,18.5,Under,-137,underdog|Keaton Mitchell|player_rush_yds|18.5,0.57805907,0.5,https://api.the-odds-api.com/v4/sports/americanfootball_nfl
2026,4,96d2373cda647873b971f268482bced0,2026-10-04T20:25:00Z,Underdog,underdog,2026-10-04T18:08:15Z,Seattle Seahawks,Los Angeles Chargers,George Holani,,,RB,player_rush_yds,Full Game,31.5,Over,-137,underdog|George Holani|player_rush_yds|31.5,0.57805907,0.5,https://api.the-odds-api.com/v4/sports/americanfootball_nfl
2026,4,96d2373cda647873b971f268482bced0,2026-10-04T20:25:00Z,Underdog,underdog,2026-10-04T18:08:15Z,Seattle Seahawks,Los Angeles Chargers,George Holani,,,RB,player_rush_yds,Full Game,31.5,Under,-137,underdog|George Holani|player_rush_yds|31.5,0.57805907,0.5,https://api.the-odds-api.com/v4/sports/americanfootball_nfl
2026,4,96d2373cda647873b971f268482bced0,2026-10-04T20:25:00Z,PrizePicks,prizepicks,2026-10-04T18:08:24Z,Seattle Seahawks,Los Angeles Chargers,Jaxon Smith-Njigba,,,WR,player_reception_yds,Full Game,93.5,Over,-137,prizepicks|Jaxon Smith-Njigba|player_reception_yds|93.5,0.57805907,0.5,https://api.the-odds-api.com/v4/sports/americanfootball_nfl
2026,4,96d2373cda647873b971f268482bced0,2026-10-04T20:25:00Z,PrizePicks,prizepicks,2026-10-04T18:08:24Z,Seattle Seahawks,Los Angeles Chargers,Jaxon Smith-Njigba,,,WR,player_reception_yds,Full Game,93.5,Under,-137,prizepicks|Jaxon Smith-Njigba|player_reception_yds|93.5,0.57805907,0.5,https://api.the-odds-api.com/v4/sports/americanfootball_nfl
2026,4,96d2373cda647873b971f268482bced0,2026-10-04T20:25:00Z,PrizePicks,prizepicks,2026-10-04T18:08:24Z,Seattle Seahawks,Los Angeles Chargers,Ladd McConkey,,,WR,player_reception_yds,Full Game,47.5,Over,-137,prizepicks|Ladd McConkey|player_reception_yds|47.5,0.57805907,0.5,https://api.the-odds-api.com/v4/sports/americanfootball_nfl
2026,4,96d2373cda647873b971f268482bced0,2026-10-04T20:25:00Z,PrizePicks,prizepicks,2026-10-04T18:08:24Z,Seattle Seahawks,Los Angeles Chargers,Ladd McConkey,,,WR,player_reception_yds,Full Game,47.5,Under,-137,prizepicks|Ladd McConkey|player_reception_yds|47.5,0.57805907,0.5,https://api.the-odds-api.com/v4/sports/americanfootball_nfl
2026,4,96d2373cda647873b971f268482bced0,2026-10-04T20:25:00Z,PrizePicks,prizepicks,2026-10-04T18:08:24Z,Seattle Seahawks,Los Angeles Chargers,Tre Harris,,,WR,player_reception_yds,Full Game,36.5,Over,-137,prizepicks|Tre Harris|player_reception_yds|36.5,0.57805907,0.5,https://api.the-odds-api.com/v4/sports/americanfootball_nfl
2026,4,96d2373cda647873b971f268482bced0,2026-10-04T20:25:00Z,PrizePicks,prizepicks,2026-10-04T18:08:24Z,Seattle Seahawks,Los Angeles Chargers,Tre Harris,,,WR,player_reception_yds,Full Game,36.5,Under,-137,prizepicks|Tre Harris|player_reception_yds|36.5,0.57805907,0.5,https://api.the-odds-api.com/v4/sports/americanfootball_nfl
2026,4,96d2373cda647873b971f268482bced0,2026-10-04T20:25:00Z,PrizePicks,prizepicks,2026-10-04T18:08:24Z,Seattle Seahawks,Los Angeles Chargers,Quentin Johnston,,,WR,player_reception_yds,Full Game,36.5,Over,-137,prizepicks|Quentin Johnston|player_reception_yds|36.5,0.57805907,0.5,https://api.the-odds-api.com/v4/sports/americanfootball_nfl
2026,4,96d2373cda647873b971f268482bced0,2026-10-04T20:25:00Z,PrizePicks,prizepicks,2026-10-04T18:08:24Z,Seattle Seahawks,Los Angeles Chargers,Quentin Johnston,,,WR,player_reception_yds,Full Game,36.5,Under,-137,prizepicks|Quentin Johnston|player_reception_yds|36.5,0.57805907,0.5,https://api.the-odds-api.com/v4/sports/americanfootball_nfl
2026,4,96d2373cda647873b971f268482bced0,2026-10-04T20:25:00Z,PrizePicks,prizepicks,2026-10-04T18:08:24Z,Seattle Seahawks,Los Angeles Chargers,AJ Barner,,,WR,player_reception_yds,Full Game,29.5,Over,-137,prizepicks|AJ Barner|player_reception_yds|29.5,0.57805907,0.5,https://api.the-odds-api.com/v4/sports/americanfootball_nfl
2026,4,96d2373cda647873b971f268482bced0,2026-10-04T20:25:00Z,PrizePicks,prizepicks,2026-10-04T18:08:24Z,Seattle Seahawks,Los Angeles Chargers,AJ Barner,,,WR,player_reception_yds,Full Game,29.5,Under,-137,prizepicks|AJ Barner|player_reception_yds|29.5,0.57805907,0.5,https://api.the-odds-api.com/v4/sports/americanfootball_nfl
2026,4,96d2373cda647873b971f268482bced0,2026-10-04T20:25:00Z,PrizePicks,prizepicks,2026-10-04T18:08:24Z,Seattle Seahawks,Los Angeles Chargers,Oronde Gadsden II,,,WR,player_reception_yds,Full Game,27.5,Over,-137,prizepicks|Oronde Gadsden II|player_reception_yds|27.5,0.57805907,0.5,https://api.the-odds-api.com/v4/sports/americanfootball_nfl
2026,4,96d2373cda647873b971f268482bced0,2026-10-04T20:25:00Z,PrizePicks,prizepicks,2026-10-04T18:08:24Z,Seattle Seahawks,Los Angeles Chargers,Oronde Gadsden II,,,WR,player_reception_yds,Full Game,27.5,Under,-137,prizepicks|Oronde Gadsden II|player_reception_yds|27.5,0.57805907,0.5,https://api.the-odds-api.com/v4/sports/americanfootball_nfl
2026,4,96d2373cda647873b971f268482bced0,2026-10-04T20:25:00Z,PrizePicks,prizepicks,2026-10-04T18:08:24Z,Seattle Seahawks,Los Angeles Chargers,Rashid Shaheed,,,WR,player_reception_yds,Full Game,23.5,Over,-137,prizepicks|Rashid Shaheed|player_reception_yds|23.5,0.57805907,0.5,https://api.the-odds-api.com/v4/sports/americanfootball_nfl
2026,4,96d2373cda647873b971f268482bced0,2026-10-04T20:25:00Z,PrizePicks,prizepicks,2026-10-04T18:08:24Z,Seattle Seahawks,Los Angeles Chargers,Rashid Shaheed,,,WR,player_reception_yds,Full Game,23.5,Under,-137,prizepicks|Rashid Shaheed|player_reception_yds|23.5,0.57805907,0.5,https://api.the-odds-api.com/v4/sports/americanfootball_nfl
2026,4,96d2373cda647873b971f268482bced0,2026-10-04T20:25:00Z,PrizePicks,prizepicks,2026-10-04T18:08:24Z,Seattle Seahawks,Los Angeles Chargers,Cooper Kupp,,,WR,player_reception_yds,Full Game,22.5,Over,-137,prizepicks|Cooper Kupp|player_reception_yds|22.5,0.57805907,0.5,https://api.the-odds-api.com/v4/sports/americanfootball_nfl
2026,4,96d2373cda647873b971f268482bced0,2026-10-04T20:25:00Z,PrizePicks,prizepicks,2026-10-04T18:08:24Z,Seattle Seahawks,Los Angeles Chargers,Cooper Kupp,,,WR,player_reception_yds,Full Game,22.5,Under,-137,prizepicks|Cooper Kupp|player_reception_yds|22.5,0.57805907,0.5,https://api.the-odds-api.com/v4/sports/americanfootball_nfl
2026,4,96d2373cda647873b971f268482bced0,2026-10-04T20:25:00Z,PrizePicks,prizepicks,2026-10-04T18:08:24Z,Seattle Seahawks,Los Angeles Chargers,Keaton Mitchell,,,WR,player_reception_yds,Full Game,10.5,Over,-137,prizepicks|Keaton Mitchell|player_reception_yds|10.5,0.57805907,0.5,https://api.the-odds-api.com/v4/sports/americanfootball_nfl
2026,4,96d2373cda647873b971f268482bced0,2026-10-04T20:25:00Z,PrizePicks,prizepicks,2026-10-04T18:08:24Z,Seattle Seahawks,Los Angeles Chargers,Keaton Mitchell,,,WR,player_reception_yds,Full Game,10.5,Under,-137,prizepicks|Keaton Mitchell|player_reception_yds|10.5,0.57805907,0.5,https://api.the-odds-api.com/v4/sports/americanfootball_nfl
2026,4,96d2373cda647873b971f268482bced0,2026-10-04T20:25:00Z,PrizePicks,prizepicks,2026-10-04T18:08:24Z,Seattle Seahawks,Los Angeles Chargers,George Holani,,,WR,player_reception_yds,Full Game,9.5,Over,-137,prizepicks|George Holani|player_reception_yds|9.5,0.57805907,0.5,https://api.the-odds-api.com/v4/sports/americanfootball_nfl
2026,4,96d2373cda647873b971f268482bced0,2026-10-04T20:25:00Z,PrizePicks,prizepicks,2026-10-04T18:08:24Z,Seattle Seahawks,Los Angeles Chargers,George Holani,,,WR,player_reception_yds,Full Game,9.5,Under,-137,prizepicks|George Holani|player_reception_yds|9.5,0.57805907,0.5,https://api.the-odds-api.com/v4/sports/americanfootball_nfl
2026,4,96d2373cda647873b971f268482bced0,2026-10-04T20:25:00Z,PrizePicks,prizepicks,2026-10-04T18:08:24Z,Seattle Seahawks,Los Angeles Chargers,Tory Horton,,,WR,player_reception_yds,Full Game,7.5,Over,-137,prizepicks|Tory Horton|player_reception_yds|7.5,0.57805907,0.5,https://api.the-odds-api.com/v4/sports/americanfootball_nfl
2026,4,96d2373cda647873b971f268482bced0,2026-10-04T20:25:00Z,PrizePicks,prizepicks,2026-10-04T18:08:24Z,Seattle Seahawks,Los Angeles Chargers,Tory Horton,,,WR,player_reception_yds,Full Game,7.5,Under,-137,prizepicks|Tory Horton|player_reception_yds|7.5,0.57805907,0.5,https://api.the-odds-api.com/v4/sports/americanfootball_nfl
2026,4,96d2373cda647873b971f268482bced0,2026-10-04T20:25:00Z,PrizePicks,prizepicks,2026-10-04T18:08:24Z,Seattle Seahawks,Los Angeles Chargers,Omarion Hampton,,,WR,player_reception_yds,Full Game,5.5,Over,-137,prizepicks|Omarion Hampton|player_reception_yds|5.5,0.57805907,0.5,https://api.the-odds-api.com/v4/sports/americanfootball_nfl
2026,4,96d2373cda647873b971f268482bced0,2026-10-04T20:25:00Z,PrizePicks,prizepicks,2026-10-04T18:08:24Z,Seattle Seahawks,Los Angeles Chargers,Omarion Hampton,,,WR,player_reception_yds,Full Game,5.5,Under,-137,prizepicks|Omarion Hampton|player_reception_yds|5.5,0.57805907,0.5,https://api.the-odds-api.com/v4/sports/americanfootball_nfl
2026,4,96d2373cda647873b971f268482bced0,2026-10-04T20:25:00Z,PrizePicks,prizepicks,2026-10-04T18:08:24Z,Seattle Seahawks,Los Angeles Chargers,Emanuel Wilson,,,WR,player_reception_yds,Full Game,5.5,Over,-137,prizepicks|Emanuel Wilson|player_reception_yds|5.5,0.57805907,0.5,https://api.the-odds-api.com/v4/sports/americanfootball_nfl
2026,4,96d2373cda647873b971f268482bced0,2026-10-04T20:25:00Z,PrizePicks,prizepicks,2026-10-04T18:08:24Z,Seattle Seahawks,Los Angeles Chargers,Emanuel Wilson,,,WR,player_reception_yds,Full Game,5.5,Under,-137,prizepicks|Emanuel Wilson|player_reception_yds|5.5,0.57805907,0.5,https://api.the-odds-api.com/v4/sports/americanfootball_nfl
2026,4,96d2373cda647873b971f268482bced0,2026-10-04T20:25:00Z,PrizePicks,prizepicks,2026-10-04T18:08:24Z,Seattle Seahawks,Los Angeles Chargers,Elijah Arroyo,,,WR,player_reception_yds,Full Game,3.5,Over,-137,prizepicks|Elijah Arroyo|player_reception_yds|3.5,0.57805907,0.5,https://api.the-odds-api.com/v4/sports/americanfootball_nfl
2026,4,96d2373cda647873b971f268482bced0,2026-10-04T20:25:00Z,PrizePicks,prizepicks,2026-10-04T18:08:24Z,Seattle Seahawks,Los Angeles Chargers,Elijah Arroyo,,,WR,player_reception_yds,Full Game,3.5,Under,-137,prizepicks|Elijah Arroyo|player_reception_yds|3.5,0.57805907,0.5,https://api.the-odds-api.com/v4/sports/americanfootball_nfl
2026,4,96d2373cda647873b971f268482bced0,2026-10-04T20:25:00Z,PrizePicks,prizepicks,2026-10-04T18:08:24Z,Seattle Seahawks,Los Angeles Chargers,Emanuel Wilson,,,RB,player_rush_yds,Full Game,49.5,Over,-137,prizepicks|Emanuel Wilson|player_rush_yds|49.5,0.57805907,0.5,https://api.the-odds-api.com/v4/sports/americanfootball_nfl
2026,4,96d2373cda647873b971f268482bced0,2026-10-04T20:25:00Z,PrizePicks,prizepicks,2026-10-04T18:08:24Z,Seattle Seahawks,Los Angeles Chargers,Emanuel Wilson,,,RB,player_rush_yds,Full Game,49.5,Under,-137,prizepicks|Emanuel Wilson|player_rush_yds|49.5,0.57805907,0.5,https://api.the-odds-api.com/v4/sports/americanfootball_nfl
2026,4,96d2373cda647873b971f268482bced0,2026-10-04T20:25:00Z,PrizePicks,prizepicks,2026-10-04T18:08:24Z,Seattle Seahawks,Los Angeles Chargers,Omarion Hampton,,,RB,player_rush_yds,Full Game,46.5,Over,-137,prizepicks|Omarion Hampton|player_rush_yds|46.5,0.57805907,0.5,https://api.the-odds-api.com/v4/sports/americanfootball_nfl
2026,4,96d2373cda647873b971f268482bced0,2026-10-04T20:25:00Z,PrizePicks,prizepicks,2026-10-04T18:08:24Z,Seattle Seahawks,Los Angeles Chargers,Omarion Hampton,,,RB,player_rush_yds,Full Game,46.5,Under,-137,prizepicks|Omarion Hampton|player_rush_yds|46.5,0.57805907,0.5,https://api.the-odds-api.com/v4/sports/americanfootball_nfl
2026,4,96d2373cda647873b971f268482bced0,2026-10-04T20:25:00Z,PrizePicks,prizepicks,2026-10-04T18:08:24Z,Seattle Seahawks,Los Angeles Chargers,George Holani,,,RB,player_rush_yds,Full Game,32.5,Over,-137,prizepicks|George Holani|player_rush_yds|32.5,0.57805907,0.5,https://api.the-odds-api.com/v4/sports/americanfootball_nfl
2026,4,96d2373cda647873b971f268482bced0,2026-10-04T20:25:00Z,PrizePicks,prizepicks,2026-10-04T18:08:24Z,Seattle Seahawks,Los Angeles Chargers,George Holani,,,RB,player_rush_yds,Full Game,32.5,Under,-137,prizepicks|George Holani|player_rush_yds|32.5,0.57805907,0.5,https://api.the-odds-api.com/v4/sports/americanfootball_nfl
2026,4,96d2373cda647873b971f268482bced0,2026-10-04T20:25:00Z,PrizePicks,prizepicks,2026-10-04T18:08:24Z,Seattle Seahawks,Los Angeles Chargers,Justin Herbert,,,RB,player_rush_yds,Full Game,21.5,Over,-137,prizepicks|Justin Herbert|player_rush_yds|21.5,0.57805907,0.5,https://api.the-odds-api.com/v4/sports/americanfootball_nfl
2026,4,96d2373cda647873b971f268482bced0,2026-10-04T20:25:00Z,PrizePicks,prizepicks,2026-10-04T18:08:24Z,Seattle Seahawks,Los Angeles Chargers,Justin Herbert,,,RB,player_rush_yds,Full Game,21.5,Under,-137,prizepicks|Justin Herbert|player_rush_yds|21.5,0.57805907,0.5,https://api.the-odds-api.com/v4/sports/americanfootball_nfl
2026,4,96d2373cda647873b971f268482bced0,2026-10-04T20:25:00Z,PrizePicks,prizepicks,2026-10-04T18:08:24Z,Seattle Seahawks,Los Angeles Chargers,Keaton Mitchell,,,RB,player_rush_yds,Full Game,18.5,Over,-137,prizepicks|Keaton Mitchell|player_rush_yds|18.5,0.57805907,0.5,https://api.the-odds-api.com/v4/sports/americanfootball_nfl
2026,4,96d2373cda647873b971f268482bced0,2026-10-04T20:25:00Z,PrizePicks,prizepicks,2026-10-04T18:08:24Z,Seattle Seahawks,Los Angeles Chargers,Keaton Mitchell,,,RB,player_rush_yds,Full Game,18.5,Under,-137,prizepicks|Keaton Mitchell|player_rush_yds|18.5,0.57805907,0.5,https://api.the-odds-api.com/v4/sports/americanfootball_nfl
2026,4,96d2373cda647873b971f268482bced0,2026-10-04T20:25:00Z,PrizePicks,prizepicks,2026-10-04T18:08:24Z,Seattle Seahawks,Los Angeles Chargers,Sam Darnold,,,RB,player_rush_yds,Full Game,4.5,Over,-137,prizepicks|Sam Darnold|player_rush_yds|4.5,0.57805907,0.5,https://api.the-odds-api.com/v4/sports/americanfootball_nfl
2026,4,96d2373cda647873b971f268482bced0,2026-10-04T20:25:00Z,PrizePicks,prizepicks,2026-10-04T18:08:24Z,Seattle Seahawks,Los Angeles Chargers,Sam Darnold,,,RB,player_rush_yds,Full Game,4.5,Under,-137,prizepicks|Sam Darnold|player_rush_yds|4.5,0.57805907,0.5,https://api.the-odds-api.com/v4/sports/americanfootball_nfl
2026,4,96d2373cda647873b971f268482bced0,2026-10-04T20:25:00Z,DraftKings Pick6,pick6,2026-10-04T18:07:36Z,Seattle Seahawks,Los Angeles Chargers,Jaxon Smith-Njigba,,,WR,player_reception_yds,Full Game,94.5,Over,-137,pick6|Jaxon Smith-Njigba|player_reception_yds|94.5,0.57805907,0.5,https://api.the-odds-api.com/v4/sports/americanfootball_nfl
2026,4,96d2373cda647873b971f268482bced0,2026-10-04T20:25:00Z,DraftKings Pick6,pick6,2026-10-04T18:07:36Z,Seattle Seahawks,Los Angeles Chargers,Jaxon Smith-Njigba,,,WR,player_reception_yds,Full Game,94.5,Under,-137,pick6|Jaxon Smith-Njigba|player_reception_yds|94.5,0.57805907,0.5,https://api.the-odds-api.com/v4/sports/americanfootball_nfl
2026,4,96d2373cda647873b971f268482bced0,2026-10-04T20:25:00Z,DraftKings Pick6,pick6,2026-10-04T18:07:36Z,Seattle Seahawks,Los Angeles Chargers,Ladd McConkey,,,WR,player_reception_yds,Full Game,47.5,Over,-137,pick6|Ladd McConkey|player_reception_yds|47.5,0.57805907,0.5,https://api.the-odds-api.com/v4/sports/americanfootball_nfl
2026,4,96d2373cda647873b971f268482bced0,2026-10-04T20:25:00Z,DraftKings Pick6,pick6,2026-10-04T18:07:36Z,Seattle Seahawks,Los Angeles Chargers,Ladd McConkey,,,WR,player_reception_yds,Full Game,47.5,Under,-137,pick6|Ladd McConkey|player_reception_yds|47.5,0.57805907,0.5,https://api.the-odds-api.com/v4/sports/americanfootball_nfl
2026,4,96d2373cda647873b971f268482bced0,2026-10-04T20:25:00Z,DraftKings Pick6,pick6,2026-10-04T18:07:36Z,Seattle Seahawks,Los Angeles Chargers,Quentin Johnston,,,WR,player_reception_yds,Full Game,36.5,Over,-137,pick6|Quentin Johnston|player_reception_yds|36.5,0.57805907,0.5,https://api.the-odds-api.com/v4/sports/americanfootball_nfl
2026,4,96d2373cda647873b971f268482bced0,2026-10-04T20:25:00Z,DraftKings Pick6,pick6,2026-10-04T18:07:36Z,Seattle Seahawks,Los Angeles Chargers,Quentin Johnston,,,WR,player_reception_yds,Full Game,36.5,Under,-137,pick6|Quentin Johnston|player_reception_yds|36.5,0.57805907,0.5,https://api.the-odds-api.com/v4/sports/americanfootball_nfl
2026,4,96d2373cda647873b971f268482bced0,2026-10-04T20:25:00Z,DraftKings Pick6,pick6,2026-10-04T18:07:36Z,Seattle Seahawks,Los Angeles Chargers,AJ Barner,,,WR,player_reception_yds,Full Game,31.5,Over,-137,pick6|AJ Barner|player_reception_yds|31.5,0.57805907,0.5,https://api.the-odds-api.com/v4/sports/americanfootball_nfl
2026,4,96d2373cda647873b971f268482bced0,2026-10-04T20:25:00Z,DraftKings Pick6,pick6,2026-10-04T18:07:36Z,Seattle Seahawks,Los Angeles Chargers,AJ Barner,,,WR,player_reception_yds,Full Game,31.5,Under,-137,pick6|AJ Barner|player_reception_yds|31.5,0.57805907,0.5,https://api.the-odds-api.com/v4/sports/americanfootball_nfl
2026,4,96d2373cda647873b971f268482bced0,2026-10-04T20:25:00Z,DraftKings Pick6,pick6,2026-10-04T18:07:36Z,Seattle Seahawks,Los Angeles Chargers,Cooper Kupp,,,WR,player_reception_yds,Full Game,22.5,Over,-137,pick6|Cooper Kupp|player_reception_yds|22.5,0.57805907,0.5,https://api.the-odds-api.com/v4/sports/americanfootball_nfl
2026,4,96d2373cda647873b971f268482bced0,2026-10-04T20:25:00Z,DraftKings Pick6,pick6,2026-10-04T18:07:36Z,Seattle Seahawks,Los Angeles Chargers,Cooper Kupp,,,WR,player_reception_yds,Full Game,22.5,Under,-137,pick6|Cooper Kupp|player_reception_yds|22.5,0.57805907,0.5,https://api.the-odds-api.com/v4/sports/americanfootball_nfl
2026,4,96d2373cda647873b971f268482bced0,2026-10-04T20:25:00Z,DraftKings Pick6,pick6,2026-10-04T18:07:36Z,Seattle Seahawks,Los Angeles Chargers,Keaton Mitchell,,,WR,player_reception_yds,Full Game,11.5,Over,-137,pick6|Keaton Mitchell|player_reception_yds|11.5,0.57805907,0.5,https://api.the-odds-api.com/v4/sports/americanfootball_nfl
2026,4,96d2373cda647873b971f268482bced0,2026-10-04T20:25:00Z,DraftKings Pick6,pick6,2026-10-04T18:07:36Z,Seattle Seahawks,Los Angeles Chargers,Keaton Mitchell,,,WR,player_reception_yds,Full Game,11.5,Under,-137,pick6|Keaton Mitchell|player_reception_yds|11.5,0.57805907,0.5,https://api.the-odds-api.com/v4/sports/americanfootball_nfl
2026,4,96d2373cda647873b971f268482bced0,2026-10-04T20:25:00Z,DraftKings Pick6,pick6,2026-10-04T18:07:36Z,Seattle Seahawks,Los Angeles Chargers,Oronde Gadsden II,,,WR,player_reception_yds,Full Game,29.5,Over,-137,pick6|Oronde Gadsden II|player_reception_yds|29.5,0.57805907,0.5,https://api.the-odds-api.com/v4/sports/americanfootball_nfl
2026,4,96d2373cda647873b971f268482bced0,2026-10-04T20:25:00Z,DraftKings Pick6,pick6,2026-10-04T18:07:36Z,Seattle Seahawks,Los Angeles Chargers,Oronde Gadsden II,,,WR,player_reception_yds,Full Game,29.5,Under,-137,pick6|Oronde Gadsden II|player_reception_yds|29.5,0.57805907,0.5,https://api.the-odds-api.com/v4/sports/americanfootball_nfl
2026,4,96d2373cda647873b971f268482bced0,2026-10-04T20:25:00Z,DraftKings Pick6,pick6,2026-10-04T18:07:36Z,Seattle Seahawks,Los Angeles Chargers,Rashid Shaheed,,,WR,player_reception_yds,Full Game,24.5,Over,-137,pick6|Rashid Shaheed|player_reception_yds|24.5,0.57805907,0.5,https://api.the-odds-api.com/v4/sports/americanfootball_nfl
2026,4,96d2373cda647873b971f268482bced0,2026-10-04T20:25:00Z,DraftKings Pick6,pick6,2026-10-04T18:07:36Z,Seattle Seahawks,Los Angeles Chargers,Rashid Shaheed,,,WR,player_reception_yds,Full Game,24.5,Under,-137,pick6|Rashid Shaheed|player_reception_yds|24.5,0.57805907,0.5,https://api.the-odds-api.com/v4/sports/americanfootball_nfl
2026,4,96d2373cda647873b971f268482bced0,2026-10-04T20:25:00Z,DraftKings Pick6,pick6,2026-10-04T18:07:36Z,Seattle Seahawks,Los Angeles Chargers,George Holani,,,WR,player_reception_yds,Full Game,11.5,Over,-137,pick6|George Holani|player_reception_yds|11.5,0.57805907,0.5,https://api.the-odds-api.com/v4/sports/americanfootball_nfl
2026,4,96d2373cda647873b971f268482bced0,2026-10-04T20:25:00Z,DraftKings Pick6,pick6,2026-10-04T18:07:36Z,Seattle Seahawks,Los Angeles Chargers,George Holani,,,WR,player_reception_yds,Full Game,11.5,Under,-137,pick6|George Holani|player_reception_yds|11.5,0.57805907,0.5,https://api.the-odds-api.com/v4/sports/americanfootball_nfl
2026,4,96d2373cda647873b971f268482bced0,2026-10-04T20:25:00Z,DraftKings Pick6,pick6,2026-10-04T18:07:36Z,Seattle Seahawks,Los Angeles Chargers,Omarion Hampton,,,WR,player_reception_yds,Full Game,5.5,Over,-137,pick6|Omarion Hampton|player_reception_yds|5.5,0.57805907,0.5,https://api.the-odds-api.com/v4/sports/americanfootball_nfl
2026,4,96d2373cda647873b971f268482bced0,2026-10-04T20:25:00Z,DraftKings Pick6,pick6,2026-10-04T18:07:36Z,Seattle Seahawks,Los Angeles Chargers,Omarion Hampton,,,WR,player_reception_yds,Full Game,5.5,Under,-137,pick6|Omarion Hampton|player_reception_yds|5.5,0.57805907,0.5,https://api.the-odds-api.com/v4/sports/americanfootball_nfl
2026,4,96d2373cda647873b971f268482bced0,2026-10-04T20:25:00Z,DraftKings Pick6,pick6,2026-10-04T18:07:36Z,Seattle Seahawks,Los Angeles Chargers,Tory Horton,,,WR,player_reception_yds,Full Game,7.5,Over,-137,pick6|Tory Horton|player_reception_yds|7.5,0.57805907,0.5,https://api.the-odds-api.com/v4/sports/americanfootball_nfl
2026,4,96d2373cda647873b971f268482bced0,2026-10-04T20:25:00Z,DraftKings Pick6,pick6,2026-10-04T18:07:36Z,Seattle Seahawks,Los Angeles Chargers,Tory Horton,,,WR,player_reception_yds,Full Game,7.5,Under,-137,pick6|Tory Horton|player_reception_yds|7.5,0.57805907,0.5,https://api.the-odds-api.com/v4/sports/americanfootball_nfl
2026,4,96d2373cda647873b971f268482bced0,2026-10-04T20:25:00Z,DraftKings Pick6,pick6,2026-10-04T18:07:36Z,Seattle Seahawks,Los Angeles Chargers,Tre Harris,,,WR,player_reception_yds,Full Game,35.5,Over,-137,pick6|Tre Harris|player_reception_yds|35.5,0.57805907,0.5,https://api.the-odds-api.com/v4/sports/americanfootball_nfl
2026,4,96d2373cda647873b971f268482bced0,2026-10-04T20:25:00Z,DraftKings Pick6,pick6,2026-10-04T18:07:36Z,Seattle Seahawks,Los Angeles Chargers,Tre Harris,,,WR,player_reception_yds,Full Game,35.5,Under,-137,pick6|Tre Harris|player_reception_yds|35.5,0.57805907,0.5,https://api.the-odds-api.com/v4/sports/americanfootball_nfl
2026,4,96d2373cda647873b971f268482bced0,2026-10-04T20:25:00Z,DraftKings Pick6,pick6,2026-10-04T18:07:36Z,Seattle Seahawks,Los Angeles Chargers,George Holani,,,RB,player_rush_yds,Full Game,32.5,Over,-137,pick6|George Holani|player_rush_yds|32.5,0.57805907,0.5,https://api.the-odds-api.com/v4/sports/americanfootball_nfl
2026,4,96d2373cda647873b971f268482bced0,2026-10-04T20:25:00Z,DraftKings Pick6,pick6,2026-10-04T18:07:36Z,Seattle Seahawks,Los Angeles Chargers,George Holani,,,RB,player_rush_yds,Full Game,32.5,Under,-137,pick6|George Holani|player_rush_yds|32.5,0.57805907,0.5,https://api.the-odds-api.com/v4/sports/americanfootball_nfl
2026,4,96d2373cda647873b971f268482bced0,2026-10-04T20:25:00Z,DraftKings Pick6,pick6,2026-10-04T18:07:36Z,Seattle Seahawks,Los Angeles Chargers,Keaton Mitchell,,,RB,player_rush_yds,Full Game,18.5,Over,-137,pick6|Keaton Mitchell|player_rush_yds|18.5,0.57805907,0.5,https://api.the-odds-api.com/v4/sports/americanfootball_nfl
2026,4,96d2373cda647873b971f268482bced0,2026-10-04T20:25:00Z,DraftKings Pick6,pick6,2026-10-04T18:07:36Z,Seattle Seahawks,Los Angeles Chargers,Keaton Mitchell,,,RB,player_rush_yds,Full Game,18.5,Under,-137,pick6|Keaton Mitchell|player_rush_yds|18.5,0.57805907,0.5,https://api.the-odds-api.com/v4/sports/americanfootball_nfl
2026,4,96d2373cda647873b971f268482bced0,2026-10-04T20:25:00Z,DraftKings Pick6,pick6,2026-10-04T18:07:36Z,Seattle Seahawks,Los Angeles Chargers,Sam Darnold,,,RB,player_rush_yds,Full Game,4.5,Over,-137,pick6|Sam Darnold|player_rush_yds|4.5,0.57805907,0.5,https://api.the-odds-api.com/v4/sports/americanfootball_nfl
2026,4,96d2373cda647873b971f268482bced0,2026-10-04T20:25:00Z,DraftKings Pick6,pick6,2026-10-04T18:07:36Z,Seattle Seahawks,Los Angeles Chargers,Sam Darnold,,,RB,player_rush_yds,Full Game,4.5,Under,-137,pick6|Sam Darnold|player_rush_yds|4.5,0.57805907,0.5,https://api.the-odds-api.com/v4/sports/americanfootball_nfl
2026,4,96d2373cda647873b971f268482bced0,2026-10-04T20:25:00Z,DraftKings Pick6,pick6,2026-10-04T18:07:36Z,Seattle Seahawks,Los Angeles Chargers,Emanuel Wilson,,,RB,player_rush_yds,Full Game,49.5,Over,-137,pick6|Emanuel Wilson|player_rush_yds|49.5,0.57805907,0.5,https://api.the-odds-api.com/v4/sports/americanfootball_nfl
2026,4,96d2373cda647873b971f268482bced0,2026-10-04T20:25:00Z,DraftKings Pick6,pick6,2026-10-04T18:07:36Z,Seattle Seahawks,Los Angeles Chargers,Emanuel Wilson,,,RB,player_rush_yds,Full Game,49.5,Under,-137,pick6|Emanuel Wilson|player_rush_yds|49.5,0.57805907,0.5,https://api.the-odds-api.com/v4/sports/americanfootball_nfl
2026,4,96d2373cda647873b971f268482bced0,2026-10-04T20:25:00Z,DraftKings Pick6,pick6,2026-10-04T18:07:36Z,Seattle Seahawks,Los Angeles Chargers,Omarion Hampton,,,RB,player_rush_yds,Full Game,46.5,Over,-137,pick6|Omarion Hampton|player_rush_yds|46.5,0.57805907,0.5,https://api.the-odds-api.com/v4/sports/americanfootball_nfl
2026,4,96d2373cda647873b971f268482bced0,2026-10-04T20:25:00Z,DraftKings Pick6,pick6,2026-10-04T18:07:36Z,Seattle Seahawks,Los Angeles Chargers,Omarion Hampton,,,RB,player_rush_yds,Full Game,46.5,Under,-137,pick6|Omarion Hampton|player_rush_yds|46.5,0.57805907,0.5,https://api.the-odds-api.com/v4/sports/americanfootball_nfl
2026,4,96d2373cda647873b971f268482bced0,2026-10-04T20:25:00Z,DraftKings Pick6,pick6,2026-10-04T18:07:36Z,Seattle Seahawks,Los Angeles Chargers,Justin Herbert,,,RB,player_rush_yds,Full Game,20.5,Over,-137,pick6|Justin Herbert|player_rush_yds|20.5,0.57805907,0.5,https://api.the-odds-api.com/v4/sports/americanfootball_nfl
2026,4,96d2373cda647873b971f268482bced0,2026-10-04T20:25:00Z,DraftKings Pick6,pick6,2026-10-04T18:07:36Z,Seattle Seahawks,Los Angeles Chargers,Justin Herbert,,,RB,player_rush_yds,Full Game,20.5,Under,-137,pick6|Justin Herbert|player_rush_yds|20.5,0.57805907,0.5,https://api.the-odds-api.com/v4/sports/americanfootball_nfl
2026,4,a73a76599a4f3422803e57bd8f61b626,2026-10-05T00:20:00Z,DraftKings,draftkings,2026-10-04T18:07:50Z,Carolina Panthers,Detroit Lions,Amon-Ra St. Brown,,,WR,player_reception_yds,Full Game,77.5,Over,-114,draftkings|Amon-Ra St. Brown|player_reception_yds|77.5,0.53271028,0.5042123,https://api.the-odds-api.com/v4/sports/americanfootball_nfl
2026,4,a73a76599a4f3422803e57bd8f61b626,2026-10-05T00:20:00Z,DraftKings,draftkings,2026-10-04T18:07:50Z,Carolina Panthers,Detroit Lions,Amon-Ra St. Brown,,,WR,player_reception_yds,Full Game,77.5,Under,-110,draftkings|Amon-Ra St. Brown|player_reception_yds|77.5,0.52380952,0.4957877,https://api.the-odds-api.com/v4/sports/americanfootball_nfl
2026,4,a73a76599a4f3422803e57bd8f61b626,2026-10-05T00:20:00Z,DraftKings,draftkings,2026-10-04T18:07:50Z,Carolina Panthers,Detroit Lions,Tetairoa McMillan,,,WR,player_reception_yds,Full Game,73.5,Over,-112,draftkings|Tetairoa McMillan|player_reception_yds|73.5,0.52830189,0.5,https://api.the-odds-api.com/v4/sports/americanfootball_nfl
2026,4,a73a76599a4f3422803e57bd8f61b626,2026-10-05T00:20:00Z,DraftKings,draftkings,2026-10-04T18:07:50Z,Carolina Panthers,Detroit Lions,Tetairoa McMillan,,,WR,player_reception_yds,Full Game,73.5,Under,-112,draftkings|Tetairoa McMillan|player_reception_yds|73.5,0.52830189,0.5,https://api.the-odds-api.com/v4/sports/americanfootball_nfl
2026,4,a73a76599a4f3422803e57bd8f61b626,2026-10-05T00:20:00Z,DraftKings,draftkings,2026-10-04T18:07:50Z,Carolina Panthers,Detroit Lions,Jameson Williams,,,WR,player_reception_yds,Full Game,50.5,Over,-114,draftkings|Jameson Williams|player_reception_yds|50.5,0.53271028,0.5042123,https://api.the-odds-api.com/v4/sports/americanfootball_nfl
2026,4,a73a76599a4f3422803e57bd8f61b626,2026-10-05T00:20:00Z,DraftKings,draftkings,2026-10-04T18:07:50Z,Carolina Panthers,Detroit Lions,Jameson Williams,,,WR,player_reception_yds,Full Game,50.5,Under,-110,draftkings|Jameson Williams|player_reception_yds|50.5,0.52380952,0.4957877,https://api.the-odds-api.com/v4/sports/americanfootball_nfl
2026,4,a73a76599a4f3422803e57bd8f61b626,2026-10-05T00:20:00Z,DraftKings,draftkings,2026-10-04T18:07:50Z,Carolina Panthers,Detroit Lions,Sam LaPorta,,,WR,player_reception_yds,Full Game,48.5,Over,-112,draftkings|Sam LaPorta|player_reception_yds|48.5,0.52830189,0.5,https://api.the-odds-api.com/v4/sports/americanfootball_nfl
2026,4,a73a76599a4f3422803e57bd8f61b626,2026-10-05T00:20:00Z,DraftKings,draftkings,2026-10-04T18:07:50Z,Carolina Panthers,Detroit Lions,Sam LaPorta,,,WR,player_reception_yds,Full Game,48.5,Under,-112,draftkings|Sam LaPorta|player_reception_yds|48.5,0.52830189,0.5,https://api.the-odds-api.com/v4/sports/americanfootball_nfl
2026,4,a73a76599a4f3422803e57bd8f61b626,2026-10-05T00:20:00Z,DraftKings,draftkings,2026-10-04T18:07:50Z,Carolina Panthers,Detroit Lions,Jahmyr Gibbs,,,WR,player_reception_yds,Full Game,37.5,Over,-115,draftkings|Jahmyr Gibbs|player_reception_yds|37.5,0.53488372,0.50523013,https://api.the-odds-api.com/v4/sports/americanfootball_nfl
2026,4,a73a76599a4f3422803e57bd8f61b626,2026-10-05T00:20:00Z,DraftKings,draftkings,2026-10-04T18:07:50Z,Carolina Panthers,Detroit Lions,Jahmyr Gibbs,,,WR,player_reception_yds,Full Game,37.5,Under,-110,draftkings|Jahmyr Gibbs|player_reception_yds|37.5,0.52380952,0.49476987,https://api.the-odds-api.com/v4/sports/americanfootball_nfl
2026,4,a73a76599a4f3422803e57bd8f61b626,2026-10-05T00:20:00Z,DraftKings,draftkings,2026-10-04T18:07:50Z,Carolina Panthers,Detroit Lions,Darren Waller,,,WR,player_reception_yds,Full Game,35.5,Over,-115,draftkings|Darren Waller|player_reception_yds|35.5,0.53488372,0.50631978,https://api.the-odds-api.com/v4/sports/americanfootball_nfl
2026,4,a73a76599a4f3422803e57bd8f61b626,2026-10-05T00:20:00Z,DraftKings,draftkings,2026-10-04T18:07:50Z,Carolina Panthers,Detroit Lions,Darren Waller,,,WR,player_reception_yds,Full Game,35.5,Under,-109,draftkings|Darren Waller|player_reception_yds|35.5,0.5215311,0.49368022,https://api.the-odds-api.com/v4/sports/americanfootball_nfl
2026,4,a73a76599a4f3422803e57bd8f61b626,2026-10-05T00:20:00Z,DraftKings,draftkings,2026-10-04T18:07:50Z,Carolina Panthers,Detroit Lions,Brycen Tremayne,,,WR,player_reception_yds,Full Game,32.5,Over,-115,draftkings|Brycen Tremayne|player_reception_yds|32.5,0.53488372,0.50631978,https://api.the-odds-api.com/v4/sports/americanfootball_nfl
2026,4,a73a76599a4f3422803e57bd8f61b626,2026-10-05T00:20:00Z,DraftKings,draftkings,2026-10-04T18:07:50Z,Carolina Panthers,Detroit Lions,Brycen Tremayne,,,WR,player_reception_yds,Full Game,32.5,Under,-109,draftkings|Brycen Tremayne|player_reception_yds|32.5,0.5215311,0.49368022,https://api.the-odds-api.com/v4/sports/americanfootball_nfl
2026,4,a73a76599a4f3422803e57bd8f61b626,2026-10-05T00:20:00Z,DraftKings,draftkings,2026-10-04T18:07:50Z,Carolina Panthers,Detroit Lions,Chuba Hubbard,,,WR,player_reception_yds,Full Game,20.5,Over,-112,draftkings|Chuba Hubbard|player_reception_yds|20.5,0.52830189,0.5,https://api.the-odds-api.com/v4/sports/americanfootball_nfl
2026,4,a73a76599a4f3422803e57bd8f61b626,2026-10-05T00:20:00Z,DraftKings,draftkings,2026-10-04T18:07:50Z,Carolina Panthers,Detroit Lions,Chuba Hubbard,,,WR,player_reception_yds,Full Game,20.5,Under,-112,draftkings|Chuba Hubbard|player_reception_yds|20.5,0.52830189,0.5,https://api.the-odds-api.com/v4/sports/americanfootball_nfl
2026,4,a73a76599a4f3422803e57bd8f61b626,2026-10-05T00:20:00Z,DraftKings,draftkings,2026-10-04T18:07:50Z,Carolina Panthers,Detroit Lions,Isaac TeSlaa,,,WR,player_reception_yds,Full Game,17.5,Over,-113,draftkings|Isaac TeSlaa|player_reception_yds|17.5,0.53051643,0.50210588,https://api.the-odds-api.com/v4/sports/americanfootball_nfl
2026,4,a73a76599a4f3422803e57bd8f61b626,2026-10-05T00:20:00Z,DraftKings,draftkings,2026-10-04T18:07:50Z,Carolina Panthers,Detroit Lions,Isaac TeSlaa,,,WR,player_reception_yds,Full Game,17.5,Under,-111,draftkings|Isaac TeSlaa|player_reception_yds|17.5,0.52606635,0.49789412,https://api.the-odds-api.com/v4/sports/americanfootball_nfl
2026,4,a73a76599a4f3422803e57bd8f61b626,2026-10-05T00:20:00Z,DraftKings,draftkings,2026-10-04T18:07:50Z,Carolina Panthers,Detroit Lions,Tommy Tremble,,,WR,player_reception_yds,Full Game,12.5,Over,-107,draftkings|Tommy Tremble|player_reception_yds|12.5,0.51690821,0.48945992,https://api.the-odds-api.com/v4/sports/americanfootball_nfl
2026,4,a73a76599a4f3422803e57bd8f61b626,2026-10-05T00:20:00Z,DraftKings,draftkings,2026-10-04T18:07:50Z,Carolina Panthers,Detroit Lions,Tommy Tremble,,,WR,player_reception_yds,Full Game,12.5,Under,-117,draftkings|Tommy Tremble|player_reception_yds|12.5,0.53917051,0.51054008,https://api.the-odds-api.com/v4/sports/americanfootball_nfl
2026,4,a73a76599a4f3422803e57bd8f61b626,2026-10-05T00:20:00Z,DraftKings,draftkings,2026-10-04T18:07:50Z,Carolina Panthers,Detroit Lions,Brock Wright,,,WR,player_reception_yds,Full Game,4.5,Over,-115,draftkings|Brock Wright|player_reception_yds|4.5,0.53488372,0.50631978,https://api.the-odds-api.com/v4/sports/americanfootball_nfl
2026,4,a73a76599a4f3422803e57bd8f61b626,2026-10-05T00:20:00Z,DraftKings,draftkings,2026-10-04T18:07:50Z,Carolina Panthers,Detroit Lions,Brock Wright,,,WR,player_reception_yds,Full Game,4.5,Under,-109,draftkings|Brock Wright|player_reception_yds|4.5,0.5215311,0.49368022,https://api.the-odds-api.com/v4/sports/americanfootball_nfl
2026,4,a73a76599a4f3422803e57bd8f61b626,2026-10-05T00:20:00Z,DraftKings,draftkings,2026-10-04T18:07:50Z,Carolina Panthers,Detroit Lions,Jahmyr Gibbs,,,RB,player_rush_yds,Full Game,95.5,Over,-110,draftkings|Jahmyr Gibbs|player_rush_yds|95.5,0.52380952,0.4957877,https://api.the-odds-api.com/v4/sports/americanfootball_nfl
2026,4,a73a76599a4f3422803e57bd8f61b626,2026-10-05T00:20:00Z,DraftKings,draftkings,2026-10-04T18:07:50Z,Carolina Panthers,Detroit Lions,Jahmyr Gibbs,,,RB,player_rush_yds,Full Game,95.5,Under,-114,draftkings|Jahmyr Gibbs|player_rush_yds|95.5,0.53271028,0.5042123,https://api.the-odds-api.com/v4/sports/americanfootball_nfl
2026,4,a73a76599a4f3422803e57bd8f61b626,2026-10-05T00:20:00Z,DraftKings,draftkings,2026-10-04T18:07:50Z,Carolina Panthers,Detroit Lions,Chuba Hubbard,,,RB,player_rush_yds,Full Game,66.5,Over,-110,draftkings|Chuba Hubbard|player_rush_yds|66.5,0.52380952,0.49476987,https://api.the-odds-api.com/v4/sports/americanfootball_nfl
2026,4,a73a76599a4f3422803e57bd8f61b626,2026-10-05T00:20:00Z,DraftKings,draftkings,2026-10-04T18:07:50Z,Carolina Panthers,Detroit Lions,Chuba Hubbard,,,RB,player_rush_yds,Full Game,66.5,Under,-115,draftkings|Chuba Hubbard|player_rush_yds|66.5,0.53488372,0.50523013,https://api.the-odds-api.com/v4/sports/americanfootball_nfl
2026,4,a73a76599a4f3422803e57bd8f61b626,2026-10-05T00:20:00Z,DraftKings,draftkings,2026-10-04T18:07:50Z,Carolina Panthers,Detroit Lions,AJ Dillon,,,RB,player_rush_yds,Full Game,12.5,Over,-111,draftkings|AJ Dillon|player_rush_yds|12.5,0.52606635,0.49789412,https://api.the-odds-api.com/v4/sports/americanfootball_nfl
2026,4,a73a76599a4f3422803e57bd8f61b626,2026-10-05T00:20:00Z,DraftKings,draftkings,2026-10-04T18:07:50Z,Carolina Panthers,Detroit Lions,AJ Dillon,,,RB,player_rush_yds,Full Game,12.5,Under,-113,draftkings|AJ Dillon|player_rush_yds|12.5,0.53051643,0.50210588,https://api.the-odds-api.com/v4/sports/americanfootball_nfl
2026,4,a73a76599a4f3422803e57bd8f61b626,2026-10-05T00:20:00Z,DraftKings,draftkings,2026-10-04T18:07:50Z,Carolina Panthers,Detroit Lions,Bryce Young,,,RB,player_rush_yds,Full Game,12.5,Over,-107,draftkings|Bryce Young|player_rush_yds|12.5,0.51690821,0.48848216,https://api.the-odds-api.com/v4/sports/americanfootball_nfl
2026,4,a73a76599a4f3422803e57bd8f61b626,2026-10-05T00:20:00Z,DraftKings,draftkings,2026-10-04T18:07:50Z,Carolina Panthers,Detroit Lions,Bryce Young,,,RB,player_rush_yds,Full Game,12.5,Under,-118,draftkings|Bryce Young|player_rush_yds|12.5,0.5412844,0.51151784,https://api.the-odds-api.com/v4/sports/americanfootball_nfl
2026,4,a73a76599a4f3422803e57bd8f61b626,2026-10-05T00:20:00Z,DraftKings,draftkings,2026-10-04T18:07:50Z,Carolina Panthers,Detroit Lions,Sione Vaki,,,RB,player_rush_yds,Full Game,11.5,Over,-115,draftkings|Sione Vaki|player_rush_yds|11.5,0.53488372,0.50631978,https://api.the-odds-api.com/v4/sports/americanfootball_nfl
2026,4,a73a76599a4f3422803e57bd8f61b626,2026-10-05T00:20:00Z,DraftKings,draftkings,2026-10-04T18:07:50Z,Carolina Panthers,Detroit Lions,Sione Vaki,,,RB,player_rush_yds,Full Game,11.5,Under,-109,draftkings|Sione Vaki|player_rush_yds|11.5,0.5215311,0.49368022,https://api.the-odds-api.com/v4/sports/americanfootball_nfl
2026,4,a73a76599a4f3422803e57bd8f61b626,2026-10-05T00:20:00Z,DraftKings,draftkings,2026-10-04T18:07:50Z,Carolina Panthers,Detroit Lions,Jared Goff,,,RB,player_rush_yds,Full Game,0.5,Over,-122,draftkings|Jared Goff|player_rush_yds|0.5,0.54954955,0.51994458,https://api.the-odds-api.com/v4/sports/americanfootball_nfl
2026,4,a73a76599a4f3422803e57bd8f61b626,2026-10-05T00:20:00Z,DraftKings,draftkings,2026-10-04T18:07:50Z,Carolina Panthers,Detroit Lions,Jared Goff,,,RB,player_rush_yds,Full Game,0.5,Under,-103,draftkings|Jared Goff|player_rush_yds|0.5,0.50738916,0.48005542,https://api.the-odds-api.com/v4/sports/americanfootball_nfl
2026,4,a73a76599a4f3422803e57bd8f61b626,2026-10-05T00:20:00Z,FanDuel,fanduel,2026-10-04T18:08:02Z,Carolina Panthers,Detroit Lions,Brycen Tremayne,,,WR,player_reception_yds,Full Game,33.5,Over,-113,fanduel|Brycen Tremayne|player_reception_yds|33.5,0.53051643,0.5,https://api.the-odds-api.com/v4/sports/americanfootball_nfl
2026,4,a73a76599a4f3422803e57bd8f61b626,2026-10-05T00:20:00Z,FanDuel,fanduel,2026-10-04T18:08:02Z,Carolina Panthers,Detroit Lions,Brycen Tremayne,,,WR,player_reception_yds,Full Game,33.5,Under,-113,fanduel|Brycen Tremayne|player_reception_yds|33.5,0.53051643,0.5,https://api.the-odds-api.com/v4/sports/americanfootball_nfl
2026,4,a73a76599a4f3422803e57bd8f61b626,2026-10-05T00:20:00Z,FanDuel,fanduel,2026-10-04T18:08:02Z,Carolina Panthers,Detroit Lions,Isaac TeSlaa,,,WR,player_reception_yds,Full Game,17.5,Over,-113,fanduel|Isaac TeSlaa|player_reception_yds|17.5,0.53051643,0.5,https://api.the-odds-api.com/v4/sports/americanfootball_nfl
2026,4,a73a76599a4f3422803e57bd8f61b626,2026-10-05T00:20:00Z,FanDuel,fanduel,2026-10-04T18:08:02Z,Carolina Panthers,Detroit Lions,Isaac TeSlaa,,,WR,player_reception_yds,Full Game,17.5,Under,-113,fanduel|Isaac TeSlaa|player_reception_yds|17.5,0.53051643,0.5,https://api.the-odds-api.com/v4/sports/americanfootball_nfl
2026,4,a73a76599a4f3422803e57bd8f61b626,2026-10-05T00:20:00Z,FanDuel,fanduel,2026-10-04T18:08:02Z,Carolina Panthers,Detroit Lions,Chuba Hubbard,,,WR,player_reception_yds,Full Game,18.5,Over,-113,fanduel|Chuba Hubbard|player_reception_yds|18.5,0.53051643,0.5,https://api.the-odds-api.com/v4/sports/americanfootball_nfl
2026,4,a73a76599a4f3422803e57bd8f61b626,2026-10-05T00:20:00Z,FanDuel,fanduel,2026-10-04T18:08:02Z,Carolina Panthers,Detroit Lions,Chuba Hubbard,,,WR,player_reception_yds,Full Game,18.5,Under,-113,fanduel|Chuba Hubbard|player_reception_yds|18.5,0.53051643,0.5,https://api.the-odds-api.com/v4/sports/americanfootball_nfl
2026,4,a73a76599a4f3422803e57bd8f61b626,2026-10-05T00:20:00Z,FanDuel,fanduel,2026-10-04T18:08:02Z,Carolina Panthers,Detroit Lions,Jahmyr Gibbs,,,WR,player_reception_yds,Full Game,35.5,Over,-113,fanduel|Jahmyr Gibbs|player_reception_yds|35.5,0.53051643,0.5,https://api.the-odds-api.com/v4/sports/americanfootball_nfl
2026,4,a73a76599a4f3422803e57bd8f61b626,2026-10-05T00:20:00Z,FanDuel,fanduel,2026-10-04T18:08:02Z,Carolina Panthers,Detroit Lions,Jahmyr Gibbs,,,WR,player_reception_yds,Full Game,35.5,Under,-113,fanduel|Jahmyr Gibbs|player_reception_yds|35.5,0.53051643,0.5,https://api.the-odds-api.com/v4/sports/americanfootball_nfl
2026,4,a73a76599a4f3422803e57bd8f61b626,2026-10-05T00:20:00Z,FanDuel,fanduel,2026-10-04T18:08:02Z,Carolina Panthers,Detroit Lions,Brock Wright,,,WR,player_reception_yds,Full Game,5.5,Over,-102,fanduel|Brock Wright|player_reception_yds|5.5,0.5049505,0.47614108,https://api.the-odds-api.com/v4/sports/americanfootball_nfl
2026,4,a73a76599a4f3422803e57bd8f61b626,2026-10-05T00:20:00Z,FanDuel,fanduel,2026-10-04T18:08:02Z,Carolina Panthers,Detroit Lions,Brock Wright,,,WR,player_reception_yds,Full Game,5.5,Under,-125,fanduel|Brock Wright|player_reception_yds|5.5,0.55555556,0.52385892,https://api.the-odds-api.com/v4/sports/americanfootball_nfl
2026,4,a73a76599a4f3422803e57bd8f61b626,2026-10-05T00:20:00Z,FanDuel,fanduel,2026-10-04T18:08:02Z,Carolina Panthers,Detroit Lions,Amon-Ra St. Brown,,,WR,player_reception_yds,Full Game,75.5,Over,-113,fanduel|Amon-Ra St. Brown|player_reception_yds|75.5,0.53051643,0.5,https://api.the-odds-api.com/v4/sports/americanfootball_nfl
2026,4,a73a76599a4f3422803e57bd8f61b626,2026-10-05T00:20:00Z,FanDuel,fanduel,2026-10-04T18:08:02Z,Carolina Panthers,Detroit Lions,Amon-Ra St. Brown,,,WR,player_reception_yds,Full Game,75.5,Under,-113,fanduel|Amon-Ra St. Brown|player_reception_yds|75.5,0.53051643,0.5,https://api.the-odds-api.com/v4/sports/americanfootball_nfl
2026,4,a73a76599a4f3422803e57bd8f61b626,2026-10-05T00:20:00Z,FanDuel,fanduel,2026-10-04T18:08:02Z,Carolina Panthers,Detroit Lions,Tetairoa McMillan,,,WR,player_reception_yds,Full Game,70.5,Over,-113,fanduel|Tetairoa McMillan|player_reception_yds|70.5,0.53051643,0.5,https://api.the-odds-api.com/v4/sports/americanfootball_nfl
2026,4,a73a76599a4f3422803e57bd8f61b626,2026-10-05T00:20:00Z,FanDuel,fanduel,2026-10-04T18:08:02Z,Carolina Panthers,Detroit Lions,Tetairoa McMillan,,,WR,player_reception_yds,Full Game,70.5,Under,-113,fanduel|Tetairoa McMillan|player_reception_yds|70.5,0.53051643,0.5,https://api.the-odds-api.com/v4/sports/americanfootball_nfl
2026,4,a73a76599a4f3422803e57bd8f61b626,2026-10-05T00:20:00Z,FanDuel,fanduel,2026-10-04T18:08:02Z,Carolina Panthers,Detroit Lions,Darren Waller,,,WR,player_reception_yds,Full Game,38.5,Over,-113,fanduel|Darren Waller|player_reception_yds|38.5,0.53051643,0.5,https://api.the-odds-api.com/v4/sports/americanfootball_nfl
2026,4,a73a76599a4f3422803e57bd8f61b626,2026-10-05T00:20:00Z,FanDuel,fanduel,2026-10-04T18:08:02Z,Carolina Panthers,Detroit Lions,Darren Waller,,,WR,player_reception_yds,Full Game,38.5,Under,-113,fanduel|Darren Waller|player_reception_yds|38.5,0.53051643,0.5,https://api.the-odds-api.com/v4/sports/americanfootball_nfl
2026,4,a73a76599a4f3422803e57bd8f61b626,2026-10-05T00:20:00Z,FanDuel,fanduel,2026-10-04T18:08:02Z,Carolina Panthers,Detroit Lions,Tommy Tremble,,,WR,player_reception_yds,Full Game,12.5,Over,-113,fanduel|Tommy Tremble|player_reception_yds|12.5,0.53051643,0.5,https://api.the-odds-api.com/v4/sports/americanfootball_nfl
2026,4,a73a76599a4f3422803e57bd8f61b626,2026-10-05T00:20:00Z,FanDuel,fanduel,2026-10-04T18:08:02Z,Carolina Panthers,Detroit Lions,Tommy Tremble,,,WR,player_reception_yds,Full Game,12.5,Under,-113,fanduel|Tommy Tremble|player_reception_yds|12.5,0.53051643,0.5,https://api.the-odds-api.com/v4/sports/americanfootball_nfl
2026,4,a73a76599a4f3422803e57bd8f61b626,2026-10-05T00:20:00Z,FanDuel,fanduel,2026-10-04T18:08:02Z,Carolina Panthers,Detroit Lions,Sam LaPorta,,,WR,player_reception_yds,Full Game,47.5,Over,-113,fanduel|Sam LaPorta|player_reception_yds|47.5,0.53051643,0.5,https://api.the-odds-api.com/v4/sports/americanfootball_nfl
2026,4,a73a76599a4f3422803e57bd8f61b626,2026-10-05T00:20:00Z,FanDuel,fanduel,2026-10-04T18:08:02Z,Carolina Panthers,Detroit Lions,Sam LaPorta,,,WR,player_reception_yds,Full Game,47.5,Under,-113,fanduel|Sam LaPorta|player_reception_yds|47.5,0.53051643,0.5,https://api.the-odds-api.com/v4/sports/americanfootball_nfl
2026,4,a73a76599a4f3422803e57bd8f61b626,2026-10-05T00:20:00Z,FanDuel,fanduel,2026-10-04T18:08:02Z,Carolina Panthers,Detroit Lions,Jameson Williams,,,WR,player_reception_yds,Full Game,50.5,Over,-113,fanduel|Jameson Williams|player_reception_yds|50.5,0.53051643,0.5,https://api.the-odds-api.com/v4/sports/americanfootball_nfl
2026,4,a73a76599a4f3422803e57bd8f61b626,2026-10-05T00:20:00Z,FanDuel,fanduel,2026-10-04T18:08:02Z,Carolina Panthers,Detroit Lions,Jameson Williams,,,WR,player_reception_yds,Full Game,50.5,Under,-113,fanduel|Jameson Williams|player_reception_yds|50.5,0.53051643,0.5,https://api.the-odds-api.com/v4/sports/americanfootball_nfl
2026,4,a73a76599a4f3422803e57bd8f61b626,2026-10-05T00:20:00Z,FanDuel,fanduel,2026-10-04T18:08:02Z,Carolina Panthers,Detroit Lions,Jahmyr Gibbs,,,RB,player_rush_yds,Full Game,94.5,Over,-113,fanduel|Jahmyr Gibbs|player_rush_yds|94.5,0.53051643,0.5,https://api.the-odds-api.com/v4/sports/americanfootball_nfl
2026,4,a73a76599a4f3422803e57bd8f61b626,2026-10-05T00:20:00Z,FanDuel,fanduel,2026-10-04T18:08:02Z,Carolina Panthers,Detroit Lions,Jahmyr Gibbs,,,RB,player_rush_yds,Full Game,94.5,Under,-113,fanduel|Jahmyr Gibbs|player_rush_yds|94.5,0.53051643,0.5,https://api.the-odds-api.com/v4/sports/americanfootball_nfl
2026,4,a73a76599a4f3422803e57bd8f61b626,2026-10-05T00:20:00Z,FanDuel,fanduel,2026-10-04T18:08:02Z,Carolina Panthers,Detroit Lions,Sione Vaki,,,RB,player_rush_yds,Full Game,10.5,Over,-113,fanduel|Sione Vaki|player_rush_yds|10.5,0.53051643,0.5,https://api.the-odds-api.com/v4/sports/americanfootball_nfl
2026,4,a73a76599a4f3422803e57bd8f61b626,2026-10-05T00:20:00Z,FanDuel,fanduel,2026-10-04T18:08:02Z,Carolina Panthers,Detroit Lions,Sione Vaki,,,RB,player_rush_yds,Full Game,10.5,Under,-113,fanduel|Sione Vaki|player_rush_yds|10.5,0.53051643,0.5,https://api.the-odds-api.com/v4/sports/americanfootball_nfl
2026,4,a73a76599a4f3422803e57bd8f61b626,2026-10-05T00:20:00Z,FanDuel,fanduel,2026-10-04T18:08:02Z,Carolina Panthers,Detroit Lions,AJ Dillon,,,RB,player_rush_yds,Full Game,12.5,Over,-113,fanduel|AJ Dillon|player_rush_yds|12.5,0.53051643,0.5,https://api.the-odds-api.com/v4/sports/americanfootball_nfl
2026,4,a73a76599a4f3422803e57bd8f61b626,2026-10-05T00:20:00Z,FanDuel,fanduel,2026-10-04T18:08:02Z,Carolina Panthers,Detroit Lions,AJ Dillon,,,RB,player_rush_yds,Full Game,12.5,Under,-113,fanduel|AJ Dillon|player_rush_yds|12.5,0.53051643,0.5,https://api.the-odds-api.com/v4/sports/americanfootball_nfl
2026,4,a73a76599a4f3422803e57bd8f61b626,2026-10-05T00:20:00Z,FanDuel,fanduel,2026-10-04T18:08:02Z,Carolina Panthers,Detroit Lions,Jared Goff,,,RB,player_rush_yds,Full Game,1.5,Over,-113,fanduel|Jared Goff|player_rush_yds|1.5,0.53051643,0.5,https://api.the-odds-api.com/v4/sports/americanfootball_nfl
2026,4,a73a76599a4f3422803e57bd8f61b626,2026-10-05T00:20:00Z,FanDuel,fanduel,2026-10-04T18:08:02Z,Carolina Panthers,Detroit Lions,Jared Goff,,,RB,player_rush_yds,Full Game,1.5,Under,-113,fanduel|Jared Goff|player_rush_yds|1.5,0.53051643,0.5,https://api.the-odds-api.com/v4/sports/americanfootball_nfl
2026,4,a73a76599a4f3422803e57bd8f61b626,2026-10-05T00:20:00Z,FanDuel,fanduel,2026-10-04T18:08:02Z,Carolina Panthers,Detroit Lions,Bryce Young,,,RB,player_rush_yds,Full Game,12.5,Over,-113,fanduel|Bryce Young|player_rush_yds|12.5,0.53051643,0.5,https://api.the-odds-api.com/v4/sports/americanfootball_nfl
2026,4,a73a76599a4f3422803e57bd8f61b626,2026-10-05T00:20:00Z,FanDuel,fanduel,2026-10-04T18:08:02Z,Carolina Panthers,Detroit Lions,Bryce Young,,,RB,player_rush_yds,Full Game,12.5,Under,-113,fanduel|Bryce Young|player_rush_yds|12.5,0.53051643,0.5,https://api.the-odds-api.com/v4/sports/americanfootball_nfl
2026,4,a73a76599a4f3422803e57bd8f61b626,2026-10-05T00:20:00Z,FanDuel,fanduel,2026-10-04T18:08:02Z,Carolina Panthers,Detroit Lions,Chuba Hubbard,,,RB,player_rush_yds,Full Game,65.5,Over,-113,fanduel|Chuba Hubbard|player_rush_yds|65.5,0.53051643,0.5,https://api.the-odds-api.com/v4/sports/americanfootball_nfl
2026,4,a73a76599a4f3422803e57bd8f61b626,2026-10-05T00:20:00Z,FanDuel,fanduel,2026-10-04T18:08:02Z,Carolina Panthers,Detroit Lions,Chuba Hubbard,,,RB,player_rush_yds,Full Game,65.5,Under,-113,fanduel|Chuba Hubbard|player_rush_yds|65.5,0.53051643,0.5,https://api.the-odds-api.com/v4/sports/americanfootball_nfl
2026,4,a73a76599a4f3422803e57bd8f61b626,2026-10-05T00:20:00Z,BetOnline.ag,betonlineag,2026-10-04T18:07:48Z,Carolina Panthers,Detroit Lions,Chuba Hubbard,,,WR,player_reception_yds,Full Game,18.5,Over,-116,betonlineag|Chuba Hubbard|player_reception_yds|18.5,0.53703704,0.50515975,https://api.the-odds-api.com/v4/sports/americanfootball_nfl
2026,4,a73a76599a4f3422803e57bd8f61b626,2026-10-05T00:20:00Z,BetOnline.ag,betonlineag,2026-10-04T18:07:48Z,Carolina Panthers,Detroit Lions,Chuba Hubbard,,,WR,player_reception_yds,Full Game,18.5,Under,-111,betonlineag|Chuba Hubbard|player_reception_yds|18.5,0.52606635,0.49484025,https://api.the-odds-api.com/v4/sports/americanfootball_nfl
2026,4,a73a76599a4f3422803e57bd8f61b626,2026-10-05T00:20:00Z,BetOnline.ag,betonlineag,2026-10-04T18:07:48Z,Carolina Panthers,Detroit Lions,Isaac TeSlaa,,,WR,player_reception_yds,Full Game,17.5,Over,-115,betonlineag|Isaac TeSlaa|player_reception_yds|17.5,0.53488372,0.50309533,https://api.the-odds-api.com/v4/sports/americanfootball_nfl
2026,4,a73a76599a4f3422803e57bd8f61b626,2026-10-05T00:20:00Z,BetOnline.ag,betonlineag,2026-10-04T18:07:48Z,Carolina Panthers,Detroit Lions,Isaac TeSlaa,,,WR,player_reception_yds,Full Game,17.5,Under,-112,betonlineag|Isaac TeSlaa|player_reception_yds|17.5,0.52830189,0.49690467,https://api.the-odds-api.com/v4/sports/americanfootball_nfl
2026,4,a73a76599a4f3422803e57bd8f61b626,2026-10-05T00:20:00Z,BetOnline.ag,betonlineag,2026-10-04T18:07:48Z,Carolina Panthers,Detroit Lions,Amon-Ra St. Brown,,,WR,player_reception_yds,Full Game,77.5,Over,-116,betonlineag|Amon-Ra St. Brown|player_reception_yds|77.5,0.53703704,0.50515975,https://api.the-odds-api.com/v4/sports/americanfootball_nfl
2026,4,a73a76599a4f3422803e57bd8f61b626,2026-10-05T00:20:00Z,BetOnline.ag,betonlineag,2026-10-04T18:07:48Z,Carolina Panthers,Detroit Lions,Amon-Ra St. Brown,,,WR,player_reception_yds,Full Game,77.5,Under,-111,betonlineag|Amon-Ra St. Brown|player_reception_yds|77.5,0.52606635,0.49484025,https://api.the-odds-api.com/v4/sports/americanfootball_nfl
2026,4,a73a76599a4f3422803e57bd8f61b626,2026-10-05T00:20:00Z,BetOnline.ag,betonlineag,2026-10-04T18:07:48Z,Carolina Panthers,Detroit Lions,Sam LaPorta,,,WR,player_reception_yds,Full Game,47.5,Over,-116,betonlineag|Sam LaPorta|player_reception_yds|47.5,0.53703704,0.50515975,https://api.the-odds-api.com/v4/sports/americanfootball_nfl
2026,4,a73a76599a4f3422803e57bd8f61b626,2026-10-05T00:20:00Z,BetOnline.ag,betonlineag,2026-10-04T18:07:48Z,Carolina Panthers,Detroit Lions,Sam LaPorta,,,WR,player_reception_yds,Full Game,47.5,Under,-111,betonlineag|Sam LaPorta|player_reception_yds|47.5,0.52606635,0.49484025,https://api.the-odds-api.com/v4/sports/americanfootball_nfl
2026,4,a73a76599a4f3422803e57bd8f61b626,2026-10-05T00:20:00Z,BetOnline.ag,betonlineag,2026-10-04T18:07:48Z,Carolina Panthers,Detroit Lions,Tommy Tremble,,,WR,player_reception_yds,Full Game,12.5,Over,-114,betonlineag|Tommy Tremble|player_reception_yds|12.5,0.53271028,0.5,https://api.the-odds-api.com/v4/sports/americanfootball_nfl
2026,4,a73a76599a4f3422803e57bd8f61b626,2026-10-05T00:20:00Z,BetOnline.ag,betonlineag,2026-10-04T18:07:48Z,Carolina Panthers,Detroit Lions,Tommy Tremble,,,WR,player_reception_yds,Full Game,12.5,Under,-114,betonlineag|Tommy Tremble|player_reception_yds|12.5,0.53271028,0.5,https://api.the-odds-api.com/v4/sports/americanfootball_nfl
2026,4,a73a76599a4f3422803e57bd8f61b626,2026-10-05T00:20:00Z,BetOnline.ag,betonlineag,2026-10-04T18:07:48Z,Carolina Panthers,Detroit Lions,Jahmyr Gibbs,,,WR,player_reception_yds,Full Game,37.5,Over,-114,betonlineag|Jahmyr Gibbs|player_reception_yds|37.5,0.53271028,0.5,https://api.the-odds-api.com/v4/sports/americanfootball_nfl
2026,4,a73a76599a4f3422803e57bd8f61b626,2026-10-05T00:20:00Z,BetOnline.ag,betonlineag,2026-10-04T18:07:48Z,Carolina Panthers,Detroit Lions,Jahmyr Gibbs,,,WR,player_reception_yds,Full Game,37.5,Under,-114,betonlineag|Jahmyr Gibbs|player_reception_yds|37.5,0.53271028,0.5,https://api.the-odds-api.com/v4/sports/americanfootball_nfl
2026,4,a73a76599a4f3422803e57bd8f61b626,2026-10-05T00:20:00Z,BetOnline.ag,betonlineag,2026-10-04T18:07:48Z,Carolina Panthers,Detroit Lions,Brock Wright,,,WR,player_reception_yds,Full Game,5.5,Over,-109,betonlineag|Brock Wright|player_reception_yds|5.5,0.5215311,0.4897419,https://api.the-odds-api.com/v4/sports/americanfootball_nfl
2026,4,a73a76599a4f3422803e57bd8f61b626,2026-10-05T00:20:00Z,BetOnline.ag,betonlineag,2026-10-04T18:07:48Z,Carolina Panthers,Detroit Lions,Brock Wright,,,WR,player_reception_yds,Full Game,5.5,Under,-119,betonlineag|Brock Wright|player_reception_yds|5.5,0.543379,0.5102581,https://api.the-odds-api.com/v4/sports/americanfootball_nfl
2026,4,a73a76599a4f3422803e57bd8f61b626,2026-10-05T00:20:00Z,BetOnline.ag,betonlineag,2026-10-04T18:07:48Z,Carolina Panthers,Detroit Lions,Jameson Williams,,,WR,player_reception_yds,Full Game,52.5,Over,-114,betonlineag|Jameson Williams|player_reception_yds|52.5,0.53271028,0.5,https://api.the-odds-api.com/v4/sports/americanfootball_nfl
2026,4,a73a76599a4f3422803e57bd8f61b626,2026-10-05T00:20:00Z,BetOnline.ag,betonlineag,2026-10-04T18:07:48Z,Carolina Panthers,Detroit Lions,Jameson Williams,,,WR,player_reception_yds,Full Game,52.5,Under,-114,betonlineag|Jameson Williams|player_reception_yds|52.5,0.53271028,0.5,https://api.the-odds-api.com/v4/sports/americanfootball_nfl
2026,4,a73a76599a4f3422803e57bd8f61b626,2026-10-05T00:20:00Z,BetOnline.ag,betonlineag,2026-10-04T18:07:48Z,Carolina Panthers,Detroit Lions,Tetairoa McMillan,,,WR,player_reception_yds,Full Game,73.5,Over,-114,betonlineag|Tetairoa McMillan|player_reception_yds|73.5,0.53271028,0.5,https://api.the-odds-api.com/v4/sports/americanfootball_nfl
2026,4,a73a76599a4f3422803e57bd8f61b626,2026-10-05T00:20:00Z,BetOnline.ag,betonlineag,2026-10-04T18:07:48Z,Carolina Panthers,Detroit Lions,Tetairoa McMillan,,,WR,player_reception_yds,Full Game,73.5,Under,-114,betonlineag|Tetairoa McMillan|player_reception_yds|73.5,0.53271028,0.5,https://api.the-odds-api.com/v4/sports/americanfootball_nfl
2026,4,a73a76599a4f3422803e57bd8f61b626,2026-10-05T00:20:00Z,BetOnline.ag,betonlineag,2026-10-04T18:07:48Z,Carolina Panthers,Detroit Lions,Darren Waller,,,WR,player_reception_yds,Full Game,37.5,Over,-114,betonlineag|Darren Waller|player_reception_yds|37.5,0.53271028,0.5,https://api.the-odds-api.com/v4/sports/americanfootball_nfl
2026,4,a73a76599a4f3422803e57bd8f61b626,2026-10-05T00:20:00Z,BetOnline.ag,betonlineag,2026-10-04T18:07:48Z,Carolina Panthers,Detroit Lions,Darren Waller,,,WR,player_reception_yds,Full Game,37.5,Under,-114,betonlineag|Darren Waller|player_reception_yds|37.5,0.53271028,0.5,https://api.the-odds-api.com/v4/sports/americanfootball_nfl
2026,4,a73a76599a4f3422803e57bd8f61b626,2026-10-05T00:20:00Z,BetOnline.ag,betonlineag,2026-10-04T18:07:48Z,Carolina Panthers,Detroit Lions,Bryce Young,,,RB,player_rush_yds,Full Game,12.5,Over,-114,betonlineag|Bryce Young|player_rush_yds|12.5,0.53271028,0.5,https://api.the-odds-api.com/v4/sports/americanfootball_nfl
2026,4,a73a76599a4f3422803e57bd8f61b626,2026-10-05T00:20:00Z,BetOnline.ag,betonlineag,2026-10-04T18:07:48Z,Carolina Panthers,Detroit Lions,Bryce Young,,,RB,player_rush_yds,Full Game,12.5,Under,-114,betonlineag|Bryce Young|player_rush_yds|12.5,0.53271028,0.5,https://api.the-odds-api.com/v4/sports/americanfootball_nfl
2026,4,a73a76599a4f3422803e57bd8f61b626,2026-10-05T00:20:00Z,BetOnline.ag,betonlineag,2026-10-04T18:07:48Z,Carolina Panthers,Detroit Lions,Jahmyr Gibbs,,,RB,player_rush_yds,Full Game,96.5,Over,-114,betonlineag|Jahmyr Gibbs|player_rush_yds|96.5,0.53271028,0.5,https://api.the-odds-api.com/v4/sports/americanfootball_nfl
2026,4,a73a76599a4f3422803e57bd8f61b626,2026-10-05T00:20:00Z,BetOnline.ag,betonlineag,2026-10-04T18:07:48Z,Carolina Panthers,Detroit Lions,Jahmyr Gibbs,,,RB,player_rush_yds,Full Game,96.5,Under,-114,betonlineag|Jahmyr Gibbs|player_rush_yds|96.5,0.53271028,0.5,https://api.the-odds-api.com/v4/sports/americanfootball_nfl
2026,4,a73a76599a4f3422803e57bd8f61b626,2026-10-05T00:20:00Z,BetOnline.ag,betonlineag,2026-10-04T18:07:48Z,Carolina Panthers,Detroit Lions,Chuba Hubbard,,,RB,player_rush_yds,Full Game,66.5,Over,-111,betonlineag|Chuba Hubbard|player_rush_yds|66.5,0.52606635,0.49484025,https://api.the-odds-api.com/v4/sports/americanfootball_nfl
2026,4,a73a76599a4f3422803e57bd8f61b626,2026-10-05T00:20:00Z,BetOnline.ag,betonlineag,2026-10-04T18:07:48Z,Carolina Panthers,Detroit Lions,Chuba Hubbard,,,RB,player_rush_yds,Full Game,66.5,Under,-116,betonlineag|Chuba Hubbard|player_rush_yds|66.5,0.53703704,0.50515975,https://api.the-odds-api.com/v4/sports/americanfootball_nfl
2026,4,a73a76599a4f3422803e57bd8f61b626,2026-10-05T00:20:00Z,BetOnline.ag,betonlineag,2026-10-04T18:07:48Z,Carolina Panthers,Detroit Lions,Sione Vaki,,,RB,player_rush_yds,Full Game,11.5,Over,-119,betonlineag|Sione Vaki|player_rush_yds|11.5,0.543379,0.5102581,https://api.the-odds-api.com/v4/sports/americanfootball_nfl
2026,4,a73a76599a4f3422803e57bd8f61b626,2026-10-05T00:20:00Z,BetOnline.ag,betonlineag,2026-10-04T18:07:48Z,Carolina Panthers,Detroit Lions,Sione Vaki,,,RB,player_rush_yds,Full Game,11.5,Under,-109,betonlineag|Sione Vaki|player_rush_yds|11.5,0.5215311,0.4897419,https://api.the-odds-api.com/v4/sports/americanfootball_nfl
2026,4,a73a76599a4f3422803e57bd8f61b626,2026-10-05T00:20:00Z,BetOnline.ag,betonlineag,2026-10-04T18:07:48Z,Carolina Panthers,Detroit Lions,AJ Dillon,,,RB,player_rush_yds,Full Game,12.5,Over,-115,betonlineag|AJ Dillon|player_rush_yds|12.5,0.53488372,0.50309533,https://api.the-odds-api.com/v4/sports/americanfootball_nfl
2026,4,a73a76599a4f3422803e57bd8f61b626,2026-10-05T00:20:00Z,BetOnline.ag,betonlineag,2026-10-04T18:07:48Z,Carolina Panthers,Detroit Lions,AJ Dillon,,,RB,player_rush_yds,Full Game,12.5,Under,-112,betonlineag|AJ Dillon|player_rush_yds|12.5,0.52830189,0.49690467,https://api.the-odds-api.com/v4/sports/americanfootball_nfl
2026,4,a73a76599a4f3422803e57bd8f61b626,2026-10-05T00:20:00Z,BetRivers,betrivers,2026-10-04T18:07:45Z,Carolina Panthers,Detroit Lions,Sam LaPorta,,,WR,player_reception_yds,Full Game,48.5,Over,-114,betrivers|Sam LaPorta|player_reception_yds|48.5,0.53271028,0.4969865,https://api.the-odds-api.com/v4/sports/americanfootball_nfl
2026,4,a73a76599a4f3422803e57bd8f61b626,2026-10-05T00:20:00Z,BetRivers,betrivers,2026-10-04T18:07:45Z,Carolina Panthers,Detroit Lions,Sam LaPorta,,,WR,player_reception_yds,Full Game,48.5,Under,-117,betrivers|Sam LaPorta|player_reception_yds|48.5,0.53917051,0.5030135,https://api.the-odds-api.com/v4/sports/americanfootball_nfl
2026,4,a73a76599a4f3422803e57bd8f61b626,2026-10-05T00:20:00Z,BetRivers,betrivers,2026-10-04T18:07:45Z,Carolina Panthers,Detroit Lions,Chuba Hubbard,,,WR,player_reception_yds,Full Game,20.5,Over,-112,betrivers|Chuba Hubbard|player_reception_yds|20.5,0.52830189,0.49201278,https://api.the-odds-api.com/v4/sports/americanfootball_nfl
2026,4,a73a76599a4f3422803e57bd8f61b626,2026-10-05T00:20:00Z,BetRivers,betrivers,2026-10-04T18:07:45Z,Carolina Panthers,Detroit Lions,Chuba Hubbard,,,WR,player_reception_yds,Full Game,20.5,Under,-120,betrivers|Chuba Hubbard|player_reception_yds|20.5,0.54545455,0.50798722,https://api.the-odds-api.com/v4/sports/americanfootball_nfl
2026,4,a73a76599a4f3422803e57bd8f61b626,2026-10-05T00:20:00Z,BetRivers,betrivers,2026-10-04T18:07:45Z,Carolina Panthers,Detroit Lions,Jahmyr Gibbs,,,WR,player_reception_yds,Full Game,35.5,Over,-115,betrivers|Jahmyr Gibbs|player_reception_yds|35.5,0.53488372,0.50101792,https://api.the-odds-api.com/v4/sports/americanfootball_nfl
2026,4,a73a76599a4f3422803e57bd8f61b626,2026-10-05T00:20:00Z,BetRivers,betrivers,2026-10-04T18:07:45Z,Carolina Panthers,Detroit Lions,Jahmyr Gibbs,,,WR,player_reception_yds,Full Game,35.5,Under,-114,betrivers|Jahmyr Gibbs|player_reception_yds|35.5,0.53271028,0.49898208,https://api.the-odds-api.com/v4/sports/americanfootball_nfl
2026,4,a73a76599a4f3422803e57bd8f61b626,2026-10-05T00:20:00Z,BetRivers,betrivers,2026-10-04T18:07:45Z,Carolina Panthers,Detroit Lions,Amon-Ra St. Brown,,,WR,player_reception_yds,Full Game,77.5,Over,-117,betrivers|Amon-Ra St. Brown|player_reception_yds|77.5,0.53917051,0.5030135,https://api.the-odds-api.com/v4/sports/americanfootball_nfl
2026,4,a73a76599a4f3422803e57bd8f61b626,2026-10-05T00:20:00Z,BetRivers,betrivers,2026-10-04T18:07:45Z,Carolina Panthers,Detroit Lions,Amon-Ra St. Brown,,,WR,player_reception_yds,Full Game,77.5,Under,-114,betrivers|Amon-Ra St. Brown|player_reception_yds|77.5,0.53271028,0.4969865,https://api.the-odds-api.com/v4/sports/americanfootball_nfl
2026,4,a73a76599a4f3422803e57bd8f61b626,2026-10-05T00:20:00Z,BetRivers,betrivers,2026-10-04T18:07:45Z,Carolina Panthers,Detroit Lions,Jameson Williams,,,WR,player_reception_yds,Full Game,50.5,Over,-117,betrivers|Jameson Williams|player_reception_yds|50.5,0.53917051,0.5030135,https://api.the-odds-api.com/v4/sports/americanfootball_nfl
2026,4,a73a76599a4f3422803e57bd8f61b626,2026-10-05T00:20:00Z,BetRivers,betrivers,2026-10-04T18:07:45Z,Carolina Panthers,Detroit Lions,Jameson Williams,,,WR,player_reception_yds,Full Game,50.5,Under,-114,betrivers|Jameson Williams|player_reception_yds|50.5,0.53271028,0.4969865,https://api.the-odds-api.com/v4/sports/americanfootball_nfl
2026,4,a73a76599a4f3422803e57bd8f61b626,2026-10-05T00:20:00Z,BetRivers,betrivers,2026-10-04T18:07:45Z,Carolina Panthers,Detroit Lions,Tetairoa McMillan,,,WR,player_reception_yds,Full Game,75.5,Over,-114,betrivers|Tetairoa McMillan|player_reception_yds|75.5,0.53271028,0.4969865,https://api.the-odds-api.com/v4/sports/americanfootball_nfl
2026,4,a73a76599a4f3422803e57bd8f61b626,2026-10-05T00:20:00Z,BetRivers,betrivers,2026-10-04T18:07:45Z,Carolina Panthers,Detroit Lions,Tetairoa McMillan,,,WR,player_reception_yds,Full Game,75.5,Under,-117,betrivers|Tetairoa McMillan|player_reception_yds|75.5,0.53917051,0.5030135,https://api.the-odds-api.com/v4/sports/americanfootball_nfl
2026,4,a73a76599a4f3422803e57bd8f61b626,2026-10-05T00:20:00Z,BetRivers,betrivers,2026-10-04T18:07:45Z,Carolina Panthers,Detroit Lions,Tommy Tremble,,,WR,player_reception_yds,Full Game,14.5,Over,-109,betrivers|Tommy Tremble|player_reception_yds|14.5,0.5215311,0.48692048,https://api.the-odds-api.com/v4/sports/americanfootball_nfl
2026,4,a73a76599a4f3422803e57bd8f61b626,2026-10-05T00:20:00Z,BetRivers,betrivers,2026-10-04T18:07:45Z,Carolina Panthers,Detroit Lions,Tommy Tremble,,,WR,player_reception_yds,Full Game,14.5,Under,-122,betrivers|Tommy Tremble|player_reception_yds|14.5,0.54954955,0.51307952,https://api.the-odds-api.com/v4/sports/americanfootball_nfl
2026,4,a73a76599a4f3422803e57bd8f61b626,2026-10-05T00:20:00Z,BetRivers,betrivers,2026-10-04T18:07:45Z,Carolina Panthers,Detroit Lions,Brock Wright,,,WR,player_reception_yds,Full Game,4.5,Over,-120,betrivers|Brock Wright|player_reception_yds|4.5,0.54545455,0.50798722,https://api.the-odds-api.com/v4/sports/americanfootball_nfl
2026,4,a73a76599a4f3422803e57bd8f61b626,2026-10-05T00:20:00Z,BetRivers,betrivers,2026-10-04T18:07:45Z,Carolina Panthers,Detroit Lions,Brock Wright,,,WR,player_reception_yds,Full Game,4.5,Under,-112,betrivers|Brock Wright|player_reception_yds|4.5,0.52830189,0.49201278,https://api.the-odds-api.com/v4/sports/americanfootball_nfl
2026,4,a73a76599a4f3422803e57bd8f61b626,2026-10-05T00:20:00Z,BetRivers,betrivers,2026-10-04T18:07:45Z,Carolina Panthers,Detroit Lions,Isaac TeSlaa,,,WR,player_reception_yds,Full Game,17.5,Over,-117,betrivers|Isaac TeSlaa|player_reception_yds|17.5,0.53917051,0.5030135,https://api.the-odds-api.com/v4/sports/americanfootball_nfl
2026,4,a73a76599a4f3422803e57bd8f61b626,2026-10-05T00:20:00Z,BetRivers,betrivers,2026-10-04T18:07:45Z,Carolina Panthers,Detroit Lions,Isaac TeSlaa,,,WR,player_reception_yds,Full Game,17.5,Under,-114,betrivers|Isaac TeSlaa|player_reception_yds|17.5,0.53271028,0.4969865,https://api.the-odds-api.com/v4/sports/americanfootball_nfl
2026,4,a73a76599a4f3422803e57bd8f61b626,2026-10-05T00:20:00Z,BetRivers,betrivers,2026-10-04T18:07:45Z,Carolina Panthers,Detroit Lions,Darren Waller,,,WR,player_reception_yds,Full Game,35.5,Over,-114,betrivers|Darren Waller|player_reception_yds|35.5,0.53271028,0.4969865,https://api.the-odds-api.com/v4/sports/americanfootball_nfl
2026,4,a73a76599a4f3422803e57bd8f61b626,2026-10-05T00:20:00Z,BetRivers,betrivers,2026-10-04T18:07:45Z,Carolina Panthers,Detroit Lions,Darren Waller,,,WR,player_reception_yds,Full Game,35.5,Under,-117,betrivers|Darren Waller|player_reception_yds|35.5,0.53917051,0.5030135,https://api.the-odds-api.com/v4/sports/americanfootball_nfl
2026,4,a73a76599a4f3422803e57bd8f61b626,2026-10-05T00:20:00Z,BetRivers,betrivers,2026-10-04T18:07:45Z,Carolina Panthers,Detroit Lions,Bryce Young,,,RB,player_rush_yds,Full Game,14.5,Over,-114,betrivers|Bryce Young|player_rush_yds|14.5,0.53271028,0.4969865,https://api.the-odds-api.com/v4/sports/americanfootball_nfl
2026,4,a73a76599a4f3422803e57bd8f61b626,2026-10-05T00:20:00Z,BetRivers,betrivers,2026-10-04T18:07:45Z,Carolina Panthers,Detroit Lions,Bryce Young,,,RB,player_rush_yds,Full Game,14.5,Under,-117,betrivers|Bryce Young|player_rush_yds|14.5,0.53917051,0.5030135,https://api.the-odds-api.com/v4/sports/americanfootball_nfl
2026,4,a73a76599a4f3422803e57bd8f61b626,2026-10-05T00:20:00Z,BetRivers,betrivers,2026-10-04T18:07:45Z,Carolina Panthers,Detroit Lions,AJ Dillon,,,RB,player_rush_yds,Full Game,11.5,Over,-121,betrivers|AJ Dillon|player_rush_yds|11.5,0.54751131,0.51106195,https://api.the-odds-api.com/v4/sports/americanfootball_nfl
2026,4,a73a76599a4f3422803e57bd8f61b626,2026-10-05T00:20:00Z,BetRivers,betrivers,2026-10-04T18:07:45Z,Carolina Panthers,Detroit Lions,AJ Dillon,,,RB,player_rush_yds,Full Game,11.5,Under,-110,betrivers|AJ Dillon|player_rush_yds|11.5,0.52380952,0.48893805,https://api.the-odds-api.com/v4/sports/americanfootball_nfl
2026,4,a73a76599a4f3422803e57bd8f61b626,2026-10-05T00:20:00Z,BetRivers,betrivers,2026-10-04T18:07:45Z,Carolina Panthers,Detroit Lions,Chuba Hubbard,,,RB,player_rush_yds,Full Game,69.5,Over,-114,betrivers|Chuba Hubbard|player_rush_yds|69.5,0.53271028,0.4969865,https://api.the-odds-api.com/v4/sports/americanfootball_nfl
2026,4,a73a76599a4f3422803e57bd8f61b626,2026-10-05T00:20:00Z,BetRivers,betrivers,2026-10-04T18:07:45Z,Carolina Panthers,Detroit Lions,Chuba Hubbard,,,RB,player_rush_yds,Full Game,69.5,Under,-117,betrivers|Chuba Hubbard|player_rush_yds|69.5,0.53917051,0.5030135,https://api.the-odds-api.com/v4/sports/americanfootball_nfl
2026,4,a73a76599a4f3422803e57bd8f61b626,2026-10-05T00:20:00Z,BetRivers,betrivers,2026-10-04T18:07:45Z,Carolina Panthers,Detroit Lions,Jahmyr Gibbs,,,RB,player_rush_yds,Full Game,96.5,Over,-114,betrivers|Jahmyr Gibbs|player_rush_yds|96.5,0.53271028,0.4969865,https://api.the-odds-api.com/v4/sports/americanfootball_nfl
2026,4,a73a76599a4f3422803e57bd8f61b626,2026-10-05T00:20:00Z,BetRivers,betrivers,2026-10-04T18:07:45Z,Carolina Panthers,Detroit Lions,Jahmyr Gibbs,,,RB,player_rush_yds,Full Game,96.5,Under,-117,betrivers|Jahmyr Gibbs|player_rush_yds|96.5,0.53917051,0.5030135,https://api.the-odds-api.com/v4/sports/americanfootball_nfl
2026,4,a73a76599a4f3422803e57bd8f61b626,2026-10-05T00:20:00Z,BetRivers,betrivers,2026-10-04T18:07:45Z,Carolina Panthers,Detroit Lions,Sione Vaki,,,RB,player_rush_yds,Full Game,10.5,Over,-117,betrivers|Sione Vaki|player_rush_yds|10.5,0.53917051,0.5030135,https://api.the-odds-api.com/v4/sports/americanfootball_nfl
2026,4,a73a76599a4f3422803e57bd8f61b626,2026-10-05T00:20:00Z,BetRivers,betrivers,2026-10-04T18:07:45Z,Carolina Panthers,Detroit Lions,Sione Vaki,,,RB,player_rush_yds,Full Game,10.5,Under,-114,betrivers|Sione Vaki|player_rush_yds|10.5,0.53271028,0.4969865,https://api.the-odds-api.com/v4/sports/americanfootball_nfl
2026,4,a73a76599a4f3422803e57bd8f61b626,2026-10-05T00:20:00Z,Bovada,bovada,2026-10-04T18:07:46Z,Carolina Panthers,Detroit Lions,Amon-Ra St. Brown,,,WR,player_reception_yds,Full Game,57.5,Over,-280,bovada|Amon-Ra St. Brown|player_reception_yds|57.5,0.73684211,0.69205835,https://api.the-odds-api.com/v4/sports/americanfootball_nfl
2026,4,a73a76599a4f3422803e57bd8f61b626,2026-10-05T00:20:00Z,Bovada,bovada,2026-10-04T18:07:46Z,Carolina Panthers,Detroit Lions,Amon-Ra St. Brown,,,WR,player_reception_yds,Full Game,57.5,Under,205,bovada|Amon-Ra St. Brown|player_reception_yds|57.5,0.32786885,0.30794165,https://api.the-odds-api.com/v4/sports/americanfootball_nfl
2026,4,a73a76599a4f3422803e57bd8f61b626,2026-10-05T00:20:00Z,Bovada,bovada,2026-10-04T18:07:46Z,Carolina Panthers,Detroit Lions,Amon-Ra St. Brown,,,WR,player_reception_yds,Full Game,67.5,Over,-170,bovada|Amon-Ra St. Brown|player_reception_yds|67.5,0.62962963,0.59152799,https://api.the-odds-api.com/v4/sports/americanfootball_nfl
2026,4,a73a76599a4f3422803e57bd8f61b626,2026-10-05T00:20:00Z,Bovada,bovada,2026-10-04T18:07:46Z,Carolina Panthers,Detroit Lions,Amon-Ra St. Brown,,,WR,player_reception_yds,Full Game,67.5,Under,130,bovada|Amon-Ra St. Brown|player_reception_yds|67.5,0.43478261,0.40847201,https://api.the-odds-api.com/v4/sports/americanfootball_nfl
2026,4,a73a76599a4f3422803e57bd8f61b626,2026-10-05T00:20:00Z,Bovada,bovada,2026-10-04T18:07:46Z,Carolina Panthers,Detroit Lions,Amon-Ra St. Brown,,,WR,player_reception_yds,Full Game,77.5,Over,-115,bovada|Amon-Ra St. Brown|player_reception_yds|77.5,0.53488372,0.5,https://api.the-odds-api.com/v4/sports/americanfootball_nfl
2026,4,a73a76599a4f3422803e57bd8f61b626,2026-10-05T00:20:00Z,Bovada,bovada,2026-10-04T18:07:46Z,Carolina Panthers,Detroit Lions,Amon-Ra St. Brown,,,WR,player_reception_yds,Full Game,77.5,Under,-115,bovada|Amon-Ra St. Brown|player_reception_yds|77.5,0.53488372,0.5,https://api.the-odds-api.com/v4/sports/americanfootball_nfl
2026,4,a73a76599a4f3422803e57bd8f61b626,2026-10-05T00:20:00Z,Bovada,bovada,2026-10-04T18:07:46Z,Carolina Panthers,Detroit Lions,Amon-Ra St. Brown,,,WR,player_reception_yds,Full Game,87.5,Over,130,bovada|Amon-Ra St. Brown|player_reception_yds|87.5,0.43478261,0.40847201,https://api.the-odds-api.com/v4/sports/americanfootball_nfl
2026,4,a73a76599a4f3422803e57bd8f61b626,2026-10-05T00:20:00Z,Bovada,bovada,2026-10-04T18:07:46Z,Carolina Panthers,Detroit Lions,Amon-Ra St. Brown,,,WR,player_reception_yds,Full Game,87.5,Under,-170,bovada|Amon-Ra St. Brown|player_reception_yds|87.5,0.62962963,0.59152799,https://api.the-odds-api.com/v4/sports/americanfootball_nfl
2026,4,a73a76599a4f3422803e57bd8f61b626,2026-10-05T00:20:00Z,Bovada,bovada,2026-10-04T18:07:46Z,Carolina Panthers,Detroit Lions,Amon-Ra St. Brown,,,WR,player_reception_yds,Full Game,97.5,Over,180,bovada|Amon-Ra St. Brown|player_reception_yds|97.5,0.35714286,0.33462658,https://api.the-odds-api.com/v4/sports/americanfootball_nfl
2026,4,a73a76599a4f3422803e57bd8f61b626,2026-10-05T00:20:00Z,Bovada,bovada,2026-10-04T18:07:46Z,Carolina Panthers,Detroit Lions,Amon-Ra St. Brown,,,WR,player_reception_yds,Full Game,97.5,Under,-245,bovada|Amon-Ra St. Brown|player_reception_yds|97.5,0.71014493,0.66537342,https://api.the-odds-api.com/v4/sports/americanfootball_nfl
2026,4,a73a76599a4f3422803e57bd8f61b626,2026-10-05T00:20:00Z,Bovada,bovada,2026-10-04T18:07:46Z,Carolina Panthers,Detroit Lions,Brock Wright,,,WR,player_reception_yds,Full Game,4.5,Over,-120,bovada|Brock Wright|player_reception_yds|4.5,0.54545455,0.51012146,https://api.the-odds-api.com/v4/sports/americanfootball_nfl
2026,4,a73a76599a4f3422803e57bd8f61b626,2026-10-05T00:20:00Z,Bovada,bovada,2026-10-04T18:07:46Z,Carolina Panthers,Detroit Lions,Brock Wright,,,WR,player_reception_yds,Full Game,4.5,Under,-110,bovada|Brock Wright|player_reception_yds|4.5,0.52380952,0.48987854,https://api.the-odds-api.com/v4/sports/americanfootball_nfl
2026,4,a73a76599a4f3422803e57bd8f61b626,2026-10-05T00:20:00Z,Bovada,bovada,2026-10-04T18:07:46Z,Carolina Panthers,Detroit Lions,Chuba Hubbard,,,WR,player_reception_yds,Full Game,20.5,Over,-115,bovada|Chuba Hubbard|player_reception_yds|20.5,0.53488372,0.5,https://api.the-odds-api.com/v4/sports/americanfootball_nfl
2026,4,a73a76599a4f3422803e57bd8f61b626,2026-10-05T00:20:00Z,Bovada,bovada,2026-10-04T18:07:46Z,Carolina Panthers,Detroit Lions,Chuba Hubbard,,,WR,player_reception_yds,Full Game,20.5,Under,-115,bovada|Chuba Hubbard|player_reception_yds|20.5,0.53488372,0.5,https://api.the-odds-api.com/v4/sports/americanfootball_nfl
2026,4,a73a76599a4f3422803e57bd8f61b626,2026-10-05T00:20:00Z,Bovada,bovada,2026-10-04T18:07:46Z,Carolina Panthers,Detroit Lions,Darren Waller,,,WR,player_reception_yds,Full Game,25.5,Over,-240,bovada|Darren Waller|player_reception_yds|25.5,0.70588235,0.66,https://api.the-odds-api.com/v4/sports/americanfootball_nfl
2026,4,a73a76599a4f3422803e57bd8f61b626,2026-10-05T00:20:00Z,Bovada,bovada,2026-10-04T18:07:46Z,Carolina Panthers,Detroit Lions,Darren Waller,,,WR,player_reception_yds,Full Game,25.5,Under,175,bovada|Darren Waller|player_reception_yds|25.5,0.36363636,0.34,https://api.the-odds-api.com/v4/sports/americanfootball_nfl
2026,4,a73a76599a4f3422803e57bd8f61b626,2026-10-05T00:20:00Z,Bovada,bovada,2026-10-04T18:07:46Z,Carolina Panthers,Detroit Lions,Darren Waller,,,WR,player_reception_yds,Full Game,30.5,Over,-165,bovada|Darren Waller|player_reception_yds|30.5,0.62264151,0.58349706,https://api.the-odds-api.com/v4/sports/americanfootball_nfl
2026,4,a73a76599a4f3422803e57bd8f61b626,2026-10-05T00:20:00Z,Bovada,bovada,2026-10-04T18:07:46Z,Carolina Panthers,Detroit Lions,Darren Waller,,,WR,player_reception_yds,Full Game,30.5,Under,125,bovada|Darren Waller|player_reception_yds|30.5,0.44444444,0.41650294,https://api.the-odds-api.com/v4/sports/americanfootball_nfl
2026,4,a73a76599a4f3422803e57bd8f61b626,2026-10-05T00:20:00Z,Bovada,bovada,2026-10-04T18:07:46Z,Carolina Panthers,Detroit Lions,Darren Waller,,,WR,player_reception_yds,Full Game,35.5,Over,-120,bovada|Darren Waller|player_reception_yds|35.5,0.54545455,0.51012146,https://api.the-odds-api.com/v4/sports/americanfootball_nfl
2026,4,a73a76599a4f3422803e57bd8f61b626,2026-10-05T00:20:00Z,Bovada,bovada,2026-10-04T18:07:46Z,Carolina Panthers,Detroit Lions,Darren Waller,,,WR,player_reception_yds,Full Game,35.5,Under,-110,bovada|Darren Waller|player_reception_yds|35.5,0.52380952,0.48987854,https://api.the-odds-api.com/v4/sports/americanfootball_nfl
2026,4,a73a76599a4f3422803e57bd8f61b626,2026-10-05T00:20:00Z,Bovada,bovada,2026-10-04T18:07:46Z,Carolina Panthers,Detroit Lions,Darren Waller,,,WR,player_reception_yds,Full Game,40.5,Over,110,bovada|Darren Waller|player_reception_yds|40.5,0.47619048,0.44585988,https://api.the-odds-api.com/v4/sports/americanfootball_nfl
2026,4,a73a76599a4f3422803e57bd8f61b626,2026-10-05T00:20:00Z,Bovada,bovada,2026-10-04T18:07:46Z,Carolina Panthers,Detroit Lions,Darren Waller,,,WR,player_reception_yds,Full Game,40.5,Under,-145,bovada|Darren Waller|player_reception_yds|40.5,0.59183673,0.55414012,https://api.the-odds-api.com/v4/sports/americanfootball_nfl
2026,4,a73a76599a4f3422803e57bd8f61b626,2026-10-05T00:20:00Z,Bovada,bovada,2026-10-04T18:07:46Z,Carolina Panthers,Detroit Lions,Darren Waller,,,WR,player_reception_yds,Full Game,45.5,Over,145,bovada|Darren Waller|player_reception_yds|45.5,0.40816327,0.38385176,https://api.the-odds-api.com/v4/sports/americanfootball_nfl
2026,4,a73a76599a4f3422803e57bd8f61b626,2026-10-05T00:20:00Z,Bovada,bovada,2026-10-04T18:07:46Z,Carolina Panthers,Detroit Lions,Darren Waller,,,WR,player_reception_yds,Full Game,45.5,Under,-190,bovada|Darren Waller|player_reception_yds|45.5,0.65517241,0.61614824,https://api.the-odds-api.com/v4/sports/americanfootball_nfl
2026,4,a73a76599a4f3422803e57bd8f61b626,2026-10-05T00:20:00Z,Bovada,bovada,2026-10-04T18:07:46Z,Carolina Panthers,Detroit Lions,Isaac TeSlaa,,,WR,player_reception_yds,Full Game,17.5,Over,-115,bovada|Isaac TeSlaa|player_reception_yds|17.5,0.53488372,0.5,https://api.the-odds-api.com/v4/sports/americanfootball_nfl
2026,4,a73a76599a4f3422803e57bd8f61b626,2026-10-05T00:20:00Z,Bovada,bovada,2026-10-04T18:07:46Z,Carolina Panthers,Detroit Lions,Isaac TeSlaa,,,WR,player_reception_yds,Full Game,17.5,Under,-115,bovada|Isaac TeSlaa|player_reception_yds|17.5,0.53488372,0.5,https://api.the-odds-api.com/v4/sports/americanfootball_nfl
2026,4,a73a76599a4f3422803e57bd8f61b626,2026-10-05T00:20:00Z,Bovada,bovada,2026-10-04T18:07:46Z,Carolina Panthers,Detroit Lions,Jahmyr Gibbs,,,WR,player_reception_yds,Full Game,27.5,Over,-230,bovada|Jahmyr Gibbs|player_reception_yds|27.5,0.6969697,0.65299685,https://api.the-odds-api.com/v4/sports/americanfootball_nfl
2026,4,a73a76599a4f3422803e57bd8f61b626,2026-10-05T00:20:00Z,Bovada,bovada,2026-10-04T18:07:46Z,Carolina Panthers,Detroit Lions,Jahmyr Gibbs,,,WR,player_reception_yds,Full Game,27.5,Under,170,bovada|Jahmyr Gibbs|player_reception_yds|27.5,0.37037037,0.34700315,https://api.the-odds-api.com/v4/sports/americanfootball_nfl
2026,4,a73a76599a4f3422803e57bd8f61b626,2026-10-05T00:20:00Z,Bovada,bovada,2026-10-04T18:07:46Z,Carolina Panthers,Detroit Lions,Jahmyr Gibbs,,,WR,player_reception_yds,Full Game,32.5,Over,-165,bovada|Jahmyr Gibbs|player_reception_yds|32.5,0.62264151,0.58349706,https://api.the-odds-api.com/v4/sports/americanfootball_nfl
2026,4,a73a76599a4f3422803e57bd8f61b626,2026-10-05T00:20:00Z,Bovada,bovada,2026-10-04T18:07:46Z,Carolina Panthers,Detroit Lions,Jahmyr Gibbs,,,WR,player_reception_yds,Full Game,32.5,Under,125,bovada|Jahmyr Gibbs|player_reception_yds|32.5,0.44444444,0.41650294,https://api.the-odds-api.com/v4/sports/americanfootball_nfl
2026,4,a73a76599a4f3422803e57bd8f61b626,2026-10-05T00:20:00Z,Bovada,bovada,2026-10-04T18:07:46Z,Carolina Panthers,Detroit Lions,Jahmyr Gibbs,,,WR,player_reception_yds,Full Game,37.5,Over,-120,bovada|Jahmyr Gibbs|player_reception_yds|37.5,0.54545455,0.51012146,https://api.the-odds-api.com/v4/sports/americanfootball_nfl
2026,4,a73a76599a4f3422803e57bd8f61b626,2026-10-05T00:20:00Z,Bovada,bovada,2026-10-04T18:07:46Z,Carolina Panthers,Detroit Lions,Jahmyr Gibbs,,,WR,player_reception_yds,Full Game,37.5,Under,-110,bovada|Jahmyr Gibbs|player_reception_yds|37.5,0.52380952,0.48987854,https://api.the-odds-api.com/v4/sports/americanfootball_nfl
2026,4,a73a76599a4f3422803e57bd8f61b626,2026-10-05T00:20:00Z,Bovada,bovada,2026-10-04T18:07:46Z,Carolina Panthers,Detroit Lions,Jahmyr Gibbs,,,WR,player_reception_yds,Full Game,42.5,Over,110,bovada|Jahmyr Gibbs|player_reception_yds|42.5,0.47619048,0.44585988,https://api.the-odds-api.com/v4/sports/americanfootball_nfl
2026,4,a73a76599a4f3422803e57bd8f61b626,2026-10-05T00:20:00Z,Bovada,bovada,2026-10-04T18:07:46Z,Carolina Panthers,Detroit Lions,Jahmyr Gibbs,,,WR,player_reception_yds,Full Game,42.5,Under,-145,bovada|Jahmyr Gibbs|player_reception_yds|42.5,0.59183673,0.55414012,https://api.the-odds-api.com/v4/sports/americanfootball_nfl
2026,4,a73a76599a4f3422803e57bd8f61b626,2026-10-05T00:20:00Z,Bovada,bovada,2026-10-04T18:07:46Z,Carolina Panthers,Detroit Lions,Jahmyr Gibbs,,,WR,player_reception_yds,Full Game,47.5,Over,140,bovada|Jahmyr Gibbs|player_reception_yds|47.5,0.41666667,0.3909465,https://api.the-odds-api.com/v4/sports/americanfootball_nfl
2026,4,a73a76599a4f3422803e57bd8f61b626,2026-10-05T00:20:00Z,Bovada,bovada,2026-10-04T18:07:46Z,Carolina Panthers,Detroit Lions,Jahmyr Gibbs,,,WR,player_reception_yds,Full Game,47.5,Under,-185,bovada|Jahmyr Gibbs|player_reception_yds|47.5,0.64912281,0.6090535,https://api.the-odds-api.com/v4/sports/americanfootball_nfl
2026,4,a73a76599a4f3422803e57bd8f61b626,2026-10-05T00:20:00Z,Bovada,bovada,2026-10-04T18:07:46Z,Carolina Panthers,Detroit Lions,Jameson Williams,,,WR,player_reception_yds,Full Game,40.5,Over,-200,bovada|Jameson Williams|player_reception_yds|40.5,0.66666667,0.625,https://api.the-odds-api.com/v4/sports/americanfootball_nfl
2026,4,a73a76599a4f3422803e57bd8f61b626,2026-10-05T00:20:00Z,Bovada,bovada,2026-10-04T18:07:46Z,Carolina Panthers,Detroit Lions,Jameson Williams,,,WR,player_reception_yds,Full Game,40.5,Under,150,bovada|Jameson Williams|player_reception_yds|40.5,0.4,0.375,https://api.the-odds-api.com/v4/sports/americanfootball_nfl
2026,4,a73a76599a4f3422803e57bd8f61b626,2026-10-05T00:20:00Z,Bovada,bovada,2026-10-04T18:07:46Z,Carolina Panthers,Detroit Lions,Jameson Williams,,,WR,player_reception_yds,Full Game,45.5,Over,-150,bovada|Jameson Williams|player_reception_yds|45.5,0.6,0.56331878,https://api.the-odds-api.com/v4/sports/americanfootball_nfl
2026,4,a73a76599a4f3422803e57bd8f61b626,2026-10-05T00:20:00Z,Bovada,bovada,2026-10-04T18:07:46Z,Carolina Panthers,Detroit Lions,Jameson Williams,,,WR,player_reception_yds,Full Game,45.5,Under,115,bovada|Jameson Williams|player_reception_yds|45.5,0.46511628,0.43668122,https://api.the-odds-api.com/v4/sports/americanfootball_nfl
2026,4,a73a76599a4f3422803e57bd8f61b626,2026-10-05T00:20:00Z,Bovada,bovada,2026-10-04T18:07:46Z,Carolina Panthers,Detroit Lions,Jameson Williams,,,WR,player_reception_yds,Full Game,50.5,Over,-115,bovada|Jameson Williams|player_reception_yds|50.5,0.53488372,0.5,https://api.the-odds-api.com/v4/sports/americanfootball_nfl
2026,4,a73a76599a4f3422803e57bd8f61b626,2026-10-05T00:20:00Z,Bovada,bovada,2026-10-04T18:07:46Z,Carolina Panthers,Detroit Lions,Jameson Williams,,,WR,player_reception_yds,Full Game,50.5,Under,-115,bovada|Jameson Williams|player_reception_yds|50.5,0.53488372,0.5,https://api.the-odds-api.com/v4/sports/americanfootball_nfl
2026,4,a73a76599a4f3422803e57bd8f61b626,2026-10-05T00:20:00Z,Bovada,bovada,2026-10-04T18:07:46Z,Carolina Panthers,Detroit Lions,Jameson Williams,,,WR,player_reception_yds,Full Game,55.5,Over,110,bovada|Jameson Williams|player_reception_yds|55.5,0.47619048,0.44585988,https://api.the-odds-api.com/v4/sports/americanfootball_nfl
2026,4,a73a76599a4f3422803e57bd8f61b626,2026-10-05T00:20:00Z,Bovada,bovada,2026-10-04T18:07:46Z,Carolina Panthers,Detroit Lions,Jameson Williams,,,WR,player_reception_yds,Full Game,55.5,Under,-145,bovada|Jameson Williams|player_reception_yds|55.5,0.59183673,0.55414012,https://api.the-odds-api.com/v4/sports/americanfootball_nfl
2026,4,a73a76599a4f3422803e57bd8f61b626,2026-10-05T00:20:00Z,Bovada,bovada,2026-10-04T18:07:46Z,Carolina Panthers,Detroit Lions,Jameson Williams,,,WR,player_reception_yds,Full Game,60.5,Over,140,bovada|Jameson Williams|player_reception_yds|60.5,0.41666667,0.3909465,https://api.the-odds-api.com/v4/sports/americanfootball_nfl
2026,4,a73a76599a4f3422803e57bd8f61b626,2026-10-05T00:20:00Z,Bovada,bovada,2026-10-04T18:07:46Z,Carolina Panthers,Detroit Lions,Jameson Williams,,,WR,player_reception_yds,Full Game,60.5,Under,-185,bovada|Jameson Williams|player_reception_yds|60.5,0.64912281,0.6090535,https://api.the-odds-api.com/v4/sports/americanfootball_nfl
2026,4,a73a76599a4f3422803e57bd8f61b626,2026-10-05T00:20:00Z,Bovada,bovada,2026-10-04T18:07:46Z,Carolina Panthers,Detroit Lions,Sam LaPorta,,,WR,player_reception_yds,Full Game,38.5,Over,-200,bovada|Sam LaPorta|player_reception_yds|38.5,0.66666667,0.625,https://api.the-odds-api.com/v4/sports/americanfootball_nfl
2026,4,a73a76599a4f3422803e57bd8f61b626,2026-10-05T00:20:00Z,Bovada,bovada,2026-10-04T18:07:46Z,Carolina Panthers,Detroit Lions,Sam LaPorta,,,WR,player_reception_yds,Full Game,38.5,Under,150,bovada|Sam LaPorta|player_reception_yds|38.5,0.4,0.375,https://api.the-odds-api.com/v4/sports/americanfootball_nfl
2026,4,a73a76599a4f3422803e57bd8f61b626,2026-10-05T00:20:00Z,Bovada,bovada,2026-10-04T18:07:46Z,Carolina Panthers,Detroit Lions,Sam LaPorta,,,WR,player_reception_yds,Full Game,43.5,Over,-150,bovada|Sam LaPorta|player_reception_yds|43.5,0.6,0.56331878,https://api.the-odds-api.com/v4/sports/americanfootball_nfl
2026,4,a73a76599a4f3422803e57bd8f61b626,2026-10-05T00:20:00Z,Bovada,bovada,2026-10-04T18:07:46Z,Carolina Panthers,Detroit Lions,Sam LaPorta,,,WR,player_reception_yds,Full Game,43.5,Under,115,bovada|Sam LaPorta|player_reception_yds|43.5,0.46511628,0.43668122,https://api.the-odds-api.com/v4/sports/americanfootball_nfl
2026,4,a73a76599a4f3422803e57bd8f61b626,2026-10-05T00:20:00Z,Bovada,bovada,2026-10-04T18:07:46Z,Carolina Panthers,Detroit Lions,Sam LaPorta,,,WR,player_reception_yds,Full Game,48.5,Over,-115,bovada|Sam LaPorta|player_reception_yds|48.5,0.53488372,0.5,https://api.the-odds-api.com/v4/sports/americanfootball_nfl
2026,4,a73a76599a4f3422803e57bd8f61b626,2026-10-05T00:20:00Z,Bovada,bovada,2026-10-04T18:07:46Z,Carolina Panthers,Detroit Lions,Sam LaPorta,,,WR,player_reception_yds,Full Game,48.5,Under,-115,bovada|Sam LaPorta|player_reception_yds|48.5,0.53488372,0.5,https://api.the-odds-api.com/v4/sports/americanfootball_nfl
2026,4,a73a76599a4f3422803e57bd8f61b626,2026-10-05T00:20:00Z,Bovada,bovada,2026-10-04T18:07:46Z,Carolina Panthers,Detroit Lions,Sam LaPorta,,,WR,player_reception_yds,Full Game,53.5,Over,110,bovada|Sam LaPorta|player_reception_yds|53.5,0.47619048,0.44585988,https://api.the-odds-api.com/v4/sports/americanfootball_nfl
2026,4,a73a76599a4f3422803e57bd8f61b626,2026-10-05T00:20:00Z,Bovada,bovada,2026-10-04T18:07:46Z,Carolina Panthers,Detroit Lions,Sam LaPorta,,,WR,player_reception_yds,Full Game,53.5,Under,-145,bovada|Sam LaPorta|player_reception_yds|53.5,0.59183673,0.55414012,https://api.the-odds-api.com/v4/sports/americanfootball_nfl
2026,4,a73a76599a4f3422803e57bd8f61b626,2026-10-05T00:20:00Z,Bovada,bovada,2026-10-04T18:07:46Z,Carolina Panthers,Detroit Lions,Sam LaPorta,,,WR,player_reception_yds,Full Game,58.5,Over,140,bovada|Sam LaPorta|player_reception_yds|58.5,0.41666667,0.3909465,https://api.the-odds-api.com/v4/sports/americanfootball_nfl
2026,4,a73a76599a4f3422803e57bd8f61b626,2026-10-05T00:20:00Z,Bovada,bovada,2026-10-04T18:07:46Z,Carolina Panthers,Detroit Lions,Sam LaPorta,,,WR,player_reception_yds,Full Game,58.5,Under,-185,bovada|Sam LaPorta|player_reception_yds|58.5,0.64912281,0.6090535,https://api.the-odds-api.com/v4/sports/americanfootball_nfl
2026,4,a73a76599a4f3422803e57bd8f61b626,2026-10-05T00:20:00Z,Bovada,bovada,2026-10-04T18:07:46Z,Carolina Panthers,Detroit Lions,Tetairoa McMillan,,,WR,player_reception_yds,Full Game,63.5,Over,-185,bovada|Tetairoa McMillan|player_reception_yds|63.5,0.64912281,0.6090535,https://api.the-odds-api.com/v4/sports/americanfootball_nfl
2026,4,a73a76599a4f3422803e57bd8f61b626,2026-10-05T00:20:00Z,Bovada,bovada,2026-10-04T18:07:46Z,Carolina Panthers,Detroit Lions,Tetairoa McMillan,,,WR,player_reception_yds,Full Game,63.5,Under,140,bovada|Tetairoa McMillan|player_reception_yds|63.5,0.41666667,0.3909465,https://api.the-odds-api.com/v4/sports/americanfootball_nfl
2026,4,a73a76599a4f3422803e57bd8f61b626,2026-10-05T00:20:00Z,Bovada,bovada,2026-10-04T18:07:46Z,Carolina Panthers,Detroit Lions,Tetairoa McMillan,,,WR,player_reception_yds,Full Game,68.5,Over,-145,bovada|Tetairoa McMillan|player_reception_yds|68.5,0.59183673,0.55414012,https://api.the-odds-api.com/v4/sports/americanfootball_nfl
2026,4,a73a76599a4f3422803e57bd8f61b626,2026-10-05T00:20:00Z,Bovada,bovada,2026-10-04T18:07:46Z,Carolina Panthers,Detroit Lions,Tetairoa McMillan,,,WR,player_reception_yds,Full Game,68.5,Under,110,bovada|Tetairoa McMillan|player_reception_yds|68.5,0.47619048,0.44585988,https://api.the-odds-api.com/v4/sports/americanfootball_nfl
2026,4,a73a76599a4f3422803e57bd8f61b626,2026-10-05T00:20:00Z,Bovada,bovada,2026-10-04T18:07:46Z,Carolina Panthers,Detroit Lions,Tetairoa McMillan,,,WR,player_reception_yds,Full Game,73.5,Over,-120,bovada|Tetairoa McMillan|player_reception_yds|73.5,0.54545455,0.51012146,https://api.the-odds-api.com/v4/sports/americanfootball_nfl
2026,4,a73a76599a4f3422803e57bd8f61b626,2026-10-05T00:20:00Z,Bovada,bovada,2026-10-04T18:07:46Z,Carolina Panthers,Detroit Lions,Tetairoa McMillan,,,WR,player_reception_yds,Full Game,73.5,Under,-110,bovada|Tetairoa McMillan|player_reception_yds|73.5,0.52380952,0.48987854,https://api.the-odds-api.com/v4/sports/americanfootball_nfl
2026,4,a73a76599a4f3422803e57bd8f61b626,2026-10-05T00:20:00Z,Bovada,bovada,2026-10-04T18:07:46Z,Carolina Panthers,Detroit Lions,Tetairoa McMillan,,,WR,player_reception_yds,Full Game,78.5,Over,105,bovada|Tetairoa McMillan|player_reception_yds|78.5,0.48780488,0.4592086,https://api.the-odds-api.com/v4/sports/americanfootball_nfl
2026,4,a73a76599a4f3422803e57bd8f61b626,2026-10-05T00:20:00Z,Bovada,bovada,2026-10-04T18:07:46Z,Carolina Panthers,Detroit Lions,Tetairoa McMillan,,,WR,player_reception_yds,Full Game,78.5,Under,-135,bovada|Tetairoa McMillan|player_reception_yds|78.5,0.57446809,0.5407914,https://api.the-odds-api.com/v4/sports/americanfootball_nfl
2026,4,a73a76599a4f3422803e57bd8f61b626,2026-10-05T00:20:00Z,Bovada,bovada,2026-10-04T18:07:46Z,Carolina Panthers,Detroit Lions,Tetairoa McMillan,,,WR,player_reception_yds,Full Game,83.5,Over,125,bovada|Tetairoa McMillan|player_reception_yds|83.5,0.44444444,0.41650294,https://api.the-odds-api.com/v4/sports/americanfootball_nfl
2026,4,a73a76599a4f3422803e57bd8f61b626,2026-10-05T00:20:00Z,Bovada,bovada,2026-10-04T18:07:46Z,Carolina Panthers,Detroit Lions,Tetairoa McMillan,,,WR,player_reception_yds,Full Game,83.5,Under,-165,bovada|Tetairoa McMillan|player_reception_yds|83.5,0.62264151,0.58349706,https://api.the-odds-api.com/v4/sports/americanfootball_nfl
2026,4,a73a76599a4f3422803e57bd8f61b626,2026-10-05T00:20:00Z,Bovada,bovada,2026-10-04T18:07:46Z,Carolina Panthers,Detroit Lions,Tommy Tremble,,,WR,player_reception_yds,Full Game,12.5,Over,-110,bovada|Tommy Tremble|player_reception_yds|12.5,0.52380952,0.48987854,https://api.the-odds-api.com/v4/sports/americanfootball_nfl
2026,4,a73a76599a4f3422803e57bd8f61b626,2026-10-05T00:20:00Z,Bovada,bovada,2026-10-04T18:07:46Z,Carolina Panthers,Detroit Lions,Tommy Tremble,,,WR,player_reception_yds,Full Game,12.5,Under,-120,bovada|Tommy Tremble|player_reception_yds|12.5,0.54545455,0.51012146,https://api.the-odds-api.com/v4/sports/americanfootball_nfl
2026,4,a73a76599a4f3422803e57bd8f61b626,2026-10-05T00:20:00Z,Bovada,bovada,2026-10-04T18:07:46Z,Carolina Panthers,Detroit Lions,AJ Dillon,,,RB,player_rush_yds,Full Game,12.5,Over,-115,bovada|AJ Dillon|player_rush_yds|12.5,0.53488372,0.5,https://api.the-odds-api.com/v4/sports/americanfootball_nfl
2026,4,a73a76599a4f3422803e57bd8f61b626,2026-10-05T00:20:00Z,Bovada,bovada,2026-10-04T18:07:46Z,Carolina Panthers,Detroit Lions,AJ Dillon,,,RB,player_rush_yds,Full Game,12.5,Under,-115,bovada|AJ Dillon|player_rush_yds|12.5,0.53488372,0.5,https://api.the-odds-api.com/v4/sports/americanfootball_nfl
2026,4,a73a76599a4f3422803e57bd8f61b626,2026-10-05T00:20:00Z,Bovada,bovada,2026-10-04T18:07:46Z,Carolina Panthers,Detroit Lions,Bryce Young,,,RB,player_rush_yds,Full Game,12.5,Over,-110,bovada|Bryce Young|player_rush_yds|12.5,0.52380952,0.48987854,https://api.the-odds-api.com/v4/sports/americanfootball_nfl
2026,4,a73a76599a4f3422803e57bd8f61b626,2026-10-05T00:20:00Z,Bovada,bovada,2026-10-04T18:07:46Z,Carolina Panthers,Detroit Lions,Bryce Young,,,RB,player_rush_yds,Full Game,12.5,Under,-120,bovada|Bryce Young|player_rush_yds|12.5,0.54545455,0.51012146,https://api.the-odds-api.com/v4/sports/americanfootball_nfl
2026,4,a73a76599a4f3422803e57bd8f61b626,2026-10-05T00:20:00Z,Bovada,bovada,2026-10-04T18:07:46Z,Carolina Panthers,Detroit Lions,Chuba Hubbard,,,RB,player_rush_yds,Full Game,46.5,Over,-380,bovada|Chuba Hubbard|player_rush_yds|46.5,0.79166667,0.74290306,https://api.the-odds-api.com/v4/sports/americanfootball_nfl
2026,4,a73a76599a4f3422803e57bd8f61b626,2026-10-05T00:20:00Z,Bovada,bovada,2026-10-04T18:07:46Z,Carolina Panthers,Detroit Lions,Chuba Hubbard,,,RB,player_rush_yds,Full Game,46.5,Under,265,bovada|Chuba Hubbard|player_rush_yds|46.5,0.2739726,0.25709694,https://api.the-odds-api.com/v4/sports/americanfootball_nfl
2026,4,a73a76599a4f3422803e57bd8f61b626,2026-10-05T00:20:00Z,Bovada,bovada,2026-10-04T18:07:46Z,Carolina Panthers,Detroit Lions,Chuba Hubbard,,,RB,player_rush_yds,Full Game,56.5,Over,-190,bovada|Chuba Hubbard|player_rush_yds|56.5,0.65517241,0.61614824,https://api.the-odds-api.com/v4/sports/americanfootball_nfl
2026,4,a73a76599a4f3422803e57bd8f61b626,2026-10-05T00:20:00Z,Bovada,bovada,2026-10-04T18:07:46Z,Carolina Panthers,Detroit Lions,Chuba Hubbard,,,RB,player_rush_yds,Full Game,56.5,Under,145,bovada|Chuba Hubbard|player_rush_yds|56.5,0.40816327,0.38385176,https://api.the-odds-api.com/v4/sports/americanfootball_nfl
2026,4,a73a76599a4f3422803e57bd8f61b626,2026-10-05T00:20:00Z,Bovada,bovada,2026-10-04T18:07:46Z,Carolina Panthers,Detroit Lions,Chuba Hubbard,,,RB,player_rush_yds,Full Game,66.5,Over,-110,bovada|Chuba Hubbard|player_rush_yds|66.5,0.52380952,0.48987854,https://api.the-odds-api.com/v4/sports/americanfootball_nfl
2026,4,a73a76599a4f3422803e57bd8f61b626,2026-10-05T00:20:00Z,Bovada,bovada,2026-10-04T18:07:46Z,Carolina Panthers,Detroit Lions,Chuba Hubbard,,,RB,player_rush_yds,Full Game,66.5,Under,-120,bovada|Chuba Hubbard|player_rush_yds|66.5,0.54545455,0.51012146,https://api.the-odds-api.com/v4/sports/americanfootball_nfl
2026,4,a73a76599a4f3422803e57bd8f61b626,2026-10-05T00:20:00Z,Bovada,bovada,2026-10-04T18:07:46Z,Carolina Panthers,Detroit Lions,Chuba Hubbard,,,RB,player_rush_yds,Full Game,76.5,Over,150,bovada|Chuba Hubbard|player_rush_yds|76.5,0.4,0.375,https://api.the-odds-api.com/v4/sports/americanfootball_nfl
2026,4,a73a76599a4f3422803e57bd8f61b626,2026-10-05T00:20:00Z,Bovada,bovada,2026-10-04T18:07:46Z,Carolina Panthers,Detroit Lions,Chuba Hubbard,,,RB,player_rush_yds,Full Game,76.5,Under,-200,bovada|Chuba Hubbard|player_rush_yds|76.5,0.66666667,0.625,https://api.the-odds-api.com/v4/sports/americanfootball_nfl
2026,4,a73a76599a4f3422803e57bd8f61b626,2026-10-05T00:20:00Z,Bovada,bovada,2026-10-04T18:07:46Z,Carolina Panthers,Detroit Lions,Chuba Hubbard,,,RB,player_rush_yds,Full Game,86.5,Over,235,bovada|Chuba Hubbard|player_rush_yds|86.5,0.29850746,0.28003907,https://api.the-odds-api.com/v4/sports/americanfootball_nfl
2026,4,a73a76599a4f3422803e57bd8f61b626,2026-10-05T00:20:00Z,Bovada,bovada,2026-10-04T18:07:46Z,Carolina Panthers,Detroit Lions,Chuba Hubbard,,,RB,player_rush_yds,Full Game,86.5,Under,-330,bovada|Chuba Hubbard|player_rush_yds|86.5,0.76744186,0.71996093,https://api.the-odds-api.com/v4/sports/americanfootball_nfl
2026,4,a73a76599a4f3422803e57bd8f61b626,2026-10-05T00:20:00Z,Bovada,bovada,2026-10-04T18:07:46Z,Carolina Panthers,Detroit Lions,Jahmyr Gibbs,,,RB,player_rush_yds,Full Game,75.5,Over,-300,bovada|Jahmyr Gibbs|player_rush_yds|75.5,0.75,0.70588235,https://api.the-odds-api.com/v4/sports/americanfootball_nfl
2026,4,a73a76599a4f3422803e57bd8f61b626,2026-10-05T00:20:00Z,Bovada,bovada,2026-10-04T18:07:46Z,Carolina Panthers,Detroit Lions,Jahmyr Gibbs,,,RB,player_rush_yds,Full Game,75.5,Under,220,bovada|Jahmyr Gibbs|player_rush_yds|75.5,0.3125,0.29411765,https://api.the-odds-api.com/v4/sports/americanfootball_nfl
2026,4,a73a76599a4f3422803e57bd8f61b626,2026-10-05T00:20:00Z,Bovada,bovada,2026-10-04T18:07:46Z,Carolina Panthers,Detroit Lions,Jahmyr Gibbs,,,RB,player_rush_yds,Full Game,85.5,Over,-180,bovada|Jahmyr Gibbs|player_rush_yds|85.5,0.64285714,0.60170697,https://api.the-odds-api.com/v4/sports/americanfootball_nfl
2026,4,a73a76599a4f3422803e57bd8f61b626,2026-10-05T00:20:00Z,Bovada,bovada,2026-10-04T18:07:46Z,Carolina Panthers,Detroit Lions,Jahmyr Gibbs,,,RB,player_rush_yds,Full Game,85.5,Under,135,bovada|Jahmyr Gibbs|player_rush_yds|85.5,0.42553191,0.39829303,https://api.the-odds-api.com/v4/sports/americanfootball_nfl
2026,4,a73a76599a4f3422803e57bd8f61b626,2026-10-05T00:20:00Z,Bovada,bovada,2026-10-04T18:07:46Z,Carolina Panthers,Detroit Lions,Jahmyr Gibbs,,,RB,player_rush_yds,Full Game,95.5,Over,-115,bovada|Jahmyr Gibbs|player_rush_yds|95.5,0.53488372,0.5,https://api.the-odds-api.com/v4/sports/americanfootball_nfl
2026,4,a73a76599a4f3422803e57bd8f61b626,2026-10-05T00:20:00Z,Bovada,bovada,2026-10-04T18:07:46Z,Carolina Panthers,Detroit Lions,Jahmyr Gibbs,,,RB,player_rush_yds,Full Game,95.5,Under,-115,bovada|Jahmyr Gibbs|player_rush_yds|95.5,0.53488372,0.5,https://api.the-odds-api.com/v4/sports/americanfootball_nfl
2026,4,a73a76599a4f3422803e57bd8f61b626,2026-10-05T00:20:00Z,Bovada,bovada,2026-10-04T18:07:46Z,Carolina Panthers,Detroit Lions,Jahmyr Gibbs,,,RB,player_rush_yds,Full Game,105.5,Over,130,bovada|Jahmyr Gibbs|player_rush_yds|105.5,0.43478261,0.40847201,https://api.the-odds-api.com/v4/sports/americanfootball_nfl
2026,4,a73a76599a4f3422803e57bd8f61b626,2026-10-05T00:20:00Z,Bovada,bovada,2026-10-04T18:07:46Z,Carolina Panthers,Detroit Lions,Jahmyr Gibbs,,,RB,player_rush_yds,Full Game,105.5,Under,-170,bovada|Jahmyr Gibbs|player_rush_yds|105.5,0.62962963,0.59152799,https://api.the-odds-api.com/v4/sports/americanfootball_nfl
2026,4,a73a76599a4f3422803e57bd8f61b626,2026-10-05T00:20:00Z,Bovada,bovada,2026-10-04T18:07:46Z,Carolina Panthers,Detroit Lions,Jahmyr Gibbs,,,RB,player_rush_yds,Full Game,115.5,Over,190,bovada|Jahmyr Gibbs|player_rush_yds|115.5,0.34482759,0.32315979,https://api.the-odds-api.com/v4/sports/americanfootball_nfl
2026,4,a73a76599a4f3422803e57bd8f61b626,2026-10-05T00:20:00Z,Bovada,bovada,2026-10-04T18:07:46Z,Carolina Panthers,Detroit Lions,Jahmyr Gibbs,,,RB,player_rush_yds,Full Game,115.5,Under,-260,bovada|Jahmyr Gibbs|player_rush_yds|115.5,0.72222222,0.67684021,https://api.the-odds-api.com/v4/sports/americanfootball_nfl
2026,4,a73a76599a4f3422803e57bd8f61b626,2026-10-05T00:20:00Z,Bovada,bovada,2026-10-04T18:07:46Z,Carolina Panthers,Detroit Lions,Jared Goff,,,RB,player_rush_yds,Full Game,0.5,Over,-125,bovada|Jared Goff|player_rush_yds|0.5,0.55555556,0.52030457,https://api.the-odds-api.com/v4/sports/americanfootball_nfl
2026,4,a73a76599a4f3422803e57bd8f61b626,2026-10-05T00:20:00Z,Bovada,bovada,2026-10-04T18:07:46Z,Carolina Panthers,Detroit Lions,Jared Goff,,,RB,player_rush_yds,Full Game,0.5,Under,-105,bovada|Jared Goff|player_rush_yds|0.5,0.51219512,0.47969543,https://api.the-odds-api.com/v4/sports/americanfootball_nfl
2026,4,a73a76599a4f3422803e57bd8f61b626,2026-10-05T00:20:00Z,Bovada,bovada,2026-10-04T18:07:46Z,Carolina Panthers,Detroit Lions,Sione Vaki,,,RB,player_rush_yds,Full Game,11.5,Over,-120,bovada|Sione Vaki|player_rush_yds|11.5,0.54545455,0.51012146,https://api.the-odds-api.com/v4/sports/americanfootball_nfl
2026,4,a73a76599a4f3422803e57bd8f61b626,2026-10-05T00:20:00Z,Bovada,bovada,2026-10-04T18:07:46Z,Carolina Panthers,Detroit Lions,Sione Vaki,,,RB,player_rush_yds,Full Game,11.5,Under,-110,bovada|Sione Vaki|player_rush_yds|11.5,0.52380952,0.48987854,https://api.the-odds-api.com/v4/sports/americanfootball_nfl
2026,4,a73a76599a4f3422803e57bd8f61b626,2026-10-05T00:20:00Z,BetMGM,betmgm,2026-10-04T18:07:05Z,Carolina Panthers,Detroit Lions,Jahmyr Gibbs,,,WR,player_reception_yds,Full Game,37.5,Over,-111,betmgm|Jahmyr Gibbs|player_reception_yds|37.5,0.52606635,0.49287111,https://api.the-odds-api.com/v4/sports/americanfootball_nfl
2026,4,a73a76599a4f3422803e57bd8f61b626,2026-10-05T00:20:00Z,BetMGM,betmgm,2026-10-04T18:07:05Z,Carolina Panthers,Detroit Lions,Jahmyr Gibbs,,,WR,player_reception_yds,Full Game,37.5,Under,-118,betmgm|Jahmyr Gibbs|player_reception_yds|37.5,0.5412844,0.50712889,https://api.the-odds-api.com/v4/sports/americanfootball_nfl
2026,4,a73a76599a4f3422803e57bd8f61b626,2026-10-05T00:20:00Z,BetMGM,betmgm,2026-10-04T18:07:05Z,Carolina Panthers,Detroit Lions,Isaac TeSlaa,,,WR,player_reception_yds,Full Game,17.5,Over,-111,betmgm|Isaac TeSlaa|player_reception_yds|17.5,0.52606635,0.49287111,https://api.the-odds-api.com/v4/sports/americanfootball_nfl
2026,4,a73a76599a4f3422803e57bd8f61b626,2026-10-05T00:20:00Z,BetMGM,betmgm,2026-10-04T18:07:05Z,Carolina Panthers,Detroit Lions,Isaac TeSlaa,,,WR,player_reception_yds,Full Game,17.5,Under,-118,betmgm|Isaac TeSlaa|player_reception_yds|17.5,0.5412844,0.50712889,https://api.the-odds-api.com/v4/sports/americanfootball_nfl
2026,4,a73a76599a4f3422803e57bd8f61b626,2026-10-05T00:20:00Z,BetMGM,betmgm,2026-10-04T18:07:05Z,Carolina Panthers,Detroit Lions,Jameson Williams,,,WR,player_reception_yds,Full Game,49.5,Over,-111,betmgm|Jameson Williams|player_reception_yds|49.5,0.52606635,0.49287111,https://api.the-odds-api.com/v4/sports/americanfootball_nfl
2026,4,a73a76599a4f3422803e57bd8f61b626,2026-10-05T00:20:00Z,BetMGM,betmgm,2026-10-04T18:07:05Z,Carolina Panthers,Detroit Lions,Jameson Williams,,,WR,player_reception_yds,Full Game,49.5,Under,-118,betmgm|Jameson Williams|player_reception_yds|49.5,0.5412844,0.50712889,https://api.the-odds-api.com/v4/sports/americanfootball_nfl
2026,4,a73a76599a4f3422803e57bd8f61b626,2026-10-05T00:20:00Z,BetMGM,betmgm,2026-10-04T18:07:05Z,Carolina Panthers,Detroit Lions,Amon-Ra St. Brown,,,WR,player_reception_yds,Full Game,77.5,Over,-115,betmgm|Amon-Ra St. Brown|player_reception_yds|77.5,0.53488372,0.5,https://api.the-odds-api.com/v4/sports/americanfootball_nfl
2026,4,a73a76599a4f3422803e57bd8f61b626,2026-10-05T00:20:00Z,BetMGM,betmgm,2026-10-04T18:07:05Z,Carolina Panthers,Detroit Lions,Amon-Ra St. Brown,,,WR,player_reception_yds,Full Game,77.5,Under,-115,betmgm|Amon-Ra St. Brown|player_reception_yds|77.5,0.53488372,0.5,https://api.the-odds-api.com/v4/sports/americanfootball_nfl
2026,4,a73a76599a4f3422803e57bd8f61b626,2026-10-05T00:20:00Z,BetMGM,betmgm,2026-10-04T18:07:05Z,Carolina Panthers,Detroit Lions,Tommy Tremble,,,WR,player_reception_yds,Full Game,13.5,Over,-120,betmgm|Tommy Tremble|player_reception_yds|13.5,0.54545455,0.51012146,https://api.the-odds-api.com/v4/sports/americanfootball_nfl
2026,4,a73a76599a4f3422803e57bd8f61b626,2026-10-05T00:20:00Z,BetMGM,betmgm,2026-10-04T18:07:05Z,Carolina Panthers,Detroit Lions,Tommy Tremble,,,WR,player_reception_yds,Full Game,13.5,Under,-110,betmgm|Tommy Tremble|player_reception_yds|13.5,0.52380952,0.48987854,https://api.the-odds-api.com/v4/sports/americanfootball_nfl
2026,4,a73a76599a4f3422803e57bd8f61b626,2026-10-05T00:20:00Z,BetMGM,betmgm,2026-10-04T18:07:05Z,Carolina Panthers,Detroit Lions,Tetairoa McMillan,,,WR,player_reception_yds,Full Game,72.5,Over,-115,betmgm|Tetairoa McMillan|player_reception_yds|72.5,0.53488372,0.5,https://api.the-odds-api.com/v4/sports/americanfootball_nfl
2026,4,a73a76599a4f3422803e57bd8f61b626,2026-10-05T00:20:00Z,BetMGM,betmgm,2026-10-04T18:07:05Z,Carolina Panthers,Detroit Lions,Tetairoa McMillan,,,WR,player_reception_yds,Full Game,72.5,Under,-115,betmgm|Tetairoa McMillan|player_reception_yds|72.5,0.53488372,0.5,https://api.the-odds-api.com/v4/sports/americanfootball_nfl
2026,4,a73a76599a4f3422803e57bd8f61b626,2026-10-05T00:20:00Z,BetMGM,betmgm,2026-10-04T18:07:05Z,Carolina Panthers,Detroit Lions,Chuba Hubbard,,,WR,player_reception_yds,Full Game,18.5,Over,-120,betmgm|Chuba Hubbard|player_reception_yds|18.5,0.54545455,0.50904705,https://api.the-odds-api.com/v4/sports/americanfootball_nfl
2026,4,a73a76599a4f3422803e57bd8f61b626,2026-10-05T00:20:00Z,BetMGM,betmgm,2026-10-04T18:07:05Z,Carolina Panthers,Detroit Lions,Chuba Hubbard,,,WR,player_reception_yds,Full Game,18.5,Under,-111,betmgm|Chuba Hubbard|player_reception_yds|18.5,0.52606635,0.49095295,https://api.the-odds-api.com/v4/sports/americanfootball_nfl
2026,4,a73a76599a4f3422803e57bd8f61b626,2026-10-05T00:20:00Z,BetMGM,betmgm,2026-10-04T18:07:05Z,Carolina Panthers,Detroit Lions,Sam LaPorta,,,WR,player_reception_yds,Full Game,44.5,Over,-115,betmgm|Sam LaPorta|player_reception_yds|44.5,0.53488372,0.5,https://api.the-odds-api.com/v4/sports/americanfootball_nfl
2026,4,a73a76599a4f3422803e57bd8f61b626,2026-10-05T00:20:00Z,BetMGM,betmgm,2026-10-04T18:07:05Z,Carolina Panthers,Detroit Lions,Sam LaPorta,,,WR,player_reception_yds,Full Game,44.5,Under,-115,betmgm|Sam LaPorta|player_reception_yds|44.5,0.53488372,0.5,https://api.the-odds-api.com/v4/sports/americanfootball_nfl
2026,4,a73a76599a4f3422803e57bd8f61b626,2026-10-05T00:20:00Z,BetMGM,betmgm,2026-10-04T18:07:05Z,Carolina Panthers,Detroit Lions,Brock Wright,,,WR,player_reception_yds,Full Game,2.5,Over,-115,betmgm|Brock Wright|player_reception_yds|2.5,0.53488372,0.5,https://api.the-odds-api.com/v4/sports/americanfootball_nfl
2026,4,a73a76599a4f3422803e57bd8f61b626,2026-10-05T00:20:00Z,BetMGM,betmgm,2026-10-04T18:07:05Z,Carolina Panthers,Detroit Lions,Brock Wright,,,WR,player_reception_yds,Full Game,2.5,Under,-115,betmgm|Brock Wright|player_reception_yds|2.5,0.53488372,0.5,https://api.the-odds-api.com/v4/sports/americanfootball_nfl
2026,4,a73a76599a4f3422803e57bd8f61b626,2026-10-05T00:20:00Z,BetMGM,betmgm,2026-10-04T18:07:05Z,Carolina Panthers,Detroit Lions,Brycen Tremayne,,,WR,player_reception_yds,Full Game,30.5,Over,-120,betmgm|Brycen Tremayne|player_reception_yds|30.5,0.54545455,0.50904705,https://api.the-odds-api.com/v4/sports/americanfootball_nfl
2026,4,a73a76599a4f3422803e57bd8f61b626,2026-10-05T00:20:00Z,BetMGM,betmgm,2026-10-04T18:07:05Z,Carolina Panthers,Detroit Lions,Brycen Tremayne,,,WR,player_reception_yds,Full Game,30.5,Under,-111,betmgm|Brycen Tremayne|player_reception_yds|30.5,0.52606635,0.49095295,https://api.the-odds-api.com/v4/sports/americanfootball_nfl
2026,4,a73a76599a4f3422803e57bd8f61b626,2026-10-05T00:20:00Z,BetMGM,betmgm,2026-10-04T18:07:05Z,Carolina Panthers,Detroit Lions,Darren Waller,,,WR,player_reception_yds,Full Game,34.5,Over,-115,betmgm|Darren Waller|player_reception_yds|34.5,0.53488372,0.5,https://api.the-odds-api.com/v4/sports/americanfootball_nfl
2026,4,a73a76599a4f3422803e57bd8f61b626,2026-10-05T00:20:00Z,BetMGM,betmgm,2026-10-04T18:07:05Z,Carolina Panthers,Detroit Lions,Darren Waller,,,WR,player_reception_yds,Full Game,34.5,Under,-115,betmgm|Darren Waller|player_reception_yds|34.5,0.53488372,0.5,https://api.the-odds-api.com/v4/sports/americanfootball_nfl
2026,4,a73a76599a4f3422803e57bd8f61b626,2026-10-05T00:20:00Z,BetMGM,betmgm,2026-10-04T18:07:05Z,Carolina Panthers,Detroit Lions,Bryce Young,,,RB,player_rush_yds,Full Game,11.5,Over,-120,betmgm|Bryce Young|player_rush_yds|11.5,0.54545455,0.50904705,https://api.the-odds-api.com/v4/sports/americanfootball_nfl
2026,4,a73a76599a4f3422803e57bd8f61b626,2026-10-05T00:20:00Z,BetMGM,betmgm,2026-10-04T18:07:05Z,Carolina Panthers,Detroit Lions,Bryce Young,,,RB,player_rush_yds,Full Game,11.5,Under,-111,betmgm|Bryce Young|player_rush_yds|11.5,0.52606635,0.49095295,https://api.the-odds-api.com/v4/sports/americanfootball_nfl
2026,4,a73a76599a4f3422803e57bd8f61b626,2026-10-05T00:20:00Z,BetMGM,betmgm,2026-10-04T18:07:05Z,Carolina Panthers,Detroit Lions,Chuba Hubbard,,,RB,player_rush_yds,Full Game,65.5,Over,-120,betmgm|Chuba Hubbard|player_rush_yds|65.5,0.54545455,0.51012146,https://api.the-odds-api.com/v4/sports/americanfootball_nfl
2026,4,a73a76599a4f3422803e57bd8f61b626,2026-10-05T00:20:00Z,BetMGM,betmgm,2026-10-04T18:07:05Z,Carolina Panthers,Detroit Lions,Chuba Hubbard,,,RB,player_rush_yds,Full Game,65.5,Under,-110,betmgm|Chuba Hubbard|player_rush_yds|65.5,0.52380952,0.48987854,https://api.the-odds-api.com/v4/sports/americanfootball_nfl
2026,4,a73a76599a4f3422803e57bd8f61b626,2026-10-05T00:20:00Z,BetMGM,betmgm,2026-10-04T18:07:05Z,Carolina Panthers,Detroit Lions,AJ Dillon,,,RB,player_rush_yds,Full Game,12.5,Over,-115,betmgm|AJ Dillon|player_rush_yds|12.5,0.53488372,0.5,https://api.the-odds-api.com/v4/sports/americanfootball_nfl
2026,4,a73a76599a4f3422803e57bd8f61b626,2026-10-05T00:20:00Z,BetMGM,betmgm,2026-10-04T18:07:05Z,Carolina Panthers,Detroit Lions,AJ Dillon,,,RB,player_rush_yds,Full Game,12.5,Under,-115,betmgm|AJ Dillon|player_rush_yds|12.5,0.53488372,0.5,https://api.the-odds-api.com/v4/sports/americanfootball_nfl
2026,4,a73a76599a4f3422803e57bd8f61b626,2026-10-05T00:20:00Z,BetMGM,betmgm,2026-10-04T18:07:05Z,Carolina Panthers,Detroit Lions,Jahmyr Gibbs,,,RB,player_rush_yds,Full Game,96.5,Over,-115,betmgm|Jahmyr Gibbs|player_rush_yds|96.5,0.53488372,0.5,https://api.the-odds-api.com/v4/sports/americanfootball_nfl
2026,4,a73a76599a4f3422803e57bd8f61b626,2026-10-05T00:20:00Z,BetMGM,betmgm,2026-10-04T18:07:05Z,Carolina Panthers,Detroit Lions,Jahmyr Gibbs,,,RB,player_rush_yds,Full Game,96.5,Under,-115,betmgm|Jahmyr Gibbs|player_rush_yds|96.5,0.53488372,0.5,https://api.the-odds-api.com/v4/sports/americanfootball_nfl
2026,4,a73a76599a4f3422803e57bd8f61b626,2026-10-05T00:20:00Z,Underdog,underdog,2026-10-04T18:07:33Z,Carolina Panthers,Detroit Lions,Darren Waller,,,WR,player_reception_yds,Full Game,35.5,Over,-137,underdog|Darren Waller|player_reception_yds|35.5,0.57805907,0.5,https://api.the-odds-api.com/v4/sports/americanfootball_nfl
2026,4,a73a76599a4f3422803e57bd8f61b626,2026-10-05T00:20:00Z,Underdog,underdog,2026-10-04T18:07:33Z,Carolina Panthers,Detroit Lions,Darren Waller,,,WR,player_reception_yds,Full Game,35.5,Under,-137,underdog|Darren Waller|player_reception_yds|35.5,0.57805907,0.5,https://api.the-odds-api.com/v4/sports/americanfootball_nfl
2026,4,a73a76599a4f3422803e57bd8f61b626,2026-10-05T00:20:00Z,Underdog,underdog,2026-10-04T18:07:33Z,Carolina Panthers,Detroit Lions,Chuba Hubbard,,,WR,player_reception_yds,Full Game,18.5,Over,-137,underdog|Chuba Hubbard|player_reception_yds|18.5,0.57805907,0.5,https://api.the-odds-api.com/v4/sports/americanfootball_nfl
2026,4,a73a76599a4f3422803e57bd8f61b626,2026-10-05T00:20:00Z,Underdog,underdog,2026-10-04T18:07:33Z,Carolina Panthers,Detroit Lions,Chuba Hubbard,,,WR,player_reception_yds,Full Game,18.5,Under,-137,underdog|Chuba Hubbard|player_reception_yds|18.5,0.57805907,0.5,https://api.the-odds-api.com/v4/sports/americanfootball_nfl
2026,4,a73a76599a4f3422803e57bd8f61b626,2026-10-05T00:20:00Z,Underdog,underdog,2026-10-04T18:07:33Z,Carolina Panthers,Detroit Lions,Jahmyr Gibbs,,,WR,player_reception_yds,Full Game,35.5,Over,-137,underdog|Jahmyr Gibbs|player_reception_yds|35.5,0.57805907,0.5,https://api.the-odds-api.com/v4/sports/americanfootball_nfl
2026,4,a73a76599a4f3422803e57bd8f61b626,2026-10-05T00:20:00Z,Underdog,underdog,2026-10-04T18:07:33Z,Carolina Panthers,Detroit Lions,Jahmyr Gibbs,,,WR,player_reception_yds,Full Game,35.5,Under,-137,underdog|Jahmyr Gibbs|player_reception_yds|35.5,0.57805907,0.5,https://api.the-odds-api.com/v4/sports/americanfootball_nfl
2026,4,a73a76599a4f3422803e57bd8f61b626,2026-10-05T00:20:00Z,Underdog,underdog,2026-10-04T18:07:33Z,Carolina Panthers,Detroit Lions,Amon-Ra St. Brown,,,WR,player_reception_yds,Full Game,75.5,Over,-137,underdog|Amon-Ra St. Brown|player_reception_yds|75.5,0.57805907,0.5,https://api.the-odds-api.com/v4/sports/americanfootball_nfl
2026,4,a73a76599a4f3422803e57bd8f61b626,2026-10-05T00:20:00Z,Underdog,underdog,2026-10-04T18:07:33Z,Carolina Panthers,Detroit Lions,Amon-Ra St. Brown,,,WR,player_reception_yds,Full Game,75.5,Under,-137,underdog|Amon-Ra St. Brown|player_reception_yds|75.5,0.57805907,0.5,https://api.the-odds-api.com/v4/sports/americanfootball_nfl
2026,4,a73a76599a4f3422803e57bd8f61b626,2026-10-05T00:20:00Z,Underdog,underdog,2026-10-04T18:07:33Z,Carolina Panthers,Detroit Lions,Tetairoa McMillan,,,WR,player_reception_yds,Full Game,70.5,Over,-137,underdog|Tetairoa McMillan|player_reception_yds|70.5,0.57805907,0.5,https://api.the-odds-api.com/v4/sports/americanfootball_nfl
2026,4,a73a76599a4f3422803e57bd8f61b626,2026-10-05T00:20:00Z,Underdog,underdog,2026-10-04T18:07:33Z,Carolina Panthers,Detroit Lions,Tetairoa McMillan,,,WR,player_reception_yds,Full Game,70.5,Under,-137,underdog|Tetairoa McMillan|player_reception_yds|70.5,0.57805907,0.5,https://api.the-odds-api.com/v4/sports/americanfootball_nfl
2026,4,a73a76599a4f3422803e57bd8f61b626,2026-10-05T00:20:00Z,Underdog,underdog,2026-10-04T18:07:33Z,Carolina Panthers,Detroit Lions,Jameson Williams,,,WR,player_reception_yds,Full Game,50.5,Over,-137,underdog|Jameson Williams|player_reception_yds|50.5,0.57805907,0.5,https://api.the-odds-api.com/v4/sports/americanfootball_nfl
2026,4,a73a76599a4f3422803e57bd8f61b626,2026-10-05T00:20:00Z,Underdog,underdog,2026-10-04T18:07:33Z,Carolina Panthers,Detroit Lions,Jameson Williams,,,WR,player_reception_yds,Full Game,50.5,Under,-137,underdog|Jameson Williams|player_reception_yds|50.5,0.57805907,0.5,https://api.the-odds-api.com/v4/sports/americanfootball_nfl
2026,4,a73a76599a4f3422803e57bd8f61b626,2026-10-05T00:20:00Z,Underdog,underdog,2026-10-04T18:07:33Z,Carolina Panthers,Detroit Lions,Sam LaPorta,,,WR,player_reception_yds,Full Game,47.5,Over,-137,underdog|Sam LaPorta|player_reception_yds|47.5,0.57805907,0.5,https://api.the-odds-api.com/v4/sports/americanfootball_nfl
2026,4,a73a76599a4f3422803e57bd8f61b626,2026-10-05T00:20:00Z,Underdog,underdog,2026-10-04T18:07:33Z,Carolina Panthers,Detroit Lions,Sam LaPorta,,,WR,player_reception_yds,Full Game,47.5,Under,-137,underdog|Sam LaPorta|player_reception_yds|47.5,0.57805907,0.5,https://api.the-odds-api.com/v4/sports/americanfootball_nfl
2026,4,a73a76599a4f3422803e57bd8f61b626,2026-10-05T00:20:00Z,Underdog,underdog,2026-10-04T18:07:33Z,Carolina Panthers,Detroit Lions,Isaac TeSlaa,,,WR,player_reception_yds,Full Game,17.5,Over,-137,underdog|Isaac TeSlaa|player_reception_yds|17.5,0.57805907,0.5,https://api.the-odds-api.com/v4/sports/americanfootball_nfl
2026,4,a73a76599a4f3422803e57bd8f61b626,2026-10-05T00:20:00Z,Underdog,underdog,2026-10-04T18:07:33Z,Carolina Panthers,Detroit Lions,Isaac TeSlaa,,,WR,player_reception_yds,Full Game,17.5,Under,-137,underdog|Isaac TeSlaa|player_reception_yds|17.5,0.57805907,0.5,https://api.the-odds-api.com/v4/sports/americanfootball_nfl
2026,4,a73a76599a4f3422803e57bd8f61b626,2026-10-05T00:20:00Z,Underdog,underdog,2026-10-04T18:07:33Z,Carolina Panthers,Detroit Lions,Tommy Tremble,,,WR,player_reception_yds,Full Game,12.5,Over,-137,underdog|Tommy Tremble|player_reception_yds|12.5,0.57805907,0.5,https://api.the-odds-api.com/v4/sports/americanfootball_nfl
2026,4,a73a76599a4f3422803e57bd8f61b626,2026-10-05T00:20:00Z,Underdog,underdog,2026-10-04T18:07:33Z,Carolina Panthers,Detroit Lions,Tommy Tremble,,,WR,player_reception_yds,Full Game,12.5,Under,-137,underdog|Tommy Tremble|player_reception_yds|12.5,0.57805907,0.5,https://api.the-odds-api.com/v4/sports/americanfootball_nfl
2026,4,a73a76599a4f3422803e57bd8f61b626,2026-10-05T00:20:00Z,Underdog,underdog,2026-10-04T18:07:33Z,Carolina Panthers,Detroit Lions,Mitchell Evans,,,WR,player_reception_yds,Full Game,7.5,Over,-137,underdog|Mitchell Evans|player_reception_yds|7.5,0.57805907,0.5,https://api.the-odds-api.com/v4/sports/americanfootball_nfl
2026,4,a73a76599a4f3422803e57bd8f61b626,2026-10-05T00:20:00Z,Underdog,underdog,2026-10-04T18:07:33Z,Carolina Panthers,Detroit Lions,Mitchell Evans,,,WR,player_reception_yds,Full Game,7.5,Under,-137,underdog|Mitchell Evans|player_reception_yds|7.5,0.57805907,0.5,https://api.the-odds-api.com/v4/sports/americanfootball_nfl
2026,4,a73a76599a4f3422803e57bd8f61b626,2026-10-05T00:20:00Z,Underdog,underdog,2026-10-04T18:07:33Z,Carolina Panthers,Detroit Lions,Brock Wright,,,WR,player_reception_yds,Full Game,5.5,Over,-137,underdog|Brock Wright|player_reception_yds|5.5,0.57805907,0.5,https://api.the-odds-api.com/v4/sports/americanfootball_nfl
2026,4,a73a76599a4f3422803e57bd8f61b626,2026-10-05T00:20:00Z,Underdog,underdog,2026-10-04T18:07:33Z,Carolina Panthers,Detroit Lions,Brock Wright,,,WR,player_reception_yds,Full Game,5.5,Under,-137,underdog|Brock Wright|player_reception_yds|5.5,0.57805907,0.5,https://api.the-odds-api.com/v4/sports/americanfootball_nfl
2026,4,a73a76599a4f3422803e57bd8f61b626,2026-10-05T00:20:00Z,Underdog,underdog,2026-10-04T18:07:33Z,Carolina Panthers,Detroit Lions,Brycen Tremayne,,,WR,player_reception_yds,Full Game,33.5,Over,-137,underdog|Brycen Tremayne|player_reception_yds|33.5,0.57805907,0.5,https://api.the-odds-api.com/v4/sports/americanfootball_nfl
2026,4,a73a76599a4f3422803e57bd8f61b626,2026-10-05T00:20:00Z,Underdog,underdog,2026-10-04T18:07:33Z,Carolina Panthers,Detroit Lions,Brycen Tremayne,,,WR,player_reception_yds,Full Game,33.5,Under,-137,underdog|Brycen Tremayne|player_reception_yds|33.5,0.57805907,0.5,https://api.the-odds-api.com/v4/sports/americanfootball_nfl
2026,4,a73a76599a4f3422803e57bd8f61b626,2026-10-05T00:20:00Z,Underdog,underdog,2026-10-04T18:07:33Z,Carolina Panthers,Detroit Lions,Sione Vaki,,,WR,player_reception_yds,Full Game,0.5,Over,-137,underdog|Sione Vaki|player_reception_yds|0.5,0.57805907,0.5,https://api.the-odds-api.com/v4/sports/americanfootball_nfl
2026,4,a73a76599a4f3422803e57bd8f61b626,2026-10-05T00:20:00Z,Underdog,underdog,2026-10-04T18:07:33Z,Carolina Panthers,Detroit Lions,Sione Vaki,,,WR,player_reception_yds,Full Game,0.5,Under,-137,underdog|Sione Vaki|player_reception_yds|0.5,0.57805907,0.5,https://api.the-odds-api.com/v4/sports/americanfootball_nfl
2026,4,a73a76599a4f3422803e57bd8f61b626,2026-10-05T00:20:00Z,Underdog,underdog,2026-10-04T18:07:33Z,Carolina Panthers,Detroit Lions,Chuba Hubbard,,,RB,player_rush_yds,Full Game,65.5,Over,-137,underdog|Chuba Hubbard|player_rush_yds|65.5,0.57805907,0.5,https://api.the-odds-api.com/v4/sports/americanfootball_nfl
2026,4,a73a76599a4f3422803e57bd8f61b626,2026-10-05T00:20:00Z,Underdog,underdog,2026-10-04T18:07:33Z,Carolina Panthers,Detroit Lions,Chuba Hubbard,,,RB,player_rush_yds,Full Game,65.5,Under,-137,underdog|Chuba Hubbard|player_rush_yds|65.5,0.57805907,0.5,https://api.the-odds-api.com/v4/sports/americanfootball_nfl
2026,4,a73a76599a4f3422803e57bd8f61b626,2026-10-05T00:20:00Z,Underdog,underdog,2026-10-04T18:07:33Z,Carolina Panthers,Detroit Lions,Jahmyr Gibbs,,,RB,player_rush_yds,Full Game,94.5,Over,-137,underdog|Jahmyr Gibbs|player_rush_yds|94.5,0.57805907,0.5,https://api.the-odds-api.com/v4/sports/americanfootball_nfl
2026,4,a73a76599a4f3422803e57bd8f61b626,2026-10-05T00:20:00Z,Underdog,underdog,2026-10-04T18:07:33Z,Carolina Panthers,Detroit Lions,Jahmyr Gibbs,,,RB,player_rush_yds,Full Game,94.5,Under,-137,underdog|Jahmyr Gibbs|player_rush_yds|94.5,0.57805907,0.5,https://api.the-odds-api.com/v4/sports/americanfootball_nfl
2026,4,a73a76599a4f3422803e57bd8f61b626,2026-10-05T00:20:00Z,Underdog,underdog,2026-10-04T18:07:33Z,Carolina Panthers,Detroit Lions,Bryce Young,,,RB,player_rush_yds,Full Game,12.5,Over,-137,underdog|Bryce Young|player_rush_yds|12.5,0.57805907,0.5,https://api.the-odds-api.com/v4/sports/americanfootball_nfl
2026,4,a73a76599a4f3422803e57bd8f61b626,2026-10-05T00:20:00Z,Underdog,underdog,2026-10-04T18:07:33Z,Carolina Panthers,Detroit Lions,Bryce Young,,,RB,player_rush_yds,Full Game,12.5,Under,-137,underdog|Bryce Young|player_rush_yds|12.5,0.57805907,0.5,https://api.the-odds-api.com/v4/sports/americanfootball_nfl
2026,4,a73a76599a4f3422803e57bd8f61b626,2026-10-05T00:20:00Z,Underdog,underdog,2026-10-04T18:07:33Z,Carolina Panthers,Detroit Lions,AJ Dillon,,,RB,player_rush_yds,Full Game,12.5,Over,-137,underdog|AJ Dillon|player_rush_yds|12.5,0.57805907,0.5,https://api.the-odds-api.com/v4/sports/americanfootball_nfl
2026,4,a73a76599a4f3422803e57bd8f61b626,2026-10-05T00:20:00Z,Underdog,underdog,2026-10-04T18:07:33Z,Carolina Panthers,Detroit Lions,AJ Dillon,,,RB,player_rush_yds,Full Game,12.5,Under,-137,underdog|AJ Dillon|player_rush_yds|12.5,0.57805907,0.5,https://api.the-odds-api.com/v4/sports/americanfootball_nfl
2026,4,a73a76599a4f3422803e57bd8f61b626,2026-10-05T00:20:00Z,Underdog,underdog,2026-10-04T18:07:33Z,Carolina Panthers,Detroit Lions,Jared Goff,,,RB,player_rush_yds,Full Game,1.5,Over,-137,underdog|Jared Goff|player_rush_yds|1.5,0.57805907,0.5,https://api.the-odds-api.com/v4/sports/americanfootball_nfl
2026,4,a73a76599a4f3422803e57bd8f61b626,2026-10-05T00:20:00Z,Underdog,underdog,2026-10-04T18:07:33Z,Carolina Panthers,Detroit Lions,Jared Goff,,,RB,player_rush_yds,Full Game,1.5,Under,-137,underdog|Jared Goff|player_rush_yds|1.5,0.57805907,0.5,https://api.the-odds-api.com/v4/sports/americanfootball_nfl
2026,4,a73a76599a4f3422803e57bd8f61b626,2026-10-05T00:20:00Z,Underdog,underdog,2026-10-04T18:07:33Z,Carolina Panthers,Detroit Lions,Sione Vaki,,,RB,player_rush_yds,Full Game,10.5,Over,-137,underdog|Sione Vaki|player_rush_yds|10.5,0.57805907,0.5,https://api.the-odds-api.com/v4/sports/americanfootball_nfl
2026,4,a73a76599a4f3422803e57bd8f61b626,2026-10-05T00:20:00Z,Underdog,underdog,2026-10-04T18:07:33Z,Carolina Panthers,Detroit Lions,Sione Vaki,,,RB,player_rush_yds,Full Game,10.5,Under,-137,underdog|Sione Vaki|player_rush_yds|10.5,0.57805907,0.5,https://api.the-odds-api.com/v4/sports/americanfootball_nfl
2026,4,a73a76599a4f3422803e57bd8f61b626,2026-10-05T00:20:00Z,PrizePicks,prizepicks,2026-10-04T18:08:22Z,Carolina Panthers,Detroit Lions,Amon-Ra St. Brown,,,WR,player_reception_yds,Full Game,75.5,Over,-137,prizepicks|Amon-Ra St. Brown|player_reception_yds|75.5,0.57805907,0.5,https://api.the-odds-api.com/v4/sports/americanfootball_nfl
2026,4,a73a76599a4f3422803e57bd8f61b626,2026-10-05T00:20:00Z,PrizePicks,prizepicks,2026-10-04T18:08:22Z,Carolina Panthers,Detroit Lions,Amon-Ra St. Brown,,,WR,player_reception_yds,Full Game,75.5,Under,-137,prizepicks|Amon-Ra St. Brown|player_reception_yds|75.5,0.57805907,0.5,https://api.the-odds-api.com/v4/sports/americanfootball_nfl
2026,4,a73a76599a4f3422803e57bd8f61b626,2026-10-05T00:20:00Z,PrizePicks,prizepicks,2026-10-04T18:08:22Z,Carolina Panthers,Detroit Lions,Tetairoa McMillan,,,WR,player_reception_yds,Full Game,70.5,Over,-137,prizepicks|Tetairoa McMillan|player_reception_yds|70.5,0.57805907,0.5,https://api.the-odds-api.com/v4/sports/americanfootball_nfl
2026,4,a73a76599a4f3422803e57bd8f61b626,2026-10-05T00:20:00Z,PrizePicks,prizepicks,2026-10-04T18:08:22Z,Carolina Panthers,Detroit Lions,Tetairoa McMillan,,,WR,player_reception_yds,Full Game,70.5,Under,-137,prizepicks|Tetairoa McMillan|player_reception_yds|70.5,0.57805907,0.5,https://api.the-odds-api.com/v4/sports/americanfootball_nfl
2026,4,a73a76599a4f3422803e57bd8f61b626,2026-10-05T00:20:00Z,PrizePicks,prizepicks,2026-10-04T18:08:22Z,Carolina Panthers,Detroit Lions,Jameson Williams,,,WR,player_reception_yds,Full Game,50.5,Over,-137,prizepicks|Jameson Williams|player_reception_yds|50.5,0.57805907,0.5,https://api.the-odds-api.com/v4/sports/americanfootball_nfl
2026,4,a73a76599a4f3422803e57bd8f61b626,2026-10-05T00:20:00Z,PrizePicks,prizepicks,2026-10-04T18:08:22Z,Carolina Panthers,Detroit Lions,Jameson Williams,,,WR,player_reception_yds,Full Game,50.5,Under,-137,prizepicks|Jameson Williams|player_reception_yds|50.5,0.57805907,0.5,https://api.the-odds-api.com/v4/sports/americanfootball_nfl
2026,4,a73a76599a4f3422803e57bd8f61b626,2026-10-05T00:20:00Z,PrizePicks,prizepicks,2026-10-04T18:08:22Z,Carolina Panthers,Detroit Lions,Jalen Coker,,,WR,player_reception_yds,Full Game,50.5,Over,-137,prizepicks|Jalen Coker|player_reception_yds|50.5,0.57805907,0.5,https://api.the-odds-api.com/v4/sports/americanfootball_nfl
2026,4,a73a76599a4f3422803e57bd8f61b626,2026-10-05T00:20:00Z,PrizePicks,prizepicks,2026-10-04T18:08:22Z,Carolina Panthers,Detroit Lions,Jalen Coker,,,WR,player_reception_yds,Full Game,50.5,Under,-137,prizepicks|Jalen Coker|player_reception_yds|50.5,0.57805907,0.5,https://api.the-odds-api.com/v4/sports/americanfootball_nfl
2026,4,a73a76599a4f3422803e57bd8f61b626,2026-10-05T00:20:00Z,PrizePicks,prizepicks,2026-10-04T18:08:22Z,Carolina Panthers,Detroit Lions,Sam LaPorta,,,WR,player_reception_yds,Full Game,49.5,Over,-137,prizepicks|Sam LaPorta|player_reception_yds|49.5,0.57805907,0.5,https://api.the-odds-api.com/v4/sports/americanfootball_nfl
2026,4,a73a76599a4f3422803e57bd8f61b626,2026-10-05T00:20:00Z,PrizePicks,prizepicks,2026-10-04T18:08:22Z,Carolina Panthers,Detroit Lions,Sam LaPorta,,,WR,player_reception_yds,Full Game,49.5,Under,-137,prizepicks|Sam LaPorta|player_reception_yds|49.5,0.57805907,0.5,https://api.the-odds-api.com/v4/sports/americanfootball_nfl
2026,4,a73a76599a4f3422803e57bd8f61b626,2026-10-05T00:20:00Z,PrizePicks,prizepicks,2026-10-04T18:08:22Z,Carolina Panthers,Detroit Lions,Jahmyr Gibbs,,,WR,player_reception_yds,Full Game,35.5,Over,-137,prizepicks|Jahmyr Gibbs|player_reception_yds|35.5,0.57805907,0.5,https://api.the-odds-api.com/v4/sports/americanfootball_nfl
2026,4,a73a76599a4f3422803e57bd8f61b626,2026-10-05T00:20:00Z,PrizePicks,prizepicks,2026-10-04T18:08:22Z,Carolina Panthers,Detroit Lions,Jahmyr Gibbs,,,WR,player_reception_yds,Full Game,35.5,Under,-137,prizepicks|Jahmyr Gibbs|player_reception_yds|35.5,0.57805907,0.5,https://api.the-odds-api.com/v4/sports/americanfootball_nfl
2026,4,a73a76599a4f3422803e57bd8f61b626,2026-10-05T00:20:00Z,PrizePicks,prizepicks,2026-10-04T18:08:22Z,Carolina Panthers,Detroit Lions,Darren Waller,,,WR,player_reception_yds,Full Game,35.5,Over,-137,prizepicks|Darren Waller|player_reception_yds|35.5,0.57805907,0.5,https://api.the-odds-api.com/v4/sports/americanfootball_nfl
2026,4,a73a76599a4f3422803e57bd8f61b626,2026-10-05T00:20:00Z,PrizePicks,prizepicks,2026-10-04T18:08:22Z,Carolina Panthers,Detroit Lions,Darren Waller,,,WR,player_reception_yds,Full Game,35.5,Under,-137,prizepicks|Darren Waller|player_reception_yds|35.5,0.57805907,0.5,https://api.the-odds-api.com/v4/sports/americanfootball_nfl
2026,4,a73a76599a4f3422803e57bd8f61b626,2026-10-05T00:20:00Z,PrizePicks,prizepicks,2026-10-04T18:08:22Z,Carolina Panthers,Detroit Lions,Brycen Tremayne,,,WR,player_reception_yds,Full Game,32.5,Over,-137,prizepicks|Brycen Tremayne|player_reception_yds|32.5,0.57805907,0.5,https://api.the-odds-api.com/v4/sports/americanfootball_nfl
2026,4,a73a76599a4f3422803e57bd8f61b626,2026-10-05T00:20:00Z,PrizePicks,prizepicks,2026-10-04T18:08:22Z,Carolina Panthers,Detroit Lions,Brycen Tremayne,,,WR,player_reception_yds,Full Game,32.5,Under,-137,prizepicks|Brycen Tremayne|player_reception_yds|32.5,0.57805907,0.5,https://api.the-odds-api.com/v4/sports/americanfootball_nfl
2026,4,a73a76599a4f3422803e57bd8f61b626,2026-10-05T00:20:00Z,PrizePicks,prizepicks,2026-10-04T18:08:22Z,Carolina Panthers,Detroit Lions,Chuba Hubbard,,,WR,player_reception_yds,Full Game,18.5,Over,-137,prizepicks|Chuba Hubbard|player_reception_yds|18.5,0.57805907,0.5,https://api.the-odds-api.com/v4/sports/americanfootball_nfl
2026,4,a73a76599a4f3422803e57bd8f61b626,2026-10-05T00:20:00Z,PrizePicks,prizepicks,2026-10-04T18:08:22Z,Carolina Panthers,Detroit Lions,Chuba Hubbard,,,WR,player_reception_yds,Full Game,18.5,Under,-137,prizepicks|Chuba Hubbard|player_reception_yds|18.5,0.57805907,0.5,https://api.the-odds-api.com/v4/sports/americanfootball_nfl
2026,4,a73a76599a4f3422803e57bd8f61b626,2026-10-05T00:20:00Z,PrizePicks,prizepicks,2026-10-04T18:08:22Z,Carolina Panthers,Detroit Lions,Isaac TeSlaa,,,WR,player_reception_yds,Full Game,17.5,Over,-137,prizepicks|Isaac TeSlaa|player_reception_yds|17.5,0.57805907,0.5,https://api.the-odds-api.com/v4/sports/americanfootball_nfl
2026,4,a73a76599a4f3422803e57bd8f61b626,2026-10-05T00:20:00Z,PrizePicks,prizepicks,2026-10-04T18:08:22Z,Carolina Panthers,Detroit Lions,Isaac TeSlaa,,,WR,player_reception_yds,Full Game,17.5,Under,-137,prizepicks|Isaac TeSlaa|player_reception_yds|17.5,0.57805907,0.5,https://api.the-odds-api.com/v4/sports/americanfootball_nfl
2026,4,a73a76599a4f3422803e57bd8f61b626,2026-10-05T00:20:00Z,PrizePicks,prizepicks,2026-10-04T18:08:22Z,Carolina Panthers,Detroit Lions,Tommy Tremble,,,WR,player_reception_yds,Full Game,12.5,Over,-137,prizepicks|Tommy Tremble|player_reception_yds|12.5,0.57805907,0.5,https://api.the-odds-api.com/v4/sports/americanfootball_nfl
2026,4,a73a76599a4f3422803e57bd8f61b626,2026-10-05T00:20:00Z,PrizePicks,prizepicks,2026-10-04T18:08:22Z,Carolina Panthers,Detroit Lions,Tommy Tremble,,,WR,player_reception_yds,Full Game,12.5,Under,-137,prizepicks|Tommy Tremble|player_reception_yds|12.5,0.57805907,0.5,https://api.the-odds-api.com/v4/sports/americanfootball_nfl
2026,4,a73a76599a4f3422803e57bd8f61b626,2026-10-05T00:20:00Z,PrizePicks,prizepicks,2026-10-04T18:08:22Z,Carolina Panthers,Detroit Lions,Mitchell Evans,,,WR,player_reception_yds,Full Game,7.5,Over,-137,prizepicks|Mitchell Evans|player_reception_yds|7.5,0.57805907,0.5,https://api.the-odds-api.com/v4/sports/americanfootball_nfl
2026,4,a73a76599a4f3422803e57bd8f61b626,2026-10-05T00:20:00Z,PrizePicks,prizepicks,2026-10-04T18:08:22Z,Carolina Panthers,Detroit Lions,Mitchell Evans,,,WR,player_reception_yds,Full Game,7.5,Under,-137,prizepicks|Mitchell Evans|player_reception_yds|7.5,0.57805907,0.5,https://api.the-odds-api.com/v4/sports/americanfootball_nfl
2026,4,a73a76599a4f3422803e57bd8f61b626,2026-10-05T00:20:00Z,PrizePicks,prizepicks,2026-10-04T18:08:22Z,Carolina Panthers,Detroit Lions,Brock Wright,,,WR,player_reception_yds,Full Game,4.5,Over,-137,prizepicks|Brock Wright|player_reception_yds|4.5,0.57805907,0.5,https://api.the-odds-api.com/v4/sports/americanfootball_nfl
2026,4,a73a76599a4f3422803e57bd8f61b626,2026-10-05T00:20:00Z,PrizePicks,prizepicks,2026-10-04T18:08:22Z,Carolina Panthers,Detroit Lions,Brock Wright,,,WR,player_reception_yds,Full Game,4.5,Under,-137,prizepicks|Brock Wright|player_reception_yds|4.5,0.57805907,0.5,https://api.the-odds-api.com/v4/sports/americanfootball_nfl
2026,4,a73a76599a4f3422803e57bd8f61b626,2026-10-05T00:20:00Z,PrizePicks,prizepicks,2026-10-04T18:08:22Z,Carolina Panthers,Detroit Lions,Sione Vaki,,,WR,player_reception_yds,Full Game,0.5,Over,-137,prizepicks|Sione Vaki|player_reception_yds|0.5,0.57805907,0.5,https://api.the-odds-api.com/v4/sports/americanfootball_nfl
2026,4,a73a76599a4f3422803e57bd8f61b626,2026-10-05T00:20:00Z,PrizePicks,prizepicks,2026-10-04T18:08:22Z,Carolina Panthers,Detroit Lions,Sione Vaki,,,WR,player_reception_yds,Full Game,0.5,Under,-137,prizepicks|Sione Vaki|player_reception_yds|0.5,0.57805907,0.5,https://api.the-odds-api.com/v4/sports/americanfootball_nfl
2026,4,a73a76599a4f3422803e57bd8f61b626,2026-10-05T00:20:00Z,PrizePicks,prizepicks,2026-10-04T18:08:22Z,Carolina Panthers,Detroit Lions,Jahmyr Gibbs,,,RB,player_rush_yds,Full Game,96.5,Over,-137,prizepicks|Jahmyr Gibbs|player_rush_yds|96.5,0.57805907,0.5,https://api.the-odds-api.com/v4/sports/americanfootball_nfl
2026,4,a73a76599a4f3422803e57bd8f61b626,2026-10-05T00:20:00Z,PrizePicks,prizepicks,2026-10-04T18:08:22Z,Carolina Panthers,Detroit Lions,Jahmyr Gibbs,,,RB,player_rush_yds,Full Game,96.5,Under,-137,prizepicks|Jahmyr Gibbs|player_rush_yds|96.5,0.57805907,0.5,https://api.the-odds-api.com/v4/sports/americanfootball_nfl
2026,4,a73a76599a4f3422803e57bd8f61b626,2026-10-05T00:20:00Z,PrizePicks,prizepicks,2026-10-04T18:08:22Z,Carolina Panthers,Detroit Lions,Chuba Hubbard,,,RB,player_rush_yds,Full Game,66.5,Over,-137,prizepicks|Chuba Hubbard|player_rush_yds|66.5,0.57805907,0.5,https://api.the-odds-api.com/v4/sports/americanfootball_nfl
2026,4,a73a76599a4f3422803e57bd8f61b626,2026-10-05T00:20:00Z,PrizePicks,prizepicks,2026-10-04T18:08:22Z,Carolina Panthers,Detroit Lions,Chuba Hubbard,,,RB,player_rush_yds,Full Game,66.5,Under,-137,prizepicks|Chuba Hubbard|player_rush_yds|66.5,0.57805907,0.5,https://api.the-odds-api.com/v4/sports/americanfootball_nfl
2026,4,a73a76599a4f3422803e57bd8f61b626,2026-10-05T00:20:00Z,PrizePicks,prizepicks,2026-10-04T18:08:22Z,Carolina Panthers,Detroit Lions,Bryce Young,,,RB,player_rush_yds,Full Game,12.5,Over,-137,prizepicks|Bryce Young|player_rush_yds|12.5,0.57805907,0.5,https://api.the-odds-api.com/v4/sports/americanfootball_nfl
2026,4,a73a76599a4f3422803e57bd8f61b626,2026-10-05T00:20:00Z,PrizePicks,prizepicks,2026-10-04T18:08:22Z,Carolina Panthers,Detroit Lions,Bryce Young,,,RB,player_rush_yds,Full Game,12.5,Under,-137,prizepicks|Bryce Young|player_rush_yds|12.5,0.57805907,0.5,https://api.the-odds-api.com/v4/sports/americanfootball_nfl
2026,4,a73a76599a4f3422803e57bd8f61b626,2026-10-05T00:20:00Z,PrizePicks,prizepicks,2026-10-04T18:08:22Z,Carolina Panthers,Detroit Lions,AJ Dillon,,,RB,player_rush_yds,Full Game,12.5,Over,-137,prizepicks|AJ Dillon|player_rush_yds|12.5,0.57805907,0.5,https://api.the-odds-api.com/v4/sports/americanfootball_nfl
2026,4,a73a76599a4f3422803e57bd8f61b626,2026-10-05T00:20:00Z,PrizePicks,prizepicks,2026-10-04T18:08:22Z,Carolina Panthers,Detroit Lions,AJ Dillon,,,RB,player_rush_yds,Full Game,12.5,Under,-137,prizepicks|AJ Dillon|player_rush_yds|12.5,0.57805907,0.5,https://api.the-odds-api.com/v4/sports/americanfootball_nfl
2026,4,a73a76599a4f3422803e57bd8f61b626,2026-10-05T00:20:00Z,PrizePicks,prizepicks,2026-10-04T18:08:22Z,Carolina Panthers,Detroit Lions,Sione Vaki,,,RB,player_rush_yds,Full Game,11.5,Over,-137,prizepicks|Sione Vaki|player_rush_yds|11.5,0.57805907,0.5,https://api.the-odds-api.com/v4/sports/americanfootball_nfl
2026,4,a73a76599a4f3422803e57bd8f61b626,2026-10-05T00:20:00Z,PrizePicks,prizepicks,2026-10-04T18:08:22Z,Carolina Panthers,Detroit Lions,Sione Vaki,,,RB,player_rush_yds,Full Game,11.5,Under,-137,prizepicks|Sione Vaki|player_rush_yds|11.5,0.57805907,0.5,https://api.the-odds-api.com/v4/sports/americanfootball_nfl
2026,4,a73a76599a4f3422803e57bd8f61b626,2026-10-05T00:20:00Z,PrizePicks,prizepicks,2026-10-04T18:08:22Z,Carolina Panthers,Detroit Lions,Jared Goff,,,RB,player_rush_yds,Full Game,1.5,Over,-137,prizepicks|Jared Goff|player_rush_yds|1.5,0.57805907,0.5,https://api.the-odds-api.com/v4/sports/americanfootball_nfl
2026,4,a73a76599a4f3422803e57bd8f61b626,2026-10-05T00:20:00Z,PrizePicks,prizepicks,2026-10-04T18:08:22Z,Carolina Panthers,Detroit Lions,Jared Goff,,,RB,player_rush_yds,Full Game,1.5,Under,-137,prizepicks|Jared Goff|player_rush_yds|1.5,0.57805907,0.5,https://api.the-odds-api.com/v4/sports/americanfootball_nfl
2026,4,a73a76599a4f3422803e57bd8f61b626,2026-10-05T00:20:00Z,DraftKings Pick6,pick6,2026-10-04T18:08:25Z,Carolina Panthers,Detroit Lions,Brycen Tremayne,,,WR,player_reception_yds,Full Game,32.5,Over,-137,pick6|Brycen Tremayne|player_reception_yds|32.5,0.57805907,0.5,https://api.the-odds-api.com/v4/sports/americanfootball_nfl
2026,4,a73a76599a4f3422803e57bd8f61b626,2026-10-05T00:20:00Z,DraftKings Pick6,pick6,2026-10-04T18:08:25Z,Carolina Panthers,Detroit Lions,Brycen Tremayne,,,WR,player_reception_yds,Full Game,32.5,Under,-137,pick6|Brycen Tremayne|player_reception_yds|32.5,0.57805907,0.5,https://api.the-odds-api.com/v4/sports/americanfootball_nfl
2026,4,a73a76599a4f3422803e57bd8f61b626,2026-10-05T00:20:00Z,DraftKings Pick6,pick6,2026-10-04T18:08:25Z,Carolina Panthers,Detroit Lions,Darren Waller,,,WR,player_reception_yds,Full Game,35.5,Over,-137,pick6|Darren Waller|player_reception_yds|35.5,0.57805907,0.5,https://api.the-odds-api.com/v4/sports/americanfootball_nfl
2026,4,a73a76599a4f3422803e57bd8f61b626,2026-10-05T00:20:00Z,DraftKings Pick6,pick6,2026-10-04T18:08:25Z,Carolina Panthers,Detroit Lions,Darren Waller,,,WR,player_reception_yds,Full Game,35.5,Under,-137,pick6|Darren Waller|player_reception_yds|35.5,0.57805907,0.5,https://api.the-odds-api.com/v4/sports/americanfootball_nfl
2026,4,a73a76599a4f3422803e57bd8f61b626,2026-10-05T00:20:00Z,DraftKings Pick6,pick6,2026-10-04T18:08:25Z,Carolina Panthers,Detroit Lions,Tommy Tremble,,,WR,player_reception_yds,Full Game,12.5,Over,-137,pick6|Tommy Tremble|player_reception_yds|12.5,0.57805907,0.5,https://api.the-odds-api.com/v4/sports/americanfootball_nfl
2026,4,a73a76599a4f3422803e57bd8f61b626,2026-10-05T00:20:00Z,DraftKings Pick6,pick6,2026-10-04T18:08:25Z,Carolina Panthers,Detroit Lions,Tommy Tremble,,,WR,player_reception_yds,Full Game,12.5,Under,-137,pick6|Tommy Tremble|player_reception_yds|12.5,0.57805907,0.5,https://api.the-odds-api.com/v4/sports/americanfootball_nfl
2026,4,a73a76599a4f3422803e57bd8f61b626,2026-10-05T00:20:00Z,DraftKings Pick6,pick6,2026-10-04T18:08:25Z,Carolina Panthers,Detroit Lions,Tetairoa McMillan,,,WR,player_reception_yds,Full Game,73.5,Over,-137,pick6|Tetairoa McMillan|player_reception_yds|73.5,0.57805907,0.5,https://api.the-odds-api.com/v4/sports/americanfootball_nfl
2026,4,a73a76599a4f3422803e57bd8f61b626,2026-10-05T00:20:00Z,DraftKings Pick6,pick6,2026-10-04T18:08:25Z,Carolina Panthers,Detroit Lions,Tetairoa McMillan,,,WR,player_reception_yds,Full Game,73.5,Under,-137,pick6|Tetairoa McMillan|player_reception_yds|73.5,0.57805907,0.5,https://api.the-odds-api.com/v4/sports/americanfootball_nfl
2026,4,a73a76599a4f3422803e57bd8f61b626,2026-10-05T00:20:00Z,DraftKings Pick6,pick6,2026-10-04T18:08:25Z,Carolina Panthers,Detroit Lions,Brock Wright,,,WR,player_reception_yds,Full Game,4.5,Over,-137,pick6|Brock Wright|player_reception_yds|4.5,0.57805907,0.5,https://api.the-odds-api.com/v4/sports/americanfootball_nfl
2026,4,a73a76599a4f3422803e57bd8f61b626,2026-10-05T00:20:00Z,DraftKings Pick6,pick6,2026-10-04T18:08:25Z,Carolina Panthers,Detroit Lions,Brock Wright,,,WR,player_reception_yds,Full Game,4.5,Under,-137,pick6|Brock Wright|player_reception_yds|4.5,0.57805907,0.5,https://api.the-odds-api.com/v4/sports/americanfootball_nfl
2026,4,a73a76599a4f3422803e57bd8f61b626,2026-10-05T00:20:00Z,DraftKings Pick6,pick6,2026-10-04T18:08:25Z,Carolina Panthers,Detroit Lions,Chuba Hubbard,,,WR,player_reception_yds,Full Game,20.5,Over,-137,pick6|Chuba Hubbard|player_reception_yds|20.5,0.57805907,0.5,https://api.the-odds-api.com/v4/sports/americanfootball_nfl
2026,4,a73a76599a4f3422803e57bd8f61b626,2026-10-05T00:20:00Z,DraftKings Pick6,pick6,2026-10-04T18:08:25Z,Carolina Panthers,Detroit Lions,Chuba Hubbard,,,WR,player_reception_yds,Full Game,20.5,Under,-137,pick6|Chuba Hubbard|player_reception_yds|20.5,0.57805907,0.5,https://api.the-odds-api.com/v4/sports/americanfootball_nfl
2026,4,a73a76599a4f3422803e57bd8f61b626,2026-10-05T00:20:00Z,DraftKings Pick6,pick6,2026-10-04T18:08:25Z,Carolina Panthers,Detroit Lions,Isaac TeSlaa,,,WR,player_reception_yds,Full Game,17.5,Over,-137,pick6|Isaac TeSlaa|player_reception_yds|17.5,0.57805907,0.5,https://api.the-odds-api.com/v4/sports/americanfootball_nfl
2026,4,a73a76599a4f3422803e57bd8f61b626,2026-10-05T00:20:00Z,DraftKings Pick6,pick6,2026-10-04T18:08:25Z,Carolina Panthers,Detroit Lions,Isaac TeSlaa,,,WR,player_reception_yds,Full Game,17.5,Under,-137,pick6|Isaac TeSlaa|player_reception_yds|17.5,0.57805907,0.5,https://api.the-odds-api.com/v4/sports/americanfootball_nfl
2026,4,a73a76599a4f3422803e57bd8f61b626,2026-10-05T00:20:00Z,DraftKings Pick6,pick6,2026-10-04T18:08:25Z,Carolina Panthers,Detroit Lions,Amon-Ra St. Brown,,,WR,player_reception_yds,Full Game,77.5,Over,-137,pick6|Amon-Ra St. Brown|player_reception_yds|77.5,0.57805907,0.5,https://api.the-odds-api.com/v4/sports/americanfootball_nfl
2026,4,a73a76599a4f3422803e57bd8f61b626,2026-10-05T00:20:00Z,DraftKings Pick6,pick6,2026-10-04T18:08:25Z,Carolina Panthers,Detroit Lions,Amon-Ra St. Brown,,,WR,player_reception_yds,Full Game,77.5,Under,-137,pick6|Amon-Ra St. Brown|player_reception_yds|77.5,0.57805907,0.5,https://api.the-odds-api.com/v4/sports/americanfootball_nfl
2026,4,a73a76599a4f3422803e57bd8f61b626,2026-10-05T00:20:00Z,DraftKings Pick6,pick6,2026-10-04T18:08:25Z,Carolina Panthers,Detroit Lions,Sam LaPorta,,,WR,player_reception_yds,Full Game,48.5,Over,-137,pick6|Sam LaPorta|player_reception_yds|48.5,0.57805907,0.5,https://api.the-odds-api.com/v4/sports/americanfootball_nfl
2026,4,a73a76599a4f3422803e57bd8f61b626,2026-10-05T00:20:00Z,DraftKings Pick6,pick6,2026-10-04T18:08:25Z,Carolina Panthers,Detroit Lions,Sam LaPorta,,,WR,player_reception_yds,Full Game,48.5,Under,-137,pick6|Sam LaPorta|player_reception_yds|48.5,0.57805907,0.5,https://api.the-odds-api.com/v4/sports/americanfootball_nfl
2026,4,a73a76599a4f3422803e57bd8f61b626,2026-10-05T00:20:00Z,DraftKings Pick6,pick6,2026-10-04T18:08:25Z,Carolina Panthers,Detroit Lions,Jameson Williams,,,WR,player_reception_yds,Full Game,50.5,Over,-137,pick6|Jameson Williams|player_reception_yds|50.5,0.57805907,0.5,https://api.the-odds-api.com/v4/sports/americanfootball_nfl
2026,4,a73a76599a4f3422803e57bd8f61b626,2026-10-05T00:20:00Z,DraftKings Pick6,pick6,2026-10-04T18:08:25Z,Carolina Panthers,Detroit Lions,Jameson Williams,,,WR,player_reception_yds,Full Game,50.5,Under,-137,pick6|Jameson Williams|player_reception_yds|50.5,0.57805907,0.5,https://api.the-odds-api.com/v4/sports/americanfootball_nfl
2026,4,a73a76599a4f3422803e57bd8f61b626,2026-10-05T00:20:00Z,DraftKings Pick6,pick6,2026-10-04T18:08:25Z,Carolina Panthers,Detroit Lions,Jahmyr Gibbs,,,WR,player_reception_yds,Full Game,37.5,Over,-137,pick6|Jahmyr Gibbs|player_reception_yds|37.5,0.57805907,0.5,https://api.the-odds-api.com/v4/sports/americanfootball_nfl
2026,4,a73a76599a4f3422803e57bd8f61b626,2026-10-05T00:20:00Z,DraftKings Pick6,pick6,2026-10-04T18:08:25Z,Carolina Panthers,Detroit Lions,Jahmyr Gibbs,,,WR,player_reception_yds,Full Game,37.5,Under,-137,pick6|Jahmyr Gibbs|player_reception_yds|37.5,0.57805907,0.5,https://api.the-odds-api.com/v4/sports/americanfootball_nfl
2026,4,a73a76599a4f3422803e57bd8f61b626,2026-10-05T00:20:00Z,DraftKings Pick6,pick6,2026-10-04T18:08:25Z,Carolina Panthers,Detroit Lions,Sione Vaki,,,RB,player_rush_yds,Full Game,11.5,Over,-137,pick6|Sione Vaki|player_rush_yds|11.5,0.57805907,0.5,https://api.the-odds-api.com/v4/sports/americanfootball_nfl
2026,4,a73a76599a4f3422803e57bd8f61b626,2026-10-05T00:20:00Z,DraftKings Pick6,pick6,2026-10-04T18:08:25Z,Carolina Panthers,Detroit Lions,Sione Vaki,,,RB,player_rush_yds,Full Game,11.5,Under,-137,pick6|Sione Vaki|player_rush_yds|11.5,0.57805907,0.5,https://api.the-odds-api.com/v4/sports/americanfootball_nfl
2026,4,a73a76599a4f3422803e57bd8f61b626,2026-10-05T00:20:00Z,DraftKings Pick6,pick6,2026-10-04T18:08:25Z,Carolina Panthers,Detroit Lions,Jared Goff,,,RB,player_rush_yds,Full Game,0.5,Over,-137,pick6|Jared Goff|player_rush_yds|0.5,0.57805907,0.5,https://api.the-odds-api.com/v4/sports/americanfootball_nfl
2026,4,a73a76599a4f3422803e57bd8f61b626,2026-10-05T00:20:00Z,DraftKings Pick6,pick6,2026-10-04T18:08:25Z,Carolina Panthers,Detroit Lions,Jared Goff,,,RB,player_rush_yds,Full Game,0.5,Under,-137,pick6|Jared Goff|player_rush_yds|0.5,0.57805907,0.5,https://api.the-odds-api.com/v4/sports/americanfootball_nfl
2026,4,a73a76599a4f3422803e57bd8f61b626,2026-10-05T00:20:00Z,DraftKings Pick6,pick6,2026-10-04T18:08:25Z,Carolina Panthers,Detroit Lions,Chuba Hubbard,,,RB,player_rush_yds,Full Game,66.5,Over,-137,pick6|Chuba Hubbard|player_rush_yds|66.5,0.57805907,0.5,https://api.the-odds-api.com/v4/sports/americanfootball_nfl
2026,4,a73a76599a4f3422803e57bd8f61b626,2026-10-05T00:20:00Z,DraftKings Pick6,pick6,2026-10-04T18:08:25Z,Carolina Panthers,Detroit Lions,Chuba Hubbard,,,RB,player_rush_yds,Full Game,66.5,Under,-137,pick6|Chuba Hubbard|player_rush_yds|66.5,0.57805907,0.5,https://api.the-odds-api.com/v4/sports/americanfootball_nfl
2026,4,a73a76599a4f3422803e57bd8f61b626,2026-10-05T00:20:00Z,DraftKings Pick6,pick6,2026-10-04T18:08:25Z,Carolina Panthers,Detroit Lions,Jahmyr Gibbs,,,RB,player_rush_yds,Full Game,95.5,Over,-137,pick6|Jahmyr Gibbs|player_rush_yds|95.5,0.57805907,0.5,https://api.the-odds-api.com/v4/sports/americanfootball_nfl
2026,4,a73a76599a4f3422803e57bd8f61b626,2026-10-05T00:20:00Z,DraftKings Pick6,pick6,2026-10-04T18:08:25Z,Carolina Panthers,Detroit Lions,Jahmyr Gibbs,,,RB,player_rush_yds,Full Game,95.5,Under,-137,pick6|Jahmyr Gibbs|player_rush_yds|95.5,0.57805907,0.5,https://api.the-odds-api.com/v4/sports/americanfootball_nfl
2026,4,a73a76599a4f3422803e57bd8f61b626,2026-10-05T00:20:00Z,DraftKings Pick6,pick6,2026-10-04T18:08:25Z,Carolina Panthers,Detroit Lions,Bryce Young,,,RB,player_rush_yds,Full Game,12.5,Over,-137,pick6|Bryce Young|player_rush_yds|12.5,0.57805907,0.5,https://api.the-odds-api.com/v4/sports/americanfootball_nfl
2026,4,a73a76599a4f3422803e57bd8f61b626,2026-10-05T00:20:00Z,DraftKings Pick6,pick6,2026-10-04T18:08:25Z,Carolina Panthers,Detroit Lions,Bryce Young,,,RB,player_rush_yds,Full Game,12.5,Under,-137,pick6|Bryce Young|player_rush_yds|12.5,0.57805907,0.5,https://api.the-odds-api.com/v4/sports/americanfootball_nfl
2026,4,a73a76599a4f3422803e57bd8f61b626,2026-10-05T00:20:00Z,DraftKings Pick6,pick6,2026-10-04T18:08:25Z,Carolina Panthers,Detroit Lions,AJ Dillon,,,RB,player_rush_yds,Full Game,12.5,Over,-137,pick6|AJ Dillon|player_rush_yds|12.5,0.57805907,0.5,https://api.the-odds-api.com/v4/sports/americanfootball_nfl
2026,4,a73a76599a4f3422803e57bd8f61b626,2026-10-05T00:20:00Z,DraftKings Pick6,pick6,2026-10-04T18:08:25Z,Carolina Panthers,Detroit Lions,AJ Dillon,,,RB,player_rush_yds,Full Game,12.5,Under,-137,pick6|AJ Dillon|player_rush_yds|12.5,0.57805907,0.5,https://api.the-odds-api.com/v4/sports/americanfootball_nfl
2026,4,8bd90781e17e6d97df3941063cedae1e,2026-10-06T00:15:00Z,DraftKings,draftkings,2026-10-04T18:08:21Z,New Orleans Saints,Atlanta Falcons,Chris Olave,,,WR,player_reception_yds,Full Game,85.5,Over,-111,draftkings|Chris Olave|player_reception_yds|85.5,0.52606635,0.49789412,https://api.the-odds-api.com/v4/sports/americanfootball_nfl
2026,4,8bd90781e17e6d97df3941063cedae1e,2026-10-06T00:15:00Z,DraftKings,draftkings,2026-10-04T18:08:21Z,New Orleans Saints,Atlanta Falcons,Chris Olave,,,WR,player_reception_yds,Full Game,85.5,Under,-113,draftkings|Chris Olave|player_reception_yds|85.5,0.53051643,0.50210588,https://api.the-odds-api.com/v4/sports/americanfootball_nfl
2026,4,8bd90781e17e6d97df3941063cedae1e,2026-10-06T00:15:00Z,DraftKings,draftkings,2026-10-04T18:08:21Z,New Orleans Saints,Atlanta Falcons,Drake London,,,WR,player_reception_yds,Full Game,78.5,Over,-113,draftkings|Drake London|player_reception_yds|78.5,0.53051643,0.50210588,https://api.the-odds-api.com/v4/sports/americanfootball_nfl
2026,4,8bd90781e17e6d97df3941063cedae1e,2026-10-06T00:15:00Z,DraftKings,draftkings,2026-10-04T18:08:21Z,New Orleans Saints,Atlanta Falcons,Drake London,,,WR,player_reception_yds,Full Game,78.5,Under,-111,draftkings|Drake London|player_reception_yds|78.5,0.52606635,0.49789412,https://api.the-odds-api.com/v4/sports/americanfootball_nfl
2026,4,8bd90781e17e6d97df3941063cedae1e,2026-10-06T00:15:00Z,DraftKings,draftkings,2026-10-04T18:08:21Z,New Orleans Saints,Atlanta Falcons,Devaughn Vele,,,WR,player_reception_yds,Full Game,45.5,Over,-109,draftkings|Devaughn Vele|player_reception_yds|45.5,0.5215311,0.49368022,https://api.the-odds-api.com/v4/sports/americanfootball_nfl
2026,4,8bd90781e17e6d97df3941063cedae1e,2026-10-06T00:15:00Z,DraftKings,draftkings,2026-10-04T18:08:21Z,New Orleans Saints,Atlanta Falcons,Devaughn Vele,,,WR,player_reception_yds,Full Game,45.5,Under,-115,draftkings|Devaughn Vele|player_reception_yds|45.5,0.53488372,0.50631978,https://api.the-odds-api.com/v4/sports/americanfootball_nfl
2026,4,8bd90781e17e6d97df3941063cedae1e,2026-10-06T00:15:00Z,DraftKings,draftkings,2026-10-04T18:08:21Z,New Orleans Saints,Atlanta Falcons,Juwan Johnson,,,WR,player_reception_yds,Full Game,40.5,Over,-114,draftkings|Juwan Johnson|player_reception_yds|40.5,0.53271028,0.50313755,https://api.the-odds-api.com/v4/sports/americanfootball_nfl
2026,4,8bd90781e17e6d97df3941063cedae1e,2026-10-06T00:15:00Z,DraftKings,draftkings,2026-10-04T18:08:21Z,New Orleans Saints,Atlanta Falcons,Juwan Johnson,,,WR,player_reception_yds,Full Game,40.5,Under,-111,draftkings|Juwan Johnson|player_reception_yds|40.5,0.52606635,0.49686245,https://api.the-odds-api.com/v4/sports/americanfootball_nfl
2026,4,8bd90781e17e6d97df3941063cedae1e,2026-10-06T00:15:00Z,DraftKings,draftkings,2026-10-04T18:08:21Z,New Orleans Saints,Atlanta Falcons,Bijan Robinson,,,WR,player_reception_yds,Full Game,39.5,Over,-116,draftkings|Bijan Robinson|player_reception_yds|39.5,0.53703704,0.50732402,https://api.the-odds-api.com/v4/sports/americanfootball_nfl
2026,4,8bd90781e17e6d97df3941063cedae1e,2026-10-06T00:15:00Z,DraftKings,draftkings,2026-10-04T18:08:21Z,New Orleans Saints,Atlanta Falcons,Bijan Robinson,,,WR,player_reception_yds,Full Game,39.5,Under,-109,draftkings|Bijan Robinson|player_reception_yds|39.5,0.5215311,0.49267598,https://api.the-odds-api.com/v4/sports/americanfootball_nfl
2026,4,8bd90781e17e6d97df3941063cedae1e,2026-10-06T00:15:00Z,DraftKings,draftkings,2026-10-04T18:08:21Z,New Orleans Saints,Atlanta Falcons,Kyle Pitts,,,WR,player_reception_yds,Full Game,28.5,Over,-113,draftkings|Kyle Pitts|player_reception_yds|28.5,0.53051643,0.50210588,https://api.the-odds-api.com/v4/sports/americanfootball_nfl
2026,4,8bd90781e17e6d97df3941063cedae1e,2026-10-06T00:15:00Z,DraftKings,draftkings,2026-10-04T18:08:21Z,New Orleans Saints,Atlanta Falcons,Kyle Pitts,,,WR,player_reception_yds,Full Game,28.5,Under,-111,draftkings|Kyle Pitts|player_reception_yds|28.5,0.52606635,0.49789412,https://api.the-odds-api.com/v4/sports/americanfootball_nfl
2026,4,8bd90781e17e6d97df3941063cedae1e,2026-10-06T00:15:00Z,DraftKings,draftkings,2026-10-04T18:08:21Z,New Orleans Saints,Atlanta Falcons,Jahan Dotson,,,WR,player_reception_yds,Full Game,18.5,Over,-112,draftkings|Jahan Dotson|player_reception_yds|18.5,0.52830189,0.5,https://api.the-odds-api.com/v4/sports/americanfootball_nfl
2026,4,8bd90781e17e6d97df3941063cedae1e,2026-10-06T00:15:00Z,DraftKings,draftkings,2026-10-04T18:08:21Z,New Orleans Saints,Atlanta Falcons,Jahan Dotson,,,WR,player_reception_yds,Full Game,18.5,Under,-112,draftkings|Jahan Dotson|player_reception_yds|18.5,0.52830189,0.5,https://api.the-odds-api.com/v4/sports/americanfootball_nfl
2026,4,8bd90781e17e6d97df3941063cedae1e,2026-10-06T00:15:00Z,DraftKings,draftkings,2026-10-04T18:08:21Z,New Orleans Saints,Atlanta Falcons,Noah Fant,,,WR,player_reception_yds,Full Game,17.5,Over,-113,draftkings|Noah Fant|player_reception_yds|17.5,0.53051643,0.50210588,https://api.the-odds-api.com/v4/sports/americanfootball_nfl
2026,4,8bd90781e17e6d97df3941063cedae1e,2026-10-06T00:15:00Z,DraftKings,draftkings,2026-10-04T18:08:21Z,New Orleans Saints,Atlanta Falcons,Noah Fant,,,WR,player_reception_yds,Full Game,17.5,Under,-111,draftkings|Noah Fant|player_reception_yds|17.5,0.52606635,0.49789412,https://api.the-odds-api.com/v4/sports/americanfootball_nfl
2026,4,8bd90781e17e6d97df3941063cedae1e,2026-10-06T00:15:00Z,DraftKings,draftkings,2026-10-04T18:08:21Z,New Orleans Saints,Atlanta Falcons,Alvin Kamara,,,WR,player_reception_yds,Full Game,15.5,Over,-115,draftkings|Alvin Kamara|player_reception_yds|15.5,0.53488372,0.50631978,https://api.the-odds-api.com/v4/sports/americanfootball_nfl
2026,4,8bd90781e17e6d97df3941063cedae1e,2026-10-06T00:15:00Z,DraftKings,draftkings,2026-10-04T18:08:21Z,New Orleans Saints,Atlanta Falcons,Alvin Kamara,,,WR,player_reception_yds,Full Game,15.5,Under,-109,draftkings|Alvin Kamara|player_reception_yds|15.5,0.5215311,0.49368022,https://api.the-odds-api.com/v4/sports/americanfootball_nfl
2026,4,8bd90781e17e6d97df3941063cedae1e,2026-10-06T00:15:00Z,DraftKings,draftkings,2026-10-04T18:08:21Z,New Orleans Saints,Atlanta Falcons,Austin Hooper,,,WR,player_reception_yds,Full Game,10.5,Over,-117,draftkings|Austin Hooper|player_reception_yds|10.5,0.53917051,0.50941974,https://api.the-odds-api.com/v4/sports/americanfootball_nfl
2026,4,8bd90781e17e6d97df3941063cedae1e,2026-10-06T00:15:00Z,DraftKings,draftkings,2026-10-04T18:08:21Z,New Orleans Saints,Atlanta Falcons,Austin Hooper,,,WR,player_reception_yds,Full Game,10.5,Under,-108,draftkings|Austin Hooper|player_reception_yds|10.5,0.51923077,0.49058026,https://api.the-odds-api.com/v4/sports/americanfootball_nfl
2026,4,8bd90781e17e6d97df3941063cedae1e,2026-10-06T00:15:00Z,DraftKings,draftkings,2026-10-04T18:08:21Z,New Orleans Saints,Atlanta Falcons,Olamide Zaccheaus,,,WR,player_reception_yds,Full Game,8.5,Over,-107,draftkings|Olamide Zaccheaus|player_reception_yds|8.5,0.51690821,0.48945992,https://api.the-odds-api.com/v4/sports/americanfootball_nfl
2026,4,8bd90781e17e6d97df3941063cedae1e,2026-10-06T00:15:00Z,DraftKings,draftkings,2026-10-04T18:08:21Z,New Orleans Saints,Atlanta Falcons,Olamide Zaccheaus,,,WR,player_reception_yds,Full Game,8.5,Under,-117,draftkings|Olamide Zaccheaus|player_reception_yds|8.5,0.53917051,0.51054008,https://api.the-odds-api.com/v4/sports/americanfootball_nfl
2026,4,8bd90781e17e6d97df3941063cedae1e,2026-10-06T00:15:00Z,DraftKings,draftkings,2026-10-04T18:08:21Z,New Orleans Saints,Atlanta Falcons,Bijan Robinson,,,RB,player_rush_yds,Full Game,86.5,Over,-113,draftkings|Bijan Robinson|player_rush_yds|86.5,0.53051643,0.50210588,https://api.the-odds-api.com/v4/sports/americanfootball_nfl
2026,4,8bd90781e17e6d97df3941063cedae1e,2026-10-06T00:15:00Z,DraftKings,draftkings,2026-10-04T18:08:21Z,New Orleans Saints,Atlanta Falcons,Bijan Robinson,,,RB,player_rush_yds,Full Game,86.5,Under,-111,draftkings|Bijan Robinson|player_rush_yds|86.5,0.52606635,0.49789412,https://api.the-odds-api.com/v4/sports/americanfootball_nfl
2026,4,8bd90781e17e6d97df3941063cedae1e,2026-10-06T00:15:00Z,DraftKings,draftkings,2026-10-04T18:08:21Z,New Orleans Saints,Atlanta Falcons,Alvin Kamara,,,RB,player_rush_yds,Full Game,37.5,Over,-109,draftkings|Alvin Kamara|player_rush_yds|37.5,0.5215311,0.49368022,https://api.the-odds-api.com/v4/sports/americanfootball_nfl
2026,4,8bd90781e17e6d97df3941063cedae1e,2026-10-06T00:15:00Z,DraftKings,draftkings,2026-10-04T18:08:21Z,New Orleans Saints,Atlanta Falcons,Alvin Kamara,,,RB,player_rush_yds,Full Game,37.5,Under,-115,draftkings|Alvin Kamara|player_rush_yds|37.5,0.53488372,0.50631978,https://api.the-odds-api.com/v4/sports/americanfootball_nfl
2026,4,8bd90781e17e6d97df3941063cedae1e,2026-10-06T00:15:00Z,DraftKings,draftkings,2026-10-04T18:08:21Z,New Orleans Saints,Atlanta Falcons,Brian Robinson Jr.,,,RB,player_rush_yds,Full Game,28.5,Over,-115,draftkings|Brian Robinson Jr.|player_rush_yds|28.5,0.53488372,0.50631978,https://api.the-odds-api.com/v4/sports/americanfootball_nfl
2026,4,8bd90781e17e6d97df3941063cedae1e,2026-10-06T00:15:00Z,DraftKings,draftkings,2026-10-04T18:08:21Z,New Orleans Saints,Atlanta Falcons,Brian Robinson Jr.,,,RB,player_rush_yds,Full Game,28.5,Under,-109,draftkings|Brian Robinson Jr.|player_rush_yds|28.5,0.5215311,0.49368022,https://api.the-odds-api.com/v4/sports/americanfootball_nfl
2026,4,8bd90781e17e6d97df3941063cedae1e,2026-10-06T00:15:00Z,DraftKings,draftkings,2026-10-04T18:08:21Z,New Orleans Saints,Atlanta Falcons,Kendre Miller,,,RB,player_rush_yds,Full Game,25.5,Over,-112,draftkings|Kendre Miller|player_rush_yds|25.5,0.52830189,0.5,https://api.the-odds-api.com/v4/sports/americanfootball_nfl
2026,4,8bd90781e17e6d97df3941063cedae1e,2026-10-06T00:15:00Z,DraftKings,draftkings,2026-10-04T18:08:21Z,New Orleans Saints,Atlanta Falcons,Kendre Miller,,,RB,player_rush_yds,Full Game,25.5,Under,-112,draftkings|Kendre Miller|player_rush_yds|25.5,0.52830189,0.5,https://api.the-odds-api.com/v4/sports/americanfootball_nfl
2026,4,8bd90781e17e6d97df3941063cedae1e,2026-10-06T00:15:00Z,DraftKings,draftkings,2026-10-04T18:08:21Z,New Orleans Saints,Atlanta Falcons,Tyler Shough,,,RB,player_rush_yds,Full Game,18.5,Over,-110,draftkings|Tyler Shough|player_rush_yds|18.5,0.52380952,0.4957877,https://api.the-odds-api.com/v4/sports/americanfootball_nfl
2026,4,8bd90781e17e6d97df3941063cedae1e,2026-10-06T00:15:00Z,DraftKings,draftkings,2026-10-04T18:08:21Z,New Orleans Saints,Atlanta Falcons,Tyler Shough,,,RB,player_rush_yds,Full Game,18.5,Under,-114,draftkings|Tyler Shough|player_rush_yds|18.5,0.53271028,0.5042123,https://api.the-odds-api.com/v4/sports/americanfootball_nfl
2026,4,8bd90781e17e6d97df3941063cedae1e,2026-10-06T00:15:00Z,DraftKings,draftkings,2026-10-04T18:08:21Z,New Orleans Saints,Atlanta Falcons,Michael Penix Jr.,,,RB,player_rush_yds,Full Game,5.5,Over,-113,draftkings|Michael Penix Jr.|player_rush_yds|5.5,0.53051643,0.50210588,https://api.the-odds-api.com/v4/sports/americanfootball_nfl
2026,4,8bd90781e17e6d97df3941063cedae1e,2026-10-06T00:15:00Z,DraftKings,draftkings,2026-10-04T18:08:21Z,New Orleans Saints,Atlanta Falcons,Michael Penix Jr.,,,RB,player_rush_yds,Full Game,5.5,Under,-111,draftkings|Michael Penix Jr.|player_rush_yds|5.5,0.52606635,0.49789412,https://api.the-odds-api.com/v4/sports/americanfootball_nfl
2026,4,8bd90781e17e6d97df3941063cedae1e,2026-10-06T00:15:00Z,FanDuel,fanduel,2026-10-04T18:08:22Z,New Orleans Saints,Atlanta Falcons,Bijan Robinson,,,WR,player_reception_yds,Full Game,39.5,Over,-114,fanduel|Bijan Robinson|player_reception_yds|39.5,0.53271028,0.5,https://api.the-odds-api.com/v4/sports/americanfootball_nfl
2026,4,8bd90781e17e6d97df3941063cedae1e,2026-10-06T00:15:00Z,FanDuel,fanduel,2026-10-04T18:08:22Z,New Orleans Saints,Atlanta Falcons,Bijan Robinson,,,WR,player_reception_yds,Full Game,39.5,Under,-114,fanduel|Bijan Robinson|player_reception_yds|39.5,0.53271028,0.5,https://api.the-odds-api.com/v4/sports/americanfootball_nfl
2026,4,8bd90781e17e6d97df3941063cedae1e,2026-10-06T00:15:00Z,FanDuel,fanduel,2026-10-04T18:08:22Z,New Orleans Saints,Atlanta Falcons,Juwan Johnson,,,WR,player_reception_yds,Full Game,40.5,Over,-114,fanduel|Juwan Johnson|player_reception_yds|40.5,0.53271028,0.5,https://api.the-odds-api.com/v4/sports/americanfootball_nfl
2026,4,8bd90781e17e6d97df3941063cedae1e,2026-10-06T00:15:00Z,FanDuel,fanduel,2026-10-04T18:08:22Z,New Orleans Saints,Atlanta Falcons,Juwan Johnson,,,WR,player_reception_yds,Full Game,40.5,Under,-114,fanduel|Juwan Johnson|player_reception_yds|40.5,0.53271028,0.5,https://api.the-odds-api.com/v4/sports/americanfootball_nfl
2026,4,8bd90781e17e6d97df3941063cedae1e,2026-10-06T00:15:00Z,FanDuel,fanduel,2026-10-04T18:08:22Z,New Orleans Saints,Atlanta Falcons,Jahan Dotson,,,WR,player_reception_yds,Full Game,20.5,Over,-114,fanduel|Jahan Dotson|player_reception_yds|20.5,0.53271028,0.5,https://api.the-odds-api.com/v4/sports/americanfootball_nfl
2026,4,8bd90781e17e6d97df3941063cedae1e,2026-10-06T00:15:00Z,FanDuel,fanduel,2026-10-04T18:08:22Z,New Orleans Saints,Atlanta Falcons,Jahan Dotson,,,WR,player_reception_yds,Full Game,20.5,Under,-114,fanduel|Jahan Dotson|player_reception_yds|20.5,0.53271028,0.5,https://api.the-odds-api.com/v4/sports/americanfootball_nfl
2026,4,8bd90781e17e6d97df3941063cedae1e,2026-10-06T00:15:00Z,FanDuel,fanduel,2026-10-04T18:08:22Z,New Orleans Saints,Atlanta Falcons,Drake London,,,WR,player_reception_yds,Full Game,78.5,Over,-114,fanduel|Drake London|player_reception_yds|78.5,0.53271028,0.5,https://api.the-odds-api.com/v4/sports/americanfootball_nfl
2026,4,8bd90781e17e6d97df3941063cedae1e,2026-10-06T00:15:00Z,FanDuel,fanduel,2026-10-04T18:08:22Z,New Orleans Saints,Atlanta Falcons,Drake London,,,WR,player_reception_yds,Full Game,78.5,Under,-114,fanduel|Drake London|player_reception_yds|78.5,0.53271028,0.5,https://api.the-odds-api.com/v4/sports/americanfootball_nfl
2026,4,8bd90781e17e6d97df3941063cedae1e,2026-10-06T00:15:00Z,FanDuel,fanduel,2026-10-04T18:08:22Z,New Orleans Saints,Atlanta Falcons,Olamide Zaccheaus,,,WR,player_reception_yds,Full Game,7.5,Over,-114,fanduel|Olamide Zaccheaus|player_reception_yds|7.5,0.53271028,0.5,https://api.the-odds-api.com/v4/sports/americanfootball_nfl
2026,4,8bd90781e17e6d97df3941063cedae1e,2026-10-06T00:15:00Z,FanDuel,fanduel,2026-10-04T18:08:22Z,New Orleans Saints,Atlanta Falcons,Olamide Zaccheaus,,,WR,player_reception_yds,Full Game,7.5,Under,-114,fanduel|Olamide Zaccheaus|player_reception_yds|7.5,0.53271028,0.5,https://api.the-odds-api.com/v4/sports/americanfootball_nfl
2026,4,8bd90781e17e6d97df3941063cedae1e,2026-10-06T00:15:00Z,FanDuel,fanduel,2026-10-04T18:08:22Z,New Orleans Saints,Atlanta Falcons,Austin Hooper,,,WR,player_reception_yds,Full Game,10.5,Over,-114,fanduel|Austin Hooper|player_reception_yds|10.5,0.53271028,0.5,https://api.the-odds-api.com/v4/sports/americanfootball_nfl
2026,4,8bd90781e17e6d97df3941063cedae1e,2026-10-06T00:15:00Z,FanDuel,fanduel,2026-10-04T18:08:22Z,New Orleans Saints,Atlanta Falcons,Austin Hooper,,,WR,player_reception_yds,Full Game,10.5,Under,-114,fanduel|Austin Hooper|player_reception_yds|10.5,0.53271028,0.5,https://api.the-odds-api.com/v4/sports/americanfootball_nfl
2026,4,8bd90781e17e6d97df3941063cedae1e,2026-10-06T00:15:00Z,FanDuel,fanduel,2026-10-04T18:08:22Z,New Orleans Saints,Atlanta Falcons,Alvin Kamara,,,WR,player_reception_yds,Full Game,15.5,Over,-114,fanduel|Alvin Kamara|player_reception_yds|15.5,0.53271028,0.5,https://api.the-odds-api.com/v4/sports/americanfootball_nfl
2026,4,8bd90781e17e6d97df3941063cedae1e,2026-10-06T00:15:00Z,FanDuel,fanduel,2026-10-04T18:08:22Z,New Orleans Saints,Atlanta Falcons,Alvin Kamara,,,WR,player_reception_yds,Full Game,15.5,Under,-114,fanduel|Alvin Kamara|player_reception_yds|15.5,0.53271028,0.5,https://api.the-odds-api.com/v4/sports/americanfootball_nfl
2026,4,8bd90781e17e6d97df3941063cedae1e,2026-10-06T00:15:00Z,FanDuel,fanduel,2026-10-04T18:08:22Z,New Orleans Saints,Atlanta Falcons,Noah Fant,,,WR,player_reception_yds,Full Game,16.5,Over,-114,fanduel|Noah Fant|player_reception_yds|16.5,0.53271028,0.5,https://api.the-odds-api.com/v4/sports/americanfootball_nfl
2026,4,8bd90781e17e6d97df3941063cedae1e,2026-10-06T00:15:00Z,FanDuel,fanduel,2026-10-04T18:08:22Z,New Orleans Saints,Atlanta Falcons,Noah Fant,,,WR,player_reception_yds,Full Game,16.5,Under,-114,fanduel|Noah Fant|player_reception_yds|16.5,0.53271028,0.5,https://api.the-odds-api.com/v4/sports/americanfootball_nfl
2026,4,8bd90781e17e6d97df3941063cedae1e,2026-10-06T00:15:00Z,FanDuel,fanduel,2026-10-04T18:08:22Z,New Orleans Saints,Atlanta Falcons,Kyle Pitts,,,WR,player_reception_yds,Full Game,29.5,Over,-114,fanduel|Kyle Pitts|player_reception_yds|29.5,0.53271028,0.5,https://api.the-odds-api.com/v4/sports/americanfootball_nfl
2026,4,8bd90781e17e6d97df3941063cedae1e,2026-10-06T00:15:00Z,FanDuel,fanduel,2026-10-04T18:08:22Z,New Orleans Saints,Atlanta Falcons,Kyle Pitts,,,WR,player_reception_yds,Full Game,29.5,Under,-114,fanduel|Kyle Pitts|player_reception_yds|29.5,0.53271028,0.5,https://api.the-odds-api.com/v4/sports/americanfootball_nfl
2026,4,8bd90781e17e6d97df3941063cedae1e,2026-10-06T00:15:00Z,FanDuel,fanduel,2026-10-04T18:08:22Z,New Orleans Saints,Atlanta Falcons,Devaughn Vele,,,WR,player_reception_yds,Full Game,44.5,Over,-114,fanduel|Devaughn Vele|player_reception_yds|44.5,0.53271028,0.5,https://api.the-odds-api.com/v4/sports/americanfootball_nfl
2026,4,8bd90781e17e6d97df3941063cedae1e,2026-10-06T00:15:00Z,FanDuel,fanduel,2026-10-04T18:08:22Z,New Orleans Saints,Atlanta Falcons,Devaughn Vele,,,WR,player_reception_yds,Full Game,44.5,Under,-114,fanduel|Devaughn Vele|player_reception_yds|44.5,0.53271028,0.5,https://api.the-odds-api.com/v4/sports/americanfootball_nfl
2026,4,8bd90781e17e6d97df3941063cedae1e,2026-10-06T00:15:00Z,FanDuel,fanduel,2026-10-04T18:08:22Z,New Orleans Saints,Atlanta Falcons,Chris Olave,,,WR,player_reception_yds,Full Game,85.5,Over,-114,fanduel|Chris Olave|player_reception_yds|85.5,0.53271028,0.5,https://api.the-odds-api.com/v4/sports/americanfootball_nfl
2026,4,8bd90781e17e6d97df3941063cedae1e,2026-10-06T00:15:00Z,FanDuel,fanduel,2026-10-04T18:08:22Z,New Orleans Saints,Atlanta Falcons,Chris Olave,,,WR,player_reception_yds,Full Game,85.5,Under,-114,fanduel|Chris Olave|player_reception_yds|85.5,0.53271028,0.5,https://api.the-odds-api.com/v4/sports/americanfootball_nfl
2026,4,8bd90781e17e6d97df3941063cedae1e,2026-10-06T00:15:00Z,FanDuel,fanduel,2026-10-04T18:08:22Z,New Orleans Saints,Atlanta Falcons,Bijan Robinson,,,RB,player_rush_yds,Full Game,85.5,Over,-114,fanduel|Bijan Robinson|player_rush_yds|85.5,0.53271028,0.5,https://api.the-odds-api.com/v4/sports/americanfootball_nfl
2026,4,8bd90781e17e6d97df3941063cedae1e,2026-10-06T00:15:00Z,FanDuel,fanduel,2026-10-04T18:08:22Z,New Orleans Saints,Atlanta Falcons,Bijan Robinson,,,RB,player_rush_yds,Full Game,85.5,Under,-114,fanduel|Bijan Robinson|player_rush_yds|85.5,0.53271028,0.5,https://api.the-odds-api.com/v4/sports/americanfootball_nfl
2026,4,8bd90781e17e6d97df3941063cedae1e,2026-10-06T00:15:00Z,FanDuel,fanduel,2026-10-04T18:08:22Z,New Orleans Saints,Atlanta Falcons,Brian Robinson Jr.,,,RB,player_rush_yds,Full Game,29.5,Over,-114,fanduel|Brian Robinson Jr.|player_rush_yds|29.5,0.53271028,0.5,https://api.the-odds-api.com/v4/sports/americanfootball_nfl
2026,4,8bd90781e17e6d97df3941063cedae1e,2026-10-06T00:15:00Z,FanDuel,fanduel,2026-10-04T18:08:22Z,New Orleans Saints,Atlanta Falcons,Brian Robinson Jr.,,,RB,player_rush_yds,Full Game,29.5,Under,-114,fanduel|Brian Robinson Jr.|player_rush_yds|29.5,0.53271028,0.5,https://api.the-odds-api.com/v4/sports/americanfootball_nfl
2026,4,8bd90781e17e6d97df3941063cedae1e,2026-10-06T00:15:00Z,FanDuel,fanduel,2026-10-04T18:08:22Z,New Orleans Saints,Atlanta Falcons,Alvin Kamara,,,RB,player_rush_yds,Full Game,37.5,Over,-114,fanduel|Alvin Kamara|player_rush_yds|37.5,0.53271028,0.5,https://api.the-odds-api.com/v4/sports/americanfootball_nfl
2026,4,8bd90781e17e6d97df3941063cedae1e,2026-10-06T00:15:00Z,FanDuel,fanduel,2026-10-04T18:08:22Z,New Orleans Saints,Atlanta Falcons,Alvin Kamara,,,RB,player_rush_yds,Full Game,37.5,Under,-114,fanduel|Alvin Kamara|player_rush_yds|37.5,0.53271028,0.5,https://api.the-odds-api.com/v4/sports/americanfootball_nfl
2026,4,8bd90781e17e6d97df3941063cedae1e,2026-10-06T00:15:00Z,FanDuel,fanduel,2026-10-04T18:08:22Z,New Orleans Saints,Atlanta Falcons,Tyler Shough,,,RB,player_rush_yds,Full Game,16.5,Over,-114,fanduel|Tyler Shough|player_rush_yds|16.5,0.53271028,0.5,https://api.the-odds-api.com/v4/sports/americanfootball_nfl
2026,4,8bd90781e17e6d97df3941063cedae1e,2026-10-06T00:15:00Z,FanDuel,fanduel,2026-10-04T18:08:22Z,New Orleans Saints,Atlanta Falcons,Tyler Shough,,,RB,player_rush_yds,Full Game,16.5,Under,-114,fanduel|Tyler Shough|player_rush_yds|16.5,0.53271028,0.5,https://api.the-odds-api.com/v4/sports/americanfootball_nfl
2026,4,8bd90781e17e6d97df3941063cedae1e,2026-10-06T00:15:00Z,FanDuel,fanduel,2026-10-04T18:08:22Z,New Orleans Saints,Atlanta Falcons,Michael Penix Jr.,,,RB,player_rush_yds,Full Game,5.5,Over,-114,fanduel|Michael Penix Jr.|player_rush_yds|5.5,0.53271028,0.5,https://api.the-odds-api.com/v4/sports/americanfootball_nfl
2026,4,8bd90781e17e6d97df3941063cedae1e,2026-10-06T00:15:00Z,FanDuel,fanduel,2026-10-04T18:08:22Z,New Orleans Saints,Atlanta Falcons,Michael Penix Jr.,,,RB,player_rush_yds,Full Game,5.5,Under,-114,fanduel|Michael Penix Jr.|player_rush_yds|5.5,0.53271028,0.5,https://api.the-odds-api.com/v4/sports/americanfootball_nfl
2026,4,8bd90781e17e6d97df3941063cedae1e,2026-10-06T00:15:00Z,FanDuel,fanduel,2026-10-04T18:08:22Z,New Orleans Saints,Atlanta Falcons,Kendre Miller,,,RB,player_rush_yds,Full Game,25.5,Over,-114,fanduel|Kendre Miller|player_rush_yds|25.5,0.53271028,0.5,https://api.the-odds-api.com/v4/sports/americanfootball_nfl
2026,4,8bd90781e17e6d97df3941063cedae1e,2026-10-06T00:15:00Z,FanDuel,fanduel,2026-10-04T18:08:22Z,New Orleans Saints,Atlanta Falcons,Kendre Miller,,,RB,player_rush_yds,Full Game,25.5,Under,-114,fanduel|Kendre Miller|player_rush_yds|25.5,0.53271028,0.5,https://api.the-odds-api.com/v4/sports/americanfootball_nfl
2026,4,8bd90781e17e6d97df3941063cedae1e,2026-10-06T00:15:00Z,BetOnline.ag,betonlineag,2026-10-04T18:07:15Z,New Orleans Saints,Atlanta Falcons,Devaughn Vele,,,WR,player_reception_yds,Full Game,44.5,Over,-114,betonlineag|Devaughn Vele|player_reception_yds|44.5,0.53271028,0.5,https://api.the-odds-api.com/v4/sports/americanfootball_nfl
2026,4,8bd90781e17e6d97df3941063cedae1e,2026-10-06T00:15:00Z,BetOnline.ag,betonlineag,2026-10-04T18:07:15Z,New Orleans Saints,Atlanta Falcons,Devaughn Vele,,,WR,player_reception_yds,Full Game,44.5,Under,-114,betonlineag|Devaughn Vele|player_reception_yds|44.5,0.53271028,0.5,https://api.the-odds-api.com/v4/sports/americanfootball_nfl
2026,4,8bd90781e17e6d97df3941063cedae1e,2026-10-06T00:15:00Z,BetOnline.ag,betonlineag,2026-10-04T18:07:15Z,New Orleans Saints,Atlanta Falcons,Bijan Robinson,,,WR,player_reception_yds,Full Game,39.5,Over,-115,betonlineag|Bijan Robinson|player_reception_yds|39.5,0.53488372,0.50309533,https://api.the-odds-api.com/v4/sports/americanfootball_nfl
2026,4,8bd90781e17e6d97df3941063cedae1e,2026-10-06T00:15:00Z,BetOnline.ag,betonlineag,2026-10-04T18:07:15Z,New Orleans Saints,Atlanta Falcons,Bijan Robinson,,,WR,player_reception_yds,Full Game,39.5,Under,-112,betonlineag|Bijan Robinson|player_reception_yds|39.5,0.52830189,0.49690467,https://api.the-odds-api.com/v4/sports/americanfootball_nfl
2026,4,8bd90781e17e6d97df3941063cedae1e,2026-10-06T00:15:00Z,BetOnline.ag,betonlineag,2026-10-04T18:07:15Z,New Orleans Saints,Atlanta Falcons,Chris Olave,,,WR,player_reception_yds,Full Game,85.5,Over,-114,betonlineag|Chris Olave|player_reception_yds|85.5,0.53271028,0.5,https://api.the-odds-api.com/v4/sports/americanfootball_nfl
2026,4,8bd90781e17e6d97df3941063cedae1e,2026-10-06T00:15:00Z,BetOnline.ag,betonlineag,2026-10-04T18:07:15Z,New Orleans Saints,Atlanta Falcons,Chris Olave,,,WR,player_reception_yds,Full Game,85.5,Under,-114,betonlineag|Chris Olave|player_reception_yds|85.5,0.53271028,0.5,https://api.the-odds-api.com/v4/sports/americanfootball_nfl
2026,4,8bd90781e17e6d97df3941063cedae1e,2026-10-06T00:15:00Z,BetOnline.ag,betonlineag,2026-10-04T18:07:15Z,New Orleans Saints,Atlanta Falcons,Drake London,,,WR,player_reception_yds,Full Game,78.5,Over,-116,betonlineag|Drake London|player_reception_yds|78.5,0.53703704,0.50515975,https://api.the-odds-api.com/v4/sports/americanfootball_nfl
2026,4,8bd90781e17e6d97df3941063cedae1e,2026-10-06T00:15:00Z,BetOnline.ag,betonlineag,2026-10-04T18:07:15Z,New Orleans Saints,Atlanta Falcons,Drake London,,,WR,player_reception_yds,Full Game,78.5,Under,-111,betonlineag|Drake London|player_reception_yds|78.5,0.52606635,0.49484025,https://api.the-odds-api.com/v4/sports/americanfootball_nfl
2026,4,8bd90781e17e6d97df3941063cedae1e,2026-10-06T00:15:00Z,BetOnline.ag,betonlineag,2026-10-04T18:07:15Z,New Orleans Saints,Atlanta Falcons,Jahan Dotson,,,WR,player_reception_yds,Full Game,18.5,Over,-115,betonlineag|Jahan Dotson|player_reception_yds|18.5,0.53488372,0.50309533,https://api.the-odds-api.com/v4/sports/americanfootball_nfl
2026,4,8bd90781e17e6d97df3941063cedae1e,2026-10-06T00:15:00Z,BetOnline.ag,betonlineag,2026-10-04T18:07:15Z,New Orleans Saints,Atlanta Falcons,Jahan Dotson,,,WR,player_reception_yds,Full Game,18.5,Under,-112,betonlineag|Jahan Dotson|player_reception_yds|18.5,0.52830189,0.49690467,https://api.the-odds-api.com/v4/sports/americanfootball_nfl
2026,4,8bd90781e17e6d97df3941063cedae1e,2026-10-06T00:15:00Z,BetOnline.ag,betonlineag,2026-10-04T18:07:15Z,New Orleans Saints,Atlanta Falcons,Austin Hooper,,,WR,player_reception_yds,Full Game,10.5,Over,-114,betonlineag|Austin Hooper|player_reception_yds|10.5,0.53271028,0.5,https://api.the-odds-api.com/v4/sports/americanfootball_nfl
2026,4,8bd90781e17e6d97df3941063cedae1e,2026-10-06T00:15:00Z,BetOnline.ag,betonlineag,2026-10-04T18:07:15Z,New Orleans Saints,Atlanta Falcons,Austin Hooper,,,WR,player_reception_yds,Full Game,10.5,Under,-114,betonlineag|Austin Hooper|player_reception_yds|10.5,0.53271028,0.5,https://api.the-odds-api.com/v4/sports/americanfootball_nfl
2026,4,8bd90781e17e6d97df3941063cedae1e,2026-10-06T00:15:00Z,BetOnline.ag,betonlineag,2026-10-04T18:07:15Z,New Orleans Saints,Atlanta Falcons,Noah Fant,,,WR,player_reception_yds,Full Game,17.5,Over,-114,betonlineag|Noah Fant|player_reception_yds|17.5,0.53271028,0.5,https://api.the-odds-api.com/v4/sports/americanfootball_nfl
2026,4,8bd90781e17e6d97df3941063cedae1e,2026-10-06T00:15:00Z,BetOnline.ag,betonlineag,2026-10-04T18:07:15Z,New Orleans Saints,Atlanta Falcons,Noah Fant,,,WR,player_reception_yds,Full Game,17.5,Under,-114,betonlineag|Noah Fant|player_reception_yds|17.5,0.53271028,0.5,https://api.the-odds-api.com/v4/sports/americanfootball_nfl
2026,4,8bd90781e17e6d97df3941063cedae1e,2026-10-06T00:15:00Z,BetOnline.ag,betonlineag,2026-10-04T18:07:15Z,New Orleans Saints,Atlanta Falcons,Olamide Zaccheaus,,,WR,player_reception_yds,Full Game,7.5,Over,-123,betonlineag|Olamide Zaccheaus|player_reception_yds|7.5,0.55156951,0.51967526,https://api.the-odds-api.com/v4/sports/americanfootball_nfl
2026,4,8bd90781e17e6d97df3941063cedae1e,2026-10-06T00:15:00Z,BetOnline.ag,betonlineag,2026-10-04T18:07:15Z,New Orleans Saints,Atlanta Falcons,Olamide Zaccheaus,,,WR,player_reception_yds,Full Game,7.5,Under,-104,betonlineag|Olamide Zaccheaus|player_reception_yds|7.5,0.50980392,0.48032474,https://api.the-odds-api.com/v4/sports/americanfootball_nfl
2026,4,8bd90781e17e6d97df3941063cedae1e,2026-10-06T00:15:00Z,BetOnline.ag,betonlineag,2026-10-04T18:07:15Z,New Orleans Saints,Atlanta Falcons,Kyle Pitts,,,WR,player_reception_yds,Full Game,29.5,Over,-114,betonlineag|Kyle Pitts|player_reception_yds|29.5,0.53271028,0.5,https://api.the-odds-api.com/v4/sports/americanfootball_nfl
2026,4,8bd90781e17e6d97df3941063cedae1e,2026-10-06T00:15:00Z,BetOnline.ag,betonlineag,2026-10-04T18:07:15Z,New Orleans Saints,Atlanta Falcons,Kyle Pitts,,,WR,player_reception_yds,Full Game,29.5,Under,-114,betonlineag|Kyle Pitts|player_reception_yds|29.5,0.53271028,0.5,https://api.the-odds-api.com/v4/sports/americanfootball_nfl
2026,4,8bd90781e17e6d97df3941063cedae1e,2026-10-06T00:15:00Z,BetOnline.ag,betonlineag,2026-10-04T18:07:15Z,New Orleans Saints,Atlanta Falcons,Alvin Kamara,,,WR,player_reception_yds,Full Game,15.5,Over,-116,betonlineag|Alvin Kamara|player_reception_yds|15.5,0.53703704,0.50515975,https://api.the-odds-api.com/v4/sports/americanfootball_nfl
2026,4,8bd90781e17e6d97df3941063cedae1e,2026-10-06T00:15:00Z,BetOnline.ag,betonlineag,2026-10-04T18:07:15Z,New Orleans Saints,Atlanta Falcons,Alvin Kamara,,,WR,player_reception_yds,Full Game,15.5,Under,-111,betonlineag|Alvin Kamara|player_reception_yds|15.5,0.52606635,0.49484025,https://api.the-odds-api.com/v4/sports/americanfootball_nfl
2026,4,8bd90781e17e6d97df3941063cedae1e,2026-10-06T00:15:00Z,BetOnline.ag,betonlineag,2026-10-04T18:07:15Z,New Orleans Saints,Atlanta Falcons,Juwan Johnson,,,WR,player_reception_yds,Full Game,41.5,Over,-114,betonlineag|Juwan Johnson|player_reception_yds|41.5,0.53271028,0.5,https://api.the-odds-api.com/v4/sports/americanfootball_nfl
2026,4,8bd90781e17e6d97df3941063cedae1e,2026-10-06T00:15:00Z,BetOnline.ag,betonlineag,2026-10-04T18:07:15Z,New Orleans Saints,Atlanta Falcons,Juwan Johnson,,,WR,player_reception_yds,Full Game,41.5,Under,-114,betonlineag|Juwan Johnson|player_reception_yds|41.5,0.53271028,0.5,https://api.the-odds-api.com/v4/sports/americanfootball_nfl
2026,4,8bd90781e17e6d97df3941063cedae1e,2026-10-06T00:15:00Z,BetOnline.ag,betonlineag,2026-10-04T18:07:15Z,New Orleans Saints,Atlanta Falcons,Michael Penix Jr.,,,RB,player_rush_yds,Full Game,5.5,Over,-115,betonlineag|Michael Penix Jr.|player_rush_yds|5.5,0.53488372,0.50309533,https://api.the-odds-api.com/v4/sports/americanfootball_nfl
2026,4,8bd90781e17e6d97df3941063cedae1e,2026-10-06T00:15:00Z,BetOnline.ag,betonlineag,2026-10-04T18:07:15Z,New Orleans Saints,Atlanta Falcons,Michael Penix Jr.,,,RB,player_rush_yds,Full Game,5.5,Under,-112,betonlineag|Michael Penix Jr.|player_rush_yds|5.5,0.52830189,0.49690467,https://api.the-odds-api.com/v4/sports/americanfootball_nfl
2026,4,8bd90781e17e6d97df3941063cedae1e,2026-10-06T00:15:00Z,BetOnline.ag,betonlineag,2026-10-04T18:07:15Z,New Orleans Saints,Atlanta Falcons,Tyler Shough,,,RB,player_rush_yds,Full Game,16.5,Over,-114,betonlineag|Tyler Shough|player_rush_yds|16.5,0.53271028,0.5,https://api.the-odds-api.com/v4/sports/americanfootball_nfl
2026,4,8bd90781e17e6d97df3941063cedae1e,2026-10-06T00:15:00Z,BetOnline.ag,betonlineag,2026-10-04T18:07:15Z,New Orleans Saints,Atlanta Falcons,Tyler Shough,,,RB,player_rush_yds,Full Game,16.5,Under,-114,betonlineag|Tyler Shough|player_rush_yds|16.5,0.53271028,0.5,https://api.the-odds-api.com/v4/sports/americanfootball_nfl
2026,4,8bd90781e17e6d97df3941063cedae1e,2026-10-06T00:15:00Z,BetOnline.ag,betonlineag,2026-10-04T18:07:15Z,New Orleans Saints,Atlanta Falcons,Brian Robinson Jr.,,,RB,player_rush_yds,Full Game,29.5,Over,-114,betonlineag|Brian Robinson Jr.|player_rush_yds|29.5,0.53271028,0.5,https://api.the-odds-api.com/v4/sports/americanfootball_nfl
2026,4,8bd90781e17e6d97df3941063cedae1e,2026-10-06T00:15:00Z,BetOnline.ag,betonlineag,2026-10-04T18:07:15Z,New Orleans Saints,Atlanta Falcons,Brian Robinson Jr.,,,RB,player_rush_yds,Full Game,29.5,Under,-114,betonlineag|Brian Robinson Jr.|player_rush_yds|29.5,0.53271028,0.5,https://api.the-odds-api.com/v4/sports/americanfootball_nfl
2026,4,8bd90781e17e6d97df3941063cedae1e,2026-10-06T00:15:00Z,BetOnline.ag,betonlineag,2026-10-04T18:07:15Z,New Orleans Saints,Atlanta Falcons,Bijan Robinson,,,RB,player_rush_yds,Full Game,85.5,Over,-114,betonlineag|Bijan Robinson|player_rush_yds|85.5,0.53271028,0.5,https://api.the-odds-api.com/v4/sports/americanfootball_nfl
2026,4,8bd90781e17e6d97df3941063cedae1e,2026-10-06T00:15:00Z,BetOnline.ag,betonlineag,2026-10-04T18:07:15Z,New Orleans Saints,Atlanta Falcons,Bijan Robinson,,,RB,player_rush_yds,Full Game,85.5,Under,-114,betonlineag|Bijan Robinson|player_rush_yds|85.5,0.53271028,0.5,https://api.the-odds-api.com/v4/sports/americanfootball_nfl
2026,4,8bd90781e17e6d97df3941063cedae1e,2026-10-06T00:15:00Z,BetOnline.ag,betonlineag,2026-10-04T18:07:15Z,New Orleans Saints,Atlanta Falcons,Kendre Miller,,,RB,player_rush_yds,Full Game,25.5,Over,-116,betonlineag|Kendre Miller|player_rush_yds|25.5,0.53703704,0.50515975,https://api.the-odds-api.com/v4/sports/americanfootball_nfl
2026,4,8bd90781e17e6d97df3941063cedae1e,2026-10-06T00:15:00Z,BetOnline.ag,betonlineag,2026-10-04T18:07:15Z,New Orleans Saints,Atlanta Falcons,Kendre Miller,,,RB,player_rush_yds,Full Game,25.5,Under,-111,betonlineag|Kendre Miller|player_rush_yds|25.5,0.52606635,0.49484025,https://api.the-odds-api.com/v4/sports/americanfootball_nfl
2026,4,8bd90781e17e6d97df3941063cedae1e,2026-10-06T00:15:00Z,BetOnline.ag,betonlineag,2026-10-04T18:07:15Z,New Orleans Saints,Atlanta Falcons,Alvin Kamara,,,RB,player_rush_yds,Full Game,37.5,Over,-114,betonlineag|Alvin Kamara|player_rush_yds|37.5,0.53271028,0.5,https://api.the-odds-api.com/v4/sports/americanfootball_nfl
2026,4,8bd90781e17e6d97df3941063cedae1e,2026-10-06T00:15:00Z,BetOnline.ag,betonlineag,2026-10-04T18:07:15Z,New Orleans Saints,Atlanta Falcons,Alvin Kamara,,,RB,player_rush_yds,Full Game,37.5,Under,-114,betonlineag|Alvin Kamara|player_rush_yds|37.5,0.53271028,0.5,https://api.the-odds-api.com/v4/sports/americanfootball_nfl
2026,4,8bd90781e17e6d97df3941063cedae1e,2026-10-06T00:15:00Z,BetRivers,betrivers,2026-10-04T18:08:20Z,New Orleans Saints,Atlanta Falcons,Jahan Dotson,,,WR,player_reception_yds,Full Game,18.5,Over,-113,betrivers|Jahan Dotson|player_reception_yds|18.5,0.53051643,0.49497669,https://api.the-odds-api.com/v4/sports/americanfootball_nfl
2026,4,8bd90781e17e6d97df3941063cedae1e,2026-10-06T00:15:00Z,BetRivers,betrivers,2026-10-04T18:08:20Z,New Orleans Saints,Atlanta Falcons,Jahan Dotson,,,WR,player_reception_yds,Full Game,18.5,Under,-118,betrivers|Jahan Dotson|player_reception_yds|18.5,0.5412844,0.50502331,https://api.the-odds-api.com/v4/sports/americanfootball_nfl
2026,4,8bd90781e17e6d97df3941063cedae1e,2026-10-06T00:15:00Z,BetRivers,betrivers,2026-10-04T18:08:20Z,New Orleans Saints,Atlanta Falcons,Olamide Zaccheaus,,,WR,player_reception_yds,Full Game,7.5,Over,-114,betrivers|Olamide Zaccheaus|player_reception_yds|7.5,0.53271028,0.49898208,https://api.the-odds-api.com/v4/sports/americanfootball_nfl
2026,4,8bd90781e17e6d97df3941063cedae1e,2026-10-06T00:15:00Z,BetRivers,betrivers,2026-10-04T18:08:20Z,New Orleans Saints,Atlanta Falcons,Olamide Zaccheaus,,,WR,player_reception_yds,Full Game,7.5,Under,-115,betrivers|Olamide Zaccheaus|player_reception_yds|7.5,0.53488372,0.50101792,https://api.the-odds-api.com/v4/sports/americanfootball_nfl
2026,4,8bd90781e17e6d97df3941063cedae1e,2026-10-06T00:15:00Z,BetRivers,betrivers,2026-10-04T18:08:20Z,New Orleans Saints,Atlanta Falcons,Kyle Pitts,,,WR,player_reception_yds,Full Game,27.5,Over,-114,betrivers|Kyle Pitts|player_reception_yds|27.5,0.53271028,0.4969865,https://api.the-odds-api.com/v4/sports/americanfootball_nfl
2026,4,8bd90781e17e6d97df3941063cedae1e,2026-10-06T00:15:00Z,BetRivers,betrivers,2026-10-04T18:08:20Z,New Orleans Saints,Atlanta Falcons,Kyle Pitts,,,WR,player_reception_yds,Full Game,27.5,Under,-117,betrivers|Kyle Pitts|player_reception_yds|27.5,0.53917051,0.5030135,https://api.the-odds-api.com/v4/sports/americanfootball_nfl
2026,4,8bd90781e17e6d97df3941063cedae1e,2026-10-06T00:15:00Z,BetRivers,betrivers,2026-10-04T18:08:20Z,New Orleans Saints,Atlanta Falcons,Noah Fant,,,WR,player_reception_yds,Full Game,16.5,Over,-117,betrivers|Noah Fant|player_reception_yds|16.5,0.53917051,0.5030135,https://api.the-odds-api.com/v4/sports/americanfootball_nfl
2026,4,8bd90781e17e6d97df3941063cedae1e,2026-10-06T00:15:00Z,BetRivers,betrivers,2026-10-04T18:08:20Z,New Orleans Saints,Atlanta Falcons,Noah Fant,,,WR,player_reception_yds,Full Game,16.5,Under,-114,betrivers|Noah Fant|player_reception_yds|16.5,0.53271028,0.4969865,https://api.the-odds-api.com/v4/sports/americanfootball_nfl
2026,4,8bd90781e17e6d97df3941063cedae1e,2026-10-06T00:15:00Z,BetRivers,betrivers,2026-10-04T18:08:20Z,New Orleans Saints,Atlanta Falcons,Alvin Kamara,,,WR,player_reception_yds,Full Game,14.5,Over,-120,betrivers|Alvin Kamara|player_reception_yds|14.5,0.54545455,0.51012146,https://api.the-odds-api.com/v4/sports/americanfootball_nfl
2026,4,8bd90781e17e6d97df3941063cedae1e,2026-10-06T00:15:00Z,BetRivers,betrivers,2026-10-04T18:08:20Z,New Orleans Saints,Atlanta Falcons,Alvin Kamara,,,WR,player_reception_yds,Full Game,14.5,Under,-110,betrivers|Alvin Kamara|player_reception_yds|14.5,0.52380952,0.48987854,https://api.the-odds-api.com/v4/sports/americanfootball_nfl
2026,4,8bd90781e17e6d97df3941063cedae1e,2026-10-06T00:15:00Z,BetRivers,betrivers,2026-10-04T18:08:20Z,New Orleans Saints,Atlanta Falcons,Austin Hooper,,,WR,player_reception_yds,Full Game,9.5,Over,-118,betrivers|Austin Hooper|player_reception_yds|9.5,0.5412844,0.50502331,https://api.the-odds-api.com/v4/sports/americanfootball_nfl
2026,4,8bd90781e17e6d97df3941063cedae1e,2026-10-06T00:15:00Z,BetRivers,betrivers,2026-10-04T18:08:20Z,New Orleans Saints,Atlanta Falcons,Austin Hooper,,,WR,player_reception_yds,Full Game,9.5,Under,-113,betrivers|Austin Hooper|player_reception_yds|9.5,0.53051643,0.49497669,https://api.the-odds-api.com/v4/sports/americanfootball_nfl
2026,4,8bd90781e17e6d97df3941063cedae1e,2026-10-06T00:15:00Z,BetRivers,betrivers,2026-10-04T18:08:20Z,New Orleans Saints,Atlanta Falcons,Devaughn Vele,,,WR,player_reception_yds,Full Game,44.5,Over,-113,betrivers|Devaughn Vele|player_reception_yds|44.5,0.53051643,0.49497669,https://api.the-odds-api.com/v4/sports/americanfootball_nfl
2026,4,8bd90781e17e6d97df3941063cedae1e,2026-10-06T00:15:00Z,BetRivers,betrivers,2026-10-04T18:08:20Z,New Orleans Saints,Atlanta Falcons,Devaughn Vele,,,WR,player_reception_yds,Full Game,44.5,Under,-118,betrivers|Devaughn Vele|player_reception_yds|44.5,0.5412844,0.50502331,https://api.the-odds-api.com/v4/sports/americanfootball_nfl
2026,4,8bd90781e17e6d97df3941063cedae1e,2026-10-06T00:15:00Z,BetRivers,betrivers,2026-10-04T18:08:20Z,New Orleans Saints,Atlanta Falcons,Bijan Robinson,,,WR,player_reception_yds,Full Game,38.5,Over,-117,betrivers|Bijan Robinson|player_reception_yds|38.5,0.53917051,0.5030135,https://api.the-odds-api.com/v4/sports/americanfootball_nfl
2026,4,8bd90781e17e6d97df3941063cedae1e,2026-10-06T00:15:00Z,BetRivers,betrivers,2026-10-04T18:08:20Z,New Orleans Saints,Atlanta Falcons,Bijan Robinson,,,WR,player_reception_yds,Full Game,38.5,Under,-114,betrivers|Bijan Robinson|player_reception_yds|38.5,0.53271028,0.4969865,https://api.the-odds-api.com/v4/sports/americanfootball_nfl
2026,4,8bd90781e17e6d97df3941063cedae1e,2026-10-06T00:15:00Z,BetRivers,betrivers,2026-10-04T18:08:20Z,New Orleans Saints,Atlanta Falcons,Drake London,,,WR,player_reception_yds,Full Game,76.5,Over,-117,betrivers|Drake London|player_reception_yds|76.5,0.53917051,0.5030135,https://api.the-odds-api.com/v4/sports/americanfootball_nfl
2026,4,8bd90781e17e6d97df3941063cedae1e,2026-10-06T00:15:00Z,BetRivers,betrivers,2026-10-04T18:08:20Z,New Orleans Saints,Atlanta Falcons,Drake London,,,WR,player_reception_yds,Full Game,76.5,Under,-114,betrivers|Drake London|player_reception_yds|76.5,0.53271028,0.4969865,https://api.the-odds-api.com/v4/sports/americanfootball_nfl
2026,4,8bd90781e17e6d97df3941063cedae1e,2026-10-06T00:15:00Z,BetRivers,betrivers,2026-10-04T18:08:20Z,New Orleans Saints,Atlanta Falcons,Juwan Johnson,,,WR,player_reception_yds,Full Game,39.5,Over,-117,betrivers|Juwan Johnson|player_reception_yds|39.5,0.53917051,0.5030135,https://api.the-odds-api.com/v4/sports/americanfootball_nfl
2026,4,8bd90781e17e6d97df3941063cedae1e,2026-10-06T00:15:00Z,BetRivers,betrivers,2026-10-04T18:08:20Z,New Orleans Saints,Atlanta Falcons,Juwan Johnson,,,WR,player_reception_yds,Full Game,39.5,Under,-114,betrivers|Juwan Johnson|player_reception_yds|39.5,0.53271028,0.4969865,https://api.the-odds-api.com/v4/sports/americanfootball_nfl
2026,4,8bd90781e17e6d97df3941063cedae1e,2026-10-06T00:15:00Z,BetRivers,betrivers,2026-10-04T18:08:20Z,New Orleans Saints,Atlanta Falcons,Chris Olave,,,WR,player_reception_yds,Full Game,81.5,Over,-113,betrivers|Chris Olave|player_reception_yds|81.5,0.53051643,0.49497669,https://api.the-odds-api.com/v4/sports/americanfootball_nfl
2026,4,8bd90781e17e6d97df3941063cedae1e,2026-10-06T00:15:00Z,BetRivers,betrivers,2026-10-04T18:08:20Z,New Orleans Saints,Atlanta Falcons,Chris Olave,,,WR,player_reception_yds,Full Game,81.5,Under,-118,betrivers|Chris Olave|player_reception_yds|81.5,0.5412844,0.50502331,https://api.the-odds-api.com/v4/sports/americanfootball_nfl
2026,4,8bd90781e17e6d97df3941063cedae1e,2026-10-06T00:15:00Z,BetRivers,betrivers,2026-10-04T18:08:20Z,New Orleans Saints,Atlanta Falcons,Brian Robinson Jr.,,,RB,player_rush_yds,Full Game,29.5,Over,-120,betrivers|Brian Robinson Jr.|player_rush_yds|29.5,0.54545455,0.50798722,https://api.the-odds-api.com/v4/sports/americanfootball_nfl
2026,4,8bd90781e17e6d97df3941063cedae1e,2026-10-06T00:15:00Z,BetRivers,betrivers,2026-10-04T18:08:20Z,New Orleans Saints,Atlanta Falcons,Brian Robinson Jr.,,,RB,player_rush_yds,Full Game,29.5,Under,-112,betrivers|Brian Robinson Jr.|player_rush_yds|29.5,0.52830189,0.49201278,https://api.the-odds-api.com/v4/sports/americanfootball_nfl
2026,4,8bd90781e17e6d97df3941063cedae1e,2026-10-06T00:15:00Z,BetRivers,betrivers,2026-10-04T18:08:20Z,New Orleans Saints,Atlanta Falcons,Kendre Miller,,,RB,player_rush_yds,Full Game,27.5,Over,-110,betrivers|Kendre Miller|player_rush_yds|27.5,0.52380952,0.48987854,https://api.the-odds-api.com/v4/sports/americanfootball_nfl
2026,4,8bd90781e17e6d97df3941063cedae1e,2026-10-06T00:15:00Z,BetRivers,betrivers,2026-10-04T18:08:20Z,New Orleans Saints,Atlanta Falcons,Kendre Miller,,,RB,player_rush_yds,Full Game,27.5,Under,-120,betrivers|Kendre Miller|player_rush_yds|27.5,0.54545455,0.51012146,https://api.the-odds-api.com/v4/sports/americanfootball_nfl
2026,4,8bd90781e17e6d97df3941063cedae1e,2026-10-06T00:15:00Z,BetRivers,betrivers,2026-10-04T18:08:20Z,New Orleans Saints,Atlanta Falcons,Alvin Kamara,,,RB,player_rush_yds,Full Game,36.5,Over,-117,betrivers|Alvin Kamara|player_rush_yds|36.5,0.53917051,0.5030135,https://api.the-odds-api.com/v4/sports/americanfootball_nfl
2026,4,8bd90781e17e6d97df3941063cedae1e,2026-10-06T00:15:00Z,BetRivers,betrivers,2026-10-04T18:08:20Z,New Orleans Saints,Atlanta Falcons,Alvin Kamara,,,RB,player_rush_yds,Full Game,36.5,Under,-114,betrivers|Alvin Kamara|player_rush_yds|36.5,0.53271028,0.4969865,https://api.the-odds-api.com/v4/sports/americanfootball_nfl
2026,4,8bd90781e17e6d97df3941063cedae1e,2026-10-06T00:15:00Z,BetRivers,betrivers,2026-10-04T18:08:20Z,New Orleans Saints,Atlanta Falcons,Tyler Shough,,,RB,player_rush_yds,Full Game,15.5,Over,-118,betrivers|Tyler Shough|player_rush_yds|15.5,0.5412844,0.50502331,https://api.the-odds-api.com/v4/sports/americanfootball_nfl
2026,4,8bd90781e17e6d97df3941063cedae1e,2026-10-06T00:15:00Z,BetRivers,betrivers,2026-10-04T18:08:20Z,New Orleans Saints,Atlanta Falcons,Tyler Shough,,,RB,player_rush_yds,Full Game,15.5,Under,-113,betrivers|Tyler Shough|player_rush_yds|15.5,0.53051643,0.49497669,https://api.the-odds-api.com/v4/sports/americanfootball_nfl
2026,4,8bd90781e17e6d97df3941063cedae1e,2026-10-06T00:15:00Z,BetRivers,betrivers,2026-10-04T18:08:20Z,New Orleans Saints,Atlanta Falcons,Bijan Robinson,,,RB,player_rush_yds,Full Game,89.5,Over,-115,betrivers|Bijan Robinson|player_rush_yds|89.5,0.53488372,0.5,https://api.the-odds-api.com/v4/sports/americanfootball_nfl
2026,4,8bd90781e17e6d97df3941063cedae1e,2026-10-06T00:15:00Z,BetRivers,betrivers,2026-10-04T18:08:20Z,New Orleans Saints,Atlanta Falcons,Bijan Robinson,,,RB,player_rush_yds,Full Game,89.5,Under,-115,betrivers|Bijan Robinson|player_rush_yds|89.5,0.53488372,0.5,https://api.the-odds-api.com/v4/sports/americanfootball_nfl
2026,4,8bd90781e17e6d97df3941063cedae1e,2026-10-06T00:15:00Z,PrizePicks,prizepicks,2026-10-04T18:07:32Z,New Orleans Saints,Atlanta Falcons,Chris Olave,,,WR,player_reception_yds,Full Game,85.5,Over,-137,prizepicks|Chris Olave|player_reception_yds|85.5,0.57805907,0.5,https://api.the-odds-api.com/v4/sports/americanfootball_nfl
2026,4,8bd90781e17e6d97df3941063cedae1e,2026-10-06T00:15:00Z,PrizePicks,prizepicks,2026-10-04T18:07:32Z,New Orleans Saints,Atlanta Falcons,Chris Olave,,,WR,player_reception_yds,Full Game,85.5,Under,-137,prizepicks|Chris Olave|player_reception_yds|85.5,0.57805907,0.5,https://api.the-odds-api.com/v4/sports/americanfootball_nfl
2026,4,8bd90781e17e6d97df3941063cedae1e,2026-10-06T00:15:00Z,PrizePicks,prizepicks,2026-10-04T18:07:32Z,New Orleans Saints,Atlanta Falcons,Drake London,,,WR,player_reception_yds,Full Game,78.5,Over,-137,prizepicks|Drake London|player_reception_yds|78.5,0.57805907,0.5,https://api.the-odds-api.com/v4/sports/americanfootball_nfl
2026,4,8bd90781e17e6d97df3941063cedae1e,2026-10-06T00:15:00Z,PrizePicks,prizepicks,2026-10-04T18:07:32Z,New Orleans Saints,Atlanta Falcons,Drake London,,,WR,player_reception_yds,Full Game,78.5,Under,-137,prizepicks|Drake London|player_reception_yds|78.5,0.57805907,0.5,https://api.the-odds-api.com/v4/sports/americanfootball_nfl
2026,4,8bd90781e17e6d97df3941063cedae1e,2026-10-06T00:15:00Z,PrizePicks,prizepicks,2026-10-04T18:07:32Z,New Orleans Saints,Atlanta Falcons,Devaughn Vele,,,WR,player_reception_yds,Full Game,44.5,Over,-137,prizepicks|Devaughn Vele|player_reception_yds|44.5,0.57805907,0.5,https://api.the-odds-api.com/v4/sports/americanfootball_nfl
2026,4,8bd90781e17e6d97df3941063cedae1e,2026-10-06T00:15:00Z,PrizePicks,prizepicks,2026-10-04T18:07:32Z,New Orleans Saints,Atlanta Falcons,Devaughn Vele,,,WR,player_reception_yds,Full Game,44.5,Under,-137,prizepicks|Devaughn Vele|player_reception_yds|44.5,0.57805907,0.5,https://api.the-odds-api.com/v4/sports/americanfootball_nfl
2026,4,8bd90781e17e6d97df3941063cedae1e,2026-10-06T00:15:00Z,PrizePicks,prizepicks,2026-10-04T18:07:32Z,New Orleans Saints,Atlanta Falcons,Juwan Johnson,,,WR,player_reception_yds,Full Game,40.5,Over,-137,prizepicks|Juwan Johnson|player_reception_yds|40.5,0.57805907,0.5,https://api.the-odds-api.com/v4/sports/americanfootball_nfl
2026,4,8bd90781e17e6d97df3941063cedae1e,2026-10-06T00:15:00Z,PrizePicks,prizepicks,2026-10-04T18:07:32Z,New Orleans Saints,Atlanta Falcons,Juwan Johnson,,,WR,player_reception_yds,Full Game,40.5,Under,-137,prizepicks|Juwan Johnson|player_reception_yds|40.5,0.57805907,0.5,https://api.the-odds-api.com/v4/sports/americanfootball_nfl
2026,4,8bd90781e17e6d97df3941063cedae1e,2026-10-06T00:15:00Z,PrizePicks,prizepicks,2026-10-04T18:07:32Z,New Orleans Saints,Atlanta Falcons,Bijan Robinson,,,WR,player_reception_yds,Full Game,39.5,Over,-137,prizepicks|Bijan Robinson|player_reception_yds|39.5,0.57805907,0.5,https://api.the-odds-api.com/v4/sports/americanfootball_nfl
2026,4,8bd90781e17e6d97df3941063cedae1e,2026-10-06T00:15:00Z,PrizePicks,prizepicks,2026-10-04T18:07:32Z,New Orleans Saints,Atlanta Falcons,Bijan Robinson,,,WR,player_reception_yds,Full Game,39.5,Under,-137,prizepicks|Bijan Robinson|player_reception_yds|39.5,0.57805907,0.5,https://api.the-odds-api.com/v4/sports/americanfootball_nfl
2026,4,8bd90781e17e6d97df3941063cedae1e,2026-10-06T00:15:00Z,PrizePicks,prizepicks,2026-10-04T18:07:32Z,New Orleans Saints,Atlanta Falcons,Kyle Pitts,,,WR,player_reception_yds,Full Game,28.5,Over,-137,prizepicks|Kyle Pitts|player_reception_yds|28.5,0.57805907,0.5,https://api.the-odds-api.com/v4/sports/americanfootball_nfl
2026,4,8bd90781e17e6d97df3941063cedae1e,2026-10-06T00:15:00Z,PrizePicks,prizepicks,2026-10-04T18:07:32Z,New Orleans Saints,Atlanta Falcons,Kyle Pitts,,,WR,player_reception_yds,Full Game,28.5,Under,-137,prizepicks|Kyle Pitts|player_reception_yds|28.5,0.57805907,0.5,https://api.the-odds-api.com/v4/sports/americanfootball_nfl
2026,4,8bd90781e17e6d97df3941063cedae1e,2026-10-06T00:15:00Z,PrizePicks,prizepicks,2026-10-04T18:07:32Z,New Orleans Saints,Atlanta Falcons,Jahan Dotson,,,WR,player_reception_yds,Full Game,18.5,Over,-137,prizepicks|Jahan Dotson|player_reception_yds|18.5,0.57805907,0.5,https://api.the-odds-api.com/v4/sports/americanfootball_nfl
2026,4,8bd90781e17e6d97df3941063cedae1e,2026-10-06T00:15:00Z,PrizePicks,prizepicks,2026-10-04T18:07:32Z,New Orleans Saints,Atlanta Falcons,Jahan Dotson,,,WR,player_reception_yds,Full Game,18.5,Under,-137,prizepicks|Jahan Dotson|player_reception_yds|18.5,0.57805907,0.5,https://api.the-odds-api.com/v4/sports/americanfootball_nfl
2026,4,8bd90781e17e6d97df3941063cedae1e,2026-10-06T00:15:00Z,PrizePicks,prizepicks,2026-10-04T18:07:32Z,New Orleans Saints,Atlanta Falcons,Noah Fant,,,WR,player_reception_yds,Full Game,17.5,Over,-137,prizepicks|Noah Fant|player_reception_yds|17.5,0.57805907,0.5,https://api.the-odds-api.com/v4/sports/americanfootball_nfl
2026,4,8bd90781e17e6d97df3941063cedae1e,2026-10-06T00:15:00Z,PrizePicks,prizepicks,2026-10-04T18:07:32Z,New Orleans Saints,Atlanta Falcons,Noah Fant,,,WR,player_reception_yds,Full Game,17.5,Under,-137,prizepicks|Noah Fant|player_reception_yds|17.5,0.57805907,0.5,https://api.the-odds-api.com/v4/sports/americanfootball_nfl
2026,4,8bd90781e17e6d97df3941063cedae1e,2026-10-06T00:15:00Z,PrizePicks,prizepicks,2026-10-04T18:07:32Z,New Orleans Saints,Atlanta Falcons,Alvin Kamara,,,WR,player_reception_yds,Full Game,15.5,Over,-137,prizepicks|Alvin Kamara|player_reception_yds|15.5,0.57805907,0.5,https://api.the-odds-api.com/v4/sports/americanfootball_nfl
2026,4,8bd90781e17e6d97df3941063cedae1e,2026-10-06T00:15:00Z,PrizePicks,prizepicks,2026-10-04T18:07:32Z,New Orleans Saints,Atlanta Falcons,Alvin Kamara,,,WR,player_reception_yds,Full Game,15.5,Under,-137,prizepicks|Alvin Kamara|player_reception_yds|15.5,0.57805907,0.5,https://api.the-odds-api.com/v4/sports/americanfootball_nfl
2026,4,8bd90781e17e6d97df3941063cedae1e,2026-10-06T00:15:00Z,PrizePicks,prizepicks,2026-10-04T18:07:32Z,New Orleans Saints,Atlanta Falcons,Austin Hooper,,,WR,player_reception_yds,Full Game,10.5,Over,-137,prizepicks|Austin Hooper|player_reception_yds|10.5,0.57805907,0.5,https://api.the-odds-api.com/v4/sports/americanfootball_nfl
2026,4,8bd90781e17e6d97df3941063cedae1e,2026-10-06T00:15:00Z,PrizePicks,prizepicks,2026-10-04T18:07:32Z,New Orleans Saints,Atlanta Falcons,Austin Hooper,,,WR,player_reception_yds,Full Game,10.5,Under,-137,prizepicks|Austin Hooper|player_reception_yds|10.5,0.57805907,0.5,https://api.the-odds-api.com/v4/sports/americanfootball_nfl
2026,4,8bd90781e17e6d97df3941063cedae1e,2026-10-06T00:15:00Z,PrizePicks,prizepicks,2026-10-04T18:07:32Z,New Orleans Saints,Atlanta Falcons,Olamide Zaccheaus,,,WR,player_reception_yds,Full Game,7.5,Over,-137,prizepicks|Olamide Zaccheaus|player_reception_yds|7.5,0.57805907,0.5,https://api.the-odds-api.com/v4/sports/americanfootball_nfl
2026,4,8bd90781e17e6d97df3941063cedae1e,2026-10-06T00:15:00Z,PrizePicks,prizepicks,2026-10-04T18:07:32Z,New Orleans Saints,Atlanta Falcons,Olamide Zaccheaus,,,WR,player_reception_yds,Full Game,7.5,Under,-137,prizepicks|Olamide Zaccheaus|player_reception_yds|7.5,0.57805907,0.5,https://api.the-odds-api.com/v4/sports/americanfootball_nfl
2026,4,8bd90781e17e6d97df3941063cedae1e,2026-10-06T00:15:00Z,PrizePicks,prizepicks,2026-10-04T18:07:32Z,New Orleans Saints,Atlanta Falcons,Zachariah Branch,,,WR,player_reception_yds,Full Game,4.5,Over,-137,prizepicks|Zachariah Branch|player_reception_yds|4.5,0.57805907,0.5,https://api.the-odds-api.com/v4/sports/americanfootball_nfl
2026,4,8bd90781e17e6d97df3941063cedae1e,2026-10-06T00:15:00Z,PrizePicks,prizepicks,2026-10-04T18:07:32Z,New Orleans Saints,Atlanta Falcons,Zachariah Branch,,,WR,player_reception_yds,Full Game,4.5,Under,-137,prizepicks|Zachariah Branch|player_reception_yds|4.5,0.57805907,0.5,https://api.the-odds-api.com/v4/sports/americanfootball_nfl
2026,4,8bd90781e17e6d97df3941063cedae1e,2026-10-06T00:15:00Z,PrizePicks,prizepicks,2026-10-04T18:07:32Z,New Orleans Saints,Atlanta Falcons,Bijan Robinson,,,RB,player_rush_yds,Full Game,87.5,Over,-137,prizepicks|Bijan Robinson|player_rush_yds|87.5,0.57805907,0.5,https://api.the-odds-api.com/v4/sports/americanfootball_nfl
2026,4,8bd90781e17e6d97df3941063cedae1e,2026-10-06T00:15:00Z,PrizePicks,prizepicks,2026-10-04T18:07:32Z,New Orleans Saints,Atlanta Falcons,Bijan Robinson,,,RB,player_rush_yds,Full Game,87.5,Under,-137,prizepicks|Bijan Robinson|player_rush_yds|87.5,0.57805907,0.5,https://api.the-odds-api.com/v4/sports/americanfootball_nfl
2026,4,8bd90781e17e6d97df3941063cedae1e,2026-10-06T00:15:00Z,PrizePicks,prizepicks,2026-10-04T18:07:32Z,New Orleans Saints,Atlanta Falcons,Alvin Kamara,,,RB,player_rush_yds,Full Game,37.5,Over,-137,prizepicks|Alvin Kamara|player_rush_yds|37.5,0.57805907,0.5,https://api.the-odds-api.com/v4/sports/americanfootball_nfl
2026,4,8bd90781e17e6d97df3941063cedae1e,2026-10-06T00:15:00Z,PrizePicks,prizepicks,2026-10-04T18:07:32Z,New Orleans Saints,Atlanta Falcons,Alvin Kamara,,,RB,player_rush_yds,Full Game,37.5,Under,-137,prizepicks|Alvin Kamara|player_rush_yds|37.5,0.57805907,0.5,https://api.the-odds-api.com/v4/sports/americanfootball_nfl
2026,4,8bd90781e17e6d97df3941063cedae1e,2026-10-06T00:15:00Z,PrizePicks,prizepicks,2026-10-04T18:07:32Z,New Orleans Saints,Atlanta Falcons,Brian Robinson Jr.,,,RB,player_rush_yds,Full Game,29.5,Over,-137,prizepicks|Brian Robinson Jr.|player_rush_yds|29.5,0.57805907,0.5,https://api.the-odds-api.com/v4/sports/americanfootball_nfl
2026,4,8bd90781e17e6d97df3941063cedae1e,2026-10-06T00:15:00Z,PrizePicks,prizepicks,2026-10-04T18:07:32Z,New Orleans Saints,Atlanta Falcons,Brian Robinson Jr.,,,RB,player_rush_yds,Full Game,29.5,Under,-137,prizepicks|Brian Robinson Jr.|player_rush_yds|29.5,0.57805907,0.5,https://api.the-odds-api.com/v4/sports/americanfootball_nfl
2026,4,8bd90781e17e6d97df3941063cedae1e,2026-10-06T00:15:00Z,PrizePicks,prizepicks,2026-10-04T18:07:32Z,New Orleans Saints,Atlanta Falcons,Kendre Miller,,,RB,player_rush_yds,Full Game,25.5,Over,-137,prizepicks|Kendre Miller|player_rush_yds|25.5,0.57805907,0.5,https://api.the-odds-api.com/v4/sports/americanfootball_nfl
2026,4,8bd90781e17e6d97df3941063cedae1e,2026-10-06T00:15:00Z,PrizePicks,prizepicks,2026-10-04T18:07:32Z,New Orleans Saints,Atlanta Falcons,Kendre Miller,,,RB,player_rush_yds,Full Game,25.5,Under,-137,prizepicks|Kendre Miller|player_rush_yds|25.5,0.57805907,0.5,https://api.the-odds-api.com/v4/sports/americanfootball_nfl
2026,4,8bd90781e17e6d97df3941063cedae1e,2026-10-06T00:15:00Z,PrizePicks,prizepicks,2026-10-04T18:07:32Z,New Orleans Saints,Atlanta Falcons,Tyler Shough,,,RB,player_rush_yds,Full Game,17.5,Over,-137,prizepicks|Tyler Shough|player_rush_yds|17.5,0.57805907,0.5,https://api.the-odds-api.com/v4/sports/americanfootball_nfl
2026,4,8bd90781e17e6d97df3941063cedae1e,2026-10-06T00:15:00Z,PrizePicks,prizepicks,2026-10-04T18:07:32Z,New Orleans Saints,Atlanta Falcons,Tyler Shough,,,RB,player_rush_yds,Full Game,17.5,Under,-137,prizepicks|Tyler Shough|player_rush_yds|17.5,0.57805907,0.5,https://api.the-odds-api.com/v4/sports/americanfootball_nfl
2026,4,8bd90781e17e6d97df3941063cedae1e,2026-10-06T00:15:00Z,PrizePicks,prizepicks,2026-10-04T18:07:32Z,New Orleans Saints,Atlanta Falcons,Michael Penix Jr.,,,RB,player_rush_yds,Full Game,5.5,Over,-137,prizepicks|Michael Penix Jr.|player_rush_yds|5.5,0.57805907,0.5,https://api.the-odds-api.com/v4/sports/americanfootball_nfl
2026,4,8bd90781e17e6d97df3941063cedae1e,2026-10-06T00:15:00Z,PrizePicks,prizepicks,2026-10-04T18:07:32Z,New Orleans Saints,Atlanta Falcons,Michael Penix Jr.,,,RB,player_rush_yds,Full Game,5.5,Under,-137,prizepicks|Michael Penix Jr.|player_rush_yds|5.5,0.57805907,0.5,https://api.the-odds-api.com/v4/sports/americanfootball_nfl
2026,4,8bd90781e17e6d97df3941063cedae1e,2026-10-06T00:15:00Z,BetMGM,betmgm,2026-10-04T18:08:14Z,New Orleans Saints,Atlanta Falcons,Chris Olave,,,WR,player_reception_yds,Full Game,84.5,Over,-115,betmgm|Chris Olave|player_reception_yds|84.5,0.53488372,0.5,https://api.the-odds-api.com/v4/sports/americanfootball_nfl
2026,4,8bd90781e17e6d97df3941063cedae1e,2026-10-06T00:15:00Z,BetMGM,betmgm,2026-10-04T18:08:14Z,New Orleans Saints,Atlanta Falcons,Chris Olave,,,WR,player_reception_yds,Full Game,84.5,Under,-115,betmgm|Chris Olave|player_reception_yds|84.5,0.53488372,0.5,https://api.the-odds-api.com/v4/sports/americanfootball_nfl
2026,4,8bd90781e17e6d97df3941063cedae1e,2026-10-06T00:15:00Z,BetMGM,betmgm,2026-10-04T18:08:14Z,New Orleans Saints,Atlanta Falcons,Devaughn Vele,,,WR,player_reception_yds,Full Game,44.5,Over,-115,betmgm|Devaughn Vele|player_reception_yds|44.5,0.53488372,0.5,https://api.the-odds-api.com/v4/sports/americanfootball_nfl
2026,4,8bd90781e17e6d97df3941063cedae1e,2026-10-06T00:15:00Z,BetMGM,betmgm,2026-10-04T18:08:14Z,New Orleans Saints,Atlanta Falcons,Devaughn Vele,,,WR,player_reception_yds,Full Game,44.5,Under,-115,betmgm|Devaughn Vele|player_reception_yds|44.5,0.53488372,0.5,https://api.the-odds-api.com/v4/sports/americanfootball_nfl
2026,4,8bd90781e17e6d97df3941063cedae1e,2026-10-06T00:15:00Z,BetMGM,betmgm,2026-10-04T18:08:14Z,New Orleans Saints,Atlanta Falcons,Jahan Dotson,,,WR,player_reception_yds,Full Game,18.5,Over,-120,betmgm|Jahan Dotson|player_reception_yds|18.5,0.54545455,0.50904705,https://api.the-odds-api.com/v4/sports/americanfootball_nfl
2026,4,8bd90781e17e6d97df3941063cedae1e,2026-10-06T00:15:00Z,BetMGM,betmgm,2026-10-04T18:08:14Z,New Orleans Saints,Atlanta Falcons,Jahan Dotson,,,WR,player_reception_yds,Full Game,18.5,Under,-111,betmgm|Jahan Dotson|player_reception_yds|18.5,0.52606635,0.49095295,https://api.the-odds-api.com/v4/sports/americanfootball_nfl
2026,4,8bd90781e17e6d97df3941063cedae1e,2026-10-06T00:15:00Z,BetMGM,betmgm,2026-10-04T18:08:14Z,New Orleans Saints,Atlanta Falcons,Bijan Robinson,,,WR,player_reception_yds,Full Game,39.5,Over,-115,betmgm|Bijan Robinson|player_reception_yds|39.5,0.53488372,0.5,https://api.the-odds-api.com/v4/sports/americanfootball_nfl
2026,4,8bd90781e17e6d97df3941063cedae1e,2026-10-06T00:15:00Z,BetMGM,betmgm,2026-10-04T18:08:14Z,New Orleans Saints,Atlanta Falcons,Bijan Robinson,,,WR,player_reception_yds,Full Game,39.5,Under,-115,betmgm|Bijan Robinson|player_reception_yds|39.5,0.53488372,0.5,https://api.the-odds-api.com/v4/sports/americanfootball_nfl
2026,4,8bd90781e17e6d97df3941063cedae1e,2026-10-06T00:15:00Z,BetMGM,betmgm,2026-10-04T18:08:14Z,New Orleans Saints,Atlanta Falcons,Kyle Pitts,,,WR,player_reception_yds,Full Game,28.5,Over,-115,betmgm|Kyle Pitts|player_reception_yds|28.5,0.53488372,0.5,https://api.the-odds-api.com/v4/sports/americanfootball_nfl
2026,4,8bd90781e17e6d97df3941063cedae1e,2026-10-06T00:15:00Z,BetMGM,betmgm,2026-10-04T18:08:14Z,New Orleans Saints,Atlanta Falcons,Kyle Pitts,,,WR,player_reception_yds,Full Game,28.5,Under,-115,betmgm|Kyle Pitts|player_reception_yds|28.5,0.53488372,0.5,https://api.the-odds-api.com/v4/sports/americanfootball_nfl
2026,4,8bd90781e17e6d97df3941063cedae1e,2026-10-06T00:15:00Z,BetMGM,betmgm,2026-10-04T18:08:14Z,New Orleans Saints,Atlanta Falcons,Drake London,,,WR,player_reception_yds,Full Game,77.5,Over,-115,betmgm|Drake London|player_reception_yds|77.5,0.53488372,0.5,https://api.the-odds-api.com/v4/sports/americanfootball_nfl
2026,4,8bd90781e17e6d97df3941063cedae1e,2026-10-06T00:15:00Z,BetMGM,betmgm,2026-10-04T18:08:14Z,New Orleans Saints,Atlanta Falcons,Drake London,,,WR,player_reception_yds,Full Game,77.5,Under,-115,betmgm|Drake London|player_reception_yds|77.5,0.53488372,0.5,https://api.the-odds-api.com/v4/sports/americanfootball_nfl
2026,4,8bd90781e17e6d97df3941063cedae1e,2026-10-06T00:15:00Z,BetMGM,betmgm,2026-10-04T18:08:14Z,New Orleans Saints,Atlanta Falcons,Alvin Kamara,,,WR,player_reception_yds,Full Game,16.5,Over,-115,betmgm|Alvin Kamara|player_reception_yds|16.5,0.53488372,0.5,https://api.the-odds-api.com/v4/sports/americanfootball_nfl
2026,4,8bd90781e17e6d97df3941063cedae1e,2026-10-06T00:15:00Z,BetMGM,betmgm,2026-10-04T18:08:14Z,New Orleans Saints,Atlanta Falcons,Alvin Kamara,,,WR,player_reception_yds,Full Game,16.5,Under,-115,betmgm|Alvin Kamara|player_reception_yds|16.5,0.53488372,0.5,https://api.the-odds-api.com/v4/sports/americanfootball_nfl
2026,4,8bd90781e17e6d97df3941063cedae1e,2026-10-06T00:15:00Z,BetMGM,betmgm,2026-10-04T18:08:14Z,New Orleans Saints,Atlanta Falcons,Juwan Johnson,,,WR,player_reception_yds,Full Game,38.5,Over,-120,betmgm|Juwan Johnson|player_reception_yds|38.5,0.54545455,0.50904705,https://api.the-odds-api.com/v4/sports/americanfootball_nfl
2026,4,8bd90781e17e6d97df3941063cedae1e,2026-10-06T00:15:00Z,BetMGM,betmgm,2026-10-04T18:08:14Z,New Orleans Saints,Atlanta Falcons,Juwan Johnson,,,WR,player_reception_yds,Full Game,38.5,Under,-111,betmgm|Juwan Johnson|player_reception_yds|38.5,0.52606635,0.49095295,https://api.the-odds-api.com/v4/sports/americanfootball_nfl
2026,4,8bd90781e17e6d97df3941063cedae1e,2026-10-06T00:15:00Z,BetMGM,betmgm,2026-10-04T18:08:14Z,New Orleans Saints,Atlanta Falcons,Olamide Zaccheaus,,,WR,player_reception_yds,Full Game,9.5,Over,-115,betmgm|Olamide Zaccheaus|player_reception_yds|9.5,0.53488372,0.5,https://api.the-odds-api.com/v4/sports/americanfootball_nfl
2026,4,8bd90781e17e6d97df3941063cedae1e,2026-10-06T00:15:00Z,BetMGM,betmgm,2026-10-04T18:08:14Z,New Orleans Saints,Atlanta Falcons,Olamide Zaccheaus,,,WR,player_reception_yds,Full Game,9.5,Under,-115,betmgm|Olamide Zaccheaus|player_reception_yds|9.5,0.53488372,0.5,https://api.the-odds-api.com/v4/sports/americanfootball_nfl
2026,4,8bd90781e17e6d97df3941063cedae1e,2026-10-06T00:15:00Z,BetMGM,betmgm,2026-10-04T18:08:14Z,New Orleans Saints,Atlanta Falcons,Austin Hooper,,,WR,player_reception_yds,Full Game,9.5,Over,-115,betmgm|Austin Hooper|player_reception_yds|9.5,0.53488372,0.5,https://api.the-odds-api.com/v4/sports/americanfootball_nfl
2026,4,8bd90781e17e6d97df3941063cedae1e,2026-10-06T00:15:00Z,BetMGM,betmgm,2026-10-04T18:08:14Z,New Orleans Saints,Atlanta Falcons,Austin Hooper,,,WR,player_reception_yds,Full Game,9.5,Under,-115,betmgm|Austin Hooper|player_reception_yds|9.5,0.53488372,0.5,https://api.the-odds-api.com/v4/sports/americanfootball_nfl
2026,4,8bd90781e17e6d97df3941063cedae1e,2026-10-06T00:15:00Z,BetMGM,betmgm,2026-10-04T18:08:14Z,New Orleans Saints,Atlanta Falcons,Noah Fant,,,WR,player_reception_yds,Full Game,15.5,Over,-120,betmgm|Noah Fant|player_reception_yds|15.5,0.54545455,0.51012146,https://api.the-odds-api.com/v4/sports/americanfootball_nfl
2026,4,8bd90781e17e6d97df3941063cedae1e,2026-10-06T00:15:00Z,BetMGM,betmgm,2026-10-04T18:08:14Z,New Orleans Saints,Atlanta Falcons,Noah Fant,,,WR,player_reception_yds,Full Game,15.5,Under,-110,betmgm|Noah Fant|player_reception_yds|15.5,0.52380952,0.48987854,https://api.the-odds-api.com/v4/sports/americanfootball_nfl
2026,4,8bd90781e17e6d97df3941063cedae1e,2026-10-06T00:15:00Z,BetMGM,betmgm,2026-10-04T18:08:14Z,New Orleans Saints,Atlanta Falcons,Bijan Robinson,,,RB,player_rush_yds,Full Game,85.5,Over,-115,betmgm|Bijan Robinson|player_rush_yds|85.5,0.53488372,0.5,https://api.the-odds-api.com/v4/sports/americanfootball_nfl
2026,4,8bd90781e17e6d97df3941063cedae1e,2026-10-06T00:15:00Z,BetMGM,betmgm,2026-10-04T18:08:14Z,New Orleans Saints,Atlanta Falcons,Bijan Robinson,,,RB,player_rush_yds,Full Game,85.5,Under,-115,betmgm|Bijan Robinson|player_rush_yds|85.5,0.53488372,0.5,https://api.the-odds-api.com/v4/sports/americanfootball_nfl
2026,4,8bd90781e17e6d97df3941063cedae1e,2026-10-06T00:15:00Z,BetMGM,betmgm,2026-10-04T18:08:14Z,New Orleans Saints,Atlanta Falcons,Brian Robinson Jr.,,,RB,player_rush_yds,Full Game,30.5,Over,-115,betmgm|Brian Robinson Jr.|player_rush_yds|30.5,0.53488372,0.5,https://api.the-odds-api.com/v4/sports/americanfootball_nfl
2026,4,8bd90781e17e6d97df3941063cedae1e,2026-10-06T00:15:00Z,BetMGM,betmgm,2026-10-04T18:08:14Z,New Orleans Saints,Atlanta Falcons,Brian Robinson Jr.,,,RB,player_rush_yds,Full Game,30.5,Under,-115,betmgm|Brian Robinson Jr.|player_rush_yds|30.5,0.53488372,0.5,https://api.the-odds-api.com/v4/sports/americanfootball_nfl
2026,4,8bd90781e17e6d97df3941063cedae1e,2026-10-06T00:15:00Z,BetMGM,betmgm,2026-10-04T18:08:14Z,New Orleans Saints,Atlanta Falcons,Kendre Miller,,,RB,player_rush_yds,Full Game,25.5,Over,-115,betmgm|Kendre Miller|player_rush_yds|25.5,0.53488372,0.5,https://api.the-odds-api.com/v4/sports/americanfootball_nfl
2026,4,8bd90781e17e6d97df3941063cedae1e,2026-10-06T00:15:00Z,BetMGM,betmgm,2026-10-04T18:08:14Z,New Orleans Saints,Atlanta Falcons,Kendre Miller,,,RB,player_rush_yds,Full Game,25.5,Under,-115,betmgm|Kendre Miller|player_rush_yds|25.5,0.53488372,0.5,https://api.the-odds-api.com/v4/sports/americanfootball_nfl
2026,4,8bd90781e17e6d97df3941063cedae1e,2026-10-06T00:15:00Z,BetMGM,betmgm,2026-10-04T18:08:14Z,New Orleans Saints,Atlanta Falcons,Alvin Kamara,,,RB,player_rush_yds,Full Game,36.5,Over,-115,betmgm|Alvin Kamara|player_rush_yds|36.5,0.53488372,0.5,https://api.the-odds-api.com/v4/sports/americanfootball_nfl
2026,4,8bd90781e17e6d97df3941063cedae1e,2026-10-06T00:15:00Z,BetMGM,betmgm,2026-10-04T18:08:14Z,New Orleans Saints,Atlanta Falcons,Alvin Kamara,,,RB,player_rush_yds,Full Game,36.5,Under,-115,betmgm|Alvin Kamara|player_rush_yds|36.5,0.53488372,0.5,https://api.the-odds-api.com/v4/sports/americanfootball_nfl
2026,4,8bd90781e17e6d97df3941063cedae1e,2026-10-06T00:15:00Z,BetMGM,betmgm,2026-10-04T18:08:14Z,New Orleans Saints,Atlanta Falcons,Tyler Shough,,,RB,player_rush_yds,Full Game,16.5,Over,-115,betmgm|Tyler Shough|player_rush_yds|16.5,0.53488372,0.5,https://api.the-odds-api.com/v4/sports/americanfootball_nfl
2026,4,8bd90781e17e6d97df3941063cedae1e,2026-10-06T00:15:00Z,BetMGM,betmgm,2026-10-04T18:08:14Z,New Orleans Saints,Atlanta Falcons,Tyler Shough,,,RB,player_rush_yds,Full Game,16.5,Under,-115,betmgm|Tyler Shough|player_rush_yds|16.5,0.53488372,0.5,https://api.the-odds-api.com/v4/sports/americanfootball_nfl
2026,4,8bd90781e17e6d97df3941063cedae1e,2026-10-06T00:15:00Z,BetMGM,betmgm,2026-10-04T18:08:14Z,New Orleans Saints,Atlanta Falcons,Michael Penix Jr.,,,RB,player_rush_yds,Full Game,3.5,Over,-125,betmgm|Michael Penix Jr.|player_rush_yds|3.5,0.55555556,0.52030457,https://api.the-odds-api.com/v4/sports/americanfootball_nfl
2026,4,8bd90781e17e6d97df3941063cedae1e,2026-10-06T00:15:00Z,BetMGM,betmgm,2026-10-04T18:08:14Z,New Orleans Saints,Atlanta Falcons,Michael Penix Jr.,,,RB,player_rush_yds,Full Game,3.5,Under,-105,betmgm|Michael Penix Jr.|player_rush_yds|3.5,0.51219512,0.47969543,https://api.the-odds-api.com/v4/sports/americanfootball_nfl
2026,4,8bd90781e17e6d97df3941063cedae1e,2026-10-06T00:15:00Z,Bovada,bovada,2026-10-04T18:08:18Z,New Orleans Saints,Atlanta Falcons,Alvin Kamara,,,WR,player_reception_yds,Full Game,15.5,Over,-120,bovada|Alvin Kamara|player_reception_yds|15.5,0.54545455,0.51012146,https://api.the-odds-api.com/v4/sports/americanfootball_nfl
2026,4,8bd90781e17e6d97df3941063cedae1e,2026-10-06T00:15:00Z,Bovada,bovada,2026-10-04T18:08:18Z,New Orleans Saints,Atlanta Falcons,Alvin Kamara,,,WR,player_reception_yds,Full Game,15.5,Under,-110,bovada|Alvin Kamara|player_reception_yds|15.5,0.52380952,0.48987854,https://api.the-odds-api.com/v4/sports/americanfootball_nfl
2026,4,8bd90781e17e6d97df3941063cedae1e,2026-10-06T00:15:00Z,Bovada,bovada,2026-10-04T18:08:18Z,New Orleans Saints,Atlanta Falcons,Austin Hooper,,,WR,player_reception_yds,Full Game,10.5,Over,-120,bovada|Austin Hooper|player_reception_yds|10.5,0.54545455,0.51012146,https://api.the-odds-api.com/v4/sports/americanfootball_nfl
2026,4,8bd90781e17e6d97df3941063cedae1e,2026-10-06T00:15:00Z,Bovada,bovada,2026-10-04T18:08:18Z,New Orleans Saints,Atlanta Falcons,Austin Hooper,,,WR,player_reception_yds,Full Game,10.5,Under,-110,bovada|Austin Hooper|player_reception_yds|10.5,0.52380952,0.48987854,https://api.the-odds-api.com/v4/sports/americanfootball_nfl
2026,4,8bd90781e17e6d97df3941063cedae1e,2026-10-06T00:15:00Z,Bovada,bovada,2026-10-04T18:08:18Z,New Orleans Saints,Atlanta Falcons,Bijan Robinson,,,WR,player_reception_yds,Full Game,39.5,Over,-120,bovada|Bijan Robinson|player_reception_yds|39.5,0.54545455,0.51012146,https://api.the-odds-api.com/v4/sports/americanfootball_nfl
2026,4,8bd90781e17e6d97df3941063cedae1e,2026-10-06T00:15:00Z,Bovada,bovada,2026-10-04T18:08:18Z,New Orleans Saints,Atlanta Falcons,Bijan Robinson,,,WR,player_reception_yds,Full Game,39.5,Under,-110,bovada|Bijan Robinson|player_reception_yds|39.5,0.52380952,0.48987854,https://api.the-odds-api.com/v4/sports/americanfootball_nfl
2026,4,8bd90781e17e6d97df3941063cedae1e,2026-10-06T00:15:00Z,Bovada,bovada,2026-10-04T18:08:18Z,New Orleans Saints,Atlanta Falcons,Chris Olave,,,WR,player_reception_yds,Full Game,85.5,Over,-115,bovada|Chris Olave|player_reception_yds|85.5,0.53488372,0.5,https://api.the-odds-api.com/v4/sports/americanfootball_nfl
2026,4,8bd90781e17e6d97df3941063cedae1e,2026-10-06T00:15:00Z,Bovada,bovada,2026-10-04T18:08:18Z,New Orleans Saints,Atlanta Falcons,Chris Olave,,,WR,player_reception_yds,Full Game,85.5,Under,-115,bovada|Chris Olave|player_reception_yds|85.5,0.53488372,0.5,https://api.the-odds-api.com/v4/sports/americanfootball_nfl
2026,4,8bd90781e17e6d97df3941063cedae1e,2026-10-06T00:15:00Z,Bovada,bovada,2026-10-04T18:08:18Z,New Orleans Saints,Atlanta Falcons,Devaughn Vele,,,WR,player_reception_yds,Full Game,45.5,Over,-110,bovada|Devaughn Vele|player_reception_yds|45.5,0.52380952,0.48987854,https://api.the-odds-api.com/v4/sports/americanfootball_nfl
2026,4,8bd90781e17e6d97df3941063cedae1e,2026-10-06T00:15:00Z,Bovada,bovada,2026-10-04T18:08:18Z,New Orleans Saints,Atlanta Falcons,Devaughn Vele,,,WR,player_reception_yds,Full Game,45.5,Under,-120,bovada|Devaughn Vele|player_reception_yds|45.5,0.54545455,0.51012146,https://api.the-odds-api.com/v4/sports/americanfootball_nfl
2026,4,8bd90781e17e6d97df3941063cedae1e,2026-10-06T00:15:00Z,Bovada,bovada,2026-10-04T18:08:18Z,New Orleans Saints,Atlanta Falcons,Drake London,,,WR,player_reception_yds,Full Game,78.5,Over,-115,bovada|Drake London|player_reception_yds|78.5,0.53488372,0.5,https://api.the-odds-api.com/v4/sports/americanfootball_nfl
2026,4,8bd90781e17e6d97df3941063cedae1e,2026-10-06T00:15:00Z,Bovada,bovada,2026-10-04T18:08:18Z,New Orleans Saints,Atlanta Falcons,Drake London,,,WR,player_reception_yds,Full Game,78.5,Under,-115,bovada|Drake London|player_reception_yds|78.5,0.53488372,0.5,https://api.the-odds-api.com/v4/sports/americanfootball_nfl
2026,4,8bd90781e17e6d97df3941063cedae1e,2026-10-06T00:15:00Z,Bovada,bovada,2026-10-04T18:08:18Z,New Orleans Saints,Atlanta Falcons,Jahan Dotson,,,WR,player_reception_yds,Full Game,18.5,Over,-115,bovada|Jahan Dotson|player_reception_yds|18.5,0.53488372,0.5,https://api.the-odds-api.com/v4/sports/americanfootball_nfl
2026,4,8bd90781e17e6d97df3941063cedae1e,2026-10-06T00:15:00Z,Bovada,bovada,2026-10-04T18:08:18Z,New Orleans Saints,Atlanta Falcons,Jahan Dotson,,,WR,player_reception_yds,Full Game,18.5,Under,-115,bovada|Jahan Dotson|player_reception_yds|18.5,0.53488372,0.5,https://api.the-odds-api.com/v4/sports/americanfootball_nfl
2026,4,8bd90781e17e6d97df3941063cedae1e,2026-10-06T00:15:00Z,Bovada,bovada,2026-10-04T18:08:18Z,New Orleans Saints,Atlanta Falcons,Juwan Johnson,,,WR,player_reception_yds,Full Game,40.5,Over,-115,bovada|Juwan Johnson|player_reception_yds|40.5,0.53488372,0.5,https://api.the-odds-api.com/v4/sports/americanfootball_nfl
2026,4,8bd90781e17e6d97df3941063cedae1e,2026-10-06T00:15:00Z,Bovada,bovada,2026-10-04T18:08:18Z,New Orleans Saints,Atlanta Falcons,Juwan Johnson,,,WR,player_reception_yds,Full Game,40.5,Under,-115,bovada|Juwan Johnson|player_reception_yds|40.5,0.53488372,0.5,https://api.the-odds-api.com/v4/sports/americanfootball_nfl
2026,4,8bd90781e17e6d97df3941063cedae1e,2026-10-06T00:15:00Z,Bovada,bovada,2026-10-04T18:08:18Z,New Orleans Saints,Atlanta Falcons,Kyle Pitts,,,WR,player_reception_yds,Full Game,28.5,Over,-115,bovada|Kyle Pitts|player_reception_yds|28.5,0.53488372,0.5,https://api.the-odds-api.com/v4/sports/americanfootball_nfl
2026,4,8bd90781e17e6d97df3941063cedae1e,2026-10-06T00:15:00Z,Bovada,bovada,2026-10-04T18:08:18Z,New Orleans Saints,Atlanta Falcons,Kyle Pitts,,,WR,player_reception_yds,Full Game,28.5,Under,-115,bovada|Kyle Pitts|player_reception_yds|28.5,0.53488372,0.5,https://api.the-odds-api.com/v4/sports/americanfootball_nfl
2026,4,8bd90781e17e6d97df3941063cedae1e,2026-10-06T00:15:00Z,Bovada,bovada,2026-10-04T18:08:18Z,New Orleans Saints,Atlanta Falcons,Noah Fant,,,WR,player_reception_yds,Full Game,17.5,Over,-115,bovada|Noah Fant|player_reception_yds|17.5,0.53488372,0.5,https://api.the-odds-api.com/v4/sports/americanfootball_nfl
2026,4,8bd90781e17e6d97df3941063cedae1e,2026-10-06T00:15:00Z,Bovada,bovada,2026-10-04T18:08:18Z,New Orleans Saints,Atlanta Falcons,Noah Fant,,,WR,player_reception_yds,Full Game,17.5,Under,-115,bovada|Noah Fant|player_reception_yds|17.5,0.53488372,0.5,https://api.the-odds-api.com/v4/sports/americanfootball_nfl
2026,4,8bd90781e17e6d97df3941063cedae1e,2026-10-06T00:15:00Z,Bovada,bovada,2026-10-04T18:08:18Z,New Orleans Saints,Atlanta Falcons,Olamide Zaccheaus,,,WR,player_reception_yds,Full Game,8.5,Over,-110,bovada|Olamide Zaccheaus|player_reception_yds|8.5,0.52380952,0.48987854,https://api.the-odds-api.com/v4/sports/americanfootball_nfl
2026,4,8bd90781e17e6d97df3941063cedae1e,2026-10-06T00:15:00Z,Bovada,bovada,2026-10-04T18:08:18Z,New Orleans Saints,Atlanta Falcons,Olamide Zaccheaus,,,WR,player_reception_yds,Full Game,8.5,Under,-120,bovada|Olamide Zaccheaus|player_reception_yds|8.5,0.54545455,0.51012146,https://api.the-odds-api.com/v4/sports/americanfootball_nfl
2026,4,8bd90781e17e6d97df3941063cedae1e,2026-10-06T00:15:00Z,Bovada,bovada,2026-10-04T18:08:18Z,New Orleans Saints,Atlanta Falcons,Alvin Kamara,,,RB,player_rush_yds,Full Game,37.5,Over,-110,bovada|Alvin Kamara|player_rush_yds|37.5,0.52380952,0.48987854,https://api.the-odds-api.com/v4/sports/americanfootball_nfl
2026,4,8bd90781e17e6d97df3941063cedae1e,2026-10-06T00:15:00Z,Bovada,bovada,2026-10-04T18:08:18Z,New Orleans Saints,Atlanta Falcons,Alvin Kamara,,,RB,player_rush_yds,Full Game,37.5,Under,-120,bovada|Alvin Kamara|player_rush_yds|37.5,0.54545455,0.51012146,https://api.the-odds-api.com/v4/sports/americanfootball_nfl
2026,4,8bd90781e17e6d97df3941063cedae1e,2026-10-06T00:15:00Z,Bovada,bovada,2026-10-04T18:08:18Z,New Orleans Saints,Atlanta Falcons,Bijan Robinson,,,RB,player_rush_yds,Full Game,86.5,Over,-115,bovada|Bijan Robinson|player_rush_yds|86.5,0.53488372,0.5,https://api.the-odds-api.com/v4/sports/americanfootball_nfl
2026,4,8bd90781e17e6d97df3941063cedae1e,2026-10-06T00:15:00Z,Bovada,bovada,2026-10-04T18:08:18Z,New Orleans Saints,Atlanta Falcons,Bijan Robinson,,,RB,player_rush_yds,Full Game,86.5,Under,-115,bovada|Bijan Robinson|player_rush_yds|86.5,0.53488372,0.5,https://api.the-odds-api.com/v4/sports/americanfootball_nfl
2026,4,8bd90781e17e6d97df3941063cedae1e,2026-10-06T00:15:00Z,Bovada,bovada,2026-10-04T18:08:18Z,New Orleans Saints,Atlanta Falcons,Brian Robinson Jr.,,,RB,player_rush_yds,Full Game,28.5,Over,-120,bovada|Brian Robinson Jr.|player_rush_yds|28.5,0.54545455,0.51012146,https://api.the-odds-api.com/v4/sports/americanfootball_nfl
2026,4,8bd90781e17e6d97df3941063cedae1e,2026-10-06T00:15:00Z,Bovada,bovada,2026-10-04T18:08:18Z,New Orleans Saints,Atlanta Falcons,Brian Robinson Jr.,,,RB,player_rush_yds,Full Game,28.5,Under,-110,bovada|Brian Robinson Jr.|player_rush_yds|28.5,0.52380952,0.48987854,https://api.the-odds-api.com/v4/sports/americanfootball_nfl
2026,4,8bd90781e17e6d97df3941063cedae1e,2026-10-06T00:15:00Z,Bovada,bovada,2026-10-04T18:08:18Z,New Orleans Saints,Atlanta Falcons,Kendre Miller,,,RB,player_rush_yds,Full Game,25.5,Over,-115,bovada|Kendre Miller|player_rush_yds|25.5,0.53488372,0.5,https://api.the-odds-api.com/v4/sports/americanfootball_nfl
2026,4,8bd90781e17e6d97df3941063cedae1e,2026-10-06T00:15:00Z,Bovada,bovada,2026-10-04T18:08:18Z,New Orleans Saints,Atlanta Falcons,Kendre Miller,,,RB,player_rush_yds,Full Game,25.5,Under,-115,bovada|Kendre Miller|player_rush_yds|25.5,0.53488372,0.5,https://api.the-odds-api.com/v4/sports/americanfootball_nfl
2026,4,8bd90781e17e6d97df3941063cedae1e,2026-10-06T00:15:00Z,Bovada,bovada,2026-10-04T18:08:18Z,New Orleans Saints,Atlanta Falcons,Michael Penix Jr.,,,RB,player_rush_yds,Full Game,5.5,Over,-115,bovada|Michael Penix Jr.|player_rush_yds|5.5,0.53488372,0.5,https://api.the-odds-api.com/v4/sports/americanfootball_nfl
2026,4,8bd90781e17e6d97df3941063cedae1e,2026-10-06T00:15:00Z,Bovada,bovada,2026-10-04T18:08:18Z,New Orleans Saints,Atlanta Falcons,Michael Penix Jr.,,,RB,player_rush_yds,Full Game,5.5,Under,-115,bovada|Michael Penix Jr.|player_rush_yds|5.5,0.53488372,0.5,https://api.the-odds-api.com/v4/sports/americanfootball_nfl
2026,4,8bd90781e17e6d97df3941063cedae1e,2026-10-06T00:15:00Z,Bovada,bovada,2026-10-04T18:08:18Z,New Orleans Saints,Atlanta Falcons,Tyler Shough,,,RB,player_rush_yds,Full Game,18.5,Over,-115,bovada|Tyler Shough|player_rush_yds|18.5,0.53488372,0.5,https://api.the-odds-api.com/v4/sports/americanfootball_nfl
2026,4,8bd90781e17e6d97df3941063cedae1e,2026-10-06T00:15:00Z,Bovada,bovada,2026-10-04T18:08:18Z,New Orleans Saints,Atlanta Falcons,Tyler Shough,,,RB,player_rush_yds,Full Game,18.5,Under,-115,bovada|Tyler Shough|player_rush_yds|18.5,0.53488372,0.5,https://api.the-odds-api.com/v4/sports/americanfootball_nfl
2026,4,8bd90781e17e6d97df3941063cedae1e,2026-10-06T00:15:00Z,Underdog,underdog,2026-10-04T18:08:14Z,New Orleans Saints,Atlanta Falcons,Bijan Robinson,,,WR,player_reception_yds,Full Game,39.5,Over,-137,underdog|Bijan Robinson|player_reception_yds|39.5,0.57805907,0.5,https://api.the-odds-api.com/v4/sports/americanfootball_nfl
2026,4,8bd90781e17e6d97df3941063cedae1e,2026-10-06T00:15:00Z,Underdog,underdog,2026-10-04T18:08:14Z,New Orleans Saints,Atlanta Falcons,Bijan Robinson,,,WR,player_reception_yds,Full Game,39.5,Under,-137,underdog|Bijan Robinson|player_reception_yds|39.5,0.57805907,0.5,https://api.the-odds-api.com/v4/sports/americanfootball_nfl
2026,4,8bd90781e17e6d97df3941063cedae1e,2026-10-06T00:15:00Z,Underdog,underdog,2026-10-04T18:08:14Z,New Orleans Saints,Atlanta Falcons,Alvin Kamara,,,WR,player_reception_yds,Full Game,15.5,Over,-137,underdog|Alvin Kamara|player_reception_yds|15.5,0.57805907,0.5,https://api.the-odds-api.com/v4/sports/americanfootball_nfl
2026,4,8bd90781e17e6d97df3941063cedae1e,2026-10-06T00:15:00Z,Underdog,underdog,2026-10-04T18:08:14Z,New Orleans Saints,Atlanta Falcons,Alvin Kamara,,,WR,player_reception_yds,Full Game,15.5,Under,-137,underdog|Alvin Kamara|player_reception_yds|15.5,0.57805907,0.5,https://api.the-odds-api.com/v4/sports/americanfootball_nfl
2026,4,8bd90781e17e6d97df3941063cedae1e,2026-10-06T00:15:00Z,Underdog,underdog,2026-10-04T18:08:14Z,New Orleans Saints,Atlanta Falcons,Drake London,,,WR,player_reception_yds,Full Game,78.5,Over,-137,underdog|Drake London|player_reception_yds|78.5,0.57805907,0.5,https://api.the-odds-api.com/v4/sports/americanfootball_nfl
2026,4,8bd90781e17e6d97df3941063cedae1e,2026-10-06T00:15:00Z,Underdog,underdog,2026-10-04T18:08:14Z,New Orleans Saints,Atlanta Falcons,Drake London,,,WR,player_reception_yds,Full Game,78.5,Under,-137,underdog|Drake London|player_reception_yds|78.5,0.57805907,0.5,https://api.the-odds-api.com/v4/sports/americanfootball_nfl
2026,4,8bd90781e17e6d97df3941063cedae1e,2026-10-06T00:15:00Z,Underdog,underdog,2026-10-04T18:08:14Z,New Orleans Saints,Atlanta Falcons,Kyle Pitts,,,WR,player_reception_yds,Full Game,29.5,Over,-137,underdog|Kyle Pitts|player_reception_yds|29.5,0.57805907,0.5,https://api.the-odds-api.com/v4/sports/americanfootball_nfl
2026,4,8bd90781e17e6d97df3941063cedae1e,2026-10-06T00:15:00Z,Underdog,underdog,2026-10-04T18:08:14Z,New Orleans Saints,Atlanta Falcons,Kyle Pitts,,,WR,player_reception_yds,Full Game,29.5,Under,-137,underdog|Kyle Pitts|player_reception_yds|29.5,0.57805907,0.5,https://api.the-odds-api.com/v4/sports/americanfootball_nfl
2026,4,8bd90781e17e6d97df3941063cedae1e,2026-10-06T00:15:00Z,Underdog,underdog,2026-10-04T18:08:14Z,New Orleans Saints,Atlanta Falcons,Chris Olave,,,WR,player_reception_yds,Full Game,85.5,Over,-137,underdog|Chris Olave|player_reception_yds|85.5,0.57805907,0.5,https://api.the-odds-api.com/v4/sports/americanfootball_nfl
2026,4,8bd90781e17e6d97df3941063cedae1e,2026-10-06T00:15:00Z,Underdog,underdog,2026-10-04T18:08:14Z,New Orleans Saints,Atlanta Falcons,Chris Olave,,,WR,player_reception_yds,Full Game,85.5,Under,-137,underdog|Chris Olave|player_reception_yds|85.5,0.57805907,0.5,https://api.the-odds-api.com/v4/sports/americanfootball_nfl
2026,4,8bd90781e17e6d97df3941063cedae1e,2026-10-06T00:15:00Z,Underdog,underdog,2026-10-04T18:08:14Z,New Orleans Saints,Atlanta Falcons,Juwan Johnson,,,WR,player_reception_yds,Full Game,40.5,Over,-137,underdog|Juwan Johnson|player_reception_yds|40.5,0.57805907,0.5,https://api.the-odds-api.com/v4/sports/americanfootball_nfl
2026,4,8bd90781e17e6d97df3941063cedae1e,2026-10-06T00:15:00Z,Underdog,underdog,2026-10-04T18:08:14Z,New Orleans Saints,Atlanta Falcons,Juwan Johnson,,,WR,player_reception_yds,Full Game,40.5,Under,-137,underdog|Juwan Johnson|player_reception_yds|40.5,0.57805907,0.5,https://api.the-odds-api.com/v4/sports/americanfootball_nfl
2026,4,8bd90781e17e6d97df3941063cedae1e,2026-10-06T00:15:00Z,Underdog,underdog,2026-10-04T18:08:14Z,New Orleans Saints,Atlanta Falcons,Jahan Dotson,,,WR,player_reception_yds,Full Game,20.5,Over,-137,underdog|Jahan Dotson|player_reception_yds|20.5,0.57805907,0.5,https://api.the-odds-api.com/v4/sports/americanfootball_nfl
2026,4,8bd90781e17e6d97df3941063cedae1e,2026-10-06T00:15:00Z,Underdog,underdog,2026-10-04T18:08:14Z,New Orleans Saints,Atlanta Falcons,Jahan Dotson,,,WR,player_reception_yds,Full Game,20.5,Under,-137,underdog|Jahan Dotson|player_reception_yds|20.5,0.57805907,0.5,https://api.the-odds-api.com/v4/sports/americanfootball_nfl
2026,4,8bd90781e17e6d97df3941063cedae1e,2026-10-06T00:15:00Z,Underdog,underdog,2026-10-04T18:08:14Z,New Orleans Saints,Atlanta Falcons,Olamide Zaccheaus,,,WR,player_reception_yds,Full Game,7.5,Over,-137,underdog|Olamide Zaccheaus|player_reception_yds|7.5,0.57805907,0.5,https://api.the-odds-api.com/v4/sports/americanfootball_nfl
2026,4,8bd90781e17e6d97df3941063cedae1e,2026-10-06T00:15:00Z,Underdog,underdog,2026-10-04T18:08:14Z,New Orleans Saints,Atlanta Falcons,Olamide Zaccheaus,,,WR,player_reception_yds,Full Game,7.5,Under,-137,underdog|Olamide Zaccheaus|player_reception_yds|7.5,0.57805907,0.5,https://api.the-odds-api.com/v4/sports/americanfootball_nfl
2026,4,8bd90781e17e6d97df3941063cedae1e,2026-10-06T00:15:00Z,Underdog,underdog,2026-10-04T18:08:14Z,New Orleans Saints,Atlanta Falcons,Devaughn Vele,,,WR,player_reception_yds,Full Game,44.5,Over,-137,underdog|Devaughn Vele|player_reception_yds|44.5,0.57805907,0.5,https://api.the-odds-api.com/v4/sports/americanfootball_nfl
2026,4,8bd90781e17e6d97df3941063cedae1e,2026-10-06T00:15:00Z,Underdog,underdog,2026-10-04T18:08:14Z,New Orleans Saints,Atlanta Falcons,Devaughn Vele,,,WR,player_reception_yds,Full Game,44.5,Under,-137,underdog|Devaughn Vele|player_reception_yds|44.5,0.57805907,0.5,https://api.the-odds-api.com/v4/sports/americanfootball_nfl
2026,4,8bd90781e17e6d97df3941063cedae1e,2026-10-06T00:15:00Z,Underdog,underdog,2026-10-04T18:08:14Z,New Orleans Saints,Atlanta Falcons,Austin Hooper,,,WR,player_reception_yds,Full Game,10.5,Over,-137,underdog|Austin Hooper|player_reception_yds|10.5,0.57805907,0.5,https://api.the-odds-api.com/v4/sports/americanfootball_nfl
2026,4,8bd90781e17e6d97df3941063cedae1e,2026-10-06T00:15:00Z,Underdog,underdog,2026-10-04T18:08:14Z,New Orleans Saints,Atlanta Falcons,Austin Hooper,,,WR,player_reception_yds,Full Game,10.5,Under,-137,underdog|Austin Hooper|player_reception_yds|10.5,0.57805907,0.5,https://api.the-odds-api.com/v4/sports/americanfootball_nfl
2026,4,8bd90781e17e6d97df3941063cedae1e,2026-10-06T00:15:00Z,Underdog,underdog,2026-10-04T18:08:14Z,New Orleans Saints,Atlanta Falcons,Noah Fant,,,WR,player_reception_yds,Full Game,16.5,Over,-137,underdog|Noah Fant|player_reception_yds|16.5,0.57805907,0.5,https://api.the-odds-api.com/v4/sports/americanfootball_nfl
2026,4,8bd90781e17e6d97df3941063cedae1e,2026-10-06T00:15:00Z,Underdog,underdog,2026-10-04T18:08:14Z,New Orleans Saints,Atlanta Falcons,Noah Fant,,,WR,player_reception_yds,Full Game,16.5,Under,-137,underdog|Noah Fant|player_reception_yds|16.5,0.57805907,0.5,https://api.the-odds-api.com/v4/sports/americanfootball_nfl
2026,4,8bd90781e17e6d97df3941063cedae1e,2026-10-06T00:15:00Z,Underdog,underdog,2026-10-04T18:08:14Z,New Orleans Saints,Atlanta Falcons,Zachariah Branch,,,WR,player_reception_yds,Full Game,4.5,Over,-137,underdog|Zachariah Branch|player_reception_yds|4.5,0.57805907,0.5,https://api.the-odds-api.com/v4/sports/americanfootball_nfl
2026,4,8bd90781e17e6d97df3941063cedae1e,2026-10-06T00:15:00Z,Underdog,underdog,2026-10-04T18:08:14Z,New Orleans Saints,Atlanta Falcons,Zachariah Branch,,,WR,player_reception_yds,Full Game,4.5,Under,-137,underdog|Zachariah Branch|player_reception_yds|4.5,0.57805907,0.5,https://api.the-odds-api.com/v4/sports/americanfootball_nfl
2026,4,8bd90781e17e6d97df3941063cedae1e,2026-10-06T00:15:00Z,Underdog,underdog,2026-10-04T18:08:14Z,New Orleans Saints,Atlanta Falcons,Bijan Robinson,,,RB,player_rush_yds,Full Game,85.5,Over,-137,underdog|Bijan Robinson|player_rush_yds|85.5,0.57805907,0.5,https://api.the-odds-api.com/v4/sports/americanfootball_nfl
2026,4,8bd90781e17e6d97df3941063cedae1e,2026-10-06T00:15:00Z,Underdog,underdog,2026-10-04T18:08:14Z,New Orleans Saints,Atlanta Falcons,Bijan Robinson,,,RB,player_rush_yds,Full Game,85.5,Under,-137,underdog|Bijan Robinson|player_rush_yds|85.5,0.57805907,0.5,https://api.the-odds-api.com/v4/sports/americanfootball_nfl
2026,4,8bd90781e17e6d97df3941063cedae1e,2026-10-06T00:15:00Z,Underdog,underdog,2026-10-04T18:08:14Z,New Orleans Saints,Atlanta Falcons,Alvin Kamara,,,RB,player_rush_yds,Full Game,37.5,Over,-137,underdog|Alvin Kamara|player_rush_yds|37.5,0.57805907,0.5,https://api.the-odds-api.com/v4/sports/americanfootball_nfl
2026,4,8bd90781e17e6d97df3941063cedae1e,2026-10-06T00:15:00Z,Underdog,underdog,2026-10-04T18:08:14Z,New Orleans Saints,Atlanta Falcons,Alvin Kamara,,,RB,player_rush_yds,Full Game,37.5,Under,-137,underdog|Alvin Kamara|player_rush_yds|37.5,0.57805907,0.5,https://api.the-odds-api.com/v4/sports/americanfootball_nfl
2026,4,8bd90781e17e6d97df3941063cedae1e,2026-10-06T00:15:00Z,Underdog,underdog,2026-10-04T18:08:14Z,New Orleans Saints,Atlanta Falcons,Brian Robinson Jr.,,,RB,player_rush_yds,Full Game,29.5,Over,-137,underdog|Brian Robinson Jr.|player_rush_yds|29.5,0.57805907,0.5,https://api.the-odds-api.com/v4/sports/americanfootball_nfl
2026,4,8bd90781e17e6d97df3941063cedae1e,2026-10-06T00:15:00Z,Underdog,underdog,2026-10-04T18:08:14Z,New Orleans Saints,Atlanta Falcons,Brian Robinson Jr.,,,RB,player_rush_yds,Full Game,29.5,Under,-137,underdog|Brian Robinson Jr.|player_rush_yds|29.5,0.57805907,0.5,https://api.the-odds-api.com/v4/sports/americanfootball_nfl
2026,4,8bd90781e17e6d97df3941063cedae1e,2026-10-06T00:15:00Z,Underdog,underdog,2026-10-04T18:08:14Z,New Orleans Saints,Atlanta Falcons,Kendre Miller,,,RB,player_rush_yds,Full Game,25.5,Over,-137,underdog|Kendre Miller|player_rush_yds|25.5,0.57805907,0.5,https://api.the-odds-api.com/v4/sports/americanfootball_nfl
2026,4,8bd90781e17e6d97df3941063cedae1e,2026-10-06T00:15:00Z,Underdog,underdog,2026-10-04T18:08:14Z,New Orleans Saints,Atlanta Falcons,Kendre Miller,,,RB,player_rush_yds,Full Game,25.5,Under,-137,underdog|Kendre Miller|player_rush_yds|25.5,0.57805907,0.5,https://api.the-odds-api.com/v4/sports/americanfootball_nfl
2026,4,8bd90781e17e6d97df3941063cedae1e,2026-10-06T00:15:00Z,Underdog,underdog,2026-10-04T18:08:14Z,New Orleans Saints,Atlanta Falcons,Michael Penix Jr.,,,RB,player_rush_yds,Full Game,5.5,Over,-137,underdog|Michael Penix Jr.|player_rush_yds|5.5,0.57805907,0.5,https://api.the-odds-api.com/v4/sports/americanfootball_nfl
2026,4,8bd90781e17e6d97df3941063cedae1e,2026-10-06T00:15:00Z,Underdog,underdog,2026-10-04T18:08:14Z,New Orleans Saints,Atlanta Falcons,Michael Penix Jr.,,,RB,player_rush_yds,Full Game,5.5,Under,-137,underdog|Michael Penix Jr.|player_rush_yds|5.5,0.57805907,0.5,https://api.the-odds-api.com/v4/sports/americanfootball_nfl
2026,4,8bd90781e17e6d97df3941063cedae1e,2026-10-06T00:15:00Z,Underdog,underdog,2026-10-04T18:08:14Z,New Orleans Saints,Atlanta Falcons,Tyler Shough,,,RB,player_rush_yds,Full Game,16.5,Over,-137,underdog|Tyler Shough|player_rush_yds|16.5,0.57805907,0.5,https://api.the-odds-api.com/v4/sports/americanfootball_nfl
2026,4,8bd90781e17e6d97df3941063cedae1e,2026-10-06T00:15:00Z,Underdog,underdog,2026-10-04T18:08:14Z,New Orleans Saints,Atlanta Falcons,Tyler Shough,,,RB,player_rush_yds,Full Game,16.5,Under,-137,underdog|Tyler Shough|player_rush_yds|16.5,0.57805907,0.5,https://api.the-odds-api.com/v4/sports/americanfootball_nfl
